ISO-10303-21;
HEADER;
FILE_DESCRIPTION(('FreeCAD Model'),'2;1');
FILE_NAME('Open CASCADE Shape Model','2026-02-19T10:30:49',(''),(''),
  'Open CASCADE STEP processor 7.8','FreeCAD','Unknown');
FILE_SCHEMA(('AUTOMOTIVE_DESIGN { 1 0 10303 214 1 1 1 1 }'));
ENDSEC;
DATA;
#1 = APPLICATION_PROTOCOL_DEFINITION('international standard',
  'automotive_design',2000,#2);
#2 = APPLICATION_CONTEXT(
  'core data for automotive mechanical design processes');
#3 = SHAPE_DEFINITION_REPRESENTATION(#4,#10);
#4 = PRODUCT_DEFINITION_SHAPE('','',#5);
#5 = PRODUCT_DEFINITION('design','',#6,#9);
#6 = PRODUCT_DEFINITION_FORMATION('','',#7);
#7 = PRODUCT('a3541827-df1b-11f0-a096-a002a5e3bdbc001',
  'a3541827-df1b-11f0-a096-a002a5e3bdbc001','',(#8));
#8 = PRODUCT_CONTEXT('',#2,'mechanical');
#9 = PRODUCT_DEFINITION_CONTEXT('part definition',#2,'design');
#10 = SHAPE_REPRESENTATION('',(#11,#15),#19);
#11 = AXIS2_PLACEMENT_3D('',#12,#13,#14);
#12 = CARTESIAN_POINT('',(0.,0.,0.));
#13 = DIRECTION('',(0.,0.,1.));
#14 = DIRECTION('',(1.,0.,-0.));
#15 = AXIS2_PLACEMENT_3D('',#16,#17,#18);
#16 = CARTESIAN_POINT('',(0.,0.,0.));
#17 = DIRECTION('',(0.,0.,1.));
#18 = DIRECTION('',(1.,0.,0.));
#19 = ( GEOMETRIC_REPRESENTATION_CONTEXT(3) 
GLOBAL_UNCERTAINTY_ASSIGNED_CONTEXT((#23)) GLOBAL_UNIT_ASSIGNED_CONTEXT(
(#20,#21,#22)) REPRESENTATION_CONTEXT('Context #1',
  '3D Context with UNIT and UNCERTAINTY') );
#20 = ( LENGTH_UNIT() NAMED_UNIT(*) SI_UNIT(.MILLI.,.METRE.) );
#21 = ( NAMED_UNIT(*) PLANE_ANGLE_UNIT() SI_UNIT($,.RADIAN.) );
#22 = ( NAMED_UNIT(*) SI_UNIT($,.STERADIAN.) SOLID_ANGLE_UNIT() );
#23 = UNCERTAINTY_MEASURE_WITH_UNIT(LENGTH_MEASURE(1.E-05),#20,
  'distance_accuracy_value','confusion accuracy');
#24 = PRODUCT_RELATED_PRODUCT_CATEGORY('part',$,(#7));
#25 = SHAPE_DEFINITION_REPRESENTATION(#26,#32);
#26 = PRODUCT_DEFINITION_SHAPE('','',#27);
#27 = PRODUCT_DEFINITION('design','',#28,#31);
#28 = PRODUCT_DEFINITION_FORMATION('','',#29);
#29 = PRODUCT('a3541827-df1b-11f0-a096-a002a5e3bdbc',
  'a3541827-df1b-11f0-a096-a002a5e3bdbc','',(#30));
#30 = PRODUCT_CONTEXT('',#2,'mechanical');
#31 = PRODUCT_DEFINITION_CONTEXT('part definition',#2,'design');
#32 = SHAPE_REPRESENTATION('',(#11,#33,#37,#41),#45);
#33 = AXIS2_PLACEMENT_3D('',#34,#35,#36);
#34 = CARTESIAN_POINT('',(0.,0.,0.));
#35 = DIRECTION('',(0.,0.,1.));
#36 = DIRECTION('',(1.,0.,0.));
#37 = AXIS2_PLACEMENT_3D('',#38,#39,#40);
#38 = CARTESIAN_POINT('',(0.,0.,0.));
#39 = DIRECTION('',(0.,0.,1.));
#40 = DIRECTION('',(1.,0.,0.));
#41 = AXIS2_PLACEMENT_3D('',#42,#43,#44);
#42 = CARTESIAN_POINT('',(0.,0.,0.));
#43 = DIRECTION('',(0.,0.,1.));
#44 = DIRECTION('',(1.,0.,0.));
#45 = ( GEOMETRIC_REPRESENTATION_CONTEXT(3) 
GLOBAL_UNCERTAINTY_ASSIGNED_CONTEXT((#49)) GLOBAL_UNIT_ASSIGNED_CONTEXT(
(#46,#47,#48)) REPRESENTATION_CONTEXT('Context #1',
  '3D Context with UNIT and UNCERTAINTY') );
#46 = ( LENGTH_UNIT() NAMED_UNIT(*) SI_UNIT(.MILLI.,.METRE.) );
#47 = ( NAMED_UNIT(*) PLANE_ANGLE_UNIT() SI_UNIT($,.RADIAN.) );
#48 = ( NAMED_UNIT(*) SI_UNIT($,.STERADIAN.) SOLID_ANGLE_UNIT() );
#49 = UNCERTAINTY_MEASURE_WITH_UNIT(LENGTH_MEASURE(1.E-05),#46,
  'distance_accuracy_value','confusion accuracy');
#50 = CONTEXT_DEPENDENT_SHAPE_REPRESENTATION(#51,#53);
#51 = ( REPRESENTATION_RELATIONSHIP('','',#32,#10) 
REPRESENTATION_RELATIONSHIP_WITH_TRANSFORMATION(#52) 
SHAPE_REPRESENTATION_RELATIONSHIP() );
#52 = ITEM_DEFINED_TRANSFORMATION('','',#11,#15);
#53 = PRODUCT_DEFINITION_SHAPE('Placement','Placement of an item',#54);
#54 = NEXT_ASSEMBLY_USAGE_OCCURRENCE('25',
  'a3541827-df1b-11f0-a096-a002a5e3bdbc','',#5,#27,$);
#55 = PRODUCT_RELATED_PRODUCT_CATEGORY('part',$,(#29));
#56 = SHAPE_DEFINITION_REPRESENTATION(#57,#63);
#57 = PRODUCT_DEFINITION_SHAPE('','',#58);
#58 = PRODUCT_DEFINITION('design','',#59,#62);
#59 = PRODUCT_DEFINITION_FORMATION('','',#60);
#60 = PRODUCT('Holder','Holder','',(#61));
#61 = PRODUCT_CONTEXT('',#2,'mechanical');
#62 = PRODUCT_DEFINITION_CONTEXT('part definition',#2,'design');
#63 = SHAPE_REPRESENTATION('',(#11,#64),#68);
#64 = AXIS2_PLACEMENT_3D('',#65,#66,#67);
#65 = CARTESIAN_POINT('',(0.,0.,0.));
#66 = DIRECTION('',(1.,0.,-2.22044604925E-16));
#67 = DIRECTION('',(-2.22044604925E-16,0.,-1.));
#68 = ( GEOMETRIC_REPRESENTATION_CONTEXT(3) 
GLOBAL_UNCERTAINTY_ASSIGNED_CONTEXT((#72)) GLOBAL_UNIT_ASSIGNED_CONTEXT(
(#69,#70,#71)) REPRESENTATION_CONTEXT('Context #1',
  '3D Context with UNIT and UNCERTAINTY') );
#69 = ( LENGTH_UNIT() NAMED_UNIT(*) SI_UNIT(.MILLI.,.METRE.) );
#70 = ( NAMED_UNIT(*) PLANE_ANGLE_UNIT() SI_UNIT($,.RADIAN.) );
#71 = ( NAMED_UNIT(*) SI_UNIT($,.STERADIAN.) SOLID_ANGLE_UNIT() );
#72 = UNCERTAINTY_MEASURE_WITH_UNIT(LENGTH_MEASURE(1.E-07),#69,
  'distance_accuracy_value','confusion accuracy');
#73 = CONTEXT_DEPENDENT_SHAPE_REPRESENTATION(#74,#76);
#74 = ( REPRESENTATION_RELATIONSHIP('','',#63,#32) 
REPRESENTATION_RELATIONSHIP_WITH_TRANSFORMATION(#75) 
SHAPE_REPRESENTATION_RELATIONSHIP() );
#75 = ITEM_DEFINED_TRANSFORMATION('','',#11,#33);
#76 = PRODUCT_DEFINITION_SHAPE('Placement','Placement of an item',#77);
#77 = NEXT_ASSEMBLY_USAGE_OCCURRENCE('2','Holder','',#27,#58,$);
#78 = PRODUCT_RELATED_PRODUCT_CATEGORY('part',$,(#60));
#79 = SHAPE_DEFINITION_REPRESENTATION(#80,#86);
#80 = PRODUCT_DEFINITION_SHAPE('','',#81);
#81 = PRODUCT_DEFINITION('design','',#82,#85);
#82 = PRODUCT_DEFINITION_FORMATION('','',#83);
#83 = PRODUCT('Holder_part','Holder_part','',(#84));
#84 = PRODUCT_CONTEXT('',#2,'mechanical');
#85 = PRODUCT_DEFINITION_CONTEXT('part definition',#2,'design');
#86 = ADVANCED_BREP_SHAPE_REPRESENTATION('',(#11,#87),#991);
#87 = MANIFOLD_SOLID_BREP('',#88);
#88 = CLOSED_SHELL('',(#89,#129,#338,#362,#413,#446,#471,#495,#520,#544,
    #568,#593,#617,#642,#666,#690,#715,#739,#764,#788,#812,#829,#841,
    #866,#891,#916,#941,#958));
#89 = ADVANCED_FACE('',(#90),#124,.F.);
#90 = FACE_BOUND('',#91,.F.);
#91 = EDGE_LOOP('',(#92,#102,#110,#118));
#92 = ORIENTED_EDGE('',*,*,#93,.F.);
#93 = EDGE_CURVE('',#94,#96,#98,.T.);
#94 = VERTEX_POINT('',#95);
#95 = CARTESIAN_POINT('',(-7.75,-7.3,5.));
#96 = VERTEX_POINT('',#97);
#97 = CARTESIAN_POINT('',(-7.75,4.5,5.));
#98 = LINE('',#99,#100);
#99 = CARTESIAN_POINT('',(-7.75,-7.5,5.));
#100 = VECTOR('',#101,1.);
#101 = DIRECTION('',(0.,1.,0.));
#102 = ORIENTED_EDGE('',*,*,#103,.F.);
#103 = EDGE_CURVE('',#104,#94,#106,.T.);
#104 = VERTEX_POINT('',#105);
#105 = CARTESIAN_POINT('',(-7.75,-7.3,-5.));
#106 = LINE('',#107,#108);
#107 = CARTESIAN_POINT('',(-7.75,-7.3,-5.));
#108 = VECTOR('',#109,1.);
#109 = DIRECTION('',(0.,0.,1.));
#110 = ORIENTED_EDGE('',*,*,#111,.T.);
#111 = EDGE_CURVE('',#104,#112,#114,.T.);
#112 = VERTEX_POINT('',#113);
#113 = CARTESIAN_POINT('',(-7.75,4.5,-5.));
#114 = LINE('',#115,#116);
#115 = CARTESIAN_POINT('',(-7.75,-7.5,-5.));
#116 = VECTOR('',#117,1.);
#117 = DIRECTION('',(0.,1.,0.));
#118 = ORIENTED_EDGE('',*,*,#119,.F.);
#119 = EDGE_CURVE('',#96,#112,#120,.T.);
#120 = LINE('',#121,#122);
#121 = CARTESIAN_POINT('',(-7.75,4.5,5.));
#122 = VECTOR('',#123,1.);
#123 = DIRECTION('',(0.,0.,-1.));
#124 = PLANE('',#125);
#125 = AXIS2_PLACEMENT_3D('',#126,#127,#128);
#126 = CARTESIAN_POINT('',(-7.75,-7.5,-5.));
#127 = DIRECTION('',(1.,0.,0.));
#128 = DIRECTION('',(0.,0.,1.));
#129 = ADVANCED_FACE('',(#130,#289,#300,#311,#322),#333,.T.);
#130 = FACE_BOUND('',#131,.T.);
#131 = EDGE_LOOP('',(#132,#133,#141,#149,#157,#165,#173,#182,#190,#199,
    #207,#215,#224,#232,#241,#249,#257,#266,#274,#283));
#132 = ORIENTED_EDGE('',*,*,#93,.F.);
#133 = ORIENTED_EDGE('',*,*,#134,.T.);
#134 = EDGE_CURVE('',#94,#135,#137,.T.);
#135 = VERTEX_POINT('',#136);
#136 = CARTESIAN_POINT('',(-7.55,-7.5,5.));
#137 = LINE('',#138,#139);
#138 = CARTESIAN_POINT('',(-7.65,-7.4,5.));
#139 = VECTOR('',#140,1.);
#140 = DIRECTION('',(0.707106781187,-0.707106781187,0.));
#141 = ORIENTED_EDGE('',*,*,#142,.T.);
#142 = EDGE_CURVE('',#135,#143,#145,.T.);
#143 = VERTEX_POINT('',#144);
#144 = CARTESIAN_POINT('',(7.55,-7.5,5.));
#145 = LINE('',#146,#147);
#146 = CARTESIAN_POINT('',(-7.75,-7.5,5.));
#147 = VECTOR('',#148,1.);
#148 = DIRECTION('',(1.,0.,0.));
#149 = ORIENTED_EDGE('',*,*,#150,.F.);
#150 = EDGE_CURVE('',#151,#143,#153,.T.);
#151 = VERTEX_POINT('',#152);
#152 = CARTESIAN_POINT('',(7.75,-7.3,5.));
#153 = LINE('',#154,#155);
#154 = CARTESIAN_POINT('',(3.775,-11.275,5.));
#155 = VECTOR('',#156,1.);
#156 = DIRECTION('',(-0.707106781187,-0.707106781187,0.));
#157 = ORIENTED_EDGE('',*,*,#158,.T.);
#158 = EDGE_CURVE('',#151,#159,#161,.T.);
#159 = VERTEX_POINT('',#160);
#160 = CARTESIAN_POINT('',(7.75,8.5,5.));
#161 = LINE('',#162,#163);
#162 = CARTESIAN_POINT('',(7.75,-7.5,5.));
#163 = VECTOR('',#164,1.);
#164 = DIRECTION('',(0.,1.,0.));
#165 = ORIENTED_EDGE('',*,*,#166,.F.);
#166 = EDGE_CURVE('',#167,#159,#169,.T.);
#167 = VERTEX_POINT('',#168);
#168 = CARTESIAN_POINT('',(-5.25,8.5,5.));
#169 = LINE('',#170,#171);
#170 = CARTESIAN_POINT('',(-5.75,8.5,5.));
#171 = VECTOR('',#172,1.);
#172 = DIRECTION('',(1.,0.,0.));
#173 = ORIENTED_EDGE('',*,*,#174,.F.);
#174 = EDGE_CURVE('',#175,#167,#177,.T.);
#175 = VERTEX_POINT('',#176);
#176 = CARTESIAN_POINT('',(-5.75,9.,5.));
#177 = CIRCLE('',#178,0.5);
#178 = AXIS2_PLACEMENT_3D('',#179,#180,#181);
#179 = CARTESIAN_POINT('',(-5.25,9.,5.));
#180 = DIRECTION('',(0.,0.,1.));
#181 = DIRECTION('',(0.,-1.,0.));
#182 = ORIENTED_EDGE('',*,*,#183,.T.);
#183 = EDGE_CURVE('',#175,#184,#186,.T.);
#184 = VERTEX_POINT('',#185);
#185 = CARTESIAN_POINT('',(-5.75,10.,5.));
#186 = LINE('',#187,#188);
#187 = CARTESIAN_POINT('',(-5.75,8.5,5.));
#188 = VECTOR('',#189,1.);
#189 = DIRECTION('',(0.,1.,0.));
#190 = ORIENTED_EDGE('',*,*,#191,.T.);
#191 = EDGE_CURVE('',#184,#192,#194,.T.);
#192 = VERTEX_POINT('',#193);
#193 = CARTESIAN_POINT('',(-5.25,10.5,5.));
#194 = CIRCLE('',#195,0.5);
#195 = AXIS2_PLACEMENT_3D('',#196,#197,#198);
#196 = CARTESIAN_POINT('',(-5.25,10.,5.));
#197 = DIRECTION('',(-0.,-0.,-1.));
#198 = DIRECTION('',(0.,-1.,0.));
#199 = ORIENTED_EDGE('',*,*,#200,.T.);
#200 = EDGE_CURVE('',#192,#201,#203,.T.);
#201 = VERTEX_POINT('',#202);
#202 = CARTESIAN_POINT('',(7.75,10.5,5.));
#203 = LINE('',#204,#205);
#204 = CARTESIAN_POINT('',(-5.75,10.5,5.));
#205 = VECTOR('',#206,1.);
#206 = DIRECTION('',(1.,0.,0.));
#207 = ORIENTED_EDGE('',*,*,#208,.T.);
#208 = EDGE_CURVE('',#201,#209,#211,.T.);
#209 = VERTEX_POINT('',#210);
#210 = CARTESIAN_POINT('',(7.75,19.,5.));
#211 = LINE('',#212,#213);
#212 = CARTESIAN_POINT('',(7.75,-7.5,5.));
#213 = VECTOR('',#214,1.);
#214 = DIRECTION('',(0.,1.,0.));
#215 = ORIENTED_EDGE('',*,*,#216,.F.);
#216 = EDGE_CURVE('',#217,#209,#219,.T.);
#217 = VERTEX_POINT('',#218);
#218 = CARTESIAN_POINT('',(6.25,20.5,5.));
#219 = CIRCLE('',#220,1.5);
#220 = AXIS2_PLACEMENT_3D('',#221,#222,#223);
#221 = CARTESIAN_POINT('',(6.25,19.,5.));
#222 = DIRECTION('',(-0.,-0.,-1.));
#223 = DIRECTION('',(0.,-1.,0.));
#224 = ORIENTED_EDGE('',*,*,#225,.F.);
#225 = EDGE_CURVE('',#226,#217,#228,.T.);
#226 = VERTEX_POINT('',#227);
#227 = CARTESIAN_POINT('',(-6.25,20.5,5.));
#228 = LINE('',#229,#230);
#229 = CARTESIAN_POINT('',(-7.75,20.5,5.));
#230 = VECTOR('',#231,1.);
#231 = DIRECTION('',(1.,0.,0.));
#232 = ORIENTED_EDGE('',*,*,#233,.F.);
#233 = EDGE_CURVE('',#234,#226,#236,.T.);
#234 = VERTEX_POINT('',#235);
#235 = CARTESIAN_POINT('',(-7.75,19.,5.));
#236 = CIRCLE('',#237,1.5);
#237 = AXIS2_PLACEMENT_3D('',#238,#239,#240);
#238 = CARTESIAN_POINT('',(-6.25,19.,5.));
#239 = DIRECTION('',(-0.,-0.,-1.));
#240 = DIRECTION('',(0.,-1.,0.));
#241 = ORIENTED_EDGE('',*,*,#242,.F.);
#242 = EDGE_CURVE('',#243,#234,#245,.T.);
#243 = VERTEX_POINT('',#244);
#244 = CARTESIAN_POINT('',(-7.75,6.5,5.));
#245 = LINE('',#246,#247);
#246 = CARTESIAN_POINT('',(-7.75,-7.5,5.));
#247 = VECTOR('',#248,1.);
#248 = DIRECTION('',(0.,1.,0.));
#249 = ORIENTED_EDGE('',*,*,#250,.T.);
#250 = EDGE_CURVE('',#243,#251,#253,.T.);
#251 = VERTEX_POINT('',#252);
#252 = CARTESIAN_POINT('',(5.25,6.5,5.));
#253 = LINE('',#254,#255);
#254 = CARTESIAN_POINT('',(-7.75,6.5,5.));
#255 = VECTOR('',#256,1.);
#256 = DIRECTION('',(1.,0.,0.));
#257 = ORIENTED_EDGE('',*,*,#258,.F.);
#258 = EDGE_CURVE('',#259,#251,#261,.T.);
#259 = VERTEX_POINT('',#260);
#260 = CARTESIAN_POINT('',(5.75,6.,5.));
#261 = CIRCLE('',#262,0.5);
#262 = AXIS2_PLACEMENT_3D('',#263,#264,#265);
#263 = CARTESIAN_POINT('',(5.25,6.,5.));
#264 = DIRECTION('',(0.,0.,1.));
#265 = DIRECTION('',(0.,-1.,0.));
#266 = ORIENTED_EDGE('',*,*,#267,.F.);
#267 = EDGE_CURVE('',#268,#259,#270,.T.);
#268 = VERTEX_POINT('',#269);
#269 = CARTESIAN_POINT('',(5.75,5.,5.));
#270 = LINE('',#271,#272);
#271 = CARTESIAN_POINT('',(5.75,4.5,5.));
#272 = VECTOR('',#273,1.);
#273 = DIRECTION('',(0.,1.,0.));
#274 = ORIENTED_EDGE('',*,*,#275,.T.);
#275 = EDGE_CURVE('',#268,#276,#278,.T.);
#276 = VERTEX_POINT('',#277);
#277 = CARTESIAN_POINT('',(5.25,4.5,5.));
#278 = CIRCLE('',#279,0.5);
#279 = AXIS2_PLACEMENT_3D('',#280,#281,#282);
#280 = CARTESIAN_POINT('',(5.25,5.,5.));
#281 = DIRECTION('',(-0.,-0.,-1.));
#282 = DIRECTION('',(0.,-1.,0.));
#283 = ORIENTED_EDGE('',*,*,#284,.F.);
#284 = EDGE_CURVE('',#96,#276,#285,.T.);
#285 = LINE('',#286,#287);
#286 = CARTESIAN_POINT('',(-7.75,4.5,5.));
#287 = VECTOR('',#288,1.);
#288 = DIRECTION('',(1.,0.,0.));
#289 = FACE_BOUND('',#290,.T.);
#290 = EDGE_LOOP('',(#291));
#291 = ORIENTED_EDGE('',*,*,#292,.T.);
#292 = EDGE_CURVE('',#293,#293,#295,.T.);
#293 = VERTEX_POINT('',#294);
#294 = CARTESIAN_POINT('',(3.,0.,5.));
#295 = CIRCLE('',#296,3.);
#296 = AXIS2_PLACEMENT_3D('',#297,#298,#299);
#297 = CARTESIAN_POINT('',(0.,0.,5.));
#298 = DIRECTION('',(0.,0.,-1.));
#299 = DIRECTION('',(1.,0.,0.));
#300 = FACE_BOUND('',#301,.T.);
#301 = EDGE_LOOP('',(#302));
#302 = ORIENTED_EDGE('',*,*,#303,.T.);
#303 = EDGE_CURVE('',#304,#304,#306,.T.);
#304 = VERTEX_POINT('',#305);
#305 = CARTESIAN_POINT('',(-3.631538935183,17.363091308703,5.));
#306 = CIRCLE('',#307,0.9);
#307 = AXIS2_PLACEMENT_3D('',#308,#309,#310);
#308 = CARTESIAN_POINT('',(-4.531538935183,17.363091308703,5.));
#309 = DIRECTION('',(0.,0.,-1.));
#310 = DIRECTION('',(1.,0.,0.));
#311 = FACE_BOUND('',#312,.T.);
#312 = EDGE_LOOP('',(#313));
#313 = ORIENTED_EDGE('',*,*,#314,.T.);
#314 = EDGE_CURVE('',#315,#315,#317,.T.);
#315 = VERTEX_POINT('',#316);
#316 = CARTESIAN_POINT('',(5.431538935183,13.136908691297,5.));
#317 = CIRCLE('',#318,0.9);
#318 = AXIS2_PLACEMENT_3D('',#319,#320,#321);
#319 = CARTESIAN_POINT('',(4.531538935183,13.136908691297,5.));
#320 = DIRECTION('',(0.,0.,-1.));
#321 = DIRECTION('',(1.,0.,0.));
#322 = FACE_BOUND('',#323,.T.);
#323 = EDGE_LOOP('',(#324));
#324 = ORIENTED_EDGE('',*,*,#325,.T.);
#325 = EDGE_CURVE('',#326,#326,#328,.T.);
#326 = VERTEX_POINT('',#327);
#327 = CARTESIAN_POINT('',(3.75,15.25,5.));
#328 = CIRCLE('',#329,3.75);
#329 = AXIS2_PLACEMENT_3D('',#330,#331,#332);
#330 = CARTESIAN_POINT('',(0.,15.25,5.));
#331 = DIRECTION('',(0.,0.,-1.));
#332 = DIRECTION('',(1.,0.,0.));
#333 = PLANE('',#334);
#334 = AXIS2_PLACEMENT_3D('',#335,#336,#337);
#335 = CARTESIAN_POINT('',(-7.75,-7.5,5.));
#336 = DIRECTION('',(0.,0.,1.));
#337 = DIRECTION('',(1.,0.,-0.));
#338 = ADVANCED_FACE('',(#339),#357,.T.);
#339 = FACE_BOUND('',#340,.F.);
#340 = EDGE_LOOP('',(#341,#349,#350,#351));
#341 = ORIENTED_EDGE('',*,*,#342,.F.);
#342 = EDGE_CURVE('',#104,#343,#345,.T.);
#343 = VERTEX_POINT('',#344);
#344 = CARTESIAN_POINT('',(-7.55,-7.5,-5.));
#345 = LINE('',#346,#347);
#346 = CARTESIAN_POINT('',(-7.65,-7.4,-5.));
#347 = VECTOR('',#348,1.);
#348 = DIRECTION('',(0.707106781187,-0.707106781187,0.));
#349 = ORIENTED_EDGE('',*,*,#103,.T.);
#350 = ORIENTED_EDGE('',*,*,#134,.T.);
#351 = ORIENTED_EDGE('',*,*,#352,.F.);
#352 = EDGE_CURVE('',#343,#135,#353,.T.);
#353 = LINE('',#354,#355);
#354 = CARTESIAN_POINT('',(-7.55,-7.5,-5.));
#355 = VECTOR('',#356,1.);
#356 = DIRECTION('',(0.,0.,1.));
#357 = PLANE('',#358);
#358 = AXIS2_PLACEMENT_3D('',#359,#360,#361);
#359 = CARTESIAN_POINT('',(-7.65,-7.4,-5.));
#360 = DIRECTION('',(-0.707106781187,-0.707106781187,-1.735417226644E-18
    ));
#361 = DIRECTION('',(1.227125289148E-18,1.227125289148E-18,-1.));
#362 = ADVANCED_FACE('',(#363,#397),#408,.F.);
#363 = FACE_BOUND('',#364,.F.);
#364 = EDGE_LOOP('',(#365,#366,#367,#375,#383,#391));
#365 = ORIENTED_EDGE('',*,*,#111,.F.);
#366 = ORIENTED_EDGE('',*,*,#342,.T.);
#367 = ORIENTED_EDGE('',*,*,#368,.T.);
#368 = EDGE_CURVE('',#343,#369,#371,.T.);
#369 = VERTEX_POINT('',#370);
#370 = CARTESIAN_POINT('',(7.55,-7.5,-5.));
#371 = LINE('',#372,#373);
#372 = CARTESIAN_POINT('',(-7.75,-7.5,-5.));
#373 = VECTOR('',#374,1.);
#374 = DIRECTION('',(1.,0.,0.));
#375 = ORIENTED_EDGE('',*,*,#376,.F.);
#376 = EDGE_CURVE('',#377,#369,#379,.T.);
#377 = VERTEX_POINT('',#378);
#378 = CARTESIAN_POINT('',(7.75,-7.3,-5.));
#379 = LINE('',#380,#381);
#380 = CARTESIAN_POINT('',(3.775,-11.275,-5.));
#381 = VECTOR('',#382,1.);
#382 = DIRECTION('',(-0.707106781187,-0.707106781187,0.));
#383 = ORIENTED_EDGE('',*,*,#384,.T.);
#384 = EDGE_CURVE('',#377,#385,#387,.T.);
#385 = VERTEX_POINT('',#386);
#386 = CARTESIAN_POINT('',(7.75,4.5,-5.));
#387 = LINE('',#388,#389);
#388 = CARTESIAN_POINT('',(7.75,-7.5,-5.));
#389 = VECTOR('',#390,1.);
#390 = DIRECTION('',(0.,1.,0.));
#391 = ORIENTED_EDGE('',*,*,#392,.F.);
#392 = EDGE_CURVE('',#112,#385,#393,.T.);
#393 = LINE('',#394,#395);
#394 = CARTESIAN_POINT('',(-7.75,4.5,-5.));
#395 = VECTOR('',#396,1.);
#396 = DIRECTION('',(1.,0.,0.));
#397 = FACE_BOUND('',#398,.F.);
#398 = EDGE_LOOP('',(#399));
#399 = ORIENTED_EDGE('',*,*,#400,.F.);
#400 = EDGE_CURVE('',#401,#401,#403,.T.);
#401 = VERTEX_POINT('',#402);
#402 = CARTESIAN_POINT('',(3.,0.,-5.));
#403 = CIRCLE('',#404,3.);
#404 = AXIS2_PLACEMENT_3D('',#405,#406,#407);
#405 = CARTESIAN_POINT('',(0.,0.,-5.));
#406 = DIRECTION('',(0.,0.,1.));
#407 = DIRECTION('',(1.,0.,-0.));
#408 = PLANE('',#409);
#409 = AXIS2_PLACEMENT_3D('',#410,#411,#412);
#410 = CARTESIAN_POINT('',(-7.75,-7.5,-5.));
#411 = DIRECTION('',(0.,0.,1.));
#412 = DIRECTION('',(1.,0.,-0.));
#413 = ADVANCED_FACE('',(#414),#441,.T.);
#414 = FACE_BOUND('',#415,.T.);
#415 = EDGE_LOOP('',(#416,#424,#432,#438,#439,#440));
#416 = ORIENTED_EDGE('',*,*,#417,.F.);
#417 = EDGE_CURVE('',#418,#276,#420,.T.);
#418 = VERTEX_POINT('',#419);
#419 = CARTESIAN_POINT('',(5.25,4.5,3.));
#420 = LINE('',#421,#422);
#421 = CARTESIAN_POINT('',(5.25,4.5,3.));
#422 = VECTOR('',#423,1.);
#423 = DIRECTION('',(0.,0.,1.));
#424 = ORIENTED_EDGE('',*,*,#425,.T.);
#425 = EDGE_CURVE('',#418,#426,#428,.T.);
#426 = VERTEX_POINT('',#427);
#427 = CARTESIAN_POINT('',(7.75,4.5,3.));
#428 = LINE('',#429,#430);
#429 = CARTESIAN_POINT('',(-7.75,4.5,3.));
#430 = VECTOR('',#431,1.);
#431 = DIRECTION('',(1.,0.,0.));
#432 = ORIENTED_EDGE('',*,*,#433,.F.);
#433 = EDGE_CURVE('',#385,#426,#434,.T.);
#434 = LINE('',#435,#436);
#435 = CARTESIAN_POINT('',(7.75,4.5,-5.));
#436 = VECTOR('',#437,1.);
#437 = DIRECTION('',(0.,0.,1.));
#438 = ORIENTED_EDGE('',*,*,#392,.F.);
#439 = ORIENTED_EDGE('',*,*,#119,.F.);
#440 = ORIENTED_EDGE('',*,*,#284,.T.);
#441 = PLANE('',#442);
#442 = AXIS2_PLACEMENT_3D('',#443,#444,#445);
#443 = CARTESIAN_POINT('',(-7.75,4.5,3.));
#444 = DIRECTION('',(0.,1.,0.));
#445 = DIRECTION('',(0.,-0.,1.));
#446 = ADVANCED_FACE('',(#447),#466,.F.);
#447 = FACE_BOUND('',#448,.F.);
#448 = EDGE_LOOP('',(#449,#457,#458,#459));
#449 = ORIENTED_EDGE('',*,*,#450,.T.);
#450 = EDGE_CURVE('',#451,#268,#453,.T.);
#451 = VERTEX_POINT('',#452);
#452 = CARTESIAN_POINT('',(5.75,5.,3.));
#453 = LINE('',#454,#455);
#454 = CARTESIAN_POINT('',(5.75,5.,3.));
#455 = VECTOR('',#456,1.);
#456 = DIRECTION('',(0.,0.,1.));
#457 = ORIENTED_EDGE('',*,*,#275,.T.);
#458 = ORIENTED_EDGE('',*,*,#417,.F.);
#459 = ORIENTED_EDGE('',*,*,#460,.F.);
#460 = EDGE_CURVE('',#451,#418,#461,.T.);
#461 = CIRCLE('',#462,0.5);
#462 = AXIS2_PLACEMENT_3D('',#463,#464,#465);
#463 = CARTESIAN_POINT('',(5.25,5.,3.));
#464 = DIRECTION('',(-0.,-0.,-1.));
#465 = DIRECTION('',(0.,-1.,0.));
#466 = CYLINDRICAL_SURFACE('',#467,0.5);
#467 = AXIS2_PLACEMENT_3D('',#468,#469,#470);
#468 = CARTESIAN_POINT('',(5.25,5.,3.));
#469 = DIRECTION('',(0.,0.,1.));
#470 = DIRECTION('',(1.,0.,-0.));
#471 = ADVANCED_FACE('',(#472),#490,.F.);
#472 = FACE_BOUND('',#473,.F.);
#473 = EDGE_LOOP('',(#474,#475,#476,#484));
#474 = ORIENTED_EDGE('',*,*,#267,.F.);
#475 = ORIENTED_EDGE('',*,*,#450,.F.);
#476 = ORIENTED_EDGE('',*,*,#477,.T.);
#477 = EDGE_CURVE('',#451,#478,#480,.T.);
#478 = VERTEX_POINT('',#479);
#479 = CARTESIAN_POINT('',(5.75,6.,3.));
#480 = LINE('',#481,#482);
#481 = CARTESIAN_POINT('',(5.75,4.5,3.));
#482 = VECTOR('',#483,1.);
#483 = DIRECTION('',(0.,1.,0.));
#484 = ORIENTED_EDGE('',*,*,#485,.T.);
#485 = EDGE_CURVE('',#478,#259,#486,.T.);
#486 = LINE('',#487,#488);
#487 = CARTESIAN_POINT('',(5.75,6.,3.));
#488 = VECTOR('',#489,1.);
#489 = DIRECTION('',(0.,0.,1.));
#490 = PLANE('',#491);
#491 = AXIS2_PLACEMENT_3D('',#492,#493,#494);
#492 = CARTESIAN_POINT('',(5.75,4.5,3.));
#493 = DIRECTION('',(1.,0.,0.));
#494 = DIRECTION('',(0.,0.,1.));
#495 = ADVANCED_FACE('',(#496),#515,.F.);
#496 = FACE_BOUND('',#497,.F.);
#497 = EDGE_LOOP('',(#498,#507,#513,#514));
#498 = ORIENTED_EDGE('',*,*,#499,.T.);
#499 = EDGE_CURVE('',#478,#500,#502,.T.);
#500 = VERTEX_POINT('',#501);
#501 = CARTESIAN_POINT('',(5.25,6.5,3.));
#502 = CIRCLE('',#503,0.5);
#503 = AXIS2_PLACEMENT_3D('',#504,#505,#506);
#504 = CARTESIAN_POINT('',(5.25,6.,3.));
#505 = DIRECTION('',(0.,0.,1.));
#506 = DIRECTION('',(0.,-1.,0.));
#507 = ORIENTED_EDGE('',*,*,#508,.T.);
#508 = EDGE_CURVE('',#500,#251,#509,.T.);
#509 = LINE('',#510,#511);
#510 = CARTESIAN_POINT('',(5.25,6.5,3.));
#511 = VECTOR('',#512,1.);
#512 = DIRECTION('',(0.,0.,1.));
#513 = ORIENTED_EDGE('',*,*,#258,.F.);
#514 = ORIENTED_EDGE('',*,*,#485,.F.);
#515 = CYLINDRICAL_SURFACE('',#516,0.5);
#516 = AXIS2_PLACEMENT_3D('',#517,#518,#519);
#517 = CARTESIAN_POINT('',(5.25,6.,3.));
#518 = DIRECTION('',(0.,0.,1.));
#519 = DIRECTION('',(1.,0.,-0.));
#520 = ADVANCED_FACE('',(#521),#539,.F.);
#521 = FACE_BOUND('',#522,.F.);
#522 = EDGE_LOOP('',(#523,#531,#537,#538));
#523 = ORIENTED_EDGE('',*,*,#524,.F.);
#524 = EDGE_CURVE('',#525,#500,#527,.T.);
#525 = VERTEX_POINT('',#526);
#526 = CARTESIAN_POINT('',(-7.75,6.5,3.));
#527 = LINE('',#528,#529);
#528 = CARTESIAN_POINT('',(-7.75,6.5,3.));
#529 = VECTOR('',#530,1.);
#530 = DIRECTION('',(1.,0.,0.));
#531 = ORIENTED_EDGE('',*,*,#532,.T.);
#532 = EDGE_CURVE('',#525,#243,#533,.T.);
#533 = LINE('',#534,#535);
#534 = CARTESIAN_POINT('',(-7.75,6.5,3.));
#535 = VECTOR('',#536,1.);
#536 = DIRECTION('',(0.,0.,1.));
#537 = ORIENTED_EDGE('',*,*,#250,.T.);
#538 = ORIENTED_EDGE('',*,*,#508,.F.);
#539 = PLANE('',#540);
#540 = AXIS2_PLACEMENT_3D('',#541,#542,#543);
#541 = CARTESIAN_POINT('',(-7.75,6.5,3.));
#542 = DIRECTION('',(0.,1.,0.));
#543 = DIRECTION('',(0.,-0.,1.));
#544 = ADVANCED_FACE('',(#545),#563,.F.);
#545 = FACE_BOUND('',#546,.F.);
#546 = EDGE_LOOP('',(#547,#548,#549,#557));
#547 = ORIENTED_EDGE('',*,*,#242,.F.);
#548 = ORIENTED_EDGE('',*,*,#532,.F.);
#549 = ORIENTED_EDGE('',*,*,#550,.T.);
#550 = EDGE_CURVE('',#525,#551,#553,.T.);
#551 = VERTEX_POINT('',#552);
#552 = CARTESIAN_POINT('',(-7.75,19.,3.));
#553 = LINE('',#554,#555);
#554 = CARTESIAN_POINT('',(-7.75,4.5,3.));
#555 = VECTOR('',#556,1.);
#556 = DIRECTION('',(0.,1.,0.));
#557 = ORIENTED_EDGE('',*,*,#558,.T.);
#558 = EDGE_CURVE('',#551,#234,#559,.T.);
#559 = LINE('',#560,#561);
#560 = CARTESIAN_POINT('',(-7.75,19.,3.));
#561 = VECTOR('',#562,1.);
#562 = DIRECTION('',(0.,0.,1.));
#563 = PLANE('',#564);
#564 = AXIS2_PLACEMENT_3D('',#565,#566,#567);
#565 = CARTESIAN_POINT('',(-7.75,-7.5,-5.));
#566 = DIRECTION('',(1.,0.,0.));
#567 = DIRECTION('',(0.,0.,1.));
#568 = ADVANCED_FACE('',(#569),#588,.T.);
#569 = FACE_BOUND('',#570,.T.);
#570 = EDGE_LOOP('',(#571,#572,#573,#581));
#571 = ORIENTED_EDGE('',*,*,#558,.T.);
#572 = ORIENTED_EDGE('',*,*,#233,.T.);
#573 = ORIENTED_EDGE('',*,*,#574,.F.);
#574 = EDGE_CURVE('',#575,#226,#577,.T.);
#575 = VERTEX_POINT('',#576);
#576 = CARTESIAN_POINT('',(-6.25,20.5,3.));
#577 = LINE('',#578,#579);
#578 = CARTESIAN_POINT('',(-6.25,20.5,3.));
#579 = VECTOR('',#580,1.);
#580 = DIRECTION('',(0.,0.,1.));
#581 = ORIENTED_EDGE('',*,*,#582,.F.);
#582 = EDGE_CURVE('',#551,#575,#583,.T.);
#583 = CIRCLE('',#584,1.5);
#584 = AXIS2_PLACEMENT_3D('',#585,#586,#587);
#585 = CARTESIAN_POINT('',(-6.25,19.,3.));
#586 = DIRECTION('',(-0.,-0.,-1.));
#587 = DIRECTION('',(0.,-1.,0.));
#588 = CYLINDRICAL_SURFACE('',#589,1.5);
#589 = AXIS2_PLACEMENT_3D('',#590,#591,#592);
#590 = CARTESIAN_POINT('',(-6.25,19.,3.));
#591 = DIRECTION('',(0.,0.,1.));
#592 = DIRECTION('',(-1.,-0.,0.));
#593 = ADVANCED_FACE('',(#594),#612,.T.);
#594 = FACE_BOUND('',#595,.T.);
#595 = EDGE_LOOP('',(#596,#597,#605,#611));
#596 = ORIENTED_EDGE('',*,*,#225,.T.);
#597 = ORIENTED_EDGE('',*,*,#598,.F.);
#598 = EDGE_CURVE('',#599,#217,#601,.T.);
#599 = VERTEX_POINT('',#600);
#600 = CARTESIAN_POINT('',(6.25,20.5,3.));
#601 = LINE('',#602,#603);
#602 = CARTESIAN_POINT('',(6.25,20.5,3.));
#603 = VECTOR('',#604,1.);
#604 = DIRECTION('',(0.,0.,1.));
#605 = ORIENTED_EDGE('',*,*,#606,.F.);
#606 = EDGE_CURVE('',#575,#599,#607,.T.);
#607 = LINE('',#608,#609);
#608 = CARTESIAN_POINT('',(-7.75,20.5,3.));
#609 = VECTOR('',#610,1.);
#610 = DIRECTION('',(1.,0.,0.));
#611 = ORIENTED_EDGE('',*,*,#574,.T.);
#612 = PLANE('',#613);
#613 = AXIS2_PLACEMENT_3D('',#614,#615,#616);
#614 = CARTESIAN_POINT('',(-7.75,20.5,-5.));
#615 = DIRECTION('',(0.,1.,0.));
#616 = DIRECTION('',(0.,-0.,1.));
#617 = ADVANCED_FACE('',(#618),#637,.T.);
#618 = FACE_BOUND('',#619,.T.);
#619 = EDGE_LOOP('',(#620,#621,#622,#630));
#620 = ORIENTED_EDGE('',*,*,#598,.T.);
#621 = ORIENTED_EDGE('',*,*,#216,.T.);
#622 = ORIENTED_EDGE('',*,*,#623,.F.);
#623 = EDGE_CURVE('',#624,#209,#626,.T.);
#624 = VERTEX_POINT('',#625);
#625 = CARTESIAN_POINT('',(7.75,19.,3.));
#626 = LINE('',#627,#628);
#627 = CARTESIAN_POINT('',(7.75,19.,3.));
#628 = VECTOR('',#629,1.);
#629 = DIRECTION('',(0.,0.,1.));
#630 = ORIENTED_EDGE('',*,*,#631,.F.);
#631 = EDGE_CURVE('',#599,#624,#632,.T.);
#632 = CIRCLE('',#633,1.5);
#633 = AXIS2_PLACEMENT_3D('',#634,#635,#636);
#634 = CARTESIAN_POINT('',(6.25,19.,3.));
#635 = DIRECTION('',(-0.,-0.,-1.));
#636 = DIRECTION('',(0.,-1.,0.));
#637 = CYLINDRICAL_SURFACE('',#638,1.5);
#638 = AXIS2_PLACEMENT_3D('',#639,#640,#641);
#639 = CARTESIAN_POINT('',(6.25,19.,3.));
#640 = DIRECTION('',(0.,0.,1.));
#641 = DIRECTION('',(0.,1.,0.));
#642 = ADVANCED_FACE('',(#643),#661,.T.);
#643 = FACE_BOUND('',#644,.T.);
#644 = EDGE_LOOP('',(#645,#646,#654,#660));
#645 = ORIENTED_EDGE('',*,*,#208,.F.);
#646 = ORIENTED_EDGE('',*,*,#647,.F.);
#647 = EDGE_CURVE('',#648,#201,#650,.T.);
#648 = VERTEX_POINT('',#649);
#649 = CARTESIAN_POINT('',(7.75,10.5,3.));
#650 = LINE('',#651,#652);
#651 = CARTESIAN_POINT('',(7.75,10.5,3.));
#652 = VECTOR('',#653,1.);
#653 = DIRECTION('',(0.,0.,1.));
#654 = ORIENTED_EDGE('',*,*,#655,.T.);
#655 = EDGE_CURVE('',#648,#624,#656,.T.);
#656 = LINE('',#657,#658);
#657 = CARTESIAN_POINT('',(7.75,4.5,3.));
#658 = VECTOR('',#659,1.);
#659 = DIRECTION('',(0.,1.,0.));
#660 = ORIENTED_EDGE('',*,*,#623,.T.);
#661 = PLANE('',#662);
#662 = AXIS2_PLACEMENT_3D('',#663,#664,#665);
#663 = CARTESIAN_POINT('',(7.75,-7.5,-5.));
#664 = DIRECTION('',(1.,0.,0.));
#665 = DIRECTION('',(0.,0.,1.));
#666 = ADVANCED_FACE('',(#667),#685,.F.);
#667 = FACE_BOUND('',#668,.F.);
#668 = EDGE_LOOP('',(#669,#677,#683,#684));
#669 = ORIENTED_EDGE('',*,*,#670,.F.);
#670 = EDGE_CURVE('',#671,#648,#673,.T.);
#671 = VERTEX_POINT('',#672);
#672 = CARTESIAN_POINT('',(-5.25,10.5,3.));
#673 = LINE('',#674,#675);
#674 = CARTESIAN_POINT('',(-5.75,10.5,3.));
#675 = VECTOR('',#676,1.);
#676 = DIRECTION('',(1.,0.,0.));
#677 = ORIENTED_EDGE('',*,*,#678,.T.);
#678 = EDGE_CURVE('',#671,#192,#679,.T.);
#679 = LINE('',#680,#681);
#680 = CARTESIAN_POINT('',(-5.25,10.5,3.));
#681 = VECTOR('',#682,1.);
#682 = DIRECTION('',(0.,0.,1.));
#683 = ORIENTED_EDGE('',*,*,#200,.T.);
#684 = ORIENTED_EDGE('',*,*,#647,.F.);
#685 = PLANE('',#686);
#686 = AXIS2_PLACEMENT_3D('',#687,#688,#689);
#687 = CARTESIAN_POINT('',(-5.75,10.5,3.));
#688 = DIRECTION('',(0.,1.,0.));
#689 = DIRECTION('',(0.,-0.,1.));
#690 = ADVANCED_FACE('',(#691),#710,.F.);
#691 = FACE_BOUND('',#692,.F.);
#692 = EDGE_LOOP('',(#693,#701,#702,#703));
#693 = ORIENTED_EDGE('',*,*,#694,.T.);
#694 = EDGE_CURVE('',#695,#184,#697,.T.);
#695 = VERTEX_POINT('',#696);
#696 = CARTESIAN_POINT('',(-5.75,10.,3.));
#697 = LINE('',#698,#699);
#698 = CARTESIAN_POINT('',(-5.75,10.,3.));
#699 = VECTOR('',#700,1.);
#700 = DIRECTION('',(0.,0.,1.));
#701 = ORIENTED_EDGE('',*,*,#191,.T.);
#702 = ORIENTED_EDGE('',*,*,#678,.F.);
#703 = ORIENTED_EDGE('',*,*,#704,.F.);
#704 = EDGE_CURVE('',#695,#671,#705,.T.);
#705 = CIRCLE('',#706,0.5);
#706 = AXIS2_PLACEMENT_3D('',#707,#708,#709);
#707 = CARTESIAN_POINT('',(-5.25,10.,3.));
#708 = DIRECTION('',(-0.,-0.,-1.));
#709 = DIRECTION('',(0.,-1.,0.));
#710 = CYLINDRICAL_SURFACE('',#711,0.5);
#711 = AXIS2_PLACEMENT_3D('',#712,#713,#714);
#712 = CARTESIAN_POINT('',(-5.25,10.,3.));
#713 = DIRECTION('',(0.,0.,1.));
#714 = DIRECTION('',(-1.,-0.,0.));
#715 = ADVANCED_FACE('',(#716),#734,.T.);
#716 = FACE_BOUND('',#717,.T.);
#717 = EDGE_LOOP('',(#718,#719,#727,#733));
#718 = ORIENTED_EDGE('',*,*,#183,.F.);
#719 = ORIENTED_EDGE('',*,*,#720,.F.);
#720 = EDGE_CURVE('',#721,#175,#723,.T.);
#721 = VERTEX_POINT('',#722);
#722 = CARTESIAN_POINT('',(-5.75,9.,3.));
#723 = LINE('',#724,#725);
#724 = CARTESIAN_POINT('',(-5.75,9.,3.));
#725 = VECTOR('',#726,1.);
#726 = DIRECTION('',(0.,0.,1.));
#727 = ORIENTED_EDGE('',*,*,#728,.T.);
#728 = EDGE_CURVE('',#721,#695,#729,.T.);
#729 = LINE('',#730,#731);
#730 = CARTESIAN_POINT('',(-5.75,8.5,3.));
#731 = VECTOR('',#732,1.);
#732 = DIRECTION('',(0.,1.,0.));
#733 = ORIENTED_EDGE('',*,*,#694,.T.);
#734 = PLANE('',#735);
#735 = AXIS2_PLACEMENT_3D('',#736,#737,#738);
#736 = CARTESIAN_POINT('',(-5.75,8.5,3.));
#737 = DIRECTION('',(1.,0.,0.));
#738 = DIRECTION('',(0.,0.,1.));
#739 = ADVANCED_FACE('',(#740),#759,.F.);
#740 = FACE_BOUND('',#741,.F.);
#741 = EDGE_LOOP('',(#742,#751,#757,#758));
#742 = ORIENTED_EDGE('',*,*,#743,.T.);
#743 = EDGE_CURVE('',#721,#744,#746,.T.);
#744 = VERTEX_POINT('',#745);
#745 = CARTESIAN_POINT('',(-5.25,8.5,3.));
#746 = CIRCLE('',#747,0.5);
#747 = AXIS2_PLACEMENT_3D('',#748,#749,#750);
#748 = CARTESIAN_POINT('',(-5.25,9.,3.));
#749 = DIRECTION('',(0.,0.,1.));
#750 = DIRECTION('',(0.,-1.,0.));
#751 = ORIENTED_EDGE('',*,*,#752,.T.);
#752 = EDGE_CURVE('',#744,#167,#753,.T.);
#753 = LINE('',#754,#755);
#754 = CARTESIAN_POINT('',(-5.25,8.5,3.));
#755 = VECTOR('',#756,1.);
#756 = DIRECTION('',(0.,0.,1.));
#757 = ORIENTED_EDGE('',*,*,#174,.F.);
#758 = ORIENTED_EDGE('',*,*,#720,.F.);
#759 = CYLINDRICAL_SURFACE('',#760,0.5);
#760 = AXIS2_PLACEMENT_3D('',#761,#762,#763);
#761 = CARTESIAN_POINT('',(-5.25,9.,3.));
#762 = DIRECTION('',(0.,0.,1.));
#763 = DIRECTION('',(-1.,-0.,0.));
#764 = ADVANCED_FACE('',(#765),#783,.T.);
#765 = FACE_BOUND('',#766,.T.);
#766 = EDGE_LOOP('',(#767,#775,#776,#777));
#767 = ORIENTED_EDGE('',*,*,#768,.F.);
#768 = EDGE_CURVE('',#744,#769,#771,.T.);
#769 = VERTEX_POINT('',#770);
#770 = CARTESIAN_POINT('',(7.75,8.5,3.));
#771 = LINE('',#772,#773);
#772 = CARTESIAN_POINT('',(-5.75,8.5,3.));
#773 = VECTOR('',#774,1.);
#774 = DIRECTION('',(1.,0.,0.));
#775 = ORIENTED_EDGE('',*,*,#752,.T.);
#776 = ORIENTED_EDGE('',*,*,#166,.T.);
#777 = ORIENTED_EDGE('',*,*,#778,.F.);
#778 = EDGE_CURVE('',#769,#159,#779,.T.);
#779 = LINE('',#780,#781);
#780 = CARTESIAN_POINT('',(7.75,8.5,3.));
#781 = VECTOR('',#782,1.);
#782 = DIRECTION('',(0.,0.,1.));
#783 = PLANE('',#784);
#784 = AXIS2_PLACEMENT_3D('',#785,#786,#787);
#785 = CARTESIAN_POINT('',(-5.75,8.5,3.));
#786 = DIRECTION('',(0.,1.,0.));
#787 = DIRECTION('',(0.,-0.,1.));
#788 = ADVANCED_FACE('',(#789),#807,.T.);
#789 = FACE_BOUND('',#790,.T.);
#790 = EDGE_LOOP('',(#791,#792,#798,#799,#800,#806));
#791 = ORIENTED_EDGE('',*,*,#158,.F.);
#792 = ORIENTED_EDGE('',*,*,#793,.F.);
#793 = EDGE_CURVE('',#377,#151,#794,.T.);
#794 = LINE('',#795,#796);
#795 = CARTESIAN_POINT('',(7.75,-7.3,-5.));
#796 = VECTOR('',#797,1.);
#797 = DIRECTION('',(0.,0.,1.));
#798 = ORIENTED_EDGE('',*,*,#384,.T.);
#799 = ORIENTED_EDGE('',*,*,#433,.T.);
#800 = ORIENTED_EDGE('',*,*,#801,.T.);
#801 = EDGE_CURVE('',#426,#769,#802,.T.);
#802 = LINE('',#803,#804);
#803 = CARTESIAN_POINT('',(7.75,4.5,3.));
#804 = VECTOR('',#805,1.);
#805 = DIRECTION('',(0.,1.,0.));
#806 = ORIENTED_EDGE('',*,*,#778,.T.);
#807 = PLANE('',#808);
#808 = AXIS2_PLACEMENT_3D('',#809,#810,#811);
#809 = CARTESIAN_POINT('',(7.75,-7.5,-5.));
#810 = DIRECTION('',(1.,0.,0.));
#811 = DIRECTION('',(0.,0.,1.));
#812 = ADVANCED_FACE('',(#813),#824,.F.);
#813 = FACE_BOUND('',#814,.T.);
#814 = EDGE_LOOP('',(#815,#816,#817,#818));
#815 = ORIENTED_EDGE('',*,*,#376,.F.);
#816 = ORIENTED_EDGE('',*,*,#793,.T.);
#817 = ORIENTED_EDGE('',*,*,#150,.T.);
#818 = ORIENTED_EDGE('',*,*,#819,.F.);
#819 = EDGE_CURVE('',#369,#143,#820,.T.);
#820 = LINE('',#821,#822);
#821 = CARTESIAN_POINT('',(7.55,-7.5,-5.));
#822 = VECTOR('',#823,1.);
#823 = DIRECTION('',(0.,0.,1.));
#824 = PLANE('',#825);
#825 = AXIS2_PLACEMENT_3D('',#826,#827,#828);
#826 = CARTESIAN_POINT('',(7.65,-7.4,-5.));
#827 = DIRECTION('',(-0.707106781187,0.707106781187,1.735417226644E-18)
  );
#828 = DIRECTION('',(-1.227125289148E-18,1.227125289148E-18,-1.));
#829 = ADVANCED_FACE('',(#830),#836,.F.);
#830 = FACE_BOUND('',#831,.F.);
#831 = EDGE_LOOP('',(#832,#833,#834,#835));
#832 = ORIENTED_EDGE('',*,*,#368,.F.);
#833 = ORIENTED_EDGE('',*,*,#352,.T.);
#834 = ORIENTED_EDGE('',*,*,#142,.T.);
#835 = ORIENTED_EDGE('',*,*,#819,.F.);
#836 = PLANE('',#837);
#837 = AXIS2_PLACEMENT_3D('',#838,#839,#840);
#838 = CARTESIAN_POINT('',(-7.75,-7.5,-5.));
#839 = DIRECTION('',(0.,1.,0.));
#840 = DIRECTION('',(0.,-0.,1.));
#841 = ADVANCED_FACE('',(#842),#861,.F.);
#842 = FACE_BOUND('',#843,.F.);
#843 = EDGE_LOOP('',(#844,#852,#853,#854));
#844 = ORIENTED_EDGE('',*,*,#845,.T.);
#845 = EDGE_CURVE('',#846,#293,#848,.T.);
#846 = VERTEX_POINT('',#847);
#847 = CARTESIAN_POINT('',(3.,0.,0.));
#848 = LINE('',#849,#850);
#849 = CARTESIAN_POINT('',(3.,0.,0.));
#850 = VECTOR('',#851,1.);
#851 = DIRECTION('',(0.,0.,1.));
#852 = ORIENTED_EDGE('',*,*,#292,.T.);
#853 = ORIENTED_EDGE('',*,*,#845,.F.);
#854 = ORIENTED_EDGE('',*,*,#855,.T.);
#855 = EDGE_CURVE('',#846,#846,#856,.T.);
#856 = CIRCLE('',#857,3.);
#857 = AXIS2_PLACEMENT_3D('',#858,#859,#860);
#858 = CARTESIAN_POINT('',(0.,0.,0.));
#859 = DIRECTION('',(0.,0.,1.));
#860 = DIRECTION('',(1.,0.,-0.));
#861 = CYLINDRICAL_SURFACE('',#862,3.);
#862 = AXIS2_PLACEMENT_3D('',#863,#864,#865);
#863 = CARTESIAN_POINT('',(0.,0.,0.));
#864 = DIRECTION('',(-0.,-0.,-1.));
#865 = DIRECTION('',(1.,0.,0.));
#866 = ADVANCED_FACE('',(#867),#886,.F.);
#867 = FACE_BOUND('',#868,.F.);
#868 = EDGE_LOOP('',(#869,#877,#878,#879));
#869 = ORIENTED_EDGE('',*,*,#870,.T.);
#870 = EDGE_CURVE('',#871,#304,#873,.T.);
#871 = VERTEX_POINT('',#872);
#872 = CARTESIAN_POINT('',(-3.631538935183,17.363091308703,3.));
#873 = LINE('',#874,#875);
#874 = CARTESIAN_POINT('',(-3.631538935183,17.363091308703,0.));
#875 = VECTOR('',#876,1.);
#876 = DIRECTION('',(0.,0.,1.));
#877 = ORIENTED_EDGE('',*,*,#303,.T.);
#878 = ORIENTED_EDGE('',*,*,#870,.F.);
#879 = ORIENTED_EDGE('',*,*,#880,.F.);
#880 = EDGE_CURVE('',#871,#871,#881,.T.);
#881 = CIRCLE('',#882,0.9);
#882 = AXIS2_PLACEMENT_3D('',#883,#884,#885);
#883 = CARTESIAN_POINT('',(-4.531538935183,17.363091308703,3.));
#884 = DIRECTION('',(0.,0.,-1.));
#885 = DIRECTION('',(1.,0.,0.));
#886 = CYLINDRICAL_SURFACE('',#887,0.9);
#887 = AXIS2_PLACEMENT_3D('',#888,#889,#890);
#888 = CARTESIAN_POINT('',(-4.531538935183,17.363091308703,0.));
#889 = DIRECTION('',(-0.,-0.,-1.));
#890 = DIRECTION('',(1.,0.,0.));
#891 = ADVANCED_FACE('',(#892),#911,.F.);
#892 = FACE_BOUND('',#893,.F.);
#893 = EDGE_LOOP('',(#894,#902,#903,#904));
#894 = ORIENTED_EDGE('',*,*,#895,.T.);
#895 = EDGE_CURVE('',#896,#315,#898,.T.);
#896 = VERTEX_POINT('',#897);
#897 = CARTESIAN_POINT('',(5.431538935183,13.136908691297,3.));
#898 = LINE('',#899,#900);
#899 = CARTESIAN_POINT('',(5.431538935183,13.136908691297,0.));
#900 = VECTOR('',#901,1.);
#901 = DIRECTION('',(0.,0.,1.));
#902 = ORIENTED_EDGE('',*,*,#314,.T.);
#903 = ORIENTED_EDGE('',*,*,#895,.F.);
#904 = ORIENTED_EDGE('',*,*,#905,.F.);
#905 = EDGE_CURVE('',#896,#896,#906,.T.);
#906 = CIRCLE('',#907,0.9);
#907 = AXIS2_PLACEMENT_3D('',#908,#909,#910);
#908 = CARTESIAN_POINT('',(4.531538935183,13.136908691297,3.));
#909 = DIRECTION('',(0.,0.,-1.));
#910 = DIRECTION('',(1.,0.,0.));
#911 = CYLINDRICAL_SURFACE('',#912,0.9);
#912 = AXIS2_PLACEMENT_3D('',#913,#914,#915);
#913 = CARTESIAN_POINT('',(4.531538935183,13.136908691297,0.));
#914 = DIRECTION('',(-0.,-0.,-1.));
#915 = DIRECTION('',(1.,0.,0.));
#916 = ADVANCED_FACE('',(#917),#936,.F.);
#917 = FACE_BOUND('',#918,.F.);
#918 = EDGE_LOOP('',(#919,#927,#928,#929));
#919 = ORIENTED_EDGE('',*,*,#920,.T.);
#920 = EDGE_CURVE('',#921,#326,#923,.T.);
#921 = VERTEX_POINT('',#922);
#922 = CARTESIAN_POINT('',(3.75,15.25,3.));
#923 = LINE('',#924,#925);
#924 = CARTESIAN_POINT('',(3.75,15.25,0.));
#925 = VECTOR('',#926,1.);
#926 = DIRECTION('',(0.,0.,1.));
#927 = ORIENTED_EDGE('',*,*,#325,.T.);
#928 = ORIENTED_EDGE('',*,*,#920,.F.);
#929 = ORIENTED_EDGE('',*,*,#930,.F.);
#930 = EDGE_CURVE('',#921,#921,#931,.T.);
#931 = CIRCLE('',#932,3.75);
#932 = AXIS2_PLACEMENT_3D('',#933,#934,#935);
#933 = CARTESIAN_POINT('',(0.,15.25,3.));
#934 = DIRECTION('',(0.,0.,-1.));
#935 = DIRECTION('',(1.,0.,0.));
#936 = CYLINDRICAL_SURFACE('',#937,3.75);
#937 = AXIS2_PLACEMENT_3D('',#938,#939,#940);
#938 = CARTESIAN_POINT('',(0.,15.25,0.));
#939 = DIRECTION('',(-0.,-0.,-1.));
#940 = DIRECTION('',(1.,0.,0.));
#941 = ADVANCED_FACE('',(#942),#953,.F.);
#942 = FACE_BOUND('',#943,.F.);
#943 = EDGE_LOOP('',(#944,#945,#951,#952));
#944 = ORIENTED_EDGE('',*,*,#855,.F.);
#945 = ORIENTED_EDGE('',*,*,#946,.T.);
#946 = EDGE_CURVE('',#846,#401,#947,.T.);
#947 = LINE('',#948,#949);
#948 = CARTESIAN_POINT('',(3.,0.,0.));
#949 = VECTOR('',#950,1.);
#950 = DIRECTION('',(-0.,-0.,-1.));
#951 = ORIENTED_EDGE('',*,*,#400,.T.);
#952 = ORIENTED_EDGE('',*,*,#946,.F.);
#953 = CYLINDRICAL_SURFACE('',#954,3.);
#954 = AXIS2_PLACEMENT_3D('',#955,#956,#957);
#955 = CARTESIAN_POINT('',(0.,0.,0.));
#956 = DIRECTION('',(0.,0.,1.));
#957 = DIRECTION('',(1.,0.,-0.));
#958 = ADVANCED_FACE('',(#959,#977,#980,#983),#986,.F.);
#959 = FACE_BOUND('',#960,.F.);
#960 = EDGE_LOOP('',(#961,#962,#963,#964,#965,#966,#967,#968,#969,#970,
    #971,#972,#973,#974,#975,#976));
#961 = ORIENTED_EDGE('',*,*,#550,.F.);
#962 = ORIENTED_EDGE('',*,*,#524,.T.);
#963 = ORIENTED_EDGE('',*,*,#499,.F.);
#964 = ORIENTED_EDGE('',*,*,#477,.F.);
#965 = ORIENTED_EDGE('',*,*,#460,.T.);
#966 = ORIENTED_EDGE('',*,*,#425,.T.);
#967 = ORIENTED_EDGE('',*,*,#801,.T.);
#968 = ORIENTED_EDGE('',*,*,#768,.F.);
#969 = ORIENTED_EDGE('',*,*,#743,.F.);
#970 = ORIENTED_EDGE('',*,*,#728,.T.);
#971 = ORIENTED_EDGE('',*,*,#704,.T.);
#972 = ORIENTED_EDGE('',*,*,#670,.T.);
#973 = ORIENTED_EDGE('',*,*,#655,.T.);
#974 = ORIENTED_EDGE('',*,*,#631,.F.);
#975 = ORIENTED_EDGE('',*,*,#606,.F.);
#976 = ORIENTED_EDGE('',*,*,#582,.F.);
#977 = FACE_BOUND('',#978,.F.);
#978 = EDGE_LOOP('',(#979));
#979 = ORIENTED_EDGE('',*,*,#905,.T.);
#980 = FACE_BOUND('',#981,.F.);
#981 = EDGE_LOOP('',(#982));
#982 = ORIENTED_EDGE('',*,*,#880,.T.);
#983 = FACE_BOUND('',#984,.F.);
#984 = EDGE_LOOP('',(#985));
#985 = ORIENTED_EDGE('',*,*,#930,.T.);
#986 = PLANE('',#987);
#987 = AXIS2_PLACEMENT_3D('',#988,#989,#990);
#988 = CARTESIAN_POINT('',(-7.75,4.5,3.));
#989 = DIRECTION('',(0.,0.,1.));
#990 = DIRECTION('',(1.,0.,-0.));
#991 = ( GEOMETRIC_REPRESENTATION_CONTEXT(3) 
GLOBAL_UNCERTAINTY_ASSIGNED_CONTEXT((#995)) GLOBAL_UNIT_ASSIGNED_CONTEXT
((#992,#993,#994)) REPRESENTATION_CONTEXT('Context #1',
  '3D Context with UNIT and UNCERTAINTY') );
#992 = ( LENGTH_UNIT() NAMED_UNIT(*) SI_UNIT(.MILLI.,.METRE.) );
#993 = ( NAMED_UNIT(*) PLANE_ANGLE_UNIT() SI_UNIT($,.RADIAN.) );
#994 = ( NAMED_UNIT(*) SI_UNIT($,.STERADIAN.) SOLID_ANGLE_UNIT() );
#995 = UNCERTAINTY_MEASURE_WITH_UNIT(LENGTH_MEASURE(1.E-07),#992,
  'distance_accuracy_value','confusion accuracy');
#996 = CONTEXT_DEPENDENT_SHAPE_REPRESENTATION(#997,#999);
#997 = ( REPRESENTATION_RELATIONSHIP('','',#86,#63) 
REPRESENTATION_RELATIONSHIP_WITH_TRANSFORMATION(#998) 
SHAPE_REPRESENTATION_RELATIONSHIP() );
#998 = ITEM_DEFINED_TRANSFORMATION('','',#11,#64);
#999 = PRODUCT_DEFINITION_SHAPE('Placement','Placement of an item',#1000
  );
#1000 = NEXT_ASSEMBLY_USAGE_OCCURRENCE('1','Holder_part','',#58,#81,$);
#1001 = PRODUCT_RELATED_PRODUCT_CATEGORY('part',$,(#83));
#1002 = SHAPE_DEFINITION_REPRESENTATION(#1003,#1009);
#1003 = PRODUCT_DEFINITION_SHAPE('','',#1004);
#1004 = PRODUCT_DEFINITION('design','',#1005,#1008);
#1005 = PRODUCT_DEFINITION_FORMATION('','',#1006);
#1006 = PRODUCT('ShutterOpen','ShutterOpen','',(#1007));
#1007 = PRODUCT_CONTEXT('',#2,'mechanical');
#1008 = PRODUCT_DEFINITION_CONTEXT('part definition',#2,'design');
#1009 = SHAPE_REPRESENTATION('',(#11,#1010),#1014);
#1010 = AXIS2_PLACEMENT_3D('',#1011,#1012,#1013);
#1011 = CARTESIAN_POINT('',(0.,0.,0.));
#1012 = DIRECTION('',(1.,0.,-2.22044604925E-16));
#1013 = DIRECTION('',(-2.22044604925E-16,0.,-1.));
#1014 = ( GEOMETRIC_REPRESENTATION_CONTEXT(3) 
GLOBAL_UNCERTAINTY_ASSIGNED_CONTEXT((#1018)) 
GLOBAL_UNIT_ASSIGNED_CONTEXT((#1015,#1016,#1017)) REPRESENTATION_CONTEXT
('Context #1','3D Context with UNIT and UNCERTAINTY') );
#1015 = ( LENGTH_UNIT() NAMED_UNIT(*) SI_UNIT(.MILLI.,.METRE.) );
#1016 = ( NAMED_UNIT(*) PLANE_ANGLE_UNIT() SI_UNIT($,.RADIAN.) );
#1017 = ( NAMED_UNIT(*) SI_UNIT($,.STERADIAN.) SOLID_ANGLE_UNIT() );
#1018 = UNCERTAINTY_MEASURE_WITH_UNIT(LENGTH_MEASURE(1.E-05),#1015,
  'distance_accuracy_value','confusion accuracy');
#1019 = CONTEXT_DEPENDENT_SHAPE_REPRESENTATION(#1020,#1022);
#1020 = ( REPRESENTATION_RELATIONSHIP('','',#1009,#32) 
REPRESENTATION_RELATIONSHIP_WITH_TRANSFORMATION(#1021) 
SHAPE_REPRESENTATION_RELATIONSHIP() );
#1021 = ITEM_DEFINED_TRANSFORMATION('','',#11,#37);
#1022 = PRODUCT_DEFINITION_SHAPE('Placement','Placement of an item',
  #1023);
#1023 = NEXT_ASSEMBLY_USAGE_OCCURRENCE('6','ShutterOpen','',#27,#1004,$
  );
#1024 = PRODUCT_RELATED_PRODUCT_CATEGORY('part',$,(#1006));
#1025 = SHAPE_DEFINITION_REPRESENTATION(#1026,#1032);
#1026 = PRODUCT_DEFINITION_SHAPE('','',#1027);
#1027 = PRODUCT_DEFINITION('design','',#1028,#1031);
#1028 = PRODUCT_DEFINITION_FORMATION('','',#1029);
#1029 = PRODUCT('ShutterOpen_part002','ShutterOpen_part002','',(#1030));
#1030 = PRODUCT_CONTEXT('',#2,'mechanical');
#1031 = PRODUCT_DEFINITION_CONTEXT('part definition',#2,'design');
#1032 = SHAPE_REPRESENTATION('',(#11,#1033,#1037),#1041);
#1033 = AXIS2_PLACEMENT_3D('',#1034,#1035,#1036);
#1034 = CARTESIAN_POINT('',(0.,0.,0.));
#1035 = DIRECTION('',(0.,0.,1.));
#1036 = DIRECTION('',(1.,0.,0.));
#1037 = AXIS2_PLACEMENT_3D('',#1038,#1039,#1040);
#1038 = CARTESIAN_POINT('',(0.,0.,0.));
#1039 = DIRECTION('',(0.,0.,1.));
#1040 = DIRECTION('',(1.,0.,0.));
#1041 = ( GEOMETRIC_REPRESENTATION_CONTEXT(3) 
GLOBAL_UNCERTAINTY_ASSIGNED_CONTEXT((#1045)) 
GLOBAL_UNIT_ASSIGNED_CONTEXT((#1042,#1043,#1044)) REPRESENTATION_CONTEXT
('Context #1','3D Context with UNIT and UNCERTAINTY') );
#1042 = ( LENGTH_UNIT() NAMED_UNIT(*) SI_UNIT(.MILLI.,.METRE.) );
#1043 = ( NAMED_UNIT(*) PLANE_ANGLE_UNIT() SI_UNIT($,.RADIAN.) );
#1044 = ( NAMED_UNIT(*) SI_UNIT($,.STERADIAN.) SOLID_ANGLE_UNIT() );
#1045 = UNCERTAINTY_MEASURE_WITH_UNIT(LENGTH_MEASURE(1.E-05),#1042,
  'distance_accuracy_value','confusion accuracy');
#1046 = CONTEXT_DEPENDENT_SHAPE_REPRESENTATION(#1047,#1049);
#1047 = ( REPRESENTATION_RELATIONSHIP('','',#1032,#1009) 
REPRESENTATION_RELATIONSHIP_WITH_TRANSFORMATION(#1048) 
SHAPE_REPRESENTATION_RELATIONSHIP() );
#1048 = ITEM_DEFINED_TRANSFORMATION('','',#11,#1010);
#1049 = PRODUCT_DEFINITION_SHAPE('Placement','Placement of an item',
  #1050);
#1050 = NEXT_ASSEMBLY_USAGE_OCCURRENCE('5','ShutterOpen_part002','',
  #1004,#1027,$);
#1051 = PRODUCT_RELATED_PRODUCT_CATEGORY('part',$,(#1029));
#1052 = SHAPE_DEFINITION_REPRESENTATION(#1053,#1059);
#1053 = PRODUCT_DEFINITION_SHAPE('','',#1054);
#1054 = PRODUCT_DEFINITION('design','',#1055,#1058);
#1055 = PRODUCT_DEFINITION_FORMATION('','',#1056);
#1056 = PRODUCT('ShutterOpen_part','ShutterOpen_part','',(#1057));
#1057 = PRODUCT_CONTEXT('',#2,'mechanical');
#1058 = PRODUCT_DEFINITION_CONTEXT('part definition',#2,'design');
#1059 = ADVANCED_BREP_SHAPE_REPRESENTATION('',(#11,#1060),#2025);
#1060 = MANIFOLD_SOLID_BREP('',#1061);
#1061 = CLOSED_SHELL('',(#1062,#1104,#1146,#1188,#1248,#1290,#1332,#1408
    ,#1562,#1716,#1738,#1755,#1782,#1799,#1816,#1833,#1845,#1857,#1879,
    #1896,#1913,#1925,#1937,#1957,#1967,#1977,#1989,#2001,#2013));
#1062 = ADVANCED_FACE('',(#1063),#1099,.T.);
#1063 = FACE_BOUND('',#1064,.T.);
#1064 = EDGE_LOOP('',(#1065,#1076,#1084,#1093));
#1065 = ORIENTED_EDGE('',*,*,#1066,.F.);
#1066 = EDGE_CURVE('',#1067,#1069,#1071,.T.);
#1067 = VERTEX_POINT('',#1068);
#1068 = CARTESIAN_POINT('',(1.3925709334,18.552848998231,9.8));
#1069 = VERTEX_POINT('',#1070);
#1070 = CARTESIAN_POINT('',(1.365864864433,18.247597233136,9.8));
#1071 = CIRCLE('',#1072,0.2);
#1072 = AXIS2_PLACEMENT_3D('',#1073,#1074,#1075);
#1073 = CARTESIAN_POINT('',(1.251149577163,18.411427641994,9.8));
#1074 = DIRECTION('',(-0.,0.,-1.));
#1075 = DIRECTION('',(-0.707106781187,-0.707106781187,0.));
#1076 = ORIENTED_EDGE('',*,*,#1077,.T.);
#1077 = EDGE_CURVE('',#1067,#1078,#1080,.T.);
#1078 = VERTEX_POINT('',#1079);
#1079 = CARTESIAN_POINT('',(1.3925709334,18.552848998231,12.4));
#1080 = LINE('',#1081,#1082);
#1081 = CARTESIAN_POINT('',(1.3925709334,18.552848998231,9.8));
#1082 = VECTOR('',#1083,1.);
#1083 = DIRECTION('',(0.,0.,1.));
#1084 = ORIENTED_EDGE('',*,*,#1085,.F.);
#1085 = EDGE_CURVE('',#1086,#1078,#1088,.T.);
#1086 = VERTEX_POINT('',#1087);
#1087 = CARTESIAN_POINT('',(1.365864864433,18.247597233136,12.4));
#1088 = CIRCLE('',#1089,0.2);
#1089 = AXIS2_PLACEMENT_3D('',#1090,#1091,#1092);
#1090 = CARTESIAN_POINT('',(1.251149577163,18.411427641994,12.4));
#1091 = DIRECTION('',(0.,0.,1.));
#1092 = DIRECTION('',(-0.707106781187,-0.707106781187,0.));
#1093 = ORIENTED_EDGE('',*,*,#1094,.F.);
#1094 = EDGE_CURVE('',#1069,#1086,#1095,.T.);
#1095 = LINE('',#1096,#1097);
#1096 = CARTESIAN_POINT('',(1.365864864433,18.247597233136,9.8));
#1097 = VECTOR('',#1098,1.);
#1098 = DIRECTION('',(0.,0.,1.));
#1099 = CYLINDRICAL_SURFACE('',#1100,0.2);
#1100 = AXIS2_PLACEMENT_3D('',#1101,#1102,#1103);
#1101 = CARTESIAN_POINT('',(1.251149577163,18.411427641994,9.8));
#1102 = DIRECTION('',(0.,0.,1.));
#1103 = DIRECTION('',(0.707106781187,0.707106781187,-0.));
#1104 = ADVANCED_FACE('',(#1105),#1141,.T.);
#1105 = FACE_BOUND('',#1106,.T.);
#1106 = EDGE_LOOP('',(#1107,#1118,#1126,#1135));
#1107 = ORIENTED_EDGE('',*,*,#1108,.F.);
#1108 = EDGE_CURVE('',#1109,#1111,#1113,.T.);
#1109 = VERTEX_POINT('',#1110);
#1110 = CARTESIAN_POINT('',(3.540109940271,15.485845446168,9.8));
#1111 = VERTEX_POINT('',#1112);
#1112 = CARTESIAN_POINT('',(3.598611441918,15.349978448162,9.8));
#1113 = CIRCLE('',#1114,0.2);
#1114 = AXIS2_PLACEMENT_3D('',#1115,#1116,#1117);
#1115 = CARTESIAN_POINT('',(3.398688584034,15.344424089931,9.8));
#1116 = DIRECTION('',(-0.,0.,-1.));
#1117 = DIRECTION('',(-0.707106781187,-0.707106781187,0.));
#1118 = ORIENTED_EDGE('',*,*,#1119,.T.);
#1119 = EDGE_CURVE('',#1109,#1120,#1122,.T.);
#1120 = VERTEX_POINT('',#1121);
#1121 = CARTESIAN_POINT('',(3.540109940271,15.485845446168,12.4));
#1122 = LINE('',#1123,#1124);
#1123 = CARTESIAN_POINT('',(3.540109940271,15.485845446168,9.8));
#1124 = VECTOR('',#1125,1.);
#1125 = DIRECTION('',(0.,0.,1.));
#1126 = ORIENTED_EDGE('',*,*,#1127,.F.);
#1127 = EDGE_CURVE('',#1128,#1120,#1130,.T.);
#1128 = VERTEX_POINT('',#1129);
#1129 = CARTESIAN_POINT('',(3.598611441918,15.349978448162,12.4));
#1130 = CIRCLE('',#1131,0.2);
#1131 = AXIS2_PLACEMENT_3D('',#1132,#1133,#1134);
#1132 = CARTESIAN_POINT('',(3.398688584034,15.344424089931,12.4));
#1133 = DIRECTION('',(0.,0.,1.));
#1134 = DIRECTION('',(-0.707106781187,-0.707106781187,0.));
#1135 = ORIENTED_EDGE('',*,*,#1136,.F.);
#1136 = EDGE_CURVE('',#1111,#1128,#1137,.T.);
#1137 = LINE('',#1138,#1139);
#1138 = CARTESIAN_POINT('',(3.598611441918,15.349978448162,9.8));
#1139 = VECTOR('',#1140,1.);
#1140 = DIRECTION('',(0.,0.,1.));
#1141 = CYLINDRICAL_SURFACE('',#1142,0.2);
#1142 = AXIS2_PLACEMENT_3D('',#1143,#1144,#1145);
#1143 = CARTESIAN_POINT('',(3.398688584034,15.344424089931,9.8));
#1144 = DIRECTION('',(0.,0.,1.));
#1145 = DIRECTION('',(0.707106781187,0.707106781187,-0.));
#1146 = ADVANCED_FACE('',(#1147),#1183,.F.);
#1147 = FACE_BOUND('',#1148,.F.);
#1148 = EDGE_LOOP('',(#1149,#1159,#1168,#1176));
#1149 = ORIENTED_EDGE('',*,*,#1150,.T.);
#1150 = EDGE_CURVE('',#1151,#1153,#1155,.T.);
#1151 = VERTEX_POINT('',#1152);
#1152 = CARTESIAN_POINT('',(1.884594023002,15.260863335744,12.4));
#1153 = VERTEX_POINT('',#1154);
#1154 = CARTESIAN_POINT('',(1.884594023002,15.260863335744,9.8));
#1155 = LINE('',#1156,#1157);
#1156 = CARTESIAN_POINT('',(1.884594023002,15.260863335744,9.8));
#1157 = VECTOR('',#1158,1.);
#1158 = DIRECTION('',(0.,0.,-1.));
#1159 = ORIENTED_EDGE('',*,*,#1160,.T.);
#1160 = EDGE_CURVE('',#1153,#1161,#1163,.T.);
#1161 = VERTEX_POINT('',#1162);
#1162 = CARTESIAN_POINT('',(1.951821180864,15.180745128842,9.8));
#1163 = CIRCLE('',#1164,0.6);
#1164 = AXIS2_PLACEMENT_3D('',#1165,#1166,#1167);
#1165 = CARTESIAN_POINT('',(2.376085249576,15.605009197554,9.8));
#1166 = DIRECTION('',(0.,0.,1.));
#1167 = DIRECTION('',(-0.707106781187,-0.707106781187,0.));
#1168 = ORIENTED_EDGE('',*,*,#1169,.F.);
#1169 = EDGE_CURVE('',#1170,#1161,#1172,.T.);
#1170 = VERTEX_POINT('',#1171);
#1171 = CARTESIAN_POINT('',(1.951821180864,15.180745128842,12.4));
#1172 = LINE('',#1173,#1174);
#1173 = CARTESIAN_POINT('',(1.951821180864,15.180745128842,9.8));
#1174 = VECTOR('',#1175,1.);
#1175 = DIRECTION('',(0.,0.,-1.));
#1176 = ORIENTED_EDGE('',*,*,#1177,.T.);
#1177 = EDGE_CURVE('',#1170,#1151,#1178,.T.);
#1178 = CIRCLE('',#1179,0.6);
#1179 = AXIS2_PLACEMENT_3D('',#1180,#1181,#1182);
#1180 = CARTESIAN_POINT('',(2.376085249576,15.605009197554,12.4));
#1181 = DIRECTION('',(-0.,0.,-1.));
#1182 = DIRECTION('',(-0.707106781187,-0.707106781187,0.));
#1183 = CYLINDRICAL_SURFACE('',#1184,0.6);
#1184 = AXIS2_PLACEMENT_3D('',#1185,#1186,#1187);
#1185 = CARTESIAN_POINT('',(2.376085249576,15.605009197554,9.8));
#1186 = DIRECTION('',(0.,0.,-1.));
#1187 = DIRECTION('',(-0.707106781187,-0.707106781187,-0.));
#1188 = ADVANCED_FACE('',(#1189),#1243,.F.);
#1189 = FACE_BOUND('',#1190,.F.);
#1190 = EDGE_LOOP('',(#1191,#1202,#1211,#1219,#1228,#1236));
#1191 = ORIENTED_EDGE('',*,*,#1192,.T.);
#1192 = EDGE_CURVE('',#1193,#1195,#1197,.T.);
#1193 = VERTEX_POINT('',#1194);
#1194 = CARTESIAN_POINT('',(0.494974746831,15.179289321881,
    10.35838015129));
#1195 = VERTEX_POINT('',#1196);
#1196 = CARTESIAN_POINT('',(0.494974746831,15.179289321881,
    11.84161984871));
#1197 = CIRCLE('',#1198,0.8);
#1198 = AXIS2_PLACEMENT_3D('',#1199,#1200,#1201);
#1199 = CARTESIAN_POINT('',(0.282842712475,14.967157287525,11.1));
#1200 = DIRECTION('',(0.707106781187,-0.707106781187,0.));
#1201 = DIRECTION('',(0.,0.,1.));
#1202 = ORIENTED_EDGE('',*,*,#1203,.T.);
#1203 = EDGE_CURVE('',#1195,#1204,#1206,.T.);
#1204 = VERTEX_POINT('',#1205);
#1205 = CARTESIAN_POINT('',(0.353553390593,14.896446609407,11.9));
#1206 = B_SPLINE_CURVE_WITH_KNOTS('',3,(#1207,#1208,#1209,#1210),
  .UNSPECIFIED.,.F.,.F.,(4,4),(0.,3.271926167368E-04),
  .PIECEWISE_BEZIER_KNOTS.);
#1207 = CARTESIAN_POINT('',(0.494974746831,15.179289321881,
    11.84161984871));
#1208 = CARTESIAN_POINT('',(0.480117087817,15.075285708785,
    11.87561878159));
#1209 = CARTESIAN_POINT('',(0.431627085427,14.97452030424,11.9));
#1210 = CARTESIAN_POINT('',(0.353553390593,14.896446609407,11.9));
#1211 = ORIENTED_EDGE('',*,*,#1212,.T.);
#1212 = EDGE_CURVE('',#1204,#1213,#1215,.T.);
#1213 = VERTEX_POINT('',#1214);
#1214 = CARTESIAN_POINT('',(2.12132034356,13.12867965644,11.9));
#1215 = LINE('',#1216,#1217);
#1216 = CARTESIAN_POINT('',(0.282842712475,14.967157287525,11.9));
#1217 = VECTOR('',#1218,1.);
#1218 = DIRECTION('',(0.707106781187,-0.707106781187,0.));
#1219 = ORIENTED_EDGE('',*,*,#1220,.F.);
#1220 = EDGE_CURVE('',#1221,#1213,#1223,.T.);
#1221 = VERTEX_POINT('',#1222);
#1222 = CARTESIAN_POINT('',(2.12132034356,13.12867965644,10.3));
#1223 = CIRCLE('',#1224,0.8);
#1224 = AXIS2_PLACEMENT_3D('',#1225,#1226,#1227);
#1225 = CARTESIAN_POINT('',(2.12132034356,13.12867965644,11.1));
#1226 = DIRECTION('',(0.707106781187,-0.707106781187,0.));
#1227 = DIRECTION('',(0.,0.,1.));
#1228 = ORIENTED_EDGE('',*,*,#1229,.F.);
#1229 = EDGE_CURVE('',#1230,#1221,#1232,.T.);
#1230 = VERTEX_POINT('',#1231);
#1231 = CARTESIAN_POINT('',(0.353553390593,14.896446609407,10.3));
#1232 = LINE('',#1233,#1234);
#1233 = CARTESIAN_POINT('',(0.282842712475,14.967157287525,10.3));
#1234 = VECTOR('',#1235,1.);
#1235 = DIRECTION('',(0.707106781187,-0.707106781187,0.));
#1236 = ORIENTED_EDGE('',*,*,#1237,.T.);
#1237 = EDGE_CURVE('',#1230,#1193,#1238,.T.);
#1238 = B_SPLINE_CURVE_WITH_KNOTS('',3,(#1239,#1240,#1241,#1242),
  .UNSPECIFIED.,.F.,.F.,(4,4),(3.271926167368E-04,6.536263433703E-04),
  .PIECEWISE_BEZIER_KNOTS.);
#1239 = CARTESIAN_POINT('',(0.353553390593,14.896446609407,10.3));
#1240 = CARTESIAN_POINT('',(0.431446001407,14.97433922022,10.3));
#1241 = CARTESIAN_POINT('',(0.480142087729,15.075460708174,
    10.324438425966));
#1242 = CARTESIAN_POINT('',(0.494974746831,15.179289321881,
    10.35838015129));
#1243 = CYLINDRICAL_SURFACE('',#1244,0.8);
#1244 = AXIS2_PLACEMENT_3D('',#1245,#1246,#1247);
#1245 = CARTESIAN_POINT('',(0.282842712475,14.967157287525,11.1));
#1246 = DIRECTION('',(0.707106781187,-0.707106781187,0.));
#1247 = DIRECTION('',(0.,0.,1.));
#1248 = ADVANCED_FACE('',(#1249),#1285,.F.);
#1249 = FACE_BOUND('',#1250,.F.);
#1250 = EDGE_LOOP('',(#1251,#1261,#1270,#1278));
#1251 = ORIENTED_EDGE('',*,*,#1252,.T.);
#1252 = EDGE_CURVE('',#1253,#1255,#1257,.T.);
#1253 = VERTEX_POINT('',#1254);
#1254 = CARTESIAN_POINT('',(-0.302967656712,17.886420034628,9.8));
#1255 = VERTEX_POINT('',#1256);
#1256 = CARTESIAN_POINT('',(-0.302967656712,17.886420034628,12.4));
#1257 = LINE('',#1258,#1259);
#1258 = CARTESIAN_POINT('',(-0.302967656712,17.886420034628,9.8));
#1259 = VECTOR('',#1260,1.);
#1260 = DIRECTION('',(0.,0.,1.));
#1261 = ORIENTED_EDGE('',*,*,#1262,.T.);
#1262 = EDGE_CURVE('',#1255,#1263,#1265,.T.);
#1263 = VERTEX_POINT('',#1264);
#1264 = CARTESIAN_POINT('',(-0.93936375978,17.25002393156,12.4));
#1265 = CIRCLE('',#1266,0.45);
#1266 = AXIS2_PLACEMENT_3D('',#1267,#1268,#1269);
#1267 = CARTESIAN_POINT('',(-0.621165708246,17.568221983094,12.4));
#1268 = DIRECTION('',(-0.,0.,-1.));
#1269 = DIRECTION('',(-0.707106781187,-0.707106781187,0.));
#1270 = ORIENTED_EDGE('',*,*,#1271,.F.);
#1271 = EDGE_CURVE('',#1272,#1263,#1274,.T.);
#1272 = VERTEX_POINT('',#1273);
#1273 = CARTESIAN_POINT('',(-0.93936375978,17.25002393156,9.8));
#1274 = LINE('',#1275,#1276);
#1275 = CARTESIAN_POINT('',(-0.93936375978,17.25002393156,9.8));
#1276 = VECTOR('',#1277,1.);
#1277 = DIRECTION('',(0.,0.,1.));
#1278 = ORIENTED_EDGE('',*,*,#1279,.F.);
#1279 = EDGE_CURVE('',#1253,#1272,#1280,.T.);
#1280 = CIRCLE('',#1281,0.45);
#1281 = AXIS2_PLACEMENT_3D('',#1282,#1283,#1284);
#1282 = CARTESIAN_POINT('',(-0.621165708246,17.568221983094,9.8));
#1283 = DIRECTION('',(-0.,0.,-1.));
#1284 = DIRECTION('',(-0.707106781187,-0.707106781187,0.));
#1285 = CYLINDRICAL_SURFACE('',#1286,0.45);
#1286 = AXIS2_PLACEMENT_3D('',#1287,#1288,#1289);
#1287 = CARTESIAN_POINT('',(-0.621165708246,17.568221983094,9.8));
#1288 = DIRECTION('',(0.,0.,1.));
#1289 = DIRECTION('',(0.707106781187,0.707106781187,-0.));
#1290 = ADVANCED_FACE('',(#1291),#1327,.F.);
#1291 = FACE_BOUND('',#1292,.F.);
#1292 = EDGE_LOOP('',(#1293,#1303,#1312,#1320));
#1293 = ORIENTED_EDGE('',*,*,#1294,.T.);
#1294 = EDGE_CURVE('',#1295,#1297,#1299,.T.);
#1295 = VERTEX_POINT('',#1296);
#1296 = CARTESIAN_POINT('',(-9.855757486668E-02,13.204659444305,9.8));
#1297 = VERTEX_POINT('',#1298);
#1298 = CARTESIAN_POINT('',(-9.855757486668E-02,13.204659444305,12.4));
#1299 = LINE('',#1300,#1301);
#1300 = CARTESIAN_POINT('',(-9.855757486668E-02,13.204659444305,9.8));
#1301 = VECTOR('',#1302,1.);
#1302 = DIRECTION('',(0.,0.,1.));
#1303 = ORIENTED_EDGE('',*,*,#1304,.T.);
#1304 = EDGE_CURVE('',#1297,#1305,#1307,.T.);
#1305 = VERTEX_POINT('',#1306);
#1306 = CARTESIAN_POINT('',(-0.734953677935,12.568263341237,12.4));
#1307 = CIRCLE('',#1308,0.45);
#1308 = AXIS2_PLACEMENT_3D('',#1309,#1310,#1311);
#1309 = CARTESIAN_POINT('',(-0.416755626401,12.886461392771,12.4));
#1310 = DIRECTION('',(-0.,0.,-1.));
#1311 = DIRECTION('',(-0.707106781187,-0.707106781187,0.));
#1312 = ORIENTED_EDGE('',*,*,#1313,.F.);
#1313 = EDGE_CURVE('',#1314,#1305,#1316,.T.);
#1314 = VERTEX_POINT('',#1315);
#1315 = CARTESIAN_POINT('',(-0.734953677935,12.568263341237,9.8));
#1316 = LINE('',#1317,#1318);
#1317 = CARTESIAN_POINT('',(-0.734953677935,12.568263341237,9.8));
#1318 = VECTOR('',#1319,1.);
#1319 = DIRECTION('',(0.,0.,1.));
#1320 = ORIENTED_EDGE('',*,*,#1321,.F.);
#1321 = EDGE_CURVE('',#1295,#1314,#1322,.T.);
#1322 = CIRCLE('',#1323,0.45);
#1323 = AXIS2_PLACEMENT_3D('',#1324,#1325,#1326);
#1324 = CARTESIAN_POINT('',(-0.416755626401,12.886461392771,9.8));
#1325 = DIRECTION('',(-0.,0.,-1.));
#1326 = DIRECTION('',(-0.707106781187,-0.707106781187,0.));
#1327 = CYLINDRICAL_SURFACE('',#1328,0.45);
#1328 = AXIS2_PLACEMENT_3D('',#1329,#1330,#1331);
#1329 = CARTESIAN_POINT('',(-0.416755626401,12.886461392771,9.8));
#1330 = DIRECTION('',(0.,0.,1.));
#1331 = DIRECTION('',(0.707106781187,0.707106781187,-0.));
#1332 = ADVANCED_FACE('',(#1333,#1369),#1403,.F.);
#1333 = FACE_BOUND('',#1334,.F.);
#1334 = EDGE_LOOP('',(#1335,#1345,#1354,#1362));
#1335 = ORIENTED_EDGE('',*,*,#1336,.F.);
#1336 = EDGE_CURVE('',#1337,#1339,#1341,.T.);
#1337 = VERTEX_POINT('',#1338);
#1338 = CARTESIAN_POINT('',(-0.353553390593,14.896446609407,9.8));
#1339 = VERTEX_POINT('',#1340);
#1340 = CARTESIAN_POINT('',(-0.353553390593,14.896446609407,12.4));
#1341 = LINE('',#1342,#1343);
#1342 = CARTESIAN_POINT('',(-0.353553390593,14.896446609407,9.8));
#1343 = VECTOR('',#1344,1.);
#1344 = DIRECTION('',(0.,0.,1.));
#1345 = ORIENTED_EDGE('',*,*,#1346,.T.);
#1346 = EDGE_CURVE('',#1337,#1347,#1349,.T.);
#1347 = VERTEX_POINT('',#1348);
#1348 = CARTESIAN_POINT('',(0.353553390593,15.603553390593,9.8));
#1349 = CIRCLE('',#1350,0.5);
#1350 = AXIS2_PLACEMENT_3D('',#1351,#1352,#1353);
#1351 = CARTESIAN_POINT('',(7.632783294298E-16,15.25,9.8));
#1352 = DIRECTION('',(0.,-0.,1.));
#1353 = DIRECTION('',(0.707106781187,0.707106781187,0.));
#1354 = ORIENTED_EDGE('',*,*,#1355,.T.);
#1355 = EDGE_CURVE('',#1347,#1356,#1358,.T.);
#1356 = VERTEX_POINT('',#1357);
#1357 = CARTESIAN_POINT('',(0.353553390593,15.603553390593,12.4));
#1358 = LINE('',#1359,#1360);
#1359 = CARTESIAN_POINT('',(0.353553390593,15.603553390593,9.8));
#1360 = VECTOR('',#1361,1.);
#1361 = DIRECTION('',(0.,0.,1.));
#1362 = ORIENTED_EDGE('',*,*,#1363,.F.);
#1363 = EDGE_CURVE('',#1339,#1356,#1364,.T.);
#1364 = CIRCLE('',#1365,0.5);
#1365 = AXIS2_PLACEMENT_3D('',#1366,#1367,#1368);
#1366 = CARTESIAN_POINT('',(7.632783294298E-16,15.25,12.4));
#1367 = DIRECTION('',(0.,-0.,1.));
#1368 = DIRECTION('',(0.707106781187,0.707106781187,0.));
#1369 = FACE_BOUND('',#1370,.F.);
#1370 = EDGE_LOOP('',(#1371,#1372,#1381,#1389,#1396,#1397));
#1371 = ORIENTED_EDGE('',*,*,#1237,.F.);
#1372 = ORIENTED_EDGE('',*,*,#1373,.F.);
#1373 = EDGE_CURVE('',#1374,#1230,#1376,.T.);
#1374 = VERTEX_POINT('',#1375);
#1375 = CARTESIAN_POINT('',(7.071067811866E-02,14.755025253169,
    10.35838015129));
#1376 = B_SPLINE_CURVE_WITH_KNOTS('',3,(#1377,#1378,#1379,#1380),
  .UNSPECIFIED.,.F.,.F.,(4,4),(0.,3.271926167368E-04),
  .PIECEWISE_BEZIER_KNOTS.);
#1377 = CARTESIAN_POINT('',(7.071067811866E-02,14.755025253169,
    10.35838015129));
#1378 = CARTESIAN_POINT('',(0.174714291215,14.769882912183,
    10.32438121841));
#1379 = CARTESIAN_POINT('',(0.27547969576,14.818372914573,10.3));
#1380 = CARTESIAN_POINT('',(0.353553390593,14.896446609407,10.3));
#1381 = ORIENTED_EDGE('',*,*,#1382,.T.);
#1382 = EDGE_CURVE('',#1374,#1383,#1385,.T.);
#1383 = VERTEX_POINT('',#1384);
#1384 = CARTESIAN_POINT('',(7.071067811866E-02,14.755025253169,
    11.84161984871));
#1385 = LINE('',#1386,#1387);
#1386 = CARTESIAN_POINT('',(7.071067811866E-02,14.755025253169,9.8));
#1387 = VECTOR('',#1388,1.);
#1388 = DIRECTION('',(0.,0.,1.));
#1389 = ORIENTED_EDGE('',*,*,#1390,.F.);
#1390 = EDGE_CURVE('',#1204,#1383,#1391,.T.);
#1391 = B_SPLINE_CURVE_WITH_KNOTS('',3,(#1392,#1393,#1394,#1395),
  .UNSPECIFIED.,.F.,.F.,(4,4),(3.271926167368E-04,6.536263433703E-04),
  .PIECEWISE_BEZIER_KNOTS.);
#1392 = CARTESIAN_POINT('',(0.353553390593,14.896446609407,11.9));
#1393 = CARTESIAN_POINT('',(0.27566077978,14.818553998593,11.9));
#1394 = CARTESIAN_POINT('',(0.174539291826,14.769857912271,
    11.875561574034));
#1395 = CARTESIAN_POINT('',(7.071067811866E-02,14.755025253169,
    11.84161984871));
#1396 = ORIENTED_EDGE('',*,*,#1203,.F.);
#1397 = ORIENTED_EDGE('',*,*,#1398,.T.);
#1398 = EDGE_CURVE('',#1195,#1193,#1399,.T.);
#1399 = LINE('',#1400,#1401);
#1400 = CARTESIAN_POINT('',(0.494974746831,15.179289321881,9.8));
#1401 = VECTOR('',#1402,1.);
#1402 = DIRECTION('',(0.,0.,-1.));
#1403 = CYLINDRICAL_SURFACE('',#1404,0.5);
#1404 = AXIS2_PLACEMENT_3D('',#1405,#1406,#1407);
#1405 = CARTESIAN_POINT('',(7.632783294298E-16,15.25,9.8));
#1406 = DIRECTION('',(0.,0.,1.));
#1407 = DIRECTION('',(0.707106781187,0.707106781187,-0.));
#1408 = ADVANCED_FACE('',(#1409,#1452,#1462,#1547),#1557,.T.);
#1409 = FACE_BOUND('',#1410,.T.);
#1410 = EDGE_LOOP('',(#1411,#1422,#1428,#1429,#1437,#1446));
#1411 = ORIENTED_EDGE('',*,*,#1412,.T.);
#1412 = EDGE_CURVE('',#1413,#1415,#1417,.T.);
#1413 = VERTEX_POINT('',#1414);
#1414 = CARTESIAN_POINT('',(-0.395979797464,15.13686291501,9.8));
#1415 = VERTEX_POINT('',#1416);
#1416 = CARTESIAN_POINT('',(-0.494974746831,15.037867965644,9.8));
#1417 = CIRCLE('',#1418,7.E-02);
#1418 = AXIS2_PLACEMENT_3D('',#1419,#1420,#1421);
#1419 = CARTESIAN_POINT('',(-0.445477272148,15.087365440327,9.8));
#1420 = DIRECTION('',(0.,0.,1.));
#1421 = DIRECTION('',(-0.707106781187,-0.707106781187,0.));
#1422 = ORIENTED_EDGE('',*,*,#1423,.T.);
#1423 = EDGE_CURVE('',#1415,#1337,#1424,.T.);
#1424 = LINE('',#1425,#1426);
#1425 = CARTESIAN_POINT('',(-0.353553390593,14.896446609407,9.8));
#1426 = VECTOR('',#1427,1.);
#1427 = DIRECTION('',(0.707106781187,-0.707106781187,-0.));
#1428 = ORIENTED_EDGE('',*,*,#1346,.T.);
#1429 = ORIENTED_EDGE('',*,*,#1430,.T.);
#1430 = EDGE_CURVE('',#1347,#1431,#1433,.T.);
#1431 = VERTEX_POINT('',#1432);
#1432 = CARTESIAN_POINT('',(0.212132034356,15.744974746831,9.8));
#1433 = LINE('',#1434,#1435);
#1434 = CARTESIAN_POINT('',(0.353553390593,15.603553390593,9.8));
#1435 = VECTOR('',#1436,1.);
#1436 = DIRECTION('',(-0.707106781187,0.707106781187,0.));
#1437 = ORIENTED_EDGE('',*,*,#1438,.T.);
#1438 = EDGE_CURVE('',#1431,#1439,#1441,.T.);
#1439 = VERTEX_POINT('',#1440);
#1440 = CARTESIAN_POINT('',(0.11313708499,15.645979797464,9.8));
#1441 = CIRCLE('',#1442,7.E-02);
#1442 = AXIS2_PLACEMENT_3D('',#1443,#1444,#1445);
#1443 = CARTESIAN_POINT('',(0.162634559673,15.695477272148,9.8));
#1444 = DIRECTION('',(0.,-0.,1.));
#1445 = DIRECTION('',(0.707106781187,0.707106781187,0.));
#1446 = ORIENTED_EDGE('',*,*,#1447,.T.);
#1447 = EDGE_CURVE('',#1439,#1413,#1448,.T.);
#1448 = LINE('',#1449,#1450);
#1449 = CARTESIAN_POINT('',(0.11313708499,15.645979797464,9.8));
#1450 = VECTOR('',#1451,1.);
#1451 = DIRECTION('',(-0.707106781187,-0.707106781187,0.));
#1452 = FACE_BOUND('',#1453,.T.);
#1453 = EDGE_LOOP('',(#1454,#1455));
#1454 = ORIENTED_EDGE('',*,*,#1321,.F.);
#1455 = ORIENTED_EDGE('',*,*,#1456,.F.);
#1456 = EDGE_CURVE('',#1314,#1295,#1457,.T.);
#1457 = CIRCLE('',#1458,0.45);
#1458 = AXIS2_PLACEMENT_3D('',#1459,#1460,#1461);
#1459 = CARTESIAN_POINT('',(-0.416755626401,12.886461392771,9.8));
#1460 = DIRECTION('',(-0.,0.,-1.));
#1461 = DIRECTION('',(-0.707106781187,-0.707106781187,0.));
#1462 = FACE_BOUND('',#1463,.T.);
#1463 = EDGE_LOOP('',(#1464,#1474,#1481,#1482,#1491,#1499,#1508,#1515,
    #1516,#1524,#1533,#1539,#1540));
#1464 = ORIENTED_EDGE('',*,*,#1465,.T.);
#1465 = EDGE_CURVE('',#1466,#1468,#1470,.T.);
#1466 = VERTEX_POINT('',#1467);
#1467 = CARTESIAN_POINT('',(2.720231111386,15.113517970981,9.8));
#1468 = VERTEX_POINT('',#1469);
#1469 = CARTESIAN_POINT('',(3.283973296763,15.508254498789,9.8));
#1470 = LINE('',#1471,#1472);
#1471 = CARTESIAN_POINT('',(2.228739884813,14.76937210917,9.8));
#1472 = VECTOR('',#1473,1.);
#1473 = DIRECTION('',(0.819152044289,0.573576436351,0.));
#1474 = ORIENTED_EDGE('',*,*,#1475,.T.);
#1475 = EDGE_CURVE('',#1468,#1109,#1476,.T.);
#1476 = CIRCLE('',#1477,0.2);
#1477 = AXIS2_PLACEMENT_3D('',#1478,#1479,#1480);
#1478 = CARTESIAN_POINT('',(3.398688584034,15.344424089931,9.8));
#1479 = DIRECTION('',(-0.,0.,-1.));
#1480 = DIRECTION('',(-0.707106781187,-0.707106781187,0.));
#1481 = ORIENTED_EDGE('',*,*,#1108,.T.);
#1482 = ORIENTED_EDGE('',*,*,#1483,.T.);
#1483 = EDGE_CURVE('',#1111,#1484,#1486,.T.);
#1484 = VERTEX_POINT('',#1485);
#1485 = CARTESIAN_POINT('',(3.528445071507,14.535804384387,9.8));
#1486 = CIRCLE('',#1487,3.6);
#1487 = AXIS2_PLACEMENT_3D('',#1488,#1489,#1490);
#1488 = CARTESIAN_POINT('',(7.632783294298E-16,15.25,9.8));
#1489 = DIRECTION('',(-0.,0.,-1.));
#1490 = DIRECTION('',(-0.707106781187,-0.707106781187,0.));
#1491 = ORIENTED_EDGE('',*,*,#1492,.T.);
#1492 = EDGE_CURVE('',#1484,#1493,#1495,.T.);
#1493 = VERTEX_POINT('',#1494);
#1494 = CARTESIAN_POINT('',(0.714195615613,11.721554928493,9.8));
#1495 = LINE('',#1496,#1497);
#1496 = CARTESIAN_POINT('',(0.714195615613,11.721554928493,9.8));
#1497 = VECTOR('',#1498,1.);
#1498 = DIRECTION('',(-0.707106781187,-0.707106781187,0.));
#1499 = ORIENTED_EDGE('',*,*,#1500,.T.);
#1500 = EDGE_CURVE('',#1493,#1501,#1503,.T.);
#1501 = VERTEX_POINT('',#1502);
#1502 = CARTESIAN_POINT('',(1.324746611114,18.597393973876,9.8));
#1503 = CIRCLE('',#1504,3.6);
#1504 = AXIS2_PLACEMENT_3D('',#1505,#1506,#1507);
#1505 = CARTESIAN_POINT('',(7.632783294298E-16,15.25,9.8));
#1506 = DIRECTION('',(-0.,0.,-1.));
#1507 = DIRECTION('',(-0.707106781187,-0.707106781187,0.));
#1508 = ORIENTED_EDGE('',*,*,#1509,.T.);
#1509 = EDGE_CURVE('',#1501,#1067,#1510,.T.);
#1510 = CIRCLE('',#1511,0.2);
#1511 = AXIS2_PLACEMENT_3D('',#1512,#1513,#1514);
#1512 = CARTESIAN_POINT('',(1.251149577163,18.411427641994,9.8));
#1513 = DIRECTION('',(-0.,0.,-1.));
#1514 = DIRECTION('',(-0.707106781187,-0.707106781187,0.));
#1515 = ORIENTED_EDGE('',*,*,#1066,.T.);
#1516 = ORIENTED_EDGE('',*,*,#1517,.T.);
#1517 = EDGE_CURVE('',#1069,#1518,#1520,.T.);
#1518 = VERTEX_POINT('',#1519);
#1519 = CARTESIAN_POINT('',(0.802122679056,17.852860705329,9.8));
#1520 = LINE('',#1521,#1522);
#1521 = CARTESIAN_POINT('',(0.310631452483,17.508714843518,9.8));
#1522 = VECTOR('',#1523,1.);
#1523 = DIRECTION('',(-0.819152044289,-0.573576436351,0.));
#1524 = ORIENTED_EDGE('',*,*,#1525,.T.);
#1525 = EDGE_CURVE('',#1518,#1526,#1528,.T.);
#1526 = VERTEX_POINT('',#1527);
#1527 = CARTESIAN_POINT('',(0.654777314293,17.017223616945,9.8));
#1528 = CIRCLE('',#1529,0.6);
#1529 = AXIS2_PLACEMENT_3D('',#1530,#1531,#1532);
#1530 = CARTESIAN_POINT('',(1.146268540867,17.361369478755,9.8));
#1531 = DIRECTION('',(0.,0.,1.));
#1532 = DIRECTION('',(-0.707106781187,-0.707106781187,0.));
#1533 = ORIENTED_EDGE('',*,*,#1534,.T.);
#1534 = EDGE_CURVE('',#1526,#1153,#1535,.T.);
#1535 = LINE('',#1536,#1537);
#1536 = CARTESIAN_POINT('',(1.269685668648,16.139043476344,9.8));
#1537 = VECTOR('',#1538,1.);
#1538 = DIRECTION('',(0.573576436351,-0.819152044289,-0.));
#1539 = ORIENTED_EDGE('',*,*,#1160,.T.);
#1540 = ORIENTED_EDGE('',*,*,#1541,.T.);
#1541 = EDGE_CURVE('',#1161,#1466,#1542,.T.);
#1542 = CIRCLE('',#1543,0.6);
#1543 = AXIS2_PLACEMENT_3D('',#1544,#1545,#1546);
#1544 = CARTESIAN_POINT('',(2.376085249576,15.605009197554,9.8));
#1545 = DIRECTION('',(0.,0.,1.));
#1546 = DIRECTION('',(-0.707106781187,-0.707106781187,0.));
#1547 = FACE_BOUND('',#1548,.T.);
#1548 = EDGE_LOOP('',(#1549,#1550));
#1549 = ORIENTED_EDGE('',*,*,#1279,.F.);
#1550 = ORIENTED_EDGE('',*,*,#1551,.F.);
#1551 = EDGE_CURVE('',#1272,#1253,#1552,.T.);
#1552 = CIRCLE('',#1553,0.45);
#1553 = AXIS2_PLACEMENT_3D('',#1554,#1555,#1556);
#1554 = CARTESIAN_POINT('',(-0.621165708246,17.568221983094,9.8));
#1555 = DIRECTION('',(-0.,0.,-1.));
#1556 = DIRECTION('',(-0.707106781187,-0.707106781187,0.));
#1557 = PLANE('',#1558);
#1558 = AXIS2_PLACEMENT_3D('',#1559,#1560,#1561);
#1559 = CARTESIAN_POINT('',(7.632783294298E-16,15.25,9.8));
#1560 = DIRECTION('',(0.,0.,-1.));
#1561 = DIRECTION('',(-0.707106781187,-0.707106781187,-0.));
#1562 = ADVANCED_FACE('',(#1563,#1606,#1691,#1701),#1711,.F.);
#1563 = FACE_BOUND('',#1564,.T.);
#1564 = EDGE_LOOP('',(#1565,#1573,#1582,#1590,#1599,#1605));
#1565 = ORIENTED_EDGE('',*,*,#1566,.F.);
#1566 = EDGE_CURVE('',#1567,#1339,#1569,.T.);
#1567 = VERTEX_POINT('',#1568);
#1568 = CARTESIAN_POINT('',(-0.494974746831,15.037867965644,12.4));
#1569 = LINE('',#1570,#1571);
#1570 = CARTESIAN_POINT('',(-0.353553390593,14.896446609407,12.4));
#1571 = VECTOR('',#1572,1.);
#1572 = DIRECTION('',(0.707106781187,-0.707106781187,-0.));
#1573 = ORIENTED_EDGE('',*,*,#1574,.F.);
#1574 = EDGE_CURVE('',#1575,#1567,#1577,.T.);
#1575 = VERTEX_POINT('',#1576);
#1576 = CARTESIAN_POINT('',(-0.395979797464,15.13686291501,12.4));
#1577 = CIRCLE('',#1578,7.E-02);
#1578 = AXIS2_PLACEMENT_3D('',#1579,#1580,#1581);
#1579 = CARTESIAN_POINT('',(-0.445477272148,15.087365440327,12.4));
#1580 = DIRECTION('',(0.,0.,1.));
#1581 = DIRECTION('',(-0.707106781187,-0.707106781187,0.));
#1582 = ORIENTED_EDGE('',*,*,#1583,.F.);
#1583 = EDGE_CURVE('',#1584,#1575,#1586,.T.);
#1584 = VERTEX_POINT('',#1585);
#1585 = CARTESIAN_POINT('',(0.11313708499,15.645979797464,12.4));
#1586 = LINE('',#1587,#1588);
#1587 = CARTESIAN_POINT('',(0.11313708499,15.645979797464,12.4));
#1588 = VECTOR('',#1589,1.);
#1589 = DIRECTION('',(-0.707106781187,-0.707106781187,0.));
#1590 = ORIENTED_EDGE('',*,*,#1591,.F.);
#1591 = EDGE_CURVE('',#1592,#1584,#1594,.T.);
#1592 = VERTEX_POINT('',#1593);
#1593 = CARTESIAN_POINT('',(0.212132034356,15.744974746831,12.4));
#1594 = CIRCLE('',#1595,7.E-02);
#1595 = AXIS2_PLACEMENT_3D('',#1596,#1597,#1598);
#1596 = CARTESIAN_POINT('',(0.162634559673,15.695477272148,12.4));
#1597 = DIRECTION('',(0.,-0.,1.));
#1598 = DIRECTION('',(0.707106781187,0.707106781187,0.));
#1599 = ORIENTED_EDGE('',*,*,#1600,.F.);
#1600 = EDGE_CURVE('',#1356,#1592,#1601,.T.);
#1601 = LINE('',#1602,#1603);
#1602 = CARTESIAN_POINT('',(0.353553390593,15.603553390593,12.4));
#1603 = VECTOR('',#1604,1.);
#1604 = DIRECTION('',(-0.707106781187,0.707106781187,0.));
#1605 = ORIENTED_EDGE('',*,*,#1363,.F.);
#1606 = FACE_BOUND('',#1607,.T.);
#1607 = EDGE_LOOP('',(#1608,#1617,#1618,#1627,#1635,#1642,#1643,#1651,
    #1660,#1666,#1667,#1676,#1685));
#1608 = ORIENTED_EDGE('',*,*,#1609,.F.);
#1609 = EDGE_CURVE('',#1128,#1610,#1612,.T.);
#1610 = VERTEX_POINT('',#1611);
#1611 = CARTESIAN_POINT('',(3.528445071507,14.535804384387,12.4));
#1612 = CIRCLE('',#1613,3.6);
#1613 = AXIS2_PLACEMENT_3D('',#1614,#1615,#1616);
#1614 = CARTESIAN_POINT('',(7.632783294298E-16,15.25,12.4));
#1615 = DIRECTION('',(-0.,0.,-1.));
#1616 = DIRECTION('',(-0.707106781187,-0.707106781187,0.));
#1617 = ORIENTED_EDGE('',*,*,#1127,.T.);
#1618 = ORIENTED_EDGE('',*,*,#1619,.T.);
#1619 = EDGE_CURVE('',#1120,#1620,#1622,.T.);
#1620 = VERTEX_POINT('',#1621);
#1621 = CARTESIAN_POINT('',(3.283973296763,15.508254498789,12.4));
#1622 = CIRCLE('',#1623,0.2);
#1623 = AXIS2_PLACEMENT_3D('',#1624,#1625,#1626);
#1624 = CARTESIAN_POINT('',(3.398688584034,15.344424089931,12.4));
#1625 = DIRECTION('',(0.,0.,1.));
#1626 = DIRECTION('',(-0.707106781187,-0.707106781187,0.));
#1627 = ORIENTED_EDGE('',*,*,#1628,.F.);
#1628 = EDGE_CURVE('',#1629,#1620,#1631,.T.);
#1629 = VERTEX_POINT('',#1630);
#1630 = CARTESIAN_POINT('',(2.720231111386,15.113517970981,12.4));
#1631 = LINE('',#1632,#1633);
#1632 = CARTESIAN_POINT('',(2.228739884813,14.76937210917,12.4));
#1633 = VECTOR('',#1634,1.);
#1634 = DIRECTION('',(0.819152044289,0.573576436351,0.));
#1635 = ORIENTED_EDGE('',*,*,#1636,.T.);
#1636 = EDGE_CURVE('',#1629,#1170,#1637,.T.);
#1637 = CIRCLE('',#1638,0.6);
#1638 = AXIS2_PLACEMENT_3D('',#1639,#1640,#1641);
#1639 = CARTESIAN_POINT('',(2.376085249576,15.605009197554,12.4));
#1640 = DIRECTION('',(-0.,0.,-1.));
#1641 = DIRECTION('',(-0.707106781187,-0.707106781187,0.));
#1642 = ORIENTED_EDGE('',*,*,#1177,.T.);
#1643 = ORIENTED_EDGE('',*,*,#1644,.F.);
#1644 = EDGE_CURVE('',#1645,#1151,#1647,.T.);
#1645 = VERTEX_POINT('',#1646);
#1646 = CARTESIAN_POINT('',(0.654777314293,17.017223616945,12.4));
#1647 = LINE('',#1648,#1649);
#1648 = CARTESIAN_POINT('',(1.269685668648,16.139043476344,12.4));
#1649 = VECTOR('',#1650,1.);
#1650 = DIRECTION('',(0.573576436351,-0.819152044289,-0.));
#1651 = ORIENTED_EDGE('',*,*,#1652,.T.);
#1652 = EDGE_CURVE('',#1645,#1653,#1655,.T.);
#1653 = VERTEX_POINT('',#1654);
#1654 = CARTESIAN_POINT('',(0.802122679056,17.852860705329,12.4));
#1655 = CIRCLE('',#1656,0.6);
#1656 = AXIS2_PLACEMENT_3D('',#1657,#1658,#1659);
#1657 = CARTESIAN_POINT('',(1.146268540867,17.361369478755,12.4));
#1658 = DIRECTION('',(-0.,0.,-1.));
#1659 = DIRECTION('',(-0.707106781187,-0.707106781187,0.));
#1660 = ORIENTED_EDGE('',*,*,#1661,.F.);
#1661 = EDGE_CURVE('',#1086,#1653,#1662,.T.);
#1662 = LINE('',#1663,#1664);
#1663 = CARTESIAN_POINT('',(0.310631452483,17.508714843518,12.4));
#1664 = VECTOR('',#1665,1.);
#1665 = DIRECTION('',(-0.819152044289,-0.573576436351,0.));
#1666 = ORIENTED_EDGE('',*,*,#1085,.T.);
#1667 = ORIENTED_EDGE('',*,*,#1668,.T.);
#1668 = EDGE_CURVE('',#1078,#1669,#1671,.T.);
#1669 = VERTEX_POINT('',#1670);
#1670 = CARTESIAN_POINT('',(1.324746611114,18.597393973876,12.4));
#1671 = CIRCLE('',#1672,0.2);
#1672 = AXIS2_PLACEMENT_3D('',#1673,#1674,#1675);
#1673 = CARTESIAN_POINT('',(1.251149577163,18.411427641994,12.4));
#1674 = DIRECTION('',(0.,0.,1.));
#1675 = DIRECTION('',(-0.707106781187,-0.707106781187,0.));
#1676 = ORIENTED_EDGE('',*,*,#1677,.F.);
#1677 = EDGE_CURVE('',#1678,#1669,#1680,.T.);
#1678 = VERTEX_POINT('',#1679);
#1679 = CARTESIAN_POINT('',(0.714195615613,11.721554928493,12.4));
#1680 = CIRCLE('',#1681,3.6);
#1681 = AXIS2_PLACEMENT_3D('',#1682,#1683,#1684);
#1682 = CARTESIAN_POINT('',(7.632783294298E-16,15.25,12.4));
#1683 = DIRECTION('',(-0.,0.,-1.));
#1684 = DIRECTION('',(-0.707106781187,-0.707106781187,0.));
#1685 = ORIENTED_EDGE('',*,*,#1686,.F.);
#1686 = EDGE_CURVE('',#1610,#1678,#1687,.T.);
#1687 = LINE('',#1688,#1689);
#1688 = CARTESIAN_POINT('',(0.714195615613,11.721554928493,12.4));
#1689 = VECTOR('',#1690,1.);
#1690 = DIRECTION('',(-0.707106781187,-0.707106781187,0.));
#1691 = FACE_BOUND('',#1692,.T.);
#1692 = EDGE_LOOP('',(#1693,#1694));
#1693 = ORIENTED_EDGE('',*,*,#1304,.T.);
#1694 = ORIENTED_EDGE('',*,*,#1695,.T.);
#1695 = EDGE_CURVE('',#1305,#1297,#1696,.T.);
#1696 = CIRCLE('',#1697,0.45);
#1697 = AXIS2_PLACEMENT_3D('',#1698,#1699,#1700);
#1698 = CARTESIAN_POINT('',(-0.416755626401,12.886461392771,12.4));
#1699 = DIRECTION('',(-0.,0.,-1.));
#1700 = DIRECTION('',(-0.707106781187,-0.707106781187,0.));
#1701 = FACE_BOUND('',#1702,.T.);
#1702 = EDGE_LOOP('',(#1703,#1704));
#1703 = ORIENTED_EDGE('',*,*,#1262,.T.);
#1704 = ORIENTED_EDGE('',*,*,#1705,.T.);
#1705 = EDGE_CURVE('',#1263,#1255,#1706,.T.);
#1706 = CIRCLE('',#1707,0.45);
#1707 = AXIS2_PLACEMENT_3D('',#1708,#1709,#1710);
#1708 = CARTESIAN_POINT('',(-0.621165708246,17.568221983094,12.4));
#1709 = DIRECTION('',(-0.,0.,-1.));
#1710 = DIRECTION('',(-0.707106781187,-0.707106781187,0.));
#1711 = PLANE('',#1712);
#1712 = AXIS2_PLACEMENT_3D('',#1713,#1714,#1715);
#1713 = CARTESIAN_POINT('',(7.632783294298E-16,15.25,12.4));
#1714 = DIRECTION('',(0.,0.,-1.));
#1715 = DIRECTION('',(-0.707106781187,-0.707106781187,-0.));
#1716 = ADVANCED_FACE('',(#1717),#1733,.F.);
#1717 = FACE_BOUND('',#1718,.T.);
#1718 = EDGE_LOOP('',(#1719,#1720,#1726,#1727));
#1719 = ORIENTED_EDGE('',*,*,#1628,.T.);
#1720 = ORIENTED_EDGE('',*,*,#1721,.T.);
#1721 = EDGE_CURVE('',#1620,#1468,#1722,.T.);
#1722 = LINE('',#1723,#1724);
#1723 = CARTESIAN_POINT('',(3.283973296763,15.508254498789,9.8));
#1724 = VECTOR('',#1725,1.);
#1725 = DIRECTION('',(0.,0.,-1.));
#1726 = ORIENTED_EDGE('',*,*,#1465,.F.);
#1727 = ORIENTED_EDGE('',*,*,#1728,.T.);
#1728 = EDGE_CURVE('',#1466,#1629,#1729,.T.);
#1729 = LINE('',#1730,#1731);
#1730 = CARTESIAN_POINT('',(2.720231111386,15.113517970981,12.4));
#1731 = VECTOR('',#1732,1.);
#1732 = DIRECTION('',(0.,0.,1.));
#1733 = PLANE('',#1734);
#1734 = AXIS2_PLACEMENT_3D('',#1735,#1736,#1737);
#1735 = CARTESIAN_POINT('',(2.228739884813,14.76937210917,9.8));
#1736 = DIRECTION('',(0.573576436351,-0.819152044289,-0.));
#1737 = DIRECTION('',(-0.819152044289,-0.573576436351,0.));
#1738 = ADVANCED_FACE('',(#1739),#1750,.T.);
#1739 = FACE_BOUND('',#1740,.T.);
#1740 = EDGE_LOOP('',(#1741,#1742,#1743,#1744));
#1741 = ORIENTED_EDGE('',*,*,#1483,.F.);
#1742 = ORIENTED_EDGE('',*,*,#1136,.T.);
#1743 = ORIENTED_EDGE('',*,*,#1609,.T.);
#1744 = ORIENTED_EDGE('',*,*,#1745,.F.);
#1745 = EDGE_CURVE('',#1484,#1610,#1746,.T.);
#1746 = LINE('',#1747,#1748);
#1747 = CARTESIAN_POINT('',(3.528445071507,14.535804384387,9.8));
#1748 = VECTOR('',#1749,1.);
#1749 = DIRECTION('',(0.,0.,1.));
#1750 = CYLINDRICAL_SURFACE('',#1751,3.6);
#1751 = AXIS2_PLACEMENT_3D('',#1752,#1753,#1754);
#1752 = CARTESIAN_POINT('',(7.632783294298E-16,15.25,9.8));
#1753 = DIRECTION('',(0.,0.,1.));
#1754 = DIRECTION('',(0.707106781187,0.707106781187,-0.));
#1755 = ADVANCED_FACE('',(#1756,#1766),#1777,.F.);
#1756 = FACE_BOUND('',#1757,.T.);
#1757 = EDGE_LOOP('',(#1758,#1765));
#1758 = ORIENTED_EDGE('',*,*,#1759,.F.);
#1759 = EDGE_CURVE('',#1213,#1221,#1760,.T.);
#1760 = CIRCLE('',#1761,0.8);
#1761 = AXIS2_PLACEMENT_3D('',#1762,#1763,#1764);
#1762 = CARTESIAN_POINT('',(2.12132034356,13.12867965644,11.1));
#1763 = DIRECTION('',(0.707106781187,-0.707106781187,0.));
#1764 = DIRECTION('',(0.,0.,1.));
#1765 = ORIENTED_EDGE('',*,*,#1220,.F.);
#1766 = FACE_BOUND('',#1767,.T.);
#1767 = EDGE_LOOP('',(#1768,#1769,#1775,#1776));
#1768 = ORIENTED_EDGE('',*,*,#1686,.T.);
#1769 = ORIENTED_EDGE('',*,*,#1770,.F.);
#1770 = EDGE_CURVE('',#1493,#1678,#1771,.T.);
#1771 = LINE('',#1772,#1773);
#1772 = CARTESIAN_POINT('',(0.714195615613,11.721554928493,9.8));
#1773 = VECTOR('',#1774,1.);
#1774 = DIRECTION('',(0.,0.,1.));
#1775 = ORIENTED_EDGE('',*,*,#1492,.F.);
#1776 = ORIENTED_EDGE('',*,*,#1745,.T.);
#1777 = PLANE('',#1778);
#1778 = AXIS2_PLACEMENT_3D('',#1779,#1780,#1781);
#1779 = CARTESIAN_POINT('',(0.714195615613,11.721554928493,9.8));
#1780 = DIRECTION('',(-0.707106781187,0.707106781187,0.));
#1781 = DIRECTION('',(0.,0.,-1.));
#1782 = ADVANCED_FACE('',(#1783),#1794,.T.);
#1783 = FACE_BOUND('',#1784,.T.);
#1784 = EDGE_LOOP('',(#1785,#1786,#1792,#1793));
#1785 = ORIENTED_EDGE('',*,*,#1677,.T.);
#1786 = ORIENTED_EDGE('',*,*,#1787,.T.);
#1787 = EDGE_CURVE('',#1669,#1501,#1788,.T.);
#1788 = LINE('',#1789,#1790);
#1789 = CARTESIAN_POINT('',(1.324746611114,18.597393973876,9.8));
#1790 = VECTOR('',#1791,1.);
#1791 = DIRECTION('',(0.,0.,-1.));
#1792 = ORIENTED_EDGE('',*,*,#1500,.F.);
#1793 = ORIENTED_EDGE('',*,*,#1770,.T.);
#1794 = CYLINDRICAL_SURFACE('',#1795,3.6);
#1795 = AXIS2_PLACEMENT_3D('',#1796,#1797,#1798);
#1796 = CARTESIAN_POINT('',(7.632783294298E-16,15.25,9.8));
#1797 = DIRECTION('',(0.,0.,1.));
#1798 = DIRECTION('',(0.707106781187,0.707106781187,-0.));
#1799 = ADVANCED_FACE('',(#1800),#1811,.F.);
#1800 = FACE_BOUND('',#1801,.T.);
#1801 = EDGE_LOOP('',(#1802,#1803,#1804,#1805));
#1802 = ORIENTED_EDGE('',*,*,#1517,.F.);
#1803 = ORIENTED_EDGE('',*,*,#1094,.T.);
#1804 = ORIENTED_EDGE('',*,*,#1661,.T.);
#1805 = ORIENTED_EDGE('',*,*,#1806,.T.);
#1806 = EDGE_CURVE('',#1653,#1518,#1807,.T.);
#1807 = LINE('',#1808,#1809);
#1808 = CARTESIAN_POINT('',(0.802122679056,17.852860705329,9.8));
#1809 = VECTOR('',#1810,1.);
#1810 = DIRECTION('',(0.,0.,-1.));
#1811 = PLANE('',#1812);
#1812 = AXIS2_PLACEMENT_3D('',#1813,#1814,#1815);
#1813 = CARTESIAN_POINT('',(0.310631452483,17.508714843518,9.8));
#1814 = DIRECTION('',(-0.573576436351,0.819152044289,0.));
#1815 = DIRECTION('',(0.819152044289,0.573576436351,0.));
#1816 = ADVANCED_FACE('',(#1817),#1828,.F.);
#1817 = FACE_BOUND('',#1818,.T.);
#1818 = EDGE_LOOP('',(#1819,#1820,#1821,#1822));
#1819 = ORIENTED_EDGE('',*,*,#1644,.T.);
#1820 = ORIENTED_EDGE('',*,*,#1150,.T.);
#1821 = ORIENTED_EDGE('',*,*,#1534,.F.);
#1822 = ORIENTED_EDGE('',*,*,#1823,.T.);
#1823 = EDGE_CURVE('',#1526,#1645,#1824,.T.);
#1824 = LINE('',#1825,#1826);
#1825 = CARTESIAN_POINT('',(0.654777314293,17.017223616945,12.4));
#1826 = VECTOR('',#1827,1.);
#1827 = DIRECTION('',(0.,0.,1.));
#1828 = PLANE('',#1829);
#1829 = AXIS2_PLACEMENT_3D('',#1830,#1831,#1832);
#1830 = CARTESIAN_POINT('',(1.269685668648,16.139043476344,9.8));
#1831 = DIRECTION('',(-0.819152044289,-0.573576436351,0.));
#1832 = DIRECTION('',(-0.573576436351,0.819152044289,0.));
#1833 = ADVANCED_FACE('',(#1834),#1840,.F.);
#1834 = FACE_BOUND('',#1835,.F.);
#1835 = EDGE_LOOP('',(#1836,#1837,#1838,#1839));
#1836 = ORIENTED_EDGE('',*,*,#1695,.T.);
#1837 = ORIENTED_EDGE('',*,*,#1294,.F.);
#1838 = ORIENTED_EDGE('',*,*,#1456,.F.);
#1839 = ORIENTED_EDGE('',*,*,#1313,.T.);
#1840 = CYLINDRICAL_SURFACE('',#1841,0.45);
#1841 = AXIS2_PLACEMENT_3D('',#1842,#1843,#1844);
#1842 = CARTESIAN_POINT('',(-0.416755626401,12.886461392771,9.8));
#1843 = DIRECTION('',(0.,0.,1.));
#1844 = DIRECTION('',(0.707106781187,0.707106781187,-0.));
#1845 = ADVANCED_FACE('',(#1846),#1852,.F.);
#1846 = FACE_BOUND('',#1847,.F.);
#1847 = EDGE_LOOP('',(#1848,#1849,#1850,#1851));
#1848 = ORIENTED_EDGE('',*,*,#1705,.T.);
#1849 = ORIENTED_EDGE('',*,*,#1252,.F.);
#1850 = ORIENTED_EDGE('',*,*,#1551,.F.);
#1851 = ORIENTED_EDGE('',*,*,#1271,.T.);
#1852 = CYLINDRICAL_SURFACE('',#1853,0.45);
#1853 = AXIS2_PLACEMENT_3D('',#1854,#1855,#1856);
#1854 = CARTESIAN_POINT('',(-0.621165708246,17.568221983094,9.8));
#1855 = DIRECTION('',(0.,0.,1.));
#1856 = DIRECTION('',(0.707106781187,0.707106781187,-0.));
#1857 = ADVANCED_FACE('',(#1858),#1874,.F.);
#1858 = FACE_BOUND('',#1859,.F.);
#1859 = EDGE_LOOP('',(#1860,#1866,#1867,#1873));
#1860 = ORIENTED_EDGE('',*,*,#1861,.F.);
#1861 = EDGE_CURVE('',#1413,#1575,#1862,.T.);
#1862 = LINE('',#1863,#1864);
#1863 = CARTESIAN_POINT('',(-0.395979797464,15.13686291501,9.8));
#1864 = VECTOR('',#1865,1.);
#1865 = DIRECTION('',(0.,0.,1.));
#1866 = ORIENTED_EDGE('',*,*,#1412,.T.);
#1867 = ORIENTED_EDGE('',*,*,#1868,.T.);
#1868 = EDGE_CURVE('',#1415,#1567,#1869,.T.);
#1869 = LINE('',#1870,#1871);
#1870 = CARTESIAN_POINT('',(-0.494974746831,15.037867965644,9.8));
#1871 = VECTOR('',#1872,1.);
#1872 = DIRECTION('',(0.,0.,1.));
#1873 = ORIENTED_EDGE('',*,*,#1574,.F.);
#1874 = CYLINDRICAL_SURFACE('',#1875,7.E-02);
#1875 = AXIS2_PLACEMENT_3D('',#1876,#1877,#1878);
#1876 = CARTESIAN_POINT('',(-0.445477272148,15.087365440327,9.8));
#1877 = DIRECTION('',(0.,0.,1.));
#1878 = DIRECTION('',(0.707106781187,0.707106781187,-0.));
#1879 = ADVANCED_FACE('',(#1880),#1891,.F.);
#1880 = FACE_BOUND('',#1881,.T.);
#1881 = EDGE_LOOP('',(#1882,#1883,#1884,#1885));
#1882 = ORIENTED_EDGE('',*,*,#1583,.T.);
#1883 = ORIENTED_EDGE('',*,*,#1861,.F.);
#1884 = ORIENTED_EDGE('',*,*,#1447,.F.);
#1885 = ORIENTED_EDGE('',*,*,#1886,.T.);
#1886 = EDGE_CURVE('',#1439,#1584,#1887,.T.);
#1887 = LINE('',#1888,#1889);
#1888 = CARTESIAN_POINT('',(0.11313708499,15.645979797464,9.8));
#1889 = VECTOR('',#1890,1.);
#1890 = DIRECTION('',(0.,0.,1.));
#1891 = PLANE('',#1892);
#1892 = AXIS2_PLACEMENT_3D('',#1893,#1894,#1895);
#1893 = CARTESIAN_POINT('',(0.11313708499,15.645979797464,9.8));
#1894 = DIRECTION('',(-0.707106781187,0.707106781187,0.));
#1895 = DIRECTION('',(0.,0.,-1.));
#1896 = ADVANCED_FACE('',(#1897),#1908,.F.);
#1897 = FACE_BOUND('',#1898,.F.);
#1898 = EDGE_LOOP('',(#1899,#1905,#1906,#1907));
#1899 = ORIENTED_EDGE('',*,*,#1900,.F.);
#1900 = EDGE_CURVE('',#1431,#1592,#1901,.T.);
#1901 = LINE('',#1902,#1903);
#1902 = CARTESIAN_POINT('',(0.212132034356,15.744974746831,9.8));
#1903 = VECTOR('',#1904,1.);
#1904 = DIRECTION('',(0.,0.,1.));
#1905 = ORIENTED_EDGE('',*,*,#1438,.T.);
#1906 = ORIENTED_EDGE('',*,*,#1886,.T.);
#1907 = ORIENTED_EDGE('',*,*,#1591,.F.);
#1908 = CYLINDRICAL_SURFACE('',#1909,7.E-02);
#1909 = AXIS2_PLACEMENT_3D('',#1910,#1911,#1912);
#1910 = CARTESIAN_POINT('',(0.162634559673,15.695477272148,9.8));
#1911 = DIRECTION('',(0.,0.,1.));
#1912 = DIRECTION('',(0.707106781187,0.707106781187,-0.));
#1913 = ADVANCED_FACE('',(#1914),#1920,.F.);
#1914 = FACE_BOUND('',#1915,.T.);
#1915 = EDGE_LOOP('',(#1916,#1917,#1918,#1919));
#1916 = ORIENTED_EDGE('',*,*,#1600,.T.);
#1917 = ORIENTED_EDGE('',*,*,#1900,.F.);
#1918 = ORIENTED_EDGE('',*,*,#1430,.F.);
#1919 = ORIENTED_EDGE('',*,*,#1355,.T.);
#1920 = PLANE('',#1921);
#1921 = AXIS2_PLACEMENT_3D('',#1922,#1923,#1924);
#1922 = CARTESIAN_POINT('',(0.353553390593,15.603553390593,9.8));
#1923 = DIRECTION('',(0.707106781187,0.707106781187,0.));
#1924 = DIRECTION('',(0.707106781187,-0.707106781187,-0.));
#1925 = ADVANCED_FACE('',(#1926),#1932,.F.);
#1926 = FACE_BOUND('',#1927,.T.);
#1927 = EDGE_LOOP('',(#1928,#1929,#1930,#1931));
#1928 = ORIENTED_EDGE('',*,*,#1566,.T.);
#1929 = ORIENTED_EDGE('',*,*,#1336,.F.);
#1930 = ORIENTED_EDGE('',*,*,#1423,.F.);
#1931 = ORIENTED_EDGE('',*,*,#1868,.T.);
#1932 = PLANE('',#1933);
#1933 = AXIS2_PLACEMENT_3D('',#1934,#1935,#1936);
#1934 = CARTESIAN_POINT('',(-0.353553390593,14.896446609407,9.8));
#1935 = DIRECTION('',(-0.707106781187,-0.707106781187,0.));
#1936 = DIRECTION('',(-0.707106781187,0.707106781187,0.));
#1937 = ADVANCED_FACE('',(#1938),#1952,.F.);
#1938 = FACE_BOUND('',#1939,.F.);
#1939 = EDGE_LOOP('',(#1940,#1941,#1942,#1943,#1950,#1951));
#1940 = ORIENTED_EDGE('',*,*,#1759,.F.);
#1941 = ORIENTED_EDGE('',*,*,#1212,.F.);
#1942 = ORIENTED_EDGE('',*,*,#1390,.T.);
#1943 = ORIENTED_EDGE('',*,*,#1944,.T.);
#1944 = EDGE_CURVE('',#1383,#1374,#1945,.T.);
#1945 = CIRCLE('',#1946,0.8);
#1946 = AXIS2_PLACEMENT_3D('',#1947,#1948,#1949);
#1947 = CARTESIAN_POINT('',(0.282842712475,14.967157287525,11.1));
#1948 = DIRECTION('',(0.707106781187,-0.707106781187,0.));
#1949 = DIRECTION('',(0.,0.,1.));
#1950 = ORIENTED_EDGE('',*,*,#1373,.T.);
#1951 = ORIENTED_EDGE('',*,*,#1229,.T.);
#1952 = CYLINDRICAL_SURFACE('',#1953,0.8);
#1953 = AXIS2_PLACEMENT_3D('',#1954,#1955,#1956);
#1954 = CARTESIAN_POINT('',(0.282842712475,14.967157287525,11.1));
#1955 = DIRECTION('',(0.707106781187,-0.707106781187,0.));
#1956 = DIRECTION('',(0.,0.,1.));
#1957 = ADVANCED_FACE('',(#1958),#1962,.T.);
#1958 = FACE_BOUND('',#1959,.T.);
#1959 = EDGE_LOOP('',(#1960,#1961));
#1960 = ORIENTED_EDGE('',*,*,#1398,.T.);
#1961 = ORIENTED_EDGE('',*,*,#1192,.T.);
#1962 = PLANE('',#1963);
#1963 = AXIS2_PLACEMENT_3D('',#1964,#1965,#1966);
#1964 = CARTESIAN_POINT('',(0.282842712475,14.967157287525,11.1));
#1965 = DIRECTION('',(0.707106781187,-0.707106781187,-0.));
#1966 = DIRECTION('',(0.,0.,1.));
#1967 = ADVANCED_FACE('',(#1968),#1972,.T.);
#1968 = FACE_BOUND('',#1969,.T.);
#1969 = EDGE_LOOP('',(#1970,#1971));
#1970 = ORIENTED_EDGE('',*,*,#1382,.T.);
#1971 = ORIENTED_EDGE('',*,*,#1944,.T.);
#1972 = PLANE('',#1973);
#1973 = AXIS2_PLACEMENT_3D('',#1974,#1975,#1976);
#1974 = CARTESIAN_POINT('',(0.282842712475,14.967157287525,11.1));
#1975 = DIRECTION('',(0.707106781187,-0.707106781187,-0.));
#1976 = DIRECTION('',(0.,0.,1.));
#1977 = ADVANCED_FACE('',(#1978),#1984,.F.);
#1978 = FACE_BOUND('',#1979,.F.);
#1979 = EDGE_LOOP('',(#1980,#1981,#1982,#1983));
#1980 = ORIENTED_EDGE('',*,*,#1541,.T.);
#1981 = ORIENTED_EDGE('',*,*,#1728,.T.);
#1982 = ORIENTED_EDGE('',*,*,#1636,.T.);
#1983 = ORIENTED_EDGE('',*,*,#1169,.T.);
#1984 = CYLINDRICAL_SURFACE('',#1985,0.6);
#1985 = AXIS2_PLACEMENT_3D('',#1986,#1987,#1988);
#1986 = CARTESIAN_POINT('',(2.376085249576,15.605009197554,9.8));
#1987 = DIRECTION('',(0.,0.,-1.));
#1988 = DIRECTION('',(-0.707106781187,-0.707106781187,-0.));
#1989 = ADVANCED_FACE('',(#1990),#1996,.F.);
#1990 = FACE_BOUND('',#1991,.F.);
#1991 = EDGE_LOOP('',(#1992,#1993,#1994,#1995));
#1992 = ORIENTED_EDGE('',*,*,#1823,.T.);
#1993 = ORIENTED_EDGE('',*,*,#1652,.T.);
#1994 = ORIENTED_EDGE('',*,*,#1806,.T.);
#1995 = ORIENTED_EDGE('',*,*,#1525,.T.);
#1996 = CYLINDRICAL_SURFACE('',#1997,0.6);
#1997 = AXIS2_PLACEMENT_3D('',#1998,#1999,#2000);
#1998 = CARTESIAN_POINT('',(1.146268540867,17.361369478755,9.8));
#1999 = DIRECTION('',(0.,0.,-1.));
#2000 = DIRECTION('',(-0.707106781187,-0.707106781187,-0.));
#2001 = ADVANCED_FACE('',(#2002),#2008,.T.);
#2002 = FACE_BOUND('',#2003,.T.);
#2003 = EDGE_LOOP('',(#2004,#2005,#2006,#2007));
#2004 = ORIENTED_EDGE('',*,*,#1119,.F.);
#2005 = ORIENTED_EDGE('',*,*,#1475,.F.);
#2006 = ORIENTED_EDGE('',*,*,#1721,.F.);
#2007 = ORIENTED_EDGE('',*,*,#1619,.F.);
#2008 = CYLINDRICAL_SURFACE('',#2009,0.2);
#2009 = AXIS2_PLACEMENT_3D('',#2010,#2011,#2012);
#2010 = CARTESIAN_POINT('',(3.398688584034,15.344424089931,9.8));
#2011 = DIRECTION('',(0.,0.,1.));
#2012 = DIRECTION('',(0.707106781187,0.707106781187,-0.));
#2013 = ADVANCED_FACE('',(#2014),#2020,.T.);
#2014 = FACE_BOUND('',#2015,.T.);
#2015 = EDGE_LOOP('',(#2016,#2017,#2018,#2019));
#2016 = ORIENTED_EDGE('',*,*,#1077,.F.);
#2017 = ORIENTED_EDGE('',*,*,#1509,.F.);
#2018 = ORIENTED_EDGE('',*,*,#1787,.F.);
#2019 = ORIENTED_EDGE('',*,*,#1668,.F.);
#2020 = CYLINDRICAL_SURFACE('',#2021,0.2);
#2021 = AXIS2_PLACEMENT_3D('',#2022,#2023,#2024);
#2022 = CARTESIAN_POINT('',(1.251149577163,18.411427641994,9.8));
#2023 = DIRECTION('',(0.,0.,1.));
#2024 = DIRECTION('',(0.707106781187,0.707106781187,-0.));
#2025 = ( GEOMETRIC_REPRESENTATION_CONTEXT(3) 
GLOBAL_UNCERTAINTY_ASSIGNED_CONTEXT((#2029)) 
GLOBAL_UNIT_ASSIGNED_CONTEXT((#2026,#2027,#2028)) REPRESENTATION_CONTEXT
('Context #1','3D Context with UNIT and UNCERTAINTY') );
#2026 = ( LENGTH_UNIT() NAMED_UNIT(*) SI_UNIT(.MILLI.,.METRE.) );
#2027 = ( NAMED_UNIT(*) PLANE_ANGLE_UNIT() SI_UNIT($,.RADIAN.) );
#2028 = ( NAMED_UNIT(*) SI_UNIT($,.STERADIAN.) SOLID_ANGLE_UNIT() );
#2029 = UNCERTAINTY_MEASURE_WITH_UNIT(LENGTH_MEASURE(2.E-05),#2026,
  'distance_accuracy_value','confusion accuracy');
#2030 = CONTEXT_DEPENDENT_SHAPE_REPRESENTATION(#2031,#2033);
#2031 = ( REPRESENTATION_RELATIONSHIP('','',#1059,#1032) 
REPRESENTATION_RELATIONSHIP_WITH_TRANSFORMATION(#2032) 
SHAPE_REPRESENTATION_RELATIONSHIP() );
#2032 = ITEM_DEFINED_TRANSFORMATION('','',#11,#1033);
#2033 = PRODUCT_DEFINITION_SHAPE('Placement','Placement of an item',
  #2034);
#2034 = NEXT_ASSEMBLY_USAGE_OCCURRENCE('3','ShutterOpen_part','',#1027,
  #1054,$);
#2035 = PRODUCT_RELATED_PRODUCT_CATEGORY('part',$,(#1056));
#2036 = SHAPE_DEFINITION_REPRESENTATION(#2037,#2043);
#2037 = PRODUCT_DEFINITION_SHAPE('','',#2038);
#2038 = PRODUCT_DEFINITION('design','',#2039,#2042);
#2039 = PRODUCT_DEFINITION_FORMATION('','',#2040);
#2040 = PRODUCT('ShutterOpen_part001','ShutterOpen_part001','',(#2041));
#2041 = PRODUCT_CONTEXT('',#2,'mechanical');
#2042 = PRODUCT_DEFINITION_CONTEXT('part definition',#2,'design');
#2043 = ADVANCED_BREP_SHAPE_REPRESENTATION('',(#11,#2044),#3203);
#2044 = MANIFOLD_SOLID_BREP('',#2045);
#2045 = CLOSED_SHELL('',(#2046,#2088,#2130,#2172,#2440,#2708,#2730,#2752
    ,#2774,#2796,#2818,#2840,#2862,#2884,#2901,#2923,#2940,#2962,#2974,
    #2991,#3008,#3025,#3042,#3059,#3071,#3083,#3095,#3107,#3119,#3131,
    #3143,#3155,#3167,#3179,#3191));
#2046 = ADVANCED_FACE('',(#2047),#2083,.F.);
#2047 = FACE_BOUND('',#2048,.F.);
#2048 = EDGE_LOOP('',(#2049,#2059,#2068,#2076));
#2049 = ORIENTED_EDGE('',*,*,#2050,.T.);
#2050 = EDGE_CURVE('',#2051,#2053,#2055,.T.);
#2051 = VERTEX_POINT('',#2052);
#2052 = CARTESIAN_POINT('',(-0.179223970004,17.126280244852,9.8));
#2053 = VERTEX_POINT('',#2054);
#2054 = CARTESIAN_POINT('',(-0.179223970004,17.126280244852,9.5));
#2055 = LINE('',#2056,#2057);
#2056 = CARTESIAN_POINT('',(-0.179223970004,17.126280244852,9.8));
#2057 = VECTOR('',#2058,1.);
#2058 = DIRECTION('',(-0.,0.,-1.));
#2059 = ORIENTED_EDGE('',*,*,#2060,.T.);
#2060 = EDGE_CURVE('',#2053,#2061,#2063,.T.);
#2061 = VERTEX_POINT('',#2062);
#2062 = CARTESIAN_POINT('',(-1.063107446488,18.010163721335,9.5));
#2063 = CIRCLE('',#2064,0.625);
#2064 = AXIS2_PLACEMENT_3D('',#2065,#2066,#2067);
#2065 = CARTESIAN_POINT('',(-0.621165708246,17.568221983094,9.5));
#2066 = DIRECTION('',(0.,0.,1.));
#2067 = DIRECTION('',(-0.707106781187,0.707106781187,0.));
#2068 = ORIENTED_EDGE('',*,*,#2069,.F.);
#2069 = EDGE_CURVE('',#2070,#2061,#2072,.T.);
#2070 = VERTEX_POINT('',#2071);
#2071 = CARTESIAN_POINT('',(-1.063107446488,18.010163721335,9.8));
#2072 = LINE('',#2073,#2074);
#2073 = CARTESIAN_POINT('',(-1.063107446488,18.010163721335,9.8));
#2074 = VECTOR('',#2075,1.);
#2075 = DIRECTION('',(-0.,0.,-1.));
#2076 = ORIENTED_EDGE('',*,*,#2077,.F.);
#2077 = EDGE_CURVE('',#2051,#2070,#2078,.T.);
#2078 = CIRCLE('',#2079,0.625);
#2079 = AXIS2_PLACEMENT_3D('',#2080,#2081,#2082);
#2080 = CARTESIAN_POINT('',(-0.621165708246,17.568221983094,9.8));
#2081 = DIRECTION('',(0.,0.,1.));
#2082 = DIRECTION('',(-0.707106781187,0.707106781187,0.));
#2083 = CYLINDRICAL_SURFACE('',#2084,0.625);
#2084 = AXIS2_PLACEMENT_3D('',#2085,#2086,#2087);
#2085 = CARTESIAN_POINT('',(-0.621165708246,17.568221983094,9.8));
#2086 = DIRECTION('',(-0.,0.,-1.));
#2087 = DIRECTION('',(0.707106781187,-0.707106781187,-0.));
#2088 = ADVANCED_FACE('',(#2089),#2125,.F.);
#2089 = FACE_BOUND('',#2090,.F.);
#2090 = EDGE_LOOP('',(#2091,#2101,#2110,#2118));
#2091 = ORIENTED_EDGE('',*,*,#2092,.T.);
#2092 = EDGE_CURVE('',#2093,#2095,#2097,.T.);
#2093 = VERTEX_POINT('',#2094);
#2094 = CARTESIAN_POINT('',(-0.353553390593,14.896446609407,9.8));
#2095 = VERTEX_POINT('',#2096);
#2096 = CARTESIAN_POINT('',(-0.353553390593,14.896446609407,9.5));
#2097 = LINE('',#2098,#2099);
#2098 = CARTESIAN_POINT('',(-0.353553390593,14.896446609407,9.8));
#2099 = VECTOR('',#2100,1.);
#2100 = DIRECTION('',(-0.,0.,-1.));
#2101 = ORIENTED_EDGE('',*,*,#2102,.T.);
#2102 = EDGE_CURVE('',#2095,#2103,#2105,.T.);
#2103 = VERTEX_POINT('',#2104);
#2104 = CARTESIAN_POINT('',(0.353553390593,14.896446609407,9.5));
#2105 = CIRCLE('',#2106,0.5);
#2106 = AXIS2_PLACEMENT_3D('',#2107,#2108,#2109);
#2107 = CARTESIAN_POINT('',(3.00107161344E-16,15.25,9.5));
#2108 = DIRECTION('',(0.,0.,1.));
#2109 = DIRECTION('',(-0.707106781187,0.707106781187,0.));
#2110 = ORIENTED_EDGE('',*,*,#2111,.F.);
#2111 = EDGE_CURVE('',#2112,#2103,#2114,.T.);
#2112 = VERTEX_POINT('',#2113);
#2113 = CARTESIAN_POINT('',(0.353553390593,14.896446609407,9.8));
#2114 = LINE('',#2115,#2116);
#2115 = CARTESIAN_POINT('',(0.353553390593,14.896446609407,9.8));
#2116 = VECTOR('',#2117,1.);
#2117 = DIRECTION('',(-0.,0.,-1.));
#2118 = ORIENTED_EDGE('',*,*,#2119,.F.);
#2119 = EDGE_CURVE('',#2093,#2112,#2120,.T.);
#2120 = CIRCLE('',#2121,0.5);
#2121 = AXIS2_PLACEMENT_3D('',#2122,#2123,#2124);
#2122 = CARTESIAN_POINT('',(3.00107161344E-16,15.25,9.8));
#2123 = DIRECTION('',(0.,0.,1.));
#2124 = DIRECTION('',(-0.707106781187,0.707106781187,0.));
#2125 = CYLINDRICAL_SURFACE('',#2126,0.5);
#2126 = AXIS2_PLACEMENT_3D('',#2127,#2128,#2129);
#2127 = CARTESIAN_POINT('',(3.00107161344E-16,15.25,9.8));
#2128 = DIRECTION('',(-0.,0.,-1.));
#2129 = DIRECTION('',(0.707106781187,-0.707106781187,-0.));
#2130 = ADVANCED_FACE('',(#2131),#2167,.F.);
#2131 = FACE_BOUND('',#2132,.F.);
#2132 = EDGE_LOOP('',(#2133,#2143,#2152,#2160));
#2133 = ORIENTED_EDGE('',*,*,#2134,.T.);
#2134 = EDGE_CURVE('',#2135,#2137,#2139,.T.);
#2135 = VERTEX_POINT('',#2136);
#2136 = CARTESIAN_POINT('',(2.518611184096E-02,12.444519654529,9.8));
#2137 = VERTEX_POINT('',#2138);
#2138 = CARTESIAN_POINT('',(2.518611184096E-02,12.444519654529,9.5));
#2139 = LINE('',#2140,#2141);
#2140 = CARTESIAN_POINT('',(2.518611184096E-02,12.444519654529,9.8));
#2141 = VECTOR('',#2142,1.);
#2142 = DIRECTION('',(-0.,0.,-1.));
#2143 = ORIENTED_EDGE('',*,*,#2144,.T.);
#2144 = EDGE_CURVE('',#2137,#2145,#2147,.T.);
#2145 = VERTEX_POINT('',#2146);
#2146 = CARTESIAN_POINT('',(-0.858697364642,13.328403131012,9.5));
#2147 = CIRCLE('',#2148,0.625);
#2148 = AXIS2_PLACEMENT_3D('',#2149,#2150,#2151);
#2149 = CARTESIAN_POINT('',(-0.416755626401,12.886461392771,9.5));
#2150 = DIRECTION('',(0.,0.,1.));
#2151 = DIRECTION('',(-0.707106781187,0.707106781187,0.));
#2152 = ORIENTED_EDGE('',*,*,#2153,.F.);
#2153 = EDGE_CURVE('',#2154,#2145,#2156,.T.);
#2154 = VERTEX_POINT('',#2155);
#2155 = CARTESIAN_POINT('',(-0.858697364642,13.328403131012,9.8));
#2156 = LINE('',#2157,#2158);
#2157 = CARTESIAN_POINT('',(-0.858697364642,13.328403131012,9.8));
#2158 = VECTOR('',#2159,1.);
#2159 = DIRECTION('',(-0.,0.,-1.));
#2160 = ORIENTED_EDGE('',*,*,#2161,.F.);
#2161 = EDGE_CURVE('',#2135,#2154,#2162,.T.);
#2162 = CIRCLE('',#2163,0.625);
#2163 = AXIS2_PLACEMENT_3D('',#2164,#2165,#2166);
#2164 = CARTESIAN_POINT('',(-0.416755626401,12.886461392771,9.8));
#2165 = DIRECTION('',(0.,0.,1.));
#2166 = DIRECTION('',(-0.707106781187,0.707106781187,0.));
#2167 = CYLINDRICAL_SURFACE('',#2168,0.625);
#2168 = AXIS2_PLACEMENT_3D('',#2169,#2170,#2171);
#2169 = CARTESIAN_POINT('',(-0.416755626401,12.886461392771,9.8));
#2170 = DIRECTION('',(-0.,0.,-1.));
#2171 = DIRECTION('',(0.707106781187,-0.707106781187,-0.));
#2172 = ADVANCED_FACE('',(#2173,#2225,#2415,#2425),#2435,.T.);
#2173 = FACE_BOUND('',#2174,.T.);
#2174 = EDGE_LOOP('',(#2175,#2185,#2192,#2193,#2201,#2210,#2218));
#2175 = ORIENTED_EDGE('',*,*,#2176,.F.);
#2176 = EDGE_CURVE('',#2177,#2179,#2181,.T.);
#2177 = VERTEX_POINT('',#2178);
#2178 = CARTESIAN_POINT('',(0.353553390593,15.603553390593,9.8));
#2179 = VERTEX_POINT('',#2180);
#2180 = CARTESIAN_POINT('',(0.212132034356,15.744974746831,9.8));
#2181 = LINE('',#2182,#2183);
#2182 = CARTESIAN_POINT('',(0.353553390593,15.603553390593,9.8));
#2183 = VECTOR('',#2184,1.);
#2184 = DIRECTION('',(-0.707106781187,0.707106781187,0.));
#2185 = ORIENTED_EDGE('',*,*,#2186,.F.);
#2186 = EDGE_CURVE('',#2112,#2177,#2187,.T.);
#2187 = CIRCLE('',#2188,0.5);
#2188 = AXIS2_PLACEMENT_3D('',#2189,#2190,#2191);
#2189 = CARTESIAN_POINT('',(3.00107161344E-16,15.25,9.8));
#2190 = DIRECTION('',(0.,0.,1.));
#2191 = DIRECTION('',(-0.707106781187,0.707106781187,0.));
#2192 = ORIENTED_EDGE('',*,*,#2119,.F.);
#2193 = ORIENTED_EDGE('',*,*,#2194,.F.);
#2194 = EDGE_CURVE('',#2195,#2093,#2197,.T.);
#2195 = VERTEX_POINT('',#2196);
#2196 = CARTESIAN_POINT('',(-0.494974746831,15.037867965644,9.8));
#2197 = LINE('',#2198,#2199);
#2198 = CARTESIAN_POINT('',(-0.353553390593,14.896446609407,9.8));
#2199 = VECTOR('',#2200,1.);
#2200 = DIRECTION('',(0.707106781187,-0.707106781187,-0.));
#2201 = ORIENTED_EDGE('',*,*,#2202,.F.);
#2202 = EDGE_CURVE('',#2203,#2195,#2205,.T.);
#2203 = VERTEX_POINT('',#2204);
#2204 = CARTESIAN_POINT('',(-0.395979797464,15.13686291501,9.8));
#2205 = CIRCLE('',#2206,7.E-02);
#2206 = AXIS2_PLACEMENT_3D('',#2207,#2208,#2209);
#2207 = CARTESIAN_POINT('',(-0.445477272148,15.087365440327,9.8));
#2208 = DIRECTION('',(0.,0.,1.));
#2209 = DIRECTION('',(-0.707106781187,0.707106781187,0.));
#2210 = ORIENTED_EDGE('',*,*,#2211,.F.);
#2211 = EDGE_CURVE('',#2212,#2203,#2214,.T.);
#2212 = VERTEX_POINT('',#2213);
#2213 = CARTESIAN_POINT('',(0.11313708499,15.645979797464,9.8));
#2214 = LINE('',#2215,#2216);
#2215 = CARTESIAN_POINT('',(-0.395979797464,15.13686291501,9.8));
#2216 = VECTOR('',#2217,1.);
#2217 = DIRECTION('',(-0.707106781187,-0.707106781187,0.));
#2218 = ORIENTED_EDGE('',*,*,#2219,.F.);
#2219 = EDGE_CURVE('',#2179,#2212,#2220,.T.);
#2220 = CIRCLE('',#2221,7.E-02);
#2221 = AXIS2_PLACEMENT_3D('',#2222,#2223,#2224);
#2222 = CARTESIAN_POINT('',(0.162634559673,15.695477272148,9.8));
#2223 = DIRECTION('',(-0.,0.,1.));
#2224 = DIRECTION('',(0.707106781187,-0.707106781187,0.));
#2225 = FACE_BOUND('',#2226,.T.);
#2226 = EDGE_LOOP('',(#2227,#2237,#2246,#2254,#2262,#2271,#2280,#2289,
    #2297,#2306,#2314,#2323,#2331,#2340,#2348,#2357,#2365,#2374,#2382,
    #2391,#2399,#2408));
#2227 = ORIENTED_EDGE('',*,*,#2228,.T.);
#2228 = EDGE_CURVE('',#2229,#2231,#2233,.T.);
#2229 = VERTEX_POINT('',#2230);
#2230 = CARTESIAN_POINT('',(0.714195615613,11.721554928493,9.8));
#2231 = VERTEX_POINT('',#2232);
#2232 = CARTESIAN_POINT('',(2.61629509039,13.623654403271,9.8));
#2233 = LINE('',#2234,#2235);
#2234 = CARTESIAN_POINT('',(0.714195615613,11.721554928493,9.8));
#2235 = VECTOR('',#2236,1.);
#2236 = DIRECTION('',(0.707106781187,0.707106781187,0.));
#2237 = ORIENTED_EDGE('',*,*,#2238,.T.);
#2238 = EDGE_CURVE('',#2231,#2239,#2241,.T.);
#2239 = VERTEX_POINT('',#2240);
#2240 = CARTESIAN_POINT('',(2.61629509039,14.330761184457,9.8));
#2241 = CIRCLE('',#2242,0.5);
#2242 = AXIS2_PLACEMENT_3D('',#2243,#2244,#2245);
#2243 = CARTESIAN_POINT('',(2.262741699797,13.977207793864,9.8));
#2244 = DIRECTION('',(0.,0.,1.));
#2245 = DIRECTION('',(-0.707106781187,0.707106781187,0.));
#2246 = ORIENTED_EDGE('',*,*,#2247,.T.);
#2247 = EDGE_CURVE('',#2239,#2248,#2250,.T.);
#2248 = VERTEX_POINT('',#2249);
#2249 = CARTESIAN_POINT('',(0.565685424949,16.381370849898,9.8));
#2250 = LINE('',#2251,#2252);
#2251 = CARTESIAN_POINT('',(2.969848480983,13.977207793864,9.8));
#2252 = VECTOR('',#2253,1.);
#2253 = DIRECTION('',(-0.707106781187,0.707106781187,0.));
#2254 = ORIENTED_EDGE('',*,*,#2255,.T.);
#2255 = EDGE_CURVE('',#2248,#2256,#2258,.T.);
#2256 = VERTEX_POINT('',#2257);
#2257 = CARTESIAN_POINT('',(0.565685424949,18.349304022672,9.8));
#2258 = LINE('',#2259,#2260);
#2259 = CARTESIAN_POINT('',(0.565685424949,16.381370849898,9.8));
#2260 = VECTOR('',#2261,1.);
#2261 = DIRECTION('',(-1.210143096841E-14,1.,0.));
#2262 = ORIENTED_EDGE('',*,*,#2263,.T.);
#2263 = EDGE_CURVE('',#2256,#2264,#2266,.T.);
#2264 = VERTEX_POINT('',#2265);
#2265 = CARTESIAN_POINT('',(7.627984832812E-02,18.849191768264,9.8));
#2266 = CIRCLE('',#2267,0.5);
#2267 = AXIS2_PLACEMENT_3D('',#2268,#2269,#2270);
#2268 = CARTESIAN_POINT('',(6.568542494921E-02,18.349304022672,9.8));
#2269 = DIRECTION('',(0.,0.,1.));
#2270 = DIRECTION('',(-0.707106781187,0.707106781187,0.));
#2271 = ORIENTED_EDGE('',*,*,#2272,.T.);
#2272 = EDGE_CURVE('',#2264,#2273,#2275,.T.);
#2273 = VERTEX_POINT('',#2274);
#2274 = CARTESIAN_POINT('',(-3.589893348063,14.980434146204,9.8));
#2275 = CIRCLE('',#2276,3.6);
#2276 = AXIS2_PLACEMENT_3D('',#2277,#2278,#2279);
#2277 = CARTESIAN_POINT('',(3.00107161344E-16,15.25,9.8));
#2278 = DIRECTION('',(0.,0.,1.));
#2279 = DIRECTION('',(-0.707106781187,0.707106781187,0.));
#2280 = ORIENTED_EDGE('',*,*,#2281,.T.);
#2281 = EDGE_CURVE('',#2273,#2282,#2284,.T.);
#2282 = VERTEX_POINT('',#2283);
#2283 = CARTESIAN_POINT('',(-3.879979163561,14.198447961186,9.8));
#2284 = CIRCLE('',#2285,1.);
#2285 = AXIS2_PLACEMENT_3D('',#2286,#2287,#2288);
#2286 = CARTESIAN_POINT('',(-4.587085944747,14.905554742372,9.8));
#2287 = DIRECTION('',(0.,0.,-1.));
#2288 = DIRECTION('',(-0.707106781187,0.707106781187,0.));
#2289 = ORIENTED_EDGE('',*,*,#2290,.T.);
#2290 = EDGE_CURVE('',#2282,#2291,#2293,.T.);
#2291 = VERTEX_POINT('',#2292);
#2292 = CARTESIAN_POINT('',(-7.212489168103,10.865937956643,9.8));
#2293 = LINE('',#2294,#2295);
#2294 = CARTESIAN_POINT('',(-7.919595949289,10.158831175457,9.8));
#2295 = VECTOR('',#2296,1.);
#2296 = DIRECTION('',(-0.707106781187,-0.707106781187,0.));
#2297 = ORIENTED_EDGE('',*,*,#2298,.T.);
#2298 = EDGE_CURVE('',#2291,#2299,#2301,.T.);
#2299 = VERTEX_POINT('',#2300);
#2300 = CARTESIAN_POINT('',(-8.626702730476,10.865937956643,9.8));
#2301 = CIRCLE('',#2302,1.);
#2302 = AXIS2_PLACEMENT_3D('',#2303,#2304,#2305);
#2303 = CARTESIAN_POINT('',(-7.919595949289,11.57304473783,9.8));
#2304 = DIRECTION('',(0.,0.,-1.));
#2305 = DIRECTION('',(-0.707106781187,0.707106781187,0.));
#2306 = ORIENTED_EDGE('',*,*,#2307,.T.);
#2307 = EDGE_CURVE('',#2299,#2308,#2310,.T.);
#2308 = VERTEX_POINT('',#2309);
#2309 = CARTESIAN_POINT('',(-10.50053570062,12.739770926788,9.8));
#2310 = LINE('',#2311,#2312);
#2311 = CARTESIAN_POINT('',(-7.919595949289,10.158831175457,9.8));
#2312 = VECTOR('',#2313,1.);
#2313 = DIRECTION('',(-0.707106781187,0.707106781187,0.));
#2314 = ORIENTED_EDGE('',*,*,#2315,.T.);
#2315 = EDGE_CURVE('',#2308,#2316,#2318,.T.);
#2316 = VERTEX_POINT('',#2317);
#2317 = CARTESIAN_POINT('',(-11.2076424818,12.739770926788,9.8));
#2318 = CIRCLE('',#2319,0.5);
#2319 = AXIS2_PLACEMENT_3D('',#2320,#2321,#2322);
#2320 = CARTESIAN_POINT('',(-10.85408909121,12.386217536194,9.8));
#2321 = DIRECTION('',(0.,0.,1.));
#2322 = DIRECTION('',(-0.707106781187,0.707106781187,0.));
#2323 = ORIENTED_EDGE('',*,*,#2324,.T.);
#2324 = EDGE_CURVE('',#2316,#2325,#2327,.T.);
#2325 = VERTEX_POINT('',#2326);
#2326 = CARTESIAN_POINT('',(-17.78373554684,6.163677861753,9.8));
#2327 = LINE('',#2328,#2329);
#2328 = CARTESIAN_POINT('',(-10.85408909121,13.093324317381,9.8));
#2329 = VECTOR('',#2330,1.);
#2330 = DIRECTION('',(-0.707106781187,-0.707106781187,0.));
#2331 = ORIENTED_EDGE('',*,*,#2332,.T.);
#2332 = EDGE_CURVE('',#2325,#2333,#2335,.T.);
#2333 = VERTEX_POINT('',#2334);
#2334 = CARTESIAN_POINT('',(-17.78373554684,5.456571080566,9.8));
#2335 = CIRCLE('',#2336,0.5);
#2336 = AXIS2_PLACEMENT_3D('',#2337,#2338,#2339);
#2337 = CARTESIAN_POINT('',(-17.43018215624,5.81012447116,9.8));
#2338 = DIRECTION('',(0.,0.,1.));
#2339 = DIRECTION('',(-0.707106781187,0.707106781187,0.));
#2340 = ORIENTED_EDGE('',*,*,#2341,.T.);
#2341 = EDGE_CURVE('',#2333,#2342,#2344,.T.);
#2342 = VERTEX_POINT('',#2343);
#2343 = CARTESIAN_POINT('',(-9.793428919434,-2.533735546842,9.8));
#2344 = LINE('',#2345,#2346);
#2345 = CARTESIAN_POINT('',(-18.13728893743,5.81012447116,9.8));
#2346 = VECTOR('',#2347,1.);
#2347 = DIRECTION('',(0.707106781187,-0.707106781187,0.));
#2348 = ORIENTED_EDGE('',*,*,#2349,.T.);
#2349 = EDGE_CURVE('',#2342,#2350,#2352,.T.);
#2350 = VERTEX_POINT('',#2351);
#2351 = CARTESIAN_POINT('',(-9.086322138247,-2.533735546842,9.8));
#2352 = CIRCLE('',#2353,0.5);
#2353 = AXIS2_PLACEMENT_3D('',#2354,#2355,#2356);
#2354 = CARTESIAN_POINT('',(-9.43987552884,-2.180182156248,9.8));
#2355 = DIRECTION('',(0.,0.,1.));
#2356 = DIRECTION('',(-0.707106781187,0.707106781187,0.));
#2357 = ORIENTED_EDGE('',*,*,#2358,.T.);
#2358 = EDGE_CURVE('',#2350,#2359,#2361,.T.);
#2359 = VERTEX_POINT('',#2360);
#2360 = CARTESIAN_POINT('',(-2.510229073212,4.042357518193,9.8));
#2361 = LINE('',#2362,#2363);
#2362 = CARTESIAN_POINT('',(-2.156675682619,4.395910908787,9.8));
#2363 = VECTOR('',#2364,1.);
#2364 = DIRECTION('',(0.707106781187,0.707106781187,0.));
#2365 = ORIENTED_EDGE('',*,*,#2366,.T.);
#2366 = EDGE_CURVE('',#2359,#2367,#2369,.T.);
#2367 = VERTEX_POINT('',#2368);
#2368 = CARTESIAN_POINT('',(-2.510229073212,4.74946429938,9.8));
#2369 = CIRCLE('',#2370,0.5);
#2370 = AXIS2_PLACEMENT_3D('',#2371,#2372,#2373);
#2371 = CARTESIAN_POINT('',(-2.863782463806,4.395910908787,9.8));
#2372 = DIRECTION('',(0.,0.,1.));
#2373 = DIRECTION('',(-0.707106781187,0.707106781187,0.));
#2374 = ORIENTED_EDGE('',*,*,#2375,.T.);
#2375 = EDGE_CURVE('',#2367,#2376,#2378,.T.);
#2376 = VERTEX_POINT('',#2377);
#2377 = CARTESIAN_POINT('',(-4.384062043357,6.623297269524,9.8));
#2378 = LINE('',#2379,#2380);
#2379 = CARTESIAN_POINT('',(-5.091168824543,7.330404050711,9.8));
#2380 = VECTOR('',#2381,1.);
#2381 = DIRECTION('',(-0.707106781187,0.707106781187,0.));
#2382 = ORIENTED_EDGE('',*,*,#2383,.T.);
#2383 = EDGE_CURVE('',#2376,#2384,#2386,.T.);
#2384 = VERTEX_POINT('',#2385);
#2385 = CARTESIAN_POINT('',(-4.384062043357,8.037510831897,9.8));
#2386 = CIRCLE('',#2387,1.);
#2387 = AXIS2_PLACEMENT_3D('',#2388,#2389,#2390);
#2388 = CARTESIAN_POINT('',(-3.67695526217,7.330404050711,9.8));
#2389 = DIRECTION('',(0.,0.,-1.));
#2390 = DIRECTION('',(-0.707106781187,0.707106781187,0.));
#2391 = ORIENTED_EDGE('',*,*,#2392,.T.);
#2392 = EDGE_CURVE('',#2384,#2393,#2395,.T.);
#2393 = VERTEX_POINT('',#2394);
#2394 = CARTESIAN_POINT('',(-1.051552038814,11.370020836439,9.8));
#2395 = LINE('',#2396,#2397);
#2396 = CARTESIAN_POINT('',(-5.091168824543,7.330404050711,9.8));
#2397 = VECTOR('',#2398,1.);
#2398 = DIRECTION('',(0.707106781187,0.707106781187,0.));
#2399 = ORIENTED_EDGE('',*,*,#2400,.T.);
#2400 = EDGE_CURVE('',#2393,#2401,#2403,.T.);
#2401 = VERTEX_POINT('',#2402);
#2402 = CARTESIAN_POINT('',(-0.269565853796,11.660106651937,9.8));
#2403 = CIRCLE('',#2404,1.);
#2404 = AXIS2_PLACEMENT_3D('',#2405,#2406,#2407);
#2405 = CARTESIAN_POINT('',(-0.344445257628,10.662914055253,9.8));
#2406 = DIRECTION('',(0.,0.,-1.));
#2407 = DIRECTION('',(-0.707106781187,0.707106781187,0.));
#2408 = ORIENTED_EDGE('',*,*,#2409,.T.);
#2409 = EDGE_CURVE('',#2401,#2229,#2410,.T.);
#2410 = CIRCLE('',#2411,3.6);
#2411 = AXIS2_PLACEMENT_3D('',#2412,#2413,#2414);
#2412 = CARTESIAN_POINT('',(3.00107161344E-16,15.25,9.8));
#2413 = DIRECTION('',(0.,0.,1.));
#2414 = DIRECTION('',(-0.707106781187,0.707106781187,0.));
#2415 = FACE_BOUND('',#2416,.T.);
#2416 = EDGE_LOOP('',(#2417,#2418));
#2417 = ORIENTED_EDGE('',*,*,#2161,.F.);
#2418 = ORIENTED_EDGE('',*,*,#2419,.F.);
#2419 = EDGE_CURVE('',#2154,#2135,#2420,.T.);
#2420 = CIRCLE('',#2421,0.625);
#2421 = AXIS2_PLACEMENT_3D('',#2422,#2423,#2424);
#2422 = CARTESIAN_POINT('',(-0.416755626401,12.886461392771,9.8));
#2423 = DIRECTION('',(0.,0.,1.));
#2424 = DIRECTION('',(-0.707106781187,0.707106781187,0.));
#2425 = FACE_BOUND('',#2426,.T.);
#2426 = EDGE_LOOP('',(#2427,#2428));
#2427 = ORIENTED_EDGE('',*,*,#2077,.F.);
#2428 = ORIENTED_EDGE('',*,*,#2429,.F.);
#2429 = EDGE_CURVE('',#2070,#2051,#2430,.T.);
#2430 = CIRCLE('',#2431,0.625);
#2431 = AXIS2_PLACEMENT_3D('',#2432,#2433,#2434);
#2432 = CARTESIAN_POINT('',(-0.621165708246,17.568221983094,9.8));
#2433 = DIRECTION('',(0.,0.,1.));
#2434 = DIRECTION('',(-0.707106781187,0.707106781187,0.));
#2435 = PLANE('',#2436);
#2436 = AXIS2_PLACEMENT_3D('',#2437,#2438,#2439);
#2437 = CARTESIAN_POINT('',(3.00107161344E-16,15.25,9.8));
#2438 = DIRECTION('',(0.,0.,1.));
#2439 = DIRECTION('',(-0.707106781187,0.707106781187,0.));
#2440 = ADVANCED_FACE('',(#2441,#2493,#2683,#2693),#2703,.F.);
#2441 = FACE_BOUND('',#2442,.T.);
#2442 = EDGE_LOOP('',(#2443,#2444,#2453,#2461,#2470,#2478,#2487));
#2443 = ORIENTED_EDGE('',*,*,#2102,.T.);
#2444 = ORIENTED_EDGE('',*,*,#2445,.T.);
#2445 = EDGE_CURVE('',#2103,#2446,#2448,.T.);
#2446 = VERTEX_POINT('',#2447);
#2447 = CARTESIAN_POINT('',(0.353553390593,15.603553390593,9.5));
#2448 = CIRCLE('',#2449,0.5);
#2449 = AXIS2_PLACEMENT_3D('',#2450,#2451,#2452);
#2450 = CARTESIAN_POINT('',(3.00107161344E-16,15.25,9.5));
#2451 = DIRECTION('',(0.,0.,1.));
#2452 = DIRECTION('',(-0.707106781187,0.707106781187,0.));
#2453 = ORIENTED_EDGE('',*,*,#2454,.T.);
#2454 = EDGE_CURVE('',#2446,#2455,#2457,.T.);
#2455 = VERTEX_POINT('',#2456);
#2456 = CARTESIAN_POINT('',(0.212132034356,15.744974746831,9.5));
#2457 = LINE('',#2458,#2459);
#2458 = CARTESIAN_POINT('',(0.353553390593,15.603553390593,9.5));
#2459 = VECTOR('',#2460,1.);
#2460 = DIRECTION('',(-0.707106781187,0.707106781187,0.));
#2461 = ORIENTED_EDGE('',*,*,#2462,.T.);
#2462 = EDGE_CURVE('',#2455,#2463,#2465,.T.);
#2463 = VERTEX_POINT('',#2464);
#2464 = CARTESIAN_POINT('',(0.11313708499,15.645979797464,9.5));
#2465 = CIRCLE('',#2466,7.E-02);
#2466 = AXIS2_PLACEMENT_3D('',#2467,#2468,#2469);
#2467 = CARTESIAN_POINT('',(0.162634559673,15.695477272148,9.5));
#2468 = DIRECTION('',(-0.,0.,1.));
#2469 = DIRECTION('',(0.707106781187,-0.707106781187,0.));
#2470 = ORIENTED_EDGE('',*,*,#2471,.T.);
#2471 = EDGE_CURVE('',#2463,#2472,#2474,.T.);
#2472 = VERTEX_POINT('',#2473);
#2473 = CARTESIAN_POINT('',(-0.395979797464,15.13686291501,9.5));
#2474 = LINE('',#2475,#2476);
#2475 = CARTESIAN_POINT('',(-0.395979797464,15.13686291501,9.5));
#2476 = VECTOR('',#2477,1.);
#2477 = DIRECTION('',(-0.707106781187,-0.707106781187,0.));
#2478 = ORIENTED_EDGE('',*,*,#2479,.T.);
#2479 = EDGE_CURVE('',#2472,#2480,#2482,.T.);
#2480 = VERTEX_POINT('',#2481);
#2481 = CARTESIAN_POINT('',(-0.494974746831,15.037867965644,9.5));
#2482 = CIRCLE('',#2483,7.E-02);
#2483 = AXIS2_PLACEMENT_3D('',#2484,#2485,#2486);
#2484 = CARTESIAN_POINT('',(-0.445477272148,15.087365440327,9.5));
#2485 = DIRECTION('',(0.,0.,1.));
#2486 = DIRECTION('',(-0.707106781187,0.707106781187,0.));
#2487 = ORIENTED_EDGE('',*,*,#2488,.T.);
#2488 = EDGE_CURVE('',#2480,#2095,#2489,.T.);
#2489 = LINE('',#2490,#2491);
#2490 = CARTESIAN_POINT('',(-0.353553390593,14.896446609407,9.5));
#2491 = VECTOR('',#2492,1.);
#2492 = DIRECTION('',(0.707106781187,-0.707106781187,-0.));
#2493 = FACE_BOUND('',#2494,.T.);
#2494 = EDGE_LOOP('',(#2495,#2505,#2514,#2522,#2531,#2540,#2548,#2557,
    #2565,#2574,#2582,#2591,#2599,#2608,#2616,#2625,#2633,#2642,#2650,
    #2659,#2668,#2677));
#2495 = ORIENTED_EDGE('',*,*,#2496,.F.);
#2496 = EDGE_CURVE('',#2497,#2499,#2501,.T.);
#2497 = VERTEX_POINT('',#2498);
#2498 = CARTESIAN_POINT('',(2.61629509039,14.330761184457,9.5));
#2499 = VERTEX_POINT('',#2500);
#2500 = CARTESIAN_POINT('',(0.565685424949,16.381370849898,9.5));
#2501 = LINE('',#2502,#2503);
#2502 = CARTESIAN_POINT('',(2.969848480983,13.977207793864,9.5));
#2503 = VECTOR('',#2504,1.);
#2504 = DIRECTION('',(-0.707106781187,0.707106781187,0.));
#2505 = ORIENTED_EDGE('',*,*,#2506,.T.);
#2506 = EDGE_CURVE('',#2497,#2507,#2509,.T.);
#2507 = VERTEX_POINT('',#2508);
#2508 = CARTESIAN_POINT('',(2.61629509039,13.623654403271,9.5));
#2509 = CIRCLE('',#2510,0.5);
#2510 = AXIS2_PLACEMENT_3D('',#2511,#2512,#2513);
#2511 = CARTESIAN_POINT('',(2.262741699797,13.977207793864,9.5));
#2512 = DIRECTION('',(0.,0.,-1.));
#2513 = DIRECTION('',(-0.707106781187,0.707106781187,0.));
#2514 = ORIENTED_EDGE('',*,*,#2515,.F.);
#2515 = EDGE_CURVE('',#2516,#2507,#2518,.T.);
#2516 = VERTEX_POINT('',#2517);
#2517 = CARTESIAN_POINT('',(0.714195615613,11.721554928493,9.5));
#2518 = LINE('',#2519,#2520);
#2519 = CARTESIAN_POINT('',(0.714195615613,11.721554928493,9.5));
#2520 = VECTOR('',#2521,1.);
#2521 = DIRECTION('',(0.707106781187,0.707106781187,0.));
#2522 = ORIENTED_EDGE('',*,*,#2523,.F.);
#2523 = EDGE_CURVE('',#2524,#2516,#2526,.T.);
#2524 = VERTEX_POINT('',#2525);
#2525 = CARTESIAN_POINT('',(-0.269565853796,11.660106651937,9.5));
#2526 = CIRCLE('',#2527,3.6);
#2527 = AXIS2_PLACEMENT_3D('',#2528,#2529,#2530);
#2528 = CARTESIAN_POINT('',(3.00107161344E-16,15.25,9.5));
#2529 = DIRECTION('',(0.,0.,1.));
#2530 = DIRECTION('',(-0.707106781187,0.707106781187,0.));
#2531 = ORIENTED_EDGE('',*,*,#2532,.T.);
#2532 = EDGE_CURVE('',#2524,#2533,#2535,.T.);
#2533 = VERTEX_POINT('',#2534);
#2534 = CARTESIAN_POINT('',(-1.051552038814,11.370020836439,9.5));
#2535 = CIRCLE('',#2536,1.);
#2536 = AXIS2_PLACEMENT_3D('',#2537,#2538,#2539);
#2537 = CARTESIAN_POINT('',(-0.344445257628,10.662914055253,9.5));
#2538 = DIRECTION('',(0.,0.,1.));
#2539 = DIRECTION('',(-0.707106781187,0.707106781187,0.));
#2540 = ORIENTED_EDGE('',*,*,#2541,.F.);
#2541 = EDGE_CURVE('',#2542,#2533,#2544,.T.);
#2542 = VERTEX_POINT('',#2543);
#2543 = CARTESIAN_POINT('',(-4.384062043357,8.037510831897,9.5));
#2544 = LINE('',#2545,#2546);
#2545 = CARTESIAN_POINT('',(-5.091168824543,7.330404050711,9.5));
#2546 = VECTOR('',#2547,1.);
#2547 = DIRECTION('',(0.707106781187,0.707106781187,0.));
#2548 = ORIENTED_EDGE('',*,*,#2549,.T.);
#2549 = EDGE_CURVE('',#2542,#2550,#2552,.T.);
#2550 = VERTEX_POINT('',#2551);
#2551 = CARTESIAN_POINT('',(-4.384062043357,6.623297269524,9.5));
#2552 = CIRCLE('',#2553,1.);
#2553 = AXIS2_PLACEMENT_3D('',#2554,#2555,#2556);
#2554 = CARTESIAN_POINT('',(-3.67695526217,7.330404050711,9.5));
#2555 = DIRECTION('',(0.,0.,1.));
#2556 = DIRECTION('',(-0.707106781187,0.707106781187,0.));
#2557 = ORIENTED_EDGE('',*,*,#2558,.F.);
#2558 = EDGE_CURVE('',#2559,#2550,#2561,.T.);
#2559 = VERTEX_POINT('',#2560);
#2560 = CARTESIAN_POINT('',(-2.510229073212,4.74946429938,9.5));
#2561 = LINE('',#2562,#2563);
#2562 = CARTESIAN_POINT('',(-5.091168824543,7.330404050711,9.5));
#2563 = VECTOR('',#2564,1.);
#2564 = DIRECTION('',(-0.707106781187,0.707106781187,0.));
#2565 = ORIENTED_EDGE('',*,*,#2566,.T.);
#2566 = EDGE_CURVE('',#2559,#2567,#2569,.T.);
#2567 = VERTEX_POINT('',#2568);
#2568 = CARTESIAN_POINT('',(-2.510229073212,4.042357518193,9.5));
#2569 = CIRCLE('',#2570,0.5);
#2570 = AXIS2_PLACEMENT_3D('',#2571,#2572,#2573);
#2571 = CARTESIAN_POINT('',(-2.863782463806,4.395910908787,9.5));
#2572 = DIRECTION('',(0.,0.,-1.));
#2573 = DIRECTION('',(-0.707106781187,0.707106781187,0.));
#2574 = ORIENTED_EDGE('',*,*,#2575,.F.);
#2575 = EDGE_CURVE('',#2576,#2567,#2578,.T.);
#2576 = VERTEX_POINT('',#2577);
#2577 = CARTESIAN_POINT('',(-9.086322138247,-2.533735546842,9.5));
#2578 = LINE('',#2579,#2580);
#2579 = CARTESIAN_POINT('',(-2.156675682619,4.395910908787,9.5));
#2580 = VECTOR('',#2581,1.);
#2581 = DIRECTION('',(0.707106781187,0.707106781187,0.));
#2582 = ORIENTED_EDGE('',*,*,#2583,.T.);
#2583 = EDGE_CURVE('',#2576,#2584,#2586,.T.);
#2584 = VERTEX_POINT('',#2585);
#2585 = CARTESIAN_POINT('',(-9.793428919434,-2.533735546842,9.5));
#2586 = CIRCLE('',#2587,0.5);
#2587 = AXIS2_PLACEMENT_3D('',#2588,#2589,#2590);
#2588 = CARTESIAN_POINT('',(-9.43987552884,-2.180182156248,9.5));
#2589 = DIRECTION('',(0.,0.,-1.));
#2590 = DIRECTION('',(-0.707106781187,0.707106781187,0.));
#2591 = ORIENTED_EDGE('',*,*,#2592,.F.);
#2592 = EDGE_CURVE('',#2593,#2584,#2595,.T.);
#2593 = VERTEX_POINT('',#2594);
#2594 = CARTESIAN_POINT('',(-17.78373554684,5.456571080566,9.5));
#2595 = LINE('',#2596,#2597);
#2596 = CARTESIAN_POINT('',(-18.13728893743,5.81012447116,9.5));
#2597 = VECTOR('',#2598,1.);
#2598 = DIRECTION('',(0.707106781187,-0.707106781187,0.));
#2599 = ORIENTED_EDGE('',*,*,#2600,.T.);
#2600 = EDGE_CURVE('',#2593,#2601,#2603,.T.);
#2601 = VERTEX_POINT('',#2602);
#2602 = CARTESIAN_POINT('',(-17.78373554684,6.163677861753,9.5));
#2603 = CIRCLE('',#2604,0.5);
#2604 = AXIS2_PLACEMENT_3D('',#2605,#2606,#2607);
#2605 = CARTESIAN_POINT('',(-17.43018215624,5.81012447116,9.5));
#2606 = DIRECTION('',(0.,0.,-1.));
#2607 = DIRECTION('',(-0.707106781187,0.707106781187,0.));
#2608 = ORIENTED_EDGE('',*,*,#2609,.F.);
#2609 = EDGE_CURVE('',#2610,#2601,#2612,.T.);
#2610 = VERTEX_POINT('',#2611);
#2611 = CARTESIAN_POINT('',(-11.2076424818,12.739770926788,9.5));
#2612 = LINE('',#2613,#2614);
#2613 = CARTESIAN_POINT('',(-10.85408909121,13.093324317381,9.5));
#2614 = VECTOR('',#2615,1.);
#2615 = DIRECTION('',(-0.707106781187,-0.707106781187,0.));
#2616 = ORIENTED_EDGE('',*,*,#2617,.T.);
#2617 = EDGE_CURVE('',#2610,#2618,#2620,.T.);
#2618 = VERTEX_POINT('',#2619);
#2619 = CARTESIAN_POINT('',(-10.50053570062,12.739770926788,9.5));
#2620 = CIRCLE('',#2621,0.5);
#2621 = AXIS2_PLACEMENT_3D('',#2622,#2623,#2624);
#2622 = CARTESIAN_POINT('',(-10.85408909121,12.386217536194,9.5));
#2623 = DIRECTION('',(0.,0.,-1.));
#2624 = DIRECTION('',(-0.707106781187,0.707106781187,0.));
#2625 = ORIENTED_EDGE('',*,*,#2626,.F.);
#2626 = EDGE_CURVE('',#2627,#2618,#2629,.T.);
#2627 = VERTEX_POINT('',#2628);
#2628 = CARTESIAN_POINT('',(-8.626702730476,10.865937956643,9.5));
#2629 = LINE('',#2630,#2631);
#2630 = CARTESIAN_POINT('',(-7.919595949289,10.158831175457,9.5));
#2631 = VECTOR('',#2632,1.);
#2632 = DIRECTION('',(-0.707106781187,0.707106781187,0.));
#2633 = ORIENTED_EDGE('',*,*,#2634,.T.);
#2634 = EDGE_CURVE('',#2627,#2635,#2637,.T.);
#2635 = VERTEX_POINT('',#2636);
#2636 = CARTESIAN_POINT('',(-7.212489168103,10.865937956643,9.5));
#2637 = CIRCLE('',#2638,1.);
#2638 = AXIS2_PLACEMENT_3D('',#2639,#2640,#2641);
#2639 = CARTESIAN_POINT('',(-7.919595949289,11.57304473783,9.5));
#2640 = DIRECTION('',(0.,0.,1.));
#2641 = DIRECTION('',(-0.707106781187,0.707106781187,0.));
#2642 = ORIENTED_EDGE('',*,*,#2643,.F.);
#2643 = EDGE_CURVE('',#2644,#2635,#2646,.T.);
#2644 = VERTEX_POINT('',#2645);
#2645 = CARTESIAN_POINT('',(-3.879979163561,14.198447961186,9.5));
#2646 = LINE('',#2647,#2648);
#2647 = CARTESIAN_POINT('',(-7.919595949289,10.158831175457,9.5));
#2648 = VECTOR('',#2649,1.);
#2649 = DIRECTION('',(-0.707106781187,-0.707106781187,0.));
#2650 = ORIENTED_EDGE('',*,*,#2651,.T.);
#2651 = EDGE_CURVE('',#2644,#2652,#2654,.T.);
#2652 = VERTEX_POINT('',#2653);
#2653 = CARTESIAN_POINT('',(-3.589893348063,14.980434146204,9.5));
#2654 = CIRCLE('',#2655,1.);
#2655 = AXIS2_PLACEMENT_3D('',#2656,#2657,#2658);
#2656 = CARTESIAN_POINT('',(-4.587085944747,14.905554742372,9.5));
#2657 = DIRECTION('',(0.,0.,1.));
#2658 = DIRECTION('',(-0.707106781187,0.707106781187,0.));
#2659 = ORIENTED_EDGE('',*,*,#2660,.F.);
#2660 = EDGE_CURVE('',#2661,#2652,#2663,.T.);
#2661 = VERTEX_POINT('',#2662);
#2662 = CARTESIAN_POINT('',(7.627984832812E-02,18.849191768264,9.5));
#2663 = CIRCLE('',#2664,3.6);
#2664 = AXIS2_PLACEMENT_3D('',#2665,#2666,#2667);
#2665 = CARTESIAN_POINT('',(3.00107161344E-16,15.25,9.5));
#2666 = DIRECTION('',(0.,0.,1.));
#2667 = DIRECTION('',(-0.707106781187,0.707106781187,0.));
#2668 = ORIENTED_EDGE('',*,*,#2669,.T.);
#2669 = EDGE_CURVE('',#2661,#2670,#2672,.T.);
#2670 = VERTEX_POINT('',#2671);
#2671 = CARTESIAN_POINT('',(0.565685424949,18.349304022672,9.5));
#2672 = CIRCLE('',#2673,0.5);
#2673 = AXIS2_PLACEMENT_3D('',#2674,#2675,#2676);
#2674 = CARTESIAN_POINT('',(6.568542494921E-02,18.349304022672,9.5));
#2675 = DIRECTION('',(0.,0.,-1.));
#2676 = DIRECTION('',(-0.707106781187,0.707106781187,0.));
#2677 = ORIENTED_EDGE('',*,*,#2678,.F.);
#2678 = EDGE_CURVE('',#2499,#2670,#2679,.T.);
#2679 = LINE('',#2680,#2681);
#2680 = CARTESIAN_POINT('',(0.565685424949,16.381370849898,9.5));
#2681 = VECTOR('',#2682,1.);
#2682 = DIRECTION('',(-1.210143096841E-14,1.,0.));
#2683 = FACE_BOUND('',#2684,.T.);
#2684 = EDGE_LOOP('',(#2685,#2686));
#2685 = ORIENTED_EDGE('',*,*,#2144,.T.);
#2686 = ORIENTED_EDGE('',*,*,#2687,.T.);
#2687 = EDGE_CURVE('',#2145,#2137,#2688,.T.);
#2688 = CIRCLE('',#2689,0.625);
#2689 = AXIS2_PLACEMENT_3D('',#2690,#2691,#2692);
#2690 = CARTESIAN_POINT('',(-0.416755626401,12.886461392771,9.5));
#2691 = DIRECTION('',(0.,0.,1.));
#2692 = DIRECTION('',(-0.707106781187,0.707106781187,0.));
#2693 = FACE_BOUND('',#2694,.T.);
#2694 = EDGE_LOOP('',(#2695,#2696));
#2695 = ORIENTED_EDGE('',*,*,#2060,.T.);
#2696 = ORIENTED_EDGE('',*,*,#2697,.T.);
#2697 = EDGE_CURVE('',#2061,#2053,#2698,.T.);
#2698 = CIRCLE('',#2699,0.625);
#2699 = AXIS2_PLACEMENT_3D('',#2700,#2701,#2702);
#2700 = CARTESIAN_POINT('',(-0.621165708246,17.568221983094,9.5));
#2701 = DIRECTION('',(0.,0.,1.));
#2702 = DIRECTION('',(-0.707106781187,0.707106781187,0.));
#2703 = PLANE('',#2704);
#2704 = AXIS2_PLACEMENT_3D('',#2705,#2706,#2707);
#2705 = CARTESIAN_POINT('',(3.00107161344E-16,15.25,9.5));
#2706 = DIRECTION('',(0.,0.,1.));
#2707 = DIRECTION('',(-0.707106781187,0.707106781187,0.));
#2708 = ADVANCED_FACE('',(#2709),#2725,.F.);
#2709 = FACE_BOUND('',#2710,.T.);
#2710 = EDGE_LOOP('',(#2711,#2712,#2718,#2719));
#2711 = ORIENTED_EDGE('',*,*,#2290,.F.);
#2712 = ORIENTED_EDGE('',*,*,#2713,.T.);
#2713 = EDGE_CURVE('',#2282,#2644,#2714,.T.);
#2714 = LINE('',#2715,#2716);
#2715 = CARTESIAN_POINT('',(-3.879979163561,14.198447961186,9.5));
#2716 = VECTOR('',#2717,1.);
#2717 = DIRECTION('',(-0.,0.,-1.));
#2718 = ORIENTED_EDGE('',*,*,#2643,.T.);
#2719 = ORIENTED_EDGE('',*,*,#2720,.T.);
#2720 = EDGE_CURVE('',#2635,#2291,#2721,.T.);
#2721 = LINE('',#2722,#2723);
#2722 = CARTESIAN_POINT('',(-7.212489168103,10.865937956643,9.8));
#2723 = VECTOR('',#2724,1.);
#2724 = DIRECTION('',(0.,0.,1.));
#2725 = PLANE('',#2726);
#2726 = AXIS2_PLACEMENT_3D('',#2727,#2728,#2729);
#2727 = CARTESIAN_POINT('',(-7.919595949289,10.158831175457,9.8));
#2728 = DIRECTION('',(0.707106781187,-0.707106781187,0.));
#2729 = DIRECTION('',(0.707106781187,0.707106781187,0.));
#2730 = ADVANCED_FACE('',(#2731),#2747,.F.);
#2731 = FACE_BOUND('',#2732,.T.);
#2732 = EDGE_LOOP('',(#2733,#2734,#2740,#2741));
#2733 = ORIENTED_EDGE('',*,*,#2307,.F.);
#2734 = ORIENTED_EDGE('',*,*,#2735,.T.);
#2735 = EDGE_CURVE('',#2299,#2627,#2736,.T.);
#2736 = LINE('',#2737,#2738);
#2737 = CARTESIAN_POINT('',(-8.626702730476,10.865937956643,9.5));
#2738 = VECTOR('',#2739,1.);
#2739 = DIRECTION('',(-0.,0.,-1.));
#2740 = ORIENTED_EDGE('',*,*,#2626,.T.);
#2741 = ORIENTED_EDGE('',*,*,#2742,.T.);
#2742 = EDGE_CURVE('',#2618,#2308,#2743,.T.);
#2743 = LINE('',#2744,#2745);
#2744 = CARTESIAN_POINT('',(-10.50053570062,12.739770926788,9.8));
#2745 = VECTOR('',#2746,1.);
#2746 = DIRECTION('',(0.,0.,1.));
#2747 = PLANE('',#2748);
#2748 = AXIS2_PLACEMENT_3D('',#2749,#2750,#2751);
#2749 = CARTESIAN_POINT('',(-7.919595949289,10.158831175457,9.8));
#2750 = DIRECTION('',(-0.707106781187,-0.707106781187,0.));
#2751 = DIRECTION('',(0.,0.,1.));
#2752 = ADVANCED_FACE('',(#2753),#2769,.F.);
#2753 = FACE_BOUND('',#2754,.T.);
#2754 = EDGE_LOOP('',(#2755,#2756,#2762,#2763));
#2755 = ORIENTED_EDGE('',*,*,#2324,.F.);
#2756 = ORIENTED_EDGE('',*,*,#2757,.T.);
#2757 = EDGE_CURVE('',#2316,#2610,#2758,.T.);
#2758 = LINE('',#2759,#2760);
#2759 = CARTESIAN_POINT('',(-11.2076424818,12.739770926788,9.8));
#2760 = VECTOR('',#2761,1.);
#2761 = DIRECTION('',(-0.,0.,-1.));
#2762 = ORIENTED_EDGE('',*,*,#2609,.T.);
#2763 = ORIENTED_EDGE('',*,*,#2764,.T.);
#2764 = EDGE_CURVE('',#2601,#2325,#2765,.T.);
#2765 = LINE('',#2766,#2767);
#2766 = CARTESIAN_POINT('',(-17.78373554684,6.163677861753,9.8));
#2767 = VECTOR('',#2768,1.);
#2768 = DIRECTION('',(0.,0.,1.));
#2769 = PLANE('',#2770);
#2770 = AXIS2_PLACEMENT_3D('',#2771,#2772,#2773);
#2771 = CARTESIAN_POINT('',(-10.85408909121,13.093324317381,9.8));
#2772 = DIRECTION('',(0.707106781187,-0.707106781187,0.));
#2773 = DIRECTION('',(0.707106781187,0.707106781187,0.));
#2774 = ADVANCED_FACE('',(#2775),#2791,.F.);
#2775 = FACE_BOUND('',#2776,.T.);
#2776 = EDGE_LOOP('',(#2777,#2778,#2784,#2785));
#2777 = ORIENTED_EDGE('',*,*,#2341,.F.);
#2778 = ORIENTED_EDGE('',*,*,#2779,.T.);
#2779 = EDGE_CURVE('',#2333,#2593,#2780,.T.);
#2780 = LINE('',#2781,#2782);
#2781 = CARTESIAN_POINT('',(-17.78373554684,5.456571080566,9.8));
#2782 = VECTOR('',#2783,1.);
#2783 = DIRECTION('',(-0.,0.,-1.));
#2784 = ORIENTED_EDGE('',*,*,#2592,.T.);
#2785 = ORIENTED_EDGE('',*,*,#2786,.T.);
#2786 = EDGE_CURVE('',#2584,#2342,#2787,.T.);
#2787 = LINE('',#2788,#2789);
#2788 = CARTESIAN_POINT('',(-9.793428919434,-2.533735546842,9.8));
#2789 = VECTOR('',#2790,1.);
#2790 = DIRECTION('',(0.,0.,1.));
#2791 = PLANE('',#2792);
#2792 = AXIS2_PLACEMENT_3D('',#2793,#2794,#2795);
#2793 = CARTESIAN_POINT('',(-18.13728893743,5.81012447116,9.8));
#2794 = DIRECTION('',(0.707106781187,0.707106781187,0.));
#2795 = DIRECTION('',(-0.707106781187,0.707106781187,0.));
#2796 = ADVANCED_FACE('',(#2797),#2813,.F.);
#2797 = FACE_BOUND('',#2798,.T.);
#2798 = EDGE_LOOP('',(#2799,#2800,#2806,#2807));
#2799 = ORIENTED_EDGE('',*,*,#2575,.T.);
#2800 = ORIENTED_EDGE('',*,*,#2801,.T.);
#2801 = EDGE_CURVE('',#2567,#2359,#2802,.T.);
#2802 = LINE('',#2803,#2804);
#2803 = CARTESIAN_POINT('',(-2.510229073212,4.042357518193,9.8));
#2804 = VECTOR('',#2805,1.);
#2805 = DIRECTION('',(0.,0.,1.));
#2806 = ORIENTED_EDGE('',*,*,#2358,.F.);
#2807 = ORIENTED_EDGE('',*,*,#2808,.T.);
#2808 = EDGE_CURVE('',#2350,#2576,#2809,.T.);
#2809 = LINE('',#2810,#2811);
#2810 = CARTESIAN_POINT('',(-9.086322138247,-2.533735546842,9.8));
#2811 = VECTOR('',#2812,1.);
#2812 = DIRECTION('',(-0.,0.,-1.));
#2813 = PLANE('',#2814);
#2814 = AXIS2_PLACEMENT_3D('',#2815,#2816,#2817);
#2815 = CARTESIAN_POINT('',(-2.156675682619,4.395910908787,9.8));
#2816 = DIRECTION('',(-0.707106781187,0.707106781187,0.));
#2817 = DIRECTION('',(-0.707106781187,-0.707106781187,0.));
#2818 = ADVANCED_FACE('',(#2819),#2835,.F.);
#2819 = FACE_BOUND('',#2820,.T.);
#2820 = EDGE_LOOP('',(#2821,#2822,#2828,#2829));
#2821 = ORIENTED_EDGE('',*,*,#2558,.T.);
#2822 = ORIENTED_EDGE('',*,*,#2823,.T.);
#2823 = EDGE_CURVE('',#2550,#2376,#2824,.T.);
#2824 = LINE('',#2825,#2826);
#2825 = CARTESIAN_POINT('',(-4.384062043357,6.623297269524,9.8));
#2826 = VECTOR('',#2827,1.);
#2827 = DIRECTION('',(0.,0.,1.));
#2828 = ORIENTED_EDGE('',*,*,#2375,.F.);
#2829 = ORIENTED_EDGE('',*,*,#2830,.T.);
#2830 = EDGE_CURVE('',#2367,#2559,#2831,.T.);
#2831 = LINE('',#2832,#2833);
#2832 = CARTESIAN_POINT('',(-2.510229073212,4.74946429938,9.8));
#2833 = VECTOR('',#2834,1.);
#2834 = DIRECTION('',(-0.,0.,-1.));
#2835 = PLANE('',#2836);
#2836 = AXIS2_PLACEMENT_3D('',#2837,#2838,#2839);
#2837 = CARTESIAN_POINT('',(-5.091168824543,7.330404050711,9.8));
#2838 = DIRECTION('',(-0.707106781187,-0.707106781187,0.));
#2839 = DIRECTION('',(0.707106781187,-0.707106781187,0.));
#2840 = ADVANCED_FACE('',(#2841),#2857,.F.);
#2841 = FACE_BOUND('',#2842,.T.);
#2842 = EDGE_LOOP('',(#2843,#2844,#2850,#2851));
#2843 = ORIENTED_EDGE('',*,*,#2541,.T.);
#2844 = ORIENTED_EDGE('',*,*,#2845,.T.);
#2845 = EDGE_CURVE('',#2533,#2393,#2846,.T.);
#2846 = LINE('',#2847,#2848);
#2847 = CARTESIAN_POINT('',(-1.051552038814,11.370020836439,9.8));
#2848 = VECTOR('',#2849,1.);
#2849 = DIRECTION('',(0.,0.,1.));
#2850 = ORIENTED_EDGE('',*,*,#2392,.F.);
#2851 = ORIENTED_EDGE('',*,*,#2852,.T.);
#2852 = EDGE_CURVE('',#2384,#2542,#2853,.T.);
#2853 = LINE('',#2854,#2855);
#2854 = CARTESIAN_POINT('',(-4.384062043357,8.037510831897,9.5));
#2855 = VECTOR('',#2856,1.);
#2856 = DIRECTION('',(-0.,0.,-1.));
#2857 = PLANE('',#2858);
#2858 = AXIS2_PLACEMENT_3D('',#2859,#2860,#2861);
#2859 = CARTESIAN_POINT('',(-5.091168824543,7.330404050711,9.8));
#2860 = DIRECTION('',(-0.707106781187,0.707106781187,0.));
#2861 = DIRECTION('',(-0.707106781187,-0.707106781187,0.));
#2862 = ADVANCED_FACE('',(#2863),#2879,.T.);
#2863 = FACE_BOUND('',#2864,.T.);
#2864 = EDGE_LOOP('',(#2865,#2866,#2872,#2873));
#2865 = ORIENTED_EDGE('',*,*,#2409,.F.);
#2866 = ORIENTED_EDGE('',*,*,#2867,.T.);
#2867 = EDGE_CURVE('',#2401,#2524,#2868,.T.);
#2868 = LINE('',#2869,#2870);
#2869 = CARTESIAN_POINT('',(-0.269565853796,11.660106651937,9.8));
#2870 = VECTOR('',#2871,1.);
#2871 = DIRECTION('',(-0.,0.,-1.));
#2872 = ORIENTED_EDGE('',*,*,#2523,.T.);
#2873 = ORIENTED_EDGE('',*,*,#2874,.F.);
#2874 = EDGE_CURVE('',#2229,#2516,#2875,.T.);
#2875 = LINE('',#2876,#2877);
#2876 = CARTESIAN_POINT('',(0.714195615613,11.721554928493,9.8));
#2877 = VECTOR('',#2878,1.);
#2878 = DIRECTION('',(-0.,0.,-1.));
#2879 = CYLINDRICAL_SURFACE('',#2880,3.6);
#2880 = AXIS2_PLACEMENT_3D('',#2881,#2882,#2883);
#2881 = CARTESIAN_POINT('',(3.00107161344E-16,15.25,9.8));
#2882 = DIRECTION('',(-0.,0.,-1.));
#2883 = DIRECTION('',(0.707106781187,-0.707106781187,-0.));
#2884 = ADVANCED_FACE('',(#2885),#2896,.F.);
#2885 = FACE_BOUND('',#2886,.T.);
#2886 = EDGE_LOOP('',(#2887,#2888,#2894,#2895));
#2887 = ORIENTED_EDGE('',*,*,#2515,.T.);
#2888 = ORIENTED_EDGE('',*,*,#2889,.T.);
#2889 = EDGE_CURVE('',#2507,#2231,#2890,.T.);
#2890 = LINE('',#2891,#2892);
#2891 = CARTESIAN_POINT('',(2.61629509039,13.623654403271,9.8));
#2892 = VECTOR('',#2893,1.);
#2893 = DIRECTION('',(0.,0.,1.));
#2894 = ORIENTED_EDGE('',*,*,#2228,.F.);
#2895 = ORIENTED_EDGE('',*,*,#2874,.T.);
#2896 = PLANE('',#2897);
#2897 = AXIS2_PLACEMENT_3D('',#2898,#2899,#2900);
#2898 = CARTESIAN_POINT('',(0.714195615613,11.721554928493,9.8));
#2899 = DIRECTION('',(-0.707106781187,0.707106781187,0.));
#2900 = DIRECTION('',(-0.707106781187,-0.707106781187,0.));
#2901 = ADVANCED_FACE('',(#2902),#2918,.F.);
#2902 = FACE_BOUND('',#2903,.T.);
#2903 = EDGE_LOOP('',(#2904,#2905,#2911,#2912));
#2904 = ORIENTED_EDGE('',*,*,#2247,.F.);
#2905 = ORIENTED_EDGE('',*,*,#2906,.T.);
#2906 = EDGE_CURVE('',#2239,#2497,#2907,.T.);
#2907 = LINE('',#2908,#2909);
#2908 = CARTESIAN_POINT('',(2.61629509039,14.330761184457,9.8));
#2909 = VECTOR('',#2910,1.);
#2910 = DIRECTION('',(-0.,0.,-1.));
#2911 = ORIENTED_EDGE('',*,*,#2496,.T.);
#2912 = ORIENTED_EDGE('',*,*,#2913,.F.);
#2913 = EDGE_CURVE('',#2248,#2499,#2914,.T.);
#2914 = LINE('',#2915,#2916);
#2915 = CARTESIAN_POINT('',(0.565685424949,16.381370849898,9.8));
#2916 = VECTOR('',#2917,1.);
#2917 = DIRECTION('',(-0.,0.,-1.));
#2918 = PLANE('',#2919);
#2919 = AXIS2_PLACEMENT_3D('',#2920,#2921,#2922);
#2920 = CARTESIAN_POINT('',(2.969848480983,13.977207793864,9.8));
#2921 = DIRECTION('',(-0.707106781187,-0.707106781187,0.));
#2922 = DIRECTION('',(0.707106781187,-0.707106781187,0.));
#2923 = ADVANCED_FACE('',(#2924),#2935,.F.);
#2924 = FACE_BOUND('',#2925,.T.);
#2925 = EDGE_LOOP('',(#2926,#2927,#2933,#2934));
#2926 = ORIENTED_EDGE('',*,*,#2678,.T.);
#2927 = ORIENTED_EDGE('',*,*,#2928,.T.);
#2928 = EDGE_CURVE('',#2670,#2256,#2929,.T.);
#2929 = LINE('',#2930,#2931);
#2930 = CARTESIAN_POINT('',(0.565685424949,18.349304022672,9.8));
#2931 = VECTOR('',#2932,1.);
#2932 = DIRECTION('',(0.,0.,1.));
#2933 = ORIENTED_EDGE('',*,*,#2255,.F.);
#2934 = ORIENTED_EDGE('',*,*,#2913,.T.);
#2935 = PLANE('',#2936);
#2936 = AXIS2_PLACEMENT_3D('',#2937,#2938,#2939);
#2937 = CARTESIAN_POINT('',(0.565685424949,16.381370849898,9.8));
#2938 = DIRECTION('',(-1.,-1.221245327088E-14,0.));
#2939 = DIRECTION('',(1.221245327088E-14,-1.,0.));
#2940 = ADVANCED_FACE('',(#2941),#2957,.T.);
#2941 = FACE_BOUND('',#2942,.T.);
#2942 = EDGE_LOOP('',(#2943,#2944,#2950,#2951));
#2943 = ORIENTED_EDGE('',*,*,#2660,.T.);
#2944 = ORIENTED_EDGE('',*,*,#2945,.T.);
#2945 = EDGE_CURVE('',#2652,#2273,#2946,.T.);
#2946 = LINE('',#2947,#2948);
#2947 = CARTESIAN_POINT('',(-3.589893348063,14.980434146204,9.8));
#2948 = VECTOR('',#2949,1.);
#2949 = DIRECTION('',(0.,0.,1.));
#2950 = ORIENTED_EDGE('',*,*,#2272,.F.);
#2951 = ORIENTED_EDGE('',*,*,#2952,.T.);
#2952 = EDGE_CURVE('',#2264,#2661,#2953,.T.);
#2953 = LINE('',#2954,#2955);
#2954 = CARTESIAN_POINT('',(7.627984832812E-02,18.849191768264,9.8));
#2955 = VECTOR('',#2956,1.);
#2956 = DIRECTION('',(-0.,0.,-1.));
#2957 = CYLINDRICAL_SURFACE('',#2958,3.6);
#2958 = AXIS2_PLACEMENT_3D('',#2959,#2960,#2961);
#2959 = CARTESIAN_POINT('',(3.00107161344E-16,15.25,9.8));
#2960 = DIRECTION('',(-0.,0.,-1.));
#2961 = DIRECTION('',(0.707106781187,-0.707106781187,-0.));
#2962 = ADVANCED_FACE('',(#2963),#2969,.F.);
#2963 = FACE_BOUND('',#2964,.F.);
#2964 = EDGE_LOOP('',(#2965,#2966,#2967,#2968));
#2965 = ORIENTED_EDGE('',*,*,#2687,.T.);
#2966 = ORIENTED_EDGE('',*,*,#2134,.F.);
#2967 = ORIENTED_EDGE('',*,*,#2419,.F.);
#2968 = ORIENTED_EDGE('',*,*,#2153,.T.);
#2969 = CYLINDRICAL_SURFACE('',#2970,0.625);
#2970 = AXIS2_PLACEMENT_3D('',#2971,#2972,#2973);
#2971 = CARTESIAN_POINT('',(-0.416755626401,12.886461392771,9.8));
#2972 = DIRECTION('',(-0.,0.,-1.));
#2973 = DIRECTION('',(0.707106781187,-0.707106781187,-0.));
#2974 = ADVANCED_FACE('',(#2975),#2986,.F.);
#2975 = FACE_BOUND('',#2976,.F.);
#2976 = EDGE_LOOP('',(#2977,#2978,#2984,#2985));
#2977 = ORIENTED_EDGE('',*,*,#2445,.T.);
#2978 = ORIENTED_EDGE('',*,*,#2979,.F.);
#2979 = EDGE_CURVE('',#2177,#2446,#2980,.T.);
#2980 = LINE('',#2981,#2982);
#2981 = CARTESIAN_POINT('',(0.353553390593,15.603553390593,9.8));
#2982 = VECTOR('',#2983,1.);
#2983 = DIRECTION('',(-0.,0.,-1.));
#2984 = ORIENTED_EDGE('',*,*,#2186,.F.);
#2985 = ORIENTED_EDGE('',*,*,#2111,.T.);
#2986 = CYLINDRICAL_SURFACE('',#2987,0.5);
#2987 = AXIS2_PLACEMENT_3D('',#2988,#2989,#2990);
#2988 = CARTESIAN_POINT('',(3.00107161344E-16,15.25,9.8));
#2989 = DIRECTION('',(-0.,0.,-1.));
#2990 = DIRECTION('',(0.707106781187,-0.707106781187,-0.));
#2991 = ADVANCED_FACE('',(#2992),#3003,.T.);
#2992 = FACE_BOUND('',#2993,.T.);
#2993 = EDGE_LOOP('',(#2994,#2995,#2996,#2997));
#2994 = ORIENTED_EDGE('',*,*,#2454,.F.);
#2995 = ORIENTED_EDGE('',*,*,#2979,.F.);
#2996 = ORIENTED_EDGE('',*,*,#2176,.T.);
#2997 = ORIENTED_EDGE('',*,*,#2998,.T.);
#2998 = EDGE_CURVE('',#2179,#2455,#2999,.T.);
#2999 = LINE('',#3000,#3001);
#3000 = CARTESIAN_POINT('',(0.212132034356,15.744974746831,9.8));
#3001 = VECTOR('',#3002,1.);
#3002 = DIRECTION('',(-0.,0.,-1.));
#3003 = PLANE('',#3004);
#3004 = AXIS2_PLACEMENT_3D('',#3005,#3006,#3007);
#3005 = CARTESIAN_POINT('',(0.353553390593,15.603553390593,9.8));
#3006 = DIRECTION('',(-0.707106781187,-0.707106781187,0.));
#3007 = DIRECTION('',(0.,0.,1.));
#3008 = ADVANCED_FACE('',(#3009),#3020,.F.);
#3009 = FACE_BOUND('',#3010,.F.);
#3010 = EDGE_LOOP('',(#3011,#3017,#3018,#3019));
#3011 = ORIENTED_EDGE('',*,*,#3012,.F.);
#3012 = EDGE_CURVE('',#2212,#2463,#3013,.T.);
#3013 = LINE('',#3014,#3015);
#3014 = CARTESIAN_POINT('',(0.11313708499,15.645979797464,9.8));
#3015 = VECTOR('',#3016,1.);
#3016 = DIRECTION('',(-0.,0.,-1.));
#3017 = ORIENTED_EDGE('',*,*,#2219,.F.);
#3018 = ORIENTED_EDGE('',*,*,#2998,.T.);
#3019 = ORIENTED_EDGE('',*,*,#2462,.T.);
#3020 = CYLINDRICAL_SURFACE('',#3021,7.E-02);
#3021 = AXIS2_PLACEMENT_3D('',#3022,#3023,#3024);
#3022 = CARTESIAN_POINT('',(0.162634559673,15.695477272148,9.8));
#3023 = DIRECTION('',(-0.,0.,-1.));
#3024 = DIRECTION('',(0.707106781187,-0.707106781187,-0.));
#3025 = ADVANCED_FACE('',(#3026),#3037,.T.);
#3026 = FACE_BOUND('',#3027,.T.);
#3027 = EDGE_LOOP('',(#3028,#3029,#3030,#3031));
#3028 = ORIENTED_EDGE('',*,*,#2471,.F.);
#3029 = ORIENTED_EDGE('',*,*,#3012,.F.);
#3030 = ORIENTED_EDGE('',*,*,#2211,.T.);
#3031 = ORIENTED_EDGE('',*,*,#3032,.T.);
#3032 = EDGE_CURVE('',#2203,#2472,#3033,.T.);
#3033 = LINE('',#3034,#3035);
#3034 = CARTESIAN_POINT('',(-0.395979797464,15.13686291501,9.8));
#3035 = VECTOR('',#3036,1.);
#3036 = DIRECTION('',(-0.,0.,-1.));
#3037 = PLANE('',#3038);
#3038 = AXIS2_PLACEMENT_3D('',#3039,#3040,#3041);
#3039 = CARTESIAN_POINT('',(-0.395979797464,15.13686291501,9.8));
#3040 = DIRECTION('',(0.707106781187,-0.707106781187,0.));
#3041 = DIRECTION('',(0.,0.,1.));
#3042 = ADVANCED_FACE('',(#3043),#3054,.F.);
#3043 = FACE_BOUND('',#3044,.F.);
#3044 = EDGE_LOOP('',(#3045,#3051,#3052,#3053));
#3045 = ORIENTED_EDGE('',*,*,#3046,.F.);
#3046 = EDGE_CURVE('',#2195,#2480,#3047,.T.);
#3047 = LINE('',#3048,#3049);
#3048 = CARTESIAN_POINT('',(-0.494974746831,15.037867965644,9.8));
#3049 = VECTOR('',#3050,1.);
#3050 = DIRECTION('',(-0.,0.,-1.));
#3051 = ORIENTED_EDGE('',*,*,#2202,.F.);
#3052 = ORIENTED_EDGE('',*,*,#3032,.T.);
#3053 = ORIENTED_EDGE('',*,*,#2479,.T.);
#3054 = CYLINDRICAL_SURFACE('',#3055,7.E-02);
#3055 = AXIS2_PLACEMENT_3D('',#3056,#3057,#3058);
#3056 = CARTESIAN_POINT('',(-0.445477272148,15.087365440327,9.8));
#3057 = DIRECTION('',(-0.,0.,-1.));
#3058 = DIRECTION('',(0.707106781187,-0.707106781187,-0.));
#3059 = ADVANCED_FACE('',(#3060),#3066,.T.);
#3060 = FACE_BOUND('',#3061,.T.);
#3061 = EDGE_LOOP('',(#3062,#3063,#3064,#3065));
#3062 = ORIENTED_EDGE('',*,*,#2488,.F.);
#3063 = ORIENTED_EDGE('',*,*,#3046,.F.);
#3064 = ORIENTED_EDGE('',*,*,#2194,.T.);
#3065 = ORIENTED_EDGE('',*,*,#2092,.T.);
#3066 = PLANE('',#3067);
#3067 = AXIS2_PLACEMENT_3D('',#3068,#3069,#3070);
#3068 = CARTESIAN_POINT('',(-0.353553390593,14.896446609407,9.8));
#3069 = DIRECTION('',(0.707106781187,0.707106781187,0.));
#3070 = DIRECTION('',(0.,0.,-1.));
#3071 = ADVANCED_FACE('',(#3072),#3078,.F.);
#3072 = FACE_BOUND('',#3073,.F.);
#3073 = EDGE_LOOP('',(#3074,#3075,#3076,#3077));
#3074 = ORIENTED_EDGE('',*,*,#2697,.T.);
#3075 = ORIENTED_EDGE('',*,*,#2050,.F.);
#3076 = ORIENTED_EDGE('',*,*,#2429,.F.);
#3077 = ORIENTED_EDGE('',*,*,#2069,.T.);
#3078 = CYLINDRICAL_SURFACE('',#3079,0.625);
#3079 = AXIS2_PLACEMENT_3D('',#3080,#3081,#3082);
#3080 = CARTESIAN_POINT('',(-0.621165708246,17.568221983094,9.8));
#3081 = DIRECTION('',(-0.,0.,-1.));
#3082 = DIRECTION('',(0.707106781187,-0.707106781187,-0.));
#3083 = ADVANCED_FACE('',(#3084),#3090,.T.);
#3084 = FACE_BOUND('',#3085,.T.);
#3085 = EDGE_LOOP('',(#3086,#3087,#3088,#3089));
#3086 = ORIENTED_EDGE('',*,*,#2315,.F.);
#3087 = ORIENTED_EDGE('',*,*,#2742,.F.);
#3088 = ORIENTED_EDGE('',*,*,#2617,.F.);
#3089 = ORIENTED_EDGE('',*,*,#2757,.F.);
#3090 = CYLINDRICAL_SURFACE('',#3091,0.5);
#3091 = AXIS2_PLACEMENT_3D('',#3092,#3093,#3094);
#3092 = CARTESIAN_POINT('',(-10.85408909121,12.386217536194,9.8));
#3093 = DIRECTION('',(-0.,0.,-1.));
#3094 = DIRECTION('',(0.707106781187,-0.707106781187,-0.));
#3095 = ADVANCED_FACE('',(#3096),#3102,.T.);
#3096 = FACE_BOUND('',#3097,.T.);
#3097 = EDGE_LOOP('',(#3098,#3099,#3100,#3101));
#3098 = ORIENTED_EDGE('',*,*,#2332,.F.);
#3099 = ORIENTED_EDGE('',*,*,#2764,.F.);
#3100 = ORIENTED_EDGE('',*,*,#2600,.F.);
#3101 = ORIENTED_EDGE('',*,*,#2779,.F.);
#3102 = CYLINDRICAL_SURFACE('',#3103,0.5);
#3103 = AXIS2_PLACEMENT_3D('',#3104,#3105,#3106);
#3104 = CARTESIAN_POINT('',(-17.43018215624,5.81012447116,9.8));
#3105 = DIRECTION('',(-0.,0.,-1.));
#3106 = DIRECTION('',(0.707106781187,-0.707106781187,-0.));
#3107 = ADVANCED_FACE('',(#3108),#3114,.T.);
#3108 = FACE_BOUND('',#3109,.T.);
#3109 = EDGE_LOOP('',(#3110,#3111,#3112,#3113));
#3110 = ORIENTED_EDGE('',*,*,#2366,.F.);
#3111 = ORIENTED_EDGE('',*,*,#2801,.F.);
#3112 = ORIENTED_EDGE('',*,*,#2566,.F.);
#3113 = ORIENTED_EDGE('',*,*,#2830,.F.);
#3114 = CYLINDRICAL_SURFACE('',#3115,0.5);
#3115 = AXIS2_PLACEMENT_3D('',#3116,#3117,#3118);
#3116 = CARTESIAN_POINT('',(-2.863782463806,4.395910908787,9.8));
#3117 = DIRECTION('',(-0.,0.,-1.));
#3118 = DIRECTION('',(0.707106781187,-0.707106781187,-0.));
#3119 = ADVANCED_FACE('',(#3120),#3126,.T.);
#3120 = FACE_BOUND('',#3121,.T.);
#3121 = EDGE_LOOP('',(#3122,#3123,#3124,#3125));
#3122 = ORIENTED_EDGE('',*,*,#2349,.F.);
#3123 = ORIENTED_EDGE('',*,*,#2786,.F.);
#3124 = ORIENTED_EDGE('',*,*,#2583,.F.);
#3125 = ORIENTED_EDGE('',*,*,#2808,.F.);
#3126 = CYLINDRICAL_SURFACE('',#3127,0.5);
#3127 = AXIS2_PLACEMENT_3D('',#3128,#3129,#3130);
#3128 = CARTESIAN_POINT('',(-9.43987552884,-2.180182156248,9.8));
#3129 = DIRECTION('',(-0.,0.,-1.));
#3130 = DIRECTION('',(0.707106781187,-0.707106781187,-0.));
#3131 = ADVANCED_FACE('',(#3132),#3138,.F.);
#3132 = FACE_BOUND('',#3133,.F.);
#3133 = EDGE_LOOP('',(#3134,#3135,#3136,#3137));
#3134 = ORIENTED_EDGE('',*,*,#2852,.T.);
#3135 = ORIENTED_EDGE('',*,*,#2549,.T.);
#3136 = ORIENTED_EDGE('',*,*,#2823,.T.);
#3137 = ORIENTED_EDGE('',*,*,#2383,.T.);
#3138 = CYLINDRICAL_SURFACE('',#3139,1.);
#3139 = AXIS2_PLACEMENT_3D('',#3140,#3141,#3142);
#3140 = CARTESIAN_POINT('',(-3.67695526217,7.330404050711,9.8));
#3141 = DIRECTION('',(0.,0.,1.));
#3142 = DIRECTION('',(-0.707106781187,0.707106781187,0.));
#3143 = ADVANCED_FACE('',(#3144),#3150,.F.);
#3144 = FACE_BOUND('',#3145,.F.);
#3145 = EDGE_LOOP('',(#3146,#3147,#3148,#3149));
#3146 = ORIENTED_EDGE('',*,*,#2735,.T.);
#3147 = ORIENTED_EDGE('',*,*,#2634,.T.);
#3148 = ORIENTED_EDGE('',*,*,#2720,.T.);
#3149 = ORIENTED_EDGE('',*,*,#2298,.T.);
#3150 = CYLINDRICAL_SURFACE('',#3151,1.);
#3151 = AXIS2_PLACEMENT_3D('',#3152,#3153,#3154);
#3152 = CARTESIAN_POINT('',(-7.919595949289,11.57304473783,9.8));
#3153 = DIRECTION('',(0.,0.,1.));
#3154 = DIRECTION('',(-0.707106781187,0.707106781187,0.));
#3155 = ADVANCED_FACE('',(#3156),#3162,.T.);
#3156 = FACE_BOUND('',#3157,.T.);
#3157 = EDGE_LOOP('',(#3158,#3159,#3160,#3161));
#3158 = ORIENTED_EDGE('',*,*,#2238,.F.);
#3159 = ORIENTED_EDGE('',*,*,#2889,.F.);
#3160 = ORIENTED_EDGE('',*,*,#2506,.F.);
#3161 = ORIENTED_EDGE('',*,*,#2906,.F.);
#3162 = CYLINDRICAL_SURFACE('',#3163,0.5);
#3163 = AXIS2_PLACEMENT_3D('',#3164,#3165,#3166);
#3164 = CARTESIAN_POINT('',(2.262741699797,13.977207793864,9.8));
#3165 = DIRECTION('',(-0.,0.,-1.));
#3166 = DIRECTION('',(0.707106781187,-0.707106781187,-0.));
#3167 = ADVANCED_FACE('',(#3168),#3174,.T.);
#3168 = FACE_BOUND('',#3169,.T.);
#3169 = EDGE_LOOP('',(#3170,#3171,#3172,#3173));
#3170 = ORIENTED_EDGE('',*,*,#2263,.F.);
#3171 = ORIENTED_EDGE('',*,*,#2928,.F.);
#3172 = ORIENTED_EDGE('',*,*,#2669,.F.);
#3173 = ORIENTED_EDGE('',*,*,#2952,.F.);
#3174 = CYLINDRICAL_SURFACE('',#3175,0.5);
#3175 = AXIS2_PLACEMENT_3D('',#3176,#3177,#3178);
#3176 = CARTESIAN_POINT('',(6.568542494921E-02,18.349304022672,9.8));
#3177 = DIRECTION('',(-0.,0.,-1.));
#3178 = DIRECTION('',(0.707106781187,-0.707106781187,-0.));
#3179 = ADVANCED_FACE('',(#3180),#3186,.F.);
#3180 = FACE_BOUND('',#3181,.F.);
#3181 = EDGE_LOOP('',(#3182,#3183,#3184,#3185));
#3182 = ORIENTED_EDGE('',*,*,#2713,.T.);
#3183 = ORIENTED_EDGE('',*,*,#2651,.T.);
#3184 = ORIENTED_EDGE('',*,*,#2945,.T.);
#3185 = ORIENTED_EDGE('',*,*,#2281,.T.);
#3186 = CYLINDRICAL_SURFACE('',#3187,1.);
#3187 = AXIS2_PLACEMENT_3D('',#3188,#3189,#3190);
#3188 = CARTESIAN_POINT('',(-4.587085944747,14.905554742372,9.8));
#3189 = DIRECTION('',(-0.,0.,-1.));
#3190 = DIRECTION('',(0.707106781187,-0.707106781187,-0.));
#3191 = ADVANCED_FACE('',(#3192),#3198,.F.);
#3192 = FACE_BOUND('',#3193,.F.);
#3193 = EDGE_LOOP('',(#3194,#3195,#3196,#3197));
#3194 = ORIENTED_EDGE('',*,*,#2867,.T.);
#3195 = ORIENTED_EDGE('',*,*,#2532,.T.);
#3196 = ORIENTED_EDGE('',*,*,#2845,.T.);
#3197 = ORIENTED_EDGE('',*,*,#2400,.T.);
#3198 = CYLINDRICAL_SURFACE('',#3199,1.);
#3199 = AXIS2_PLACEMENT_3D('',#3200,#3201,#3202);
#3200 = CARTESIAN_POINT('',(-0.344445257628,10.662914055253,9.8));
#3201 = DIRECTION('',(-0.,0.,-1.));
#3202 = DIRECTION('',(0.707106781187,-0.707106781187,-0.));
#3203 = ( GEOMETRIC_REPRESENTATION_CONTEXT(3) 
GLOBAL_UNCERTAINTY_ASSIGNED_CONTEXT((#3207)) 
GLOBAL_UNIT_ASSIGNED_CONTEXT((#3204,#3205,#3206)) REPRESENTATION_CONTEXT
('Context #1','3D Context with UNIT and UNCERTAINTY') );
#3204 = ( LENGTH_UNIT() NAMED_UNIT(*) SI_UNIT(.MILLI.,.METRE.) );
#3205 = ( NAMED_UNIT(*) PLANE_ANGLE_UNIT() SI_UNIT($,.RADIAN.) );
#3206 = ( NAMED_UNIT(*) SI_UNIT($,.STERADIAN.) SOLID_ANGLE_UNIT() );
#3207 = UNCERTAINTY_MEASURE_WITH_UNIT(LENGTH_MEASURE(1.E-07),#3204,
  'distance_accuracy_value','confusion accuracy');
#3208 = CONTEXT_DEPENDENT_SHAPE_REPRESENTATION(#3209,#3211);
#3209 = ( REPRESENTATION_RELATIONSHIP('','',#2043,#1032) 
REPRESENTATION_RELATIONSHIP_WITH_TRANSFORMATION(#3210) 
SHAPE_REPRESENTATION_RELATIONSHIP() );
#3210 = ITEM_DEFINED_TRANSFORMATION('','',#11,#1037);
#3211 = PRODUCT_DEFINITION_SHAPE('Placement','Placement of an item',
  #3212);
#3212 = NEXT_ASSEMBLY_USAGE_OCCURRENCE('4','ShutterOpen_part001','',
  #1027,#2038,$);
#3213 = PRODUCT_RELATED_PRODUCT_CATEGORY('part',$,(#2040));
#3214 = SHAPE_DEFINITION_REPRESENTATION(#3215,#3221);
#3215 = PRODUCT_DEFINITION_SHAPE('','',#3216);
#3216 = PRODUCT_DEFINITION('design','',#3217,#3220);
#3217 = PRODUCT_DEFINITION_FORMATION('','',#3218);
#3218 = PRODUCT('Shutter','Shutter','',(#3219));
#3219 = PRODUCT_CONTEXT('',#2,'mechanical');
#3220 = PRODUCT_DEFINITION_CONTEXT('part definition',#2,'design');
#3221 = SHAPE_REPRESENTATION('',(#11,#3222),#3226);
#3222 = AXIS2_PLACEMENT_3D('',#3223,#3224,#3225);
#3223 = CARTESIAN_POINT('',(0.,0.,0.));
#3224 = DIRECTION('',(1.,0.,-2.22044604925E-16));
#3225 = DIRECTION('',(-2.22044604925E-16,0.,-1.));
#3226 = ( GEOMETRIC_REPRESENTATION_CONTEXT(3) 
GLOBAL_UNCERTAINTY_ASSIGNED_CONTEXT((#3230)) 
GLOBAL_UNIT_ASSIGNED_CONTEXT((#3227,#3228,#3229)) REPRESENTATION_CONTEXT
('Context #1','3D Context with UNIT and UNCERTAINTY') );
#3227 = ( LENGTH_UNIT() NAMED_UNIT(*) SI_UNIT(.MILLI.,.METRE.) );
#3228 = ( NAMED_UNIT(*) PLANE_ANGLE_UNIT() SI_UNIT($,.RADIAN.) );
#3229 = ( NAMED_UNIT(*) SI_UNIT($,.STERADIAN.) SOLID_ANGLE_UNIT() );
#3230 = UNCERTAINTY_MEASURE_WITH_UNIT(LENGTH_MEASURE(1.E-05),#3227,
  'distance_accuracy_value','confusion accuracy');
#3231 = CONTEXT_DEPENDENT_SHAPE_REPRESENTATION(#3232,#3234);
#3232 = ( REPRESENTATION_RELATIONSHIP('','',#3221,#32) 
REPRESENTATION_RELATIONSHIP_WITH_TRANSFORMATION(#3233) 
SHAPE_REPRESENTATION_RELATIONSHIP() );
#3233 = ITEM_DEFINED_TRANSFORMATION('','',#11,#41);
#3234 = PRODUCT_DEFINITION_SHAPE('Placement','Placement of an item',
  #3235);
#3235 = NEXT_ASSEMBLY_USAGE_OCCURRENCE('24','Shutter','',#27,#3216,$);
#3236 = PRODUCT_RELATED_PRODUCT_CATEGORY('part',$,(#3218));
#3237 = SHAPE_DEFINITION_REPRESENTATION(#3238,#3244);
#3238 = PRODUCT_DEFINITION_SHAPE('','',#3239);
#3239 = PRODUCT_DEFINITION('design','',#3240,#3243);
#3240 = PRODUCT_DEFINITION_FORMATION('','',#3241);
#3241 = PRODUCT('Shutter_part016','Shutter_part016','',(#3242));
#3242 = PRODUCT_CONTEXT('',#2,'mechanical');
#3243 = PRODUCT_DEFINITION_CONTEXT('part definition',#2,'design');
#3244 = SHAPE_REPRESENTATION('',(#11,#3245,#3249,#3253,#3257,#3261,#3265
    ,#3269,#3273,#3277,#3281,#3285,#3289,#3293,#3297,#3301,#3305),#3309
  );
#3245 = AXIS2_PLACEMENT_3D('',#3246,#3247,#3248);
#3246 = CARTESIAN_POINT('',(0.,0.,0.));
#3247 = DIRECTION('',(0.,0.,1.));
#3248 = DIRECTION('',(1.,0.,0.));
#3249 = AXIS2_PLACEMENT_3D('',#3250,#3251,#3252);
#3250 = CARTESIAN_POINT('',(0.,0.,0.));
#3251 = DIRECTION('',(0.,0.,1.));
#3252 = DIRECTION('',(1.,0.,0.));
#3253 = AXIS2_PLACEMENT_3D('',#3254,#3255,#3256);
#3254 = CARTESIAN_POINT('',(0.,0.,0.));
#3255 = DIRECTION('',(0.,0.,1.));
#3256 = DIRECTION('',(1.,0.,0.));
#3257 = AXIS2_PLACEMENT_3D('',#3258,#3259,#3260);
#3258 = CARTESIAN_POINT('',(0.,0.,0.));
#3259 = DIRECTION('',(0.,0.,1.));
#3260 = DIRECTION('',(1.,0.,0.));
#3261 = AXIS2_PLACEMENT_3D('',#3262,#3263,#3264);
#3262 = CARTESIAN_POINT('',(0.,0.,0.));
#3263 = DIRECTION('',(0.,0.,1.));
#3264 = DIRECTION('',(1.,0.,0.));
#3265 = AXIS2_PLACEMENT_3D('',#3266,#3267,#3268);
#3266 = CARTESIAN_POINT('',(0.,0.,0.));
#3267 = DIRECTION('',(0.,0.,1.));
#3268 = DIRECTION('',(1.,0.,0.));
#3269 = AXIS2_PLACEMENT_3D('',#3270,#3271,#3272);
#3270 = CARTESIAN_POINT('',(0.,0.,0.));
#3271 = DIRECTION('',(0.,0.,1.));
#3272 = DIRECTION('',(1.,0.,0.));
#3273 = AXIS2_PLACEMENT_3D('',#3274,#3275,#3276);
#3274 = CARTESIAN_POINT('',(0.,0.,0.));
#3275 = DIRECTION('',(0.,0.,1.));
#3276 = DIRECTION('',(1.,0.,0.));
#3277 = AXIS2_PLACEMENT_3D('',#3278,#3279,#3280);
#3278 = CARTESIAN_POINT('',(0.,0.,0.));
#3279 = DIRECTION('',(0.,0.,1.));
#3280 = DIRECTION('',(1.,0.,0.));
#3281 = AXIS2_PLACEMENT_3D('',#3282,#3283,#3284);
#3282 = CARTESIAN_POINT('',(0.,0.,0.));
#3283 = DIRECTION('',(0.,0.,1.));
#3284 = DIRECTION('',(1.,0.,0.));
#3285 = AXIS2_PLACEMENT_3D('',#3286,#3287,#3288);
#3286 = CARTESIAN_POINT('',(0.,0.,0.));
#3287 = DIRECTION('',(0.,0.,1.));
#3288 = DIRECTION('',(1.,0.,0.));
#3289 = AXIS2_PLACEMENT_3D('',#3290,#3291,#3292);
#3290 = CARTESIAN_POINT('',(0.,0.,0.));
#3291 = DIRECTION('',(0.,0.,1.));
#3292 = DIRECTION('',(1.,0.,0.));
#3293 = AXIS2_PLACEMENT_3D('',#3294,#3295,#3296);
#3294 = CARTESIAN_POINT('',(0.,0.,0.));
#3295 = DIRECTION('',(0.,0.,1.));
#3296 = DIRECTION('',(1.,0.,0.));
#3297 = AXIS2_PLACEMENT_3D('',#3298,#3299,#3300);
#3298 = CARTESIAN_POINT('',(0.,0.,0.));
#3299 = DIRECTION('',(0.,0.,1.));
#3300 = DIRECTION('',(1.,0.,0.));
#3301 = AXIS2_PLACEMENT_3D('',#3302,#3303,#3304);
#3302 = CARTESIAN_POINT('',(0.,0.,0.));
#3303 = DIRECTION('',(0.,0.,1.));
#3304 = DIRECTION('',(1.,0.,0.));
#3305 = AXIS2_PLACEMENT_3D('',#3306,#3307,#3308);
#3306 = CARTESIAN_POINT('',(0.,0.,0.));
#3307 = DIRECTION('',(0.,0.,1.));
#3308 = DIRECTION('',(1.,0.,0.));
#3309 = ( GEOMETRIC_REPRESENTATION_CONTEXT(3) 
GLOBAL_UNCERTAINTY_ASSIGNED_CONTEXT((#3313)) 
GLOBAL_UNIT_ASSIGNED_CONTEXT((#3310,#3311,#3312)) REPRESENTATION_CONTEXT
('Context #1','3D Context with UNIT and UNCERTAINTY') );
#3310 = ( LENGTH_UNIT() NAMED_UNIT(*) SI_UNIT(.MILLI.,.METRE.) );
#3311 = ( NAMED_UNIT(*) PLANE_ANGLE_UNIT() SI_UNIT($,.RADIAN.) );
#3312 = ( NAMED_UNIT(*) SI_UNIT($,.STERADIAN.) SOLID_ANGLE_UNIT() );
#3313 = UNCERTAINTY_MEASURE_WITH_UNIT(LENGTH_MEASURE(1.E-05),#3310,
  'distance_accuracy_value','confusion accuracy');
#3314 = CONTEXT_DEPENDENT_SHAPE_REPRESENTATION(#3315,#3317);
#3315 = ( REPRESENTATION_RELATIONSHIP('','',#3244,#3221) 
REPRESENTATION_RELATIONSHIP_WITH_TRANSFORMATION(#3316) 
SHAPE_REPRESENTATION_RELATIONSHIP() );
#3316 = ITEM_DEFINED_TRANSFORMATION('','',#11,#3222);
#3317 = PRODUCT_DEFINITION_SHAPE('Placement','Placement of an item',
  #3318);
#3318 = NEXT_ASSEMBLY_USAGE_OCCURRENCE('23','Shutter_part016','',#3216,
  #3239,$);
#3319 = PRODUCT_RELATED_PRODUCT_CATEGORY('part',$,(#3241));
#3320 = SHAPE_DEFINITION_REPRESENTATION(#3321,#3327);
#3321 = PRODUCT_DEFINITION_SHAPE('','',#3322);
#3322 = PRODUCT_DEFINITION('design','',#3323,#3326);
#3323 = PRODUCT_DEFINITION_FORMATION('','',#3324);
#3324 = PRODUCT('Shutter_part','Shutter_part','',(#3325));
#3325 = PRODUCT_CONTEXT('',#2,'mechanical');
#3326 = PRODUCT_DEFINITION_CONTEXT('part definition',#2,'design');
#3327 = ADVANCED_BREP_SHAPE_REPRESENTATION('',(#11,#3328),#3620);
#3328 = MANIFOLD_SOLID_BREP('',#3329);
#3329 = CLOSED_SHELL('',(#3330,#3373,#3406,#3448,#3502,#3520,#3545,#3561
    ,#3586,#3596,#3608));
#3330 = ADVANCED_FACE('',(#3331),#3368,.T.);
#3331 = FACE_BOUND('',#3332,.T.);
#3332 = EDGE_LOOP('',(#3333,#3344,#3352,#3361));
#3333 = ORIENTED_EDGE('',*,*,#3334,.F.);
#3334 = EDGE_CURVE('',#3335,#3337,#3339,.T.);
#3335 = VERTEX_POINT('',#3336);
#3336 = CARTESIAN_POINT('',(-1.567918122714E-17,15.55,12.5));
#3337 = VERTEX_POINT('',#3338);
#3338 = CARTESIAN_POINT('',(-0.2,15.47360679775,12.5));
#3339 = CIRCLE('',#3340,0.3);
#3340 = AXIS2_PLACEMENT_3D('',#3341,#3342,#3343);
#3341 = CARTESIAN_POINT('',(0.,15.25,12.5));
#3342 = DIRECTION('',(0.,-0.,1.));
#3343 = DIRECTION('',(1.110223024625E-16,1.,0.));
#3344 = ORIENTED_EDGE('',*,*,#3345,.T.);
#3345 = EDGE_CURVE('',#3335,#3346,#3348,.T.);
#3346 = VERTEX_POINT('',#3347);
#3347 = CARTESIAN_POINT('',(-5.72118872611E-18,15.75,12.3));
#3348 = LINE('',#3349,#3350);
#3349 = CARTESIAN_POINT('',(-3.432713235666E-18,15.55,12.5));
#3350 = VECTOR('',#3351,1.);
#3351 = DIRECTION('',(-8.090982689356E-18,0.707106781187,-0.707106781187
    ));
#3352 = ORIENTED_EDGE('',*,*,#3353,.F.);
#3353 = EDGE_CURVE('',#3354,#3346,#3356,.T.);
#3354 = VERTEX_POINT('',#3355);
#3355 = CARTESIAN_POINT('',(-0.2,15.708257569496,12.3));
#3356 = CIRCLE('',#3357,0.5);
#3357 = AXIS2_PLACEMENT_3D('',#3358,#3359,#3360);
#3358 = CARTESIAN_POINT('',(0.,15.25,12.3));
#3359 = DIRECTION('',(0.,0.,-1.));
#3360 = DIRECTION('',(-2.553512956638E-15,1.,0.));
#3361 = ORIENTED_EDGE('',*,*,#3362,.F.);
#3362 = EDGE_CURVE('',#3337,#3354,#3363,.T.);
#3363 = B_SPLINE_CURVE_WITH_KNOTS('',3,(#3364,#3365,#3366,#3367),
  .UNSPECIFIED.,.F.,.F.,(4,4),(2.710505431214E-20,3.083196144925E-04),
  .PIECEWISE_BEZIER_KNOTS.);
#3364 = CARTESIAN_POINT('',(-0.2,15.47360679775,12.5));
#3365 = CARTESIAN_POINT('',(-0.2,15.556184803052,12.438449988899));
#3366 = CARTESIAN_POINT('',(-0.2,15.632442982026,12.369485217172));
#3367 = CARTESIAN_POINT('',(-0.2,15.708257569496,12.3));
#3368 = CONICAL_SURFACE('',#3369,0.3,0.785398163397);
#3369 = AXIS2_PLACEMENT_3D('',#3370,#3371,#3372);
#3370 = CARTESIAN_POINT('',(0.,15.25,12.5));
#3371 = DIRECTION('',(0.,0.,-1.));
#3372 = DIRECTION('',(-1.110223024625E-16,-1.,-0.));
#3373 = ADVANCED_FACE('',(#3374),#3401,.T.);
#3374 = FACE_BOUND('',#3375,.T.);
#3375 = EDGE_LOOP('',(#3376,#3377,#3386,#3394));
#3376 = ORIENTED_EDGE('',*,*,#3345,.F.);
#3377 = ORIENTED_EDGE('',*,*,#3378,.F.);
#3378 = EDGE_CURVE('',#3379,#3335,#3381,.T.);
#3379 = VERTEX_POINT('',#3380);
#3380 = CARTESIAN_POINT('',(-3.330669073876E-17,14.95,12.5));
#3381 = CIRCLE('',#3382,0.3);
#3382 = AXIS2_PLACEMENT_3D('',#3383,#3384,#3385);
#3383 = CARTESIAN_POINT('',(0.,15.25,12.5));
#3384 = DIRECTION('',(0.,-0.,1.));
#3385 = DIRECTION('',(1.110223024625E-16,1.,0.));
#3386 = ORIENTED_EDGE('',*,*,#3387,.T.);
#3387 = EDGE_CURVE('',#3379,#3388,#3390,.T.);
#3388 = VERTEX_POINT('',#3389);
#3389 = CARTESIAN_POINT('',(-5.551115123126E-17,14.75,12.3));
#3390 = LINE('',#3391,#3392);
#3391 = CARTESIAN_POINT('',(-3.330669073876E-17,14.95,12.5));
#3392 = VECTOR('',#3393,1.);
#3393 = DIRECTION('',(-7.850462293414E-17,-0.707106781187,
    -0.707106781187));
#3394 = ORIENTED_EDGE('',*,*,#3395,.F.);
#3395 = EDGE_CURVE('',#3346,#3388,#3396,.T.);
#3396 = CIRCLE('',#3397,0.5);
#3397 = AXIS2_PLACEMENT_3D('',#3398,#3399,#3400);
#3398 = CARTESIAN_POINT('',(0.,15.25,12.3));
#3399 = DIRECTION('',(0.,0.,-1.));
#3400 = DIRECTION('',(1.110223024625E-16,1.,0.));
#3401 = CONICAL_SURFACE('',#3402,0.3,0.785398163397);
#3402 = AXIS2_PLACEMENT_3D('',#3403,#3404,#3405);
#3403 = CARTESIAN_POINT('',(0.,15.25,12.5));
#3404 = DIRECTION('',(0.,0.,-1.));
#3405 = DIRECTION('',(-1.110223024625E-16,-1.,-0.));
#3406 = ADVANCED_FACE('',(#3407),#3443,.T.);
#3407 = FACE_BOUND('',#3408,.T.);
#3408 = EDGE_LOOP('',(#3409,#3420,#3428,#3437));
#3409 = ORIENTED_EDGE('',*,*,#3410,.F.);
#3410 = EDGE_CURVE('',#3411,#3413,#3415,.T.);
#3411 = VERTEX_POINT('',#3412);
#3412 = CARTESIAN_POINT('',(-8.229256270465E-17,14.95,-4.8));
#3413 = VERTEX_POINT('',#3414);
#3414 = CARTESIAN_POINT('',(3.330669073875E-17,15.55,-4.8));
#3415 = CIRCLE('',#3416,0.3);
#3416 = AXIS2_PLACEMENT_3D('',#3417,#3418,#3419);
#3417 = CARTESIAN_POINT('',(0.,15.25,-4.8));
#3418 = DIRECTION('',(0.,0.,-1.));
#3419 = DIRECTION('',(1.110223024625E-16,1.,0.));
#3420 = ORIENTED_EDGE('',*,*,#3421,.T.);
#3421 = EDGE_CURVE('',#3411,#3422,#3424,.T.);
#3422 = VERTEX_POINT('',#3423);
#3423 = CARTESIAN_POINT('',(-5.551115123126E-17,14.75,-4.6));
#3424 = LINE('',#3425,#3426);
#3425 = CARTESIAN_POINT('',(-1.167434911886E-16,14.75,-4.6));
#3426 = VECTOR('',#3427,1.);
#3427 = DIRECTION('',(-1.651002285576E-16,-0.707106781187,0.707106781187
    ));
#3428 = ORIENTED_EDGE('',*,*,#3429,.F.);
#3429 = EDGE_CURVE('',#3430,#3422,#3432,.T.);
#3430 = VERTEX_POINT('',#3431);
#3431 = CARTESIAN_POINT('',(-5.72118872611E-18,15.75,-4.6));
#3432 = CIRCLE('',#3433,0.5);
#3433 = AXIS2_PLACEMENT_3D('',#3434,#3435,#3436);
#3434 = CARTESIAN_POINT('',(0.,15.25,-4.6));
#3435 = DIRECTION('',(0.,-0.,1.));
#3436 = DIRECTION('',(1.110223024625E-16,1.,0.));
#3437 = ORIENTED_EDGE('',*,*,#3438,.F.);
#3438 = EDGE_CURVE('',#3413,#3430,#3439,.T.);
#3439 = LINE('',#3440,#3441);
#3440 = CARTESIAN_POINT('',(5.551115123126E-17,15.75,-4.6));
#3441 = VECTOR('',#3442,1.);
#3442 = DIRECTION('',(7.850462293414E-17,0.707106781187,0.707106781187)
  );
#3443 = CONICAL_SURFACE('',#3444,0.5,0.785398163397);
#3444 = AXIS2_PLACEMENT_3D('',#3445,#3446,#3447);
#3445 = CARTESIAN_POINT('',(0.,15.25,-4.6));
#3446 = DIRECTION('',(0.,0.,1.));
#3447 = DIRECTION('',(1.110223024625E-16,1.,-0.));
#3448 = ADVANCED_FACE('',(#3449),#3497,.T.);
#3449 = FACE_BOUND('',#3450,.T.);
#3450 = EDGE_LOOP('',(#3451,#3452,#3458,#3459,#3465,#3474,#3482,#3491));
#3451 = ORIENTED_EDGE('',*,*,#3353,.T.);
#3452 = ORIENTED_EDGE('',*,*,#3453,.T.);
#3453 = EDGE_CURVE('',#3346,#3430,#3454,.T.);
#3454 = LINE('',#3455,#3456);
#3455 = CARTESIAN_POINT('',(-5.72118872611E-18,15.75,12.5));
#3456 = VECTOR('',#3457,1.);
#3457 = DIRECTION('',(0.,0.,-1.));
#3458 = ORIENTED_EDGE('',*,*,#3429,.T.);
#3459 = ORIENTED_EDGE('',*,*,#3460,.F.);
#3460 = EDGE_CURVE('',#3388,#3422,#3461,.T.);
#3461 = LINE('',#3462,#3463);
#3462 = CARTESIAN_POINT('',(-5.551115123126E-17,14.75,12.5));
#3463 = VECTOR('',#3464,1.);
#3464 = DIRECTION('',(0.,0.,-1.));
#3465 = ORIENTED_EDGE('',*,*,#3466,.T.);
#3466 = EDGE_CURVE('',#3388,#3467,#3469,.T.);
#3467 = VERTEX_POINT('',#3468);
#3468 = CARTESIAN_POINT('',(-0.2,14.791742430504,12.3));
#3469 = CIRCLE('',#3470,0.5);
#3470 = AXIS2_PLACEMENT_3D('',#3471,#3472,#3473);
#3471 = CARTESIAN_POINT('',(0.,15.25,12.3));
#3472 = DIRECTION('',(0.,0.,-1.));
#3473 = DIRECTION('',(1.110223024625E-16,1.,0.));
#3474 = ORIENTED_EDGE('',*,*,#3475,.F.);
#3475 = EDGE_CURVE('',#3476,#3467,#3478,.T.);
#3476 = VERTEX_POINT('',#3477);
#3477 = CARTESIAN_POINT('',(-0.2,14.791742430504,9.5));
#3478 = LINE('',#3479,#3480);
#3479 = CARTESIAN_POINT('',(-0.2,14.791742430504,9.5));
#3480 = VECTOR('',#3481,1.);
#3481 = DIRECTION('',(0.,0.,1.));
#3482 = ORIENTED_EDGE('',*,*,#3483,.F.);
#3483 = EDGE_CURVE('',#3484,#3476,#3486,.T.);
#3484 = VERTEX_POINT('',#3485);
#3485 = CARTESIAN_POINT('',(-0.2,15.708257569496,9.5));
#3486 = CIRCLE('',#3487,0.5);
#3487 = AXIS2_PLACEMENT_3D('',#3488,#3489,#3490);
#3488 = CARTESIAN_POINT('',(0.,15.25,9.5));
#3489 = DIRECTION('',(0.,-0.,1.));
#3490 = DIRECTION('',(1.110223024625E-16,1.,0.));
#3491 = ORIENTED_EDGE('',*,*,#3492,.T.);
#3492 = EDGE_CURVE('',#3484,#3354,#3493,.T.);
#3493 = LINE('',#3494,#3495);
#3494 = CARTESIAN_POINT('',(-0.2,15.708257569496,9.5));
#3495 = VECTOR('',#3496,1.);
#3496 = DIRECTION('',(0.,0.,1.));
#3497 = CYLINDRICAL_SURFACE('',#3498,0.5);
#3498 = AXIS2_PLACEMENT_3D('',#3499,#3500,#3501);
#3499 = CARTESIAN_POINT('',(0.,15.25,12.5));
#3500 = DIRECTION('',(0.,0.,-1.));
#3501 = DIRECTION('',(-1.110223024625E-16,-1.,-0.));
#3502 = ADVANCED_FACE('',(#3503),#3515,.T.);
#3503 = FACE_BOUND('',#3504,.T.);
#3504 = EDGE_LOOP('',(#3505,#3506,#3507,#3508));
#3505 = ORIENTED_EDGE('',*,*,#3453,.F.);
#3506 = ORIENTED_EDGE('',*,*,#3395,.T.);
#3507 = ORIENTED_EDGE('',*,*,#3460,.T.);
#3508 = ORIENTED_EDGE('',*,*,#3509,.T.);
#3509 = EDGE_CURVE('',#3422,#3430,#3510,.T.);
#3510 = CIRCLE('',#3511,0.5);
#3511 = AXIS2_PLACEMENT_3D('',#3512,#3513,#3514);
#3512 = CARTESIAN_POINT('',(0.,15.25,-4.6));
#3513 = DIRECTION('',(0.,-0.,1.));
#3514 = DIRECTION('',(1.110223024625E-16,1.,0.));
#3515 = CYLINDRICAL_SURFACE('',#3516,0.5);
#3516 = AXIS2_PLACEMENT_3D('',#3517,#3518,#3519);
#3517 = CARTESIAN_POINT('',(0.,15.25,12.5));
#3518 = DIRECTION('',(0.,0.,-1.));
#3519 = DIRECTION('',(-1.110223024625E-16,-1.,-0.));
#3520 = ADVANCED_FACE('',(#3521),#3540,.T.);
#3521 = FACE_BOUND('',#3522,.T.);
#3522 = EDGE_LOOP('',(#3523,#3531,#3538,#3539));
#3523 = ORIENTED_EDGE('',*,*,#3524,.F.);
#3524 = EDGE_CURVE('',#3525,#3337,#3527,.T.);
#3525 = VERTEX_POINT('',#3526);
#3526 = CARTESIAN_POINT('',(-0.2,15.02639320225,12.5));
#3527 = LINE('',#3528,#3529);
#3528 = CARTESIAN_POINT('',(-0.2,14.791742430504,12.5));
#3529 = VECTOR('',#3530,1.);
#3530 = DIRECTION('',(1.110223024625E-16,1.,0.));
#3531 = ORIENTED_EDGE('',*,*,#3532,.T.);
#3532 = EDGE_CURVE('',#3525,#3379,#3533,.T.);
#3533 = CIRCLE('',#3534,0.3);
#3534 = AXIS2_PLACEMENT_3D('',#3535,#3536,#3537);
#3535 = CARTESIAN_POINT('',(0.,15.25,12.5));
#3536 = DIRECTION('',(0.,-0.,1.));
#3537 = DIRECTION('',(1.110223024625E-16,1.,0.));
#3538 = ORIENTED_EDGE('',*,*,#3378,.T.);
#3539 = ORIENTED_EDGE('',*,*,#3334,.T.);
#3540 = PLANE('',#3541);
#3541 = AXIS2_PLACEMENT_3D('',#3542,#3543,#3544);
#3542 = CARTESIAN_POINT('',(0.,15.25,12.5));
#3543 = DIRECTION('',(0.,0.,1.));
#3544 = DIRECTION('',(1.110223024625E-16,1.,-0.));
#3545 = ADVANCED_FACE('',(#3546),#3556,.F.);
#3546 = FACE_BOUND('',#3547,.T.);
#3547 = EDGE_LOOP('',(#3548,#3555));
#3548 = ORIENTED_EDGE('',*,*,#3549,.T.);
#3549 = EDGE_CURVE('',#3413,#3411,#3550,.T.);
#3550 = CIRCLE('',#3551,0.3);
#3551 = AXIS2_PLACEMENT_3D('',#3552,#3553,#3554);
#3552 = CARTESIAN_POINT('',(0.,15.25,-4.8));
#3553 = DIRECTION('',(0.,0.,-1.));
#3554 = DIRECTION('',(1.110223024625E-16,1.,0.));
#3555 = ORIENTED_EDGE('',*,*,#3410,.T.);
#3556 = PLANE('',#3557);
#3557 = AXIS2_PLACEMENT_3D('',#3558,#3559,#3560);
#3558 = CARTESIAN_POINT('',(0.,15.25,-4.8));
#3559 = DIRECTION('',(0.,0.,1.));
#3560 = DIRECTION('',(1.110223024625E-16,1.,-0.));
#3561 = ADVANCED_FACE('',(#3562),#3581,.F.);
#3562 = FACE_BOUND('',#3563,.T.);
#3563 = EDGE_LOOP('',(#3564,#3565,#3566,#3567,#3573,#3574));
#3564 = ORIENTED_EDGE('',*,*,#3524,.T.);
#3565 = ORIENTED_EDGE('',*,*,#3362,.T.);
#3566 = ORIENTED_EDGE('',*,*,#3492,.F.);
#3567 = ORIENTED_EDGE('',*,*,#3568,.F.);
#3568 = EDGE_CURVE('',#3476,#3484,#3569,.T.);
#3569 = LINE('',#3570,#3571);
#3570 = CARTESIAN_POINT('',(-0.2,14.791742430504,9.5));
#3571 = VECTOR('',#3572,1.);
#3572 = DIRECTION('',(1.110223024625E-16,1.,0.));
#3573 = ORIENTED_EDGE('',*,*,#3475,.T.);
#3574 = ORIENTED_EDGE('',*,*,#3575,.T.);
#3575 = EDGE_CURVE('',#3467,#3525,#3576,.T.);
#3576 = B_SPLINE_CURVE_WITH_KNOTS('',3,(#3577,#3578,#3579,#3580),
  .UNSPECIFIED.,.F.,.F.,(4,4),(0.,3.083196144925E-04),
  .PIECEWISE_BEZIER_KNOTS.);
#3577 = CARTESIAN_POINT('',(-0.2,14.791742430504,12.3));
#3578 = CARTESIAN_POINT('',(-0.2,14.867557017974,12.369485217172));
#3579 = CARTESIAN_POINT('',(-0.2,14.943815196948,12.438449988899));
#3580 = CARTESIAN_POINT('',(-0.2,15.02639320225,12.5));
#3581 = PLANE('',#3582);
#3582 = AXIS2_PLACEMENT_3D('',#3583,#3584,#3585);
#3583 = CARTESIAN_POINT('',(-0.2,14.791742430504,9.5));
#3584 = DIRECTION('',(1.,-1.110223024625E-16,0.));
#3585 = DIRECTION('',(0.,0.,-1.));
#3586 = ADVANCED_FACE('',(#3587),#3591,.T.);
#3587 = FACE_BOUND('',#3588,.T.);
#3588 = EDGE_LOOP('',(#3589,#3590));
#3589 = ORIENTED_EDGE('',*,*,#3483,.T.);
#3590 = ORIENTED_EDGE('',*,*,#3568,.T.);
#3591 = PLANE('',#3592);
#3592 = AXIS2_PLACEMENT_3D('',#3593,#3594,#3595);
#3593 = CARTESIAN_POINT('',(0.,15.25,9.5));
#3594 = DIRECTION('',(0.,0.,1.));
#3595 = DIRECTION('',(1.110223024625E-16,1.,-0.));
#3596 = ADVANCED_FACE('',(#3597),#3603,.T.);
#3597 = FACE_BOUND('',#3598,.T.);
#3598 = EDGE_LOOP('',(#3599,#3600,#3601,#3602));
#3599 = ORIENTED_EDGE('',*,*,#3421,.F.);
#3600 = ORIENTED_EDGE('',*,*,#3549,.F.);
#3601 = ORIENTED_EDGE('',*,*,#3438,.T.);
#3602 = ORIENTED_EDGE('',*,*,#3509,.F.);
#3603 = CONICAL_SURFACE('',#3604,0.5,0.785398163397);
#3604 = AXIS2_PLACEMENT_3D('',#3605,#3606,#3607);
#3605 = CARTESIAN_POINT('',(0.,15.25,-4.6));
#3606 = DIRECTION('',(0.,0.,1.));
#3607 = DIRECTION('',(1.110223024625E-16,1.,-0.));
#3608 = ADVANCED_FACE('',(#3609),#3615,.T.);
#3609 = FACE_BOUND('',#3610,.T.);
#3610 = EDGE_LOOP('',(#3611,#3612,#3613,#3614));
#3611 = ORIENTED_EDGE('',*,*,#3387,.F.);
#3612 = ORIENTED_EDGE('',*,*,#3532,.F.);
#3613 = ORIENTED_EDGE('',*,*,#3575,.F.);
#3614 = ORIENTED_EDGE('',*,*,#3466,.F.);
#3615 = CONICAL_SURFACE('',#3616,0.3,0.785398163397);
#3616 = AXIS2_PLACEMENT_3D('',#3617,#3618,#3619);
#3617 = CARTESIAN_POINT('',(0.,15.25,12.5));
#3618 = DIRECTION('',(0.,0.,-1.));
#3619 = DIRECTION('',(-1.110223024625E-16,-1.,-0.));
#3620 = ( GEOMETRIC_REPRESENTATION_CONTEXT(3) 
GLOBAL_UNCERTAINTY_ASSIGNED_CONTEXT((#3624)) 
GLOBAL_UNIT_ASSIGNED_CONTEXT((#3621,#3622,#3623)) REPRESENTATION_CONTEXT
('Context #1','3D Context with UNIT and UNCERTAINTY') );
#3621 = ( LENGTH_UNIT() NAMED_UNIT(*) SI_UNIT(.MILLI.,.METRE.) );
#3622 = ( NAMED_UNIT(*) PLANE_ANGLE_UNIT() SI_UNIT($,.RADIAN.) );
#3623 = ( NAMED_UNIT(*) SI_UNIT($,.STERADIAN.) SOLID_ANGLE_UNIT() );
#3624 = UNCERTAINTY_MEASURE_WITH_UNIT(LENGTH_MEASURE(5.E-05),#3621,
  'distance_accuracy_value','confusion accuracy');
#3625 = CONTEXT_DEPENDENT_SHAPE_REPRESENTATION(#3626,#3628);
#3626 = ( REPRESENTATION_RELATIONSHIP('','',#3327,#3244) 
REPRESENTATION_RELATIONSHIP_WITH_TRANSFORMATION(#3627) 
SHAPE_REPRESENTATION_RELATIONSHIP() );
#3627 = ITEM_DEFINED_TRANSFORMATION('','',#11,#3245);
#3628 = PRODUCT_DEFINITION_SHAPE('Placement','Placement of an item',
  #3629);
#3629 = NEXT_ASSEMBLY_USAGE_OCCURRENCE('7','Shutter_part','',#3239,#3322
  ,$);
#3630 = PRODUCT_RELATED_PRODUCT_CATEGORY('part',$,(#3324));
#3631 = SHAPE_DEFINITION_REPRESENTATION(#3632,#3638);
#3632 = PRODUCT_DEFINITION_SHAPE('','',#3633);
#3633 = PRODUCT_DEFINITION('design','',#3634,#3637);
#3634 = PRODUCT_DEFINITION_FORMATION('','',#3635);
#3635 = PRODUCT('Shutter_part001','Shutter_part001','',(#3636));
#3636 = PRODUCT_CONTEXT('',#2,'mechanical');
#3637 = PRODUCT_DEFINITION_CONTEXT('part definition',#2,'design');
#3638 = ADVANCED_BREP_SHAPE_REPRESENTATION('',(#11,#3639),#5818);
#3639 = MANIFOLD_SOLID_BREP('',#3640);
#3640 = CLOSED_SHELL('',(#3641,#3683,#3725,#3767,#3863,#3977,#4017,#4049
    ,#4089,#4121,#4153,#4193,#4233,#4269,#4313,#4362,#4397,#4428,#4463,
    #4495,#4537,#4577,#4619,#4651,#4677,#4719,#4750,#4792,#4825,#4852,
    #4901,#4932,#4967,#5002,#5034,#5065,#5107,#5149,#5182,#5209,#5251,
    #5291,#5324,#5357,#5384,#5426,#5466,#5508,#5540,#5566,#5578,#5590,
    #5602,#5614,#5626,#5638,#5650,#5662,#5674,#5686,#5698,#5710,#5722,
    #5734,#5746,#5758,#5770,#5782,#5794,#5806));
#3641 = ADVANCED_FACE('',(#3642),#3678,.T.);
#3642 = FACE_BOUND('',#3643,.T.);
#3643 = EDGE_LOOP('',(#3644,#3655,#3663,#3672));
#3644 = ORIENTED_EDGE('',*,*,#3645,.F.);
#3645 = EDGE_CURVE('',#3646,#3648,#3650,.T.);
#3646 = VERTEX_POINT('',#3647);
#3647 = CARTESIAN_POINT('',(-2.217344593709,14.185708436181,-4.6));
#3648 = VERTEX_POINT('',#3649);
#3649 = CARTESIAN_POINT('',(-2.138037837199,14.119162166044,-4.6));
#3650 = CIRCLE('',#3651,0.2);
#3651 = AXIS2_PLACEMENT_3D('',#3652,#3653,#3654);
#3652 = CARTESIAN_POINT('',(-2.301868246057,14.004446878774,-4.6));
#3653 = DIRECTION('',(-0.,0.,-1.));
#3654 = DIRECTION('',(-0.422618261741,-0.906307787037,0.));
#3655 = ORIENTED_EDGE('',*,*,#3656,.T.);
#3656 = EDGE_CURVE('',#3646,#3657,#3659,.T.);
#3657 = VERTEX_POINT('',#3658);
#3658 = CARTESIAN_POINT('',(-2.217344593709,14.185708436181,-4.3));
#3659 = LINE('',#3660,#3661);
#3660 = CARTESIAN_POINT('',(-2.217344593709,14.185708436181,-4.6));
#3661 = VECTOR('',#3662,1.);
#3662 = DIRECTION('',(0.,0.,1.));
#3663 = ORIENTED_EDGE('',*,*,#3664,.F.);
#3664 = EDGE_CURVE('',#3665,#3657,#3667,.T.);
#3665 = VERTEX_POINT('',#3666);
#3666 = CARTESIAN_POINT('',(-2.138037837199,14.119162166044,-4.3));
#3667 = CIRCLE('',#3668,0.2);
#3668 = AXIS2_PLACEMENT_3D('',#3669,#3670,#3671);
#3669 = CARTESIAN_POINT('',(-2.301868246057,14.004446878774,-4.3));
#3670 = DIRECTION('',(0.,0.,1.));
#3671 = DIRECTION('',(-0.422618261741,-0.906307787037,0.));
#3672 = ORIENTED_EDGE('',*,*,#3673,.F.);
#3673 = EDGE_CURVE('',#3648,#3665,#3674,.T.);
#3674 = LINE('',#3675,#3676);
#3675 = CARTESIAN_POINT('',(-2.138037837199,14.119162166044,-4.6));
#3676 = VECTOR('',#3677,1.);
#3677 = DIRECTION('',(0.,0.,1.));
#3678 = CYLINDRICAL_SURFACE('',#3679,0.2);
#3679 = AXIS2_PLACEMENT_3D('',#3680,#3681,#3682);
#3680 = CARTESIAN_POINT('',(-2.301868246057,14.004446878774,-4.6));
#3681 = DIRECTION('',(0.,0.,1.));
#3682 = DIRECTION('',(0.422618261741,0.906307787037,-0.));
#3683 = ADVANCED_FACE('',(#3684),#3720,.T.);
#3684 = FACE_BOUND('',#3685,.T.);
#3685 = EDGE_LOOP('',(#3686,#3697,#3705,#3714));
#3686 = ORIENTED_EDGE('',*,*,#3687,.F.);
#3687 = EDGE_CURVE('',#3688,#3690,#3692,.T.);
#3688 = VERTEX_POINT('',#3689);
#3689 = CARTESIAN_POINT('',(2.142830266462,15.106081719906,4.6));
#3690 = VERTEX_POINT('',#3691);
#3691 = CARTESIAN_POINT('',(2.262083554344,15.090381726711,4.6));
#3692 = CIRCLE('',#3693,0.2);
#3693 = AXIS2_PLACEMENT_3D('',#3694,#3695,#3696);
#3694 = CARTESIAN_POINT('',(2.22735391881,15.287343277313,4.6));
#3695 = DIRECTION('',(0.,-0.,1.));
#3696 = DIRECTION('',(0.422618261741,0.906307787037,0.));
#3697 = ORIENTED_EDGE('',*,*,#3698,.T.);
#3698 = EDGE_CURVE('',#3688,#3699,#3701,.T.);
#3699 = VERTEX_POINT('',#3700);
#3700 = CARTESIAN_POINT('',(2.142830266462,15.106081719906,4.3));
#3701 = LINE('',#3702,#3703);
#3702 = CARTESIAN_POINT('',(2.142830266462,15.106081719906,4.6));
#3703 = VECTOR('',#3704,1.);
#3704 = DIRECTION('',(0.,0.,-1.));
#3705 = ORIENTED_EDGE('',*,*,#3706,.F.);
#3706 = EDGE_CURVE('',#3707,#3699,#3709,.T.);
#3707 = VERTEX_POINT('',#3708);
#3708 = CARTESIAN_POINT('',(2.262083554344,15.090381726711,4.3));
#3709 = CIRCLE('',#3710,0.2);
#3710 = AXIS2_PLACEMENT_3D('',#3711,#3712,#3713);
#3711 = CARTESIAN_POINT('',(2.22735391881,15.287343277313,4.3));
#3712 = DIRECTION('',(0.,0.,-1.));
#3713 = DIRECTION('',(0.422618261741,0.906307787037,0.));
#3714 = ORIENTED_EDGE('',*,*,#3715,.F.);
#3715 = EDGE_CURVE('',#3690,#3707,#3716,.T.);
#3716 = LINE('',#3717,#3718);
#3717 = CARTESIAN_POINT('',(2.262083554344,15.090381726711,4.6));
#3718 = VECTOR('',#3719,1.);
#3719 = DIRECTION('',(0.,0.,-1.));
#3720 = CYLINDRICAL_SURFACE('',#3721,0.2);
#3721 = AXIS2_PLACEMENT_3D('',#3722,#3723,#3724);
#3722 = CARTESIAN_POINT('',(2.22735391881,15.287343277313,4.6));
#3723 = DIRECTION('',(0.,0.,-1.));
#3724 = DIRECTION('',(-0.422618261741,-0.906307787037,-0.));
#3725 = ADVANCED_FACE('',(#3726),#3762,.T.);
#3726 = FACE_BOUND('',#3727,.T.);
#3727 = EDGE_LOOP('',(#3728,#3739,#3747,#3756));
#3728 = ORIENTED_EDGE('',*,*,#3729,.F.);
#3729 = EDGE_CURVE('',#3730,#3732,#3734,.T.);
#3730 = VERTEX_POINT('',#3731);
#3731 = CARTESIAN_POINT('',(-1.644331273483,17.170404492432,4.6));
#3732 = VERTEX_POINT('',#3733);
#3733 = CARTESIAN_POINT('',(-1.459807621135,17.178460969083,4.6));
#3734 = CIRCLE('',#3735,0.2);
#3735 = AXIS2_PLACEMENT_3D('',#3736,#3737,#3738);
#3736 = CARTESIAN_POINT('',(-1.559807621135,17.35166604984,4.6));
#3737 = DIRECTION('',(0.,0.,1.));
#3738 = DIRECTION('',(-0.422618261741,-0.906307787037,0.));
#3739 = ORIENTED_EDGE('',*,*,#3740,.T.);
#3740 = EDGE_CURVE('',#3730,#3741,#3743,.T.);
#3741 = VERTEX_POINT('',#3742);
#3742 = CARTESIAN_POINT('',(-1.644331273483,17.170404492432,4.3));
#3743 = LINE('',#3744,#3745);
#3744 = CARTESIAN_POINT('',(-1.644331273483,17.170404492432,4.6));
#3745 = VECTOR('',#3746,1.);
#3746 = DIRECTION('',(0.,0.,-1.));
#3747 = ORIENTED_EDGE('',*,*,#3748,.F.);
#3748 = EDGE_CURVE('',#3749,#3741,#3751,.T.);
#3749 = VERTEX_POINT('',#3750);
#3750 = CARTESIAN_POINT('',(-1.459807621135,17.178460969083,4.3));
#3751 = CIRCLE('',#3752,0.2);
#3752 = AXIS2_PLACEMENT_3D('',#3753,#3754,#3755);
#3753 = CARTESIAN_POINT('',(-1.559807621135,17.35166604984,4.3));
#3754 = DIRECTION('',(-0.,0.,-1.));
#3755 = DIRECTION('',(-0.422618261741,-0.906307787037,0.));
#3756 = ORIENTED_EDGE('',*,*,#3757,.F.);
#3757 = EDGE_CURVE('',#3732,#3749,#3758,.T.);
#3758 = LINE('',#3759,#3760);
#3759 = CARTESIAN_POINT('',(-1.459807621135,17.178460969083,4.6));
#3760 = VECTOR('',#3761,1.);
#3761 = DIRECTION('',(0.,0.,-1.));
#3762 = CYLINDRICAL_SURFACE('',#3763,0.2);
#3763 = AXIS2_PLACEMENT_3D('',#3764,#3765,#3766);
#3764 = CARTESIAN_POINT('',(-1.559807621135,17.35166604984,4.6));
#3765 = DIRECTION('',(0.,0.,-1.));
#3766 = DIRECTION('',(-0.422618261741,-0.906307787037,-0.));
#3767 = ADVANCED_FACE('',(#3768),#3858,.F.);
#3768 = FACE_BOUND('',#3769,.F.);
#3769 = EDGE_LOOP('',(#3770,#3781,#3790,#3799,#3808,#3816,#3825,#3834,
    #3843,#3851));
#3770 = ORIENTED_EDGE('',*,*,#3771,.F.);
#3771 = EDGE_CURVE('',#3772,#3774,#3776,.T.);
#3772 = VERTEX_POINT('',#3773);
#3773 = CARTESIAN_POINT('',(3.199994814578,15.2557607874,4.3));
#3774 = VERTEX_POINT('',#3775);
#3775 = CARTESIAN_POINT('',(3.008981819145,16.339049315714,4.3));
#3776 = CIRCLE('',#3777,3.2);
#3777 = AXIS2_PLACEMENT_3D('',#3778,#3779,#3780);
#3778 = CARTESIAN_POINT('',(0.,15.25,4.3));
#3779 = DIRECTION('',(0.,-0.,1.));
#3780 = DIRECTION('',(0.422618261741,0.906307787037,0.));
#3781 = ORIENTED_EDGE('',*,*,#3782,.F.);
#3782 = EDGE_CURVE('',#3783,#3772,#3785,.T.);
#3783 = VERTEX_POINT('',#3784);
#3784 = CARTESIAN_POINT('',(2.01336076482,12.762756861366,4.3));
#3785 = CIRCLE('',#3786,3.2);
#3786 = AXIS2_PLACEMENT_3D('',#3787,#3788,#3789);
#3787 = CARTESIAN_POINT('',(0.,15.25,4.3));
#3788 = DIRECTION('',(0.,-0.,1.));
#3789 = DIRECTION('',(0.422618261741,0.906307787037,0.));
#3790 = ORIENTED_EDGE('',*,*,#3791,.F.);
#3791 = EDGE_CURVE('',#3792,#3783,#3794,.T.);
#3792 = VERTEX_POINT('',#3793);
#3793 = CARTESIAN_POINT('',(1.147335361036,12.262756861366,4.3));
#3794 = CIRCLE('',#3795,3.2);
#3795 = AXIS2_PLACEMENT_3D('',#3796,#3797,#3798);
#3796 = CARTESIAN_POINT('',(0.,15.25,4.3));
#3797 = DIRECTION('',(0.,-0.,1.));
#3798 = DIRECTION('',(0.422618261741,0.906307787037,0.));
#3799 = ORIENTED_EDGE('',*,*,#3800,.F.);
#3800 = EDGE_CURVE('',#3801,#3792,#3803,.T.);
#3801 = VERTEX_POINT('',#3802);
#3802 = CARTESIAN_POINT('',(-1.35237843757,12.349815081483,4.3));
#3803 = CIRCLE('',#3804,3.2);
#3804 = AXIS2_PLACEMENT_3D('',#3805,#3806,#3807);
#3805 = CARTESIAN_POINT('',(0.,15.25,4.3));
#3806 = DIRECTION('',(0.,-0.,1.));
#3807 = DIRECTION('',(0.422618261741,0.906307787037,0.));
#3808 = ORIENTED_EDGE('',*,*,#3809,.T.);
#3809 = EDGE_CURVE('',#3801,#3810,#3812,.T.);
#3810 = VERTEX_POINT('',#3811);
#3811 = CARTESIAN_POINT('',(-1.35237843757,12.349815081483,-4.3));
#3812 = LINE('',#3813,#3814);
#3813 = CARTESIAN_POINT('',(-1.35237843757,12.349815081483,4.3));
#3814 = VECTOR('',#3815,1.);
#3815 = DIRECTION('',(0.,0.,-1.));
#3816 = ORIENTED_EDGE('',*,*,#3817,.T.);
#3817 = EDGE_CURVE('',#3810,#3818,#3820,.T.);
#3818 = VERTEX_POINT('',#3819);
#3819 = CARTESIAN_POINT('',(2.653254380449,13.461078203882,-4.3));
#3820 = CIRCLE('',#3821,3.2);
#3821 = AXIS2_PLACEMENT_3D('',#3822,#3823,#3824);
#3822 = CARTESIAN_POINT('',(0.,15.25,-4.3));
#3823 = DIRECTION('',(0.,-0.,1.));
#3824 = DIRECTION('',(0.422618261741,0.906307787037,0.));
#3825 = ORIENTED_EDGE('',*,*,#3826,.T.);
#3826 = EDGE_CURVE('',#3818,#3827,#3829,.T.);
#3827 = VERTEX_POINT('',#3828);
#3828 = CARTESIAN_POINT('',(3.07587264219,14.367385990919,-4.3));
#3829 = CIRCLE('',#3830,3.2);
#3830 = AXIS2_PLACEMENT_3D('',#3831,#3832,#3833);
#3831 = CARTESIAN_POINT('',(0.,15.25,-4.3));
#3832 = DIRECTION('',(0.,-0.,1.));
#3833 = DIRECTION('',(0.422618261741,0.906307787037,0.));
#3834 = ORIENTED_EDGE('',*,*,#3835,.T.);
#3835 = EDGE_CURVE('',#3827,#3836,#3838,.T.);
#3836 = VERTEX_POINT('',#3837);
#3837 = CARTESIAN_POINT('',(1.35237843757,18.150184918517,-4.3));
#3838 = CIRCLE('',#3839,3.2);
#3839 = AXIS2_PLACEMENT_3D('',#3840,#3841,#3842);
#3840 = CARTESIAN_POINT('',(0.,15.25,-4.3));
#3841 = DIRECTION('',(0.,-0.,1.));
#3842 = DIRECTION('',(0.422618261741,0.906307787037,0.));
#3843 = ORIENTED_EDGE('',*,*,#3844,.F.);
#3844 = EDGE_CURVE('',#3845,#3836,#3847,.T.);
#3845 = VERTEX_POINT('',#3846);
#3846 = CARTESIAN_POINT('',(1.35237843757,18.150184918517,4.3));
#3847 = LINE('',#3848,#3849);
#3848 = CARTESIAN_POINT('',(1.35237843757,18.150184918517,4.3));
#3849 = VECTOR('',#3850,1.);
#3850 = DIRECTION('',(0.,0.,-1.));
#3851 = ORIENTED_EDGE('',*,*,#3852,.F.);
#3852 = EDGE_CURVE('',#3774,#3845,#3853,.T.);
#3853 = CIRCLE('',#3854,3.2);
#3854 = AXIS2_PLACEMENT_3D('',#3855,#3856,#3857);
#3855 = CARTESIAN_POINT('',(0.,15.25,4.3));
#3856 = DIRECTION('',(0.,-0.,1.));
#3857 = DIRECTION('',(0.422618261741,0.906307787037,0.));
#3858 = CYLINDRICAL_SURFACE('',#3859,3.2);
#3859 = AXIS2_PLACEMENT_3D('',#3860,#3861,#3862);
#3860 = CARTESIAN_POINT('',(0.,15.25,4.3));
#3861 = DIRECTION('',(0.,0.,-1.));
#3862 = DIRECTION('',(-0.422618261741,-0.906307787037,-0.));
#3863 = ADVANCED_FACE('',(#3864),#3972,.T.);
#3864 = FACE_BOUND('',#3865,.T.);
#3865 = EDGE_LOOP('',(#3866,#3877,#3885,#3894,#3903,#3912,#3921,#3930,
    #3938,#3947,#3956,#3965));
#3866 = ORIENTED_EDGE('',*,*,#3867,.F.);
#3867 = EDGE_CURVE('',#3868,#3870,#3872,.T.);
#3868 = VERTEX_POINT('',#3869);
#3869 = CARTESIAN_POINT('',(1.479163916092,18.422077254628,4.3));
#3870 = VERTEX_POINT('',#3871);
#3871 = CARTESIAN_POINT('',(-1.299038105677,18.5,4.3));
#3872 = CIRCLE('',#3873,3.5);
#3873 = AXIS2_PLACEMENT_3D('',#3874,#3875,#3876);
#3874 = CARTESIAN_POINT('',(0.,15.25,4.3));
#3875 = DIRECTION('',(0.,-0.,1.));
#3876 = DIRECTION('',(0.422618261741,0.906307787037,0.));
#3877 = ORIENTED_EDGE('',*,*,#3878,.T.);
#3878 = EDGE_CURVE('',#3868,#3879,#3881,.T.);
#3879 = VERTEX_POINT('',#3880);
#3880 = CARTESIAN_POINT('',(1.479163916092,18.422077254628,-4.3));
#3881 = LINE('',#3882,#3883);
#3882 = CARTESIAN_POINT('',(1.479163916092,18.422077254628,4.3));
#3883 = VECTOR('',#3884,1.);
#3884 = DIRECTION('',(0.,0.,-1.));
#3885 = ORIENTED_EDGE('',*,*,#3886,.T.);
#3886 = EDGE_CURVE('',#3879,#3887,#3889,.T.);
#3887 = VERTEX_POINT('',#3888);
#3888 = CARTESIAN_POINT('',(0.196180999825,18.744497534025,-4.3));
#3889 = CIRCLE('',#3890,3.5);
#3890 = AXIS2_PLACEMENT_3D('',#3891,#3892,#3893);
#3891 = CARTESIAN_POINT('',(0.,15.25,-4.3));
#3892 = DIRECTION('',(0.,-0.,1.));
#3893 = DIRECTION('',(0.422618261741,0.906307787037,0.));
#3894 = ORIENTED_EDGE('',*,*,#3895,.T.);
#3895 = EDGE_CURVE('',#3887,#3896,#3898,.T.);
#3896 = VERTEX_POINT('',#3897);
#3897 = CARTESIAN_POINT('',(-0.800013698267,18.657341791277,-4.3));
#3898 = CIRCLE('',#3899,3.5);
#3899 = AXIS2_PLACEMENT_3D('',#3900,#3901,#3902);
#3900 = CARTESIAN_POINT('',(0.,15.25,-4.3));
#3901 = DIRECTION('',(0.,0.,1.));
#3902 = DIRECTION('',(-0.422618261741,-0.906307787037,0.));
#3903 = ORIENTED_EDGE('',*,*,#3904,.T.);
#3904 = EDGE_CURVE('',#3896,#3905,#3907,.T.);
#3905 = VERTEX_POINT('',#3906);
#3906 = CARTESIAN_POINT('',(-3.12441413784,13.672648962576,-4.3));
#3907 = CIRCLE('',#3908,3.5);
#3908 = AXIS2_PLACEMENT_3D('',#3909,#3910,#3911);
#3909 = CARTESIAN_POINT('',(0.,15.25,-4.3));
#3910 = DIRECTION('',(0.,-0.,1.));
#3911 = DIRECTION('',(0.422618261741,0.906307787037,0.));
#3912 = ORIENTED_EDGE('',*,*,#3913,.T.);
#3913 = EDGE_CURVE('',#3905,#3914,#3916,.T.);
#3914 = VERTEX_POINT('',#3915);
#3915 = CARTESIAN_POINT('',(-2.550837701489,12.853496918287,-4.3));
#3916 = CIRCLE('',#3917,3.5);
#3917 = AXIS2_PLACEMENT_3D('',#3918,#3919,#3920);
#3918 = CARTESIAN_POINT('',(0.,15.25,-4.3));
#3919 = DIRECTION('',(0.,0.,1.));
#3920 = DIRECTION('',(-0.422618261741,-0.906307787037,0.));
#3921 = ORIENTED_EDGE('',*,*,#3922,.T.);
#3922 = EDGE_CURVE('',#3914,#3923,#3925,.T.);
#3923 = VERTEX_POINT('',#3924);
#3924 = CARTESIAN_POINT('',(-1.479163916092,12.077922745372,-4.3));
#3925 = CIRCLE('',#3926,3.5);
#3926 = AXIS2_PLACEMENT_3D('',#3927,#3928,#3929);
#3927 = CARTESIAN_POINT('',(0.,15.25,-4.3));
#3928 = DIRECTION('',(0.,-0.,1.));
#3929 = DIRECTION('',(0.422618261741,0.906307787037,0.));
#3930 = ORIENTED_EDGE('',*,*,#3931,.F.);
#3931 = EDGE_CURVE('',#3932,#3923,#3934,.T.);
#3932 = VERTEX_POINT('',#3933);
#3933 = CARTESIAN_POINT('',(-1.479163916092,12.077922745372,4.3));
#3934 = LINE('',#3935,#3936);
#3935 = CARTESIAN_POINT('',(-1.479163916092,12.077922745372,4.3));
#3936 = VECTOR('',#3937,1.);
#3937 = DIRECTION('',(0.,0.,-1.));
#3938 = ORIENTED_EDGE('',*,*,#3939,.F.);
#3939 = EDGE_CURVE('',#3940,#3932,#3942,.T.);
#3940 = VERTEX_POINT('',#3941);
#3941 = CARTESIAN_POINT('',(-3.308496850316,14.108138103163,4.3));
#3942 = CIRCLE('',#3943,3.5);
#3943 = AXIS2_PLACEMENT_3D('',#3944,#3945,#3946);
#3944 = CARTESIAN_POINT('',(0.,15.25,4.3));
#3945 = DIRECTION('',(0.,-0.,1.));
#3946 = DIRECTION('',(0.422618261741,0.906307787037,0.));
#3947 = ORIENTED_EDGE('',*,*,#3948,.T.);
#3948 = EDGE_CURVE('',#3940,#3949,#3951,.T.);
#3949 = VERTEX_POINT('',#3950);
#3950 = CARTESIAN_POINT('',(-3.49950984575,15.191426631477,4.3));
#3951 = CIRCLE('',#3952,3.5);
#3952 = AXIS2_PLACEMENT_3D('',#3953,#3954,#3955);
#3953 = CARTESIAN_POINT('',(0.,15.25,4.3));
#3954 = DIRECTION('',(0.,0.,-1.));
#3955 = DIRECTION('',(0.422618261741,0.906307787037,0.));
#3956 = ORIENTED_EDGE('',*,*,#3957,.F.);
#3957 = EDGE_CURVE('',#3958,#3949,#3960,.T.);
#3958 = VERTEX_POINT('',#3959);
#3959 = CARTESIAN_POINT('',(-2.165063509461,18.,4.3));
#3960 = CIRCLE('',#3961,3.5);
#3961 = AXIS2_PLACEMENT_3D('',#3962,#3963,#3964);
#3962 = CARTESIAN_POINT('',(0.,15.25,4.3));
#3963 = DIRECTION('',(0.,-0.,1.));
#3964 = DIRECTION('',(0.422618261741,0.906307787037,0.));
#3965 = ORIENTED_EDGE('',*,*,#3966,.T.);
#3966 = EDGE_CURVE('',#3958,#3870,#3967,.T.);
#3967 = CIRCLE('',#3968,3.5);
#3968 = AXIS2_PLACEMENT_3D('',#3969,#3970,#3971);
#3969 = CARTESIAN_POINT('',(0.,15.25,4.3));
#3970 = DIRECTION('',(-0.,0.,-1.));
#3971 = DIRECTION('',(-0.422618261741,-0.906307787037,0.));
#3972 = CYLINDRICAL_SURFACE('',#3973,3.5);
#3973 = AXIS2_PLACEMENT_3D('',#3974,#3975,#3976);
#3974 = CARTESIAN_POINT('',(0.,15.25,4.3));
#3975 = DIRECTION('',(0.,0.,-1.));
#3976 = DIRECTION('',(-0.422618261741,-0.906307787037,-0.));
#3977 = ADVANCED_FACE('',(#3978),#4012,.T.);
#3978 = FACE_BOUND('',#3979,.T.);
#3979 = EDGE_LOOP('',(#3980,#3989,#3995,#3996,#4005,#4011));
#3980 = ORIENTED_EDGE('',*,*,#3981,.F.);
#3981 = EDGE_CURVE('',#3982,#3801,#3984,.T.);
#3982 = VERTEX_POINT('',#3983);
#3983 = CARTESIAN_POINT('',(-3.008981819145,14.160950684286,4.3));
#3984 = CIRCLE('',#3985,3.2);
#3985 = AXIS2_PLACEMENT_3D('',#3986,#3987,#3988);
#3986 = CARTESIAN_POINT('',(0.,15.25,4.3));
#3987 = DIRECTION('',(0.,-0.,1.));
#3988 = DIRECTION('',(0.422618261741,0.906307787037,0.));
#3989 = ORIENTED_EDGE('',*,*,#3990,.F.);
#3990 = EDGE_CURVE('',#3940,#3982,#3991,.T.);
#3991 = LINE('',#3992,#3993);
#3992 = CARTESIAN_POINT('',(-3.308496850316,14.108138103163,4.3));
#3993 = VECTOR('',#3994,1.);
#3994 = DIRECTION('',(0.984807753012,0.173648177667,0.));
#3995 = ORIENTED_EDGE('',*,*,#3939,.T.);
#3996 = ORIENTED_EDGE('',*,*,#3997,.T.);
#3997 = EDGE_CURVE('',#3932,#3998,#4000,.T.);
#3998 = VERTEX_POINT('',#3999);
#3999 = CARTESIAN_POINT('',(1.299038105677,12.,4.3));
#4000 = CIRCLE('',#4001,3.5);
#4001 = AXIS2_PLACEMENT_3D('',#4002,#4003,#4004);
#4002 = CARTESIAN_POINT('',(0.,15.25,4.3));
#4003 = DIRECTION('',(0.,-0.,1.));
#4004 = DIRECTION('',(0.422618261741,0.906307787037,0.));
#4005 = ORIENTED_EDGE('',*,*,#4006,.F.);
#4006 = EDGE_CURVE('',#3792,#3998,#4007,.T.);
#4007 = LINE('',#4008,#4009);
#4008 = CARTESIAN_POINT('',(1.299038105677,12.,4.3));
#4009 = VECTOR('',#4010,1.);
#4010 = DIRECTION('',(0.5,-0.866025403784,0.));
#4011 = ORIENTED_EDGE('',*,*,#3800,.F.);
#4012 = PLANE('',#4013);
#4013 = AXIS2_PLACEMENT_3D('',#4014,#4015,#4016);
#4014 = CARTESIAN_POINT('',(0.,15.25,4.3));
#4015 = DIRECTION('',(0.,0.,1.));
#4016 = DIRECTION('',(0.422618261741,0.906307787037,-0.));
#4017 = ADVANCED_FACE('',(#4018),#4044,.T.);
#4018 = FACE_BOUND('',#4019,.T.);
#4019 = EDGE_LOOP('',(#4020,#4021,#4029,#4038));
#4020 = ORIENTED_EDGE('',*,*,#3957,.T.);
#4021 = ORIENTED_EDGE('',*,*,#4022,.F.);
#4022 = EDGE_CURVE('',#4023,#3949,#4025,.T.);
#4023 = VERTEX_POINT('',#4024);
#4024 = CARTESIAN_POINT('',(-3.199994814578,15.2442392126,4.3));
#4025 = LINE('',#4026,#4027);
#4026 = CARTESIAN_POINT('',(-3.49950984575,15.191426631477,4.3));
#4027 = VECTOR('',#4028,1.);
#4028 = DIRECTION('',(-0.984807753012,-0.173648177667,0.));
#4029 = ORIENTED_EDGE('',*,*,#4030,.F.);
#4030 = EDGE_CURVE('',#4031,#4023,#4033,.T.);
#4031 = VERTEX_POINT('',#4032);
#4032 = CARTESIAN_POINT('',(-2.01336076482,17.737243138634,4.3));
#4033 = CIRCLE('',#4034,3.2);
#4034 = AXIS2_PLACEMENT_3D('',#4035,#4036,#4037);
#4035 = CARTESIAN_POINT('',(0.,15.25,4.3));
#4036 = DIRECTION('',(0.,-0.,1.));
#4037 = DIRECTION('',(0.422618261741,0.906307787037,0.));
#4038 = ORIENTED_EDGE('',*,*,#4039,.F.);
#4039 = EDGE_CURVE('',#3958,#4031,#4040,.T.);
#4040 = LINE('',#4041,#4042);
#4041 = CARTESIAN_POINT('',(-1.633012701892,17.078460969083,4.3));
#4042 = VECTOR('',#4043,1.);
#4043 = DIRECTION('',(0.5,-0.866025403784,0.));
#4044 = PLANE('',#4045);
#4045 = AXIS2_PLACEMENT_3D('',#4046,#4047,#4048);
#4046 = CARTESIAN_POINT('',(0.,15.25,4.3));
#4047 = DIRECTION('',(0.,0.,1.));
#4048 = DIRECTION('',(0.422618261741,0.906307787037,-0.));
#4049 = ADVANCED_FACE('',(#4050),#4084,.T.);
#4050 = FACE_BOUND('',#4051,.T.);
#4051 = EDGE_LOOP('',(#4052,#4053,#4061,#4068,#4069,#4077));
#4052 = ORIENTED_EDGE('',*,*,#3852,.F.);
#4053 = ORIENTED_EDGE('',*,*,#4054,.F.);
#4054 = EDGE_CURVE('',#4055,#3774,#4057,.T.);
#4055 = VERTEX_POINT('',#4056);
#4056 = CARTESIAN_POINT('',(3.308496850316,16.391861896837,4.3));
#4057 = LINE('',#4058,#4059);
#4058 = CARTESIAN_POINT('',(3.308496850316,16.391861896837,4.3));
#4059 = VECTOR('',#4060,1.);
#4060 = DIRECTION('',(-0.984807753012,-0.173648177667,0.));
#4061 = ORIENTED_EDGE('',*,*,#4062,.T.);
#4062 = EDGE_CURVE('',#4055,#3868,#4063,.T.);
#4063 = CIRCLE('',#4064,3.5);
#4064 = AXIS2_PLACEMENT_3D('',#4065,#4066,#4067);
#4065 = CARTESIAN_POINT('',(0.,15.25,4.3));
#4066 = DIRECTION('',(0.,-0.,1.));
#4067 = DIRECTION('',(0.422618261741,0.906307787037,0.));
#4068 = ORIENTED_EDGE('',*,*,#3867,.T.);
#4069 = ORIENTED_EDGE('',*,*,#4070,.F.);
#4070 = EDGE_CURVE('',#4071,#3870,#4073,.T.);
#4071 = VERTEX_POINT('',#4072);
#4072 = CARTESIAN_POINT('',(-1.147335361036,18.237243138634,4.3));
#4073 = LINE('',#4074,#4075);
#4074 = CARTESIAN_POINT('',(-1.299038105677,18.5,4.3));
#4075 = VECTOR('',#4076,1.);
#4076 = DIRECTION('',(-0.5,0.866025403784,0.));
#4077 = ORIENTED_EDGE('',*,*,#4078,.F.);
#4078 = EDGE_CURVE('',#3845,#4071,#4079,.T.);
#4079 = CIRCLE('',#4080,3.2);
#4080 = AXIS2_PLACEMENT_3D('',#4081,#4082,#4083);
#4081 = CARTESIAN_POINT('',(0.,15.25,4.3));
#4082 = DIRECTION('',(0.,-0.,1.));
#4083 = DIRECTION('',(0.422618261741,0.906307787037,0.));
#4084 = PLANE('',#4085);
#4085 = AXIS2_PLACEMENT_3D('',#4086,#4087,#4088);
#4086 = CARTESIAN_POINT('',(0.,15.25,4.3));
#4087 = DIRECTION('',(0.,0.,1.));
#4088 = DIRECTION('',(0.422618261741,0.906307787037,-0.));
#4089 = ADVANCED_FACE('',(#4090),#4116,.T.);
#4090 = FACE_BOUND('',#4091,.T.);
#4091 = EDGE_LOOP('',(#4092,#4103,#4109,#4110));
#4092 = ORIENTED_EDGE('',*,*,#4093,.T.);
#4093 = EDGE_CURVE('',#4094,#4096,#4098,.T.);
#4094 = VERTEX_POINT('',#4095);
#4095 = CARTESIAN_POINT('',(2.165063509461,12.5,4.3));
#4096 = VERTEX_POINT('',#4097);
#4097 = CARTESIAN_POINT('',(3.49950984575,15.308573368523,4.3));
#4098 = CIRCLE('',#4099,3.5);
#4099 = AXIS2_PLACEMENT_3D('',#4100,#4101,#4102);
#4100 = CARTESIAN_POINT('',(0.,15.25,4.3));
#4101 = DIRECTION('',(0.,-0.,1.));
#4102 = DIRECTION('',(0.422618261741,0.906307787037,0.));
#4103 = ORIENTED_EDGE('',*,*,#4104,.F.);
#4104 = EDGE_CURVE('',#3772,#4096,#4105,.T.);
#4105 = LINE('',#4106,#4107);
#4106 = CARTESIAN_POINT('',(3.49950984575,15.308573368523,4.3));
#4107 = VECTOR('',#4108,1.);
#4108 = DIRECTION('',(0.984807753012,0.173648177667,0.));
#4109 = ORIENTED_EDGE('',*,*,#3782,.F.);
#4110 = ORIENTED_EDGE('',*,*,#4111,.F.);
#4111 = EDGE_CURVE('',#4094,#3783,#4112,.T.);
#4112 = LINE('',#4113,#4114);
#4113 = CARTESIAN_POINT('',(1.633012701892,13.421539030917,4.3));
#4114 = VECTOR('',#4115,1.);
#4115 = DIRECTION('',(-0.5,0.866025403784,0.));
#4116 = PLANE('',#4117);
#4117 = AXIS2_PLACEMENT_3D('',#4118,#4119,#4120);
#4118 = CARTESIAN_POINT('',(0.,15.25,4.3));
#4119 = DIRECTION('',(0.,0.,1.));
#4120 = DIRECTION('',(0.422618261741,0.906307787037,-0.));
#4121 = ADVANCED_FACE('',(#4122),#4148,.F.);
#4122 = FACE_BOUND('',#4123,.T.);
#4123 = EDGE_LOOP('',(#4124,#4132,#4133,#4141));
#4124 = ORIENTED_EDGE('',*,*,#4125,.F.);
#4125 = EDGE_CURVE('',#3905,#4126,#4128,.T.);
#4126 = VERTEX_POINT('',#4127);
#4127 = CARTESIAN_POINT('',(-2.875878911047,13.846675201888,-4.3));
#4128 = LINE('',#4129,#4130);
#4129 = CARTESIAN_POINT('',(-2.252753124469,14.282992574902,-4.3));
#4130 = VECTOR('',#4131,1.);
#4131 = DIRECTION('',(0.819152044289,0.573576436351,0.));
#4132 = ORIENTED_EDGE('',*,*,#3904,.F.);
#4133 = ORIENTED_EDGE('',*,*,#4134,.F.);
#4134 = EDGE_CURVE('',#4135,#3896,#4137,.T.);
#4135 = VERTEX_POINT('',#4136);
#4136 = CARTESIAN_POINT('',(-0.773570167494,18.355090851483,-4.3));
#4137 = LINE('',#4138,#4139);
#4138 = CARTESIAN_POINT('',(-0.70727113164,17.597289404046,-4.3));
#4139 = VECTOR('',#4140,1.);
#4140 = DIRECTION('',(-8.715574274764E-02,0.996194698092,0.));
#4141 = ORIENTED_EDGE('',*,*,#4142,.T.);
#4142 = EDGE_CURVE('',#4135,#4126,#4143,.T.);
#4143 = CIRCLE('',#4144,3.2);
#4144 = AXIS2_PLACEMENT_3D('',#4145,#4146,#4147);
#4145 = CARTESIAN_POINT('',(0.,15.25,-4.3));
#4146 = DIRECTION('',(0.,-0.,1.));
#4147 = DIRECTION('',(0.422618261741,0.906307787037,0.));
#4148 = PLANE('',#4149);
#4149 = AXIS2_PLACEMENT_3D('',#4150,#4151,#4152);
#4150 = CARTESIAN_POINT('',(0.,15.25,-4.3));
#4151 = DIRECTION('',(0.,0.,1.));
#4152 = DIRECTION('',(0.422618261741,0.906307787037,-0.));
#4153 = ADVANCED_FACE('',(#4154),#4188,.F.);
#4154 = FACE_BOUND('',#4155,.T.);
#4155 = EDGE_LOOP('',(#4156,#4164,#4171,#4172,#4180,#4187));
#4156 = ORIENTED_EDGE('',*,*,#4157,.F.);
#4157 = EDGE_CURVE('',#4158,#3914,#4160,.T.);
#4158 = VERTEX_POINT('',#4159);
#4159 = CARTESIAN_POINT('',(-2.302302474696,13.027523157599,-4.3));
#4160 = LINE('',#4161,#4162);
#4161 = CARTESIAN_POINT('',(-1.679176688118,13.463840530613,-4.3));
#4162 = VECTOR('',#4163,1.);
#4163 = DIRECTION('',(-0.819152044289,-0.573576436351,0.));
#4164 = ORIENTED_EDGE('',*,*,#4165,.T.);
#4165 = EDGE_CURVE('',#4158,#3810,#4166,.T.);
#4166 = CIRCLE('',#4167,3.2);
#4167 = AXIS2_PLACEMENT_3D('',#4168,#4169,#4170);
#4168 = CARTESIAN_POINT('',(0.,15.25,-4.3));
#4169 = DIRECTION('',(0.,-0.,1.));
#4170 = DIRECTION('',(0.422618261741,0.906307787037,0.));
#4171 = ORIENTED_EDGE('',*,*,#3817,.T.);
#4172 = ORIENTED_EDGE('',*,*,#4173,.F.);
#4173 = EDGE_CURVE('',#4174,#3818,#4176,.T.);
#4174 = VERTEX_POINT('',#4175);
#4175 = CARTESIAN_POINT('',(2.928233138015,13.332853503399,-4.3));
#4176 = LINE('',#4177,#4178);
#4177 = CARTESIAN_POINT('',(1.963829558018,13.782562278304,-4.3));
#4178 = VECTOR('',#4179,1.);
#4179 = DIRECTION('',(-0.906307787037,0.422618261741,0.));
#4180 = ORIENTED_EDGE('',*,*,#4181,.F.);
#4181 = EDGE_CURVE('',#3923,#4174,#4182,.T.);
#4182 = CIRCLE('',#4183,3.5);
#4183 = AXIS2_PLACEMENT_3D('',#4184,#4185,#4186);
#4184 = CARTESIAN_POINT('',(0.,15.25,-4.3));
#4185 = DIRECTION('',(0.,-0.,1.));
#4186 = DIRECTION('',(0.422618261741,0.906307787037,0.));
#4187 = ORIENTED_EDGE('',*,*,#3922,.F.);
#4188 = PLANE('',#4189);
#4189 = AXIS2_PLACEMENT_3D('',#4190,#4191,#4192);
#4190 = CARTESIAN_POINT('',(0.,15.25,-4.3));
#4191 = DIRECTION('',(0.,0.,1.));
#4192 = DIRECTION('',(0.422618261741,0.906307787037,-0.));
#4193 = ADVANCED_FACE('',(#4194),#4228,.F.);
#4194 = FACE_BOUND('',#4195,.T.);
#4195 = EDGE_LOOP('',(#4196,#4204,#4205,#4214,#4220,#4221));
#4196 = ORIENTED_EDGE('',*,*,#4197,.F.);
#4197 = EDGE_CURVE('',#3887,#4198,#4200,.T.);
#4198 = VERTEX_POINT('',#4199);
#4199 = CARTESIAN_POINT('',(0.222624530597,18.442246594231,-4.3));
#4200 = LINE('',#4201,#4202);
#4201 = CARTESIAN_POINT('',(0.288923566451,17.684445146794,-4.3));
#4202 = VECTOR('',#4203,1.);
#4203 = DIRECTION('',(8.715574274764E-02,-0.996194698092,0.));
#4204 = ORIENTED_EDGE('',*,*,#3886,.F.);
#4205 = ORIENTED_EDGE('',*,*,#4206,.F.);
#4206 = EDGE_CURVE('',#4207,#3879,#4209,.T.);
#4207 = VERTEX_POINT('',#4208);
#4208 = CARTESIAN_POINT('',(3.350851399756,14.239161290436,-4.3));
#4209 = CIRCLE('',#4210,3.5);
#4210 = AXIS2_PLACEMENT_3D('',#4211,#4212,#4213);
#4211 = CARTESIAN_POINT('',(0.,15.25,-4.3));
#4212 = DIRECTION('',(0.,-0.,1.));
#4213 = DIRECTION('',(0.422618261741,0.906307787037,0.));
#4214 = ORIENTED_EDGE('',*,*,#4215,.F.);
#4215 = EDGE_CURVE('',#3827,#4207,#4216,.T.);
#4216 = LINE('',#4217,#4218);
#4217 = CARTESIAN_POINT('',(2.386447819758,14.688870065341,-4.3));
#4218 = VECTOR('',#4219,1.);
#4219 = DIRECTION('',(0.906307787037,-0.422618261741,0.));
#4220 = ORIENTED_EDGE('',*,*,#3835,.T.);
#4221 = ORIENTED_EDGE('',*,*,#4222,.T.);
#4222 = EDGE_CURVE('',#3836,#4198,#4223,.T.);
#4223 = CIRCLE('',#4224,3.2);
#4224 = AXIS2_PLACEMENT_3D('',#4225,#4226,#4227);
#4225 = CARTESIAN_POINT('',(0.,15.25,-4.3));
#4226 = DIRECTION('',(0.,-0.,1.));
#4227 = DIRECTION('',(0.422618261741,0.906307787037,0.));
#4228 = PLANE('',#4229);
#4229 = AXIS2_PLACEMENT_3D('',#4230,#4231,#4232);
#4230 = CARTESIAN_POINT('',(0.,15.25,-4.3));
#4231 = DIRECTION('',(0.,0.,1.));
#4232 = DIRECTION('',(0.422618261741,0.906307787037,-0.));
#4233 = ADVANCED_FACE('',(#4234),#4264,.T.);
#4234 = FACE_BOUND('',#4235,.T.);
#4235 = EDGE_LOOP('',(#4236,#4237,#4238,#4245,#4246,#4253,#4254,#4255,
    #4256,#4263));
#4236 = ORIENTED_EDGE('',*,*,#3878,.F.);
#4237 = ORIENTED_EDGE('',*,*,#4062,.F.);
#4238 = ORIENTED_EDGE('',*,*,#4239,.T.);
#4239 = EDGE_CURVE('',#4055,#4096,#4240,.T.);
#4240 = CIRCLE('',#4241,3.5);
#4241 = AXIS2_PLACEMENT_3D('',#4242,#4243,#4244);
#4242 = CARTESIAN_POINT('',(0.,15.25,4.3));
#4243 = DIRECTION('',(0.,0.,-1.));
#4244 = DIRECTION('',(0.422618261741,0.906307787037,0.));
#4245 = ORIENTED_EDGE('',*,*,#4093,.F.);
#4246 = ORIENTED_EDGE('',*,*,#4247,.T.);
#4247 = EDGE_CURVE('',#4094,#3998,#4248,.T.);
#4248 = CIRCLE('',#4249,3.5);
#4249 = AXIS2_PLACEMENT_3D('',#4250,#4251,#4252);
#4250 = CARTESIAN_POINT('',(0.,15.25,4.3));
#4251 = DIRECTION('',(-0.,0.,-1.));
#4252 = DIRECTION('',(-0.422618261741,-0.906307787037,0.));
#4253 = ORIENTED_EDGE('',*,*,#3997,.F.);
#4254 = ORIENTED_EDGE('',*,*,#3931,.T.);
#4255 = ORIENTED_EDGE('',*,*,#4181,.T.);
#4256 = ORIENTED_EDGE('',*,*,#4257,.T.);
#4257 = EDGE_CURVE('',#4174,#4207,#4258,.T.);
#4258 = CIRCLE('',#4259,3.5);
#4259 = AXIS2_PLACEMENT_3D('',#4260,#4261,#4262);
#4260 = CARTESIAN_POINT('',(0.,15.25,-4.3));
#4261 = DIRECTION('',(0.,0.,1.));
#4262 = DIRECTION('',(-0.422618261741,-0.906307787037,0.));
#4263 = ORIENTED_EDGE('',*,*,#4206,.T.);
#4264 = CYLINDRICAL_SURFACE('',#4265,3.5);
#4265 = AXIS2_PLACEMENT_3D('',#4266,#4267,#4268);
#4266 = CARTESIAN_POINT('',(0.,15.25,4.3));
#4267 = DIRECTION('',(0.,0.,-1.));
#4268 = DIRECTION('',(-0.422618261741,-0.906307787037,-0.));
#4269 = ADVANCED_FACE('',(#4270),#4308,.F.);
#4270 = FACE_BOUND('',#4271,.F.);
#4271 = EDGE_LOOP('',(#4272,#4273,#4280,#4281,#4288,#4289,#4290,#4291,
    #4298,#4299,#4306,#4307));
#4272 = ORIENTED_EDGE('',*,*,#4222,.T.);
#4273 = ORIENTED_EDGE('',*,*,#4274,.T.);
#4274 = EDGE_CURVE('',#4198,#4135,#4275,.T.);
#4275 = CIRCLE('',#4276,3.2);
#4276 = AXIS2_PLACEMENT_3D('',#4277,#4278,#4279);
#4277 = CARTESIAN_POINT('',(0.,15.25,-4.3));
#4278 = DIRECTION('',(0.,-0.,1.));
#4279 = DIRECTION('',(0.422618261741,0.906307787037,0.));
#4280 = ORIENTED_EDGE('',*,*,#4142,.T.);
#4281 = ORIENTED_EDGE('',*,*,#4282,.T.);
#4282 = EDGE_CURVE('',#4126,#4158,#4283,.T.);
#4283 = CIRCLE('',#4284,3.2);
#4284 = AXIS2_PLACEMENT_3D('',#4285,#4286,#4287);
#4285 = CARTESIAN_POINT('',(0.,15.25,-4.3));
#4286 = DIRECTION('',(0.,-0.,1.));
#4287 = DIRECTION('',(0.422618261741,0.906307787037,0.));
#4288 = ORIENTED_EDGE('',*,*,#4165,.T.);
#4289 = ORIENTED_EDGE('',*,*,#3809,.F.);
#4290 = ORIENTED_EDGE('',*,*,#3981,.F.);
#4291 = ORIENTED_EDGE('',*,*,#4292,.F.);
#4292 = EDGE_CURVE('',#4023,#3982,#4293,.T.);
#4293 = CIRCLE('',#4294,3.2);
#4294 = AXIS2_PLACEMENT_3D('',#4295,#4296,#4297);
#4295 = CARTESIAN_POINT('',(0.,15.25,4.3));
#4296 = DIRECTION('',(0.,-0.,1.));
#4297 = DIRECTION('',(0.422618261741,0.906307787037,0.));
#4298 = ORIENTED_EDGE('',*,*,#4030,.F.);
#4299 = ORIENTED_EDGE('',*,*,#4300,.F.);
#4300 = EDGE_CURVE('',#4071,#4031,#4301,.T.);
#4301 = CIRCLE('',#4302,3.2);
#4302 = AXIS2_PLACEMENT_3D('',#4303,#4304,#4305);
#4303 = CARTESIAN_POINT('',(0.,15.25,4.3));
#4304 = DIRECTION('',(0.,-0.,1.));
#4305 = DIRECTION('',(0.422618261741,0.906307787037,0.));
#4306 = ORIENTED_EDGE('',*,*,#4078,.F.);
#4307 = ORIENTED_EDGE('',*,*,#3844,.T.);
#4308 = CYLINDRICAL_SURFACE('',#4309,3.2);
#4309 = AXIS2_PLACEMENT_3D('',#4310,#4311,#4312);
#4310 = CARTESIAN_POINT('',(0.,15.25,4.3));
#4311 = DIRECTION('',(0.,0.,-1.));
#4312 = DIRECTION('',(-0.422618261741,-0.906307787037,-0.));
#4313 = ADVANCED_FACE('',(#4314),#4357,.F.);
#4314 = FACE_BOUND('',#4315,.T.);
#4315 = EDGE_LOOP('',(#4316,#4324,#4333,#4341,#4350,#4356));
#4316 = ORIENTED_EDGE('',*,*,#4317,.F.);
#4317 = EDGE_CURVE('',#4318,#3827,#4320,.T.);
#4318 = VERTEX_POINT('',#4319);
#4319 = CARTESIAN_POINT('',(2.567709377166,14.604346412993,-4.3));
#4320 = LINE('',#4321,#4322);
#4321 = CARTESIAN_POINT('',(2.386447819758,14.688870065341,-4.3));
#4322 = VECTOR('',#4323,1.);
#4323 = DIRECTION('',(0.906307787037,-0.422618261741,0.));
#4324 = ORIENTED_EDGE('',*,*,#4325,.T.);
#4325 = EDGE_CURVE('',#4318,#4326,#4328,.T.);
#4326 = VERTEX_POINT('',#4327);
#4327 = CARTESIAN_POINT('',(2.30192416741,14.507608507933,-4.3));
#4328 = CIRCLE('',#4329,0.2);
#4329 = AXIS2_PLACEMENT_3D('',#4330,#4331,#4332);
#4330 = CARTESIAN_POINT('',(2.483185724817,14.423084855585,-4.3));
#4331 = DIRECTION('',(0.,0.,1.));
#4332 = DIRECTION('',(-0.422618261741,-0.906307787037,0.));
#4333 = ORIENTED_EDGE('',*,*,#4334,.F.);
#4334 = EDGE_CURVE('',#4335,#4326,#4337,.T.);
#4335 = VERTEX_POINT('',#4336);
#4336 = CARTESIAN_POINT('',(2.048353210366,13.963823835711,-4.3));
#4337 = LINE('',#4338,#4339);
#4338 = CARTESIAN_POINT('',(2.386447819758,14.688870065341,-4.3));
#4339 = VECTOR('',#4340,1.);
#4340 = DIRECTION('',(0.422618261741,0.906307787037,0.));
#4341 = ORIENTED_EDGE('',*,*,#4342,.T.);
#4342 = EDGE_CURVE('',#4335,#4343,#4345,.T.);
#4343 = VERTEX_POINT('',#4344);
#4344 = CARTESIAN_POINT('',(2.145091115425,13.698038625956,-4.3));
#4345 = CIRCLE('',#4346,0.2);
#4346 = AXIS2_PLACEMENT_3D('',#4347,#4348,#4349);
#4347 = CARTESIAN_POINT('',(2.229614767773,13.879300183363,-4.3));
#4348 = DIRECTION('',(0.,0.,1.));
#4349 = DIRECTION('',(-0.422618261741,-0.906307787037,0.));
#4350 = ORIENTED_EDGE('',*,*,#4351,.F.);
#4351 = EDGE_CURVE('',#3818,#4343,#4352,.T.);
#4352 = LINE('',#4353,#4354);
#4353 = CARTESIAN_POINT('',(1.963829558018,13.782562278304,-4.3));
#4354 = VECTOR('',#4355,1.);
#4355 = DIRECTION('',(-0.906307787037,0.422618261741,0.));
#4356 = ORIENTED_EDGE('',*,*,#3826,.T.);
#4357 = PLANE('',#4358);
#4358 = AXIS2_PLACEMENT_3D('',#4359,#4360,#4361);
#4359 = CARTESIAN_POINT('',(0.,15.25,-4.3));
#4360 = DIRECTION('',(0.,0.,-1.));
#4361 = DIRECTION('',(-0.422618261741,-0.906307787037,-0.));
#4362 = ADVANCED_FACE('',(#4363),#4392,.F.);
#4363 = FACE_BOUND('',#4364,.T.);
#4364 = EDGE_LOOP('',(#4365,#4366,#4374,#4382,#4391));
#4365 = ORIENTED_EDGE('',*,*,#4351,.T.);
#4366 = ORIENTED_EDGE('',*,*,#4367,.T.);
#4367 = EDGE_CURVE('',#4343,#4368,#4370,.T.);
#4368 = VERTEX_POINT('',#4369);
#4369 = CARTESIAN_POINT('',(2.145091115425,13.698038625956,-4.6));
#4370 = LINE('',#4371,#4372);
#4371 = CARTESIAN_POINT('',(2.145091115425,13.698038625956,-4.6));
#4372 = VECTOR('',#4373,1.);
#4373 = DIRECTION('',(0.,0.,-1.));
#4374 = ORIENTED_EDGE('',*,*,#4375,.F.);
#4375 = EDGE_CURVE('',#4376,#4368,#4378,.T.);
#4376 = VERTEX_POINT('',#4377);
#4377 = CARTESIAN_POINT('',(2.653254380449,13.461078203882,-4.6));
#4378 = LINE('',#4379,#4380);
#4379 = CARTESIAN_POINT('',(1.963829558018,13.782562278304,-4.6));
#4380 = VECTOR('',#4381,1.);
#4381 = DIRECTION('',(-0.906307787037,0.422618261741,0.));
#4382 = ORIENTED_EDGE('',*,*,#4383,.T.);
#4383 = EDGE_CURVE('',#4376,#4174,#4384,.T.);
#4384 = B_SPLINE_CURVE_WITH_KNOTS('',3,(#4385,#4386,#4387,#4388,#4389,
    #4390),.UNSPECIFIED.,.F.,.F.,(4,2,4),(0.,2.356759519957E-04,
    4.713519039913E-04),.UNSPECIFIED.);
#4385 = CARTESIAN_POINT('',(2.653254380449,13.461078203882,-4.6));
#4386 = CARTESIAN_POINT('',(2.72547150718,13.427402804637,-4.6));
#4387 = CARTESIAN_POINT('',(2.796200416878,13.394421372392,
    -4.568024542284));
#4388 = CARTESIAN_POINT('',(2.897998660063,13.346952072008,
    -4.457656571111));
#4389 = CARTESIAN_POINT('',(2.928233138016,13.332853503399,
    -4.37970955149));
#4390 = CARTESIAN_POINT('',(2.928233138015,13.332853503399,-4.3));
#4391 = ORIENTED_EDGE('',*,*,#4173,.T.);
#4392 = PLANE('',#4393);
#4393 = AXIS2_PLACEMENT_3D('',#4394,#4395,#4396);
#4394 = CARTESIAN_POINT('',(1.963829558018,13.782562278304,-4.6));
#4395 = DIRECTION('',(0.422618261741,0.906307787037,0.));
#4396 = DIRECTION('',(-0.906307787037,0.422618261741,0.));
#4397 = ADVANCED_FACE('',(#4398),#4423,.F.);
#4398 = FACE_BOUND('',#4399,.T.);
#4399 = EDGE_LOOP('',(#4400,#4401,#4409,#4417));
#4400 = ORIENTED_EDGE('',*,*,#4334,.T.);
#4401 = ORIENTED_EDGE('',*,*,#4402,.T.);
#4402 = EDGE_CURVE('',#4326,#4403,#4405,.T.);
#4403 = VERTEX_POINT('',#4404);
#4404 = CARTESIAN_POINT('',(2.30192416741,14.507608507933,-4.6));
#4405 = LINE('',#4406,#4407);
#4406 = CARTESIAN_POINT('',(2.30192416741,14.507608507933,-4.6));
#4407 = VECTOR('',#4408,1.);
#4408 = DIRECTION('',(0.,0.,-1.));
#4409 = ORIENTED_EDGE('',*,*,#4410,.F.);
#4410 = EDGE_CURVE('',#4411,#4403,#4413,.T.);
#4411 = VERTEX_POINT('',#4412);
#4412 = CARTESIAN_POINT('',(2.048353210366,13.963823835711,-4.6));
#4413 = LINE('',#4414,#4415);
#4414 = CARTESIAN_POINT('',(2.386447819758,14.688870065341,-4.6));
#4415 = VECTOR('',#4416,1.);
#4416 = DIRECTION('',(0.422618261741,0.906307787037,0.));
#4417 = ORIENTED_EDGE('',*,*,#4418,.T.);
#4418 = EDGE_CURVE('',#4411,#4335,#4419,.T.);
#4419 = LINE('',#4420,#4421);
#4420 = CARTESIAN_POINT('',(2.048353210366,13.963823835711,-4.6));
#4421 = VECTOR('',#4422,1.);
#4422 = DIRECTION('',(0.,0.,1.));
#4423 = PLANE('',#4424);
#4424 = AXIS2_PLACEMENT_3D('',#4425,#4426,#4427);
#4425 = CARTESIAN_POINT('',(2.386447819758,14.688870065341,-4.6));
#4426 = DIRECTION('',(0.906307787037,-0.422618261741,0.));
#4427 = DIRECTION('',(0.,0.,-1.));
#4428 = ADVANCED_FACE('',(#4429),#4458,.F.);
#4429 = FACE_BOUND('',#4430,.T.);
#4430 = EDGE_LOOP('',(#4431,#4441,#4447,#4448,#4449));
#4431 = ORIENTED_EDGE('',*,*,#4432,.F.);
#4432 = EDGE_CURVE('',#4433,#4435,#4437,.T.);
#4433 = VERTEX_POINT('',#4434);
#4434 = CARTESIAN_POINT('',(2.567709377166,14.604346412993,-4.6));
#4435 = VERTEX_POINT('',#4436);
#4436 = CARTESIAN_POINT('',(3.07587264219,14.367385990919,-4.6));
#4437 = LINE('',#4438,#4439);
#4438 = CARTESIAN_POINT('',(2.386447819758,14.688870065341,-4.6));
#4439 = VECTOR('',#4440,1.);
#4440 = DIRECTION('',(0.906307787037,-0.422618261741,0.));
#4441 = ORIENTED_EDGE('',*,*,#4442,.T.);
#4442 = EDGE_CURVE('',#4433,#4318,#4443,.T.);
#4443 = LINE('',#4444,#4445);
#4444 = CARTESIAN_POINT('',(2.567709377166,14.604346412993,-4.6));
#4445 = VECTOR('',#4446,1.);
#4446 = DIRECTION('',(0.,0.,1.));
#4447 = ORIENTED_EDGE('',*,*,#4317,.T.);
#4448 = ORIENTED_EDGE('',*,*,#4215,.T.);
#4449 = ORIENTED_EDGE('',*,*,#4450,.T.);
#4450 = EDGE_CURVE('',#4207,#4435,#4451,.T.);
#4451 = B_SPLINE_CURVE_WITH_KNOTS('',3,(#4452,#4453,#4454,#4455,#4456,
    #4457),.UNSPECIFIED.,.F.,.F.,(4,2,4),(0.,2.356738806035E-04,
    4.71347761207E-04),.UNSPECIFIED.);
#4452 = CARTESIAN_POINT('',(3.350851399756,14.239161290436,-4.3));
#4453 = CARTESIAN_POINT('',(3.350851399756,14.239161290436,
    -4.379693525295));
#4454 = CARTESIAN_POINT('',(3.320673577028,14.25323344028,
    -4.457515208826));
#4455 = CARTESIAN_POINT('',(3.219044073691,14.300624055981,
    -4.567859888842));
#4456 = CARTESIAN_POINT('',(3.148076701127,14.333716685286,-4.6));
#4457 = CARTESIAN_POINT('',(3.07587264219,14.367385990919,-4.6));
#4458 = PLANE('',#4459);
#4459 = AXIS2_PLACEMENT_3D('',#4460,#4461,#4462);
#4460 = CARTESIAN_POINT('',(2.386447819758,14.688870065341,-4.6));
#4461 = DIRECTION('',(-0.422618261741,-0.906307787037,0.));
#4462 = DIRECTION('',(0.906307787037,-0.422618261741,0.));
#4463 = ADVANCED_FACE('',(#4464),#4490,.T.);
#4464 = FACE_BOUND('',#4465,.T.);
#4465 = EDGE_LOOP('',(#4466,#4467,#4474,#4475,#4482,#4483));
#4466 = ORIENTED_EDGE('',*,*,#4410,.T.);
#4467 = ORIENTED_EDGE('',*,*,#4468,.T.);
#4468 = EDGE_CURVE('',#4403,#4433,#4469,.T.);
#4469 = CIRCLE('',#4470,0.2);
#4470 = AXIS2_PLACEMENT_3D('',#4471,#4472,#4473);
#4471 = CARTESIAN_POINT('',(2.483185724817,14.423084855585,-4.6));
#4472 = DIRECTION('',(-0.,0.,-1.));
#4473 = DIRECTION('',(-0.422618261741,-0.906307787037,0.));
#4474 = ORIENTED_EDGE('',*,*,#4432,.T.);
#4475 = ORIENTED_EDGE('',*,*,#4476,.T.);
#4476 = EDGE_CURVE('',#4435,#4376,#4477,.T.);
#4477 = CIRCLE('',#4478,3.2);
#4478 = AXIS2_PLACEMENT_3D('',#4479,#4480,#4481);
#4479 = CARTESIAN_POINT('',(0.,15.25,-4.6));
#4480 = DIRECTION('',(-0.,0.,-1.));
#4481 = DIRECTION('',(-0.422618261741,-0.906307787037,0.));
#4482 = ORIENTED_EDGE('',*,*,#4375,.T.);
#4483 = ORIENTED_EDGE('',*,*,#4484,.T.);
#4484 = EDGE_CURVE('',#4368,#4411,#4485,.T.);
#4485 = CIRCLE('',#4486,0.2);
#4486 = AXIS2_PLACEMENT_3D('',#4487,#4488,#4489);
#4487 = CARTESIAN_POINT('',(2.229614767773,13.879300183363,-4.6));
#4488 = DIRECTION('',(-0.,0.,-1.));
#4489 = DIRECTION('',(-0.422618261741,-0.906307787037,0.));
#4490 = PLANE('',#4491);
#4491 = AXIS2_PLACEMENT_3D('',#4492,#4493,#4494);
#4492 = CARTESIAN_POINT('',(0.,15.25,-4.6));
#4493 = DIRECTION('',(0.,0.,-1.));
#4494 = DIRECTION('',(-0.422618261741,-0.906307787037,-0.));
#4495 = ADVANCED_FACE('',(#4496),#4532,.F.);
#4496 = FACE_BOUND('',#4497,.T.);
#4497 = EDGE_LOOP('',(#4498,#4506,#4514,#4522,#4531));
#4498 = ORIENTED_EDGE('',*,*,#4499,.T.);
#4499 = EDGE_CURVE('',#4198,#4500,#4502,.T.);
#4500 = VERTEX_POINT('',#4501);
#4501 = CARTESIAN_POINT('',(0.271492417902,17.883684086412,-4.3));
#4502 = LINE('',#4503,#4504);
#4503 = CARTESIAN_POINT('',(0.288923566451,17.684445146794,-4.3));
#4504 = VECTOR('',#4505,1.);
#4505 = DIRECTION('',(8.715574274764E-02,-0.996194698092,0.));
#4506 = ORIENTED_EDGE('',*,*,#4507,.T.);
#4507 = EDGE_CURVE('',#4500,#4508,#4510,.T.);
#4508 = VERTEX_POINT('',#4509);
#4509 = CARTESIAN_POINT('',(0.271492417902,17.883684086412,-4.6));
#4510 = LINE('',#4511,#4512);
#4511 = CARTESIAN_POINT('',(0.271492417902,17.883684086412,-4.6));
#4512 = VECTOR('',#4513,1.);
#4513 = DIRECTION('',(0.,0.,-1.));
#4514 = ORIENTED_EDGE('',*,*,#4515,.F.);
#4515 = EDGE_CURVE('',#4516,#4508,#4518,.T.);
#4516 = VERTEX_POINT('',#4517);
#4517 = CARTESIAN_POINT('',(0.222624530597,18.442246594231,-4.6));
#4518 = LINE('',#4519,#4520);
#4519 = CARTESIAN_POINT('',(0.288923566451,17.684445146794,-4.6));
#4520 = VECTOR('',#4521,1.);
#4521 = DIRECTION('',(8.715574274764E-02,-0.996194698092,0.));
#4522 = ORIENTED_EDGE('',*,*,#4523,.T.);
#4523 = EDGE_CURVE('',#4516,#3887,#4524,.T.);
#4524 = B_SPLINE_CURVE_WITH_KNOTS('',3,(#4525,#4526,#4527,#4528,#4529,
    #4530),.UNSPECIFIED.,.F.,.F.,(4,2,4),(0.,2.356759519957E-04,
    4.713519039914E-04),.UNSPECIFIED.);
#4525 = CARTESIAN_POINT('',(0.222624530597,18.442246594231,-4.6));
#4526 = CARTESIAN_POINT('',(0.21567971846,18.52162616019,-4.6));
#4527 = CARTESIAN_POINT('',(0.208878021789,18.599369908893,
    -4.568024542284));
#4528 = CARTESIAN_POINT('',(0.199088520228,18.711264423744,
    -4.457656571111));
#4529 = CARTESIAN_POINT('',(0.196180999825,18.744497534026,
    -4.37970955149));
#4530 = CARTESIAN_POINT('',(0.196180999825,18.744497534025,-4.3));
#4531 = ORIENTED_EDGE('',*,*,#4197,.T.);
#4532 = PLANE('',#4533);
#4533 = AXIS2_PLACEMENT_3D('',#4534,#4535,#4536);
#4534 = CARTESIAN_POINT('',(0.288923566451,17.684445146794,-4.6));
#4535 = DIRECTION('',(-0.996194698092,-8.715574274764E-02,0.));
#4536 = DIRECTION('',(8.715574274764E-02,-0.996194698092,0.));
#4537 = ADVANCED_FACE('',(#4538),#4572,.F.);
#4538 = FACE_BOUND('',#4539,.T.);
#4539 = EDGE_LOOP('',(#4540,#4550,#4558,#4566));
#4540 = ORIENTED_EDGE('',*,*,#4541,.T.);
#4541 = EDGE_CURVE('',#4542,#4544,#4546,.T.);
#4542 = VERTEX_POINT('',#4543);
#4543 = CARTESIAN_POINT('',(8.968462683314E-02,17.667013998244,-4.3));
#4544 = VERTEX_POINT('',#4545);
#4545 = CARTESIAN_POINT('',(-0.508032192022,17.614720552596,-4.3));
#4546 = LINE('',#4547,#4548);
#4547 = CARTESIAN_POINT('',(-0.70727113164,17.597289404046,-4.3));
#4548 = VECTOR('',#4549,1.);
#4549 = DIRECTION('',(-0.996194698092,-8.715574274764E-02,0.));
#4550 = ORIENTED_EDGE('',*,*,#4551,.T.);
#4551 = EDGE_CURVE('',#4544,#4552,#4554,.T.);
#4552 = VERTEX_POINT('',#4553);
#4553 = CARTESIAN_POINT('',(-0.508032192022,17.614720552596,-4.6));
#4554 = LINE('',#4555,#4556);
#4555 = CARTESIAN_POINT('',(-0.508032192022,17.614720552596,-4.6));
#4556 = VECTOR('',#4557,1.);
#4557 = DIRECTION('',(0.,0.,-1.));
#4558 = ORIENTED_EDGE('',*,*,#4559,.F.);
#4559 = EDGE_CURVE('',#4560,#4552,#4562,.T.);
#4560 = VERTEX_POINT('',#4561);
#4561 = CARTESIAN_POINT('',(8.968462683314E-02,17.667013998244,-4.6));
#4562 = LINE('',#4563,#4564);
#4563 = CARTESIAN_POINT('',(-0.70727113164,17.597289404046,-4.6));
#4564 = VECTOR('',#4565,1.);
#4565 = DIRECTION('',(-0.996194698092,-8.715574274764E-02,0.));
#4566 = ORIENTED_EDGE('',*,*,#4567,.T.);
#4567 = EDGE_CURVE('',#4560,#4542,#4568,.T.);
#4568 = LINE('',#4569,#4570);
#4569 = CARTESIAN_POINT('',(8.968462683313E-02,17.667013998244,-4.6));
#4570 = VECTOR('',#4571,1.);
#4571 = DIRECTION('',(0.,0.,1.));
#4572 = PLANE('',#4573);
#4573 = AXIS2_PLACEMENT_3D('',#4574,#4575,#4576);
#4574 = CARTESIAN_POINT('',(-0.70727113164,17.597289404046,-4.6));
#4575 = DIRECTION('',(-8.715574274764E-02,0.996194698092,0.));
#4576 = DIRECTION('',(-0.996194698092,-8.715574274764E-02,0.));
#4577 = ADVANCED_FACE('',(#4578),#4614,.F.);
#4578 = FACE_BOUND('',#4579,.T.);
#4579 = EDGE_LOOP('',(#4580,#4590,#4598,#4604,#4605));
#4580 = ORIENTED_EDGE('',*,*,#4581,.F.);
#4581 = EDGE_CURVE('',#4582,#4584,#4586,.T.);
#4582 = VERTEX_POINT('',#4583);
#4583 = CARTESIAN_POINT('',(-0.72470228019,17.796528343665,-4.6));
#4584 = VERTEX_POINT('',#4585);
#4585 = CARTESIAN_POINT('',(-0.773570167494,18.355090851483,-4.6));
#4586 = LINE('',#4587,#4588);
#4587 = CARTESIAN_POINT('',(-0.70727113164,17.597289404046,-4.6));
#4588 = VECTOR('',#4589,1.);
#4589 = DIRECTION('',(-8.715574274764E-02,0.996194698092,0.));
#4590 = ORIENTED_EDGE('',*,*,#4591,.T.);
#4591 = EDGE_CURVE('',#4582,#4592,#4594,.T.);
#4592 = VERTEX_POINT('',#4593);
#4593 = CARTESIAN_POINT('',(-0.72470228019,17.796528343665,-4.3));
#4594 = LINE('',#4595,#4596);
#4595 = CARTESIAN_POINT('',(-0.72470228019,17.796528343665,-4.6));
#4596 = VECTOR('',#4597,1.);
#4597 = DIRECTION('',(0.,0.,1.));
#4598 = ORIENTED_EDGE('',*,*,#4599,.T.);
#4599 = EDGE_CURVE('',#4592,#4135,#4600,.T.);
#4600 = LINE('',#4601,#4602);
#4601 = CARTESIAN_POINT('',(-0.70727113164,17.597289404046,-4.3));
#4602 = VECTOR('',#4603,1.);
#4603 = DIRECTION('',(-8.715574274764E-02,0.996194698092,0.));
#4604 = ORIENTED_EDGE('',*,*,#4134,.T.);
#4605 = ORIENTED_EDGE('',*,*,#4606,.T.);
#4606 = EDGE_CURVE('',#3896,#4584,#4607,.T.);
#4607 = B_SPLINE_CURVE_WITH_KNOTS('',3,(#4608,#4609,#4610,#4611,#4612,
    #4613),.UNSPECIFIED.,.F.,.F.,(4,2,4),(3.160573156896E-19,
    2.356738806035E-04,4.71347761207E-04),.UNSPECIFIED.);
#4608 = CARTESIAN_POINT('',(-0.800013698267,18.657341791277,-4.3));
#4609 = CARTESIAN_POINT('',(-0.800013698267,18.657341791277,
    -4.379693525295));
#4610 = CARTESIAN_POINT('',(-0.797111626154,18.624170955242,
    -4.457515208826));
#4611 = CARTESIAN_POINT('',(-0.787338351583,18.512461915728,
    -4.567859888842));
#4612 = CARTESIAN_POINT('',(-0.780513722958,18.434456053595,-4.6));
#4613 = CARTESIAN_POINT('',(-0.773570167494,18.355090851483,-4.6));
#4614 = PLANE('',#4615);
#4615 = AXIS2_PLACEMENT_3D('',#4616,#4617,#4618);
#4616 = CARTESIAN_POINT('',(-0.70727113164,17.597289404046,-4.6));
#4617 = DIRECTION('',(0.996194698092,8.715574274764E-02,0.));
#4618 = DIRECTION('',(-8.715574274764E-02,0.996194698092,0.));
#4619 = ADVANCED_FACE('',(#4620),#4646,.T.);
#4620 = FACE_BOUND('',#4621,.T.);
#4621 = EDGE_LOOP('',(#4622,#4623,#4630,#4631,#4638,#4639));
#4622 = ORIENTED_EDGE('',*,*,#4559,.T.);
#4623 = ORIENTED_EDGE('',*,*,#4624,.T.);
#4624 = EDGE_CURVE('',#4552,#4582,#4625,.T.);
#4625 = CIRCLE('',#4626,0.2);
#4626 = AXIS2_PLACEMENT_3D('',#4627,#4628,#4629);
#4627 = CARTESIAN_POINT('',(-0.525463340571,17.813959492214,-4.6));
#4628 = DIRECTION('',(-0.,0.,-1.));
#4629 = DIRECTION('',(-0.422618261741,-0.906307787037,0.));
#4630 = ORIENTED_EDGE('',*,*,#4581,.T.);
#4631 = ORIENTED_EDGE('',*,*,#4632,.T.);
#4632 = EDGE_CURVE('',#4584,#4516,#4633,.T.);
#4633 = CIRCLE('',#4634,3.2);
#4634 = AXIS2_PLACEMENT_3D('',#4635,#4636,#4637);
#4635 = CARTESIAN_POINT('',(0.,15.25,-4.6));
#4636 = DIRECTION('',(-0.,0.,-1.));
#4637 = DIRECTION('',(-0.422618261741,-0.906307787037,0.));
#4638 = ORIENTED_EDGE('',*,*,#4515,.T.);
#4639 = ORIENTED_EDGE('',*,*,#4640,.T.);
#4640 = EDGE_CURVE('',#4508,#4560,#4641,.T.);
#4641 = CIRCLE('',#4642,0.2);
#4642 = AXIS2_PLACEMENT_3D('',#4643,#4644,#4645);
#4643 = CARTESIAN_POINT('',(7.22534782836E-02,17.866252937863,-4.6));
#4644 = DIRECTION('',(-0.,0.,-1.));
#4645 = DIRECTION('',(-0.422618261741,-0.906307787037,0.));
#4646 = PLANE('',#4647);
#4647 = AXIS2_PLACEMENT_3D('',#4648,#4649,#4650);
#4648 = CARTESIAN_POINT('',(0.,15.25,-4.6));
#4649 = DIRECTION('',(0.,0.,-1.));
#4650 = DIRECTION('',(-0.422618261741,-0.906307787037,-0.));
#4651 = ADVANCED_FACE('',(#4652),#4672,.F.);
#4652 = FACE_BOUND('',#4653,.T.);
#4653 = EDGE_LOOP('',(#4654,#4655,#4662,#4663,#4670,#4671));
#4654 = ORIENTED_EDGE('',*,*,#4599,.F.);
#4655 = ORIENTED_EDGE('',*,*,#4656,.T.);
#4656 = EDGE_CURVE('',#4592,#4544,#4657,.T.);
#4657 = CIRCLE('',#4658,0.2);
#4658 = AXIS2_PLACEMENT_3D('',#4659,#4660,#4661);
#4659 = CARTESIAN_POINT('',(-0.525463340571,17.813959492214,-4.3));
#4660 = DIRECTION('',(0.,0.,1.));
#4661 = DIRECTION('',(-0.422618261741,-0.906307787037,0.));
#4662 = ORIENTED_EDGE('',*,*,#4541,.F.);
#4663 = ORIENTED_EDGE('',*,*,#4664,.T.);
#4664 = EDGE_CURVE('',#4542,#4500,#4665,.T.);
#4665 = CIRCLE('',#4666,0.2);
#4666 = AXIS2_PLACEMENT_3D('',#4667,#4668,#4669);
#4667 = CARTESIAN_POINT('',(7.22534782836E-02,17.866252937863,-4.3));
#4668 = DIRECTION('',(0.,0.,1.));
#4669 = DIRECTION('',(-0.422618261741,-0.906307787037,0.));
#4670 = ORIENTED_EDGE('',*,*,#4499,.F.);
#4671 = ORIENTED_EDGE('',*,*,#4274,.T.);
#4672 = PLANE('',#4673);
#4673 = AXIS2_PLACEMENT_3D('',#4674,#4675,#4676);
#4674 = CARTESIAN_POINT('',(0.,15.25,-4.3));
#4675 = DIRECTION('',(0.,0.,-1.));
#4676 = DIRECTION('',(-0.422618261741,-0.906307787037,-0.));
#4677 = ADVANCED_FACE('',(#4678),#4714,.F.);
#4678 = FACE_BOUND('',#4679,.T.);
#4679 = EDGE_LOOP('',(#4680,#4688,#4696,#4704,#4713));
#4680 = ORIENTED_EDGE('',*,*,#4681,.T.);
#4681 = EDGE_CURVE('',#4126,#4682,#4684,.T.);
#4682 = VERTEX_POINT('',#4683);
#4683 = CARTESIAN_POINT('',(-2.416583533327,14.168277287632,-4.3));
#4684 = LINE('',#4685,#4686);
#4685 = CARTESIAN_POINT('',(-2.252753124469,14.282992574902,-4.3));
#4686 = VECTOR('',#4687,1.);
#4687 = DIRECTION('',(0.819152044289,0.573576436351,0.));
#4688 = ORIENTED_EDGE('',*,*,#4689,.T.);
#4689 = EDGE_CURVE('',#4682,#4690,#4692,.T.);
#4690 = VERTEX_POINT('',#4691);
#4691 = CARTESIAN_POINT('',(-2.416583533327,14.168277287632,-4.6));
#4692 = LINE('',#4693,#4694);
#4693 = CARTESIAN_POINT('',(-2.416583533327,14.168277287632,-4.6));
#4694 = VECTOR('',#4695,1.);
#4695 = DIRECTION('',(0.,0.,-1.));
#4696 = ORIENTED_EDGE('',*,*,#4697,.F.);
#4697 = EDGE_CURVE('',#4698,#4690,#4700,.T.);
#4698 = VERTEX_POINT('',#4699);
#4699 = CARTESIAN_POINT('',(-2.875878911047,13.846675201888,-4.6));
#4700 = LINE('',#4701,#4702);
#4701 = CARTESIAN_POINT('',(-2.252753124469,14.282992574902,-4.6));
#4702 = VECTOR('',#4703,1.);
#4703 = DIRECTION('',(0.819152044289,0.573576436351,0.));
#4704 = ORIENTED_EDGE('',*,*,#4705,.T.);
#4705 = EDGE_CURVE('',#4698,#3905,#4706,.T.);
#4706 = B_SPLINE_CURVE_WITH_KNOTS('',3,(#4707,#4708,#4709,#4710,#4711,
    #4712),.UNSPECIFIED.,.F.,.F.,(4,2,4),(5.421010862428E-20,
    2.356759519957E-04,4.713519039914E-04),.UNSPECIFIED.);
#4707 = CARTESIAN_POINT('',(-2.875878911047,13.846675201888,-4.6));
#4708 = CARTESIAN_POINT('',(-2.94115122564,13.800971035173,-4.6));
#4709 = CARTESIAN_POINT('',(-3.005078438667,13.756208718715,
    -4.568024542284));
#4710 = CARTESIAN_POINT('',(-3.097087180292,13.691783504248,
    -4.457656571111));
#4711 = CARTESIAN_POINT('',(-3.124414137841,13.672648962575,
    -4.37970955149));
#4712 = CARTESIAN_POINT('',(-3.12441413784,13.672648962576,-4.3));
#4713 = ORIENTED_EDGE('',*,*,#4125,.T.);
#4714 = PLANE('',#4715);
#4715 = AXIS2_PLACEMENT_3D('',#4716,#4717,#4718);
#4716 = CARTESIAN_POINT('',(-2.252753124469,14.282992574902,-4.6));
#4717 = DIRECTION('',(0.573576436351,-0.819152044289,0.));
#4718 = DIRECTION('',(0.819152044289,0.573576436351,0.));
#4719 = ADVANCED_FACE('',(#4720),#4745,.F.);
#4720 = FACE_BOUND('',#4721,.T.);
#4721 = EDGE_LOOP('',(#4722,#4730,#4738,#4744));
#4722 = ORIENTED_EDGE('',*,*,#4723,.T.);
#4723 = EDGE_CURVE('',#3665,#4724,#4726,.T.);
#4724 = VERTEX_POINT('',#4725);
#4725 = CARTESIAN_POINT('',(-1.793891975388,13.627670939471,-4.3));
#4726 = LINE('',#4727,#4728);
#4727 = CARTESIAN_POINT('',(-1.679176688118,13.463840530613,-4.3));
#4728 = VECTOR('',#4729,1.);
#4729 = DIRECTION('',(0.573576436351,-0.819152044289,0.));
#4730 = ORIENTED_EDGE('',*,*,#4731,.T.);
#4731 = EDGE_CURVE('',#4724,#4732,#4734,.T.);
#4732 = VERTEX_POINT('',#4733);
#4733 = CARTESIAN_POINT('',(-1.793891975388,13.627670939471,-4.6));
#4734 = LINE('',#4735,#4736);
#4735 = CARTESIAN_POINT('',(-1.793891975388,13.627670939471,-4.6));
#4736 = VECTOR('',#4737,1.);
#4737 = DIRECTION('',(0.,0.,-1.));
#4738 = ORIENTED_EDGE('',*,*,#4739,.F.);
#4739 = EDGE_CURVE('',#3648,#4732,#4740,.T.);
#4740 = LINE('',#4741,#4742);
#4741 = CARTESIAN_POINT('',(-1.679176688118,13.463840530613,-4.6));
#4742 = VECTOR('',#4743,1.);
#4743 = DIRECTION('',(0.573576436351,-0.819152044289,0.));
#4744 = ORIENTED_EDGE('',*,*,#3673,.T.);
#4745 = PLANE('',#4746);
#4746 = AXIS2_PLACEMENT_3D('',#4747,#4748,#4749);
#4747 = CARTESIAN_POINT('',(-1.679176688118,13.463840530613,-4.6));
#4748 = DIRECTION('',(-0.819152044289,-0.573576436351,0.));
#4749 = DIRECTION('',(0.573576436351,-0.819152044289,0.));
#4750 = ADVANCED_FACE('',(#4751),#4787,.F.);
#4751 = FACE_BOUND('',#4752,.T.);
#4752 = EDGE_LOOP('',(#4753,#4763,#4771,#4777,#4778));
#4753 = ORIENTED_EDGE('',*,*,#4754,.F.);
#4754 = EDGE_CURVE('',#4755,#4757,#4759,.T.);
#4755 = VERTEX_POINT('',#4756);
#4756 = CARTESIAN_POINT('',(-1.843007096976,13.349125243343,-4.6));
#4757 = VERTEX_POINT('',#4758);
#4758 = CARTESIAN_POINT('',(-2.302302474696,13.027523157599,-4.6));
#4759 = LINE('',#4760,#4761);
#4760 = CARTESIAN_POINT('',(-1.679176688118,13.463840530613,-4.6));
#4761 = VECTOR('',#4762,1.);
#4762 = DIRECTION('',(-0.819152044289,-0.573576436351,0.));
#4763 = ORIENTED_EDGE('',*,*,#4764,.T.);
#4764 = EDGE_CURVE('',#4755,#4765,#4767,.T.);
#4765 = VERTEX_POINT('',#4766);
#4766 = CARTESIAN_POINT('',(-1.843007096976,13.349125243343,-4.3));
#4767 = LINE('',#4768,#4769);
#4768 = CARTESIAN_POINT('',(-1.843007096976,13.349125243343,-4.6));
#4769 = VECTOR('',#4770,1.);
#4770 = DIRECTION('',(0.,0.,1.));
#4771 = ORIENTED_EDGE('',*,*,#4772,.T.);
#4772 = EDGE_CURVE('',#4765,#4158,#4773,.T.);
#4773 = LINE('',#4774,#4775);
#4774 = CARTESIAN_POINT('',(-1.679176688118,13.463840530613,-4.3));
#4775 = VECTOR('',#4776,1.);
#4776 = DIRECTION('',(-0.819152044289,-0.573576436351,0.));
#4777 = ORIENTED_EDGE('',*,*,#4157,.T.);
#4778 = ORIENTED_EDGE('',*,*,#4779,.T.);
#4779 = EDGE_CURVE('',#3914,#4757,#4780,.T.);
#4780 = B_SPLINE_CURVE_WITH_KNOTS('',3,(#4781,#4782,#4783,#4784,#4785,
    #4786),.UNSPECIFIED.,.F.,.F.,(4,2,4),(3.160573156896E-19,
    2.356738806035E-04,4.71347761207E-04),.UNSPECIFIED.);
#4781 = CARTESIAN_POINT('',(-2.550837701489,12.853496918287,-4.3));
#4782 = CARTESIAN_POINT('',(-2.550837701489,12.853496918287,
    -4.379693525295));
#4783 = CARTESIAN_POINT('',(-2.523561950874,12.872595604478,
    -4.457515208826));
#4784 = CARTESIAN_POINT('',(-2.431705722108,12.936914028292,
    -4.567859888842));
#4785 = CARTESIAN_POINT('',(-2.367562978169,12.981827261119,-4.6));
#4786 = CARTESIAN_POINT('',(-2.302302474696,13.027523157599,-4.6));
#4787 = PLANE('',#4788);
#4788 = AXIS2_PLACEMENT_3D('',#4789,#4790,#4791);
#4789 = CARTESIAN_POINT('',(-1.679176688118,13.463840530613,-4.6));
#4790 = DIRECTION('',(-0.573576436351,0.819152044289,0.));
#4791 = DIRECTION('',(-0.819152044289,-0.573576436351,0.));
#4792 = ADVANCED_FACE('',(#4793),#4820,.T.);
#4793 = FACE_BOUND('',#4794,.T.);
#4794 = EDGE_LOOP('',(#4795,#4796,#4803,#4804,#4811,#4812,#4819));
#4795 = ORIENTED_EDGE('',*,*,#4739,.T.);
#4796 = ORIENTED_EDGE('',*,*,#4797,.T.);
#4797 = EDGE_CURVE('',#4732,#4755,#4798,.T.);
#4798 = CIRCLE('',#4799,0.2);
#4799 = AXIS2_PLACEMENT_3D('',#4800,#4801,#4802);
#4800 = CARTESIAN_POINT('',(-1.957722384246,13.512955652201,-4.6));
#4801 = DIRECTION('',(-0.,0.,-1.));
#4802 = DIRECTION('',(-0.422618261741,-0.906307787037,0.));
#4803 = ORIENTED_EDGE('',*,*,#4754,.T.);
#4804 = ORIENTED_EDGE('',*,*,#4805,.T.);
#4805 = EDGE_CURVE('',#4757,#4698,#4806,.T.);
#4806 = CIRCLE('',#4807,3.2);
#4807 = AXIS2_PLACEMENT_3D('',#4808,#4809,#4810);
#4808 = CARTESIAN_POINT('',(0.,15.25,-4.6));
#4809 = DIRECTION('',(-0.,0.,-1.));
#4810 = DIRECTION('',(-0.422618261741,-0.906307787037,0.));
#4811 = ORIENTED_EDGE('',*,*,#4697,.T.);
#4812 = ORIENTED_EDGE('',*,*,#4813,.T.);
#4813 = EDGE_CURVE('',#4690,#3646,#4814,.T.);
#4814 = CIRCLE('',#4815,0.2);
#4815 = AXIS2_PLACEMENT_3D('',#4816,#4817,#4818);
#4816 = CARTESIAN_POINT('',(-2.301868246057,14.004446878774,-4.6));
#4817 = DIRECTION('',(-0.,0.,-1.));
#4818 = DIRECTION('',(-0.422618261741,-0.906307787037,0.));
#4819 = ORIENTED_EDGE('',*,*,#3645,.T.);
#4820 = PLANE('',#4821);
#4821 = AXIS2_PLACEMENT_3D('',#4822,#4823,#4824);
#4822 = CARTESIAN_POINT('',(0.,15.25,-4.6));
#4823 = DIRECTION('',(0.,0.,-1.));
#4824 = DIRECTION('',(-0.422618261741,-0.906307787037,-0.));
#4825 = ADVANCED_FACE('',(#4826),#4847,.F.);
#4826 = FACE_BOUND('',#4827,.T.);
#4827 = EDGE_LOOP('',(#4828,#4829,#4836,#4837,#4838,#4845,#4846));
#4828 = ORIENTED_EDGE('',*,*,#4772,.F.);
#4829 = ORIENTED_EDGE('',*,*,#4830,.T.);
#4830 = EDGE_CURVE('',#4765,#4724,#4831,.T.);
#4831 = CIRCLE('',#4832,0.2);
#4832 = AXIS2_PLACEMENT_3D('',#4833,#4834,#4835);
#4833 = CARTESIAN_POINT('',(-1.957722384246,13.512955652201,-4.3));
#4834 = DIRECTION('',(0.,0.,1.));
#4835 = DIRECTION('',(-0.422618261741,-0.906307787037,0.));
#4836 = ORIENTED_EDGE('',*,*,#4723,.F.);
#4837 = ORIENTED_EDGE('',*,*,#3664,.T.);
#4838 = ORIENTED_EDGE('',*,*,#4839,.T.);
#4839 = EDGE_CURVE('',#3657,#4682,#4840,.T.);
#4840 = CIRCLE('',#4841,0.2);
#4841 = AXIS2_PLACEMENT_3D('',#4842,#4843,#4844);
#4842 = CARTESIAN_POINT('',(-2.301868246057,14.004446878774,-4.3));
#4843 = DIRECTION('',(0.,0.,1.));
#4844 = DIRECTION('',(-0.422618261741,-0.906307787037,0.));
#4845 = ORIENTED_EDGE('',*,*,#4681,.F.);
#4846 = ORIENTED_EDGE('',*,*,#4282,.T.);
#4847 = PLANE('',#4848);
#4848 = AXIS2_PLACEMENT_3D('',#4849,#4850,#4851);
#4849 = CARTESIAN_POINT('',(0.,15.25,-4.3));
#4850 = DIRECTION('',(0.,0.,-1.));
#4851 = DIRECTION('',(-0.422618261741,-0.906307787037,-0.));
#4852 = ADVANCED_FACE('',(#4853),#4896,.T.);
#4853 = FACE_BOUND('',#4854,.T.);
#4854 = EDGE_LOOP('',(#4855,#4863,#4872,#4880,#4889,#4895));
#4855 = ORIENTED_EDGE('',*,*,#4856,.F.);
#4856 = EDGE_CURVE('',#4857,#3792,#4859,.T.);
#4857 = VERTEX_POINT('',#4858);
#4858 = CARTESIAN_POINT('',(0.866987298108,12.74833395016,4.3));
#4859 = LINE('',#4860,#4861);
#4860 = CARTESIAN_POINT('',(1.299038105677,12.,4.3));
#4861 = VECTOR('',#4862,1.);
#4862 = DIRECTION('',(0.5,-0.866025403784,0.));
#4863 = ORIENTED_EDGE('',*,*,#4864,.T.);
#4864 = EDGE_CURVE('',#4857,#4865,#4867,.T.);
#4865 = VERTEX_POINT('',#4866);
#4866 = CARTESIAN_POINT('',(0.940192378865,13.021539030917,4.3));
#4867 = CIRCLE('',#4868,0.2);
#4868 = AXIS2_PLACEMENT_3D('',#4869,#4870,#4871);
#4869 = CARTESIAN_POINT('',(1.040192378865,12.84833395016,4.3));
#4870 = DIRECTION('',(-0.,0.,-1.));
#4871 = DIRECTION('',(-0.422618261741,-0.906307787037,0.));
#4872 = ORIENTED_EDGE('',*,*,#4873,.F.);
#4873 = EDGE_CURVE('',#4874,#4865,#4876,.T.);
#4874 = VERTEX_POINT('',#4875);
#4875 = CARTESIAN_POINT('',(1.459807621135,13.321539030917,4.3));
#4876 = LINE('',#4877,#4878);
#4877 = CARTESIAN_POINT('',(0.766987298108,12.921539030917,4.3));
#4878 = VECTOR('',#4879,1.);
#4879 = DIRECTION('',(-0.866025403784,-0.5,0.));
#4880 = ORIENTED_EDGE('',*,*,#4881,.T.);
#4881 = EDGE_CURVE('',#4874,#4882,#4884,.T.);
#4882 = VERTEX_POINT('',#4883);
#4883 = CARTESIAN_POINT('',(1.733012701892,13.24833395016,4.3));
#4884 = CIRCLE('',#4885,0.2);
#4885 = AXIS2_PLACEMENT_3D('',#4886,#4887,#4888);
#4886 = CARTESIAN_POINT('',(1.559807621135,13.14833395016,4.3));
#4887 = DIRECTION('',(-0.,0.,-1.));
#4888 = DIRECTION('',(-0.422618261741,-0.906307787037,0.));
#4889 = ORIENTED_EDGE('',*,*,#4890,.F.);
#4890 = EDGE_CURVE('',#3783,#4882,#4891,.T.);
#4891 = LINE('',#4892,#4893);
#4892 = CARTESIAN_POINT('',(1.633012701892,13.421539030917,4.3));
#4893 = VECTOR('',#4894,1.);
#4894 = DIRECTION('',(-0.5,0.866025403784,0.));
#4895 = ORIENTED_EDGE('',*,*,#3791,.F.);
#4896 = PLANE('',#4897);
#4897 = AXIS2_PLACEMENT_3D('',#4898,#4899,#4900);
#4898 = CARTESIAN_POINT('',(0.,15.25,4.3));
#4899 = DIRECTION('',(0.,0.,-1.));
#4900 = DIRECTION('',(-0.422618261741,-0.906307787037,-0.));
#4901 = ADVANCED_FACE('',(#4902),#4927,.F.);
#4902 = FACE_BOUND('',#4903,.T.);
#4903 = EDGE_LOOP('',(#4904,#4905,#4913,#4921));
#4904 = ORIENTED_EDGE('',*,*,#4873,.T.);
#4905 = ORIENTED_EDGE('',*,*,#4906,.T.);
#4906 = EDGE_CURVE('',#4865,#4907,#4909,.T.);
#4907 = VERTEX_POINT('',#4908);
#4908 = CARTESIAN_POINT('',(0.940192378865,13.021539030917,4.6));
#4909 = LINE('',#4910,#4911);
#4910 = CARTESIAN_POINT('',(0.940192378865,13.021539030917,4.6));
#4911 = VECTOR('',#4912,1.);
#4912 = DIRECTION('',(0.,0.,1.));
#4913 = ORIENTED_EDGE('',*,*,#4914,.F.);
#4914 = EDGE_CURVE('',#4915,#4907,#4917,.T.);
#4915 = VERTEX_POINT('',#4916);
#4916 = CARTESIAN_POINT('',(1.459807621135,13.321539030917,4.6));
#4917 = LINE('',#4918,#4919);
#4918 = CARTESIAN_POINT('',(0.766987298108,12.921539030917,4.6));
#4919 = VECTOR('',#4920,1.);
#4920 = DIRECTION('',(-0.866025403784,-0.5,0.));
#4921 = ORIENTED_EDGE('',*,*,#4922,.T.);
#4922 = EDGE_CURVE('',#4915,#4874,#4923,.T.);
#4923 = LINE('',#4924,#4925);
#4924 = CARTESIAN_POINT('',(1.459807621135,13.321539030917,4.6));
#4925 = VECTOR('',#4926,1.);
#4926 = DIRECTION('',(0.,0.,-1.));
#4927 = PLANE('',#4928);
#4928 = AXIS2_PLACEMENT_3D('',#4929,#4930,#4931);
#4929 = CARTESIAN_POINT('',(0.766987298108,12.921539030917,4.6));
#4930 = DIRECTION('',(0.5,-0.866025403784,0.));
#4931 = DIRECTION('',(0.866025403784,0.5,0.));
#4932 = ADVANCED_FACE('',(#4933),#4962,.F.);
#4933 = FACE_BOUND('',#4934,.T.);
#4934 = EDGE_LOOP('',(#4935,#4945,#4951,#4952,#4953));
#4935 = ORIENTED_EDGE('',*,*,#4936,.F.);
#4936 = EDGE_CURVE('',#4937,#4939,#4941,.T.);
#4937 = VERTEX_POINT('',#4938);
#4938 = CARTESIAN_POINT('',(0.866987298108,12.74833395016,4.6));
#4939 = VERTEX_POINT('',#4940);
#4940 = CARTESIAN_POINT('',(1.147335361036,12.262756861366,4.6));
#4941 = LINE('',#4942,#4943);
#4942 = CARTESIAN_POINT('',(1.299038105677,12.,4.6));
#4943 = VECTOR('',#4944,1.);
#4944 = DIRECTION('',(0.5,-0.866025403784,0.));
#4945 = ORIENTED_EDGE('',*,*,#4946,.T.);
#4946 = EDGE_CURVE('',#4937,#4857,#4947,.T.);
#4947 = LINE('',#4948,#4949);
#4948 = CARTESIAN_POINT('',(0.866987298108,12.74833395016,4.6));
#4949 = VECTOR('',#4950,1.);
#4950 = DIRECTION('',(0.,0.,-1.));
#4951 = ORIENTED_EDGE('',*,*,#4856,.T.);
#4952 = ORIENTED_EDGE('',*,*,#4006,.T.);
#4953 = ORIENTED_EDGE('',*,*,#4954,.T.);
#4954 = EDGE_CURVE('',#3998,#4939,#4955,.T.);
#4955 = B_SPLINE_CURVE_WITH_KNOTS('',3,(#4956,#4957,#4958,#4959,#4960,
    #4961),.UNSPECIFIED.,.F.,.F.,(4,2,4),(0.,2.356738806035E-04,
    4.71347761207E-04),.UNSPECIFIED.);
#4956 = CARTESIAN_POINT('',(1.299038105677,12.,4.3));
#4957 = CARTESIAN_POINT('',(1.299038105677,12.,4.379693525295));
#4958 = CARTESIAN_POINT('',(1.282389334057,12.02883651833,4.457515208826
    ));
#4959 = CARTESIAN_POINT('',(1.226321459108,12.125948926413,
    4.567859888842));
#4960 = CARTESIAN_POINT('',(1.187169543181,12.193762034012,4.6));
#4961 = CARTESIAN_POINT('',(1.147335361036,12.262756861366,4.6));
#4962 = PLANE('',#4963);
#4963 = AXIS2_PLACEMENT_3D('',#4964,#4965,#4966);
#4964 = CARTESIAN_POINT('',(1.299038105677,12.,4.6));
#4965 = DIRECTION('',(0.866025403784,0.5,0.));
#4966 = DIRECTION('',(-0.5,0.866025403784,0.));
#4967 = ADVANCED_FACE('',(#4968),#4997,.F.);
#4968 = FACE_BOUND('',#4969,.T.);
#4969 = EDGE_LOOP('',(#4970,#4971,#4979,#4987,#4996));
#4970 = ORIENTED_EDGE('',*,*,#4890,.T.);
#4971 = ORIENTED_EDGE('',*,*,#4972,.T.);
#4972 = EDGE_CURVE('',#4882,#4973,#4975,.T.);
#4973 = VERTEX_POINT('',#4974);
#4974 = CARTESIAN_POINT('',(1.733012701892,13.24833395016,4.6));
#4975 = LINE('',#4976,#4977);
#4976 = CARTESIAN_POINT('',(1.733012701892,13.24833395016,4.6));
#4977 = VECTOR('',#4978,1.);
#4978 = DIRECTION('',(0.,0.,1.));
#4979 = ORIENTED_EDGE('',*,*,#4980,.F.);
#4980 = EDGE_CURVE('',#4981,#4973,#4983,.T.);
#4981 = VERTEX_POINT('',#4982);
#4982 = CARTESIAN_POINT('',(2.01336076482,12.762756861366,4.6));
#4983 = LINE('',#4984,#4985);
#4984 = CARTESIAN_POINT('',(1.633012701892,13.421539030917,4.6));
#4985 = VECTOR('',#4986,1.);
#4986 = DIRECTION('',(-0.5,0.866025403784,0.));
#4987 = ORIENTED_EDGE('',*,*,#4988,.T.);
#4988 = EDGE_CURVE('',#4981,#4094,#4989,.T.);
#4989 = B_SPLINE_CURVE_WITH_KNOTS('',3,(#4990,#4991,#4992,#4993,#4994,
    #4995),.UNSPECIFIED.,.F.,.F.,(4,2,4),(0.,2.356759519957E-04,
    4.713519039913E-04),.UNSPECIFIED.);
#4990 = CARTESIAN_POINT('',(2.01336076482,12.762756861366,4.6));
#4991 = CARTESIAN_POINT('',(2.053202156323,12.693749547039,4.6));
#4992 = CARTESIAN_POINT('',(2.092222514919,12.62616430342,4.568024542284
    ));
#4993 = CARTESIAN_POINT('',(2.148383481779,12.528890655416,
    4.457656571111));
#4994 = CARTESIAN_POINT('',(2.165063509462,12.499999999999,4.37970955149
    ));
#4995 = CARTESIAN_POINT('',(2.165063509461,12.5,4.3));
#4996 = ORIENTED_EDGE('',*,*,#4111,.T.);
#4997 = PLANE('',#4998);
#4998 = AXIS2_PLACEMENT_3D('',#4999,#5000,#5001);
#4999 = CARTESIAN_POINT('',(1.633012701892,13.421539030917,4.6));
#5000 = DIRECTION('',(-0.866025403784,-0.5,0.));
#5001 = DIRECTION('',(0.5,-0.866025403784,0.));
#5002 = ADVANCED_FACE('',(#5003),#5029,.F.);
#5003 = FACE_BOUND('',#5004,.T.);
#5004 = EDGE_LOOP('',(#5005,#5006,#5013,#5014,#5021,#5022));
#5005 = ORIENTED_EDGE('',*,*,#4914,.T.);
#5006 = ORIENTED_EDGE('',*,*,#5007,.T.);
#5007 = EDGE_CURVE('',#4907,#4937,#5008,.T.);
#5008 = CIRCLE('',#5009,0.2);
#5009 = AXIS2_PLACEMENT_3D('',#5010,#5011,#5012);
#5010 = CARTESIAN_POINT('',(1.040192378865,12.84833395016,4.6));
#5011 = DIRECTION('',(0.,0.,1.));
#5012 = DIRECTION('',(-0.422618261741,-0.906307787037,0.));
#5013 = ORIENTED_EDGE('',*,*,#4936,.T.);
#5014 = ORIENTED_EDGE('',*,*,#5015,.T.);
#5015 = EDGE_CURVE('',#4939,#4981,#5016,.T.);
#5016 = CIRCLE('',#5017,3.2);
#5017 = AXIS2_PLACEMENT_3D('',#5018,#5019,#5020);
#5018 = CARTESIAN_POINT('',(0.,15.25,4.6));
#5019 = DIRECTION('',(0.,0.,1.));
#5020 = DIRECTION('',(-0.422618261741,-0.906307787037,0.));
#5021 = ORIENTED_EDGE('',*,*,#4980,.T.);
#5022 = ORIENTED_EDGE('',*,*,#5023,.T.);
#5023 = EDGE_CURVE('',#4973,#4915,#5024,.T.);
#5024 = CIRCLE('',#5025,0.2);
#5025 = AXIS2_PLACEMENT_3D('',#5026,#5027,#5028);
#5026 = CARTESIAN_POINT('',(1.559807621135,13.14833395016,4.6));
#5027 = DIRECTION('',(0.,0.,1.));
#5028 = DIRECTION('',(-0.422618261741,-0.906307787037,0.));
#5029 = PLANE('',#5030);
#5030 = AXIS2_PLACEMENT_3D('',#5031,#5032,#5033);
#5031 = CARTESIAN_POINT('',(0.,15.25,4.6));
#5032 = DIRECTION('',(0.,0.,-1.));
#5033 = DIRECTION('',(-0.422618261741,-0.906307787037,-0.));
#5034 = ADVANCED_FACE('',(#5035),#5060,.F.);
#5035 = FACE_BOUND('',#5036,.T.);
#5036 = EDGE_LOOP('',(#5037,#5045,#5053,#5059));
#5037 = ORIENTED_EDGE('',*,*,#5038,.T.);
#5038 = EDGE_CURVE('',#3749,#5039,#5041,.T.);
#5039 = VERTEX_POINT('',#5040);
#5040 = CARTESIAN_POINT('',(-0.940192378865,17.478460969083,4.3));
#5041 = LINE('',#5042,#5043);
#5042 = CARTESIAN_POINT('',(-0.766987298108,17.578460969083,4.3));
#5043 = VECTOR('',#5044,1.);
#5044 = DIRECTION('',(0.866025403784,0.5,0.));
#5045 = ORIENTED_EDGE('',*,*,#5046,.T.);
#5046 = EDGE_CURVE('',#5039,#5047,#5049,.T.);
#5047 = VERTEX_POINT('',#5048);
#5048 = CARTESIAN_POINT('',(-0.940192378865,17.478460969083,4.6));
#5049 = LINE('',#5050,#5051);
#5050 = CARTESIAN_POINT('',(-0.940192378865,17.478460969083,4.6));
#5051 = VECTOR('',#5052,1.);
#5052 = DIRECTION('',(0.,0.,1.));
#5053 = ORIENTED_EDGE('',*,*,#5054,.F.);
#5054 = EDGE_CURVE('',#3732,#5047,#5055,.T.);
#5055 = LINE('',#5056,#5057);
#5056 = CARTESIAN_POINT('',(-0.766987298108,17.578460969083,4.6));
#5057 = VECTOR('',#5058,1.);
#5058 = DIRECTION('',(0.866025403784,0.5,0.));
#5059 = ORIENTED_EDGE('',*,*,#3757,.T.);
#5060 = PLANE('',#5061);
#5061 = AXIS2_PLACEMENT_3D('',#5062,#5063,#5064);
#5062 = CARTESIAN_POINT('',(-0.766987298108,17.578460969083,4.6));
#5063 = DIRECTION('',(-0.5,0.866025403784,0.));
#5064 = DIRECTION('',(-0.866025403784,-0.5,0.));
#5065 = ADVANCED_FACE('',(#5066),#5102,.F.);
#5066 = FACE_BOUND('',#5067,.T.);
#5067 = EDGE_LOOP('',(#5068,#5078,#5086,#5092,#5093));
#5068 = ORIENTED_EDGE('',*,*,#5069,.F.);
#5069 = EDGE_CURVE('',#5070,#5072,#5074,.T.);
#5070 = VERTEX_POINT('',#5071);
#5071 = CARTESIAN_POINT('',(-0.866987298108,17.75166604984,4.6));
#5072 = VERTEX_POINT('',#5073);
#5073 = CARTESIAN_POINT('',(-1.147335361036,18.237243138634,4.6));
#5074 = LINE('',#5075,#5076);
#5075 = CARTESIAN_POINT('',(-1.299038105677,18.5,4.6));
#5076 = VECTOR('',#5077,1.);
#5077 = DIRECTION('',(-0.5,0.866025403784,0.));
#5078 = ORIENTED_EDGE('',*,*,#5079,.T.);
#5079 = EDGE_CURVE('',#5070,#5080,#5082,.T.);
#5080 = VERTEX_POINT('',#5081);
#5081 = CARTESIAN_POINT('',(-0.866987298108,17.75166604984,4.3));
#5082 = LINE('',#5083,#5084);
#5083 = CARTESIAN_POINT('',(-0.866987298108,17.75166604984,4.6));
#5084 = VECTOR('',#5085,1.);
#5085 = DIRECTION('',(0.,0.,-1.));
#5086 = ORIENTED_EDGE('',*,*,#5087,.T.);
#5087 = EDGE_CURVE('',#5080,#4071,#5088,.T.);
#5088 = LINE('',#5089,#5090);
#5089 = CARTESIAN_POINT('',(-1.299038105677,18.5,4.3));
#5090 = VECTOR('',#5091,1.);
#5091 = DIRECTION('',(-0.5,0.866025403784,0.));
#5092 = ORIENTED_EDGE('',*,*,#4070,.T.);
#5093 = ORIENTED_EDGE('',*,*,#5094,.T.);
#5094 = EDGE_CURVE('',#3870,#5072,#5095,.T.);
#5095 = B_SPLINE_CURVE_WITH_KNOTS('',3,(#5096,#5097,#5098,#5099,#5100,
    #5101),.UNSPECIFIED.,.F.,.F.,(4,2,4),(0.,2.356738806035E-04,
    4.71347761207E-04),.UNSPECIFIED.);
#5096 = CARTESIAN_POINT('',(-1.299038105677,18.5,4.3));
#5097 = CARTESIAN_POINT('',(-1.299038105677,18.5,4.379693525295));
#5098 = CARTESIAN_POINT('',(-1.282389334056,18.47116348167,
    4.457515208826));
#5099 = CARTESIAN_POINT('',(-1.226321459108,18.374051073587,
    4.567859888842));
#5100 = CARTESIAN_POINT('',(-1.187169543181,18.306237965988,4.6));
#5101 = CARTESIAN_POINT('',(-1.147335361036,18.237243138634,4.6));
#5102 = PLANE('',#5103);
#5103 = AXIS2_PLACEMENT_3D('',#5104,#5105,#5106);
#5104 = CARTESIAN_POINT('',(-1.299038105677,18.5,4.6));
#5105 = DIRECTION('',(-0.866025403784,-0.5,0.));
#5106 = DIRECTION('',(0.5,-0.866025403784,0.));
#5107 = ADVANCED_FACE('',(#5108),#5144,.F.);
#5108 = FACE_BOUND('',#5109,.T.);
#5109 = EDGE_LOOP('',(#5110,#5118,#5126,#5134,#5143));
#5110 = ORIENTED_EDGE('',*,*,#5111,.T.);
#5111 = EDGE_CURVE('',#4031,#5112,#5114,.T.);
#5112 = VERTEX_POINT('',#5113);
#5113 = CARTESIAN_POINT('',(-1.733012701892,17.25166604984,4.3));
#5114 = LINE('',#5115,#5116);
#5115 = CARTESIAN_POINT('',(-1.633012701892,17.078460969083,4.3));
#5116 = VECTOR('',#5117,1.);
#5117 = DIRECTION('',(0.5,-0.866025403784,0.));
#5118 = ORIENTED_EDGE('',*,*,#5119,.T.);
#5119 = EDGE_CURVE('',#5112,#5120,#5122,.T.);
#5120 = VERTEX_POINT('',#5121);
#5121 = CARTESIAN_POINT('',(-1.733012701892,17.25166604984,4.6));
#5122 = LINE('',#5123,#5124);
#5123 = CARTESIAN_POINT('',(-1.733012701892,17.25166604984,4.6));
#5124 = VECTOR('',#5125,1.);
#5125 = DIRECTION('',(0.,0.,1.));
#5126 = ORIENTED_EDGE('',*,*,#5127,.F.);
#5127 = EDGE_CURVE('',#5128,#5120,#5130,.T.);
#5128 = VERTEX_POINT('',#5129);
#5129 = CARTESIAN_POINT('',(-2.01336076482,17.737243138634,4.6));
#5130 = LINE('',#5131,#5132);
#5131 = CARTESIAN_POINT('',(-1.633012701892,17.078460969083,4.6));
#5132 = VECTOR('',#5133,1.);
#5133 = DIRECTION('',(0.5,-0.866025403784,0.));
#5134 = ORIENTED_EDGE('',*,*,#5135,.T.);
#5135 = EDGE_CURVE('',#5128,#3958,#5136,.T.);
#5136 = B_SPLINE_CURVE_WITH_KNOTS('',3,(#5137,#5138,#5139,#5140,#5141,
    #5142),.UNSPECIFIED.,.F.,.F.,(4,2,4),(0.,2.356759519957E-04,
    4.713519039914E-04),.UNSPECIFIED.);
#5137 = CARTESIAN_POINT('',(-2.01336076482,17.737243138634,4.6));
#5138 = CARTESIAN_POINT('',(-2.053202156323,17.806250452961,4.6));
#5139 = CARTESIAN_POINT('',(-2.092222514919,17.87383569658,
    4.568024542284));
#5140 = CARTESIAN_POINT('',(-2.148383481779,17.971109344584,
    4.457656571111));
#5141 = CARTESIAN_POINT('',(-2.165063509462,18.000000000001,
    4.37970955149));
#5142 = CARTESIAN_POINT('',(-2.165063509461,18.,4.3));
#5143 = ORIENTED_EDGE('',*,*,#4039,.T.);
#5144 = PLANE('',#5145);
#5145 = AXIS2_PLACEMENT_3D('',#5146,#5147,#5148);
#5146 = CARTESIAN_POINT('',(-1.633012701892,17.078460969083,4.6));
#5147 = DIRECTION('',(0.866025403784,0.5,0.));
#5148 = DIRECTION('',(-0.5,0.866025403784,0.));
#5149 = ADVANCED_FACE('',(#5150),#5177,.F.);
#5150 = FACE_BOUND('',#5151,.T.);
#5151 = EDGE_LOOP('',(#5152,#5153,#5160,#5161,#5168,#5169,#5176));
#5152 = ORIENTED_EDGE('',*,*,#5054,.T.);
#5153 = ORIENTED_EDGE('',*,*,#5154,.T.);
#5154 = EDGE_CURVE('',#5047,#5070,#5155,.T.);
#5155 = CIRCLE('',#5156,0.2);
#5156 = AXIS2_PLACEMENT_3D('',#5157,#5158,#5159);
#5157 = CARTESIAN_POINT('',(-1.040192378865,17.65166604984,4.6));
#5158 = DIRECTION('',(0.,0.,1.));
#5159 = DIRECTION('',(-0.422618261741,-0.906307787037,0.));
#5160 = ORIENTED_EDGE('',*,*,#5069,.T.);
#5161 = ORIENTED_EDGE('',*,*,#5162,.T.);
#5162 = EDGE_CURVE('',#5072,#5128,#5163,.T.);
#5163 = CIRCLE('',#5164,3.2);
#5164 = AXIS2_PLACEMENT_3D('',#5165,#5166,#5167);
#5165 = CARTESIAN_POINT('',(0.,15.25,4.6));
#5166 = DIRECTION('',(0.,0.,1.));
#5167 = DIRECTION('',(-0.422618261741,-0.906307787037,0.));
#5168 = ORIENTED_EDGE('',*,*,#5127,.T.);
#5169 = ORIENTED_EDGE('',*,*,#5170,.T.);
#5170 = EDGE_CURVE('',#5120,#3730,#5171,.T.);
#5171 = CIRCLE('',#5172,0.2);
#5172 = AXIS2_PLACEMENT_3D('',#5173,#5174,#5175);
#5173 = CARTESIAN_POINT('',(-1.559807621135,17.35166604984,4.6));
#5174 = DIRECTION('',(0.,0.,1.));
#5175 = DIRECTION('',(-0.422618261741,-0.906307787037,0.));
#5176 = ORIENTED_EDGE('',*,*,#3729,.T.);
#5177 = PLANE('',#5178);
#5178 = AXIS2_PLACEMENT_3D('',#5179,#5180,#5181);
#5179 = CARTESIAN_POINT('',(0.,15.25,4.6));
#5180 = DIRECTION('',(0.,0.,-1.));
#5181 = DIRECTION('',(-0.422618261741,-0.906307787037,-0.));
#5182 = ADVANCED_FACE('',(#5183),#5204,.T.);
#5183 = FACE_BOUND('',#5184,.T.);
#5184 = EDGE_LOOP('',(#5185,#5186,#5193,#5194,#5195,#5202,#5203));
#5185 = ORIENTED_EDGE('',*,*,#5087,.F.);
#5186 = ORIENTED_EDGE('',*,*,#5187,.T.);
#5187 = EDGE_CURVE('',#5080,#5039,#5188,.T.);
#5188 = CIRCLE('',#5189,0.2);
#5189 = AXIS2_PLACEMENT_3D('',#5190,#5191,#5192);
#5190 = CARTESIAN_POINT('',(-1.040192378865,17.65166604984,4.3));
#5191 = DIRECTION('',(-0.,0.,-1.));
#5192 = DIRECTION('',(-0.422618261741,-0.906307787037,0.));
#5193 = ORIENTED_EDGE('',*,*,#5038,.F.);
#5194 = ORIENTED_EDGE('',*,*,#3748,.T.);
#5195 = ORIENTED_EDGE('',*,*,#5196,.T.);
#5196 = EDGE_CURVE('',#3741,#5112,#5197,.T.);
#5197 = CIRCLE('',#5198,0.2);
#5198 = AXIS2_PLACEMENT_3D('',#5199,#5200,#5201);
#5199 = CARTESIAN_POINT('',(-1.559807621135,17.35166604984,4.3));
#5200 = DIRECTION('',(-0.,0.,-1.));
#5201 = DIRECTION('',(-0.422618261741,-0.906307787037,0.));
#5202 = ORIENTED_EDGE('',*,*,#5111,.F.);
#5203 = ORIENTED_EDGE('',*,*,#4300,.F.);
#5204 = PLANE('',#5205);
#5205 = AXIS2_PLACEMENT_3D('',#5206,#5207,#5208);
#5206 = CARTESIAN_POINT('',(0.,15.25,4.3));
#5207 = DIRECTION('',(0.,0.,-1.));
#5208 = DIRECTION('',(-0.422618261741,-0.906307787037,-0.));
#5209 = ADVANCED_FACE('',(#5210),#5246,.F.);
#5210 = FACE_BOUND('',#5211,.T.);
#5211 = EDGE_LOOP('',(#5212,#5220,#5228,#5236,#5245));
#5212 = ORIENTED_EDGE('',*,*,#5213,.T.);
#5213 = EDGE_CURVE('',#3774,#5214,#5216,.T.);
#5214 = VERTEX_POINT('',#5215);
#5215 = CARTESIAN_POINT('',(2.07107055891,16.173670255024,4.3));
#5216 = LINE('',#5217,#5218);
#5217 = CARTESIAN_POINT('',(3.308496850316,16.391861896837,4.3));
#5218 = VECTOR('',#5219,1.);
#5219 = DIRECTION('',(-0.984807753012,-0.173648177667,0.));
#5220 = ORIENTED_EDGE('',*,*,#5221,.T.);
#5221 = EDGE_CURVE('',#5214,#5222,#5224,.T.);
#5222 = VERTEX_POINT('',#5223);
#5223 = CARTESIAN_POINT('',(2.07107055891,16.173670255024,4.6));
#5224 = LINE('',#5225,#5226);
#5225 = CARTESIAN_POINT('',(2.07107055891,16.173670255024,4.6));
#5226 = VECTOR('',#5227,1.);
#5227 = DIRECTION('',(0.,0.,1.));
#5228 = ORIENTED_EDGE('',*,*,#5229,.F.);
#5229 = EDGE_CURVE('',#5230,#5222,#5232,.T.);
#5230 = VERTEX_POINT('',#5231);
#5231 = CARTESIAN_POINT('',(3.008981819145,16.339049315714,4.6));
#5232 = LINE('',#5233,#5234);
#5233 = CARTESIAN_POINT('',(3.308496850316,16.391861896837,4.6));
#5234 = VECTOR('',#5235,1.);
#5235 = DIRECTION('',(-0.984807753012,-0.173648177667,0.));
#5236 = ORIENTED_EDGE('',*,*,#5237,.T.);
#5237 = EDGE_CURVE('',#5230,#4055,#5238,.T.);
#5238 = B_SPLINE_CURVE_WITH_KNOTS('',3,(#5239,#5240,#5241,#5242,#5243,
    #5244),.UNSPECIFIED.,.F.,.F.,(4,2,4),(0.,2.359663934735E-04,
    4.719327869469E-04),.UNSPECIFIED.);
#5239 = CARTESIAN_POINT('',(3.008981819145,16.339049315714,4.6));
#5240 = CARTESIAN_POINT('',(3.087549358478,16.352902892706,4.6));
#5241 = CARTESIAN_POINT('',(3.164520815263,16.366475037282,
    4.568133932034));
#5242 = CARTESIAN_POINT('',(3.275482801683,16.38604062932,4.457816594736
    ));
#5243 = CARTESIAN_POINT('',(3.308496850317,16.391861896837,
    4.379812190229));
#5244 = CARTESIAN_POINT('',(3.308496850316,16.391861896837,4.3));
#5245 = ORIENTED_EDGE('',*,*,#4054,.T.);
#5246 = PLANE('',#5247);
#5247 = AXIS2_PLACEMENT_3D('',#5248,#5249,#5250);
#5248 = CARTESIAN_POINT('',(3.308496850316,16.391861896837,4.6));
#5249 = DIRECTION('',(0.173648177667,-0.984807753012,0.));
#5250 = DIRECTION('',(0.984807753012,0.173648177667,0.));
#5251 = ADVANCED_FACE('',(#5252),#5286,.F.);
#5252 = FACE_BOUND('',#5253,.T.);
#5253 = EDGE_LOOP('',(#5254,#5264,#5272,#5280));
#5254 = ORIENTED_EDGE('',*,*,#5255,.F.);
#5255 = EDGE_CURVE('',#5256,#5258,#5260,.T.);
#5256 = VERTEX_POINT('',#5257);
#5257 = CARTESIAN_POINT('',(1.908838643841,15.941979068888,4.6));
#5258 = VERTEX_POINT('',#5259);
#5259 = CARTESIAN_POINT('',(2.030392368208,15.25261364178,4.6));
#5260 = LINE('',#5261,#5262);
#5261 = CARTESIAN_POINT('',(2.065122003741,15.055652091177,4.6));
#5262 = VECTOR('',#5263,1.);
#5263 = DIRECTION('',(0.173648177667,-0.984807753012,0.));
#5264 = ORIENTED_EDGE('',*,*,#5265,.T.);
#5265 = EDGE_CURVE('',#5256,#5266,#5268,.T.);
#5266 = VERTEX_POINT('',#5267);
#5267 = CARTESIAN_POINT('',(1.908838643841,15.941979068888,4.3));
#5268 = LINE('',#5269,#5270);
#5269 = CARTESIAN_POINT('',(1.908838643841,15.941979068888,4.6));
#5270 = VECTOR('',#5271,1.);
#5271 = DIRECTION('',(0.,0.,-1.));
#5272 = ORIENTED_EDGE('',*,*,#5273,.T.);
#5273 = EDGE_CURVE('',#5266,#5274,#5276,.T.);
#5274 = VERTEX_POINT('',#5275);
#5275 = CARTESIAN_POINT('',(2.030392368208,15.25261364178,4.3));
#5276 = LINE('',#5277,#5278);
#5277 = CARTESIAN_POINT('',(2.065122003741,15.055652091177,4.3));
#5278 = VECTOR('',#5279,1.);
#5279 = DIRECTION('',(0.173648177667,-0.984807753012,0.));
#5280 = ORIENTED_EDGE('',*,*,#5281,.T.);
#5281 = EDGE_CURVE('',#5274,#5258,#5282,.T.);
#5282 = LINE('',#5283,#5284);
#5283 = CARTESIAN_POINT('',(2.030392368208,15.25261364178,4.6));
#5284 = VECTOR('',#5285,1.);
#5285 = DIRECTION('',(0.,0.,1.));
#5286 = PLANE('',#5287);
#5287 = AXIS2_PLACEMENT_3D('',#5288,#5289,#5290);
#5288 = CARTESIAN_POINT('',(2.065122003741,15.055652091177,4.6));
#5289 = DIRECTION('',(0.984807753012,0.173648177667,0.));
#5290 = DIRECTION('',(-0.173648177667,0.984807753012,0.));
#5291 = ADVANCED_FACE('',(#5292),#5319,.F.);
#5292 = FACE_BOUND('',#5293,.T.);
#5293 = EDGE_LOOP('',(#5294,#5302,#5303,#5309,#5310));
#5294 = ORIENTED_EDGE('',*,*,#5295,.F.);
#5295 = EDGE_CURVE('',#3690,#5296,#5298,.T.);
#5296 = VERTEX_POINT('',#5297);
#5297 = CARTESIAN_POINT('',(3.199994814578,15.2557607874,4.6));
#5298 = LINE('',#5299,#5300);
#5299 = CARTESIAN_POINT('',(3.49950984575,15.308573368523,4.6));
#5300 = VECTOR('',#5301,1.);
#5301 = DIRECTION('',(0.984807753012,0.173648177667,0.));
#5302 = ORIENTED_EDGE('',*,*,#3715,.T.);
#5303 = ORIENTED_EDGE('',*,*,#5304,.T.);
#5304 = EDGE_CURVE('',#3707,#3772,#5305,.T.);
#5305 = LINE('',#5306,#5307);
#5306 = CARTESIAN_POINT('',(3.49950984575,15.308573368523,4.3));
#5307 = VECTOR('',#5308,1.);
#5308 = DIRECTION('',(0.984807753012,0.173648177667,0.));
#5309 = ORIENTED_EDGE('',*,*,#4104,.T.);
#5310 = ORIENTED_EDGE('',*,*,#5311,.T.);
#5311 = EDGE_CURVE('',#4096,#5296,#5312,.T.);
#5312 = B_SPLINE_CURVE_WITH_KNOTS('',3,(#5313,#5314,#5315,#5316,#5317,
    #5318),.UNSPECIFIED.,.F.,.F.,(4,2,4),(0.,2.359640108873E-04,
    4.719280217745E-04),.UNSPECIFIED.);
#5313 = CARTESIAN_POINT('',(3.49950984575,15.308573368523,4.3));
#5314 = CARTESIAN_POINT('',(3.49950984575,15.308573368523,4.379792606925
    ));
#5315 = CARTESIAN_POINT('',(3.466546515912,15.302761044099,
    4.457686074548));
#5316 = CARTESIAN_POINT('',(3.355791239553,15.283231900621,
    4.567957872341));
#5317 = CARTESIAN_POINT('',(3.278545195921,15.269611338976,4.6));
#5318 = CARTESIAN_POINT('',(3.199994814578,15.2557607874,4.6));
#5319 = PLANE('',#5320);
#5320 = AXIS2_PLACEMENT_3D('',#5321,#5322,#5323);
#5321 = CARTESIAN_POINT('',(3.49950984575,15.308573368523,4.6));
#5322 = DIRECTION('',(-0.173648177667,0.984807753012,0.));
#5323 = DIRECTION('',(-0.984807753012,-0.173648177667,0.));
#5324 = ADVANCED_FACE('',(#5325),#5352,.T.);
#5325 = FACE_BOUND('',#5326,.T.);
#5326 = EDGE_LOOP('',(#5327,#5328,#5335,#5336,#5343,#5344,#5345));
#5327 = ORIENTED_EDGE('',*,*,#5229,.T.);
#5328 = ORIENTED_EDGE('',*,*,#5329,.T.);
#5329 = EDGE_CURVE('',#5222,#5256,#5330,.T.);
#5330 = CIRCLE('',#5331,0.2);
#5331 = AXIS2_PLACEMENT_3D('',#5332,#5333,#5334);
#5332 = CARTESIAN_POINT('',(2.105800194443,15.976708704422,4.6));
#5333 = DIRECTION('',(0.,-0.,1.));
#5334 = DIRECTION('',(0.422618261741,0.906307787037,0.));
#5335 = ORIENTED_EDGE('',*,*,#5255,.T.);
#5336 = ORIENTED_EDGE('',*,*,#5337,.T.);
#5337 = EDGE_CURVE('',#5258,#3688,#5338,.T.);
#5338 = CIRCLE('',#5339,0.2);
#5339 = AXIS2_PLACEMENT_3D('',#5340,#5341,#5342);
#5340 = CARTESIAN_POINT('',(2.22735391881,15.287343277313,4.6));
#5341 = DIRECTION('',(0.,-0.,1.));
#5342 = DIRECTION('',(0.422618261741,0.906307787037,0.));
#5343 = ORIENTED_EDGE('',*,*,#3687,.T.);
#5344 = ORIENTED_EDGE('',*,*,#5295,.T.);
#5345 = ORIENTED_EDGE('',*,*,#5346,.T.);
#5346 = EDGE_CURVE('',#5296,#5230,#5347,.T.);
#5347 = CIRCLE('',#5348,3.2);
#5348 = AXIS2_PLACEMENT_3D('',#5349,#5350,#5351);
#5349 = CARTESIAN_POINT('',(0.,15.25,4.6));
#5350 = DIRECTION('',(0.,-0.,1.));
#5351 = DIRECTION('',(0.422618261741,0.906307787037,0.));
#5352 = PLANE('',#5353);
#5353 = AXIS2_PLACEMENT_3D('',#5354,#5355,#5356);
#5354 = CARTESIAN_POINT('',(0.,15.25,4.6));
#5355 = DIRECTION('',(0.,0.,1.));
#5356 = DIRECTION('',(0.422618261741,0.906307787037,-0.));
#5357 = ADVANCED_FACE('',(#5358),#5379,.F.);
#5358 = FACE_BOUND('',#5359,.T.);
#5359 = EDGE_LOOP('',(#5360,#5361,#5368,#5369,#5370,#5371,#5372));
#5360 = ORIENTED_EDGE('',*,*,#5273,.F.);
#5361 = ORIENTED_EDGE('',*,*,#5362,.T.);
#5362 = EDGE_CURVE('',#5266,#5214,#5363,.T.);
#5363 = CIRCLE('',#5364,0.2);
#5364 = AXIS2_PLACEMENT_3D('',#5365,#5366,#5367);
#5365 = CARTESIAN_POINT('',(2.105800194443,15.976708704422,4.3));
#5366 = DIRECTION('',(0.,0.,-1.));
#5367 = DIRECTION('',(0.422618261741,0.906307787037,0.));
#5368 = ORIENTED_EDGE('',*,*,#5213,.F.);
#5369 = ORIENTED_EDGE('',*,*,#3771,.F.);
#5370 = ORIENTED_EDGE('',*,*,#5304,.F.);
#5371 = ORIENTED_EDGE('',*,*,#3706,.T.);
#5372 = ORIENTED_EDGE('',*,*,#5373,.T.);
#5373 = EDGE_CURVE('',#3699,#5274,#5374,.T.);
#5374 = CIRCLE('',#5375,0.2);
#5375 = AXIS2_PLACEMENT_3D('',#5376,#5377,#5378);
#5376 = CARTESIAN_POINT('',(2.22735391881,15.287343277313,4.3));
#5377 = DIRECTION('',(0.,0.,-1.));
#5378 = DIRECTION('',(0.422618261741,0.906307787037,0.));
#5379 = PLANE('',#5380);
#5380 = AXIS2_PLACEMENT_3D('',#5381,#5382,#5383);
#5381 = CARTESIAN_POINT('',(0.,15.25,4.3));
#5382 = DIRECTION('',(0.,0.,1.));
#5383 = DIRECTION('',(0.422618261741,0.906307787037,-0.));
#5384 = ADVANCED_FACE('',(#5385),#5421,.F.);
#5385 = FACE_BOUND('',#5386,.T.);
#5386 = EDGE_LOOP('',(#5387,#5395,#5403,#5411,#5420));
#5387 = ORIENTED_EDGE('',*,*,#5388,.T.);
#5388 = EDGE_CURVE('',#3982,#5389,#5391,.T.);
#5389 = VERTEX_POINT('',#5390);
#5390 = CARTESIAN_POINT('',(-2.07107055891,14.326329744976,4.3));
#5391 = LINE('',#5392,#5393);
#5392 = CARTESIAN_POINT('',(-3.308496850316,14.108138103163,4.3));
#5393 = VECTOR('',#5394,1.);
#5394 = DIRECTION('',(0.984807753012,0.173648177667,0.));
#5395 = ORIENTED_EDGE('',*,*,#5396,.T.);
#5396 = EDGE_CURVE('',#5389,#5397,#5399,.T.);
#5397 = VERTEX_POINT('',#5398);
#5398 = CARTESIAN_POINT('',(-2.07107055891,14.326329744976,4.6));
#5399 = LINE('',#5400,#5401);
#5400 = CARTESIAN_POINT('',(-2.07107055891,14.326329744976,4.6));
#5401 = VECTOR('',#5402,1.);
#5402 = DIRECTION('',(0.,0.,1.));
#5403 = ORIENTED_EDGE('',*,*,#5404,.F.);
#5404 = EDGE_CURVE('',#5405,#5397,#5407,.T.);
#5405 = VERTEX_POINT('',#5406);
#5406 = CARTESIAN_POINT('',(-3.008981819145,14.160950684286,4.6));
#5407 = LINE('',#5408,#5409);
#5408 = CARTESIAN_POINT('',(-3.308496850316,14.108138103163,4.6));
#5409 = VECTOR('',#5410,1.);
#5410 = DIRECTION('',(0.984807753012,0.173648177667,0.));
#5411 = ORIENTED_EDGE('',*,*,#5412,.T.);
#5412 = EDGE_CURVE('',#5405,#3940,#5413,.T.);
#5413 = B_SPLINE_CURVE_WITH_KNOTS('',3,(#5414,#5415,#5416,#5417,#5418,
    #5419),.UNSPECIFIED.,.F.,.F.,(4,2,4),(0.,2.359663934735E-04,
    4.719327869469E-04),.UNSPECIFIED.);
#5414 = CARTESIAN_POINT('',(-3.008981819145,14.160950684286,4.6));
#5415 = CARTESIAN_POINT('',(-3.087549358478,14.147097107294,4.6));
#5416 = CARTESIAN_POINT('',(-3.164520815263,14.133524962718,
    4.568133932034));
#5417 = CARTESIAN_POINT('',(-3.275482801683,14.11395937068,
    4.457816594736));
#5418 = CARTESIAN_POINT('',(-3.308496850317,14.108138103163,
    4.379812190229));
#5419 = CARTESIAN_POINT('',(-3.308496850316,14.108138103163,4.3));
#5420 = ORIENTED_EDGE('',*,*,#3990,.T.);
#5421 = PLANE('',#5422);
#5422 = AXIS2_PLACEMENT_3D('',#5423,#5424,#5425);
#5423 = CARTESIAN_POINT('',(-3.308496850316,14.108138103163,4.6));
#5424 = DIRECTION('',(-0.173648177667,0.984807753012,0.));
#5425 = DIRECTION('',(-0.984807753012,-0.173648177667,0.));
#5426 = ADVANCED_FACE('',(#5427),#5461,.F.);
#5427 = FACE_BOUND('',#5428,.T.);
#5428 = EDGE_LOOP('',(#5429,#5439,#5447,#5455));
#5429 = ORIENTED_EDGE('',*,*,#5430,.T.);
#5430 = EDGE_CURVE('',#5431,#5433,#5435,.T.);
#5431 = VERTEX_POINT('',#5432);
#5432 = CARTESIAN_POINT('',(-1.908838643841,14.558020931112,4.3));
#5433 = VERTEX_POINT('',#5434);
#5434 = CARTESIAN_POINT('',(-2.030392368208,15.24738635822,4.3));
#5435 = LINE('',#5436,#5437);
#5436 = CARTESIAN_POINT('',(-2.065122003741,15.444347908823,4.3));
#5437 = VECTOR('',#5438,1.);
#5438 = DIRECTION('',(-0.173648177667,0.984807753012,0.));
#5439 = ORIENTED_EDGE('',*,*,#5440,.T.);
#5440 = EDGE_CURVE('',#5433,#5441,#5443,.T.);
#5441 = VERTEX_POINT('',#5442);
#5442 = CARTESIAN_POINT('',(-2.030392368208,15.24738635822,4.6));
#5443 = LINE('',#5444,#5445);
#5444 = CARTESIAN_POINT('',(-2.030392368208,15.24738635822,4.6));
#5445 = VECTOR('',#5446,1.);
#5446 = DIRECTION('',(0.,0.,1.));
#5447 = ORIENTED_EDGE('',*,*,#5448,.F.);
#5448 = EDGE_CURVE('',#5449,#5441,#5451,.T.);
#5449 = VERTEX_POINT('',#5450);
#5450 = CARTESIAN_POINT('',(-1.908838643841,14.558020931112,4.6));
#5451 = LINE('',#5452,#5453);
#5452 = CARTESIAN_POINT('',(-2.065122003741,15.444347908823,4.6));
#5453 = VECTOR('',#5454,1.);
#5454 = DIRECTION('',(-0.173648177667,0.984807753012,0.));
#5455 = ORIENTED_EDGE('',*,*,#5456,.T.);
#5456 = EDGE_CURVE('',#5449,#5431,#5457,.T.);
#5457 = LINE('',#5458,#5459);
#5458 = CARTESIAN_POINT('',(-1.908838643841,14.558020931112,4.6));
#5459 = VECTOR('',#5460,1.);
#5460 = DIRECTION('',(0.,0.,-1.));
#5461 = PLANE('',#5462);
#5462 = AXIS2_PLACEMENT_3D('',#5463,#5464,#5465);
#5463 = CARTESIAN_POINT('',(-2.065122003741,15.444347908823,4.6));
#5464 = DIRECTION('',(-0.984807753012,-0.173648177667,0.));
#5465 = DIRECTION('',(0.173648177667,-0.984807753012,0.));
#5466 = ADVANCED_FACE('',(#5467),#5503,.F.);
#5467 = FACE_BOUND('',#5468,.T.);
#5468 = EDGE_LOOP('',(#5469,#5479,#5487,#5493,#5494));
#5469 = ORIENTED_EDGE('',*,*,#5470,.F.);
#5470 = EDGE_CURVE('',#5471,#5473,#5475,.T.);
#5471 = VERTEX_POINT('',#5472);
#5472 = CARTESIAN_POINT('',(-2.262083554344,15.409618273289,4.6));
#5473 = VERTEX_POINT('',#5474);
#5474 = CARTESIAN_POINT('',(-3.199994814578,15.2442392126,4.6));
#5475 = LINE('',#5476,#5477);
#5476 = CARTESIAN_POINT('',(-3.49950984575,15.191426631477,4.6));
#5477 = VECTOR('',#5478,1.);
#5478 = DIRECTION('',(-0.984807753012,-0.173648177667,0.));
#5479 = ORIENTED_EDGE('',*,*,#5480,.T.);
#5480 = EDGE_CURVE('',#5471,#5481,#5483,.T.);
#5481 = VERTEX_POINT('',#5482);
#5482 = CARTESIAN_POINT('',(-2.262083554344,15.409618273289,4.3));
#5483 = LINE('',#5484,#5485);
#5484 = CARTESIAN_POINT('',(-2.262083554344,15.409618273289,4.6));
#5485 = VECTOR('',#5486,1.);
#5486 = DIRECTION('',(0.,0.,-1.));
#5487 = ORIENTED_EDGE('',*,*,#5488,.T.);
#5488 = EDGE_CURVE('',#5481,#4023,#5489,.T.);
#5489 = LINE('',#5490,#5491);
#5490 = CARTESIAN_POINT('',(-3.49950984575,15.191426631477,4.3));
#5491 = VECTOR('',#5492,1.);
#5492 = DIRECTION('',(-0.984807753012,-0.173648177667,0.));
#5493 = ORIENTED_EDGE('',*,*,#4022,.T.);
#5494 = ORIENTED_EDGE('',*,*,#5495,.T.);
#5495 = EDGE_CURVE('',#3949,#5473,#5496,.T.);
#5496 = B_SPLINE_CURVE_WITH_KNOTS('',3,(#5497,#5498,#5499,#5500,#5501,
    #5502),.UNSPECIFIED.,.F.,.F.,(4,2,4),(0.,2.359640108873E-04,
    4.719280217745E-04),.UNSPECIFIED.);
#5497 = CARTESIAN_POINT('',(-3.49950984575,15.191426631477,4.3));
#5498 = CARTESIAN_POINT('',(-3.49950984575,15.191426631477,
    4.379792606925));
#5499 = CARTESIAN_POINT('',(-3.466546515912,15.197238955901,
    4.457686074548));
#5500 = CARTESIAN_POINT('',(-3.355791239553,15.216768099379,
    4.567957872341));
#5501 = CARTESIAN_POINT('',(-3.278545195921,15.230388661024,4.6));
#5502 = CARTESIAN_POINT('',(-3.199994814578,15.2442392126,4.6));
#5503 = PLANE('',#5504);
#5504 = AXIS2_PLACEMENT_3D('',#5505,#5506,#5507);
#5505 = CARTESIAN_POINT('',(-3.49950984575,15.191426631477,4.6));
#5506 = DIRECTION('',(0.173648177667,-0.984807753012,0.));
#5507 = DIRECTION('',(0.984807753012,0.173648177667,0.));
#5508 = ADVANCED_FACE('',(#5509),#5535,.T.);
#5509 = FACE_BOUND('',#5510,.T.);
#5510 = EDGE_LOOP('',(#5511,#5512,#5519,#5520,#5527,#5528));
#5511 = ORIENTED_EDGE('',*,*,#5448,.T.);
#5512 = ORIENTED_EDGE('',*,*,#5513,.T.);
#5513 = EDGE_CURVE('',#5441,#5471,#5514,.T.);
#5514 = CIRCLE('',#5515,0.2);
#5515 = AXIS2_PLACEMENT_3D('',#5516,#5517,#5518);
#5516 = CARTESIAN_POINT('',(-2.22735391881,15.212656722687,4.6));
#5517 = DIRECTION('',(0.,-0.,1.));
#5518 = DIRECTION('',(0.422618261741,0.906307787037,0.));
#5519 = ORIENTED_EDGE('',*,*,#5470,.T.);
#5520 = ORIENTED_EDGE('',*,*,#5521,.T.);
#5521 = EDGE_CURVE('',#5473,#5405,#5522,.T.);
#5522 = CIRCLE('',#5523,3.2);
#5523 = AXIS2_PLACEMENT_3D('',#5524,#5525,#5526);
#5524 = CARTESIAN_POINT('',(0.,15.25,4.6));
#5525 = DIRECTION('',(0.,-0.,1.));
#5526 = DIRECTION('',(0.422618261741,0.906307787037,0.));
#5527 = ORIENTED_EDGE('',*,*,#5404,.T.);
#5528 = ORIENTED_EDGE('',*,*,#5529,.T.);
#5529 = EDGE_CURVE('',#5397,#5449,#5530,.T.);
#5530 = CIRCLE('',#5531,0.2);
#5531 = AXIS2_PLACEMENT_3D('',#5532,#5533,#5534);
#5532 = CARTESIAN_POINT('',(-2.105800194443,14.523291295578,4.6));
#5533 = DIRECTION('',(0.,-0.,1.));
#5534 = DIRECTION('',(0.422618261741,0.906307787037,0.));
#5535 = PLANE('',#5536);
#5536 = AXIS2_PLACEMENT_3D('',#5537,#5538,#5539);
#5537 = CARTESIAN_POINT('',(0.,15.25,4.6));
#5538 = DIRECTION('',(0.,0.,1.));
#5539 = DIRECTION('',(0.422618261741,0.906307787037,-0.));
#5540 = ADVANCED_FACE('',(#5541),#5561,.F.);
#5541 = FACE_BOUND('',#5542,.T.);
#5542 = EDGE_LOOP('',(#5543,#5544,#5551,#5552,#5559,#5560));
#5543 = ORIENTED_EDGE('',*,*,#5488,.F.);
#5544 = ORIENTED_EDGE('',*,*,#5545,.T.);
#5545 = EDGE_CURVE('',#5481,#5433,#5546,.T.);
#5546 = CIRCLE('',#5547,0.2);
#5547 = AXIS2_PLACEMENT_3D('',#5548,#5549,#5550);
#5548 = CARTESIAN_POINT('',(-2.22735391881,15.212656722687,4.3));
#5549 = DIRECTION('',(0.,0.,-1.));
#5550 = DIRECTION('',(0.422618261741,0.906307787037,0.));
#5551 = ORIENTED_EDGE('',*,*,#5430,.F.);
#5552 = ORIENTED_EDGE('',*,*,#5553,.T.);
#5553 = EDGE_CURVE('',#5431,#5389,#5554,.T.);
#5554 = CIRCLE('',#5555,0.2);
#5555 = AXIS2_PLACEMENT_3D('',#5556,#5557,#5558);
#5556 = CARTESIAN_POINT('',(-2.105800194443,14.523291295578,4.3));
#5557 = DIRECTION('',(0.,0.,-1.));
#5558 = DIRECTION('',(0.422618261741,0.906307787037,0.));
#5559 = ORIENTED_EDGE('',*,*,#5388,.F.);
#5560 = ORIENTED_EDGE('',*,*,#4292,.F.);
#5561 = PLANE('',#5562);
#5562 = AXIS2_PLACEMENT_3D('',#5563,#5564,#5565);
#5563 = CARTESIAN_POINT('',(0.,15.25,4.3));
#5564 = DIRECTION('',(0.,0.,1.));
#5565 = DIRECTION('',(0.422618261741,0.906307787037,-0.));
#5566 = ADVANCED_FACE('',(#5567),#5573,.T.);
#5567 = FACE_BOUND('',#5568,.T.);
#5568 = EDGE_LOOP('',(#5569,#5570,#5571,#5572));
#5569 = ORIENTED_EDGE('',*,*,#4779,.F.);
#5570 = ORIENTED_EDGE('',*,*,#3913,.F.);
#5571 = ORIENTED_EDGE('',*,*,#4705,.F.);
#5572 = ORIENTED_EDGE('',*,*,#4805,.F.);
#5573 = TOROIDAL_SURFACE('',#5574,3.2,0.3);
#5574 = AXIS2_PLACEMENT_3D('',#5575,#5576,#5577);
#5575 = CARTESIAN_POINT('',(0.,15.25,-4.3));
#5576 = DIRECTION('',(0.,0.,-1.));
#5577 = DIRECTION('',(-0.422618261741,-0.906307787037,-0.));
#5578 = ADVANCED_FACE('',(#5579),#5585,.T.);
#5579 = FACE_BOUND('',#5580,.T.);
#5580 = EDGE_LOOP('',(#5581,#5582,#5583,#5584));
#5581 = ORIENTED_EDGE('',*,*,#4606,.F.);
#5582 = ORIENTED_EDGE('',*,*,#3895,.F.);
#5583 = ORIENTED_EDGE('',*,*,#4523,.F.);
#5584 = ORIENTED_EDGE('',*,*,#4632,.F.);
#5585 = TOROIDAL_SURFACE('',#5586,3.2,0.3);
#5586 = AXIS2_PLACEMENT_3D('',#5587,#5588,#5589);
#5587 = CARTESIAN_POINT('',(0.,15.25,-4.3));
#5588 = DIRECTION('',(0.,0.,-1.));
#5589 = DIRECTION('',(-0.422618261741,-0.906307787037,-0.));
#5590 = ADVANCED_FACE('',(#5591),#5597,.T.);
#5591 = FACE_BOUND('',#5592,.T.);
#5592 = EDGE_LOOP('',(#5593,#5594,#5595,#5596));
#5593 = ORIENTED_EDGE('',*,*,#4450,.F.);
#5594 = ORIENTED_EDGE('',*,*,#4257,.F.);
#5595 = ORIENTED_EDGE('',*,*,#4383,.F.);
#5596 = ORIENTED_EDGE('',*,*,#4476,.F.);
#5597 = TOROIDAL_SURFACE('',#5598,3.2,0.3);
#5598 = AXIS2_PLACEMENT_3D('',#5599,#5600,#5601);
#5599 = CARTESIAN_POINT('',(0.,15.25,-4.3));
#5600 = DIRECTION('',(0.,0.,-1.));
#5601 = DIRECTION('',(-0.422618261741,-0.906307787037,-0.));
#5602 = ADVANCED_FACE('',(#5603),#5609,.T.);
#5603 = FACE_BOUND('',#5604,.T.);
#5604 = EDGE_LOOP('',(#5605,#5606,#5607,#5608));
#5605 = ORIENTED_EDGE('',*,*,#4954,.F.);
#5606 = ORIENTED_EDGE('',*,*,#4247,.F.);
#5607 = ORIENTED_EDGE('',*,*,#4988,.F.);
#5608 = ORIENTED_EDGE('',*,*,#5015,.F.);
#5609 = TOROIDAL_SURFACE('',#5610,3.2,0.3);
#5610 = AXIS2_PLACEMENT_3D('',#5611,#5612,#5613);
#5611 = CARTESIAN_POINT('',(0.,15.25,4.3));
#5612 = DIRECTION('',(0.,0.,-1.));
#5613 = DIRECTION('',(-0.422618261741,-0.906307787037,-0.));
#5614 = ADVANCED_FACE('',(#5615),#5621,.T.);
#5615 = FACE_BOUND('',#5616,.T.);
#5616 = EDGE_LOOP('',(#5617,#5618,#5619,#5620));
#5617 = ORIENTED_EDGE('',*,*,#5311,.F.);
#5618 = ORIENTED_EDGE('',*,*,#4239,.F.);
#5619 = ORIENTED_EDGE('',*,*,#5237,.F.);
#5620 = ORIENTED_EDGE('',*,*,#5346,.F.);
#5621 = TOROIDAL_SURFACE('',#5622,3.2,0.3);
#5622 = AXIS2_PLACEMENT_3D('',#5623,#5624,#5625);
#5623 = CARTESIAN_POINT('',(0.,15.25,4.3));
#5624 = DIRECTION('',(0.,0.,1.));
#5625 = DIRECTION('',(0.422618261741,0.906307787037,-0.));
#5626 = ADVANCED_FACE('',(#5627),#5633,.T.);
#5627 = FACE_BOUND('',#5628,.T.);
#5628 = EDGE_LOOP('',(#5629,#5630,#5631,#5632));
#5629 = ORIENTED_EDGE('',*,*,#5094,.F.);
#5630 = ORIENTED_EDGE('',*,*,#3966,.F.);
#5631 = ORIENTED_EDGE('',*,*,#5135,.F.);
#5632 = ORIENTED_EDGE('',*,*,#5162,.F.);
#5633 = TOROIDAL_SURFACE('',#5634,3.2,0.3);
#5634 = AXIS2_PLACEMENT_3D('',#5635,#5636,#5637);
#5635 = CARTESIAN_POINT('',(0.,15.25,4.3));
#5636 = DIRECTION('',(0.,0.,-1.));
#5637 = DIRECTION('',(-0.422618261741,-0.906307787037,-0.));
#5638 = ADVANCED_FACE('',(#5639),#5645,.T.);
#5639 = FACE_BOUND('',#5640,.T.);
#5640 = EDGE_LOOP('',(#5641,#5642,#5643,#5644));
#5641 = ORIENTED_EDGE('',*,*,#5495,.F.);
#5642 = ORIENTED_EDGE('',*,*,#3948,.F.);
#5643 = ORIENTED_EDGE('',*,*,#5412,.F.);
#5644 = ORIENTED_EDGE('',*,*,#5521,.F.);
#5645 = TOROIDAL_SURFACE('',#5646,3.2,0.3);
#5646 = AXIS2_PLACEMENT_3D('',#5647,#5648,#5649);
#5647 = CARTESIAN_POINT('',(0.,15.25,4.3));
#5648 = DIRECTION('',(0.,0.,1.));
#5649 = DIRECTION('',(0.422618261741,0.906307787037,-0.));
#5650 = ADVANCED_FACE('',(#5651),#5657,.T.);
#5651 = FACE_BOUND('',#5652,.T.);
#5652 = EDGE_LOOP('',(#5653,#5654,#5655,#5656));
#5653 = ORIENTED_EDGE('',*,*,#5154,.F.);
#5654 = ORIENTED_EDGE('',*,*,#5046,.F.);
#5655 = ORIENTED_EDGE('',*,*,#5187,.F.);
#5656 = ORIENTED_EDGE('',*,*,#5079,.F.);
#5657 = CYLINDRICAL_SURFACE('',#5658,0.2);
#5658 = AXIS2_PLACEMENT_3D('',#5659,#5660,#5661);
#5659 = CARTESIAN_POINT('',(-1.040192378865,17.65166604984,4.6));
#5660 = DIRECTION('',(0.,0.,-1.));
#5661 = DIRECTION('',(-0.422618261741,-0.906307787037,-0.));
#5662 = ADVANCED_FACE('',(#5663),#5669,.T.);
#5663 = FACE_BOUND('',#5664,.T.);
#5664 = EDGE_LOOP('',(#5665,#5666,#5667,#5668));
#5665 = ORIENTED_EDGE('',*,*,#3740,.F.);
#5666 = ORIENTED_EDGE('',*,*,#5170,.F.);
#5667 = ORIENTED_EDGE('',*,*,#5119,.F.);
#5668 = ORIENTED_EDGE('',*,*,#5196,.F.);
#5669 = CYLINDRICAL_SURFACE('',#5670,0.2);
#5670 = AXIS2_PLACEMENT_3D('',#5671,#5672,#5673);
#5671 = CARTESIAN_POINT('',(-1.559807621135,17.35166604984,4.6));
#5672 = DIRECTION('',(0.,0.,-1.));
#5673 = DIRECTION('',(-0.422618261741,-0.906307787037,-0.));
#5674 = ADVANCED_FACE('',(#5675),#5681,.T.);
#5675 = FACE_BOUND('',#5676,.T.);
#5676 = EDGE_LOOP('',(#5677,#5678,#5679,#5680));
#5677 = ORIENTED_EDGE('',*,*,#5513,.F.);
#5678 = ORIENTED_EDGE('',*,*,#5440,.F.);
#5679 = ORIENTED_EDGE('',*,*,#5545,.F.);
#5680 = ORIENTED_EDGE('',*,*,#5480,.F.);
#5681 = CYLINDRICAL_SURFACE('',#5682,0.2);
#5682 = AXIS2_PLACEMENT_3D('',#5683,#5684,#5685);
#5683 = CARTESIAN_POINT('',(-2.22735391881,15.212656722687,4.6));
#5684 = DIRECTION('',(0.,0.,-1.));
#5685 = DIRECTION('',(-0.422618261741,-0.906307787037,-0.));
#5686 = ADVANCED_FACE('',(#5687),#5693,.T.);
#5687 = FACE_BOUND('',#5688,.T.);
#5688 = EDGE_LOOP('',(#5689,#5690,#5691,#5692));
#5689 = ORIENTED_EDGE('',*,*,#5529,.F.);
#5690 = ORIENTED_EDGE('',*,*,#5396,.F.);
#5691 = ORIENTED_EDGE('',*,*,#5553,.F.);
#5692 = ORIENTED_EDGE('',*,*,#5456,.F.);
#5693 = CYLINDRICAL_SURFACE('',#5694,0.2);
#5694 = AXIS2_PLACEMENT_3D('',#5695,#5696,#5697);
#5695 = CARTESIAN_POINT('',(-2.105800194443,14.523291295578,4.6));
#5696 = DIRECTION('',(0.,0.,-1.));
#5697 = DIRECTION('',(-0.422618261741,-0.906307787037,-0.));
#5698 = ADVANCED_FACE('',(#5699),#5705,.T.);
#5699 = FACE_BOUND('',#5700,.T.);
#5700 = EDGE_LOOP('',(#5701,#5702,#5703,#5704));
#5701 = ORIENTED_EDGE('',*,*,#5007,.F.);
#5702 = ORIENTED_EDGE('',*,*,#4906,.F.);
#5703 = ORIENTED_EDGE('',*,*,#4864,.F.);
#5704 = ORIENTED_EDGE('',*,*,#4946,.F.);
#5705 = CYLINDRICAL_SURFACE('',#5706,0.2);
#5706 = AXIS2_PLACEMENT_3D('',#5707,#5708,#5709);
#5707 = CARTESIAN_POINT('',(1.040192378865,12.84833395016,4.6));
#5708 = DIRECTION('',(0.,0.,-1.));
#5709 = DIRECTION('',(-0.422618261741,-0.906307787037,-0.));
#5710 = ADVANCED_FACE('',(#5711),#5717,.T.);
#5711 = FACE_BOUND('',#5712,.T.);
#5712 = EDGE_LOOP('',(#5713,#5714,#5715,#5716));
#5713 = ORIENTED_EDGE('',*,*,#5023,.F.);
#5714 = ORIENTED_EDGE('',*,*,#4972,.F.);
#5715 = ORIENTED_EDGE('',*,*,#4881,.F.);
#5716 = ORIENTED_EDGE('',*,*,#4922,.F.);
#5717 = CYLINDRICAL_SURFACE('',#5718,0.2);
#5718 = AXIS2_PLACEMENT_3D('',#5719,#5720,#5721);
#5719 = CARTESIAN_POINT('',(1.559807621135,13.14833395016,4.6));
#5720 = DIRECTION('',(0.,0.,-1.));
#5721 = DIRECTION('',(-0.422618261741,-0.906307787037,-0.));
#5722 = ADVANCED_FACE('',(#5723),#5729,.T.);
#5723 = FACE_BOUND('',#5724,.T.);
#5724 = EDGE_LOOP('',(#5725,#5726,#5727,#5728));
#5725 = ORIENTED_EDGE('',*,*,#5329,.F.);
#5726 = ORIENTED_EDGE('',*,*,#5221,.F.);
#5727 = ORIENTED_EDGE('',*,*,#5362,.F.);
#5728 = ORIENTED_EDGE('',*,*,#5265,.F.);
#5729 = CYLINDRICAL_SURFACE('',#5730,0.2);
#5730 = AXIS2_PLACEMENT_3D('',#5731,#5732,#5733);
#5731 = CARTESIAN_POINT('',(2.105800194443,15.976708704422,4.6));
#5732 = DIRECTION('',(0.,0.,-1.));
#5733 = DIRECTION('',(-0.422618261741,-0.906307787037,-0.));
#5734 = ADVANCED_FACE('',(#5735),#5741,.T.);
#5735 = FACE_BOUND('',#5736,.T.);
#5736 = EDGE_LOOP('',(#5737,#5738,#5739,#5740));
#5737 = ORIENTED_EDGE('',*,*,#3698,.F.);
#5738 = ORIENTED_EDGE('',*,*,#5337,.F.);
#5739 = ORIENTED_EDGE('',*,*,#5281,.F.);
#5740 = ORIENTED_EDGE('',*,*,#5373,.F.);
#5741 = CYLINDRICAL_SURFACE('',#5742,0.2);
#5742 = AXIS2_PLACEMENT_3D('',#5743,#5744,#5745);
#5743 = CARTESIAN_POINT('',(2.22735391881,15.287343277313,4.6));
#5744 = DIRECTION('',(0.,0.,-1.));
#5745 = DIRECTION('',(-0.422618261741,-0.906307787037,-0.));
#5746 = ADVANCED_FACE('',(#5747),#5753,.T.);
#5747 = FACE_BOUND('',#5748,.T.);
#5748 = EDGE_LOOP('',(#5749,#5750,#5751,#5752));
#5749 = ORIENTED_EDGE('',*,*,#4797,.F.);
#5750 = ORIENTED_EDGE('',*,*,#4731,.F.);
#5751 = ORIENTED_EDGE('',*,*,#4830,.F.);
#5752 = ORIENTED_EDGE('',*,*,#4764,.F.);
#5753 = CYLINDRICAL_SURFACE('',#5754,0.2);
#5754 = AXIS2_PLACEMENT_3D('',#5755,#5756,#5757);
#5755 = CARTESIAN_POINT('',(-1.957722384246,13.512955652201,-4.6));
#5756 = DIRECTION('',(0.,0.,1.));
#5757 = DIRECTION('',(0.422618261741,0.906307787037,-0.));
#5758 = ADVANCED_FACE('',(#5759),#5765,.T.);
#5759 = FACE_BOUND('',#5760,.T.);
#5760 = EDGE_LOOP('',(#5761,#5762,#5763,#5764));
#5761 = ORIENTED_EDGE('',*,*,#3656,.F.);
#5762 = ORIENTED_EDGE('',*,*,#4813,.F.);
#5763 = ORIENTED_EDGE('',*,*,#4689,.F.);
#5764 = ORIENTED_EDGE('',*,*,#4839,.F.);
#5765 = CYLINDRICAL_SURFACE('',#5766,0.2);
#5766 = AXIS2_PLACEMENT_3D('',#5767,#5768,#5769);
#5767 = CARTESIAN_POINT('',(-2.301868246057,14.004446878774,-4.6));
#5768 = DIRECTION('',(0.,0.,1.));
#5769 = DIRECTION('',(0.422618261741,0.906307787037,-0.));
#5770 = ADVANCED_FACE('',(#5771),#5777,.T.);
#5771 = FACE_BOUND('',#5772,.T.);
#5772 = EDGE_LOOP('',(#5773,#5774,#5775,#5776));
#5773 = ORIENTED_EDGE('',*,*,#4624,.F.);
#5774 = ORIENTED_EDGE('',*,*,#4551,.F.);
#5775 = ORIENTED_EDGE('',*,*,#4656,.F.);
#5776 = ORIENTED_EDGE('',*,*,#4591,.F.);
#5777 = CYLINDRICAL_SURFACE('',#5778,0.2);
#5778 = AXIS2_PLACEMENT_3D('',#5779,#5780,#5781);
#5779 = CARTESIAN_POINT('',(-0.525463340571,17.813959492214,-4.6));
#5780 = DIRECTION('',(0.,0.,1.));
#5781 = DIRECTION('',(0.422618261741,0.906307787037,-0.));
#5782 = ADVANCED_FACE('',(#5783),#5789,.T.);
#5783 = FACE_BOUND('',#5784,.T.);
#5784 = EDGE_LOOP('',(#5785,#5786,#5787,#5788));
#5785 = ORIENTED_EDGE('',*,*,#4640,.F.);
#5786 = ORIENTED_EDGE('',*,*,#4507,.F.);
#5787 = ORIENTED_EDGE('',*,*,#4664,.F.);
#5788 = ORIENTED_EDGE('',*,*,#4567,.F.);
#5789 = CYLINDRICAL_SURFACE('',#5790,0.2);
#5790 = AXIS2_PLACEMENT_3D('',#5791,#5792,#5793);
#5791 = CARTESIAN_POINT('',(7.22534782836E-02,17.866252937863,-4.6));
#5792 = DIRECTION('',(0.,0.,1.));
#5793 = DIRECTION('',(0.422618261741,0.906307787037,-0.));
#5794 = ADVANCED_FACE('',(#5795),#5801,.T.);
#5795 = FACE_BOUND('',#5796,.T.);
#5796 = EDGE_LOOP('',(#5797,#5798,#5799,#5800));
#5797 = ORIENTED_EDGE('',*,*,#4468,.F.);
#5798 = ORIENTED_EDGE('',*,*,#4402,.F.);
#5799 = ORIENTED_EDGE('',*,*,#4325,.F.);
#5800 = ORIENTED_EDGE('',*,*,#4442,.F.);
#5801 = CYLINDRICAL_SURFACE('',#5802,0.2);
#5802 = AXIS2_PLACEMENT_3D('',#5803,#5804,#5805);
#5803 = CARTESIAN_POINT('',(2.483185724817,14.423084855585,-4.6));
#5804 = DIRECTION('',(0.,0.,1.));
#5805 = DIRECTION('',(0.422618261741,0.906307787037,-0.));
#5806 = ADVANCED_FACE('',(#5807),#5813,.T.);
#5807 = FACE_BOUND('',#5808,.T.);
#5808 = EDGE_LOOP('',(#5809,#5810,#5811,#5812));
#5809 = ORIENTED_EDGE('',*,*,#4484,.F.);
#5810 = ORIENTED_EDGE('',*,*,#4367,.F.);
#5811 = ORIENTED_EDGE('',*,*,#4342,.F.);
#5812 = ORIENTED_EDGE('',*,*,#4418,.F.);
#5813 = CYLINDRICAL_SURFACE('',#5814,0.2);
#5814 = AXIS2_PLACEMENT_3D('',#5815,#5816,#5817);
#5815 = CARTESIAN_POINT('',(2.229614767773,13.879300183363,-4.6));
#5816 = DIRECTION('',(0.,0.,1.));
#5817 = DIRECTION('',(0.422618261741,0.906307787037,-0.));
#5818 = ( GEOMETRIC_REPRESENTATION_CONTEXT(3) 
GLOBAL_UNCERTAINTY_ASSIGNED_CONTEXT((#5822)) 
GLOBAL_UNIT_ASSIGNED_CONTEXT((#5819,#5820,#5821)) REPRESENTATION_CONTEXT
('Context #1','3D Context with UNIT and UNCERTAINTY') );
#5819 = ( LENGTH_UNIT() NAMED_UNIT(*) SI_UNIT(.MILLI.,.METRE.) );
#5820 = ( NAMED_UNIT(*) PLANE_ANGLE_UNIT() SI_UNIT($,.RADIAN.) );
#5821 = ( NAMED_UNIT(*) SI_UNIT($,.STERADIAN.) SOLID_ANGLE_UNIT() );
#5822 = UNCERTAINTY_MEASURE_WITH_UNIT(LENGTH_MEASURE(5.E-05),#5819,
  'distance_accuracy_value','confusion accuracy');
#5823 = CONTEXT_DEPENDENT_SHAPE_REPRESENTATION(#5824,#5826);
#5824 = ( REPRESENTATION_RELATIONSHIP('','',#3638,#3244) 
REPRESENTATION_RELATIONSHIP_WITH_TRANSFORMATION(#5825) 
SHAPE_REPRESENTATION_RELATIONSHIP() );
#5825 = ITEM_DEFINED_TRANSFORMATION('','',#11,#3249);
#5826 = PRODUCT_DEFINITION_SHAPE('Placement','Placement of an item',
  #5827);
#5827 = NEXT_ASSEMBLY_USAGE_OCCURRENCE('8','Shutter_part001','',#3239,
  #3633,$);
#5828 = PRODUCT_RELATED_PRODUCT_CATEGORY('part',$,(#3635));
#5829 = SHAPE_DEFINITION_REPRESENTATION(#5830,#5836);
#5830 = PRODUCT_DEFINITION_SHAPE('','',#5831);
#5831 = PRODUCT_DEFINITION('design','',#5832,#5835);
#5832 = PRODUCT_DEFINITION_FORMATION('','',#5833);
#5833 = PRODUCT('Shutter_part002','Shutter_part002','',(#5834));
#5834 = PRODUCT_CONTEXT('',#2,'mechanical');
#5835 = PRODUCT_DEFINITION_CONTEXT('part definition',#2,'design');
#5836 = ADVANCED_BREP_SHAPE_REPRESENTATION('',(#11,#5837),#7098);
#5837 = MANIFOLD_SOLID_BREP('',#5838);
#5838 = CLOSED_SHELL('',(#5839,#5895,#5939,#5979,#6019,#6061,#6093,#6125
    ,#6167,#6217,#6248,#6289,#6339,#6370,#6416,#6448,#6480,#6513,#6538,
    #6584,#6608,#6654,#6679,#6725,#6749,#6773,#6799,#6845,#6869,#6908,
    #6977,#6995,#7013,#7025,#7037,#7049,#7061,#7073,#7085));
#5839 = ADVANCED_FACE('',(#5840),#5890,.T.);
#5840 = FACE_BOUND('',#5841,.T.);
#5841 = EDGE_LOOP('',(#5842,#5853,#5862,#5871));
#5842 = ORIENTED_EDGE('',*,*,#5843,.F.);
#5843 = EDGE_CURVE('',#5844,#5846,#5848,.T.);
#5844 = VERTEX_POINT('',#5845);
#5845 = CARTESIAN_POINT('',(-3.486681443321,14.944954900383,-4.9));
#5846 = VERTEX_POINT('',#5847);
#5847 = CARTESIAN_POINT('',(-3.146878848825,13.717957732039,-4.9));
#5848 = CIRCLE('',#5849,3.5);
#5849 = AXIS2_PLACEMENT_3D('',#5850,#5851,#5852);
#5850 = CARTESIAN_POINT('',(1.743848692206E-15,15.25,-4.9));
#5851 = DIRECTION('',(-1.600770107421E-26,-2.114461574369E-16,1.));
#5852 = DIRECTION('',(-0.996194698092,-8.715574274764E-02,
    -1.842874691849E-17));
#5853 = ORIENTED_EDGE('',*,*,#5854,.T.);
#5854 = EDGE_CURVE('',#5844,#5855,#5857,.T.);
#5855 = VERTEX_POINT('',#5856);
#5856 = CARTESIAN_POINT('',(-3.387061973512,14.953670474658,-5.));
#5857 = CIRCLE('',#5858,0.1);
#5858 = AXIS2_PLACEMENT_3D('',#5859,#5860,#5861);
#5859 = CARTESIAN_POINT('',(-3.387061973512,14.953670474658,-4.9));
#5860 = DIRECTION('',(8.715574274764E-02,-0.996194698092,
    -2.10641540969E-16));
#5861 = DIRECTION('',(-1.601392567979E-26,-2.114461574368E-16,1.));
#5862 = ORIENTED_EDGE('',*,*,#5863,.F.);
#5863 = EDGE_CURVE('',#5864,#5855,#5866,.T.);
#5864 = VERTEX_POINT('',#5865);
#5865 = CARTESIAN_POINT('',(-3.063902209639,13.776058600292,-5.));
#5866 = CIRCLE('',#5867,3.4);
#5867 = AXIS2_PLACEMENT_3D('',#5868,#5869,#5870);
#5868 = CARTESIAN_POINT('',(1.76499330795E-15,15.25,-5.));
#5869 = DIRECTION('',(1.600770107421E-26,2.114461574369E-16,-1.));
#5870 = DIRECTION('',(-0.996194698092,-8.715574274764E-02,
    -1.842874691849E-17));
#5871 = ORIENTED_EDGE('',*,*,#5872,.F.);
#5872 = EDGE_CURVE('',#5846,#5864,#5873,.T.);
#5873 = B_SPLINE_CURVE_WITH_KNOTS('',3,(#5874,#5875,#5876,#5877,#5878,
    #5879,#5880,#5881,#5882,#5883,#5884,#5885,#5886,#5887,#5888,#5889),
  .UNSPECIFIED.,.F.,.F.,(4,3,3,3,3,4),(0.,3.326472850035E-05,
    6.651815085221E-05,9.995044778443E-05,1.337834871018E-04,
    1.572341281522E-04),.UNSPECIFIED.);
#5874 = CARTESIAN_POINT('',(-3.146878848825,13.717957732039,-4.9));
#5875 = CARTESIAN_POINT('',(-3.146878848825,13.717957732039,
    -4.911088242833));
#5876 = CARTESIAN_POINT('',(-3.145304626004,13.719060014725,
    -4.922329309462));
#5877 = CARTESIAN_POINT('',(-3.142292824505,13.721168900838,
    -4.932790226258));
#5878 = CARTESIAN_POINT('',(-3.139281592943,13.723277387877,
    -4.943249163485));
#5879 = CARTESIAN_POINT('',(-3.134752184493,13.726448913818,
    -4.953215219397));
#5880 = CARTESIAN_POINT('',(-3.129088737638,13.730414501997,
    -4.961881365087));
#5881 = CARTESIAN_POINT('',(-3.123394407843,13.734401714645,
    -4.970594767523));
#5882 = CARTESIAN_POINT('',(-3.116400373869,13.739298989956,
    -4.978231889702));
#5883 = CARTESIAN_POINT('',(-3.108684475912,13.74470171987,
    -4.984191928857));
#5884 = CARTESIAN_POINT('',(-3.100876973317,13.750168592041,
    -4.990222726753));
#5885 = CARTESIAN_POINT('',(-3.092119038612,13.756300963941,
    -4.994701221965));
#5886 = CARTESIAN_POINT('',(-3.083124841716,13.762598768408,
    -4.997281220501));
#5887 = CARTESIAN_POINT('',(-3.076845460145,13.766995638719,
    -4.999082470291));
#5888 = CARTESIAN_POINT('',(-3.070352614714,13.771541978034,
    -5.000000000001));
#5889 = CARTESIAN_POINT('',(-3.063902209639,13.776058600292,-5.));
#5890 = TOROIDAL_SURFACE('',#5891,3.4,0.1);
#5891 = AXIS2_PLACEMENT_3D('',#5892,#5893,#5894);
#5892 = CARTESIAN_POINT('',(1.743848692206E-15,15.25,-4.9));
#5893 = DIRECTION('',(1.600773805207E-26,2.114461574369E-16,-1.));
#5894 = DIRECTION('',(-0.996194698092,-8.715574274764E-02,
    -1.842874691849E-17));
#5895 = ADVANCED_FACE('',(#5896),#5934,.T.);
#5896 = FACE_BOUND('',#5897,.T.);
#5897 = EDGE_LOOP('',(#5898,#5909,#5918,#5927));
#5898 = ORIENTED_EDGE('',*,*,#5899,.F.);
#5899 = EDGE_CURVE('',#5900,#5902,#5904,.T.);
#5900 = VERTEX_POINT('',#5901);
#5901 = CARTESIAN_POINT('',(2.988584094275,15.511467228243,-3.6));
#5902 = VERTEX_POINT('',#5903);
#5903 = CARTESIAN_POINT('',(-2.988584094275,14.988532771757,-3.6));
#5904 = CIRCLE('',#5905,3.);
#5905 = AXIS2_PLACEMENT_3D('',#5906,#5907,#5908);
#5906 = CARTESIAN_POINT('',(1.691013292463E-15,15.25,-3.6));
#5907 = DIRECTION('',(-1.600770107421E-26,-2.114461574369E-16,1.));
#5908 = DIRECTION('',(-0.996194698092,-8.715574274764E-02,
    -1.842874691849E-17));
#5909 = ORIENTED_EDGE('',*,*,#5910,.T.);
#5910 = EDGE_CURVE('',#5900,#5911,#5913,.T.);
#5911 = VERTEX_POINT('',#5912);
#5912 = CARTESIAN_POINT('',(3.187823033894,15.528898376793,-3.8));
#5913 = CIRCLE('',#5914,0.2);
#5914 = AXIS2_PLACEMENT_3D('',#5915,#5916,#5917);
#5915 = CARTESIAN_POINT('',(2.988584094275,15.511467228243,-3.8));
#5916 = DIRECTION('',(-8.715574274764E-02,0.996194698092,
    2.10641540969E-16));
#5917 = DIRECTION('',(0.996194698092,8.715574274764E-02,
    1.84287469185E-17));
#5918 = ORIENTED_EDGE('',*,*,#5919,.F.);
#5919 = EDGE_CURVE('',#5920,#5911,#5922,.T.);
#5920 = VERTEX_POINT('',#5921);
#5921 = CARTESIAN_POINT('',(-3.187823033894,14.971101623207,-3.8));
#5922 = CIRCLE('',#5923,3.2);
#5923 = AXIS2_PLACEMENT_3D('',#5924,#5925,#5926);
#5924 = CARTESIAN_POINT('',(1.733302523951E-15,15.25,-3.8));
#5925 = DIRECTION('',(1.600770107421E-26,2.114461574369E-16,-1.));
#5926 = DIRECTION('',(-0.996194698092,-8.715574274764E-02,
    -1.842874691849E-17));
#5927 = ORIENTED_EDGE('',*,*,#5928,.F.);
#5928 = EDGE_CURVE('',#5902,#5920,#5929,.T.);
#5929 = CIRCLE('',#5930,0.2);
#5930 = AXIS2_PLACEMENT_3D('',#5931,#5932,#5933);
#5931 = CARTESIAN_POINT('',(-2.988584094275,14.988532771757,-3.8));
#5932 = DIRECTION('',(8.715574274764E-02,-0.996194698092,
    -2.10641540969E-16));
#5933 = DIRECTION('',(-1.601392567979E-26,-2.114461574368E-16,1.));
#5934 = TOROIDAL_SURFACE('',#5935,3.,0.2);
#5935 = AXIS2_PLACEMENT_3D('',#5936,#5937,#5938);
#5936 = CARTESIAN_POINT('',(1.733302523951E-15,15.25,-3.8));
#5937 = DIRECTION('',(1.600773805207E-26,2.114461574369E-16,-1.));
#5938 = DIRECTION('',(-0.996194698092,-8.715574274764E-02,
    -1.842874691849E-17));
#5939 = ADVANCED_FACE('',(#5940),#5974,.F.);
#5940 = FACE_BOUND('',#5941,.F.);
#5941 = EDGE_LOOP('',(#5942,#5952,#5959,#5967));
#5942 = ORIENTED_EDGE('',*,*,#5943,.T.);
#5943 = EDGE_CURVE('',#5944,#5946,#5948,.T.);
#5944 = VERTEX_POINT('',#5945);
#5945 = CARTESIAN_POINT('',(-1.992389396183,15.075688514505,-4.1));
#5946 = VERTEX_POINT('',#5947);
#5947 = CARTESIAN_POINT('',(-1.494292047138,15.119266385879,-3.6));
#5948 = LINE('',#5949,#5950);
#5949 = CARTESIAN_POINT('',(-1.494292047138,15.119266385879,-3.6));
#5950 = VECTOR('',#5951,1.);
#5951 = DIRECTION('',(0.704416026403,6.162841671619E-02,0.707106781187)
  );
#5952 = ORIENTED_EDGE('',*,*,#5953,.T.);
#5953 = EDGE_CURVE('',#5946,#5902,#5954,.T.);
#5954 = CIRCLE('',#5955,0.75);
#5955 = AXIS2_PLACEMENT_3D('',#5956,#5957,#5958);
#5956 = CARTESIAN_POINT('',(-2.241438070706,15.053899578818,-3.6));
#5957 = DIRECTION('',(1.600770107421E-26,2.114461574369E-16,-1.));
#5958 = DIRECTION('',(-0.996194698092,-8.715574274764E-02,
    -1.842874691849E-17));
#5959 = ORIENTED_EDGE('',*,*,#5960,.F.);
#5960 = EDGE_CURVE('',#5961,#5902,#5963,.T.);
#5961 = VERTEX_POINT('',#5962);
#5962 = CARTESIAN_POINT('',(-2.490486745229,15.032110643131,-4.1));
#5963 = LINE('',#5964,#5965);
#5964 = CARTESIAN_POINT('',(-2.988584094275,14.988532771757,-3.6));
#5965 = VECTOR('',#5966,1.);
#5966 = DIRECTION('',(-0.704416026403,-6.162841671619E-02,0.707106781187
    ));
#5967 = ORIENTED_EDGE('',*,*,#5968,.T.);
#5968 = EDGE_CURVE('',#5961,#5944,#5969,.T.);
#5969 = CIRCLE('',#5970,0.25);
#5970 = AXIS2_PLACEMENT_3D('',#5971,#5972,#5973);
#5971 = CARTESIAN_POINT('',(-2.241438070706,15.053899578818,-4.1));
#5972 = DIRECTION('',(-1.600770107421E-26,-2.114461574369E-16,1.));
#5973 = DIRECTION('',(-0.996194698092,-8.715574274764E-02,
    -1.842874691849E-17));
#5974 = CONICAL_SURFACE('',#5975,0.75,0.785398163397);
#5975 = AXIS2_PLACEMENT_3D('',#5976,#5977,#5978);
#5976 = CARTESIAN_POINT('',(-2.241438070706,15.053899578818,-3.6));
#5977 = DIRECTION('',(-1.600773805207E-26,-2.114461574369E-16,1.));
#5978 = DIRECTION('',(0.996194698092,8.715574274764E-02,
    1.842874691849E-17));
#5979 = ADVANCED_FACE('',(#5980),#6014,.F.);
#5980 = FACE_BOUND('',#5981,.F.);
#5981 = EDGE_LOOP('',(#5982,#5990,#5999,#6007));
#5982 = ORIENTED_EDGE('',*,*,#5983,.T.);
#5983 = EDGE_CURVE('',#5984,#5900,#5986,.T.);
#5984 = VERTEX_POINT('',#5985);
#5985 = CARTESIAN_POINT('',(2.490486745229,15.467889356869,-4.1));
#5986 = LINE('',#5987,#5988);
#5987 = CARTESIAN_POINT('',(2.988584094275,15.511467228243,-3.6));
#5988 = VECTOR('',#5989,1.);
#5989 = DIRECTION('',(0.704416026403,6.162841671619E-02,0.707106781187)
  );
#5990 = ORIENTED_EDGE('',*,*,#5991,.T.);
#5991 = EDGE_CURVE('',#5900,#5992,#5994,.T.);
#5992 = VERTEX_POINT('',#5993);
#5993 = CARTESIAN_POINT('',(1.494292047138,15.380733614121,-3.6));
#5994 = CIRCLE('',#5995,0.75);
#5995 = AXIS2_PLACEMENT_3D('',#5996,#5997,#5998);
#5996 = CARTESIAN_POINT('',(2.241438070706,15.446100421182,-3.6));
#5997 = DIRECTION('',(1.600770107421E-26,2.114461574369E-16,-1.));
#5998 = DIRECTION('',(-0.996194698092,-8.715574274764E-02,
    -1.842874691849E-17));
#5999 = ORIENTED_EDGE('',*,*,#6000,.F.);
#6000 = EDGE_CURVE('',#6001,#5992,#6003,.T.);
#6001 = VERTEX_POINT('',#6002);
#6002 = CARTESIAN_POINT('',(1.992389396183,15.424311485495,-4.1));
#6003 = LINE('',#6004,#6005);
#6004 = CARTESIAN_POINT('',(1.494292047138,15.380733614121,-3.6));
#6005 = VECTOR('',#6006,1.);
#6006 = DIRECTION('',(-0.704416026403,-6.162841671619E-02,0.707106781187
    ));
#6007 = ORIENTED_EDGE('',*,*,#6008,.T.);
#6008 = EDGE_CURVE('',#6001,#5984,#6009,.T.);
#6009 = CIRCLE('',#6010,0.25);
#6010 = AXIS2_PLACEMENT_3D('',#6011,#6012,#6013);
#6011 = CARTESIAN_POINT('',(2.241438070706,15.446100421182,-4.1));
#6012 = DIRECTION('',(-1.600770107421E-26,-2.114461574369E-16,1.));
#6013 = DIRECTION('',(-0.996194698092,-8.715574274764E-02,
    -1.842874691849E-17));
#6014 = CONICAL_SURFACE('',#6015,0.75,0.785398163397);
#6015 = AXIS2_PLACEMENT_3D('',#6016,#6017,#6018);
#6016 = CARTESIAN_POINT('',(2.241438070706,15.446100421182,-3.6));
#6017 = DIRECTION('',(-1.600773805207E-26,-2.114461574369E-16,1.));
#6018 = DIRECTION('',(0.996194698092,8.715574274764E-02,
    1.842874691849E-17));
#6019 = ADVANCED_FACE('',(#6020),#6056,.F.);
#6020 = FACE_BOUND('',#6021,.F.);
#6021 = EDGE_LOOP('',(#6022,#6032,#6041,#6049));
#6022 = ORIENTED_EDGE('',*,*,#6023,.T.);
#6023 = EDGE_CURVE('',#6024,#6026,#6028,.T.);
#6024 = VERTEX_POINT('',#6025);
#6025 = CARTESIAN_POINT('',(-0.498097349046,15.206422128626,-3.6));
#6026 = VERTEX_POINT('',#6027);
#6027 = CARTESIAN_POINT('',(-0.498097349046,15.206422128626,-5.));
#6028 = LINE('',#6029,#6030);
#6029 = CARTESIAN_POINT('',(-0.498097349046,15.206422128626,-3.6));
#6030 = VECTOR('',#6031,1.);
#6031 = DIRECTION('',(1.600773805207E-26,2.114461574369E-16,-1.));
#6032 = ORIENTED_EDGE('',*,*,#6033,.F.);
#6033 = EDGE_CURVE('',#6034,#6026,#6036,.T.);
#6034 = VERTEX_POINT('',#6035);
#6035 = CARTESIAN_POINT('',(0.498097349046,15.293577871374,-5.));
#6036 = CIRCLE('',#6037,0.5);
#6037 = AXIS2_PLACEMENT_3D('',#6038,#6039,#6040);
#6038 = CARTESIAN_POINT('',(1.76499330795E-15,15.25,-5.));
#6039 = DIRECTION('',(1.600770107421E-26,2.114461574369E-16,-1.));
#6040 = DIRECTION('',(-0.996194698092,-8.715574274764E-02,
    -1.842874691849E-17));
#6041 = ORIENTED_EDGE('',*,*,#6042,.F.);
#6042 = EDGE_CURVE('',#6043,#6034,#6045,.T.);
#6043 = VERTEX_POINT('',#6044);
#6044 = CARTESIAN_POINT('',(0.498097349046,15.293577871374,-3.6));
#6045 = LINE('',#6046,#6047);
#6046 = CARTESIAN_POINT('',(0.498097349046,15.293577871374,-3.6));
#6047 = VECTOR('',#6048,1.);
#6048 = DIRECTION('',(1.600773805207E-26,2.114461574369E-16,-1.));
#6049 = ORIENTED_EDGE('',*,*,#6050,.T.);
#6050 = EDGE_CURVE('',#6043,#6024,#6051,.T.);
#6051 = CIRCLE('',#6052,0.5);
#6052 = AXIS2_PLACEMENT_3D('',#6053,#6054,#6055);
#6053 = CARTESIAN_POINT('',(1.691013292463E-15,15.25,-3.6));
#6054 = DIRECTION('',(1.600770107421E-26,2.114461574369E-16,-1.));
#6055 = DIRECTION('',(-0.996194698092,-8.715574274764E-02,
    -1.842874691849E-17));
#6056 = CYLINDRICAL_SURFACE('',#6057,0.5);
#6057 = AXIS2_PLACEMENT_3D('',#6058,#6059,#6060);
#6058 = CARTESIAN_POINT('',(1.691013292463E-15,15.25,-3.6));
#6059 = DIRECTION('',(1.600773805207E-26,2.114461574369E-16,-1.));
#6060 = DIRECTION('',(-0.996194698092,-8.715574274764E-02,
    -1.842874691849E-17));
#6061 = ADVANCED_FACE('',(#6062),#6088,.F.);
#6062 = FACE_BOUND('',#6063,.F.);
#6063 = EDGE_LOOP('',(#6064,#6072,#6081,#6087));
#6064 = ORIENTED_EDGE('',*,*,#6065,.T.);
#6065 = EDGE_CURVE('',#6001,#6066,#6068,.T.);
#6066 = VERTEX_POINT('',#6067);
#6067 = CARTESIAN_POINT('',(1.992389396183,15.424311485495,-5.));
#6068 = LINE('',#6069,#6070);
#6069 = CARTESIAN_POINT('',(1.992389396183,15.424311485495,-3.6));
#6070 = VECTOR('',#6071,1.);
#6071 = DIRECTION('',(1.600773805207E-26,2.114461574369E-16,-1.));
#6072 = ORIENTED_EDGE('',*,*,#6073,.F.);
#6073 = EDGE_CURVE('',#6074,#6066,#6076,.T.);
#6074 = VERTEX_POINT('',#6075);
#6075 = CARTESIAN_POINT('',(2.490486745229,15.467889356869,-5.));
#6076 = CIRCLE('',#6077,0.25);
#6077 = AXIS2_PLACEMENT_3D('',#6078,#6079,#6080);
#6078 = CARTESIAN_POINT('',(2.241438070706,15.446100421182,-5.));
#6079 = DIRECTION('',(1.600770107421E-26,2.114461574369E-16,-1.));
#6080 = DIRECTION('',(0.996194698092,8.715574274764E-02,
    1.842874691849E-17));
#6081 = ORIENTED_EDGE('',*,*,#6082,.F.);
#6082 = EDGE_CURVE('',#5984,#6074,#6083,.T.);
#6083 = LINE('',#6084,#6085);
#6084 = CARTESIAN_POINT('',(2.490486745229,15.467889356869,-3.6));
#6085 = VECTOR('',#6086,1.);
#6086 = DIRECTION('',(1.600773805207E-26,2.114461574369E-16,-1.));
#6087 = ORIENTED_EDGE('',*,*,#6008,.F.);
#6088 = CYLINDRICAL_SURFACE('',#6089,0.25);
#6089 = AXIS2_PLACEMENT_3D('',#6090,#6091,#6092);
#6090 = CARTESIAN_POINT('',(2.241438070706,15.446100421182,-3.6));
#6091 = DIRECTION('',(1.600773805207E-26,2.114461574369E-16,-1.));
#6092 = DIRECTION('',(-0.996194698092,-8.715574274764E-02,
    -1.842874691849E-17));
#6093 = ADVANCED_FACE('',(#6094),#6120,.F.);
#6094 = FACE_BOUND('',#6095,.F.);
#6095 = EDGE_LOOP('',(#6096,#6104,#6113,#6119));
#6096 = ORIENTED_EDGE('',*,*,#6097,.T.);
#6097 = EDGE_CURVE('',#5961,#6098,#6100,.T.);
#6098 = VERTEX_POINT('',#6099);
#6099 = CARTESIAN_POINT('',(-2.490486745229,15.032110643131,-5.));
#6100 = LINE('',#6101,#6102);
#6101 = CARTESIAN_POINT('',(-2.490486745229,15.032110643131,-3.6));
#6102 = VECTOR('',#6103,1.);
#6103 = DIRECTION('',(1.600773805207E-26,2.114461574369E-16,-1.));
#6104 = ORIENTED_EDGE('',*,*,#6105,.F.);
#6105 = EDGE_CURVE('',#6106,#6098,#6108,.T.);
#6106 = VERTEX_POINT('',#6107);
#6107 = CARTESIAN_POINT('',(-1.992389396183,15.075688514505,-5.));
#6108 = CIRCLE('',#6109,0.25);
#6109 = AXIS2_PLACEMENT_3D('',#6110,#6111,#6112);
#6110 = CARTESIAN_POINT('',(-2.241438070706,15.053899578818,-5.));
#6111 = DIRECTION('',(1.600770107421E-26,2.114461574369E-16,-1.));
#6112 = DIRECTION('',(-0.996194698092,-8.715574274764E-02,
    -1.842874691849E-17));
#6113 = ORIENTED_EDGE('',*,*,#6114,.F.);
#6114 = EDGE_CURVE('',#5944,#6106,#6115,.T.);
#6115 = LINE('',#6116,#6117);
#6116 = CARTESIAN_POINT('',(-1.992389396183,15.075688514505,-3.6));
#6117 = VECTOR('',#6118,1.);
#6118 = DIRECTION('',(1.600773805207E-26,2.114461574369E-16,-1.));
#6119 = ORIENTED_EDGE('',*,*,#5968,.F.);
#6120 = CYLINDRICAL_SURFACE('',#6121,0.25);
#6121 = AXIS2_PLACEMENT_3D('',#6122,#6123,#6124);
#6122 = CARTESIAN_POINT('',(-2.241438070706,15.053899578818,-3.6));
#6123 = DIRECTION('',(1.600773805207E-26,2.114461574369E-16,-1.));
#6124 = DIRECTION('',(-0.996194698092,-8.715574274764E-02,
    -1.842874691849E-17));
#6125 = ADVANCED_FACE('',(#6126),#6162,.T.);
#6126 = FACE_BOUND('',#6127,.T.);
#6127 = EDGE_LOOP('',(#6128,#6139,#6147,#6156));
#6128 = ORIENTED_EDGE('',*,*,#6129,.T.);
#6129 = EDGE_CURVE('',#6130,#6132,#6134,.T.);
#6130 = VERTEX_POINT('',#6131);
#6131 = CARTESIAN_POINT('',(3.365107036053,14.287682674007,-4.9));
#6132 = VERTEX_POINT('',#6133);
#6133 = CARTESIAN_POINT('',(3.486681443321,15.555045099617,-4.9));
#6134 = CIRCLE('',#6135,3.5);
#6135 = AXIS2_PLACEMENT_3D('',#6136,#6137,#6138);
#6136 = CARTESIAN_POINT('',(1.743848692206E-15,15.25,-4.9));
#6137 = DIRECTION('',(-1.600771031868E-26,-2.114461574369E-16,1.));
#6138 = DIRECTION('',(-0.996194698092,-8.715574274763E-02,
    -1.842874691849E-17));
#6139 = ORIENTED_EDGE('',*,*,#6140,.T.);
#6140 = EDGE_CURVE('',#6132,#6141,#6143,.T.);
#6141 = VERTEX_POINT('',#6142);
#6142 = CARTESIAN_POINT('',(3.486681443321,15.555045099617,-4.3));
#6143 = LINE('',#6144,#6145);
#6144 = CARTESIAN_POINT('',(3.486681443321,15.555045099617,-5.));
#6145 = VECTOR('',#6146,1.);
#6146 = DIRECTION('',(-1.600773805207E-26,-2.114461574369E-16,1.));
#6147 = ORIENTED_EDGE('',*,*,#6148,.T.);
#6148 = EDGE_CURVE('',#6141,#6149,#6151,.T.);
#6149 = VERTEX_POINT('',#6150);
#6150 = CARTESIAN_POINT('',(3.365107036053,14.287682674007,-4.3));
#6151 = CIRCLE('',#6152,3.5);
#6152 = AXIS2_PLACEMENT_3D('',#6153,#6154,#6155);
#6153 = CARTESIAN_POINT('',(1.616980997744E-15,15.25,-4.3));
#6154 = DIRECTION('',(1.600770107421E-26,2.114461574369E-16,-1.));
#6155 = DIRECTION('',(-0.996194698092,-8.715574274764E-02,
    -1.842874691849E-17));
#6156 = ORIENTED_EDGE('',*,*,#6157,.F.);
#6157 = EDGE_CURVE('',#6130,#6149,#6158,.T.);
#6158 = LINE('',#6159,#6160);
#6159 = CARTESIAN_POINT('',(3.365107036053,14.287682674007,-5.));
#6160 = VECTOR('',#6161,1.);
#6161 = DIRECTION('',(-1.600773805207E-26,-2.114461574369E-16,1.));
#6162 = CYLINDRICAL_SURFACE('',#6163,3.5);
#6163 = AXIS2_PLACEMENT_3D('',#6164,#6165,#6166);
#6164 = CARTESIAN_POINT('',(1.76499330795E-15,15.25,-5.));
#6165 = DIRECTION('',(-1.600773805207E-26,-2.114461574369E-16,1.));
#6166 = DIRECTION('',(0.996194698092,8.715574274764E-02,
    1.842874691849E-17));
#6167 = ADVANCED_FACE('',(#6168),#6212,.T.);
#6168 = FACE_BOUND('',#6169,.T.);
#6169 = EDGE_LOOP('',(#6170,#6181,#6187,#6188,#6196,#6205));
#6170 = ORIENTED_EDGE('',*,*,#6171,.F.);
#6171 = EDGE_CURVE('',#6172,#6174,#6176,.T.);
#6172 = VERTEX_POINT('',#6173);
#6173 = CARTESIAN_POINT('',(-3.187823033894,14.971101623207,-4.3));
#6174 = VERTEX_POINT('',#6175);
#6175 = CARTESIAN_POINT('',(-0.822655108913,18.342448636886,-4.3));
#6176 = CIRCLE('',#6177,3.2);
#6177 = AXIS2_PLACEMENT_3D('',#6178,#6179,#6180);
#6178 = CARTESIAN_POINT('',(1.616980997744E-15,15.25,-4.3));
#6179 = DIRECTION('',(1.600770107421E-26,2.114461574369E-16,-1.));
#6180 = DIRECTION('',(-0.996194698092,-8.715574274764E-02,
    -1.842874691849E-17));
#6181 = ORIENTED_EDGE('',*,*,#6182,.T.);
#6182 = EDGE_CURVE('',#6172,#5920,#6183,.T.);
#6183 = LINE('',#6184,#6185);
#6184 = CARTESIAN_POINT('',(-3.187823033894,14.971101623207,-4.3));
#6185 = VECTOR('',#6186,1.);
#6186 = DIRECTION('',(-1.600773805207E-26,-2.114461574369E-16,1.));
#6187 = ORIENTED_EDGE('',*,*,#5919,.T.);
#6188 = ORIENTED_EDGE('',*,*,#6189,.F.);
#6189 = EDGE_CURVE('',#6190,#5911,#6192,.T.);
#6190 = VERTEX_POINT('',#6191);
#6191 = CARTESIAN_POINT('',(3.187823033894,15.528898376793,-4.3));
#6192 = LINE('',#6193,#6194);
#6193 = CARTESIAN_POINT('',(3.187823033894,15.528898376793,-4.3));
#6194 = VECTOR('',#6195,1.);
#6195 = DIRECTION('',(-1.600773805207E-26,-2.114461574369E-16,1.));
#6196 = ORIENTED_EDGE('',*,*,#6197,.F.);
#6197 = EDGE_CURVE('',#6198,#6190,#6200,.T.);
#6198 = VERTEX_POINT('',#6199);
#6199 = CARTESIAN_POINT('',(0.273159058988,18.438319953909,-4.3));
#6200 = CIRCLE('',#6201,3.2);
#6201 = AXIS2_PLACEMENT_3D('',#6202,#6203,#6204);
#6202 = CARTESIAN_POINT('',(1.616980997744E-15,15.25,-4.3));
#6203 = DIRECTION('',(1.600770107421E-26,2.114461574369E-16,-1.));
#6204 = DIRECTION('',(-0.996194698092,-8.715574274764E-02,
    -1.842874691849E-17));
#6205 = ORIENTED_EDGE('',*,*,#6206,.F.);
#6206 = EDGE_CURVE('',#6174,#6198,#6207,.T.);
#6207 = CIRCLE('',#6208,3.2);
#6208 = AXIS2_PLACEMENT_3D('',#6209,#6210,#6211);
#6209 = CARTESIAN_POINT('',(1.616980997744E-15,15.25,-4.3));
#6210 = DIRECTION('',(1.600770107421E-26,2.114461574369E-16,-1.));
#6211 = DIRECTION('',(-0.996194698092,-8.715574274764E-02,
    -1.842874691849E-17));
#6212 = CYLINDRICAL_SURFACE('',#6213,3.2);
#6213 = AXIS2_PLACEMENT_3D('',#6214,#6215,#6216);
#6214 = CARTESIAN_POINT('',(1.616980997744E-15,15.25,-4.3));
#6215 = DIRECTION('',(-1.600773805207E-26,-2.114461574369E-16,1.));
#6216 = DIRECTION('',(0.996194698092,8.715574274764E-02,
    1.842874691849E-17));
#6217 = ADVANCED_FACE('',(#6218),#6243,.T.);
#6218 = FACE_BOUND('',#6219,.T.);
#6219 = EDGE_LOOP('',(#6220,#6228,#6236,#6242));
#6220 = ORIENTED_EDGE('',*,*,#6221,.F.);
#6221 = EDGE_CURVE('',#6222,#6198,#6224,.T.);
#6222 = VERTEX_POINT('',#6223);
#6223 = CARTESIAN_POINT('',(0.356164449906,17.489563994313,-4.3));
#6224 = LINE('',#6225,#6226);
#6225 = CARTESIAN_POINT('',(0.246651900687,18.741298159695,-4.3));
#6226 = VECTOR('',#6227,1.);
#6227 = DIRECTION('',(-8.715574274764E-02,0.996194698092,
    2.10641540969E-16));
#6228 = ORIENTED_EDGE('',*,*,#6229,.F.);
#6229 = EDGE_CURVE('',#6230,#6222,#6232,.T.);
#6230 = VERTEX_POINT('',#6231);
#6231 = CARTESIAN_POINT('',(-0.739649717995,17.393692677291,-4.3));
#6232 = LINE('',#6233,#6234);
#6233 = CARTESIAN_POINT('',(0.356164449906,17.489563994313,-4.3));
#6234 = VECTOR('',#6235,1.);
#6235 = DIRECTION('',(0.996194698092,8.715574274764E-02,
    1.84287469185E-17));
#6236 = ORIENTED_EDGE('',*,*,#6237,.F.);
#6237 = EDGE_CURVE('',#6174,#6230,#6238,.T.);
#6238 = LINE('',#6239,#6240);
#6239 = CARTESIAN_POINT('',(-0.849162267214,18.645426842672,-4.3));
#6240 = VECTOR('',#6241,1.);
#6241 = DIRECTION('',(8.715574274764E-02,-0.996194698092,
    -2.10641540969E-16));
#6242 = ORIENTED_EDGE('',*,*,#6206,.T.);
#6243 = PLANE('',#6244);
#6244 = AXIS2_PLACEMENT_3D('',#6245,#6246,#6247);
#6245 = CARTESIAN_POINT('',(1.616980997744E-15,15.25,-4.3));
#6246 = DIRECTION('',(1.600773805207E-26,2.114461574369E-16,-1.));
#6247 = DIRECTION('',(-0.996194698092,-8.715574274764E-02,
    -1.842874691849E-17));
#6248 = ADVANCED_FACE('',(#6249),#6284,.T.);
#6249 = FACE_BOUND('',#6250,.T.);
#6250 = EDGE_LOOP('',(#6251,#6261,#6269,#6277));
#6251 = ORIENTED_EDGE('',*,*,#6252,.F.);
#6252 = EDGE_CURVE('',#6253,#6255,#6257,.T.);
#6253 = VERTEX_POINT('',#6254);
#6254 = CARTESIAN_POINT('',(-2.117601537429,14.438665464387,-4.3));
#6255 = VERTEX_POINT('',#6256);
#6256 = CARTESIAN_POINT('',(-2.897745604972,13.892402707403,-4.3));
#6257 = LINE('',#6258,#6259);
#6258 = CARTESIAN_POINT('',(-3.146878848825,13.717957732039,-4.3));
#6259 = VECTOR('',#6260,1.);
#6260 = DIRECTION('',(-0.819152044289,-0.573576436351,
    -1.212805334759E-16));
#6261 = ORIENTED_EDGE('',*,*,#6262,.F.);
#6262 = EDGE_CURVE('',#6263,#6253,#6265,.T.);
#6263 = VERTEX_POINT('',#6264);
#6264 = CARTESIAN_POINT('',(-1.486667457443,13.537598215669,-4.3));
#6265 = LINE('',#6266,#6267);
#6266 = CARTESIAN_POINT('',(-2.117601537429,14.438665464387,-4.3));
#6267 = VECTOR('',#6268,1.);
#6268 = DIRECTION('',(-0.573576436351,0.819152044289,1.732065521123E-16)
  );
#6269 = ORIENTED_EDGE('',*,*,#6270,.F.);
#6270 = EDGE_CURVE('',#6271,#6263,#6273,.T.);
#6271 = VERTEX_POINT('',#6272);
#6272 = CARTESIAN_POINT('',(-2.266811524986,12.991335458685,-4.3));
#6273 = LINE('',#6274,#6275);
#6274 = CARTESIAN_POINT('',(-2.515944768839,12.816890483321,-4.3));
#6275 = VECTOR('',#6276,1.);
#6276 = DIRECTION('',(0.819152044289,0.573576436351,1.212805334759E-16)
  );
#6277 = ORIENTED_EDGE('',*,*,#6278,.T.);
#6278 = EDGE_CURVE('',#6271,#6255,#6279,.T.);
#6279 = CIRCLE('',#6280,3.2);
#6280 = AXIS2_PLACEMENT_3D('',#6281,#6282,#6283);
#6281 = CARTESIAN_POINT('',(1.616980997744E-15,15.25,-4.3));
#6282 = DIRECTION('',(1.600770107421E-26,2.114461574369E-16,-1.));
#6283 = DIRECTION('',(-0.996194698092,-8.715574274764E-02,
    -1.842874691849E-17));
#6284 = PLANE('',#6285);
#6285 = AXIS2_PLACEMENT_3D('',#6286,#6287,#6288);
#6286 = CARTESIAN_POINT('',(1.616980997744E-15,15.25,-4.3));
#6287 = DIRECTION('',(1.600773805207E-26,2.114461574369E-16,-1.));
#6288 = DIRECTION('',(-0.996194698092,-8.715574274764E-02,
    -1.842874691849E-17));
#6289 = ADVANCED_FACE('',(#6290),#6334,.T.);
#6290 = FACE_BOUND('',#6291,.T.);
#6291 = EDGE_LOOP('',(#6292,#6293,#6300,#6301,#6310,#6319,#6326,#6327));
#6292 = ORIENTED_EDGE('',*,*,#6182,.F.);
#6293 = ORIENTED_EDGE('',*,*,#6294,.F.);
#6294 = EDGE_CURVE('',#6255,#6172,#6295,.T.);
#6295 = CIRCLE('',#6296,3.2);
#6296 = AXIS2_PLACEMENT_3D('',#6297,#6298,#6299);
#6297 = CARTESIAN_POINT('',(1.616980997744E-15,15.25,-4.3));
#6298 = DIRECTION('',(1.600770107421E-26,2.114461574369E-16,-1.));
#6299 = DIRECTION('',(-0.996194698092,-8.715574274764E-02,
    -1.842874691849E-17));
#6300 = ORIENTED_EDGE('',*,*,#6278,.F.);
#6301 = ORIENTED_EDGE('',*,*,#6302,.F.);
#6302 = EDGE_CURVE('',#6303,#6271,#6305,.T.);
#6303 = VERTEX_POINT('',#6304);
#6304 = CARTESIAN_POINT('',(2.624586545984,13.419277338688,-4.3));
#6305 = CIRCLE('',#6306,3.2);
#6306 = AXIS2_PLACEMENT_3D('',#6307,#6308,#6309);
#6307 = CARTESIAN_POINT('',(1.616980997744E-15,15.25,-4.3));
#6308 = DIRECTION('',(1.600770107421E-26,2.114461574369E-16,-1.));
#6309 = DIRECTION('',(-0.996194698092,-8.715574274764E-02,
    -1.842874691849E-17));
#6310 = ORIENTED_EDGE('',*,*,#6311,.F.);
#6311 = EDGE_CURVE('',#6312,#6303,#6314,.T.);
#6312 = VERTEX_POINT('',#6313);
#6313 = CARTESIAN_POINT('',(3.089466633898,14.416215904428,-4.3));
#6314 = CIRCLE('',#6315,3.2);
#6315 = AXIS2_PLACEMENT_3D('',#6316,#6317,#6318);
#6316 = CARTESIAN_POINT('',(1.616980997744E-15,15.25,-4.3));
#6317 = DIRECTION('',(1.600770107421E-26,2.114461574369E-16,-1.));
#6318 = DIRECTION('',(-0.996194698092,-8.715574274764E-02,
    -1.842874691849E-17));
#6319 = ORIENTED_EDGE('',*,*,#6320,.F.);
#6320 = EDGE_CURVE('',#6190,#6312,#6321,.T.);
#6321 = CIRCLE('',#6322,3.2);
#6322 = AXIS2_PLACEMENT_3D('',#6323,#6324,#6325);
#6323 = CARTESIAN_POINT('',(1.616980997744E-15,15.25,-4.3));
#6324 = DIRECTION('',(1.600770107421E-26,2.114461574369E-16,-1.));
#6325 = DIRECTION('',(-0.996194698092,-8.715574274764E-02,
    -1.842874691849E-17));
#6326 = ORIENTED_EDGE('',*,*,#6189,.T.);
#6327 = ORIENTED_EDGE('',*,*,#6328,.T.);
#6328 = EDGE_CURVE('',#5911,#5920,#6329,.T.);
#6329 = CIRCLE('',#6330,3.2);
#6330 = AXIS2_PLACEMENT_3D('',#6331,#6332,#6333);
#6331 = CARTESIAN_POINT('',(1.733302523951E-15,15.25,-3.8));
#6332 = DIRECTION('',(1.600770107421E-26,2.114461574369E-16,-1.));
#6333 = DIRECTION('',(-0.996194698092,-8.715574274764E-02,
    -1.842874691849E-17));
#6334 = CYLINDRICAL_SURFACE('',#6335,3.2);
#6335 = AXIS2_PLACEMENT_3D('',#6336,#6337,#6338);
#6336 = CARTESIAN_POINT('',(1.616980997744E-15,15.25,-4.3));
#6337 = DIRECTION('',(-1.600773805207E-26,-2.114461574369E-16,1.));
#6338 = DIRECTION('',(0.996194698092,8.715574274764E-02,
    1.842874691849E-17));
#6339 = ADVANCED_FACE('',(#6340),#6365,.T.);
#6340 = FACE_BOUND('',#6341,.T.);
#6341 = EDGE_LOOP('',(#6342,#6350,#6358,#6364));
#6342 = ORIENTED_EDGE('',*,*,#6343,.F.);
#6343 = EDGE_CURVE('',#6344,#6303,#6346,.T.);
#6344 = VERTEX_POINT('',#6345);
#6345 = CARTESIAN_POINT('',(1.761437087523,13.8217705413,-4.3));
#6346 = LINE('',#6347,#6348);
#6347 = CARTESIAN_POINT('',(2.900226948138,13.290744108266,-4.3));
#6348 = VECTOR('',#6349,1.);
#6349 = DIRECTION('',(0.906307787037,-0.422618261741,-8.936100749319E-17
    ));
#6350 = ORIENTED_EDGE('',*,*,#6351,.F.);
#6351 = EDGE_CURVE('',#6352,#6344,#6354,.T.);
#6352 = VERTEX_POINT('',#6353);
#6353 = CARTESIAN_POINT('',(2.226317175438,14.818709107041,-4.3));
#6354 = LINE('',#6355,#6356);
#6355 = CARTESIAN_POINT('',(1.761437087523,13.8217705413,-4.3));
#6356 = VECTOR('',#6357,1.);
#6357 = DIRECTION('',(-0.422618261741,-0.906307787037,
    -1.916352990307E-16));
#6358 = ORIENTED_EDGE('',*,*,#6359,.F.);
#6359 = EDGE_CURVE('',#6312,#6352,#6360,.T.);
#6360 = LINE('',#6361,#6362);
#6361 = CARTESIAN_POINT('',(3.365107036053,14.287682674007,-4.3));
#6362 = VECTOR('',#6363,1.);
#6363 = DIRECTION('',(-0.906307787037,0.422618261741,8.936100749319E-17)
  );
#6364 = ORIENTED_EDGE('',*,*,#6311,.T.);
#6365 = PLANE('',#6366);
#6366 = AXIS2_PLACEMENT_3D('',#6367,#6368,#6369);
#6367 = CARTESIAN_POINT('',(1.616980997744E-15,15.25,-4.3));
#6368 = DIRECTION('',(1.600773805207E-26,2.114461574369E-16,-1.));
#6369 = DIRECTION('',(-0.996194698092,-8.715574274764E-02,
    -1.842874691849E-17));
#6370 = ADVANCED_FACE('',(#6371,#6381,#6391,#6401),#6411,.F.);
#6371 = FACE_BOUND('',#6372,.F.);
#6372 = EDGE_LOOP('',(#6373,#6380));
#6373 = ORIENTED_EDGE('',*,*,#6374,.F.);
#6374 = EDGE_CURVE('',#5992,#5900,#6375,.T.);
#6375 = CIRCLE('',#6376,0.75);
#6376 = AXIS2_PLACEMENT_3D('',#6377,#6378,#6379);
#6377 = CARTESIAN_POINT('',(2.241438070706,15.446100421182,-3.6));
#6378 = DIRECTION('',(1.600770107421E-26,2.114461574369E-16,-1.));
#6379 = DIRECTION('',(-0.996194698092,-8.715574274764E-02,
    -1.842874691849E-17));
#6380 = ORIENTED_EDGE('',*,*,#5991,.F.);
#6381 = FACE_BOUND('',#6382,.F.);
#6382 = EDGE_LOOP('',(#6383,#6384));
#6383 = ORIENTED_EDGE('',*,*,#5953,.F.);
#6384 = ORIENTED_EDGE('',*,*,#6385,.F.);
#6385 = EDGE_CURVE('',#5902,#5946,#6386,.T.);
#6386 = CIRCLE('',#6387,0.75);
#6387 = AXIS2_PLACEMENT_3D('',#6388,#6389,#6390);
#6388 = CARTESIAN_POINT('',(-2.241438070706,15.053899578818,-3.6));
#6389 = DIRECTION('',(1.600770107421E-26,2.114461574369E-16,-1.));
#6390 = DIRECTION('',(-0.996194698092,-8.715574274764E-02,
    -1.842874691849E-17));
#6391 = FACE_BOUND('',#6392,.F.);
#6392 = EDGE_LOOP('',(#6393,#6394));
#6393 = ORIENTED_EDGE('',*,*,#5899,.F.);
#6394 = ORIENTED_EDGE('',*,*,#6395,.F.);
#6395 = EDGE_CURVE('',#5902,#5900,#6396,.T.);
#6396 = CIRCLE('',#6397,3.);
#6397 = AXIS2_PLACEMENT_3D('',#6398,#6399,#6400);
#6398 = CARTESIAN_POINT('',(1.691013292463E-15,15.25,-3.6));
#6399 = DIRECTION('',(-1.600770107421E-26,-2.114461574369E-16,1.));
#6400 = DIRECTION('',(-0.996194698092,-8.715574274764E-02,
    -1.842874691849E-17));
#6401 = FACE_BOUND('',#6402,.T.);
#6402 = EDGE_LOOP('',(#6403,#6410));
#6403 = ORIENTED_EDGE('',*,*,#6404,.T.);
#6404 = EDGE_CURVE('',#6024,#6043,#6405,.T.);
#6405 = CIRCLE('',#6406,0.5);
#6406 = AXIS2_PLACEMENT_3D('',#6407,#6408,#6409);
#6407 = CARTESIAN_POINT('',(1.691013292463E-15,15.25,-3.6));
#6408 = DIRECTION('',(1.600770107421E-26,2.114461574369E-16,-1.));
#6409 = DIRECTION('',(-0.996194698092,-8.715574274764E-02,
    -1.842874691849E-17));
#6410 = ORIENTED_EDGE('',*,*,#6050,.T.);
#6411 = PLANE('',#6412);
#6412 = AXIS2_PLACEMENT_3D('',#6413,#6414,#6415);
#6413 = CARTESIAN_POINT('',(1.691013292463E-15,15.25,-3.6));
#6414 = DIRECTION('',(1.600773805207E-26,2.114461574369E-16,-1.));
#6415 = DIRECTION('',(-0.996194698092,-8.715574274764E-02,
    -1.842874691849E-17));
#6416 = ADVANCED_FACE('',(#6417),#6443,.F.);
#6417 = FACE_BOUND('',#6418,.T.);
#6418 = EDGE_LOOP('',(#6419,#6427,#6428,#6429,#6435,#6436));
#6419 = ORIENTED_EDGE('',*,*,#6420,.F.);
#6420 = EDGE_CURVE('',#6198,#6421,#6423,.T.);
#6421 = VERTEX_POINT('',#6422);
#6422 = CARTESIAN_POINT('',(0.246651900687,18.741298159695,-4.3));
#6423 = LINE('',#6424,#6425);
#6424 = CARTESIAN_POINT('',(0.246651900687,18.741298159695,-4.3));
#6425 = VECTOR('',#6426,1.);
#6426 = DIRECTION('',(-8.715574274764E-02,0.996194698092,
    2.10641540969E-16));
#6427 = ORIENTED_EDGE('',*,*,#6197,.T.);
#6428 = ORIENTED_EDGE('',*,*,#6320,.T.);
#6429 = ORIENTED_EDGE('',*,*,#6430,.F.);
#6430 = EDGE_CURVE('',#6149,#6312,#6431,.T.);
#6431 = LINE('',#6432,#6433);
#6432 = CARTESIAN_POINT('',(3.365107036053,14.287682674007,-4.3));
#6433 = VECTOR('',#6434,1.);
#6434 = DIRECTION('',(-0.906307787037,0.422618261741,8.936100749319E-17)
  );
#6435 = ORIENTED_EDGE('',*,*,#6148,.F.);
#6436 = ORIENTED_EDGE('',*,*,#6437,.F.);
#6437 = EDGE_CURVE('',#6421,#6141,#6438,.T.);
#6438 = CIRCLE('',#6439,3.5);
#6439 = AXIS2_PLACEMENT_3D('',#6440,#6441,#6442);
#6440 = CARTESIAN_POINT('',(1.616980997744E-15,15.25,-4.3));
#6441 = DIRECTION('',(1.600770107421E-26,2.114461574369E-16,-1.));
#6442 = DIRECTION('',(-0.996194698092,-8.715574274764E-02,
    -1.842874691849E-17));
#6443 = PLANE('',#6444);
#6444 = AXIS2_PLACEMENT_3D('',#6445,#6446,#6447);
#6445 = CARTESIAN_POINT('',(1.616980997744E-15,15.25,-4.3));
#6446 = DIRECTION('',(1.600773805207E-26,2.114461574369E-16,-1.));
#6447 = DIRECTION('',(-0.996194698092,-8.715574274764E-02,
    -1.842874691849E-17));
#6448 = ADVANCED_FACE('',(#6449),#6475,.F.);
#6449 = FACE_BOUND('',#6450,.T.);
#6450 = EDGE_LOOP('',(#6451,#6459,#6460,#6468));
#6451 = ORIENTED_EDGE('',*,*,#6452,.F.);
#6452 = EDGE_CURVE('',#6303,#6453,#6455,.T.);
#6453 = VERTEX_POINT('',#6454);
#6454 = CARTESIAN_POINT('',(2.900226948138,13.290744108266,-4.3));
#6455 = LINE('',#6456,#6457);
#6456 = CARTESIAN_POINT('',(2.900226948138,13.290744108266,-4.3));
#6457 = VECTOR('',#6458,1.);
#6458 = DIRECTION('',(0.906307787037,-0.422618261741,-8.936100749319E-17
    ));
#6459 = ORIENTED_EDGE('',*,*,#6302,.T.);
#6460 = ORIENTED_EDGE('',*,*,#6461,.F.);
#6461 = EDGE_CURVE('',#6462,#6271,#6464,.T.);
#6462 = VERTEX_POINT('',#6463);
#6463 = CARTESIAN_POINT('',(-2.515944768839,12.816890483321,-4.3));
#6464 = LINE('',#6465,#6466);
#6465 = CARTESIAN_POINT('',(-2.515944768839,12.816890483321,-4.3));
#6466 = VECTOR('',#6467,1.);
#6467 = DIRECTION('',(0.819152044289,0.573576436351,1.212805334759E-16)
  );
#6468 = ORIENTED_EDGE('',*,*,#6469,.F.);
#6469 = EDGE_CURVE('',#6453,#6462,#6470,.T.);
#6470 = CIRCLE('',#6471,3.5);
#6471 = AXIS2_PLACEMENT_3D('',#6472,#6473,#6474);
#6472 = CARTESIAN_POINT('',(1.616980997744E-15,15.25,-4.3));
#6473 = DIRECTION('',(1.600770107421E-26,2.114461574369E-16,-1.));
#6474 = DIRECTION('',(-0.996194698092,-8.715574274764E-02,
    -1.842874691849E-17));
#6475 = PLANE('',#6476);
#6476 = AXIS2_PLACEMENT_3D('',#6477,#6478,#6479);
#6477 = CARTESIAN_POINT('',(1.616980997744E-15,15.25,-4.3));
#6478 = DIRECTION('',(1.600773805207E-26,2.114461574369E-16,-1.));
#6479 = DIRECTION('',(-0.996194698092,-8.715574274764E-02,
    -1.842874691849E-17));
#6480 = ADVANCED_FACE('',(#6481),#6508,.F.);
#6481 = FACE_BOUND('',#6482,.T.);
#6482 = EDGE_LOOP('',(#6483,#6491,#6492,#6493,#6501));
#6483 = ORIENTED_EDGE('',*,*,#6484,.F.);
#6484 = EDGE_CURVE('',#6255,#6485,#6487,.T.);
#6485 = VERTEX_POINT('',#6486);
#6486 = CARTESIAN_POINT('',(-3.146878848825,13.717957732039,-4.3));
#6487 = LINE('',#6488,#6489);
#6488 = CARTESIAN_POINT('',(-3.146878848825,13.717957732039,-4.3));
#6489 = VECTOR('',#6490,1.);
#6490 = DIRECTION('',(-0.819152044289,-0.573576436351,
    -1.212805334759E-16));
#6491 = ORIENTED_EDGE('',*,*,#6294,.T.);
#6492 = ORIENTED_EDGE('',*,*,#6171,.T.);
#6493 = ORIENTED_EDGE('',*,*,#6494,.F.);
#6494 = EDGE_CURVE('',#6495,#6174,#6497,.T.);
#6495 = VERTEX_POINT('',#6496);
#6496 = CARTESIAN_POINT('',(-0.849162267214,18.645426842672,-4.3));
#6497 = LINE('',#6498,#6499);
#6498 = CARTESIAN_POINT('',(-0.849162267214,18.645426842672,-4.3));
#6499 = VECTOR('',#6500,1.);
#6500 = DIRECTION('',(8.715574274764E-02,-0.996194698092,
    -2.10641540969E-16));
#6501 = ORIENTED_EDGE('',*,*,#6502,.F.);
#6502 = EDGE_CURVE('',#6485,#6495,#6503,.T.);
#6503 = CIRCLE('',#6504,3.5);
#6504 = AXIS2_PLACEMENT_3D('',#6505,#6506,#6507);
#6505 = CARTESIAN_POINT('',(1.616980997744E-15,15.25,-4.3));
#6506 = DIRECTION('',(1.600770107421E-26,2.114461574369E-16,-1.));
#6507 = DIRECTION('',(-0.996194698092,-8.715574274764E-02,
    -1.842874691849E-17));
#6508 = PLANE('',#6509);
#6509 = AXIS2_PLACEMENT_3D('',#6510,#6511,#6512);
#6510 = CARTESIAN_POINT('',(1.616980997744E-15,15.25,-4.3));
#6511 = DIRECTION('',(1.600773805207E-26,2.114461574369E-16,-1.));
#6512 = DIRECTION('',(-0.996194698092,-8.715574274764E-02,
    -1.842874691849E-17));
#6513 = ADVANCED_FACE('',(#6514),#6533,.T.);
#6514 = FACE_BOUND('',#6515,.T.);
#6515 = EDGE_LOOP('',(#6516,#6517,#6526,#6532));
#6516 = ORIENTED_EDGE('',*,*,#6140,.F.);
#6517 = ORIENTED_EDGE('',*,*,#6518,.T.);
#6518 = EDGE_CURVE('',#6132,#6519,#6521,.T.);
#6519 = VERTEX_POINT('',#6520);
#6520 = CARTESIAN_POINT('',(0.246651900687,18.741298159695,-4.9));
#6521 = CIRCLE('',#6522,3.5);
#6522 = AXIS2_PLACEMENT_3D('',#6523,#6524,#6525);
#6523 = CARTESIAN_POINT('',(1.743848692206E-15,15.25,-4.9));
#6524 = DIRECTION('',(-1.600770107421E-26,-2.114461574369E-16,1.));
#6525 = DIRECTION('',(-0.996194698092,-8.715574274764E-02,
    -1.842874691849E-17));
#6526 = ORIENTED_EDGE('',*,*,#6527,.T.);
#6527 = EDGE_CURVE('',#6519,#6421,#6528,.T.);
#6528 = LINE('',#6529,#6530);
#6529 = CARTESIAN_POINT('',(0.246651900687,18.741298159695,-5.));
#6530 = VECTOR('',#6531,1.);
#6531 = DIRECTION('',(-1.600773805207E-26,-2.114461574369E-16,1.));
#6532 = ORIENTED_EDGE('',*,*,#6437,.T.);
#6533 = CYLINDRICAL_SURFACE('',#6534,3.5);
#6534 = AXIS2_PLACEMENT_3D('',#6535,#6536,#6537);
#6535 = CARTESIAN_POINT('',(1.76499330795E-15,15.25,-5.));
#6536 = DIRECTION('',(-1.600773805207E-26,-2.114461574369E-16,1.));
#6537 = DIRECTION('',(0.996194698092,8.715574274764E-02,
    1.842874691849E-17));
#6538 = ADVANCED_FACE('',(#6539),#6579,.F.);
#6539 = FACE_BOUND('',#6540,.T.);
#6540 = EDGE_LOOP('',(#6541,#6551,#6570,#6571,#6572,#6573));
#6541 = ORIENTED_EDGE('',*,*,#6542,.F.);
#6542 = EDGE_CURVE('',#6543,#6545,#6547,.T.);
#6543 = VERTEX_POINT('',#6544);
#6544 = CARTESIAN_POINT('',(3.27330188857,14.330492117336,-5.));
#6545 = VERTEX_POINT('',#6546);
#6546 = CARTESIAN_POINT('',(2.226317175438,14.818709107041,-5.));
#6547 = LINE('',#6548,#6549);
#6548 = CARTESIAN_POINT('',(3.365107036053,14.287682674007,-5.));
#6549 = VECTOR('',#6550,1.);
#6550 = DIRECTION('',(-0.906307787037,0.422618261741,8.936100749319E-17)
  );
#6551 = ORIENTED_EDGE('',*,*,#6552,.T.);
#6552 = EDGE_CURVE('',#6543,#6130,#6553,.T.);
#6553 = B_SPLINE_CURVE_WITH_KNOTS('',3,(#6554,#6555,#6556,#6557,#6558,
    #6559,#6560,#6561,#6562,#6563,#6564,#6565,#6566,#6567,#6568,#6569),
  .UNSPECIFIED.,.F.,.F.,(4,3,3,3,3,4),(0.,3.435002215689E-05,
    6.871377273974E-05,1.028575244344E-04,1.365740502687E-04,
    1.572354332202E-04),.UNSPECIFIED.);
#6554 = CARTESIAN_POINT('',(3.27330188857,14.330492117336,-5.));
#6555 = CARTESIAN_POINT('',(3.283679119426,14.325653135118,-5.));
#6556 = CARTESIAN_POINT('',(3.294199673157,14.320747320344,
    -4.998031971962));
#6557 = CARTESIAN_POINT('',(3.303994155322,14.316180078304,
    -4.994248972041));
#6558 = CARTESIAN_POINT('',(3.313790833242,14.311611812365,
    -4.990465124035));
#6559 = CARTESIAN_POINT('',(3.323132950554,14.307255511519,
    -4.984758310666));
#6560 = CARTESIAN_POINT('',(3.331227059275,14.303481166636,
    -4.977588848872));
#6561 = CARTESIAN_POINT('',(3.339268883022,14.299731202637,
    -4.970465699173));
#6562 = CARTESIAN_POINT('',(3.3463030389,14.296451121883,-4.961697194166
    ));
#6563 = CARTESIAN_POINT('',(3.351716193768,14.293926926313,
    -4.952012225817));
#6564 = CARTESIAN_POINT('',(3.357062416862,14.291433941543,
    -4.942447008726));
#6565 = CARTESIAN_POINT('',(3.360976263073,14.289608885081,
    -4.931719355967));
#6566 = CARTESIAN_POINT('',(3.363113208883,14.288612410885,
    -4.920731592127));
#6567 = CARTESIAN_POINT('',(3.364434660225,14.287996208004,
    -4.913936943801));
#6568 = CARTESIAN_POINT('',(3.365107036053,14.287682674007,
    -4.90694932986));
#6569 = CARTESIAN_POINT('',(3.365107036053,14.287682674007,-4.9));
#6570 = ORIENTED_EDGE('',*,*,#6157,.T.);
#6571 = ORIENTED_EDGE('',*,*,#6430,.T.);
#6572 = ORIENTED_EDGE('',*,*,#6359,.T.);
#6573 = ORIENTED_EDGE('',*,*,#6574,.F.);
#6574 = EDGE_CURVE('',#6545,#6352,#6575,.T.);
#6575 = LINE('',#6576,#6577);
#6576 = CARTESIAN_POINT('',(2.226317175438,14.818709107041,-5.));
#6577 = VECTOR('',#6578,1.);
#6578 = DIRECTION('',(-1.600773805207E-26,-2.114461574369E-16,1.));
#6579 = PLANE('',#6580);
#6580 = AXIS2_PLACEMENT_3D('',#6581,#6582,#6583);
#6581 = CARTESIAN_POINT('',(3.365107036053,14.287682674007,-5.));
#6582 = DIRECTION('',(0.422618261741,0.906307787037,1.916352990307E-16)
  );
#6583 = DIRECTION('',(0.906307787037,-0.422618261741,-8.936100749319E-17
    ));
#6584 = ADVANCED_FACE('',(#6585),#6603,.F.);
#6585 = FACE_BOUND('',#6586,.T.);
#6586 = EDGE_LOOP('',(#6587,#6588,#6596,#6602));
#6587 = ORIENTED_EDGE('',*,*,#6351,.T.);
#6588 = ORIENTED_EDGE('',*,*,#6589,.F.);
#6589 = EDGE_CURVE('',#6590,#6344,#6592,.T.);
#6590 = VERTEX_POINT('',#6591);
#6591 = CARTESIAN_POINT('',(1.761437087523,13.8217705413,-5.));
#6592 = LINE('',#6593,#6594);
#6593 = CARTESIAN_POINT('',(1.761437087523,13.8217705413,-5.));
#6594 = VECTOR('',#6595,1.);
#6595 = DIRECTION('',(-1.600773805207E-26,-2.114461574369E-16,1.));
#6596 = ORIENTED_EDGE('',*,*,#6597,.F.);
#6597 = EDGE_CURVE('',#6545,#6590,#6598,.T.);
#6598 = LINE('',#6599,#6600);
#6599 = CARTESIAN_POINT('',(1.761437087523,13.8217705413,-5.));
#6600 = VECTOR('',#6601,1.);
#6601 = DIRECTION('',(-0.422618261741,-0.906307787037,
    -1.916352990307E-16));
#6602 = ORIENTED_EDGE('',*,*,#6574,.T.);
#6603 = PLANE('',#6604);
#6604 = AXIS2_PLACEMENT_3D('',#6605,#6606,#6607);
#6605 = CARTESIAN_POINT('',(1.761437087523,13.8217705413,-5.));
#6606 = DIRECTION('',(-0.906307787037,0.422618261741,8.936100749319E-17)
  );
#6607 = DIRECTION('',(0.422618261741,0.906307787037,1.916352990307E-16)
  );
#6608 = ADVANCED_FACE('',(#6609),#6649,.F.);
#6609 = FACE_BOUND('',#6610,.T.);
#6610 = EDGE_LOOP('',(#6611,#6619,#6640,#6646,#6647,#6648));
#6611 = ORIENTED_EDGE('',*,*,#6612,.F.);
#6612 = EDGE_CURVE('',#6613,#6453,#6615,.T.);
#6613 = VERTEX_POINT('',#6614);
#6614 = CARTESIAN_POINT('',(2.900226948138,13.290744108266,-4.9));
#6615 = LINE('',#6616,#6617);
#6616 = CARTESIAN_POINT('',(2.900226948138,13.290744108266,-5.));
#6617 = VECTOR('',#6618,1.);
#6618 = DIRECTION('',(-1.600773805207E-26,-2.114461574369E-16,1.));
#6619 = ORIENTED_EDGE('',*,*,#6620,.T.);
#6620 = EDGE_CURVE('',#6613,#6621,#6623,.T.);
#6621 = VERTEX_POINT('',#6622);
#6622 = CARTESIAN_POINT('',(2.808421800656,13.333553551595,-5.));
#6623 = B_SPLINE_CURVE_WITH_KNOTS('',3,(#6624,#6625,#6626,#6627,#6628,
    #6629,#6630,#6631,#6632,#6633,#6634,#6635,#6636,#6637,#6638,#6639),
  .UNSPECIFIED.,.F.,.F.,(4,3,3,3,3,4),(0.,3.326472850035E-05,
    6.651815085221E-05,9.995044778443E-05,1.337834871018E-04,
    1.572341281522E-04),.UNSPECIFIED.);
#6624 = CARTESIAN_POINT('',(2.900226948138,13.290744108266,-4.9));
#6625 = CARTESIAN_POINT('',(2.900226948138,13.290744108266,
    -4.911088242833));
#6626 = CARTESIAN_POINT('',(2.89848523192,13.291556283877,
    -4.922329309462));
#6627 = CARTESIAN_POINT('',(2.895152982222,13.29311013743,
    -4.932790226258));
#6628 = CARTESIAN_POINT('',(2.891821363102,13.29466369694,
    -4.943249163485));
#6629 = CARTESIAN_POINT('',(2.886810036844,13.297000516752,
    -4.953215219397));
#6630 = CARTESIAN_POINT('',(2.880544013312,13.299922411511,
    -4.961881365087));
#6631 = CARTESIAN_POINT('',(2.87424382097,13.302860239447,
    -4.970594767523));
#6632 = CARTESIAN_POINT('',(2.866505639155,13.306468612888,
    -4.978231889702));
#6633 = CARTESIAN_POINT('',(2.857968788822,13.310449411575,
    -4.984191928857));
#6634 = CARTESIAN_POINT('',(2.849330587345,13.314477471077,
    -4.990222726753));
#6635 = CARTESIAN_POINT('',(2.839640830142,13.318995879066,
    -4.994701221965));
#6636 = CARTESIAN_POINT('',(2.829689673037,13.323636179831,
    -4.997281220501));
#6637 = CARTESIAN_POINT('',(2.822742180864,13.326875848636,
    -4.999082470291));
#6638 = CARTESIAN_POINT('',(2.815558512808,13.330225648065,
    -5.000000000001));
#6639 = CARTESIAN_POINT('',(2.808421800656,13.333553551595,-5.));
#6640 = ORIENTED_EDGE('',*,*,#6641,.F.);
#6641 = EDGE_CURVE('',#6590,#6621,#6642,.T.);
#6642 = LINE('',#6643,#6644);
#6643 = CARTESIAN_POINT('',(2.900226948138,13.290744108266,-5.));
#6644 = VECTOR('',#6645,1.);
#6645 = DIRECTION('',(0.906307787037,-0.422618261741,-8.936100749319E-17
    ));
#6646 = ORIENTED_EDGE('',*,*,#6589,.T.);
#6647 = ORIENTED_EDGE('',*,*,#6343,.T.);
#6648 = ORIENTED_EDGE('',*,*,#6452,.T.);
#6649 = PLANE('',#6650);
#6650 = AXIS2_PLACEMENT_3D('',#6651,#6652,#6653);
#6651 = CARTESIAN_POINT('',(2.900226948138,13.290744108266,-5.));
#6652 = DIRECTION('',(-0.422618261741,-0.906307787037,
    -1.916352990307E-16));
#6653 = DIRECTION('',(-0.906307787037,0.422618261741,8.936100749319E-17)
  );
#6654 = ADVANCED_FACE('',(#6655),#6674,.T.);
#6655 = FACE_BOUND('',#6656,.T.);
#6656 = EDGE_LOOP('',(#6657,#6665,#6672,#6673));
#6657 = ORIENTED_EDGE('',*,*,#6658,.F.);
#6658 = EDGE_CURVE('',#6659,#6462,#6661,.T.);
#6659 = VERTEX_POINT('',#6660);
#6660 = CARTESIAN_POINT('',(-2.515944768839,12.816890483321,-4.9));
#6661 = LINE('',#6662,#6663);
#6662 = CARTESIAN_POINT('',(-2.515944768839,12.816890483321,-5.));
#6663 = VECTOR('',#6664,1.);
#6664 = DIRECTION('',(-1.600773805207E-26,-2.114461574369E-16,1.));
#6665 = ORIENTED_EDGE('',*,*,#6666,.T.);
#6666 = EDGE_CURVE('',#6659,#6613,#6667,.T.);
#6667 = CIRCLE('',#6668,3.5);
#6668 = AXIS2_PLACEMENT_3D('',#6669,#6670,#6671);
#6669 = CARTESIAN_POINT('',(1.743848692206E-15,15.25,-4.9));
#6670 = DIRECTION('',(-1.600770107421E-26,-2.114461574369E-16,1.));
#6671 = DIRECTION('',(-0.996194698092,-8.715574274764E-02,
    -1.842874691849E-17));
#6672 = ORIENTED_EDGE('',*,*,#6612,.T.);
#6673 = ORIENTED_EDGE('',*,*,#6469,.T.);
#6674 = CYLINDRICAL_SURFACE('',#6675,3.5);
#6675 = AXIS2_PLACEMENT_3D('',#6676,#6677,#6678);
#6676 = CARTESIAN_POINT('',(1.76499330795E-15,15.25,-5.));
#6677 = DIRECTION('',(-1.600773805207E-26,-2.114461574369E-16,1.));
#6678 = DIRECTION('',(0.996194698092,8.715574274764E-02,
    1.842874691849E-17));
#6679 = ADVANCED_FACE('',(#6680),#6720,.F.);
#6680 = FACE_BOUND('',#6681,.T.);
#6681 = EDGE_LOOP('',(#6682,#6692,#6711,#6712,#6713,#6714));
#6682 = ORIENTED_EDGE('',*,*,#6683,.F.);
#6683 = EDGE_CURVE('',#6684,#6686,#6688,.T.);
#6684 = VERTEX_POINT('',#6685);
#6685 = CARTESIAN_POINT('',(-2.432968129652,12.874991351575,-5.));
#6686 = VERTEX_POINT('',#6687);
#6687 = CARTESIAN_POINT('',(-1.486667457443,13.537598215669,-5.));
#6688 = LINE('',#6689,#6690);
#6689 = CARTESIAN_POINT('',(-2.515944768839,12.816890483321,-5.));
#6690 = VECTOR('',#6691,1.);
#6691 = DIRECTION('',(0.819152044289,0.573576436351,1.212805334759E-16)
  );
#6692 = ORIENTED_EDGE('',*,*,#6693,.T.);
#6693 = EDGE_CURVE('',#6684,#6659,#6694,.T.);
#6694 = B_SPLINE_CURVE_WITH_KNOTS('',3,(#6695,#6696,#6697,#6698,#6699,
    #6700,#6701,#6702,#6703,#6704,#6705,#6706,#6707,#6708,#6709,#6710),
  .UNSPECIFIED.,.F.,.F.,(4,3,3,3,3,4),(0.,3.435002215689E-05,
    6.871377273975E-05,1.028575244344E-04,1.365740502687E-04,
    1.572354332202E-04),.UNSPECIFIED.);
#6695 = CARTESIAN_POINT('',(-2.432968129652,12.874991351575,-5.));
#6696 = CARTESIAN_POINT('',(-2.442347426609,12.868423897142,-5.));
#6697 = CARTESIAN_POINT('',(-2.451856263695,12.861765737735,
    -4.998031971962));
#6698 = CARTESIAN_POINT('',(-2.46070885241,12.855567088384,
    -4.994248972041));
#6699 = CARTESIAN_POINT('',(-2.469563425724,12.849367049402,
    -4.990465124035));
#6700 = CARTESIAN_POINT('',(-2.478007151579,12.843454688908,
    -4.984758310666));
#6701 = CARTESIAN_POINT('',(-2.485322884491,12.838332157576,
    -4.977588848872));
#6702 = CARTESIAN_POINT('',(-2.492591360451,12.833242715917,
    -4.970465699173));
#6703 = CARTESIAN_POINT('',(-2.49894907165,12.82879099861,
    -4.961697194166));
#6704 = CARTESIAN_POINT('',(-2.503841666571,12.825365166765,
    -4.952012225817));
#6705 = CARTESIAN_POINT('',(-2.50867376626,12.821981694137,
    -4.942447008726));
#6706 = CARTESIAN_POINT('',(-2.512211234625,12.819504732122,
    -4.931719355967));
#6707 = CARTESIAN_POINT('',(-2.514142679498,12.818152319862,
    -4.920731592127));
#6708 = CARTESIAN_POINT('',(-2.515337052518,12.81731601087,
    -4.913936943801));
#6709 = CARTESIAN_POINT('',(-2.515944768839,12.816890483321,
    -4.90694932986));
#6710 = CARTESIAN_POINT('',(-2.515944768839,12.816890483321,-4.9));
#6711 = ORIENTED_EDGE('',*,*,#6658,.T.);
#6712 = ORIENTED_EDGE('',*,*,#6461,.T.);
#6713 = ORIENTED_EDGE('',*,*,#6270,.T.);
#6714 = ORIENTED_EDGE('',*,*,#6715,.F.);
#6715 = EDGE_CURVE('',#6686,#6263,#6716,.T.);
#6716 = LINE('',#6717,#6718);
#6717 = CARTESIAN_POINT('',(-1.486667457443,13.537598215669,-5.));
#6718 = VECTOR('',#6719,1.);
#6719 = DIRECTION('',(-1.600773805207E-26,-2.114461574369E-16,1.));
#6720 = PLANE('',#6721);
#6721 = AXIS2_PLACEMENT_3D('',#6722,#6723,#6724);
#6722 = CARTESIAN_POINT('',(-2.515944768839,12.816890483321,-5.));
#6723 = DIRECTION('',(0.573576436351,-0.819152044289,-1.732065521123E-16
    ));
#6724 = DIRECTION('',(-0.819152044289,-0.573576436351,
    -1.212805334759E-16));
#6725 = ADVANCED_FACE('',(#6726),#6744,.F.);
#6726 = FACE_BOUND('',#6727,.T.);
#6727 = EDGE_LOOP('',(#6728,#6729,#6737,#6743));
#6728 = ORIENTED_EDGE('',*,*,#6262,.T.);
#6729 = ORIENTED_EDGE('',*,*,#6730,.F.);
#6730 = EDGE_CURVE('',#6731,#6253,#6733,.T.);
#6731 = VERTEX_POINT('',#6732);
#6732 = CARTESIAN_POINT('',(-2.117601537429,14.438665464387,-5.));
#6733 = LINE('',#6734,#6735);
#6734 = CARTESIAN_POINT('',(-2.117601537429,14.438665464387,-5.));
#6735 = VECTOR('',#6736,1.);
#6736 = DIRECTION('',(-1.600773805207E-26,-2.114461574369E-16,1.));
#6737 = ORIENTED_EDGE('',*,*,#6738,.F.);
#6738 = EDGE_CURVE('',#6686,#6731,#6739,.T.);
#6739 = LINE('',#6740,#6741);
#6740 = CARTESIAN_POINT('',(-2.117601537429,14.438665464387,-5.));
#6741 = VECTOR('',#6742,1.);
#6742 = DIRECTION('',(-0.573576436351,0.819152044289,1.732065521123E-16)
  );
#6743 = ORIENTED_EDGE('',*,*,#6715,.T.);
#6744 = PLANE('',#6745);
#6745 = AXIS2_PLACEMENT_3D('',#6746,#6747,#6748);
#6746 = CARTESIAN_POINT('',(-2.117601537429,14.438665464387,-5.));
#6747 = DIRECTION('',(0.819152044289,0.573576436351,1.212805334759E-16)
  );
#6748 = DIRECTION('',(0.573576436351,-0.819152044289,-1.732065521123E-16
    ));
#6749 = ADVANCED_FACE('',(#6750),#6768,.F.);
#6750 = FACE_BOUND('',#6751,.T.);
#6751 = EDGE_LOOP('',(#6752,#6758,#6759,#6765,#6766,#6767));
#6752 = ORIENTED_EDGE('',*,*,#6753,.F.);
#6753 = EDGE_CURVE('',#5846,#6485,#6754,.T.);
#6754 = LINE('',#6755,#6756);
#6755 = CARTESIAN_POINT('',(-3.146878848825,13.717957732039,-5.));
#6756 = VECTOR('',#6757,1.);
#6757 = DIRECTION('',(-1.600773805207E-26,-2.114461574369E-16,1.));
#6758 = ORIENTED_EDGE('',*,*,#5872,.T.);
#6759 = ORIENTED_EDGE('',*,*,#6760,.F.);
#6760 = EDGE_CURVE('',#6731,#5864,#6761,.T.);
#6761 = LINE('',#6762,#6763);
#6762 = CARTESIAN_POINT('',(-3.146878848825,13.717957732039,-5.));
#6763 = VECTOR('',#6764,1.);
#6764 = DIRECTION('',(-0.819152044289,-0.573576436351,
    -1.212805334759E-16));
#6765 = ORIENTED_EDGE('',*,*,#6730,.T.);
#6766 = ORIENTED_EDGE('',*,*,#6252,.T.);
#6767 = ORIENTED_EDGE('',*,*,#6484,.T.);
#6768 = PLANE('',#6769);
#6769 = AXIS2_PLACEMENT_3D('',#6770,#6771,#6772);
#6770 = CARTESIAN_POINT('',(-3.146878848825,13.717957732039,-5.));
#6771 = DIRECTION('',(-0.573576436351,0.819152044289,1.732065521123E-16)
  );
#6772 = DIRECTION('',(0.819152044289,0.573576436351,1.212805334759E-16)
  );
#6773 = ADVANCED_FACE('',(#6774),#6794,.T.);
#6774 = FACE_BOUND('',#6775,.T.);
#6775 = EDGE_LOOP('',(#6776,#6784,#6791,#6792,#6793));
#6776 = ORIENTED_EDGE('',*,*,#6777,.F.);
#6777 = EDGE_CURVE('',#6778,#6495,#6780,.T.);
#6778 = VERTEX_POINT('',#6779);
#6779 = CARTESIAN_POINT('',(-0.849162267214,18.645426842672,-4.9));
#6780 = LINE('',#6781,#6782);
#6781 = CARTESIAN_POINT('',(-0.849162267214,18.645426842672,-5.));
#6782 = VECTOR('',#6783,1.);
#6783 = DIRECTION('',(-1.600773805207E-26,-2.114461574369E-16,1.));
#6784 = ORIENTED_EDGE('',*,*,#6785,.T.);
#6785 = EDGE_CURVE('',#6778,#5844,#6786,.T.);
#6786 = CIRCLE('',#6787,3.5);
#6787 = AXIS2_PLACEMENT_3D('',#6788,#6789,#6790);
#6788 = CARTESIAN_POINT('',(1.743848692206E-15,15.25,-4.9));
#6789 = DIRECTION('',(-1.600770107421E-26,-2.114461574369E-16,1.));
#6790 = DIRECTION('',(-0.996194698092,-8.715574274764E-02,
    -1.842874691849E-17));
#6791 = ORIENTED_EDGE('',*,*,#5843,.T.);
#6792 = ORIENTED_EDGE('',*,*,#6753,.T.);
#6793 = ORIENTED_EDGE('',*,*,#6502,.T.);
#6794 = CYLINDRICAL_SURFACE('',#6795,3.5);
#6795 = AXIS2_PLACEMENT_3D('',#6796,#6797,#6798);
#6796 = CARTESIAN_POINT('',(1.76499330795E-15,15.25,-5.));
#6797 = DIRECTION('',(-1.600773805207E-26,-2.114461574369E-16,1.));
#6798 = DIRECTION('',(0.996194698092,8.715574274764E-02,
    1.842874691849E-17));
#6799 = ADVANCED_FACE('',(#6800),#6840,.F.);
#6800 = FACE_BOUND('',#6801,.T.);
#6801 = EDGE_LOOP('',(#6802,#6812,#6831,#6832,#6833,#6834));
#6802 = ORIENTED_EDGE('',*,*,#6803,.F.);
#6803 = EDGE_CURVE('',#6804,#6806,#6808,.T.);
#6804 = VERTEX_POINT('',#6805);
#6805 = CARTESIAN_POINT('',(-0.840333758918,18.54451653109,-5.));
#6806 = VERTEX_POINT('',#6807);
#6807 = CARTESIAN_POINT('',(-0.739649717995,17.393692677291,-5.));
#6808 = LINE('',#6809,#6810);
#6809 = CARTESIAN_POINT('',(-0.849162267214,18.645426842672,-5.));
#6810 = VECTOR('',#6811,1.);
#6811 = DIRECTION('',(8.715574274764E-02,-0.996194698092,
    -2.10641540969E-16));
#6812 = ORIENTED_EDGE('',*,*,#6813,.T.);
#6813 = EDGE_CURVE('',#6804,#6778,#6814,.T.);
#6814 = B_SPLINE_CURVE_WITH_KNOTS('',3,(#6815,#6816,#6817,#6818,#6819,
    #6820,#6821,#6822,#6823,#6824,#6825,#6826,#6827,#6828,#6829,#6830),
  .UNSPECIFIED.,.F.,.F.,(4,3,3,3,3,4),(0.,3.435002215689E-05,
    6.871377273975E-05,1.028575244344E-04,1.365740502687E-04,
    1.572354332202E-04),.UNSPECIFIED.);
#6815 = CARTESIAN_POINT('',(-0.840333758918,18.54451653109,-5.));
#6816 = CARTESIAN_POINT('',(-0.841331692816,18.55592296774,-5.));
#6817 = CARTESIAN_POINT('',(-0.842343409462,18.567486941921,
    -4.998031971962));
#6818 = CARTESIAN_POINT('',(-0.843285302912,18.578252833312,
    -4.994248972041));
#6819 = CARTESIAN_POINT('',(-0.844227407518,18.589021138233,
    -4.990465124035));
#6820 = CARTESIAN_POINT('',(-0.845125798974,18.599289799573,
    -4.984758310666));
#6821 = CARTESIAN_POINT('',(-0.845904174784,18.608186675788,
    -4.977588848872));
#6822 = CARTESIAN_POINT('',(-0.846677522571,18.617026081446,
    -4.970465699173));
#6823 = CARTESIAN_POINT('',(-0.847353967251,18.624757879507,
    -4.961697194166));
#6824 = CARTESIAN_POINT('',(-0.847874527197,18.630707906922,
    -4.952012225817));
#6825 = CARTESIAN_POINT('',(-0.848388650601,18.636584364321,
    -4.942447008726));
#6826 = CARTESIAN_POINT('',(-0.848765028448,18.640886382797,
    -4.931719355967));
#6827 = CARTESIAN_POINT('',(-0.848970529385,18.643235269253,
    -4.920731592127));
#6828 = CARTESIAN_POINT('',(-0.849097607707,18.644687781125,
    -4.913936943801));
#6829 = CARTESIAN_POINT('',(-0.849162267214,18.645426842673,
    -4.90694932986));
#6830 = CARTESIAN_POINT('',(-0.849162267214,18.645426842672,-4.9));
#6831 = ORIENTED_EDGE('',*,*,#6777,.T.);
#6832 = ORIENTED_EDGE('',*,*,#6494,.T.);
#6833 = ORIENTED_EDGE('',*,*,#6237,.T.);
#6834 = ORIENTED_EDGE('',*,*,#6835,.F.);
#6835 = EDGE_CURVE('',#6806,#6230,#6836,.T.);
#6836 = LINE('',#6837,#6838);
#6837 = CARTESIAN_POINT('',(-0.739649717995,17.393692677291,-5.));
#6838 = VECTOR('',#6839,1.);
#6839 = DIRECTION('',(-1.600773805207E-26,-2.114461574369E-16,1.));
#6840 = PLANE('',#6841);
#6841 = AXIS2_PLACEMENT_3D('',#6842,#6843,#6844);
#6842 = CARTESIAN_POINT('',(-0.849162267214,18.645426842672,-5.));
#6843 = DIRECTION('',(-0.996194698092,-8.715574274764E-02,
    -1.84287469185E-17));
#6844 = DIRECTION('',(-8.715574274764E-02,0.996194698092,
    2.10641540969E-16));
#6845 = ADVANCED_FACE('',(#6846),#6864,.F.);
#6846 = FACE_BOUND('',#6847,.T.);
#6847 = EDGE_LOOP('',(#6848,#6849,#6857,#6863));
#6848 = ORIENTED_EDGE('',*,*,#6229,.T.);
#6849 = ORIENTED_EDGE('',*,*,#6850,.F.);
#6850 = EDGE_CURVE('',#6851,#6222,#6853,.T.);
#6851 = VERTEX_POINT('',#6852);
#6852 = CARTESIAN_POINT('',(0.356164449906,17.489563994313,-5.));
#6853 = LINE('',#6854,#6855);
#6854 = CARTESIAN_POINT('',(0.356164449906,17.489563994313,-5.));
#6855 = VECTOR('',#6856,1.);
#6856 = DIRECTION('',(-1.600773805207E-26,-2.114461574369E-16,1.));
#6857 = ORIENTED_EDGE('',*,*,#6858,.F.);
#6858 = EDGE_CURVE('',#6806,#6851,#6859,.T.);
#6859 = LINE('',#6860,#6861);
#6860 = CARTESIAN_POINT('',(0.356164449906,17.489563994313,-5.));
#6861 = VECTOR('',#6862,1.);
#6862 = DIRECTION('',(0.996194698092,8.715574274764E-02,
    1.84287469185E-17));
#6863 = ORIENTED_EDGE('',*,*,#6835,.T.);
#6864 = PLANE('',#6865);
#6865 = AXIS2_PLACEMENT_3D('',#6866,#6867,#6868);
#6866 = CARTESIAN_POINT('',(0.356164449906,17.489563994313,-5.));
#6867 = DIRECTION('',(8.715574274764E-02,-0.996194698092,
    -2.10641540969E-16));
#6868 = DIRECTION('',(-1.601392567979E-26,-2.114461574368E-16,1.));
#6869 = ADVANCED_FACE('',(#6870),#6903,.F.);
#6870 = FACE_BOUND('',#6871,.T.);
#6871 = EDGE_LOOP('',(#6872,#6873,#6894,#6900,#6901,#6902));
#6872 = ORIENTED_EDGE('',*,*,#6527,.F.);
#6873 = ORIENTED_EDGE('',*,*,#6874,.T.);
#6874 = EDGE_CURVE('',#6519,#6875,#6877,.T.);
#6875 = VERTEX_POINT('',#6876);
#6876 = CARTESIAN_POINT('',(0.255480408983,18.640387848112,-5.));
#6877 = B_SPLINE_CURVE_WITH_KNOTS('',3,(#6878,#6879,#6880,#6881,#6882,
    #6883,#6884,#6885,#6886,#6887,#6888,#6889,#6890,#6891,#6892,#6893),
  .UNSPECIFIED.,.F.,.F.,(4,3,3,3,3,4),(0.,3.326472850035E-05,
    6.651815085221E-05,9.995044778443E-05,1.337834871018E-04,
    1.572341281522E-04),.UNSPECIFIED.);
#6878 = CARTESIAN_POINT('',(0.246651900687,18.741298159695,-4.9));
#6879 = CARTESIAN_POINT('',(0.246651900687,18.741298159695,
    -4.911088242833));
#6880 = CARTESIAN_POINT('',(0.246819394084,18.739383701398,
    -4.922329309462));
#6881 = CARTESIAN_POINT('',(0.247139842283,18.735720961732,
    -4.932790226258));
#6882 = CARTESIAN_POINT('',(0.247460229841,18.732058915183,
    -4.943249163485));
#6883 = CARTESIAN_POINT('',(0.247942147649,18.726550569431,
    -4.953215219397));
#6884 = CARTESIAN_POINT('',(0.248544724326,18.719663086492,
    -4.961881365087));
#6885 = CARTESIAN_POINT('',(0.249150586872,18.712738045907,
    -4.970594767523));
#6886 = CARTESIAN_POINT('',(0.249894734714,18.704232397156,
    -4.978231889702));
#6887 = CARTESIAN_POINT('',(0.25071568709,18.694848868555,
    -4.984191928857));
#6888 = CARTESIAN_POINT('',(0.251546385973,18.685353936882,
    -4.990222726753));
#6889 = CARTESIAN_POINT('',(0.25247820847,18.674703156994,
    -4.994701221965));
#6890 = CARTESIAN_POINT('',(0.253435168679,18.663765051761,
    -4.997281220501));
#6891 = CARTESIAN_POINT('',(0.25410327928,18.656128512644,
    -4.999082470291));
#6892 = CARTESIAN_POINT('',(0.254794101906,18.648232373901,
    -5.000000000001));
#6893 = CARTESIAN_POINT('',(0.255480408983,18.640387848112,-5.));
#6894 = ORIENTED_EDGE('',*,*,#6895,.F.);
#6895 = EDGE_CURVE('',#6851,#6875,#6896,.T.);
#6896 = LINE('',#6897,#6898);
#6897 = CARTESIAN_POINT('',(0.246651900687,18.741298159695,-5.));
#6898 = VECTOR('',#6899,1.);
#6899 = DIRECTION('',(-8.715574274764E-02,0.996194698092,
    2.10641540969E-16));
#6900 = ORIENTED_EDGE('',*,*,#6850,.T.);
#6901 = ORIENTED_EDGE('',*,*,#6221,.T.);
#6902 = ORIENTED_EDGE('',*,*,#6420,.T.);
#6903 = PLANE('',#6904);
#6904 = AXIS2_PLACEMENT_3D('',#6905,#6906,#6907);
#6905 = CARTESIAN_POINT('',(0.246651900687,18.741298159695,-5.));
#6906 = DIRECTION('',(0.996194698092,8.715574274764E-02,
    1.84287469185E-17));
#6907 = DIRECTION('',(8.715574274764E-02,-0.996194698092,
    -2.10641540969E-16));
#6908 = ADVANCED_FACE('',(#6909,#6919,#6929,#6939),#6972,.T.);
#6909 = FACE_BOUND('',#6910,.T.);
#6910 = EDGE_LOOP('',(#6911,#6918));
#6911 = ORIENTED_EDGE('',*,*,#6912,.F.);
#6912 = EDGE_CURVE('',#6026,#6034,#6913,.T.);
#6913 = CIRCLE('',#6914,0.5);
#6914 = AXIS2_PLACEMENT_3D('',#6915,#6916,#6917);
#6915 = CARTESIAN_POINT('',(1.76499330795E-15,15.25,-5.));
#6916 = DIRECTION('',(1.600770107421E-26,2.114461574369E-16,-1.));
#6917 = DIRECTION('',(-0.996194698092,-8.715574274764E-02,
    -1.842874691849E-17));
#6918 = ORIENTED_EDGE('',*,*,#6033,.F.);
#6919 = FACE_BOUND('',#6920,.T.);
#6920 = EDGE_LOOP('',(#6921,#6928));
#6921 = ORIENTED_EDGE('',*,*,#6922,.F.);
#6922 = EDGE_CURVE('',#6066,#6074,#6923,.T.);
#6923 = CIRCLE('',#6924,0.25);
#6924 = AXIS2_PLACEMENT_3D('',#6925,#6926,#6927);
#6925 = CARTESIAN_POINT('',(2.241438070706,15.446100421182,-5.));
#6926 = DIRECTION('',(1.600770107421E-26,2.114461574369E-16,-1.));
#6927 = DIRECTION('',(0.996194698092,8.715574274764E-02,
    1.842874691849E-17));
#6928 = ORIENTED_EDGE('',*,*,#6073,.F.);
#6929 = FACE_BOUND('',#6930,.T.);
#6930 = EDGE_LOOP('',(#6931,#6938));
#6931 = ORIENTED_EDGE('',*,*,#6932,.F.);
#6932 = EDGE_CURVE('',#6098,#6106,#6933,.T.);
#6933 = CIRCLE('',#6934,0.25);
#6934 = AXIS2_PLACEMENT_3D('',#6935,#6936,#6937);
#6935 = CARTESIAN_POINT('',(-2.241438070706,15.053899578818,-5.));
#6936 = DIRECTION('',(1.600770107421E-26,2.114461574369E-16,-1.));
#6937 = DIRECTION('',(-0.996194698092,-8.715574274764E-02,
    -1.842874691849E-17));
#6938 = ORIENTED_EDGE('',*,*,#6105,.F.);
#6939 = FACE_BOUND('',#6940,.T.);
#6940 = EDGE_LOOP('',(#6941,#6942,#6949,#6950,#6951,#6952,#6953,#6960,
    #6961,#6962,#6963,#6970,#6971));
#6941 = ORIENTED_EDGE('',*,*,#6641,.T.);
#6942 = ORIENTED_EDGE('',*,*,#6943,.T.);
#6943 = EDGE_CURVE('',#6621,#6684,#6944,.T.);
#6944 = CIRCLE('',#6945,3.4);
#6945 = AXIS2_PLACEMENT_3D('',#6946,#6947,#6948);
#6946 = CARTESIAN_POINT('',(1.76499330795E-15,15.25,-5.));
#6947 = DIRECTION('',(1.600770107421E-26,2.114461574369E-16,-1.));
#6948 = DIRECTION('',(-0.996194698092,-8.715574274764E-02,
    -1.842874691849E-17));
#6949 = ORIENTED_EDGE('',*,*,#6683,.T.);
#6950 = ORIENTED_EDGE('',*,*,#6738,.T.);
#6951 = ORIENTED_EDGE('',*,*,#6760,.T.);
#6952 = ORIENTED_EDGE('',*,*,#5863,.T.);
#6953 = ORIENTED_EDGE('',*,*,#6954,.T.);
#6954 = EDGE_CURVE('',#5855,#6804,#6955,.T.);
#6955 = CIRCLE('',#6956,3.4);
#6956 = AXIS2_PLACEMENT_3D('',#6957,#6958,#6959);
#6957 = CARTESIAN_POINT('',(1.76499330795E-15,15.25,-5.));
#6958 = DIRECTION('',(1.600770107421E-26,2.114461574369E-16,-1.));
#6959 = DIRECTION('',(-0.996194698092,-8.715574274764E-02,
    -1.842874691849E-17));
#6960 = ORIENTED_EDGE('',*,*,#6803,.T.);
#6961 = ORIENTED_EDGE('',*,*,#6858,.T.);
#6962 = ORIENTED_EDGE('',*,*,#6895,.T.);
#6963 = ORIENTED_EDGE('',*,*,#6964,.T.);
#6964 = EDGE_CURVE('',#6875,#6543,#6965,.T.);
#6965 = CIRCLE('',#6966,3.4);
#6966 = AXIS2_PLACEMENT_3D('',#6967,#6968,#6969);
#6967 = CARTESIAN_POINT('',(1.76499330795E-15,15.25,-5.));
#6968 = DIRECTION('',(1.600770107421E-26,2.114461574369E-16,-1.));
#6969 = DIRECTION('',(-0.996194698092,-8.715574274764E-02,
    -1.842874691849E-17));
#6970 = ORIENTED_EDGE('',*,*,#6542,.T.);
#6971 = ORIENTED_EDGE('',*,*,#6597,.T.);
#6972 = PLANE('',#6973);
#6973 = AXIS2_PLACEMENT_3D('',#6974,#6975,#6976);
#6974 = CARTESIAN_POINT('',(1.76499330795E-15,15.25,-5.));
#6975 = DIRECTION('',(1.600773805207E-26,2.114461574369E-16,-1.));
#6976 = DIRECTION('',(-0.996194698092,-8.715574274764E-02,
    -1.842874691849E-17));
#6977 = ADVANCED_FACE('',(#6978),#6990,.F.);
#6978 = FACE_BOUND('',#6979,.F.);
#6979 = EDGE_LOOP('',(#6980,#6981,#6982,#6989));
#6980 = ORIENTED_EDGE('',*,*,#6932,.F.);
#6981 = ORIENTED_EDGE('',*,*,#6097,.F.);
#6982 = ORIENTED_EDGE('',*,*,#6983,.F.);
#6983 = EDGE_CURVE('',#5944,#5961,#6984,.T.);
#6984 = CIRCLE('',#6985,0.25);
#6985 = AXIS2_PLACEMENT_3D('',#6986,#6987,#6988);
#6986 = CARTESIAN_POINT('',(-2.241438070706,15.053899578818,-4.1));
#6987 = DIRECTION('',(-1.600770107421E-26,-2.114461574369E-16,1.));
#6988 = DIRECTION('',(-0.996194698092,-8.715574274764E-02,
    -1.842874691849E-17));
#6989 = ORIENTED_EDGE('',*,*,#6114,.T.);
#6990 = CYLINDRICAL_SURFACE('',#6991,0.25);
#6991 = AXIS2_PLACEMENT_3D('',#6992,#6993,#6994);
#6992 = CARTESIAN_POINT('',(-2.241438070706,15.053899578818,-3.6));
#6993 = DIRECTION('',(1.600773805207E-26,2.114461574369E-16,-1.));
#6994 = DIRECTION('',(-0.996194698092,-8.715574274764E-02,
    -1.842874691849E-17));
#6995 = ADVANCED_FACE('',(#6996),#7008,.F.);
#6996 = FACE_BOUND('',#6997,.F.);
#6997 = EDGE_LOOP('',(#6998,#6999,#7000,#7007));
#6998 = ORIENTED_EDGE('',*,*,#6922,.F.);
#6999 = ORIENTED_EDGE('',*,*,#6065,.F.);
#7000 = ORIENTED_EDGE('',*,*,#7001,.F.);
#7001 = EDGE_CURVE('',#5984,#6001,#7002,.T.);
#7002 = CIRCLE('',#7003,0.25);
#7003 = AXIS2_PLACEMENT_3D('',#7004,#7005,#7006);
#7004 = CARTESIAN_POINT('',(2.241438070706,15.446100421182,-4.1));
#7005 = DIRECTION('',(-1.600770107421E-26,-2.114461574369E-16,1.));
#7006 = DIRECTION('',(-0.996194698092,-8.715574274764E-02,
    -1.842874691849E-17));
#7007 = ORIENTED_EDGE('',*,*,#6082,.T.);
#7008 = CYLINDRICAL_SURFACE('',#7009,0.25);
#7009 = AXIS2_PLACEMENT_3D('',#7010,#7011,#7012);
#7010 = CARTESIAN_POINT('',(2.241438070706,15.446100421182,-3.6));
#7011 = DIRECTION('',(1.600773805207E-26,2.114461574369E-16,-1.));
#7012 = DIRECTION('',(-0.996194698092,-8.715574274764E-02,
    -1.842874691849E-17));
#7013 = ADVANCED_FACE('',(#7014),#7020,.F.);
#7014 = FACE_BOUND('',#7015,.F.);
#7015 = EDGE_LOOP('',(#7016,#7017,#7018,#7019));
#7016 = ORIENTED_EDGE('',*,*,#6912,.F.);
#7017 = ORIENTED_EDGE('',*,*,#6023,.F.);
#7018 = ORIENTED_EDGE('',*,*,#6404,.T.);
#7019 = ORIENTED_EDGE('',*,*,#6042,.T.);
#7020 = CYLINDRICAL_SURFACE('',#7021,0.5);
#7021 = AXIS2_PLACEMENT_3D('',#7022,#7023,#7024);
#7022 = CARTESIAN_POINT('',(1.691013292463E-15,15.25,-3.6));
#7023 = DIRECTION('',(1.600773805207E-26,2.114461574369E-16,-1.));
#7024 = DIRECTION('',(-0.996194698092,-8.715574274764E-02,
    -1.842874691849E-17));
#7025 = ADVANCED_FACE('',(#7026),#7032,.F.);
#7026 = FACE_BOUND('',#7027,.F.);
#7027 = EDGE_LOOP('',(#7028,#7029,#7030,#7031));
#7028 = ORIENTED_EDGE('',*,*,#6374,.T.);
#7029 = ORIENTED_EDGE('',*,*,#5983,.F.);
#7030 = ORIENTED_EDGE('',*,*,#7001,.T.);
#7031 = ORIENTED_EDGE('',*,*,#6000,.T.);
#7032 = CONICAL_SURFACE('',#7033,0.75,0.785398163397);
#7033 = AXIS2_PLACEMENT_3D('',#7034,#7035,#7036);
#7034 = CARTESIAN_POINT('',(2.241438070706,15.446100421182,-3.6));
#7035 = DIRECTION('',(-1.600773805207E-26,-2.114461574369E-16,1.));
#7036 = DIRECTION('',(0.996194698092,8.715574274764E-02,
    1.842874691849E-17));
#7037 = ADVANCED_FACE('',(#7038),#7044,.F.);
#7038 = FACE_BOUND('',#7039,.F.);
#7039 = EDGE_LOOP('',(#7040,#7041,#7042,#7043));
#7040 = ORIENTED_EDGE('',*,*,#6385,.T.);
#7041 = ORIENTED_EDGE('',*,*,#5943,.F.);
#7042 = ORIENTED_EDGE('',*,*,#6983,.T.);
#7043 = ORIENTED_EDGE('',*,*,#5960,.T.);
#7044 = CONICAL_SURFACE('',#7045,0.75,0.785398163397);
#7045 = AXIS2_PLACEMENT_3D('',#7046,#7047,#7048);
#7046 = CARTESIAN_POINT('',(-2.241438070706,15.053899578818,-3.6));
#7047 = DIRECTION('',(-1.600773805207E-26,-2.114461574369E-16,1.));
#7048 = DIRECTION('',(0.996194698092,8.715574274764E-02,
    1.842874691849E-17));
#7049 = ADVANCED_FACE('',(#7050),#7056,.T.);
#7050 = FACE_BOUND('',#7051,.T.);
#7051 = EDGE_LOOP('',(#7052,#7053,#7054,#7055));
#7052 = ORIENTED_EDGE('',*,*,#5928,.T.);
#7053 = ORIENTED_EDGE('',*,*,#6328,.F.);
#7054 = ORIENTED_EDGE('',*,*,#5910,.F.);
#7055 = ORIENTED_EDGE('',*,*,#6395,.F.);
#7056 = TOROIDAL_SURFACE('',#7057,3.,0.2);
#7057 = AXIS2_PLACEMENT_3D('',#7058,#7059,#7060);
#7058 = CARTESIAN_POINT('',(1.733302523951E-15,15.25,-3.8));
#7059 = DIRECTION('',(1.600773805207E-26,2.114461574369E-16,-1.));
#7060 = DIRECTION('',(-0.996194698092,-8.715574274764E-02,
    -1.842874691849E-17));
#7061 = ADVANCED_FACE('',(#7062),#7068,.T.);
#7062 = FACE_BOUND('',#7063,.T.);
#7063 = EDGE_LOOP('',(#7064,#7065,#7066,#7067));
#7064 = ORIENTED_EDGE('',*,*,#6620,.F.);
#7065 = ORIENTED_EDGE('',*,*,#6666,.F.);
#7066 = ORIENTED_EDGE('',*,*,#6693,.F.);
#7067 = ORIENTED_EDGE('',*,*,#6943,.F.);
#7068 = TOROIDAL_SURFACE('',#7069,3.4,0.1);
#7069 = AXIS2_PLACEMENT_3D('',#7070,#7071,#7072);
#7070 = CARTESIAN_POINT('',(1.743848692206E-15,15.25,-4.9));
#7071 = DIRECTION('',(1.600773805207E-26,2.114461574369E-16,-1.));
#7072 = DIRECTION('',(-0.996194698092,-8.715574274764E-02,
    -1.842874691849E-17));
#7073 = ADVANCED_FACE('',(#7074),#7080,.T.);
#7074 = FACE_BOUND('',#7075,.T.);
#7075 = EDGE_LOOP('',(#7076,#7077,#7078,#7079));
#7076 = ORIENTED_EDGE('',*,*,#5854,.F.);
#7077 = ORIENTED_EDGE('',*,*,#6785,.F.);
#7078 = ORIENTED_EDGE('',*,*,#6813,.F.);
#7079 = ORIENTED_EDGE('',*,*,#6954,.F.);
#7080 = TOROIDAL_SURFACE('',#7081,3.4,0.1);
#7081 = AXIS2_PLACEMENT_3D('',#7082,#7083,#7084);
#7082 = CARTESIAN_POINT('',(1.743848692206E-15,15.25,-4.9));
#7083 = DIRECTION('',(1.600773805207E-26,2.114461574369E-16,-1.));
#7084 = DIRECTION('',(-0.996194698092,-8.715574274764E-02,
    -1.842874691849E-17));
#7085 = ADVANCED_FACE('',(#7086),#7093,.T.);
#7086 = FACE_BOUND('',#7087,.T.);
#7087 = EDGE_LOOP('',(#7088,#7089,#7090,#7091,#7092));
#7088 = ORIENTED_EDGE('',*,*,#6874,.F.);
#7089 = ORIENTED_EDGE('',*,*,#6518,.F.);
#7090 = ORIENTED_EDGE('',*,*,#6129,.F.);
#7091 = ORIENTED_EDGE('',*,*,#6552,.F.);
#7092 = ORIENTED_EDGE('',*,*,#6964,.F.);
#7093 = TOROIDAL_SURFACE('',#7094,3.4,0.1);
#7094 = AXIS2_PLACEMENT_3D('',#7095,#7096,#7097);
#7095 = CARTESIAN_POINT('',(1.743848692206E-15,15.25,-4.9));
#7096 = DIRECTION('',(1.600773805207E-26,2.114461574369E-16,-1.));
#7097 = DIRECTION('',(-0.996194698092,-8.715574274764E-02,
    -1.842874691849E-17));
#7098 = ( GEOMETRIC_REPRESENTATION_CONTEXT(3) 
GLOBAL_UNCERTAINTY_ASSIGNED_CONTEXT((#7102)) 
GLOBAL_UNIT_ASSIGNED_CONTEXT((#7099,#7100,#7101)) REPRESENTATION_CONTEXT
('Context #1','3D Context with UNIT and UNCERTAINTY') );
#7099 = ( LENGTH_UNIT() NAMED_UNIT(*) SI_UNIT(.MILLI.,.METRE.) );
#7100 = ( NAMED_UNIT(*) PLANE_ANGLE_UNIT() SI_UNIT($,.RADIAN.) );
#7101 = ( NAMED_UNIT(*) SI_UNIT($,.STERADIAN.) SOLID_ANGLE_UNIT() );
#7102 = UNCERTAINTY_MEASURE_WITH_UNIT(LENGTH_MEASURE(2.E-06),#7099,
  'distance_accuracy_value','confusion accuracy');
#7103 = CONTEXT_DEPENDENT_SHAPE_REPRESENTATION(#7104,#7106);
#7104 = ( REPRESENTATION_RELATIONSHIP('','',#5836,#3244) 
REPRESENTATION_RELATIONSHIP_WITH_TRANSFORMATION(#7105) 
SHAPE_REPRESENTATION_RELATIONSHIP() );
#7105 = ITEM_DEFINED_TRANSFORMATION('','',#11,#3253);
#7106 = PRODUCT_DEFINITION_SHAPE('Placement','Placement of an item',
  #7107);
#7107 = NEXT_ASSEMBLY_USAGE_OCCURRENCE('9','Shutter_part002','',#3239,
  #5831,$);
#7108 = PRODUCT_RELATED_PRODUCT_CATEGORY('part',$,(#5833));
#7109 = SHAPE_DEFINITION_REPRESENTATION(#7110,#7116);
#7110 = PRODUCT_DEFINITION_SHAPE('','',#7111);
#7111 = PRODUCT_DEFINITION('design','',#7112,#7115);
#7112 = PRODUCT_DEFINITION_FORMATION('','',#7113);
#7113 = PRODUCT('Shutter_part003','Shutter_part003','',(#7114));
#7114 = PRODUCT_CONTEXT('',#2,'mechanical');
#7115 = PRODUCT_DEFINITION_CONTEXT('part definition',#2,'design');
#7116 = ADVANCED_BREP_SHAPE_REPRESENTATION('',(#11,#7117),#7479);
#7117 = MANIFOLD_SOLID_BREP('',#7118);
#7118 = CLOSED_SHELL('',(#7119,#7161,#7203,#7245,#7287,#7309,#7331,#7355
    ,#7381,#7407,#7431,#7443,#7455,#7467));
#7119 = ADVANCED_FACE('',(#7120),#7156,.F.);
#7120 = FACE_BOUND('',#7121,.F.);
#7121 = EDGE_LOOP('',(#7122,#7132,#7141,#7149));
#7122 = ORIENTED_EDGE('',*,*,#7123,.T.);
#7123 = EDGE_CURVE('',#7124,#7126,#7128,.T.);
#7124 = VERTEX_POINT('',#7125);
#7125 = CARTESIAN_POINT('',(-5.551115123126E-17,14.75,3.6));
#7126 = VERTEX_POINT('',#7127);
#7127 = CARTESIAN_POINT('',(-6.661338147751E-17,14.65,3.5));
#7128 = LINE('',#7129,#7130);
#7129 = CARTESIAN_POINT('',(-5.551115123126E-17,14.75,3.6));
#7130 = VECTOR('',#7131,1.);
#7131 = DIRECTION('',(-7.850462293414E-17,-0.707106781187,
    -0.707106781187));
#7132 = ORIENTED_EDGE('',*,*,#7133,.T.);
#7133 = EDGE_CURVE('',#7126,#7134,#7136,.T.);
#7134 = VERTEX_POINT('',#7135);
#7135 = CARTESIAN_POINT('',(-6.865426471332E-18,15.85,3.5));
#7136 = CIRCLE('',#7137,0.6);
#7137 = AXIS2_PLACEMENT_3D('',#7138,#7139,#7140);
#7138 = CARTESIAN_POINT('',(0.,15.25,3.5));
#7139 = DIRECTION('',(0.,-0.,1.));
#7140 = DIRECTION('',(1.110223024625E-16,1.,0.));
#7141 = ORIENTED_EDGE('',*,*,#7142,.F.);
#7142 = EDGE_CURVE('',#7143,#7134,#7145,.T.);
#7143 = VERTEX_POINT('',#7144);
#7144 = CARTESIAN_POINT('',(-5.72118872611E-18,15.75,3.6));
#7145 = LINE('',#7146,#7147);
#7146 = CARTESIAN_POINT('',(-5.72118872611E-18,15.75,3.6));
#7147 = VECTOR('',#7148,1.);
#7148 = DIRECTION('',(-8.090982689356E-18,0.707106781187,-0.707106781187
    ));
#7149 = ORIENTED_EDGE('',*,*,#7150,.T.);
#7150 = EDGE_CURVE('',#7143,#7124,#7151,.T.);
#7151 = CIRCLE('',#7152,0.5);
#7152 = AXIS2_PLACEMENT_3D('',#7153,#7154,#7155);
#7153 = CARTESIAN_POINT('',(0.,15.25,3.6));
#7154 = DIRECTION('',(0.,0.,-1.));
#7155 = DIRECTION('',(1.110223024625E-16,1.,0.));
#7156 = CONICAL_SURFACE('',#7157,0.5,0.785398163397);
#7157 = AXIS2_PLACEMENT_3D('',#7158,#7159,#7160);
#7158 = CARTESIAN_POINT('',(0.,15.25,3.6));
#7159 = DIRECTION('',(0.,0.,-1.));
#7160 = DIRECTION('',(-1.110223024625E-16,-1.,-0.));
#7161 = ADVANCED_FACE('',(#7162),#7198,.T.);
#7162 = FACE_BOUND('',#7163,.T.);
#7163 = EDGE_LOOP('',(#7164,#7175,#7183,#7192));
#7164 = ORIENTED_EDGE('',*,*,#7165,.F.);
#7165 = EDGE_CURVE('',#7166,#7168,#7170,.T.);
#7166 = VERTEX_POINT('',#7167);
#7167 = CARTESIAN_POINT('',(-3.330050093239E-16,13.85,3.5));
#7168 = VERTEX_POINT('',#7169);
#7169 = CARTESIAN_POINT('',(1.554312234475E-16,16.65,3.5));
#7170 = CIRCLE('',#7171,1.4);
#7171 = AXIS2_PLACEMENT_3D('',#7172,#7173,#7174);
#7172 = CARTESIAN_POINT('',(0.,15.25,3.5));
#7173 = DIRECTION('',(0.,0.,-1.));
#7174 = DIRECTION('',(1.110223024625E-16,1.,0.));
#7175 = ORIENTED_EDGE('',*,*,#7176,.T.);
#7176 = EDGE_CURVE('',#7166,#7177,#7179,.T.);
#7177 = VERTEX_POINT('',#7178);
#7178 = CARTESIAN_POINT('',(-1.665334536938E-16,13.75,3.6));
#7179 = LINE('',#7180,#7181);
#7180 = CARTESIAN_POINT('',(-3.502304735659E-16,13.75,3.6));
#7181 = VECTOR('',#7182,1.);
#7182 = DIRECTION('',(-1.651002285576E-16,-0.707106781187,0.707106781187
    ));
#7183 = ORIENTED_EDGE('',*,*,#7184,.F.);
#7184 = EDGE_CURVE('',#7185,#7177,#7187,.T.);
#7185 = VERTEX_POINT('',#7186);
#7186 = CARTESIAN_POINT('',(-1.716356617833E-17,16.75,3.6));
#7187 = CIRCLE('',#7188,1.5);
#7188 = AXIS2_PLACEMENT_3D('',#7189,#7190,#7191);
#7189 = CARTESIAN_POINT('',(0.,15.25,3.6));
#7190 = DIRECTION('',(0.,-0.,1.));
#7191 = DIRECTION('',(1.110223024625E-16,1.,0.));
#7192 = ORIENTED_EDGE('',*,*,#7193,.F.);
#7193 = EDGE_CURVE('',#7168,#7185,#7194,.T.);
#7194 = LINE('',#7195,#7196);
#7195 = CARTESIAN_POINT('',(1.665334536938E-16,16.75,3.6));
#7196 = VECTOR('',#7197,1.);
#7197 = DIRECTION('',(7.850462293414E-17,0.707106781187,0.707106781187)
  );
#7198 = CONICAL_SURFACE('',#7199,1.5,0.785398163397);
#7199 = AXIS2_PLACEMENT_3D('',#7200,#7201,#7202);
#7200 = CARTESIAN_POINT('',(0.,15.25,3.6));
#7201 = DIRECTION('',(0.,0.,1.));
#7202 = DIRECTION('',(1.110223024625E-16,1.,-0.));
#7203 = ADVANCED_FACE('',(#7204),#7240,.F.);
#7204 = FACE_BOUND('',#7205,.F.);
#7205 = EDGE_LOOP('',(#7206,#7216,#7225,#7233));
#7206 = ORIENTED_EDGE('',*,*,#7207,.T.);
#7207 = EDGE_CURVE('',#7208,#7210,#7212,.T.);
#7208 = VERTEX_POINT('',#7209);
#7209 = CARTESIAN_POINT('',(-5.72118872611E-18,15.75,4.4));
#7210 = VERTEX_POINT('',#7211);
#7211 = CARTESIAN_POINT('',(6.661338147751E-17,15.85,4.5));
#7212 = LINE('',#7213,#7214);
#7213 = CARTESIAN_POINT('',(6.661338147751E-17,15.85,4.5));
#7214 = VECTOR('',#7215,1.);
#7215 = DIRECTION('',(7.850462293414E-17,0.707106781187,0.707106781187)
  );
#7216 = ORIENTED_EDGE('',*,*,#7217,.T.);
#7217 = EDGE_CURVE('',#7210,#7218,#7220,.T.);
#7218 = VERTEX_POINT('',#7219);
#7219 = CARTESIAN_POINT('',(-1.400921894264E-16,14.65,4.5));
#7220 = CIRCLE('',#7221,0.6);
#7221 = AXIS2_PLACEMENT_3D('',#7222,#7223,#7224);
#7222 = CARTESIAN_POINT('',(0.,15.25,4.5));
#7223 = DIRECTION('',(0.,0.,-1.));
#7224 = DIRECTION('',(1.110223024625E-16,1.,0.));
#7225 = ORIENTED_EDGE('',*,*,#7226,.F.);
#7226 = EDGE_CURVE('',#7227,#7218,#7229,.T.);
#7227 = VERTEX_POINT('',#7228);
#7228 = CARTESIAN_POINT('',(-5.551115123126E-17,14.75,4.4));
#7229 = LINE('',#7230,#7231);
#7230 = CARTESIAN_POINT('',(-1.400921894264E-16,14.65,4.5));
#7231 = VECTOR('',#7232,1.);
#7232 = DIRECTION('',(-1.651002285576E-16,-0.707106781187,0.707106781187
    ));
#7233 = ORIENTED_EDGE('',*,*,#7234,.T.);
#7234 = EDGE_CURVE('',#7227,#7208,#7235,.T.);
#7235 = CIRCLE('',#7236,0.5);
#7236 = AXIS2_PLACEMENT_3D('',#7237,#7238,#7239);
#7237 = CARTESIAN_POINT('',(0.,15.25,4.4));
#7238 = DIRECTION('',(0.,-0.,1.));
#7239 = DIRECTION('',(1.110223024625E-16,1.,0.));
#7240 = CONICAL_SURFACE('',#7241,0.6,0.785398163397);
#7241 = AXIS2_PLACEMENT_3D('',#7242,#7243,#7244);
#7242 = CARTESIAN_POINT('',(0.,15.25,4.5));
#7243 = DIRECTION('',(0.,0.,1.));
#7244 = DIRECTION('',(1.110223024625E-16,1.,-0.));
#7245 = ADVANCED_FACE('',(#7246),#7282,.T.);
#7246 = FACE_BOUND('',#7247,.T.);
#7247 = EDGE_LOOP('',(#7248,#7259,#7267,#7276));
#7248 = ORIENTED_EDGE('',*,*,#7249,.F.);
#7249 = EDGE_CURVE('',#7250,#7252,#7254,.T.);
#7250 = VERTEX_POINT('',#7251);
#7251 = CARTESIAN_POINT('',(-2.214256242884E-17,16.65,4.5));
#7252 = VERTEX_POINT('',#7253);
#7253 = CARTESIAN_POINT('',(-1.554312234475E-16,13.85,4.5));
#7254 = CIRCLE('',#7255,1.4);
#7255 = AXIS2_PLACEMENT_3D('',#7256,#7257,#7258);
#7256 = CARTESIAN_POINT('',(0.,15.25,4.5));
#7257 = DIRECTION('',(0.,-0.,1.));
#7258 = DIRECTION('',(1.110223024625E-16,1.,0.));
#7259 = ORIENTED_EDGE('',*,*,#7260,.T.);
#7260 = EDGE_CURVE('',#7250,#7261,#7263,.T.);
#7261 = VERTEX_POINT('',#7262);
#7262 = CARTESIAN_POINT('',(-1.716356617833E-17,16.75,4.4));
#7263 = LINE('',#7264,#7265);
#7264 = CARTESIAN_POINT('',(-1.601932843311E-17,16.65,4.5));
#7265 = VECTOR('',#7266,1.);
#7266 = DIRECTION('',(-8.090982689356E-18,0.707106781187,-0.707106781187
    ));
#7267 = ORIENTED_EDGE('',*,*,#7268,.F.);
#7268 = EDGE_CURVE('',#7269,#7261,#7271,.T.);
#7269 = VERTEX_POINT('',#7270);
#7270 = CARTESIAN_POINT('',(-1.665334536938E-16,13.75,4.4));
#7271 = CIRCLE('',#7272,1.5);
#7272 = AXIS2_PLACEMENT_3D('',#7273,#7274,#7275);
#7273 = CARTESIAN_POINT('',(0.,15.25,4.4));
#7274 = DIRECTION('',(0.,0.,-1.));
#7275 = DIRECTION('',(1.110223024625E-16,1.,0.));
#7276 = ORIENTED_EDGE('',*,*,#7277,.F.);
#7277 = EDGE_CURVE('',#7252,#7269,#7278,.T.);
#7278 = LINE('',#7279,#7280);
#7279 = CARTESIAN_POINT('',(-1.554312234475E-16,13.85,4.5));
#7280 = VECTOR('',#7281,1.);
#7281 = DIRECTION('',(-7.850462293414E-17,-0.707106781187,
    -0.707106781187));
#7282 = CONICAL_SURFACE('',#7283,1.4,0.785398163397);
#7283 = AXIS2_PLACEMENT_3D('',#7284,#7285,#7286);
#7284 = CARTESIAN_POINT('',(0.,15.25,4.5));
#7285 = DIRECTION('',(0.,0.,-1.));
#7286 = DIRECTION('',(-1.110223024625E-16,-1.,-0.));
#7287 = ADVANCED_FACE('',(#7288),#7304,.F.);
#7288 = FACE_BOUND('',#7289,.F.);
#7289 = EDGE_LOOP('',(#7290,#7296,#7297,#7303));
#7290 = ORIENTED_EDGE('',*,*,#7291,.T.);
#7291 = EDGE_CURVE('',#7227,#7124,#7292,.T.);
#7292 = LINE('',#7293,#7294);
#7293 = CARTESIAN_POINT('',(-5.551115123126E-17,14.75,4.5));
#7294 = VECTOR('',#7295,1.);
#7295 = DIRECTION('',(0.,0.,-1.));
#7296 = ORIENTED_EDGE('',*,*,#7150,.F.);
#7297 = ORIENTED_EDGE('',*,*,#7298,.F.);
#7298 = EDGE_CURVE('',#7208,#7143,#7299,.T.);
#7299 = LINE('',#7300,#7301);
#7300 = CARTESIAN_POINT('',(-5.72118872611E-18,15.75,4.5));
#7301 = VECTOR('',#7302,1.);
#7302 = DIRECTION('',(0.,0.,-1.));
#7303 = ORIENTED_EDGE('',*,*,#7234,.F.);
#7304 = CYLINDRICAL_SURFACE('',#7305,0.5);
#7305 = AXIS2_PLACEMENT_3D('',#7306,#7307,#7308);
#7306 = CARTESIAN_POINT('',(0.,15.25,4.5));
#7307 = DIRECTION('',(0.,0.,-1.));
#7308 = DIRECTION('',(-1.110223024625E-16,-1.,-0.));
#7309 = ADVANCED_FACE('',(#7310),#7326,.T.);
#7310 = FACE_BOUND('',#7311,.T.);
#7311 = EDGE_LOOP('',(#7312,#7313,#7319,#7320));
#7312 = ORIENTED_EDGE('',*,*,#7268,.T.);
#7313 = ORIENTED_EDGE('',*,*,#7314,.T.);
#7314 = EDGE_CURVE('',#7261,#7185,#7315,.T.);
#7315 = LINE('',#7316,#7317);
#7316 = CARTESIAN_POINT('',(-1.716356617833E-17,16.75,4.5));
#7317 = VECTOR('',#7318,1.);
#7318 = DIRECTION('',(0.,0.,-1.));
#7319 = ORIENTED_EDGE('',*,*,#7184,.T.);
#7320 = ORIENTED_EDGE('',*,*,#7321,.F.);
#7321 = EDGE_CURVE('',#7269,#7177,#7322,.T.);
#7322 = LINE('',#7323,#7324);
#7323 = CARTESIAN_POINT('',(-1.665334536938E-16,13.75,4.5));
#7324 = VECTOR('',#7325,1.);
#7325 = DIRECTION('',(0.,0.,-1.));
#7326 = CYLINDRICAL_SURFACE('',#7327,1.5);
#7327 = AXIS2_PLACEMENT_3D('',#7328,#7329,#7330);
#7328 = CARTESIAN_POINT('',(0.,15.25,4.5));
#7329 = DIRECTION('',(0.,0.,-1.));
#7330 = DIRECTION('',(-1.110223024625E-16,-1.,-0.));
#7331 = ADVANCED_FACE('',(#7332),#7350,.T.);
#7332 = FACE_BOUND('',#7333,.T.);
#7333 = EDGE_LOOP('',(#7334,#7335,#7342,#7343));
#7334 = ORIENTED_EDGE('',*,*,#7314,.F.);
#7335 = ORIENTED_EDGE('',*,*,#7336,.T.);
#7336 = EDGE_CURVE('',#7261,#7269,#7337,.T.);
#7337 = CIRCLE('',#7338,1.5);
#7338 = AXIS2_PLACEMENT_3D('',#7339,#7340,#7341);
#7339 = CARTESIAN_POINT('',(0.,15.25,4.4));
#7340 = DIRECTION('',(0.,0.,-1.));
#7341 = DIRECTION('',(1.110223024625E-16,1.,0.));
#7342 = ORIENTED_EDGE('',*,*,#7321,.T.);
#7343 = ORIENTED_EDGE('',*,*,#7344,.T.);
#7344 = EDGE_CURVE('',#7177,#7185,#7345,.T.);
#7345 = CIRCLE('',#7346,1.5);
#7346 = AXIS2_PLACEMENT_3D('',#7347,#7348,#7349);
#7347 = CARTESIAN_POINT('',(0.,15.25,3.6));
#7348 = DIRECTION('',(0.,-0.,1.));
#7349 = DIRECTION('',(1.110223024625E-16,1.,0.));
#7350 = CYLINDRICAL_SURFACE('',#7351,1.5);
#7351 = AXIS2_PLACEMENT_3D('',#7352,#7353,#7354);
#7352 = CARTESIAN_POINT('',(0.,15.25,4.5));
#7353 = DIRECTION('',(0.,0.,-1.));
#7354 = DIRECTION('',(-1.110223024625E-16,-1.,-0.));
#7355 = ADVANCED_FACE('',(#7356,#7366),#7376,.T.);
#7356 = FACE_BOUND('',#7357,.T.);
#7357 = EDGE_LOOP('',(#7358,#7365));
#7358 = ORIENTED_EDGE('',*,*,#7359,.T.);
#7359 = EDGE_CURVE('',#7252,#7250,#7360,.T.);
#7360 = CIRCLE('',#7361,1.4);
#7361 = AXIS2_PLACEMENT_3D('',#7362,#7363,#7364);
#7362 = CARTESIAN_POINT('',(0.,15.25,4.5));
#7363 = DIRECTION('',(0.,-0.,1.));
#7364 = DIRECTION('',(1.110223024625E-16,1.,0.));
#7365 = ORIENTED_EDGE('',*,*,#7249,.T.);
#7366 = FACE_BOUND('',#7367,.T.);
#7367 = EDGE_LOOP('',(#7368,#7369));
#7368 = ORIENTED_EDGE('',*,*,#7217,.T.);
#7369 = ORIENTED_EDGE('',*,*,#7370,.T.);
#7370 = EDGE_CURVE('',#7218,#7210,#7371,.T.);
#7371 = CIRCLE('',#7372,0.6);
#7372 = AXIS2_PLACEMENT_3D('',#7373,#7374,#7375);
#7373 = CARTESIAN_POINT('',(0.,15.25,4.5));
#7374 = DIRECTION('',(0.,0.,-1.));
#7375 = DIRECTION('',(1.110223024625E-16,1.,0.));
#7376 = PLANE('',#7377);
#7377 = AXIS2_PLACEMENT_3D('',#7378,#7379,#7380);
#7378 = CARTESIAN_POINT('',(0.,15.25,4.5));
#7379 = DIRECTION('',(0.,0.,1.));
#7380 = DIRECTION('',(1.110223024625E-16,1.,-0.));
#7381 = ADVANCED_FACE('',(#7382,#7392),#7402,.F.);
#7382 = FACE_BOUND('',#7383,.T.);
#7383 = EDGE_LOOP('',(#7384,#7391));
#7384 = ORIENTED_EDGE('',*,*,#7385,.T.);
#7385 = EDGE_CURVE('',#7168,#7166,#7386,.T.);
#7386 = CIRCLE('',#7387,1.4);
#7387 = AXIS2_PLACEMENT_3D('',#7388,#7389,#7390);
#7388 = CARTESIAN_POINT('',(0.,15.25,3.5));
#7389 = DIRECTION('',(0.,0.,-1.));
#7390 = DIRECTION('',(1.110223024625E-16,1.,0.));
#7391 = ORIENTED_EDGE('',*,*,#7165,.T.);
#7392 = FACE_BOUND('',#7393,.T.);
#7393 = EDGE_LOOP('',(#7394,#7395));
#7394 = ORIENTED_EDGE('',*,*,#7133,.T.);
#7395 = ORIENTED_EDGE('',*,*,#7396,.T.);
#7396 = EDGE_CURVE('',#7134,#7126,#7397,.T.);
#7397 = CIRCLE('',#7398,0.6);
#7398 = AXIS2_PLACEMENT_3D('',#7399,#7400,#7401);
#7399 = CARTESIAN_POINT('',(0.,15.25,3.5));
#7400 = DIRECTION('',(0.,-0.,1.));
#7401 = DIRECTION('',(1.110223024625E-16,1.,0.));
#7402 = PLANE('',#7403);
#7403 = AXIS2_PLACEMENT_3D('',#7404,#7405,#7406);
#7404 = CARTESIAN_POINT('',(0.,15.25,3.5));
#7405 = DIRECTION('',(0.,0.,1.));
#7406 = DIRECTION('',(1.110223024625E-16,1.,-0.));
#7407 = ADVANCED_FACE('',(#7408),#7426,.F.);
#7408 = FACE_BOUND('',#7409,.F.);
#7409 = EDGE_LOOP('',(#7410,#7417,#7418,#7425));
#7410 = ORIENTED_EDGE('',*,*,#7411,.F.);
#7411 = EDGE_CURVE('',#7124,#7143,#7412,.T.);
#7412 = CIRCLE('',#7413,0.5);
#7413 = AXIS2_PLACEMENT_3D('',#7414,#7415,#7416);
#7414 = CARTESIAN_POINT('',(0.,15.25,3.6));
#7415 = DIRECTION('',(0.,0.,-1.));
#7416 = DIRECTION('',(1.110223024625E-16,1.,0.));
#7417 = ORIENTED_EDGE('',*,*,#7291,.F.);
#7418 = ORIENTED_EDGE('',*,*,#7419,.F.);
#7419 = EDGE_CURVE('',#7208,#7227,#7420,.T.);
#7420 = CIRCLE('',#7421,0.5);
#7421 = AXIS2_PLACEMENT_3D('',#7422,#7423,#7424);
#7422 = CARTESIAN_POINT('',(0.,15.25,4.4));
#7423 = DIRECTION('',(0.,-0.,1.));
#7424 = DIRECTION('',(1.110223024625E-16,1.,0.));
#7425 = ORIENTED_EDGE('',*,*,#7298,.T.);
#7426 = CYLINDRICAL_SURFACE('',#7427,0.5);
#7427 = AXIS2_PLACEMENT_3D('',#7428,#7429,#7430);
#7428 = CARTESIAN_POINT('',(0.,15.25,4.5));
#7429 = DIRECTION('',(0.,0.,-1.));
#7430 = DIRECTION('',(-1.110223024625E-16,-1.,-0.));
#7431 = ADVANCED_FACE('',(#7432),#7438,.T.);
#7432 = FACE_BOUND('',#7433,.T.);
#7433 = EDGE_LOOP('',(#7434,#7435,#7436,#7437));
#7434 = ORIENTED_EDGE('',*,*,#7260,.F.);
#7435 = ORIENTED_EDGE('',*,*,#7359,.F.);
#7436 = ORIENTED_EDGE('',*,*,#7277,.T.);
#7437 = ORIENTED_EDGE('',*,*,#7336,.F.);
#7438 = CONICAL_SURFACE('',#7439,1.4,0.785398163397);
#7439 = AXIS2_PLACEMENT_3D('',#7440,#7441,#7442);
#7440 = CARTESIAN_POINT('',(0.,15.25,4.5));
#7441 = DIRECTION('',(0.,0.,-1.));
#7442 = DIRECTION('',(-1.110223024625E-16,-1.,-0.));
#7443 = ADVANCED_FACE('',(#7444),#7450,.F.);
#7444 = FACE_BOUND('',#7445,.F.);
#7445 = EDGE_LOOP('',(#7446,#7447,#7448,#7449));
#7446 = ORIENTED_EDGE('',*,*,#7370,.T.);
#7447 = ORIENTED_EDGE('',*,*,#7207,.F.);
#7448 = ORIENTED_EDGE('',*,*,#7419,.T.);
#7449 = ORIENTED_EDGE('',*,*,#7226,.T.);
#7450 = CONICAL_SURFACE('',#7451,0.6,0.785398163397);
#7451 = AXIS2_PLACEMENT_3D('',#7452,#7453,#7454);
#7452 = CARTESIAN_POINT('',(0.,15.25,4.5));
#7453 = DIRECTION('',(0.,0.,1.));
#7454 = DIRECTION('',(1.110223024625E-16,1.,-0.));
#7455 = ADVANCED_FACE('',(#7456),#7462,.T.);
#7456 = FACE_BOUND('',#7457,.T.);
#7457 = EDGE_LOOP('',(#7458,#7459,#7460,#7461));
#7458 = ORIENTED_EDGE('',*,*,#7176,.F.);
#7459 = ORIENTED_EDGE('',*,*,#7385,.F.);
#7460 = ORIENTED_EDGE('',*,*,#7193,.T.);
#7461 = ORIENTED_EDGE('',*,*,#7344,.F.);
#7462 = CONICAL_SURFACE('',#7463,1.5,0.785398163397);
#7463 = AXIS2_PLACEMENT_3D('',#7464,#7465,#7466);
#7464 = CARTESIAN_POINT('',(0.,15.25,3.6));
#7465 = DIRECTION('',(0.,0.,1.));
#7466 = DIRECTION('',(1.110223024625E-16,1.,-0.));
#7467 = ADVANCED_FACE('',(#7468),#7474,.F.);
#7468 = FACE_BOUND('',#7469,.F.);
#7469 = EDGE_LOOP('',(#7470,#7471,#7472,#7473));
#7470 = ORIENTED_EDGE('',*,*,#7396,.T.);
#7471 = ORIENTED_EDGE('',*,*,#7123,.F.);
#7472 = ORIENTED_EDGE('',*,*,#7411,.T.);
#7473 = ORIENTED_EDGE('',*,*,#7142,.T.);
#7474 = CONICAL_SURFACE('',#7475,0.5,0.785398163397);
#7475 = AXIS2_PLACEMENT_3D('',#7476,#7477,#7478);
#7476 = CARTESIAN_POINT('',(0.,15.25,3.6));
#7477 = DIRECTION('',(0.,0.,-1.));
#7478 = DIRECTION('',(-1.110223024625E-16,-1.,-0.));
#7479 = ( GEOMETRIC_REPRESENTATION_CONTEXT(3) 
GLOBAL_UNCERTAINTY_ASSIGNED_CONTEXT((#7483)) 
GLOBAL_UNIT_ASSIGNED_CONTEXT((#7480,#7481,#7482)) REPRESENTATION_CONTEXT
('Context #1','3D Context with UNIT and UNCERTAINTY') );
#7480 = ( LENGTH_UNIT() NAMED_UNIT(*) SI_UNIT(.MILLI.,.METRE.) );
#7481 = ( NAMED_UNIT(*) PLANE_ANGLE_UNIT() SI_UNIT($,.RADIAN.) );
#7482 = ( NAMED_UNIT(*) SI_UNIT($,.STERADIAN.) SOLID_ANGLE_UNIT() );
#7483 = UNCERTAINTY_MEASURE_WITH_UNIT(LENGTH_MEASURE(1.E-07),#7480,
  'distance_accuracy_value','confusion accuracy');
#7484 = CONTEXT_DEPENDENT_SHAPE_REPRESENTATION(#7485,#7487);
#7485 = ( REPRESENTATION_RELATIONSHIP('','',#7116,#3244) 
REPRESENTATION_RELATIONSHIP_WITH_TRANSFORMATION(#7486) 
SHAPE_REPRESENTATION_RELATIONSHIP() );
#7486 = ITEM_DEFINED_TRANSFORMATION('','',#11,#3257);
#7487 = PRODUCT_DEFINITION_SHAPE('Placement','Placement of an item',
  #7488);
#7488 = NEXT_ASSEMBLY_USAGE_OCCURRENCE('10','Shutter_part003','',#3239,
  #7111,$);
#7489 = PRODUCT_RELATED_PRODUCT_CATEGORY('part',$,(#7113));
#7490 = SHAPE_DEFINITION_REPRESENTATION(#7491,#7497);
#7491 = PRODUCT_DEFINITION_SHAPE('','',#7492);
#7492 = PRODUCT_DEFINITION('design','',#7493,#7496);
#7493 = PRODUCT_DEFINITION_FORMATION('','',#7494);
#7494 = PRODUCT('Shutter_part004','Shutter_part004','',(#7495));
#7495 = PRODUCT_CONTEXT('',#2,'mechanical');
#7496 = PRODUCT_DEFINITION_CONTEXT('part definition',#2,'design');
#7497 = ADVANCED_BREP_SHAPE_REPRESENTATION('',(#11,#7498),#8062);
#7498 = MANIFOLD_SOLID_BREP('',#7499);
#7499 = CLOSED_SHELL('',(#7500,#7542,#7582,#7613,#7644,#7666,#7706,#7728
    ,#7745,#7762,#7774,#7796,#7846,#7858,#7898,#7929,#7953,#7977,#7994,
    #8016,#8033,#8050));
#7500 = ADVANCED_FACE('',(#7501),#7537,.T.);
#7501 = FACE_BOUND('',#7502,.T.);
#7502 = EDGE_LOOP('',(#7503,#7514,#7522,#7531));
#7503 = ORIENTED_EDGE('',*,*,#7504,.T.);
#7504 = EDGE_CURVE('',#7505,#7507,#7509,.T.);
#7505 = VERTEX_POINT('',#7506);
#7506 = CARTESIAN_POINT('',(2.269763687099,15.122337144302,1.3));
#7507 = VERTEX_POINT('',#7508);
#7508 = CARTESIAN_POINT('',(2.213112454313,15.769863698062,1.3));
#7509 = CIRCLE('',#7510,0.325);
#7510 = AXIS2_PLACEMENT_3D('',#7511,#7512,#7513);
#7511 = CARTESIAN_POINT('',(2.241438070706,15.446100421182,1.3));
#7512 = DIRECTION('',(-1.152593217946E-16,-1.31709507758E-16,1.));
#7513 = DIRECTION('',(8.715574274764E-02,-0.996194698092,
    -1.211628015172E-16));
#7514 = ORIENTED_EDGE('',*,*,#7515,.T.);
#7515 = EDGE_CURVE('',#7507,#7516,#7518,.T.);
#7516 = VERTEX_POINT('',#7517);
#7517 = CARTESIAN_POINT('',(2.213112454313,15.769863698062,1.45));
#7518 = LINE('',#7519,#7520);
#7519 = CARTESIAN_POINT('',(2.213112454313,15.769863698062,1.3));
#7520 = VECTOR('',#7521,1.);
#7521 = DIRECTION('',(-1.152593217946E-16,-1.31709507758E-16,1.));
#7522 = ORIENTED_EDGE('',*,*,#7523,.F.);
#7523 = EDGE_CURVE('',#7524,#7516,#7526,.T.);
#7524 = VERTEX_POINT('',#7525);
#7525 = CARTESIAN_POINT('',(2.269763687099,15.122337144302,1.45));
#7526 = CIRCLE('',#7527,0.325);
#7527 = AXIS2_PLACEMENT_3D('',#7528,#7529,#7530);
#7528 = CARTESIAN_POINT('',(2.241438070706,15.446100421182,1.45));
#7529 = DIRECTION('',(-1.152593217946E-16,-1.31709507758E-16,1.));
#7530 = DIRECTION('',(8.715574274764E-02,-0.996194698092,
    -1.211628015172E-16));
#7531 = ORIENTED_EDGE('',*,*,#7532,.F.);
#7532 = EDGE_CURVE('',#7505,#7524,#7533,.T.);
#7533 = LINE('',#7534,#7535);
#7534 = CARTESIAN_POINT('',(2.269763687099,15.122337144302,1.3));
#7535 = VECTOR('',#7536,1.);
#7536 = DIRECTION('',(-1.152593217946E-16,-1.31709507758E-16,1.));
#7537 = CYLINDRICAL_SURFACE('',#7538,0.325);
#7538 = AXIS2_PLACEMENT_3D('',#7539,#7540,#7541);
#7539 = CARTESIAN_POINT('',(2.241438070706,15.446100421182,1.3));
#7540 = DIRECTION('',(-1.152593217946E-16,-1.31709507758E-16,1.));
#7541 = DIRECTION('',(8.715574274764E-02,-0.996194698092,
    -1.211628015172E-16));
#7542 = ADVANCED_FACE('',(#7543),#7577,.F.);
#7543 = FACE_BOUND('',#7544,.T.);
#7544 = EDGE_LOOP('',(#7545,#7555,#7563,#7571));
#7545 = ORIENTED_EDGE('',*,*,#7546,.F.);
#7546 = EDGE_CURVE('',#7547,#7549,#7551,.T.);
#7547 = VERTEX_POINT('',#7548);
#7548 = CARTESIAN_POINT('',(2.400519887892,15.635686748329,1.3));
#7549 = VERTEX_POINT('',#7550);
#7550 = CARTESIAN_POINT('',(2.05185174356,15.605182238367,1.3));
#7551 = LINE('',#7552,#7553);
#7552 = CARTESIAN_POINT('',(2.400519887892,15.635686748329,1.3));
#7553 = VECTOR('',#7554,1.);
#7554 = DIRECTION('',(-0.996194698092,-8.715574274764E-02,
    -1.26299965253E-16));
#7555 = ORIENTED_EDGE('',*,*,#7556,.T.);
#7556 = EDGE_CURVE('',#7547,#7557,#7559,.T.);
#7557 = VERTEX_POINT('',#7558);
#7558 = CARTESIAN_POINT('',(2.400519887892,15.635686748329,
    -8.835151354833));
#7559 = LINE('',#7560,#7561);
#7560 = CARTESIAN_POINT('',(2.400519887892,15.635686748329,3.5));
#7561 = VECTOR('',#7562,1.);
#7562 = DIRECTION('',(1.152593217946E-16,1.31709507758E-16,-1.));
#7563 = ORIENTED_EDGE('',*,*,#7564,.T.);
#7564 = EDGE_CURVE('',#7557,#7565,#7567,.T.);
#7565 = VERTEX_POINT('',#7566);
#7566 = CARTESIAN_POINT('',(2.05185174356,15.605182238367,
    -8.835151354833));
#7567 = LINE('',#7568,#7569);
#7568 = CARTESIAN_POINT('',(2.05185174356,15.605182238367,
    -8.835151354833));
#7569 = VECTOR('',#7570,1.);
#7570 = DIRECTION('',(-0.996194698092,-8.715574274764E-02,
    -1.26299965253E-16));
#7571 = ORIENTED_EDGE('',*,*,#7572,.F.);
#7572 = EDGE_CURVE('',#7549,#7565,#7573,.T.);
#7573 = LINE('',#7574,#7575);
#7574 = CARTESIAN_POINT('',(2.05185174356,15.605182238367,3.5));
#7575 = VECTOR('',#7576,1.);
#7576 = DIRECTION('',(1.152593217946E-16,1.31709507758E-16,-1.));
#7577 = PLANE('',#7578);
#7578 = AXIS2_PLACEMENT_3D('',#7579,#7580,#7581);
#7579 = CARTESIAN_POINT('',(2.400519887892,15.635686748329,3.5));
#7580 = DIRECTION('',(8.715574274764E-02,-0.996194698092,
    -1.211628015172E-16));
#7581 = DIRECTION('',(1.152593217946E-16,1.31709507758E-16,-1.));
#7582 = ADVANCED_FACE('',(#7583),#7608,.F.);
#7583 = FACE_BOUND('',#7584,.T.);
#7584 = EDGE_LOOP('',(#7585,#7593,#7594,#7602));
#7585 = ORIENTED_EDGE('',*,*,#7586,.F.);
#7586 = EDGE_CURVE('',#7549,#7587,#7589,.T.);
#7587 = VERTEX_POINT('',#7588);
#7588 = CARTESIAN_POINT('',(2.082356253521,15.256514094035,1.3));
#7589 = LINE('',#7590,#7591);
#7590 = CARTESIAN_POINT('',(2.082356253521,15.256514094035,1.3));
#7591 = VECTOR('',#7592,1.);
#7592 = DIRECTION('',(8.715574274764E-02,-0.996194698092,
    -1.211628015172E-16));
#7593 = ORIENTED_EDGE('',*,*,#7572,.T.);
#7594 = ORIENTED_EDGE('',*,*,#7595,.T.);
#7595 = EDGE_CURVE('',#7565,#7596,#7598,.T.);
#7596 = VERTEX_POINT('',#7597);
#7597 = CARTESIAN_POINT('',(2.082356253521,15.256514094035,
    -8.835151354833));
#7598 = LINE('',#7599,#7600);
#7599 = CARTESIAN_POINT('',(2.082356253521,15.256514094035,
    -8.835151354833));
#7600 = VECTOR('',#7601,1.);
#7601 = DIRECTION('',(8.715574274764E-02,-0.996194698092,
    -1.211628015172E-16));
#7602 = ORIENTED_EDGE('',*,*,#7603,.F.);
#7603 = EDGE_CURVE('',#7587,#7596,#7604,.T.);
#7604 = LINE('',#7605,#7606);
#7605 = CARTESIAN_POINT('',(2.082356253521,15.256514094035,3.5));
#7606 = VECTOR('',#7607,1.);
#7607 = DIRECTION('',(1.152593217946E-16,1.31709507758E-16,-1.));
#7608 = PLANE('',#7609);
#7609 = AXIS2_PLACEMENT_3D('',#7610,#7611,#7612);
#7610 = CARTESIAN_POINT('',(2.082356253521,15.256514094035,3.5));
#7611 = DIRECTION('',(0.996194698092,8.715574274764E-02,
    1.26299965253E-16));
#7612 = DIRECTION('',(-1.152593217946E-16,-1.31709507758E-16,1.));
#7613 = ADVANCED_FACE('',(#7614),#7639,.F.);
#7614 = FACE_BOUND('',#7615,.T.);
#7615 = EDGE_LOOP('',(#7616,#7624,#7625,#7633));
#7616 = ORIENTED_EDGE('',*,*,#7617,.F.);
#7617 = EDGE_CURVE('',#7587,#7618,#7620,.T.);
#7618 = VERTEX_POINT('',#7619);
#7619 = CARTESIAN_POINT('',(2.431024397853,15.287018603997,1.3));
#7620 = LINE('',#7621,#7622);
#7621 = CARTESIAN_POINT('',(2.431024397853,15.287018603997,1.3));
#7622 = VECTOR('',#7623,1.);
#7623 = DIRECTION('',(0.996194698092,8.715574274764E-02,
    1.26299965253E-16));
#7624 = ORIENTED_EDGE('',*,*,#7603,.T.);
#7625 = ORIENTED_EDGE('',*,*,#7626,.T.);
#7626 = EDGE_CURVE('',#7596,#7627,#7629,.T.);
#7627 = VERTEX_POINT('',#7628);
#7628 = CARTESIAN_POINT('',(2.431024397853,15.287018603997,
    -8.835151354833));
#7629 = LINE('',#7630,#7631);
#7630 = CARTESIAN_POINT('',(2.431024397853,15.287018603997,
    -8.835151354833));
#7631 = VECTOR('',#7632,1.);
#7632 = DIRECTION('',(0.996194698092,8.715574274764E-02,
    1.26299965253E-16));
#7633 = ORIENTED_EDGE('',*,*,#7634,.F.);
#7634 = EDGE_CURVE('',#7618,#7627,#7635,.T.);
#7635 = LINE('',#7636,#7637);
#7636 = CARTESIAN_POINT('',(2.431024397853,15.287018603997,3.5));
#7637 = VECTOR('',#7638,1.);
#7638 = DIRECTION('',(1.152593217946E-16,1.31709507758E-16,-1.));
#7639 = PLANE('',#7640);
#7640 = AXIS2_PLACEMENT_3D('',#7641,#7642,#7643);
#7641 = CARTESIAN_POINT('',(2.431024397853,15.287018603997,3.5));
#7642 = DIRECTION('',(-8.715574274764E-02,0.996194698092,
    1.211628015172E-16));
#7643 = DIRECTION('',(-1.152593217946E-16,-1.31709507758E-16,1.));
#7644 = ADVANCED_FACE('',(#7645),#7661,.F.);
#7645 = FACE_BOUND('',#7646,.T.);
#7646 = EDGE_LOOP('',(#7647,#7653,#7654,#7660));
#7647 = ORIENTED_EDGE('',*,*,#7648,.F.);
#7648 = EDGE_CURVE('',#7618,#7547,#7649,.T.);
#7649 = LINE('',#7650,#7651);
#7650 = CARTESIAN_POINT('',(2.431024397853,15.287018603997,1.3));
#7651 = VECTOR('',#7652,1.);
#7652 = DIRECTION('',(-8.715574274764E-02,0.996194698092,
    1.211628015172E-16));
#7653 = ORIENTED_EDGE('',*,*,#7634,.T.);
#7654 = ORIENTED_EDGE('',*,*,#7655,.T.);
#7655 = EDGE_CURVE('',#7627,#7557,#7656,.T.);
#7656 = LINE('',#7657,#7658);
#7657 = CARTESIAN_POINT('',(2.400519887892,15.635686748329,
    -8.835151354833));
#7658 = VECTOR('',#7659,1.);
#7659 = DIRECTION('',(-8.715574274764E-02,0.996194698092,
    1.211628015172E-16));
#7660 = ORIENTED_EDGE('',*,*,#7556,.F.);
#7661 = PLANE('',#7662);
#7662 = AXIS2_PLACEMENT_3D('',#7663,#7664,#7665);
#7663 = CARTESIAN_POINT('',(2.431024397853,15.287018603997,3.5));
#7664 = DIRECTION('',(-0.996194698092,-8.715574274764E-02,
    -1.26299965253E-16));
#7665 = DIRECTION('',(1.152593217946E-16,1.31709507758E-16,-1.));
#7666 = ADVANCED_FACE('',(#7667),#7701,.T.);
#7667 = FACE_BOUND('',#7668,.T.);
#7668 = EDGE_LOOP('',(#7669,#7679,#7687,#7695));
#7669 = ORIENTED_EDGE('',*,*,#7670,.T.);
#7670 = EDGE_CURVE('',#7671,#7673,#7675,.T.);
#7671 = VERTEX_POINT('',#7672);
#7672 = CARTESIAN_POINT('',(2.345977550571,15.570685721879,-9.));
#7673 = VERTEX_POINT('',#7674);
#7674 = CARTESIAN_POINT('',(2.366023371403,15.341560941318,-9.));
#7675 = LINE('',#7676,#7677);
#7676 = CARTESIAN_POINT('',(2.371252715968,15.281789259432,-9.));
#7677 = VECTOR('',#7678,1.);
#7678 = DIRECTION('',(8.715574274764E-02,-0.996194698092,
    -1.211628015172E-16));
#7679 = ORIENTED_EDGE('',*,*,#7680,.T.);
#7680 = EDGE_CURVE('',#7673,#7681,#7683,.T.);
#7681 = VERTEX_POINT('',#7682);
#7682 = CARTESIAN_POINT('',(2.136898590842,15.321515120486,-9.));
#7683 = LINE('',#7684,#7685);
#7684 = CARTESIAN_POINT('',(2.077126908956,15.316285775921,-9.));
#7685 = VECTOR('',#7686,1.);
#7686 = DIRECTION('',(-0.996194698092,-8.715574274764E-02,
    -1.26299965253E-16));
#7687 = ORIENTED_EDGE('',*,*,#7688,.T.);
#7688 = EDGE_CURVE('',#7681,#7689,#7691,.T.);
#7689 = VERTEX_POINT('',#7690);
#7690 = CARTESIAN_POINT('',(2.11685277001,15.550639901047,-9.));
#7691 = LINE('',#7692,#7693);
#7692 = CARTESIAN_POINT('',(2.111623425445,15.610411582932,-9.));
#7693 = VECTOR('',#7694,1.);
#7694 = DIRECTION('',(-8.715574274764E-02,0.996194698092,
    1.211628015172E-16));
#7695 = ORIENTED_EDGE('',*,*,#7696,.T.);
#7696 = EDGE_CURVE('',#7689,#7671,#7697,.T.);
#7697 = LINE('',#7698,#7699);
#7698 = CARTESIAN_POINT('',(2.405749232457,15.575915066444,-9.));
#7699 = VECTOR('',#7700,1.);
#7700 = DIRECTION('',(0.996194698092,8.715574274764E-02,
    1.26299965253E-16));
#7701 = PLANE('',#7702);
#7702 = AXIS2_PLACEMENT_3D('',#7703,#7704,#7705);
#7703 = CARTESIAN_POINT('',(2.05185174356,15.605182238367,-9.));
#7704 = DIRECTION('',(1.152593217946E-16,1.31709507758E-16,-1.));
#7705 = DIRECTION('',(-8.715574274764E-02,0.996194698092,
    1.211628015172E-16));
#7706 = ADVANCED_FACE('',(#7707),#7723,.T.);
#7707 = FACE_BOUND('',#7708,.T.);
#7708 = EDGE_LOOP('',(#7709,#7715,#7716,#7722));
#7709 = ORIENTED_EDGE('',*,*,#7710,.F.);
#7710 = EDGE_CURVE('',#7671,#7557,#7711,.T.);
#7711 = LINE('',#7712,#7713);
#7712 = CARTESIAN_POINT('',(2.400519887892,15.635686748329,
    -8.835151354833));
#7713 = VECTOR('',#7714,1.);
#7714 = DIRECTION('',(0.294179166157,0.350589078133,0.889126490716));
#7715 = ORIENTED_EDGE('',*,*,#7696,.F.);
#7716 = ORIENTED_EDGE('',*,*,#7717,.F.);
#7717 = EDGE_CURVE('',#7565,#7689,#7718,.T.);
#7718 = LINE('',#7719,#7720);
#7719 = CARTESIAN_POINT('',(2.091561373958,15.571861902146,
    -8.935858668681));
#7720 = VECTOR('',#7721,1.);
#7721 = DIRECTION('',(0.350589078133,-0.294179166157,-0.889126490716));
#7722 = ORIENTED_EDGE('',*,*,#7564,.F.);
#7723 = PLANE('',#7724);
#7724 = AXIS2_PLACEMENT_3D('',#7725,#7726,#7727);
#7725 = CARTESIAN_POINT('',(2.400519887892,15.635686748329,
    -8.835151354833));
#7726 = DIRECTION('',(-8.189960831907E-02,0.936116806663,-0.342020143326
    ));
#7727 = DIRECTION('',(0.996194698092,8.715574274764E-02,
    -2.466776782839E-15));
#7728 = ADVANCED_FACE('',(#7729),#7740,.T.);
#7729 = FACE_BOUND('',#7730,.T.);
#7730 = EDGE_LOOP('',(#7731,#7732,#7733,#7739));
#7731 = ORIENTED_EDGE('',*,*,#7717,.T.);
#7732 = ORIENTED_EDGE('',*,*,#7688,.F.);
#7733 = ORIENTED_EDGE('',*,*,#7734,.F.);
#7734 = EDGE_CURVE('',#7596,#7681,#7735,.T.);
#7735 = LINE('',#7736,#7737);
#7736 = CARTESIAN_POINT('',(2.082356253521,15.256514094035,
    -8.835151354833));
#7737 = VECTOR('',#7738,1.);
#7738 = DIRECTION('',(0.294179166157,0.350589078133,-0.889126490716));
#7739 = ORIENTED_EDGE('',*,*,#7595,.F.);
#7740 = PLANE('',#7741);
#7741 = AXIS2_PLACEMENT_3D('',#7742,#7743,#7744);
#7742 = CARTESIAN_POINT('',(2.082356253521,15.256514094035,
    -8.835151354833));
#7743 = DIRECTION('',(-0.936116806663,-8.189960831907E-02,
    -0.342020143326));
#7744 = DIRECTION('',(-8.715574274764E-02,0.996194698092,
    -2.470246229791E-15));
#7745 = ADVANCED_FACE('',(#7746),#7757,.T.);
#7746 = FACE_BOUND('',#7747,.T.);
#7747 = EDGE_LOOP('',(#7748,#7749,#7750,#7756));
#7748 = ORIENTED_EDGE('',*,*,#7710,.T.);
#7749 = ORIENTED_EDGE('',*,*,#7655,.F.);
#7750 = ORIENTED_EDGE('',*,*,#7751,.F.);
#7751 = EDGE_CURVE('',#7673,#7627,#7752,.T.);
#7752 = LINE('',#7753,#7754);
#7753 = CARTESIAN_POINT('',(2.431024397853,15.287018603997,
    -8.835151354833));
#7754 = VECTOR('',#7755,1.);
#7755 = DIRECTION('',(0.350589078133,-0.294179166157,0.889126490716));
#7756 = ORIENTED_EDGE('',*,*,#7670,.F.);
#7757 = PLANE('',#7758);
#7758 = AXIS2_PLACEMENT_3D('',#7759,#7760,#7761);
#7759 = CARTESIAN_POINT('',(2.431024397853,15.287018603997,
    -8.835151354833));
#7760 = DIRECTION('',(0.936116806663,8.189960831907E-02,-0.342020143326)
  );
#7761 = DIRECTION('',(8.715574274764E-02,-0.996194698092,
    -2.685351940812E-15));
#7762 = ADVANCED_FACE('',(#7763),#7769,.T.);
#7763 = FACE_BOUND('',#7764,.T.);
#7764 = EDGE_LOOP('',(#7765,#7766,#7767,#7768));
#7765 = ORIENTED_EDGE('',*,*,#7734,.T.);
#7766 = ORIENTED_EDGE('',*,*,#7680,.F.);
#7767 = ORIENTED_EDGE('',*,*,#7751,.T.);
#7768 = ORIENTED_EDGE('',*,*,#7626,.F.);
#7769 = PLANE('',#7770);
#7770 = AXIS2_PLACEMENT_3D('',#7771,#7772,#7773);
#7771 = CARTESIAN_POINT('',(2.431024397853,15.287018603997,
    -8.835151354833));
#7772 = DIRECTION('',(8.189960831907E-02,-0.936116806663,-0.342020143326
    ));
#7773 = DIRECTION('',(-0.996194698092,-8.715574274764E-02,
    -2.688821387764E-15));
#7774 = ADVANCED_FACE('',(#7775,#7785),#7791,.F.);
#7775 = FACE_BOUND('',#7776,.T.);
#7776 = EDGE_LOOP('',(#7777,#7778));
#7777 = ORIENTED_EDGE('',*,*,#7504,.F.);
#7778 = ORIENTED_EDGE('',*,*,#7779,.F.);
#7779 = EDGE_CURVE('',#7507,#7505,#7780,.T.);
#7780 = CIRCLE('',#7781,0.325);
#7781 = AXIS2_PLACEMENT_3D('',#7782,#7783,#7784);
#7782 = CARTESIAN_POINT('',(2.241438070706,15.446100421182,1.3));
#7783 = DIRECTION('',(-1.152593217946E-16,-1.31709507758E-16,1.));
#7784 = DIRECTION('',(8.715574274764E-02,-0.996194698092,
    -1.211628015172E-16));
#7785 = FACE_BOUND('',#7786,.T.);
#7786 = EDGE_LOOP('',(#7787,#7788,#7789,#7790));
#7787 = ORIENTED_EDGE('',*,*,#7648,.T.);
#7788 = ORIENTED_EDGE('',*,*,#7546,.T.);
#7789 = ORIENTED_EDGE('',*,*,#7586,.T.);
#7790 = ORIENTED_EDGE('',*,*,#7617,.T.);
#7791 = PLANE('',#7792);
#7792 = AXIS2_PLACEMENT_3D('',#7793,#7794,#7795);
#7793 = CARTESIAN_POINT('',(2.241438070706,15.446100421182,1.3));
#7794 = DIRECTION('',(-1.152593217946E-16,-1.31709507758E-16,1.));
#7795 = DIRECTION('',(8.715574274764E-02,-0.996194698092,
    -1.211628015172E-16));
#7796 = ADVANCED_FACE('',(#7797,#7807),#7841,.T.);
#7797 = FACE_BOUND('',#7798,.T.);
#7798 = EDGE_LOOP('',(#7799,#7800));
#7799 = ORIENTED_EDGE('',*,*,#7523,.T.);
#7800 = ORIENTED_EDGE('',*,*,#7801,.T.);
#7801 = EDGE_CURVE('',#7516,#7524,#7802,.T.);
#7802 = CIRCLE('',#7803,0.325);
#7803 = AXIS2_PLACEMENT_3D('',#7804,#7805,#7806);
#7804 = CARTESIAN_POINT('',(2.241438070706,15.446100421182,1.45));
#7805 = DIRECTION('',(-1.152593217946E-16,-1.31709507758E-16,1.));
#7806 = DIRECTION('',(8.715574274764E-02,-0.996194698092,
    -1.211628015172E-16));
#7807 = FACE_BOUND('',#7808,.T.);
#7808 = EDGE_LOOP('',(#7809,#7819,#7827,#7835));
#7809 = ORIENTED_EDGE('',*,*,#7810,.F.);
#7810 = EDGE_CURVE('',#7811,#7813,#7815,.T.);
#7811 = VERTEX_POINT('',#7812);
#7812 = CARTESIAN_POINT('',(2.400519887892,15.635686748329,1.45));
#7813 = VERTEX_POINT('',#7814);
#7814 = CARTESIAN_POINT('',(2.05185174356,15.605182238367,1.45));
#7815 = LINE('',#7816,#7817);
#7816 = CARTESIAN_POINT('',(2.400519887892,15.635686748329,1.45));
#7817 = VECTOR('',#7818,1.);
#7818 = DIRECTION('',(-0.996194698092,-8.715574274764E-02,
    -1.26299965253E-16));
#7819 = ORIENTED_EDGE('',*,*,#7820,.F.);
#7820 = EDGE_CURVE('',#7821,#7811,#7823,.T.);
#7821 = VERTEX_POINT('',#7822);
#7822 = CARTESIAN_POINT('',(2.431024397853,15.287018603997,1.45));
#7823 = LINE('',#7824,#7825);
#7824 = CARTESIAN_POINT('',(2.431024397853,15.287018603997,1.45));
#7825 = VECTOR('',#7826,1.);
#7826 = DIRECTION('',(-8.715574274764E-02,0.996194698092,
    1.211628015172E-16));
#7827 = ORIENTED_EDGE('',*,*,#7828,.F.);
#7828 = EDGE_CURVE('',#7829,#7821,#7831,.T.);
#7829 = VERTEX_POINT('',#7830);
#7830 = CARTESIAN_POINT('',(2.082356253521,15.256514094035,1.45));
#7831 = LINE('',#7832,#7833);
#7832 = CARTESIAN_POINT('',(2.431024397853,15.287018603997,1.45));
#7833 = VECTOR('',#7834,1.);
#7834 = DIRECTION('',(0.996194698092,8.715574274764E-02,
    1.26299965253E-16));
#7835 = ORIENTED_EDGE('',*,*,#7836,.F.);
#7836 = EDGE_CURVE('',#7813,#7829,#7837,.T.);
#7837 = LINE('',#7838,#7839);
#7838 = CARTESIAN_POINT('',(2.082356253521,15.256514094035,1.45));
#7839 = VECTOR('',#7840,1.);
#7840 = DIRECTION('',(8.715574274764E-02,-0.996194698092,
    -1.211628015172E-16));
#7841 = PLANE('',#7842);
#7842 = AXIS2_PLACEMENT_3D('',#7843,#7844,#7845);
#7843 = CARTESIAN_POINT('',(2.241438070706,15.446100421182,1.45));
#7844 = DIRECTION('',(-1.152593217946E-16,-1.31709507758E-16,1.));
#7845 = DIRECTION('',(8.715574274764E-02,-0.996194698092,
    -1.211628015172E-16));
#7846 = ADVANCED_FACE('',(#7847),#7853,.T.);
#7847 = FACE_BOUND('',#7848,.T.);
#7848 = EDGE_LOOP('',(#7849,#7850,#7851,#7852));
#7849 = ORIENTED_EDGE('',*,*,#7515,.F.);
#7850 = ORIENTED_EDGE('',*,*,#7779,.T.);
#7851 = ORIENTED_EDGE('',*,*,#7532,.T.);
#7852 = ORIENTED_EDGE('',*,*,#7801,.F.);
#7853 = CYLINDRICAL_SURFACE('',#7854,0.325);
#7854 = AXIS2_PLACEMENT_3D('',#7855,#7856,#7857);
#7855 = CARTESIAN_POINT('',(2.241438070706,15.446100421182,1.3));
#7856 = DIRECTION('',(-1.152593217946E-16,-1.31709507758E-16,1.));
#7857 = DIRECTION('',(8.715574274764E-02,-0.996194698092,
    -1.211628015172E-16));
#7858 = ADVANCED_FACE('',(#7859),#7893,.F.);
#7859 = FACE_BOUND('',#7860,.T.);
#7860 = EDGE_LOOP('',(#7861,#7871,#7879,#7887));
#7861 = ORIENTED_EDGE('',*,*,#7862,.T.);
#7862 = EDGE_CURVE('',#7863,#7865,#7867,.T.);
#7863 = VERTEX_POINT('',#7864);
#7864 = CARTESIAN_POINT('',(2.365963691085,15.34161101905,3.5));
#7865 = VERTEX_POINT('',#7866);
#7866 = CARTESIAN_POINT('',(2.345927472839,15.570626041561,3.5));
#7867 = LINE('',#7868,#7869);
#7868 = CARTESIAN_POINT('',(2.340693326981,15.630452602472,3.5));
#7869 = VECTOR('',#7870,1.);
#7870 = DIRECTION('',(-8.715574274764E-02,0.996194698092,
    1.211628015172E-16));
#7871 = ORIENTED_EDGE('',*,*,#7872,.T.);
#7872 = EDGE_CURVE('',#7865,#7873,#7875,.T.);
#7873 = VERTEX_POINT('',#7874);
#7874 = CARTESIAN_POINT('',(2.116912450327,15.550589823314,3.5));
#7875 = LINE('',#7876,#7877);
#7876 = CARTESIAN_POINT('',(2.057085889417,15.545355677457,3.5));
#7877 = VECTOR('',#7878,1.);
#7878 = DIRECTION('',(-0.996194698092,-8.715574274764E-02,
    -1.26299965253E-16));
#7879 = ORIENTED_EDGE('',*,*,#7880,.T.);
#7880 = EDGE_CURVE('',#7873,#7881,#7883,.T.);
#7881 = VERTEX_POINT('',#7882);
#7882 = CARTESIAN_POINT('',(2.136948668574,15.321574800803,3.5));
#7883 = LINE('',#7884,#7885);
#7884 = CARTESIAN_POINT('',(2.11167830447,15.610416384225,3.5));
#7885 = VECTOR('',#7886,1.);
#7886 = DIRECTION('',(8.715574274764E-02,-0.996194698092,
    -1.211628015172E-16));
#7887 = ORIENTED_EDGE('',*,*,#7888,.T.);
#7888 = EDGE_CURVE('',#7881,#7863,#7889,.T.);
#7889 = LINE('',#7890,#7891);
#7890 = CARTESIAN_POINT('',(2.077122107664,15.316340654946,3.5));
#7891 = VECTOR('',#7892,1.);
#7892 = DIRECTION('',(0.996194698092,8.715574274764E-02,
    1.26299965253E-16));
#7893 = PLANE('',#7894);
#7894 = AXIS2_PLACEMENT_3D('',#7895,#7896,#7897);
#7895 = CARTESIAN_POINT('',(2.05185174356,15.605182238367,3.5));
#7896 = DIRECTION('',(1.152593217946E-16,1.31709507758E-16,-1.));
#7897 = DIRECTION('',(-8.715574274764E-02,0.996194698092,
    1.211628015172E-16));
#7898 = ADVANCED_FACE('',(#7899),#7924,.F.);
#7899 = FACE_BOUND('',#7900,.T.);
#7900 = EDGE_LOOP('',(#7901,#7909,#7917,#7923));
#7901 = ORIENTED_EDGE('',*,*,#7902,.T.);
#7902 = EDGE_CURVE('',#7865,#7903,#7905,.T.);
#7903 = VERTEX_POINT('',#7904);
#7904 = CARTESIAN_POINT('',(2.400519887892,15.635686748329,3.335));
#7905 = LINE('',#7906,#7907);
#7906 = CARTESIAN_POINT('',(2.351644774969,15.577439656915,
    3.482720038111));
#7907 = VECTOR('',#7908,1.);
#7908 = DIRECTION('',(0.294179166157,0.350589078133,-0.889126490716));
#7909 = ORIENTED_EDGE('',*,*,#7910,.F.);
#7910 = EDGE_CURVE('',#7911,#7903,#7913,.T.);
#7911 = VERTEX_POINT('',#7912);
#7912 = CARTESIAN_POINT('',(2.05185174356,15.605182238367,3.335));
#7913 = LINE('',#7914,#7915);
#7914 = CARTESIAN_POINT('',(2.400519887892,15.635686748329,3.335));
#7915 = VECTOR('',#7916,1.);
#7916 = DIRECTION('',(0.996194698092,8.715574274764E-02,
    1.26299965253E-16));
#7917 = ORIENTED_EDGE('',*,*,#7918,.T.);
#7918 = EDGE_CURVE('',#7911,#7873,#7919,.T.);
#7919 = LINE('',#7920,#7921);
#7920 = CARTESIAN_POINT('',(2.110098834973,15.556307125445,
    3.482720038111));
#7921 = VECTOR('',#7922,1.);
#7922 = DIRECTION('',(0.350589078133,-0.294179166157,0.889126490716));
#7923 = ORIENTED_EDGE('',*,*,#7872,.F.);
#7924 = PLANE('',#7925);
#7925 = AXIS2_PLACEMENT_3D('',#7926,#7927,#7928);
#7926 = CARTESIAN_POINT('',(2.057085889417,15.545355677457,3.5));
#7927 = DIRECTION('',(8.189960831907E-02,-0.936116806663,-0.342020143326
    ));
#7928 = DIRECTION('',(-0.996194698092,-8.715574274764E-02,
    -2.688821387764E-15));
#7929 = ADVANCED_FACE('',(#7930),#7948,.F.);
#7930 = FACE_BOUND('',#7931,.T.);
#7931 = EDGE_LOOP('',(#7932,#7940,#7941,#7942));
#7932 = ORIENTED_EDGE('',*,*,#7933,.T.);
#7933 = EDGE_CURVE('',#7934,#7881,#7936,.T.);
#7934 = VERTEX_POINT('',#7935);
#7935 = CARTESIAN_POINT('',(2.082356253521,15.256514094035,3.335));
#7936 = LINE('',#7937,#7938);
#7937 = CARTESIAN_POINT('',(2.131231366444,15.314761185449,
    3.482720038111));
#7938 = VECTOR('',#7939,1.);
#7939 = DIRECTION('',(0.294179166157,0.350589078133,0.889126490716));
#7940 = ORIENTED_EDGE('',*,*,#7880,.F.);
#7941 = ORIENTED_EDGE('',*,*,#7918,.F.);
#7942 = ORIENTED_EDGE('',*,*,#7943,.F.);
#7943 = EDGE_CURVE('',#7934,#7911,#7944,.T.);
#7944 = LINE('',#7945,#7946);
#7945 = CARTESIAN_POINT('',(2.082356253521,15.256514094035,3.335));
#7946 = VECTOR('',#7947,1.);
#7947 = DIRECTION('',(-8.715574274764E-02,0.996194698092,
    1.211628015172E-16));
#7948 = PLANE('',#7949);
#7949 = AXIS2_PLACEMENT_3D('',#7950,#7951,#7952);
#7950 = CARTESIAN_POINT('',(2.11167830447,15.610416384225,3.5));
#7951 = DIRECTION('',(0.936116806663,8.189960831907E-02,-0.342020143326)
  );
#7952 = DIRECTION('',(8.715574274764E-02,-0.996194698092,
    -2.685351940812E-15));
#7953 = ADVANCED_FACE('',(#7954),#7972,.F.);
#7954 = FACE_BOUND('',#7955,.T.);
#7955 = EDGE_LOOP('',(#7956,#7957,#7965,#7971));
#7956 = ORIENTED_EDGE('',*,*,#7933,.F.);
#7957 = ORIENTED_EDGE('',*,*,#7958,.F.);
#7958 = EDGE_CURVE('',#7959,#7934,#7961,.T.);
#7959 = VERTEX_POINT('',#7960);
#7960 = CARTESIAN_POINT('',(2.431024397853,15.287018603997,3.335));
#7961 = LINE('',#7962,#7963);
#7962 = CARTESIAN_POINT('',(2.431024397853,15.287018603997,3.335));
#7963 = VECTOR('',#7964,1.);
#7964 = DIRECTION('',(-0.996194698092,-8.715574274764E-02,
    -1.26299965253E-16));
#7965 = ORIENTED_EDGE('',*,*,#7966,.F.);
#7966 = EDGE_CURVE('',#7863,#7959,#7967,.T.);
#7967 = LINE('',#7968,#7969);
#7968 = CARTESIAN_POINT('',(2.333067676042,15.369214053141,
    3.583427351959));
#7969 = VECTOR('',#7970,1.);
#7970 = DIRECTION('',(0.350589078133,-0.294179166157,-0.889126490716));
#7971 = ORIENTED_EDGE('',*,*,#7888,.F.);
#7972 = PLANE('',#7973);
#7973 = AXIS2_PLACEMENT_3D('',#7974,#7975,#7976);
#7974 = CARTESIAN_POINT('',(2.077122107664,15.316340654946,3.5));
#7975 = DIRECTION('',(-8.189960831907E-02,0.936116806663,-0.342020143326
    ));
#7976 = DIRECTION('',(0.996194698092,8.715574274764E-02,
    -2.466776782839E-15));
#7977 = ADVANCED_FACE('',(#7978),#7989,.F.);
#7978 = FACE_BOUND('',#7979,.T.);
#7979 = EDGE_LOOP('',(#7980,#7981,#7987,#7988));
#7980 = ORIENTED_EDGE('',*,*,#7966,.T.);
#7981 = ORIENTED_EDGE('',*,*,#7982,.F.);
#7982 = EDGE_CURVE('',#7903,#7959,#7983,.T.);
#7983 = LINE('',#7984,#7985);
#7984 = CARTESIAN_POINT('',(2.431024397853,15.287018603997,3.335));
#7985 = VECTOR('',#7986,1.);
#7986 = DIRECTION('',(8.715574274764E-02,-0.996194698092,
    -1.211628015172E-16));
#7987 = ORIENTED_EDGE('',*,*,#7902,.F.);
#7988 = ORIENTED_EDGE('',*,*,#7862,.F.);
#7989 = PLANE('',#7990);
#7990 = AXIS2_PLACEMENT_3D('',#7991,#7992,#7993);
#7991 = CARTESIAN_POINT('',(2.340693326981,15.630452602472,3.5));
#7992 = DIRECTION('',(-0.936116806663,-8.189960831907E-02,
    -0.342020143326));
#7993 = DIRECTION('',(-8.715574274764E-02,0.996194698092,
    -2.470246229791E-15));
#7994 = ADVANCED_FACE('',(#7995),#8011,.F.);
#7995 = FACE_BOUND('',#7996,.T.);
#7996 = EDGE_LOOP('',(#7997,#8003,#8004,#8010));
#7997 = ORIENTED_EDGE('',*,*,#7998,.T.);
#7998 = EDGE_CURVE('',#7959,#7821,#7999,.T.);
#7999 = LINE('',#8000,#8001);
#8000 = CARTESIAN_POINT('',(2.431024397853,15.287018603997,3.5));
#8001 = VECTOR('',#8002,1.);
#8002 = DIRECTION('',(1.152593217946E-16,1.31709507758E-16,-1.));
#8003 = ORIENTED_EDGE('',*,*,#7820,.T.);
#8004 = ORIENTED_EDGE('',*,*,#8005,.F.);
#8005 = EDGE_CURVE('',#7903,#7811,#8006,.T.);
#8006 = LINE('',#8007,#8008);
#8007 = CARTESIAN_POINT('',(2.400519887892,15.635686748329,3.5));
#8008 = VECTOR('',#8009,1.);
#8009 = DIRECTION('',(1.152593217946E-16,1.31709507758E-16,-1.));
#8010 = ORIENTED_EDGE('',*,*,#7982,.T.);
#8011 = PLANE('',#8012);
#8012 = AXIS2_PLACEMENT_3D('',#8013,#8014,#8015);
#8013 = CARTESIAN_POINT('',(2.431024397853,15.287018603997,3.5));
#8014 = DIRECTION('',(-0.996194698092,-8.715574274764E-02,
    -1.26299965253E-16));
#8015 = DIRECTION('',(1.152593217946E-16,1.31709507758E-16,-1.));
#8016 = ADVANCED_FACE('',(#8017),#8028,.F.);
#8017 = FACE_BOUND('',#8018,.T.);
#8018 = EDGE_LOOP('',(#8019,#8025,#8026,#8027));
#8019 = ORIENTED_EDGE('',*,*,#8020,.T.);
#8020 = EDGE_CURVE('',#7934,#7829,#8021,.T.);
#8021 = LINE('',#8022,#8023);
#8022 = CARTESIAN_POINT('',(2.082356253521,15.256514094035,3.5));
#8023 = VECTOR('',#8024,1.);
#8024 = DIRECTION('',(1.152593217946E-16,1.31709507758E-16,-1.));
#8025 = ORIENTED_EDGE('',*,*,#7828,.T.);
#8026 = ORIENTED_EDGE('',*,*,#7998,.F.);
#8027 = ORIENTED_EDGE('',*,*,#7958,.T.);
#8028 = PLANE('',#8029);
#8029 = AXIS2_PLACEMENT_3D('',#8030,#8031,#8032);
#8030 = CARTESIAN_POINT('',(2.431024397853,15.287018603997,3.5));
#8031 = DIRECTION('',(-8.715574274764E-02,0.996194698092,
    1.211628015172E-16));
#8032 = DIRECTION('',(-1.152593217946E-16,-1.31709507758E-16,1.));
#8033 = ADVANCED_FACE('',(#8034),#8045,.F.);
#8034 = FACE_BOUND('',#8035,.T.);
#8035 = EDGE_LOOP('',(#8036,#8042,#8043,#8044));
#8036 = ORIENTED_EDGE('',*,*,#8037,.T.);
#8037 = EDGE_CURVE('',#7911,#7813,#8038,.T.);
#8038 = LINE('',#8039,#8040);
#8039 = CARTESIAN_POINT('',(2.05185174356,15.605182238367,3.5));
#8040 = VECTOR('',#8041,1.);
#8041 = DIRECTION('',(1.152593217946E-16,1.31709507758E-16,-1.));
#8042 = ORIENTED_EDGE('',*,*,#7836,.T.);
#8043 = ORIENTED_EDGE('',*,*,#8020,.F.);
#8044 = ORIENTED_EDGE('',*,*,#7943,.T.);
#8045 = PLANE('',#8046);
#8046 = AXIS2_PLACEMENT_3D('',#8047,#8048,#8049);
#8047 = CARTESIAN_POINT('',(2.082356253521,15.256514094035,3.5));
#8048 = DIRECTION('',(0.996194698092,8.715574274764E-02,
    1.26299965253E-16));
#8049 = DIRECTION('',(-1.152593217946E-16,-1.31709507758E-16,1.));
#8050 = ADVANCED_FACE('',(#8051),#8057,.F.);
#8051 = FACE_BOUND('',#8052,.T.);
#8052 = EDGE_LOOP('',(#8053,#8054,#8055,#8056));
#8053 = ORIENTED_EDGE('',*,*,#8005,.T.);
#8054 = ORIENTED_EDGE('',*,*,#7810,.T.);
#8055 = ORIENTED_EDGE('',*,*,#8037,.F.);
#8056 = ORIENTED_EDGE('',*,*,#7910,.T.);
#8057 = PLANE('',#8058);
#8058 = AXIS2_PLACEMENT_3D('',#8059,#8060,#8061);
#8059 = CARTESIAN_POINT('',(2.400519887892,15.635686748329,3.5));
#8060 = DIRECTION('',(8.715574274764E-02,-0.996194698092,
    -1.211628015172E-16));
#8061 = DIRECTION('',(1.152593217946E-16,1.31709507758E-16,-1.));
#8062 = ( GEOMETRIC_REPRESENTATION_CONTEXT(3) 
GLOBAL_UNCERTAINTY_ASSIGNED_CONTEXT((#8066)) 
GLOBAL_UNIT_ASSIGNED_CONTEXT((#8063,#8064,#8065)) REPRESENTATION_CONTEXT
('Context #1','3D Context with UNIT and UNCERTAINTY') );
#8063 = ( LENGTH_UNIT() NAMED_UNIT(*) SI_UNIT(.MILLI.,.METRE.) );
#8064 = ( NAMED_UNIT(*) PLANE_ANGLE_UNIT() SI_UNIT($,.RADIAN.) );
#8065 = ( NAMED_UNIT(*) SI_UNIT($,.STERADIAN.) SOLID_ANGLE_UNIT() );
#8066 = UNCERTAINTY_MEASURE_WITH_UNIT(LENGTH_MEASURE(1.E-07),#8063,
  'distance_accuracy_value','confusion accuracy');
#8067 = CONTEXT_DEPENDENT_SHAPE_REPRESENTATION(#8068,#8070);
#8068 = ( REPRESENTATION_RELATIONSHIP('','',#7497,#3244) 
REPRESENTATION_RELATIONSHIP_WITH_TRANSFORMATION(#8069) 
SHAPE_REPRESENTATION_RELATIONSHIP() );
#8069 = ITEM_DEFINED_TRANSFORMATION('','',#11,#3261);
#8070 = PRODUCT_DEFINITION_SHAPE('Placement','Placement of an item',
  #8071);
#8071 = NEXT_ASSEMBLY_USAGE_OCCURRENCE('11','Shutter_part004','',#3239,
  #7492,$);
#8072 = PRODUCT_RELATED_PRODUCT_CATEGORY('part',$,(#7494));
#8073 = SHAPE_DEFINITION_REPRESENTATION(#8074,#8080);
#8074 = PRODUCT_DEFINITION_SHAPE('','',#8075);
#8075 = PRODUCT_DEFINITION('design','',#8076,#8079);
#8076 = PRODUCT_DEFINITION_FORMATION('','',#8077);
#8077 = PRODUCT('Shutter_part005','Shutter_part005','',(#8078));
#8078 = PRODUCT_CONTEXT('',#2,'mechanical');
#8079 = PRODUCT_DEFINITION_CONTEXT('part definition',#2,'design');
#8080 = ADVANCED_BREP_SHAPE_REPRESENTATION('',(#11,#8081),#8645);
#8081 = MANIFOLD_SOLID_BREP('',#8082);
#8082 = CLOSED_SHELL('',(#8083,#8125,#8165,#8196,#8227,#8249,#8289,#8311
    ,#8328,#8345,#8357,#8379,#8429,#8441,#8481,#8512,#8536,#8560,#8577,
    #8599,#8616,#8633));
#8083 = ADVANCED_FACE('',(#8084),#8120,.T.);
#8084 = FACE_BOUND('',#8085,.T.);
#8085 = EDGE_LOOP('',(#8086,#8097,#8105,#8114));
#8086 = ORIENTED_EDGE('',*,*,#8087,.T.);
#8087 = EDGE_CURVE('',#8088,#8090,#8092,.T.);
#8088 = VERTEX_POINT('',#8089);
#8089 = CARTESIAN_POINT('',(-2.269763687099,15.377662855698,1.3));
#8090 = VERTEX_POINT('',#8091);
#8091 = CARTESIAN_POINT('',(-2.213112454313,14.730136301938,1.3));
#8092 = CIRCLE('',#8093,0.325);
#8093 = AXIS2_PLACEMENT_3D('',#8094,#8095,#8096);
#8094 = CARTESIAN_POINT('',(-2.241438070706,15.053899578818,1.3));
#8095 = DIRECTION('',(1.27685112306E-17,-1.462268935243E-16,1.));
#8096 = DIRECTION('',(-8.715574274764E-02,0.996194698092,
    1.467833051274E-16));
#8097 = ORIENTED_EDGE('',*,*,#8098,.T.);
#8098 = EDGE_CURVE('',#8090,#8099,#8101,.T.);
#8099 = VERTEX_POINT('',#8100);
#8100 = CARTESIAN_POINT('',(-2.213112454313,14.730136301938,1.45));
#8101 = LINE('',#8102,#8103);
#8102 = CARTESIAN_POINT('',(-2.213112454313,14.730136301938,1.3));
#8103 = VECTOR('',#8104,1.);
#8104 = DIRECTION('',(1.27685112306E-17,-1.462268935243E-16,1.));
#8105 = ORIENTED_EDGE('',*,*,#8106,.F.);
#8106 = EDGE_CURVE('',#8107,#8099,#8109,.T.);
#8107 = VERTEX_POINT('',#8108);
#8108 = CARTESIAN_POINT('',(-2.269763687099,15.377662855698,1.45));
#8109 = CIRCLE('',#8110,0.325);
#8110 = AXIS2_PLACEMENT_3D('',#8111,#8112,#8113);
#8111 = CARTESIAN_POINT('',(-2.241438070706,15.053899578818,1.45));
#8112 = DIRECTION('',(1.27685112306E-17,-1.462268935243E-16,1.));
#8113 = DIRECTION('',(-8.715574274764E-02,0.996194698092,
    1.467833051274E-16));
#8114 = ORIENTED_EDGE('',*,*,#8115,.F.);
#8115 = EDGE_CURVE('',#8088,#8107,#8116,.T.);
#8116 = LINE('',#8117,#8118);
#8117 = CARTESIAN_POINT('',(-2.269763687099,15.377662855698,1.3));
#8118 = VECTOR('',#8119,1.);
#8119 = DIRECTION('',(1.27685112306E-17,-1.462268935243E-16,1.));
#8120 = CYLINDRICAL_SURFACE('',#8121,0.325);
#8121 = AXIS2_PLACEMENT_3D('',#8122,#8123,#8124);
#8122 = CARTESIAN_POINT('',(-2.241438070706,15.053899578818,1.3));
#8123 = DIRECTION('',(1.27685112306E-17,-1.462268935243E-16,1.));
#8124 = DIRECTION('',(-8.715574274764E-02,0.996194698092,
    1.467833051274E-16));
#8125 = ADVANCED_FACE('',(#8126),#8160,.F.);
#8126 = FACE_BOUND('',#8127,.T.);
#8127 = EDGE_LOOP('',(#8128,#8138,#8146,#8154));
#8128 = ORIENTED_EDGE('',*,*,#8129,.F.);
#8129 = EDGE_CURVE('',#8130,#8132,#8134,.T.);
#8130 = VERTEX_POINT('',#8131);
#8131 = CARTESIAN_POINT('',(-2.400519887892,14.864313251671,1.3));
#8132 = VERTEX_POINT('',#8133);
#8133 = CARTESIAN_POINT('',(-2.05185174356,14.894817761633,1.3));
#8134 = LINE('',#8135,#8136);
#8135 = CARTESIAN_POINT('',(-2.400519887892,14.864313251671,1.3));
#8136 = VECTOR('',#8137,1.);
#8137 = DIRECTION('',(0.996194698092,8.715574274764E-02,
    2.459032434408E-20));
#8138 = ORIENTED_EDGE('',*,*,#8139,.T.);
#8139 = EDGE_CURVE('',#8130,#8140,#8142,.T.);
#8140 = VERTEX_POINT('',#8141);
#8141 = CARTESIAN_POINT('',(-2.400519887892,14.864313251671,
    -8.835151354833));
#8142 = LINE('',#8143,#8144);
#8143 = CARTESIAN_POINT('',(-2.400519887892,14.864313251671,3.5));
#8144 = VECTOR('',#8145,1.);
#8145 = DIRECTION('',(-1.27685112306E-17,1.462268935243E-16,-1.));
#8146 = ORIENTED_EDGE('',*,*,#8147,.T.);
#8147 = EDGE_CURVE('',#8140,#8148,#8150,.T.);
#8148 = VERTEX_POINT('',#8149);
#8149 = CARTESIAN_POINT('',(-2.05185174356,14.894817761633,
    -8.835151354833));
#8150 = LINE('',#8151,#8152);
#8151 = CARTESIAN_POINT('',(-2.05185174356,14.894817761633,
    -8.835151354833));
#8152 = VECTOR('',#8153,1.);
#8153 = DIRECTION('',(0.996194698092,8.715574274764E-02,
    2.459032434408E-20));
#8154 = ORIENTED_EDGE('',*,*,#8155,.F.);
#8155 = EDGE_CURVE('',#8132,#8148,#8156,.T.);
#8156 = LINE('',#8157,#8158);
#8157 = CARTESIAN_POINT('',(-2.05185174356,14.894817761633,3.5));
#8158 = VECTOR('',#8159,1.);
#8159 = DIRECTION('',(-1.27685112306E-17,1.462268935243E-16,-1.));
#8160 = PLANE('',#8161);
#8161 = AXIS2_PLACEMENT_3D('',#8162,#8163,#8164);
#8162 = CARTESIAN_POINT('',(-2.400519887892,14.864313251671,3.5));
#8163 = DIRECTION('',(-8.715574274764E-02,0.996194698092,
    1.467833051274E-16));
#8164 = DIRECTION('',(-1.27685112306E-17,1.462268935242E-16,-1.));
#8165 = ADVANCED_FACE('',(#8166),#8191,.F.);
#8166 = FACE_BOUND('',#8167,.T.);
#8167 = EDGE_LOOP('',(#8168,#8176,#8177,#8185));
#8168 = ORIENTED_EDGE('',*,*,#8169,.F.);
#8169 = EDGE_CURVE('',#8132,#8170,#8172,.T.);
#8170 = VERTEX_POINT('',#8171);
#8171 = CARTESIAN_POINT('',(-2.082356253521,15.243485905965,1.3));
#8172 = LINE('',#8173,#8174);
#8173 = CARTESIAN_POINT('',(-2.082356253521,15.243485905965,1.3));
#8174 = VECTOR('',#8175,1.);
#8175 = DIRECTION('',(-8.715574274764E-02,0.996194698092,
    1.467833051274E-16));
#8176 = ORIENTED_EDGE('',*,*,#8155,.T.);
#8177 = ORIENTED_EDGE('',*,*,#8178,.T.);
#8178 = EDGE_CURVE('',#8148,#8179,#8181,.T.);
#8179 = VERTEX_POINT('',#8180);
#8180 = CARTESIAN_POINT('',(-2.082356253521,15.243485905965,
    -8.835151354833));
#8181 = LINE('',#8182,#8183);
#8182 = CARTESIAN_POINT('',(-2.082356253521,15.243485905965,
    -8.835151354833));
#8183 = VECTOR('',#8184,1.);
#8184 = DIRECTION('',(-8.715574274764E-02,0.996194698092,
    1.467833051274E-16));
#8185 = ORIENTED_EDGE('',*,*,#8186,.F.);
#8186 = EDGE_CURVE('',#8170,#8179,#8187,.T.);
#8187 = LINE('',#8188,#8189);
#8188 = CARTESIAN_POINT('',(-2.082356253521,15.243485905965,3.5));
#8189 = VECTOR('',#8190,1.);
#8190 = DIRECTION('',(-1.27685112306E-17,1.462268935243E-16,-1.));
#8191 = PLANE('',#8192);
#8192 = AXIS2_PLACEMENT_3D('',#8193,#8194,#8195);
#8193 = CARTESIAN_POINT('',(-2.082356253521,15.243485905965,3.5));
#8194 = DIRECTION('',(-0.996194698092,-8.715574274764E-02,
    -2.459032434408E-20));
#8195 = DIRECTION('',(1.27685112306E-17,-1.462268935243E-16,1.));
#8196 = ADVANCED_FACE('',(#8197),#8222,.F.);
#8197 = FACE_BOUND('',#8198,.T.);
#8198 = EDGE_LOOP('',(#8199,#8207,#8208,#8216));
#8199 = ORIENTED_EDGE('',*,*,#8200,.F.);
#8200 = EDGE_CURVE('',#8170,#8201,#8203,.T.);
#8201 = VERTEX_POINT('',#8202);
#8202 = CARTESIAN_POINT('',(-2.431024397853,15.212981396003,1.3));
#8203 = LINE('',#8204,#8205);
#8204 = CARTESIAN_POINT('',(-2.431024397853,15.212981396003,1.3));
#8205 = VECTOR('',#8206,1.);
#8206 = DIRECTION('',(-0.996194698092,-8.715574274764E-02,
    -2.459032434408E-20));
#8207 = ORIENTED_EDGE('',*,*,#8186,.T.);
#8208 = ORIENTED_EDGE('',*,*,#8209,.T.);
#8209 = EDGE_CURVE('',#8179,#8210,#8212,.T.);
#8210 = VERTEX_POINT('',#8211);
#8211 = CARTESIAN_POINT('',(-2.431024397853,15.212981396003,
    -8.835151354833));
#8212 = LINE('',#8213,#8214);
#8213 = CARTESIAN_POINT('',(-2.431024397853,15.212981396003,
    -8.835151354833));
#8214 = VECTOR('',#8215,1.);
#8215 = DIRECTION('',(-0.996194698092,-8.715574274764E-02,
    -2.459032434408E-20));
#8216 = ORIENTED_EDGE('',*,*,#8217,.F.);
#8217 = EDGE_CURVE('',#8201,#8210,#8218,.T.);
#8218 = LINE('',#8219,#8220);
#8219 = CARTESIAN_POINT('',(-2.431024397853,15.212981396003,3.5));
#8220 = VECTOR('',#8221,1.);
#8221 = DIRECTION('',(-1.27685112306E-17,1.462268935243E-16,-1.));
#8222 = PLANE('',#8223);
#8223 = AXIS2_PLACEMENT_3D('',#8224,#8225,#8226);
#8224 = CARTESIAN_POINT('',(-2.431024397853,15.212981396003,3.5));
#8225 = DIRECTION('',(8.715574274764E-02,-0.996194698092,
    -1.467833051274E-16));
#8226 = DIRECTION('',(1.27685112306E-17,-1.462268935242E-16,1.));
#8227 = ADVANCED_FACE('',(#8228),#8244,.F.);
#8228 = FACE_BOUND('',#8229,.T.);
#8229 = EDGE_LOOP('',(#8230,#8236,#8237,#8243));
#8230 = ORIENTED_EDGE('',*,*,#8231,.F.);
#8231 = EDGE_CURVE('',#8201,#8130,#8232,.T.);
#8232 = LINE('',#8233,#8234);
#8233 = CARTESIAN_POINT('',(-2.431024397853,15.212981396003,1.3));
#8234 = VECTOR('',#8235,1.);
#8235 = DIRECTION('',(8.715574274764E-02,-0.996194698092,
    -1.467833051274E-16));
#8236 = ORIENTED_EDGE('',*,*,#8217,.T.);
#8237 = ORIENTED_EDGE('',*,*,#8238,.T.);
#8238 = EDGE_CURVE('',#8210,#8140,#8239,.T.);
#8239 = LINE('',#8240,#8241);
#8240 = CARTESIAN_POINT('',(-2.400519887892,14.864313251671,
    -8.835151354833));
#8241 = VECTOR('',#8242,1.);
#8242 = DIRECTION('',(8.715574274764E-02,-0.996194698092,
    -1.467833051274E-16));
#8243 = ORIENTED_EDGE('',*,*,#8139,.F.);
#8244 = PLANE('',#8245);
#8245 = AXIS2_PLACEMENT_3D('',#8246,#8247,#8248);
#8246 = CARTESIAN_POINT('',(-2.431024397853,15.212981396003,3.5));
#8247 = DIRECTION('',(0.996194698092,8.715574274764E-02,
    2.459032434408E-20));
#8248 = DIRECTION('',(-1.27685112306E-17,1.462268935243E-16,-1.));
#8249 = ADVANCED_FACE('',(#8250),#8284,.T.);
#8250 = FACE_BOUND('',#8251,.T.);
#8251 = EDGE_LOOP('',(#8252,#8262,#8270,#8278));
#8252 = ORIENTED_EDGE('',*,*,#8253,.T.);
#8253 = EDGE_CURVE('',#8254,#8256,#8258,.T.);
#8254 = VERTEX_POINT('',#8255);
#8255 = CARTESIAN_POINT('',(-2.345977550571,14.929314278121,-9.));
#8256 = VERTEX_POINT('',#8257);
#8257 = CARTESIAN_POINT('',(-2.366023371403,15.158439058682,-9.));
#8258 = LINE('',#8259,#8260);
#8259 = CARTESIAN_POINT('',(-2.371252715968,15.218210740568,-9.));
#8260 = VECTOR('',#8261,1.);
#8261 = DIRECTION('',(-8.715574274764E-02,0.996194698092,
    1.467833051274E-16));
#8262 = ORIENTED_EDGE('',*,*,#8263,.T.);
#8263 = EDGE_CURVE('',#8256,#8264,#8266,.T.);
#8264 = VERTEX_POINT('',#8265);
#8265 = CARTESIAN_POINT('',(-2.136898590842,15.178484879514,-9.));
#8266 = LINE('',#8267,#8268);
#8267 = CARTESIAN_POINT('',(-2.077126908956,15.183714224079,-9.));
#8268 = VECTOR('',#8269,1.);
#8269 = DIRECTION('',(0.996194698092,8.715574274764E-02,
    2.459032434408E-20));
#8270 = ORIENTED_EDGE('',*,*,#8271,.T.);
#8271 = EDGE_CURVE('',#8264,#8272,#8274,.T.);
#8272 = VERTEX_POINT('',#8273);
#8273 = CARTESIAN_POINT('',(-2.11685277001,14.949360098953,-9.));
#8274 = LINE('',#8275,#8276);
#8275 = CARTESIAN_POINT('',(-2.111623425445,14.889588417068,-9.));
#8276 = VECTOR('',#8277,1.);
#8277 = DIRECTION('',(8.715574274764E-02,-0.996194698092,
    -1.467833051274E-16));
#8278 = ORIENTED_EDGE('',*,*,#8279,.T.);
#8279 = EDGE_CURVE('',#8272,#8254,#8280,.T.);
#8280 = LINE('',#8281,#8282);
#8281 = CARTESIAN_POINT('',(-2.405749232457,14.924084933556,-9.));
#8282 = VECTOR('',#8283,1.);
#8283 = DIRECTION('',(-0.996194698092,-8.715574274764E-02,
    -2.459032434408E-20));
#8284 = PLANE('',#8285);
#8285 = AXIS2_PLACEMENT_3D('',#8286,#8287,#8288);
#8286 = CARTESIAN_POINT('',(-2.05185174356,14.894817761633,-9.));
#8287 = DIRECTION('',(-1.27685112306E-17,1.462268935243E-16,-1.));
#8288 = DIRECTION('',(8.715574274764E-02,-0.996194698092,
    -1.467833051274E-16));
#8289 = ADVANCED_FACE('',(#8290),#8306,.T.);
#8290 = FACE_BOUND('',#8291,.T.);
#8291 = EDGE_LOOP('',(#8292,#8298,#8299,#8305));
#8292 = ORIENTED_EDGE('',*,*,#8293,.F.);
#8293 = EDGE_CURVE('',#8254,#8140,#8294,.T.);
#8294 = LINE('',#8295,#8296);
#8295 = CARTESIAN_POINT('',(-2.400519887892,14.864313251671,
    -8.835151354833));
#8296 = VECTOR('',#8297,1.);
#8297 = DIRECTION('',(-0.294179166157,-0.350589078133,0.889126490716));
#8298 = ORIENTED_EDGE('',*,*,#8279,.F.);
#8299 = ORIENTED_EDGE('',*,*,#8300,.F.);
#8300 = EDGE_CURVE('',#8148,#8272,#8301,.T.);
#8301 = LINE('',#8302,#8303);
#8302 = CARTESIAN_POINT('',(-2.091561373958,14.928138097854,
    -8.935858668681));
#8303 = VECTOR('',#8304,1.);
#8304 = DIRECTION('',(-0.350589078133,0.294179166157,-0.889126490716));
#8305 = ORIENTED_EDGE('',*,*,#8147,.F.);
#8306 = PLANE('',#8307);
#8307 = AXIS2_PLACEMENT_3D('',#8308,#8309,#8310);
#8308 = CARTESIAN_POINT('',(-2.400519887892,14.864313251671,
    -8.835151354833));
#8309 = DIRECTION('',(8.189960831907E-02,-0.936116806663,-0.342020143326
    ));
#8310 = DIRECTION('',(-0.996194698092,-8.715574274764E-02,
    -2.577799085302E-15));
#8311 = ADVANCED_FACE('',(#8312),#8323,.T.);
#8312 = FACE_BOUND('',#8313,.T.);
#8313 = EDGE_LOOP('',(#8314,#8315,#8316,#8322));
#8314 = ORIENTED_EDGE('',*,*,#8300,.T.);
#8315 = ORIENTED_EDGE('',*,*,#8271,.F.);
#8316 = ORIENTED_EDGE('',*,*,#8317,.F.);
#8317 = EDGE_CURVE('',#8179,#8264,#8318,.T.);
#8318 = LINE('',#8319,#8320);
#8319 = CARTESIAN_POINT('',(-2.082356253521,15.243485905965,
    -8.835151354833));
#8320 = VECTOR('',#8321,1.);
#8321 = DIRECTION('',(-0.294179166157,-0.350589078133,-0.889126490716));
#8322 = ORIENTED_EDGE('',*,*,#8178,.F.);
#8323 = PLANE('',#8324);
#8324 = AXIS2_PLACEMENT_3D('',#8325,#8326,#8327);
#8325 = CARTESIAN_POINT('',(-2.082356253521,15.243485905965,
    -8.835151354833));
#8326 = DIRECTION('',(0.936116806663,8.189960831907E-02,-0.342020143326)
  );
#8327 = DIRECTION('',(8.715574274764E-02,-0.996194698092,
    -2.69922972862E-15));
#8328 = ADVANCED_FACE('',(#8329),#8340,.T.);
#8329 = FACE_BOUND('',#8330,.T.);
#8330 = EDGE_LOOP('',(#8331,#8332,#8333,#8339));
#8331 = ORIENTED_EDGE('',*,*,#8293,.T.);
#8332 = ORIENTED_EDGE('',*,*,#8238,.F.);
#8333 = ORIENTED_EDGE('',*,*,#8334,.F.);
#8334 = EDGE_CURVE('',#8256,#8210,#8335,.T.);
#8335 = LINE('',#8336,#8337);
#8336 = CARTESIAN_POINT('',(-2.431024397853,15.212981396003,
    -8.835151354833));
#8337 = VECTOR('',#8338,1.);
#8338 = DIRECTION('',(-0.350589078133,0.294179166157,0.889126490716));
#8339 = ORIENTED_EDGE('',*,*,#8253,.F.);
#8340 = PLANE('',#8341);
#8341 = AXIS2_PLACEMENT_3D('',#8342,#8343,#8344);
#8342 = CARTESIAN_POINT('',(-2.431024397853,15.212981396003,
    -8.835151354833));
#8343 = DIRECTION('',(-0.936116806663,-8.189960831907E-02,
    -0.342020143326));
#8344 = DIRECTION('',(-8.715574274764E-02,0.996194698092,
    -2.449429548079E-15));
#8345 = ADVANCED_FACE('',(#8346),#8352,.T.);
#8346 = FACE_BOUND('',#8347,.T.);
#8347 = EDGE_LOOP('',(#8348,#8349,#8350,#8351));
#8348 = ORIENTED_EDGE('',*,*,#8317,.T.);
#8349 = ORIENTED_EDGE('',*,*,#8263,.F.);
#8350 = ORIENTED_EDGE('',*,*,#8334,.T.);
#8351 = ORIENTED_EDGE('',*,*,#8209,.F.);
#8352 = PLANE('',#8353);
#8353 = AXIS2_PLACEMENT_3D('',#8354,#8355,#8356);
#8354 = CARTESIAN_POINT('',(-2.431024397853,15.212981396003,
    -8.835151354833));
#8355 = DIRECTION('',(-8.189960831907E-02,0.936116806663,-0.342020143326
    ));
#8356 = DIRECTION('',(0.996194698092,8.715574274764E-02,
    -2.577799085302E-15));
#8357 = ADVANCED_FACE('',(#8358,#8368),#8374,.F.);
#8358 = FACE_BOUND('',#8359,.T.);
#8359 = EDGE_LOOP('',(#8360,#8361));
#8360 = ORIENTED_EDGE('',*,*,#8087,.F.);
#8361 = ORIENTED_EDGE('',*,*,#8362,.F.);
#8362 = EDGE_CURVE('',#8090,#8088,#8363,.T.);
#8363 = CIRCLE('',#8364,0.325);
#8364 = AXIS2_PLACEMENT_3D('',#8365,#8366,#8367);
#8365 = CARTESIAN_POINT('',(-2.241438070706,15.053899578818,1.3));
#8366 = DIRECTION('',(1.27685112306E-17,-1.462268935243E-16,1.));
#8367 = DIRECTION('',(-8.715574274764E-02,0.996194698092,
    1.467833051274E-16));
#8368 = FACE_BOUND('',#8369,.T.);
#8369 = EDGE_LOOP('',(#8370,#8371,#8372,#8373));
#8370 = ORIENTED_EDGE('',*,*,#8231,.T.);
#8371 = ORIENTED_EDGE('',*,*,#8129,.T.);
#8372 = ORIENTED_EDGE('',*,*,#8169,.T.);
#8373 = ORIENTED_EDGE('',*,*,#8200,.T.);
#8374 = PLANE('',#8375);
#8375 = AXIS2_PLACEMENT_3D('',#8376,#8377,#8378);
#8376 = CARTESIAN_POINT('',(-2.241438070706,15.053899578818,1.3));
#8377 = DIRECTION('',(1.27685112306E-17,-1.462268935243E-16,1.));
#8378 = DIRECTION('',(-8.715574274764E-02,0.996194698092,
    1.467833051274E-16));
#8379 = ADVANCED_FACE('',(#8380,#8390),#8424,.T.);
#8380 = FACE_BOUND('',#8381,.T.);
#8381 = EDGE_LOOP('',(#8382,#8383));
#8382 = ORIENTED_EDGE('',*,*,#8106,.T.);
#8383 = ORIENTED_EDGE('',*,*,#8384,.T.);
#8384 = EDGE_CURVE('',#8099,#8107,#8385,.T.);
#8385 = CIRCLE('',#8386,0.325);
#8386 = AXIS2_PLACEMENT_3D('',#8387,#8388,#8389);
#8387 = CARTESIAN_POINT('',(-2.241438070706,15.053899578818,1.45));
#8388 = DIRECTION('',(1.27685112306E-17,-1.462268935243E-16,1.));
#8389 = DIRECTION('',(-8.715574274764E-02,0.996194698092,
    1.467833051274E-16));
#8390 = FACE_BOUND('',#8391,.T.);
#8391 = EDGE_LOOP('',(#8392,#8402,#8410,#8418));
#8392 = ORIENTED_EDGE('',*,*,#8393,.F.);
#8393 = EDGE_CURVE('',#8394,#8396,#8398,.T.);
#8394 = VERTEX_POINT('',#8395);
#8395 = CARTESIAN_POINT('',(-2.400519887892,14.864313251671,1.45));
#8396 = VERTEX_POINT('',#8397);
#8397 = CARTESIAN_POINT('',(-2.05185174356,14.894817761633,1.45));
#8398 = LINE('',#8399,#8400);
#8399 = CARTESIAN_POINT('',(-2.400519887892,14.864313251671,1.45));
#8400 = VECTOR('',#8401,1.);
#8401 = DIRECTION('',(0.996194698092,8.715574274764E-02,
    2.459032434408E-20));
#8402 = ORIENTED_EDGE('',*,*,#8403,.F.);
#8403 = EDGE_CURVE('',#8404,#8394,#8406,.T.);
#8404 = VERTEX_POINT('',#8405);
#8405 = CARTESIAN_POINT('',(-2.431024397853,15.212981396003,1.45));
#8406 = LINE('',#8407,#8408);
#8407 = CARTESIAN_POINT('',(-2.431024397853,15.212981396003,1.45));
#8408 = VECTOR('',#8409,1.);
#8409 = DIRECTION('',(8.715574274764E-02,-0.996194698092,
    -1.467833051274E-16));
#8410 = ORIENTED_EDGE('',*,*,#8411,.F.);
#8411 = EDGE_CURVE('',#8412,#8404,#8414,.T.);
#8412 = VERTEX_POINT('',#8413);
#8413 = CARTESIAN_POINT('',(-2.082356253521,15.243485905965,1.45));
#8414 = LINE('',#8415,#8416);
#8415 = CARTESIAN_POINT('',(-2.431024397853,15.212981396003,1.45));
#8416 = VECTOR('',#8417,1.);
#8417 = DIRECTION('',(-0.996194698092,-8.715574274764E-02,
    -2.459032434408E-20));
#8418 = ORIENTED_EDGE('',*,*,#8419,.F.);
#8419 = EDGE_CURVE('',#8396,#8412,#8420,.T.);
#8420 = LINE('',#8421,#8422);
#8421 = CARTESIAN_POINT('',(-2.082356253521,15.243485905965,1.45));
#8422 = VECTOR('',#8423,1.);
#8423 = DIRECTION('',(-8.715574274764E-02,0.996194698092,
    1.467833051274E-16));
#8424 = PLANE('',#8425);
#8425 = AXIS2_PLACEMENT_3D('',#8426,#8427,#8428);
#8426 = CARTESIAN_POINT('',(-2.241438070706,15.053899578818,1.45));
#8427 = DIRECTION('',(1.27685112306E-17,-1.462268935243E-16,1.));
#8428 = DIRECTION('',(-8.715574274764E-02,0.996194698092,
    1.467833051274E-16));
#8429 = ADVANCED_FACE('',(#8430),#8436,.T.);
#8430 = FACE_BOUND('',#8431,.T.);
#8431 = EDGE_LOOP('',(#8432,#8433,#8434,#8435));
#8432 = ORIENTED_EDGE('',*,*,#8098,.F.);
#8433 = ORIENTED_EDGE('',*,*,#8362,.T.);
#8434 = ORIENTED_EDGE('',*,*,#8115,.T.);
#8435 = ORIENTED_EDGE('',*,*,#8384,.F.);
#8436 = CYLINDRICAL_SURFACE('',#8437,0.325);
#8437 = AXIS2_PLACEMENT_3D('',#8438,#8439,#8440);
#8438 = CARTESIAN_POINT('',(-2.241438070706,15.053899578818,1.3));
#8439 = DIRECTION('',(1.27685112306E-17,-1.462268935243E-16,1.));
#8440 = DIRECTION('',(-8.715574274764E-02,0.996194698092,
    1.467833051274E-16));
#8441 = ADVANCED_FACE('',(#8442),#8476,.F.);
#8442 = FACE_BOUND('',#8443,.T.);
#8443 = EDGE_LOOP('',(#8444,#8454,#8462,#8470));
#8444 = ORIENTED_EDGE('',*,*,#8445,.T.);
#8445 = EDGE_CURVE('',#8446,#8448,#8450,.T.);
#8446 = VERTEX_POINT('',#8447);
#8447 = CARTESIAN_POINT('',(-2.365963691085,15.15838898095,3.5));
#8448 = VERTEX_POINT('',#8449);
#8449 = CARTESIAN_POINT('',(-2.345927472839,14.929373958439,3.5));
#8450 = LINE('',#8451,#8452);
#8451 = CARTESIAN_POINT('',(-2.340693326981,14.869547397528,3.5));
#8452 = VECTOR('',#8453,1.);
#8453 = DIRECTION('',(8.715574274764E-02,-0.996194698092,
    -1.467833051274E-16));
#8454 = ORIENTED_EDGE('',*,*,#8455,.T.);
#8455 = EDGE_CURVE('',#8448,#8456,#8458,.T.);
#8456 = VERTEX_POINT('',#8457);
#8457 = CARTESIAN_POINT('',(-2.116912450327,14.949410176686,3.5));
#8458 = LINE('',#8459,#8460);
#8459 = CARTESIAN_POINT('',(-2.057085889417,14.954644322543,3.5));
#8460 = VECTOR('',#8461,1.);
#8461 = DIRECTION('',(0.996194698092,8.715574274764E-02,
    2.459032434408E-20));
#8462 = ORIENTED_EDGE('',*,*,#8463,.T.);
#8463 = EDGE_CURVE('',#8456,#8464,#8466,.T.);
#8464 = VERTEX_POINT('',#8465);
#8465 = CARTESIAN_POINT('',(-2.136948668574,15.178425199197,3.5));
#8466 = LINE('',#8467,#8468);
#8467 = CARTESIAN_POINT('',(-2.11167830447,14.889583615775,3.5));
#8468 = VECTOR('',#8469,1.);
#8469 = DIRECTION('',(-8.715574274764E-02,0.996194698092,
    1.467833051274E-16));
#8470 = ORIENTED_EDGE('',*,*,#8471,.T.);
#8471 = EDGE_CURVE('',#8464,#8446,#8472,.T.);
#8472 = LINE('',#8473,#8474);
#8473 = CARTESIAN_POINT('',(-2.077122107664,15.183659345054,3.5));
#8474 = VECTOR('',#8475,1.);
#8475 = DIRECTION('',(-0.996194698092,-8.715574274764E-02,
    -2.459032434408E-20));
#8476 = PLANE('',#8477);
#8477 = AXIS2_PLACEMENT_3D('',#8478,#8479,#8480);
#8478 = CARTESIAN_POINT('',(-2.05185174356,14.894817761633,3.5));
#8479 = DIRECTION('',(-1.27685112306E-17,1.462268935243E-16,-1.));
#8480 = DIRECTION('',(8.715574274764E-02,-0.996194698092,
    -1.467833051274E-16));
#8481 = ADVANCED_FACE('',(#8482),#8507,.F.);
#8482 = FACE_BOUND('',#8483,.T.);
#8483 = EDGE_LOOP('',(#8484,#8492,#8500,#8506));
#8484 = ORIENTED_EDGE('',*,*,#8485,.T.);
#8485 = EDGE_CURVE('',#8448,#8486,#8488,.T.);
#8486 = VERTEX_POINT('',#8487);
#8487 = CARTESIAN_POINT('',(-2.400519887892,14.864313251671,3.335));
#8488 = LINE('',#8489,#8490);
#8489 = CARTESIAN_POINT('',(-2.351644774969,14.922560343085,
    3.482720038111));
#8490 = VECTOR('',#8491,1.);
#8491 = DIRECTION('',(-0.294179166157,-0.350589078133,-0.889126490716));
#8492 = ORIENTED_EDGE('',*,*,#8493,.F.);
#8493 = EDGE_CURVE('',#8494,#8486,#8496,.T.);
#8494 = VERTEX_POINT('',#8495);
#8495 = CARTESIAN_POINT('',(-2.05185174356,14.894817761633,3.335));
#8496 = LINE('',#8497,#8498);
#8497 = CARTESIAN_POINT('',(-2.400519887892,14.864313251671,3.335));
#8498 = VECTOR('',#8499,1.);
#8499 = DIRECTION('',(-0.996194698092,-8.715574274764E-02,
    -2.459032434408E-20));
#8500 = ORIENTED_EDGE('',*,*,#8501,.T.);
#8501 = EDGE_CURVE('',#8494,#8456,#8502,.T.);
#8502 = LINE('',#8503,#8504);
#8503 = CARTESIAN_POINT('',(-2.110098834973,14.943692874555,
    3.482720038111));
#8504 = VECTOR('',#8505,1.);
#8505 = DIRECTION('',(-0.350589078133,0.294179166157,0.889126490716));
#8506 = ORIENTED_EDGE('',*,*,#8455,.F.);
#8507 = PLANE('',#8508);
#8508 = AXIS2_PLACEMENT_3D('',#8509,#8510,#8511);
#8509 = CARTESIAN_POINT('',(-2.057085889417,14.954644322543,3.5));
#8510 = DIRECTION('',(-8.189960831907E-02,0.936116806663,-0.342020143326
    ));
#8511 = DIRECTION('',(0.996194698092,8.715574274764E-02,
    -2.577799085302E-15));
#8512 = ADVANCED_FACE('',(#8513),#8531,.F.);
#8513 = FACE_BOUND('',#8514,.T.);
#8514 = EDGE_LOOP('',(#8515,#8523,#8524,#8525));
#8515 = ORIENTED_EDGE('',*,*,#8516,.T.);
#8516 = EDGE_CURVE('',#8517,#8464,#8519,.T.);
#8517 = VERTEX_POINT('',#8518);
#8518 = CARTESIAN_POINT('',(-2.082356253521,15.243485905965,3.335));
#8519 = LINE('',#8520,#8521);
#8520 = CARTESIAN_POINT('',(-2.131231366444,15.185238814551,
    3.482720038111));
#8521 = VECTOR('',#8522,1.);
#8522 = DIRECTION('',(-0.294179166157,-0.350589078133,0.889126490716));
#8523 = ORIENTED_EDGE('',*,*,#8463,.F.);
#8524 = ORIENTED_EDGE('',*,*,#8501,.F.);
#8525 = ORIENTED_EDGE('',*,*,#8526,.F.);
#8526 = EDGE_CURVE('',#8517,#8494,#8527,.T.);
#8527 = LINE('',#8528,#8529);
#8528 = CARTESIAN_POINT('',(-2.082356253521,15.243485905965,3.335));
#8529 = VECTOR('',#8530,1.);
#8530 = DIRECTION('',(8.715574274764E-02,-0.996194698092,
    -1.467833051274E-16));
#8531 = PLANE('',#8532);
#8532 = AXIS2_PLACEMENT_3D('',#8533,#8534,#8535);
#8533 = CARTESIAN_POINT('',(-2.11167830447,14.889583615775,3.5));
#8534 = DIRECTION('',(-0.936116806663,-8.189960831907E-02,
    -0.342020143326));
#8535 = DIRECTION('',(-8.715574274764E-02,0.996194698092,
    -2.449429548079E-15));
#8536 = ADVANCED_FACE('',(#8537),#8555,.F.);
#8537 = FACE_BOUND('',#8538,.T.);
#8538 = EDGE_LOOP('',(#8539,#8540,#8548,#8554));
#8539 = ORIENTED_EDGE('',*,*,#8516,.F.);
#8540 = ORIENTED_EDGE('',*,*,#8541,.F.);
#8541 = EDGE_CURVE('',#8542,#8517,#8544,.T.);
#8542 = VERTEX_POINT('',#8543);
#8543 = CARTESIAN_POINT('',(-2.431024397853,15.212981396003,3.335));
#8544 = LINE('',#8545,#8546);
#8545 = CARTESIAN_POINT('',(-2.431024397853,15.212981396003,3.335));
#8546 = VECTOR('',#8547,1.);
#8547 = DIRECTION('',(0.996194698092,8.715574274764E-02,
    2.459032434408E-20));
#8548 = ORIENTED_EDGE('',*,*,#8549,.F.);
#8549 = EDGE_CURVE('',#8446,#8542,#8550,.T.);
#8550 = LINE('',#8551,#8552);
#8551 = CARTESIAN_POINT('',(-2.333067676042,15.130785946859,
    3.583427351959));
#8552 = VECTOR('',#8553,1.);
#8553 = DIRECTION('',(-0.350589078133,0.294179166157,-0.889126490716));
#8554 = ORIENTED_EDGE('',*,*,#8471,.F.);
#8555 = PLANE('',#8556);
#8556 = AXIS2_PLACEMENT_3D('',#8557,#8558,#8559);
#8557 = CARTESIAN_POINT('',(-2.077122107664,15.183659345054,3.5));
#8558 = DIRECTION('',(8.189960831907E-02,-0.936116806663,-0.342020143326
    ));
#8559 = DIRECTION('',(-0.996194698092,-8.715574274764E-02,
    -2.577799085302E-15));
#8560 = ADVANCED_FACE('',(#8561),#8572,.F.);
#8561 = FACE_BOUND('',#8562,.T.);
#8562 = EDGE_LOOP('',(#8563,#8564,#8570,#8571));
#8563 = ORIENTED_EDGE('',*,*,#8549,.T.);
#8564 = ORIENTED_EDGE('',*,*,#8565,.F.);
#8565 = EDGE_CURVE('',#8486,#8542,#8566,.T.);
#8566 = LINE('',#8567,#8568);
#8567 = CARTESIAN_POINT('',(-2.431024397853,15.212981396003,3.335));
#8568 = VECTOR('',#8569,1.);
#8569 = DIRECTION('',(-8.715574274764E-02,0.996194698092,
    1.467833051274E-16));
#8570 = ORIENTED_EDGE('',*,*,#8485,.F.);
#8571 = ORIENTED_EDGE('',*,*,#8445,.F.);
#8572 = PLANE('',#8573);
#8573 = AXIS2_PLACEMENT_3D('',#8574,#8575,#8576);
#8574 = CARTESIAN_POINT('',(-2.340693326981,14.869547397528,3.5));
#8575 = DIRECTION('',(0.936116806663,8.189960831907E-02,-0.342020143326)
  );
#8576 = DIRECTION('',(8.715574274764E-02,-0.996194698092,
    -2.69922972862E-15));
#8577 = ADVANCED_FACE('',(#8578),#8594,.F.);
#8578 = FACE_BOUND('',#8579,.T.);
#8579 = EDGE_LOOP('',(#8580,#8586,#8587,#8593));
#8580 = ORIENTED_EDGE('',*,*,#8581,.T.);
#8581 = EDGE_CURVE('',#8542,#8404,#8582,.T.);
#8582 = LINE('',#8583,#8584);
#8583 = CARTESIAN_POINT('',(-2.431024397853,15.212981396003,3.5));
#8584 = VECTOR('',#8585,1.);
#8585 = DIRECTION('',(-1.27685112306E-17,1.462268935243E-16,-1.));
#8586 = ORIENTED_EDGE('',*,*,#8403,.T.);
#8587 = ORIENTED_EDGE('',*,*,#8588,.F.);
#8588 = EDGE_CURVE('',#8486,#8394,#8589,.T.);
#8589 = LINE('',#8590,#8591);
#8590 = CARTESIAN_POINT('',(-2.400519887892,14.864313251671,3.5));
#8591 = VECTOR('',#8592,1.);
#8592 = DIRECTION('',(-1.27685112306E-17,1.462268935243E-16,-1.));
#8593 = ORIENTED_EDGE('',*,*,#8565,.T.);
#8594 = PLANE('',#8595);
#8595 = AXIS2_PLACEMENT_3D('',#8596,#8597,#8598);
#8596 = CARTESIAN_POINT('',(-2.431024397853,15.212981396003,3.5));
#8597 = DIRECTION('',(0.996194698092,8.715574274764E-02,
    2.459032434408E-20));
#8598 = DIRECTION('',(-1.27685112306E-17,1.462268935243E-16,-1.));
#8599 = ADVANCED_FACE('',(#8600),#8611,.F.);
#8600 = FACE_BOUND('',#8601,.T.);
#8601 = EDGE_LOOP('',(#8602,#8608,#8609,#8610));
#8602 = ORIENTED_EDGE('',*,*,#8603,.T.);
#8603 = EDGE_CURVE('',#8517,#8412,#8604,.T.);
#8604 = LINE('',#8605,#8606);
#8605 = CARTESIAN_POINT('',(-2.082356253521,15.243485905965,3.5));
#8606 = VECTOR('',#8607,1.);
#8607 = DIRECTION('',(-1.27685112306E-17,1.462268935243E-16,-1.));
#8608 = ORIENTED_EDGE('',*,*,#8411,.T.);
#8609 = ORIENTED_EDGE('',*,*,#8581,.F.);
#8610 = ORIENTED_EDGE('',*,*,#8541,.T.);
#8611 = PLANE('',#8612);
#8612 = AXIS2_PLACEMENT_3D('',#8613,#8614,#8615);
#8613 = CARTESIAN_POINT('',(-2.431024397853,15.212981396003,3.5));
#8614 = DIRECTION('',(8.715574274764E-02,-0.996194698092,
    -1.467833051274E-16));
#8615 = DIRECTION('',(1.27685112306E-17,-1.462268935242E-16,1.));
#8616 = ADVANCED_FACE('',(#8617),#8628,.F.);
#8617 = FACE_BOUND('',#8618,.T.);
#8618 = EDGE_LOOP('',(#8619,#8625,#8626,#8627));
#8619 = ORIENTED_EDGE('',*,*,#8620,.T.);
#8620 = EDGE_CURVE('',#8494,#8396,#8621,.T.);
#8621 = LINE('',#8622,#8623);
#8622 = CARTESIAN_POINT('',(-2.05185174356,14.894817761633,3.5));
#8623 = VECTOR('',#8624,1.);
#8624 = DIRECTION('',(-1.27685112306E-17,1.462268935243E-16,-1.));
#8625 = ORIENTED_EDGE('',*,*,#8419,.T.);
#8626 = ORIENTED_EDGE('',*,*,#8603,.F.);
#8627 = ORIENTED_EDGE('',*,*,#8526,.T.);
#8628 = PLANE('',#8629);
#8629 = AXIS2_PLACEMENT_3D('',#8630,#8631,#8632);
#8630 = CARTESIAN_POINT('',(-2.082356253521,15.243485905965,3.5));
#8631 = DIRECTION('',(-0.996194698092,-8.715574274764E-02,
    -2.459032434408E-20));
#8632 = DIRECTION('',(1.27685112306E-17,-1.462268935243E-16,1.));
#8633 = ADVANCED_FACE('',(#8634),#8640,.F.);
#8634 = FACE_BOUND('',#8635,.T.);
#8635 = EDGE_LOOP('',(#8636,#8637,#8638,#8639));
#8636 = ORIENTED_EDGE('',*,*,#8588,.T.);
#8637 = ORIENTED_EDGE('',*,*,#8393,.T.);
#8638 = ORIENTED_EDGE('',*,*,#8620,.F.);
#8639 = ORIENTED_EDGE('',*,*,#8493,.T.);
#8640 = PLANE('',#8641);
#8641 = AXIS2_PLACEMENT_3D('',#8642,#8643,#8644);
#8642 = CARTESIAN_POINT('',(-2.400519887892,14.864313251671,3.5));
#8643 = DIRECTION('',(-8.715574274764E-02,0.996194698092,
    1.467833051274E-16));
#8644 = DIRECTION('',(-1.27685112306E-17,1.462268935242E-16,-1.));
#8645 = ( GEOMETRIC_REPRESENTATION_CONTEXT(3) 
GLOBAL_UNCERTAINTY_ASSIGNED_CONTEXT((#8649)) 
GLOBAL_UNIT_ASSIGNED_CONTEXT((#8646,#8647,#8648)) REPRESENTATION_CONTEXT
('Context #1','3D Context with UNIT and UNCERTAINTY') );
#8646 = ( LENGTH_UNIT() NAMED_UNIT(*) SI_UNIT(.MILLI.,.METRE.) );
#8647 = ( NAMED_UNIT(*) PLANE_ANGLE_UNIT() SI_UNIT($,.RADIAN.) );
#8648 = ( NAMED_UNIT(*) SI_UNIT($,.STERADIAN.) SOLID_ANGLE_UNIT() );
#8649 = UNCERTAINTY_MEASURE_WITH_UNIT(LENGTH_MEASURE(1.E-07),#8646,
  'distance_accuracy_value','confusion accuracy');
#8650 = CONTEXT_DEPENDENT_SHAPE_REPRESENTATION(#8651,#8653);
#8651 = ( REPRESENTATION_RELATIONSHIP('','',#8080,#3244) 
REPRESENTATION_RELATIONSHIP_WITH_TRANSFORMATION(#8652) 
SHAPE_REPRESENTATION_RELATIONSHIP() );
#8652 = ITEM_DEFINED_TRANSFORMATION('','',#11,#3265);
#8653 = PRODUCT_DEFINITION_SHAPE('Placement','Placement of an item',
  #8654);
#8654 = NEXT_ASSEMBLY_USAGE_OCCURRENCE('12','Shutter_part005','',#3239,
  #8075,$);
#8655 = PRODUCT_RELATED_PRODUCT_CATEGORY('part',$,(#8077));
#8656 = SHAPE_DEFINITION_REPRESENTATION(#8657,#8663);
#8657 = PRODUCT_DEFINITION_SHAPE('','',#8658);
#8658 = PRODUCT_DEFINITION('design','',#8659,#8662);
#8659 = PRODUCT_DEFINITION_FORMATION('','',#8660);
#8660 = PRODUCT('Shutter_part006','Shutter_part006','',(#8661));
#8661 = PRODUCT_CONTEXT('',#2,'mechanical');
#8662 = PRODUCT_DEFINITION_CONTEXT('part definition',#2,'design');
#8663 = ADVANCED_BREP_SHAPE_REPRESENTATION('',(#11,#8664),#10616);
#8664 = MANIFOLD_SOLID_BREP('',#8665);
#8665 = CLOSED_SHELL('',(#8666,#8709,#8751,#8793,#8835,#8877,#8919,#8951
    ,#8993,#9035,#9077,#9101,#9160,#9218,#9276,#9334,#9393,#9442,#9528,
    #9560,#9577,#9594,#9619,#9636,#9653,#9685,#9721,#9753,#9795,#9834,
    #9865,#9906,#9931,#9958,#9989,#10030,#10048,#10074,#10098,#10139,
    #10164,#10198,#10229,#10268,#10399,#10416,#10436,#10448,#10460,
    #10472,#10484,#10496,#10508,#10520,#10532,#10544,#10556,#10568,
    #10580,#10592,#10604));
#8666 = ADVANCED_FACE('',(#8667),#8704,.T.);
#8667 = FACE_BOUND('',#8668,.T.);
#8668 = EDGE_LOOP('',(#8669,#8680,#8688,#8697));
#8669 = ORIENTED_EDGE('',*,*,#8670,.F.);
#8670 = EDGE_CURVE('',#8671,#8673,#8675,.T.);
#8671 = VERTEX_POINT('',#8672);
#8672 = CARTESIAN_POINT('',(-1.436902089918,12.168553524075,5.));
#8673 = VERTEX_POINT('',#8674);
#8674 = CARTESIAN_POINT('',(1.153704810797,12.051724650762,5.));
#8675 = CIRCLE('',#8676,3.4);
#8676 = AXIS2_PLACEMENT_3D('',#8677,#8678,#8679);
#8677 = CARTESIAN_POINT('',(0.,15.25,5.));
#8678 = DIRECTION('',(0.,0.,1.));
#8679 = DIRECTION('',(-0.422618261741,-0.906307787037,0.));
#8680 = ORIENTED_EDGE('',*,*,#8681,.T.);
#8681 = EDGE_CURVE('',#8671,#8682,#8684,.T.);
#8682 = VERTEX_POINT('',#8683);
#8683 = CARTESIAN_POINT('',(-1.479163916092,12.077922745372,4.9));
#8684 = LINE('',#8685,#8686);
#8685 = CARTESIAN_POINT('',(-1.436902089918,12.168553524075,5.));
#8686 = VECTOR('',#8687,1.);
#8687 = DIRECTION('',(-0.29883623873,-0.640856382056,-0.707106781187));
#8688 = ORIENTED_EDGE('',*,*,#8689,.F.);
#8689 = EDGE_CURVE('',#8690,#8682,#8692,.T.);
#8690 = VERTEX_POINT('',#8691);
#8691 = CARTESIAN_POINT('',(1.204478722686,11.963781655672,4.9));
#8692 = CIRCLE('',#8693,3.5);
#8693 = AXIS2_PLACEMENT_3D('',#8694,#8695,#8696);
#8694 = CARTESIAN_POINT('',(0.,15.25,4.9));
#8695 = DIRECTION('',(-0.,0.,-1.));
#8696 = DIRECTION('',(-0.422618261741,-0.906307787037,0.));
#8697 = ORIENTED_EDGE('',*,*,#8698,.F.);
#8698 = EDGE_CURVE('',#8673,#8690,#8699,.T.);
#8699 = B_SPLINE_CURVE_WITH_KNOTS('',3,(#8700,#8701,#8702,#8703),
  .UNSPECIFIED.,.F.,.F.,(4,4),(2.168404344971E-19,1.425200354822E-04),
  .PIECEWISE_BEZIER_KNOTS.);
#8700 = CARTESIAN_POINT('',(1.153704810797,12.051724650762,5.));
#8701 = CARTESIAN_POINT('',(1.170633271106,12.022403697413,
    4.966674432821));
#8702 = CARTESIAN_POINT('',(1.187557798373,11.993089556294,4.93334087256
    ));
#8703 = CARTESIAN_POINT('',(1.204478722686,11.963781655672,4.9));
#8704 = CONICAL_SURFACE('',#8705,3.4,0.785398163397);
#8705 = AXIS2_PLACEMENT_3D('',#8706,#8707,#8708);
#8706 = CARTESIAN_POINT('',(0.,15.25,5.));
#8707 = DIRECTION('',(0.,0.,-1.));
#8708 = DIRECTION('',(-0.422618261741,-0.906307787037,-0.));
#8709 = ADVANCED_FACE('',(#8710),#8746,.F.);
#8710 = FACE_BOUND('',#8711,.F.);
#8711 = EDGE_LOOP('',(#8712,#8722,#8731,#8739));
#8712 = ORIENTED_EDGE('',*,*,#8713,.T.);
#8713 = EDGE_CURVE('',#8714,#8716,#8718,.T.);
#8714 = VERTEX_POINT('',#8715);
#8715 = CARTESIAN_POINT('',(1.921567731844,13.6919314996,5.));
#8716 = VERTEX_POINT('',#8717);
#8717 = CARTESIAN_POINT('',(1.921567731844,13.6919314996,3.5));
#8718 = LINE('',#8719,#8720);
#8719 = CARTESIAN_POINT('',(1.921567731844,13.6919314996,5.));
#8720 = VECTOR('',#8721,1.);
#8721 = DIRECTION('',(0.,0.,-1.));
#8722 = ORIENTED_EDGE('',*,*,#8723,.F.);
#8723 = EDGE_CURVE('',#8724,#8716,#8726,.T.);
#8724 = VERTEX_POINT('',#8725);
#8725 = CARTESIAN_POINT('',(2.428709645932,14.779500844044,3.5));
#8726 = CIRCLE('',#8727,0.6);
#8727 = AXIS2_PLACEMENT_3D('',#8728,#8729,#8730);
#8728 = CARTESIAN_POINT('',(2.175138688888,14.235716171822,3.5));
#8729 = DIRECTION('',(0.,0.,-1.));
#8730 = DIRECTION('',(0.422618261741,0.906307787037,0.));
#8731 = ORIENTED_EDGE('',*,*,#8732,.F.);
#8732 = EDGE_CURVE('',#8733,#8724,#8735,.T.);
#8733 = VERTEX_POINT('',#8734);
#8734 = CARTESIAN_POINT('',(2.428709645932,14.779500844044,5.));
#8735 = LINE('',#8736,#8737);
#8736 = CARTESIAN_POINT('',(2.428709645932,14.779500844044,5.));
#8737 = VECTOR('',#8738,1.);
#8738 = DIRECTION('',(0.,0.,-1.));
#8739 = ORIENTED_EDGE('',*,*,#8740,.T.);
#8740 = EDGE_CURVE('',#8733,#8714,#8741,.T.);
#8741 = CIRCLE('',#8742,0.6);
#8742 = AXIS2_PLACEMENT_3D('',#8743,#8744,#8745);
#8743 = CARTESIAN_POINT('',(2.175138688888,14.235716171822,5.));
#8744 = DIRECTION('',(0.,0.,-1.));
#8745 = DIRECTION('',(0.422618261741,0.906307787037,0.));
#8746 = CYLINDRICAL_SURFACE('',#8747,0.6);
#8747 = AXIS2_PLACEMENT_3D('',#8748,#8749,#8750);
#8748 = CARTESIAN_POINT('',(2.175138688888,14.235716171822,5.));
#8749 = DIRECTION('',(0.,0.,-1.));
#8750 = DIRECTION('',(-0.422618261741,-0.906307787037,-0.));
#8751 = ADVANCED_FACE('',(#8752),#8788,.F.);
#8752 = FACE_BOUND('',#8753,.F.);
#8753 = EDGE_LOOP('',(#8754,#8764,#8773,#8781));
#8754 = ORIENTED_EDGE('',*,*,#8755,.T.);
#8755 = EDGE_CURVE('',#8756,#8758,#8760,.T.);
#8756 = VERTEX_POINT('',#8757);
#8757 = CARTESIAN_POINT('',(-2.428709645932,15.720499155956,5.));
#8758 = VERTEX_POINT('',#8759);
#8759 = CARTESIAN_POINT('',(-2.428709645932,15.720499155956,3.5));
#8760 = LINE('',#8761,#8762);
#8761 = CARTESIAN_POINT('',(-2.428709645932,15.720499155956,5.));
#8762 = VECTOR('',#8763,1.);
#8763 = DIRECTION('',(0.,0.,-1.));
#8764 = ORIENTED_EDGE('',*,*,#8765,.F.);
#8765 = EDGE_CURVE('',#8766,#8758,#8768,.T.);
#8766 = VERTEX_POINT('',#8767);
#8767 = CARTESIAN_POINT('',(-1.921567731844,16.8080685004,3.5));
#8768 = CIRCLE('',#8769,0.6);
#8769 = AXIS2_PLACEMENT_3D('',#8770,#8771,#8772);
#8770 = CARTESIAN_POINT('',(-2.175138688888,16.264283828178,3.5));
#8771 = DIRECTION('',(-0.,0.,-1.));
#8772 = DIRECTION('',(-0.422618261741,-0.906307787037,0.));
#8773 = ORIENTED_EDGE('',*,*,#8774,.F.);
#8774 = EDGE_CURVE('',#8775,#8766,#8777,.T.);
#8775 = VERTEX_POINT('',#8776);
#8776 = CARTESIAN_POINT('',(-1.921567731844,16.8080685004,5.));
#8777 = LINE('',#8778,#8779);
#8778 = CARTESIAN_POINT('',(-1.921567731844,16.8080685004,5.));
#8779 = VECTOR('',#8780,1.);
#8780 = DIRECTION('',(0.,0.,-1.));
#8781 = ORIENTED_EDGE('',*,*,#8782,.T.);
#8782 = EDGE_CURVE('',#8775,#8756,#8783,.T.);
#8783 = CIRCLE('',#8784,0.6);
#8784 = AXIS2_PLACEMENT_3D('',#8785,#8786,#8787);
#8785 = CARTESIAN_POINT('',(-2.175138688888,16.264283828178,5.));
#8786 = DIRECTION('',(-0.,0.,-1.));
#8787 = DIRECTION('',(-0.422618261741,-0.906307787037,0.));
#8788 = CYLINDRICAL_SURFACE('',#8789,0.6);
#8789 = AXIS2_PLACEMENT_3D('',#8790,#8791,#8792);
#8790 = CARTESIAN_POINT('',(-2.175138688888,16.264283828178,5.));
#8791 = DIRECTION('',(0.,0.,-1.));
#8792 = DIRECTION('',(-0.422618261741,-0.906307787037,-0.));
#8793 = ADVANCED_FACE('',(#8794),#8830,.F.);
#8794 = FACE_BOUND('',#8795,.F.);
#8795 = EDGE_LOOP('',(#8796,#8806,#8815,#8823));
#8796 = ORIENTED_EDGE('',*,*,#8797,.T.);
#8797 = EDGE_CURVE('',#8798,#8800,#8802,.T.);
#8798 = VERTEX_POINT('',#8799);
#8799 = CARTESIAN_POINT('',(-2.172285187926,15.476223478707,4.3));
#8800 = VERTEX_POINT('',#8801);
#8801 = CARTESIAN_POINT('',(-2.172285187926,15.476223478707,5.));
#8802 = LINE('',#8803,#8804);
#8803 = CARTESIAN_POINT('',(-2.172285187926,15.476223478707,5.));
#8804 = VECTOR('',#8805,1.);
#8805 = DIRECTION('',(0.,0.,1.));
#8806 = ORIENTED_EDGE('',*,*,#8807,.T.);
#8807 = EDGE_CURVE('',#8800,#8808,#8810,.T.);
#8808 = VERTEX_POINT('',#8809);
#8809 = CARTESIAN_POINT('',(-1.993405256104,15.452673488914,5.));
#8810 = CIRCLE('',#8811,0.3);
#8811 = AXIS2_PLACEMENT_3D('',#8812,#8813,#8814);
#8812 = CARTESIAN_POINT('',(-2.120190734626,15.180781152803,5.));
#8813 = DIRECTION('',(-0.,0.,-1.));
#8814 = DIRECTION('',(-0.422618261741,-0.906307787037,0.));
#8815 = ORIENTED_EDGE('',*,*,#8816,.F.);
#8816 = EDGE_CURVE('',#8817,#8808,#8819,.T.);
#8817 = VERTEX_POINT('',#8818);
#8818 = CARTESIAN_POINT('',(-1.993405256104,15.452673488914,4.3));
#8819 = LINE('',#8820,#8821);
#8820 = CARTESIAN_POINT('',(-1.993405256104,15.452673488914,5.));
#8821 = VECTOR('',#8822,1.);
#8822 = DIRECTION('',(0.,0.,1.));
#8823 = ORIENTED_EDGE('',*,*,#8824,.T.);
#8824 = EDGE_CURVE('',#8817,#8798,#8825,.T.);
#8825 = CIRCLE('',#8826,0.3);
#8826 = AXIS2_PLACEMENT_3D('',#8827,#8828,#8829);
#8827 = CARTESIAN_POINT('',(-2.120190734626,15.180781152803,4.3));
#8828 = DIRECTION('',(0.,-0.,1.));
#8829 = DIRECTION('',(0.422618261741,0.906307787037,0.));
#8830 = CYLINDRICAL_SURFACE('',#8831,0.3);
#8831 = AXIS2_PLACEMENT_3D('',#8832,#8833,#8834);
#8832 = CARTESIAN_POINT('',(-2.120190734626,15.180781152803,5.));
#8833 = DIRECTION('',(0.,0.,1.));
#8834 = DIRECTION('',(0.422618261741,0.906307787037,-0.));
#8835 = ADVANCED_FACE('',(#8836),#8872,.F.);
#8836 = FACE_BOUND('',#8837,.F.);
#8837 = EDGE_LOOP('',(#8838,#8848,#8857,#8865));
#8838 = ORIENTED_EDGE('',*,*,#8839,.T.);
#8839 = EDGE_CURVE('',#8840,#8842,#8844,.T.);
#8840 = VERTEX_POINT('',#8841);
#8841 = CARTESIAN_POINT('',(1.159807621135,13.841154273188,4.3));
#8842 = VERTEX_POINT('',#8843);
#8843 = CARTESIAN_POINT('',(1.159807621135,13.841154273188,5.));
#8844 = LINE('',#8845,#8846);
#8845 = CARTESIAN_POINT('',(1.159807621135,13.841154273188,5.));
#8846 = VECTOR('',#8847,1.);
#8847 = DIRECTION('',(0.,0.,1.));
#8848 = ORIENTED_EDGE('',*,*,#8849,.T.);
#8849 = EDGE_CURVE('',#8842,#8850,#8852,.T.);
#8850 = VERTEX_POINT('',#8851);
#8851 = CARTESIAN_POINT('',(1.436593099658,13.853238988164,5.));
#8852 = CIRCLE('',#8853,0.3);
#8853 = AXIS2_PLACEMENT_3D('',#8854,#8855,#8856);
#8854 = CARTESIAN_POINT('',(1.309807621135,13.581346652053,5.));
#8855 = DIRECTION('',(-0.,0.,-1.));
#8856 = DIRECTION('',(-0.422618261741,-0.906307787037,0.));
#8857 = ORIENTED_EDGE('',*,*,#8858,.F.);
#8858 = EDGE_CURVE('',#8859,#8850,#8861,.T.);
#8859 = VERTEX_POINT('',#8860);
#8860 = CARTESIAN_POINT('',(1.436593099658,13.853238988164,4.3));
#8861 = LINE('',#8862,#8863);
#8862 = CARTESIAN_POINT('',(1.436593099658,13.853238988164,5.));
#8863 = VECTOR('',#8864,1.);
#8864 = DIRECTION('',(0.,0.,1.));
#8865 = ORIENTED_EDGE('',*,*,#8866,.T.);
#8866 = EDGE_CURVE('',#8859,#8840,#8867,.T.);
#8867 = CIRCLE('',#8868,0.3);
#8868 = AXIS2_PLACEMENT_3D('',#8869,#8870,#8871);
#8869 = CARTESIAN_POINT('',(1.309807621135,13.581346652053,4.3));
#8870 = DIRECTION('',(0.,-0.,1.));
#8871 = DIRECTION('',(0.422618261741,0.906307787037,0.));
#8872 = CYLINDRICAL_SURFACE('',#8873,0.3);
#8873 = AXIS2_PLACEMENT_3D('',#8874,#8875,#8876);
#8874 = CARTESIAN_POINT('',(1.309807621135,13.581346652053,5.));
#8875 = DIRECTION('',(0.,0.,1.));
#8876 = DIRECTION('',(0.422618261741,0.906307787037,-0.));
#8877 = ADVANCED_FACE('',(#8878),#8914,.F.);
#8878 = FACE_BOUND('',#8879,.F.);
#8879 = EDGE_LOOP('',(#8880,#8890,#8899,#8907));
#8880 = ORIENTED_EDGE('',*,*,#8881,.T.);
#8881 = EDGE_CURVE('',#8882,#8884,#8886,.T.);
#8882 = VERTEX_POINT('',#8883);
#8883 = CARTESIAN_POINT('',(-0.633927392611,13.890538319445,4.5));
#8884 = VERTEX_POINT('',#8885);
#8885 = CARTESIAN_POINT('',(-0.633927392611,13.890538319445,3.5));
#8886 = LINE('',#8887,#8888);
#8887 = CARTESIAN_POINT('',(-0.633927392611,13.890538319445,4.5));
#8888 = VECTOR('',#8889,1.);
#8889 = DIRECTION('',(0.,0.,-1.));
#8890 = ORIENTED_EDGE('',*,*,#8891,.F.);
#8891 = EDGE_CURVE('',#8892,#8884,#8894,.T.);
#8892 = VERTEX_POINT('',#8893);
#8893 = CARTESIAN_POINT('',(0.633927392611,16.609461680555,3.5));
#8894 = CIRCLE('',#8895,1.5);
#8895 = AXIS2_PLACEMENT_3D('',#8896,#8897,#8898);
#8896 = CARTESIAN_POINT('',(0.,15.25,3.5));
#8897 = DIRECTION('',(-0.,0.,-1.));
#8898 = DIRECTION('',(-0.422618261741,-0.906307787037,0.));
#8899 = ORIENTED_EDGE('',*,*,#8900,.F.);
#8900 = EDGE_CURVE('',#8901,#8892,#8903,.T.);
#8901 = VERTEX_POINT('',#8902);
#8902 = CARTESIAN_POINT('',(0.633927392611,16.609461680555,4.5));
#8903 = LINE('',#8904,#8905);
#8904 = CARTESIAN_POINT('',(0.633927392611,16.609461680555,4.5));
#8905 = VECTOR('',#8906,1.);
#8906 = DIRECTION('',(0.,0.,-1.));
#8907 = ORIENTED_EDGE('',*,*,#8908,.T.);
#8908 = EDGE_CURVE('',#8901,#8882,#8909,.T.);
#8909 = CIRCLE('',#8910,1.5);
#8910 = AXIS2_PLACEMENT_3D('',#8911,#8912,#8913);
#8911 = CARTESIAN_POINT('',(0.,15.25,4.5));
#8912 = DIRECTION('',(-0.,0.,-1.));
#8913 = DIRECTION('',(-0.422618261741,-0.906307787037,0.));
#8914 = CYLINDRICAL_SURFACE('',#8915,1.5);
#8915 = AXIS2_PLACEMENT_3D('',#8916,#8917,#8918);
#8916 = CARTESIAN_POINT('',(0.,15.25,4.5));
#8917 = DIRECTION('',(0.,0.,-1.));
#8918 = DIRECTION('',(-0.422618261741,-0.906307787037,-0.));
#8919 = ADVANCED_FACE('',(#8920),#8946,.T.);
#8920 = FACE_BOUND('',#8921,.T.);
#8921 = EDGE_LOOP('',(#8922,#8923,#8931,#8940));
#8922 = ORIENTED_EDGE('',*,*,#8689,.T.);
#8923 = ORIENTED_EDGE('',*,*,#8924,.T.);
#8924 = EDGE_CURVE('',#8682,#8925,#8927,.T.);
#8925 = VERTEX_POINT('',#8926);
#8926 = CARTESIAN_POINT('',(-1.479163916092,12.077922745372,4.3));
#8927 = LINE('',#8928,#8929);
#8928 = CARTESIAN_POINT('',(-1.479163916092,12.077922745372,5.));
#8929 = VECTOR('',#8930,1.);
#8930 = DIRECTION('',(0.,0.,-1.));
#8931 = ORIENTED_EDGE('',*,*,#8932,.T.);
#8932 = EDGE_CURVE('',#8925,#8933,#8935,.T.);
#8933 = VERTEX_POINT('',#8934);
#8934 = CARTESIAN_POINT('',(1.204478722686,11.963781655672,4.3));
#8935 = CIRCLE('',#8936,3.5);
#8936 = AXIS2_PLACEMENT_3D('',#8937,#8938,#8939);
#8937 = CARTESIAN_POINT('',(0.,15.25,4.3));
#8938 = DIRECTION('',(0.,0.,1.));
#8939 = DIRECTION('',(-0.422618261741,-0.906307787037,0.));
#8940 = ORIENTED_EDGE('',*,*,#8941,.F.);
#8941 = EDGE_CURVE('',#8690,#8933,#8942,.T.);
#8942 = LINE('',#8943,#8944);
#8943 = CARTESIAN_POINT('',(1.204478722686,11.963781655672,5.));
#8944 = VECTOR('',#8945,1.);
#8945 = DIRECTION('',(0.,0.,-1.));
#8946 = CYLINDRICAL_SURFACE('',#8947,3.5);
#8947 = AXIS2_PLACEMENT_3D('',#8948,#8949,#8950);
#8948 = CARTESIAN_POINT('',(0.,15.25,5.));
#8949 = DIRECTION('',(0.,0.,-1.));
#8950 = DIRECTION('',(-0.422618261741,-0.906307787037,-0.));
#8951 = ADVANCED_FACE('',(#8952),#8988,.F.);
#8952 = FACE_BOUND('',#8953,.F.);
#8953 = EDGE_LOOP('',(#8954,#8964,#8973,#8981));
#8954 = ORIENTED_EDGE('',*,*,#8955,.T.);
#8955 = EDGE_CURVE('',#8956,#8958,#8960,.T.);
#8956 = VERTEX_POINT('',#8957);
#8957 = CARTESIAN_POINT('',(-0.614493159713,18.257889319218,4.3));
#8958 = VERTEX_POINT('',#8959);
#8959 = CARTESIAN_POINT('',(-0.614493159713,18.257889319218,3.5));
#8960 = LINE('',#8961,#8962);
#8961 = CARTESIAN_POINT('',(-0.614493159713,18.257889319218,4.3));
#8962 = VECTOR('',#8963,1.);
#8963 = DIRECTION('',(0.,0.,-1.));
#8964 = ORIENTED_EDGE('',*,*,#8965,.F.);
#8965 = EDGE_CURVE('',#8966,#8958,#8968,.T.);
#8966 = VERTEX_POINT('',#8967);
#8967 = CARTESIAN_POINT('',(-0.41374140699,17.971186103717,3.5));
#8968 = CIRCLE('',#8969,0.35);
#8969 = AXIS2_PLACEMENT_3D('',#8970,#8971,#8972);
#8970 = CARTESIAN_POINT('',(-0.265825015381,18.28839382918,3.5));
#8971 = DIRECTION('',(-0.,0.,-1.));
#8972 = DIRECTION('',(-0.422618261741,-0.906307787037,0.));
#8973 = ORIENTED_EDGE('',*,*,#8974,.F.);
#8974 = EDGE_CURVE('',#8975,#8966,#8977,.T.);
#8975 = VERTEX_POINT('',#8976);
#8976 = CARTESIAN_POINT('',(-0.41374140699,17.971186103717,4.3));
#8977 = LINE('',#8978,#8979);
#8978 = CARTESIAN_POINT('',(-0.41374140699,17.971186103717,4.3));
#8979 = VECTOR('',#8980,1.);
#8980 = DIRECTION('',(0.,0.,-1.));
#8981 = ORIENTED_EDGE('',*,*,#8982,.T.);
#8982 = EDGE_CURVE('',#8975,#8956,#8983,.T.);
#8983 = CIRCLE('',#8984,0.35);
#8984 = AXIS2_PLACEMENT_3D('',#8985,#8986,#8987);
#8985 = CARTESIAN_POINT('',(-0.265825015381,18.28839382918,4.3));
#8986 = DIRECTION('',(-0.,0.,-1.));
#8987 = DIRECTION('',(-0.422618261741,-0.906307787037,0.));
#8988 = CYLINDRICAL_SURFACE('',#8989,0.35);
#8989 = AXIS2_PLACEMENT_3D('',#8990,#8991,#8992);
#8990 = CARTESIAN_POINT('',(-0.265825015381,18.28839382918,4.3));
#8991 = DIRECTION('',(0.,0.,-1.));
#8992 = DIRECTION('',(-0.422618261741,-0.906307787037,-0.));
#8993 = ADVANCED_FACE('',(#8994),#9030,.T.);
#8994 = FACE_BOUND('',#8995,.T.);
#8995 = EDGE_LOOP('',(#8996,#9007,#9015,#9024));
#8996 = ORIENTED_EDGE('',*,*,#8997,.F.);
#8997 = EDGE_CURVE('',#8998,#9000,#9002,.T.);
#8998 = VERTEX_POINT('',#8999);
#8999 = CARTESIAN_POINT('',(-1.35237843757,12.349815081483,4.3));
#9000 = VERTEX_POINT('',#9001);
#9001 = CARTESIAN_POINT('',(-7.144300216514E-02,12.050797615429,4.3));
#9002 = CIRCLE('',#9003,3.2);
#9003 = AXIS2_PLACEMENT_3D('',#9004,#9005,#9006);
#9004 = CARTESIAN_POINT('',(0.,15.25,4.3));
#9005 = DIRECTION('',(0.,-0.,1.));
#9006 = DIRECTION('',(0.422618261741,0.906307787037,0.));
#9007 = ORIENTED_EDGE('',*,*,#9008,.T.);
#9008 = EDGE_CURVE('',#8998,#9009,#9011,.T.);
#9009 = VERTEX_POINT('',#9010);
#9010 = CARTESIAN_POINT('',(-1.35237843757,12.349815081483,3.5));
#9011 = LINE('',#9012,#9013);
#9012 = CARTESIAN_POINT('',(-1.35237843757,12.349815081483,4.3));
#9013 = VECTOR('',#9014,1.);
#9014 = DIRECTION('',(0.,0.,-1.));
#9015 = ORIENTED_EDGE('',*,*,#9016,.T.);
#9016 = EDGE_CURVE('',#9009,#9017,#9019,.T.);
#9017 = VERTEX_POINT('',#9018);
#9018 = CARTESIAN_POINT('',(-7.144300216514E-02,12.050797615429,3.5));
#9019 = CIRCLE('',#9020,3.2);
#9020 = AXIS2_PLACEMENT_3D('',#9021,#9022,#9023);
#9021 = CARTESIAN_POINT('',(0.,15.25,3.5));
#9022 = DIRECTION('',(0.,-0.,1.));
#9023 = DIRECTION('',(0.422618261741,0.906307787037,0.));
#9024 = ORIENTED_EDGE('',*,*,#9025,.F.);
#9025 = EDGE_CURVE('',#9000,#9017,#9026,.T.);
#9026 = LINE('',#9027,#9028);
#9027 = CARTESIAN_POINT('',(-7.144300216514E-02,12.050797615429,4.3));
#9028 = VECTOR('',#9029,1.);
#9029 = DIRECTION('',(0.,0.,-1.));
#9030 = CYLINDRICAL_SURFACE('',#9031,3.2);
#9031 = AXIS2_PLACEMENT_3D('',#9032,#9033,#9034);
#9032 = CARTESIAN_POINT('',(0.,15.25,4.3));
#9033 = DIRECTION('',(0.,0.,-1.));
#9034 = DIRECTION('',(-0.422618261741,-0.906307787037,-0.));
#9035 = ADVANCED_FACE('',(#9036),#9072,.F.);
#9036 = FACE_BOUND('',#9037,.F.);
#9037 = EDGE_LOOP('',(#9038,#9048,#9057,#9065));
#9038 = ORIENTED_EDGE('',*,*,#9039,.T.);
#9039 = EDGE_CURVE('',#9040,#9042,#9044,.T.);
#9040 = VERTEX_POINT('',#9041);
#9041 = CARTESIAN_POINT('',(-0.422618261741,14.343692212963,5.));
#9042 = VERTEX_POINT('',#9043);
#9043 = CARTESIAN_POINT('',(-0.422618261741,14.343692212963,4.5));
#9044 = LINE('',#9045,#9046);
#9045 = CARTESIAN_POINT('',(-0.422618261741,14.343692212963,5.));
#9046 = VECTOR('',#9047,1.);
#9047 = DIRECTION('',(0.,0.,-1.));
#9048 = ORIENTED_EDGE('',*,*,#9049,.T.);
#9049 = EDGE_CURVE('',#9042,#9050,#9052,.T.);
#9050 = VERTEX_POINT('',#9051);
#9051 = CARTESIAN_POINT('',(0.422618261741,16.156307787037,4.5));
#9052 = CIRCLE('',#9053,1.);
#9053 = AXIS2_PLACEMENT_3D('',#9054,#9055,#9056);
#9054 = CARTESIAN_POINT('',(0.,15.25,4.5));
#9055 = DIRECTION('',(0.,0.,1.));
#9056 = DIRECTION('',(-0.422618261741,-0.906307787037,0.));
#9057 = ORIENTED_EDGE('',*,*,#9058,.F.);
#9058 = EDGE_CURVE('',#9059,#9050,#9061,.T.);
#9059 = VERTEX_POINT('',#9060);
#9060 = CARTESIAN_POINT('',(0.422618261741,16.156307787037,5.));
#9061 = LINE('',#9062,#9063);
#9062 = CARTESIAN_POINT('',(0.422618261741,16.156307787037,5.));
#9063 = VECTOR('',#9064,1.);
#9064 = DIRECTION('',(0.,0.,-1.));
#9065 = ORIENTED_EDGE('',*,*,#9066,.T.);
#9066 = EDGE_CURVE('',#9059,#9040,#9067,.T.);
#9067 = CIRCLE('',#9068,1.);
#9068 = AXIS2_PLACEMENT_3D('',#9069,#9070,#9071);
#9069 = CARTESIAN_POINT('',(0.,15.25,5.));
#9070 = DIRECTION('',(-0.,0.,-1.));
#9071 = DIRECTION('',(-0.422618261741,-0.906307787037,0.));
#9072 = CYLINDRICAL_SURFACE('',#9073,1.);
#9073 = AXIS2_PLACEMENT_3D('',#9074,#9075,#9076);
#9074 = CARTESIAN_POINT('',(0.,15.25,5.));
#9075 = DIRECTION('',(0.,0.,-1.));
#9076 = DIRECTION('',(-0.422618261741,-0.906307787037,-0.));
#9077 = ADVANCED_FACE('',(#9078),#9096,.F.);
#9078 = FACE_BOUND('',#9079,.F.);
#9079 = EDGE_LOOP('',(#9080,#9087,#9088,#9095));
#9080 = ORIENTED_EDGE('',*,*,#9081,.T.);
#9081 = EDGE_CURVE('',#9050,#9042,#9082,.T.);
#9082 = CIRCLE('',#9083,1.);
#9083 = AXIS2_PLACEMENT_3D('',#9084,#9085,#9086);
#9084 = CARTESIAN_POINT('',(0.,15.25,4.5));
#9085 = DIRECTION('',(0.,0.,1.));
#9086 = DIRECTION('',(-0.422618261741,-0.906307787037,0.));
#9087 = ORIENTED_EDGE('',*,*,#9039,.F.);
#9088 = ORIENTED_EDGE('',*,*,#9089,.T.);
#9089 = EDGE_CURVE('',#9040,#9059,#9090,.T.);
#9090 = CIRCLE('',#9091,1.);
#9091 = AXIS2_PLACEMENT_3D('',#9092,#9093,#9094);
#9092 = CARTESIAN_POINT('',(0.,15.25,5.));
#9093 = DIRECTION('',(-0.,0.,-1.));
#9094 = DIRECTION('',(-0.422618261741,-0.906307787037,0.));
#9095 = ORIENTED_EDGE('',*,*,#9058,.T.);
#9096 = CYLINDRICAL_SURFACE('',#9097,1.);
#9097 = AXIS2_PLACEMENT_3D('',#9098,#9099,#9100);
#9098 = CARTESIAN_POINT('',(0.,15.25,5.));
#9099 = DIRECTION('',(0.,0.,-1.));
#9100 = DIRECTION('',(-0.422618261741,-0.906307787037,-0.));
#9101 = ADVANCED_FACE('',(#9102),#9155,.T.);
#9102 = FACE_BOUND('',#9103,.T.);
#9103 = EDGE_LOOP('',(#9104,#9114,#9123,#9131,#9140,#9148));
#9104 = ORIENTED_EDGE('',*,*,#9105,.F.);
#9105 = EDGE_CURVE('',#9106,#9108,#9110,.T.);
#9106 = VERTEX_POINT('',#9107);
#9107 = CARTESIAN_POINT('',(1.824748408722,15.267124393897,4.3));
#9108 = VERTEX_POINT('',#9109);
#9109 = CARTESIAN_POINT('',(1.720559502122,15.858009045704,4.3));
#9110 = LINE('',#9111,#9112);
#9111 = CARTESIAN_POINT('',(1.772653955422,15.5625667198,4.3));
#9112 = VECTOR('',#9113,1.);
#9113 = DIRECTION('',(-0.173648177667,0.984807753012,0.));
#9114 = ORIENTED_EDGE('',*,*,#9115,.T.);
#9115 = EDGE_CURVE('',#9106,#9116,#9118,.T.);
#9116 = VERTEX_POINT('',#9117);
#9117 = CARTESIAN_POINT('',(2.172285187926,15.023776521293,4.3));
#9118 = CIRCLE('',#9119,0.3);
#9119 = AXIS2_PLACEMENT_3D('',#9120,#9121,#9122);
#9120 = CARTESIAN_POINT('',(2.120190734626,15.319218847197,4.3));
#9121 = DIRECTION('',(0.,-0.,1.));
#9122 = DIRECTION('',(0.422618261741,0.906307787037,0.));
#9123 = ORIENTED_EDGE('',*,*,#9124,.F.);
#9124 = EDGE_CURVE('',#9125,#9116,#9127,.T.);
#9125 = VERTEX_POINT('',#9126);
#9126 = CARTESIAN_POINT('',(3.199682655048,15.204934414658,4.3));
#9127 = LINE('',#9128,#9129);
#9128 = CARTESIAN_POINT('',(1.876842862022,14.971682067993,4.3));
#9129 = VECTOR('',#9130,1.);
#9130 = DIRECTION('',(-0.984807753012,-0.173648177667,0.));
#9131 = ORIENTED_EDGE('',*,*,#9132,.T.);
#9132 = EDGE_CURVE('',#9125,#9133,#9135,.T.);
#9133 = VERTEX_POINT('',#9134);
#9134 = CARTESIAN_POINT('',(2.991304841848,16.386703718273,4.3));
#9135 = CIRCLE('',#9136,3.2);
#9136 = AXIS2_PLACEMENT_3D('',#9137,#9138,#9139);
#9137 = CARTESIAN_POINT('',(0.,15.25,4.3));
#9138 = DIRECTION('',(0.,-0.,1.));
#9139 = DIRECTION('',(0.422618261741,0.906307787037,0.));
#9140 = ORIENTED_EDGE('',*,*,#9141,.F.);
#9141 = EDGE_CURVE('',#9142,#9133,#9144,.T.);
#9142 = VERTEX_POINT('',#9143);
#9143 = CARTESIAN_POINT('',(1.963907374725,16.205545824908,4.3));
#9144 = LINE('',#9145,#9146);
#9145 = CARTESIAN_POINT('',(1.668465048822,16.153451371608,4.3));
#9146 = VECTOR('',#9147,1.);
#9147 = DIRECTION('',(0.984807753012,0.173648177667,0.));
#9148 = ORIENTED_EDGE('',*,*,#9149,.T.);
#9149 = EDGE_CURVE('',#9142,#9108,#9150,.T.);
#9150 = CIRCLE('',#9151,0.3);
#9151 = AXIS2_PLACEMENT_3D('',#9152,#9153,#9154);
#9152 = CARTESIAN_POINT('',(2.016001828026,15.910103499004,4.3));
#9153 = DIRECTION('',(0.,-0.,1.));
#9154 = DIRECTION('',(0.422618261741,0.906307787037,0.));
#9155 = PLANE('',#9156);
#9156 = AXIS2_PLACEMENT_3D('',#9157,#9158,#9159);
#9157 = CARTESIAN_POINT('',(0.,15.25,4.3));
#9158 = DIRECTION('',(0.,0.,1.));
#9159 = DIRECTION('',(0.422618261741,0.906307787037,-0.));
#9160 = ADVANCED_FACE('',(#9161),#9213,.T.);
#9161 = FACE_BOUND('',#9162,.T.);
#9162 = EDGE_LOOP('',(#9163,#9171,#9180,#9188,#9197,#9205,#9212));
#9163 = ORIENTED_EDGE('',*,*,#9164,.F.);
#9164 = EDGE_CURVE('',#9165,#8840,#9167,.T.);
#9165 = VERTEX_POINT('',#9166);
#9166 = CARTESIAN_POINT('',(0.640192378865,13.541154273188,4.3));
#9167 = LINE('',#9168,#9169);
#9168 = CARTESIAN_POINT('',(0.9,13.691154273188,4.3));
#9169 = VECTOR('',#9170,1.);
#9170 = DIRECTION('',(0.866025403784,0.5,0.));
#9171 = ORIENTED_EDGE('',*,*,#9172,.T.);
#9172 = EDGE_CURVE('',#9165,#9173,#9175,.T.);
#9173 = VERTEX_POINT('',#9174);
#9174 = CARTESIAN_POINT('',(0.530384757729,13.131346652053,4.3));
#9175 = CIRCLE('',#9176,0.3);
#9176 = AXIS2_PLACEMENT_3D('',#9177,#9178,#9179);
#9177 = CARTESIAN_POINT('',(0.790192378865,13.281346652053,4.3));
#9178 = DIRECTION('',(0.,-0.,1.));
#9179 = DIRECTION('',(0.422618261741,0.906307787037,0.));
#9180 = ORIENTED_EDGE('',*,*,#9181,.F.);
#9181 = EDGE_CURVE('',#9182,#9173,#9184,.T.);
#9182 = VERTEX_POINT('',#9183);
#9183 = CARTESIAN_POINT('',(1.05200812228,12.227868482237,4.3));
#9184 = LINE('',#9185,#9186);
#9185 = CARTESIAN_POINT('',(0.380384757729,13.391154273188,4.3));
#9186 = VECTOR('',#9187,1.);
#9187 = DIRECTION('',(-0.5,0.866025403784,0.));
#9188 = ORIENTED_EDGE('',*,*,#9189,.T.);
#9189 = EDGE_CURVE('',#9182,#9190,#9192,.T.);
#9190 = VERTEX_POINT('',#9191);
#9191 = CARTESIAN_POINT('',(2.091238606821,12.827868482237,4.3));
#9192 = CIRCLE('',#9193,3.2);
#9193 = AXIS2_PLACEMENT_3D('',#9194,#9195,#9196);
#9194 = CARTESIAN_POINT('',(0.,15.25,4.3));
#9195 = DIRECTION('',(0.,-0.,1.));
#9196 = DIRECTION('',(0.422618261741,0.906307787037,0.));
#9197 = ORIENTED_EDGE('',*,*,#9198,.F.);
#9198 = EDGE_CURVE('',#9199,#9190,#9201,.T.);
#9199 = VERTEX_POINT('',#9200);
#9200 = CARTESIAN_POINT('',(1.569615242271,13.731346652053,4.3));
#9201 = LINE('',#9202,#9203);
#9202 = CARTESIAN_POINT('',(1.419615242271,13.991154273188,4.3));
#9203 = VECTOR('',#9204,1.);
#9204 = DIRECTION('',(0.5,-0.866025403784,0.));
#9205 = ORIENTED_EDGE('',*,*,#9206,.T.);
#9206 = EDGE_CURVE('',#9199,#8859,#9207,.T.);
#9207 = CIRCLE('',#9208,0.3);
#9208 = AXIS2_PLACEMENT_3D('',#9209,#9210,#9211);
#9209 = CARTESIAN_POINT('',(1.309807621135,13.581346652053,4.3));
#9210 = DIRECTION('',(0.,-0.,1.));
#9211 = DIRECTION('',(0.422618261741,0.906307787037,0.));
#9212 = ORIENTED_EDGE('',*,*,#8866,.T.);
#9213 = PLANE('',#9214);
#9214 = AXIS2_PLACEMENT_3D('',#9215,#9216,#9217);
#9215 = CARTESIAN_POINT('',(0.,15.25,4.3));
#9216 = DIRECTION('',(0.,0.,1.));
#9217 = DIRECTION('',(0.422618261741,0.906307787037,-0.));
#9218 = ADVANCED_FACE('',(#9219),#9271,.T.);
#9219 = FACE_BOUND('',#9220,.T.);
#9220 = EDGE_LOOP('',(#9221,#9231,#9240,#9248,#9255,#9256,#9264));
#9221 = ORIENTED_EDGE('',*,*,#9222,.F.);
#9222 = EDGE_CURVE('',#9223,#9225,#9227,.T.);
#9223 = VERTEX_POINT('',#9224);
#9224 = CARTESIAN_POINT('',(-1.963907374725,14.294454175092,4.3));
#9225 = VERTEX_POINT('',#9226);
#9226 = CARTESIAN_POINT('',(-2.991304841848,14.113296281727,4.3));
#9227 = LINE('',#9228,#9229);
#9228 = CARTESIAN_POINT('',(-1.668465048822,14.346548628392,4.3));
#9229 = VECTOR('',#9230,1.);
#9230 = DIRECTION('',(-0.984807753012,-0.173648177667,0.));
#9231 = ORIENTED_EDGE('',*,*,#9232,.T.);
#9232 = EDGE_CURVE('',#9223,#9233,#9235,.T.);
#9233 = VERTEX_POINT('',#9234);
#9234 = CARTESIAN_POINT('',(-1.720559502122,14.641990954296,4.3));
#9235 = CIRCLE('',#9236,0.3);
#9236 = AXIS2_PLACEMENT_3D('',#9237,#9238,#9239);
#9237 = CARTESIAN_POINT('',(-2.016001828026,14.589896500996,4.3));
#9238 = DIRECTION('',(0.,-0.,1.));
#9239 = DIRECTION('',(0.422618261741,0.906307787037,0.));
#9240 = ORIENTED_EDGE('',*,*,#9241,.F.);
#9241 = EDGE_CURVE('',#9242,#9233,#9244,.T.);
#9242 = VERTEX_POINT('',#9243);
#9243 = CARTESIAN_POINT('',(-1.824748408722,15.232875606103,4.3));
#9244 = LINE('',#9245,#9246);
#9245 = CARTESIAN_POINT('',(-1.772653955422,14.9374332802,4.3));
#9246 = VECTOR('',#9247,1.);
#9247 = DIRECTION('',(0.173648177667,-0.984807753012,0.));
#9248 = ORIENTED_EDGE('',*,*,#9249,.T.);
#9249 = EDGE_CURVE('',#9242,#8817,#9250,.T.);
#9250 = CIRCLE('',#9251,0.3);
#9251 = AXIS2_PLACEMENT_3D('',#9252,#9253,#9254);
#9252 = CARTESIAN_POINT('',(-2.120190734626,15.180781152803,4.3));
#9253 = DIRECTION('',(0.,-0.,1.));
#9254 = DIRECTION('',(0.422618261741,0.906307787037,0.));
#9255 = ORIENTED_EDGE('',*,*,#8824,.T.);
#9256 = ORIENTED_EDGE('',*,*,#9257,.F.);
#9257 = EDGE_CURVE('',#9258,#8798,#9260,.T.);
#9258 = VERTEX_POINT('',#9259);
#9259 = CARTESIAN_POINT('',(-3.199682655048,15.295065585342,4.3));
#9260 = LINE('',#9261,#9262);
#9261 = CARTESIAN_POINT('',(-1.876842862022,15.528317932007,4.3));
#9262 = VECTOR('',#9263,1.);
#9263 = DIRECTION('',(0.984807753012,0.173648177667,0.));
#9264 = ORIENTED_EDGE('',*,*,#9265,.T.);
#9265 = EDGE_CURVE('',#9258,#9225,#9266,.T.);
#9266 = CIRCLE('',#9267,3.2);
#9267 = AXIS2_PLACEMENT_3D('',#9268,#9269,#9270);
#9268 = CARTESIAN_POINT('',(0.,15.25,4.3));
#9269 = DIRECTION('',(0.,-0.,1.));
#9270 = DIRECTION('',(0.422618261741,0.906307787037,0.));
#9271 = PLANE('',#9272);
#9272 = AXIS2_PLACEMENT_3D('',#9273,#9274,#9275);
#9273 = CARTESIAN_POINT('',(0.,15.25,4.3));
#9274 = DIRECTION('',(0.,0.,1.));
#9275 = DIRECTION('',(0.422618261741,0.906307787037,-0.));
#9276 = ADVANCED_FACE('',(#9277),#9329,.T.);
#9277 = FACE_BOUND('',#9278,.T.);
#9278 = EDGE_LOOP('',(#9279,#9290,#9298,#9305,#9306,#9313,#9314,#9323));
#9279 = ORIENTED_EDGE('',*,*,#9280,.T.);
#9280 = EDGE_CURVE('',#9281,#9283,#9285,.T.);
#9281 = VERTEX_POINT('',#9282);
#9282 = CARTESIAN_POINT('',(0.625893286499,12.111806635353,3.5));
#9283 = VERTEX_POINT('',#9284);
#9284 = CARTESIAN_POINT('',(7.144300216438E-02,18.449202384571,3.5));
#9285 = CIRCLE('',#9286,3.2);
#9286 = AXIS2_PLACEMENT_3D('',#9287,#9288,#9289);
#9287 = CARTESIAN_POINT('',(0.,15.25,3.5));
#9288 = DIRECTION('',(0.,-0.,1.));
#9289 = DIRECTION('',(0.422618261741,0.906307787037,0.));
#9290 = ORIENTED_EDGE('',*,*,#9291,.F.);
#9291 = EDGE_CURVE('',#9292,#9283,#9294,.T.);
#9292 = VERTEX_POINT('',#9293);
#9293 = CARTESIAN_POINT('',(7.144300216438E-02,18.449202384571,4.3));
#9294 = LINE('',#9295,#9296);
#9295 = CARTESIAN_POINT('',(7.144300216438E-02,18.449202384571,4.3));
#9296 = VECTOR('',#9297,1.);
#9297 = DIRECTION('',(0.,0.,-1.));
#9298 = ORIENTED_EDGE('',*,*,#9299,.F.);
#9299 = EDGE_CURVE('',#9133,#9292,#9300,.T.);
#9300 = CIRCLE('',#9301,3.2);
#9301 = AXIS2_PLACEMENT_3D('',#9302,#9303,#9304);
#9302 = CARTESIAN_POINT('',(0.,15.25,4.3));
#9303 = DIRECTION('',(0.,-0.,1.));
#9304 = DIRECTION('',(0.422618261741,0.906307787037,0.));
#9305 = ORIENTED_EDGE('',*,*,#9132,.F.);
#9306 = ORIENTED_EDGE('',*,*,#9307,.F.);
#9307 = EDGE_CURVE('',#9190,#9125,#9308,.T.);
#9308 = CIRCLE('',#9309,3.2);
#9309 = AXIS2_PLACEMENT_3D('',#9310,#9311,#9312);
#9310 = CARTESIAN_POINT('',(0.,15.25,4.3));
#9311 = DIRECTION('',(0.,-0.,1.));
#9312 = DIRECTION('',(0.422618261741,0.906307787037,0.));
#9313 = ORIENTED_EDGE('',*,*,#9189,.F.);
#9314 = ORIENTED_EDGE('',*,*,#9315,.F.);
#9315 = EDGE_CURVE('',#9316,#9182,#9318,.T.);
#9316 = VERTEX_POINT('',#9317);
#9317 = CARTESIAN_POINT('',(0.625893286499,12.111806635353,4.3));
#9318 = CIRCLE('',#9319,3.2);
#9319 = AXIS2_PLACEMENT_3D('',#9320,#9321,#9322);
#9320 = CARTESIAN_POINT('',(0.,15.25,4.3));
#9321 = DIRECTION('',(0.,-0.,1.));
#9322 = DIRECTION('',(0.422618261741,0.906307787037,0.));
#9323 = ORIENTED_EDGE('',*,*,#9324,.T.);
#9324 = EDGE_CURVE('',#9316,#9281,#9325,.T.);
#9325 = LINE('',#9326,#9327);
#9326 = CARTESIAN_POINT('',(0.625893286499,12.111806635353,4.3));
#9327 = VECTOR('',#9328,1.);
#9328 = DIRECTION('',(0.,0.,-1.));
#9329 = CYLINDRICAL_SURFACE('',#9330,3.2);
#9330 = AXIS2_PLACEMENT_3D('',#9331,#9332,#9333);
#9331 = CARTESIAN_POINT('',(0.,15.25,4.3));
#9332 = DIRECTION('',(0.,0.,-1.));
#9333 = DIRECTION('',(-0.422618261741,-0.906307787037,-0.));
#9334 = ADVANCED_FACE('',(#9335),#9388,.T.);
#9335 = FACE_BOUND('',#9336,.T.);
#9336 = EDGE_LOOP('',(#9337,#9338,#9345,#9346,#9355,#9364,#9373,#9381));
#9337 = ORIENTED_EDGE('',*,*,#9008,.F.);
#9338 = ORIENTED_EDGE('',*,*,#9339,.F.);
#9339 = EDGE_CURVE('',#9225,#8998,#9340,.T.);
#9340 = CIRCLE('',#9341,3.2);
#9341 = AXIS2_PLACEMENT_3D('',#9342,#9343,#9344);
#9342 = CARTESIAN_POINT('',(0.,15.25,4.3));
#9343 = DIRECTION('',(0.,-0.,1.));
#9344 = DIRECTION('',(0.422618261741,0.906307787037,0.));
#9345 = ORIENTED_EDGE('',*,*,#9265,.F.);
#9346 = ORIENTED_EDGE('',*,*,#9347,.F.);
#9347 = EDGE_CURVE('',#9348,#9258,#9350,.T.);
#9348 = VERTEX_POINT('',#9349);
#9349 = CARTESIAN_POINT('',(-2.091238606821,17.672131517763,4.3));
#9350 = CIRCLE('',#9351,3.2);
#9351 = AXIS2_PLACEMENT_3D('',#9352,#9353,#9354);
#9352 = CARTESIAN_POINT('',(0.,15.25,4.3));
#9353 = DIRECTION('',(0.,-0.,1.));
#9354 = DIRECTION('',(0.422618261741,0.906307787037,0.));
#9355 = ORIENTED_EDGE('',*,*,#9356,.F.);
#9356 = EDGE_CURVE('',#9357,#9348,#9359,.T.);
#9357 = VERTEX_POINT('',#9358);
#9358 = CARTESIAN_POINT('',(-1.05200812228,18.272131517763,4.3));
#9359 = CIRCLE('',#9360,3.2);
#9360 = AXIS2_PLACEMENT_3D('',#9361,#9362,#9363);
#9361 = CARTESIAN_POINT('',(0.,15.25,4.3));
#9362 = DIRECTION('',(0.,-0.,1.));
#9363 = DIRECTION('',(0.422618261741,0.906307787037,0.));
#9364 = ORIENTED_EDGE('',*,*,#9365,.F.);
#9365 = EDGE_CURVE('',#9366,#9357,#9368,.T.);
#9366 = VERTEX_POINT('',#9367);
#9367 = CARTESIAN_POINT('',(-0.6258932865,18.388193364647,4.3));
#9368 = CIRCLE('',#9369,3.2);
#9369 = AXIS2_PLACEMENT_3D('',#9370,#9371,#9372);
#9370 = CARTESIAN_POINT('',(0.,15.25,4.3));
#9371 = DIRECTION('',(0.,-0.,1.));
#9372 = DIRECTION('',(0.422618261741,0.906307787037,0.));
#9373 = ORIENTED_EDGE('',*,*,#9374,.T.);
#9374 = EDGE_CURVE('',#9366,#9375,#9377,.T.);
#9375 = VERTEX_POINT('',#9376);
#9376 = CARTESIAN_POINT('',(-0.6258932865,18.388193364647,3.5));
#9377 = LINE('',#9378,#9379);
#9378 = CARTESIAN_POINT('',(-0.6258932865,18.388193364647,4.3));
#9379 = VECTOR('',#9380,1.);
#9380 = DIRECTION('',(0.,0.,-1.));
#9381 = ORIENTED_EDGE('',*,*,#9382,.T.);
#9382 = EDGE_CURVE('',#9375,#9009,#9383,.T.);
#9383 = CIRCLE('',#9384,3.2);
#9384 = AXIS2_PLACEMENT_3D('',#9385,#9386,#9387);
#9385 = CARTESIAN_POINT('',(0.,15.25,3.5));
#9386 = DIRECTION('',(0.,-0.,1.));
#9387 = DIRECTION('',(0.422618261741,0.906307787037,0.));
#9388 = CYLINDRICAL_SURFACE('',#9389,3.2);
#9389 = AXIS2_PLACEMENT_3D('',#9390,#9391,#9392);
#9390 = CARTESIAN_POINT('',(0.,15.25,4.3));
#9391 = DIRECTION('',(0.,0.,-1.));
#9392 = DIRECTION('',(-0.422618261741,-0.906307787037,-0.));
#9393 = ADVANCED_FACE('',(#9394),#9437,.T.);
#9394 = FACE_BOUND('',#9395,.T.);
#9395 = EDGE_LOOP('',(#9396,#9406,#9415,#9421,#9422,#9430));
#9396 = ORIENTED_EDGE('',*,*,#9397,.F.);
#9397 = EDGE_CURVE('',#9398,#9400,#9402,.T.);
#9398 = VERTEX_POINT('',#9399);
#9399 = CARTESIAN_POINT('',(-0.640192378865,16.958845726812,4.3));
#9400 = VERTEX_POINT('',#9401);
#9401 = CARTESIAN_POINT('',(-1.159807621135,16.658845726812,4.3));
#9402 = LINE('',#9403,#9404);
#9403 = CARTESIAN_POINT('',(-0.9,16.808845726812,4.3));
#9404 = VECTOR('',#9405,1.);
#9405 = DIRECTION('',(-0.866025403784,-0.5,0.));
#9406 = ORIENTED_EDGE('',*,*,#9407,.T.);
#9407 = EDGE_CURVE('',#9398,#9408,#9410,.T.);
#9408 = VERTEX_POINT('',#9409);
#9409 = CARTESIAN_POINT('',(-0.530384757729,17.368653347947,4.3));
#9410 = CIRCLE('',#9411,0.3);
#9411 = AXIS2_PLACEMENT_3D('',#9412,#9413,#9414);
#9412 = CARTESIAN_POINT('',(-0.790192378865,17.218653347947,4.3));
#9413 = DIRECTION('',(0.,-0.,1.));
#9414 = DIRECTION('',(0.422618261741,0.906307787037,0.));
#9415 = ORIENTED_EDGE('',*,*,#9416,.F.);
#9416 = EDGE_CURVE('',#9357,#9408,#9417,.T.);
#9417 = LINE('',#9418,#9419);
#9418 = CARTESIAN_POINT('',(-0.380384757729,17.108845726812,4.3));
#9419 = VECTOR('',#9420,1.);
#9420 = DIRECTION('',(0.5,-0.866025403784,0.));
#9421 = ORIENTED_EDGE('',*,*,#9356,.T.);
#9422 = ORIENTED_EDGE('',*,*,#9423,.F.);
#9423 = EDGE_CURVE('',#9424,#9348,#9426,.T.);
#9424 = VERTEX_POINT('',#9425);
#9425 = CARTESIAN_POINT('',(-1.569615242271,16.768653347947,4.3));
#9426 = LINE('',#9427,#9428);
#9427 = CARTESIAN_POINT('',(-1.419615242271,16.508845726812,4.3));
#9428 = VECTOR('',#9429,1.);
#9429 = DIRECTION('',(-0.5,0.866025403784,0.));
#9430 = ORIENTED_EDGE('',*,*,#9431,.T.);
#9431 = EDGE_CURVE('',#9424,#9400,#9432,.T.);
#9432 = CIRCLE('',#9433,0.3);
#9433 = AXIS2_PLACEMENT_3D('',#9434,#9435,#9436);
#9434 = CARTESIAN_POINT('',(-1.309807621135,16.918653347947,4.3));
#9435 = DIRECTION('',(0.,-0.,1.));
#9436 = DIRECTION('',(0.422618261741,0.906307787037,0.));
#9437 = PLANE('',#9438);
#9438 = AXIS2_PLACEMENT_3D('',#9439,#9440,#9441);
#9439 = CARTESIAN_POINT('',(0.,15.25,4.3));
#9440 = DIRECTION('',(0.,0.,1.));
#9441 = DIRECTION('',(0.422618261741,0.906307787037,-0.));
#9442 = ADVANCED_FACE('',(#9443,#9453,#9463,#9473),#9523,.F.);
#9443 = FACE_BOUND('',#9444,.T.);
#9444 = EDGE_LOOP('',(#9445,#9452));
#9445 = ORIENTED_EDGE('',*,*,#9446,.F.);
#9446 = EDGE_CURVE('',#8716,#8724,#9447,.T.);
#9447 = CIRCLE('',#9448,0.6);
#9448 = AXIS2_PLACEMENT_3D('',#9449,#9450,#9451);
#9449 = CARTESIAN_POINT('',(2.175138688888,14.235716171822,3.5));
#9450 = DIRECTION('',(0.,0.,-1.));
#9451 = DIRECTION('',(0.422618261741,0.906307787037,0.));
#9452 = ORIENTED_EDGE('',*,*,#8723,.F.);
#9453 = FACE_BOUND('',#9454,.T.);
#9454 = EDGE_LOOP('',(#9455,#9462));
#9455 = ORIENTED_EDGE('',*,*,#9456,.F.);
#9456 = EDGE_CURVE('',#8758,#8766,#9457,.T.);
#9457 = CIRCLE('',#9458,0.6);
#9458 = AXIS2_PLACEMENT_3D('',#9459,#9460,#9461);
#9459 = CARTESIAN_POINT('',(-2.175138688888,16.264283828178,3.5));
#9460 = DIRECTION('',(-0.,0.,-1.));
#9461 = DIRECTION('',(-0.422618261741,-0.906307787037,0.));
#9462 = ORIENTED_EDGE('',*,*,#8765,.F.);
#9463 = FACE_BOUND('',#9464,.T.);
#9464 = EDGE_LOOP('',(#9465,#9472));
#9465 = ORIENTED_EDGE('',*,*,#9466,.F.);
#9466 = EDGE_CURVE('',#8884,#8892,#9467,.T.);
#9467 = CIRCLE('',#9468,1.5);
#9468 = AXIS2_PLACEMENT_3D('',#9469,#9470,#9471);
#9469 = CARTESIAN_POINT('',(0.,15.25,3.5));
#9470 = DIRECTION('',(-0.,0.,-1.));
#9471 = DIRECTION('',(-0.422618261741,-0.906307787037,0.));
#9472 = ORIENTED_EDGE('',*,*,#8891,.F.);
#9473 = FACE_BOUND('',#9474,.T.);
#9474 = EDGE_LOOP('',(#9475,#9484,#9490,#9491,#9499,#9508,#9514,#9515,
    #9516,#9522));
#9475 = ORIENTED_EDGE('',*,*,#9476,.F.);
#9476 = EDGE_CURVE('',#9477,#8966,#9479,.T.);
#9477 = VERTEX_POINT('',#9478);
#9478 = CARTESIAN_POINT('',(8.284312895102E-02,18.318898339142,3.5));
#9479 = CIRCLE('',#9480,0.35);
#9480 = AXIS2_PLACEMENT_3D('',#9481,#9482,#9483);
#9481 = CARTESIAN_POINT('',(-0.265825015381,18.28839382918,3.5));
#9482 = DIRECTION('',(-0.,0.,-1.));
#9483 = DIRECTION('',(-0.422618261741,-0.906307787037,0.));
#9484 = ORIENTED_EDGE('',*,*,#9485,.F.);
#9485 = EDGE_CURVE('',#9283,#9477,#9486,.T.);
#9486 = LINE('',#9487,#9488);
#9487 = CARTESIAN_POINT('',(7.144300216438E-02,18.449202384571,3.5));
#9488 = VECTOR('',#9489,1.);
#9489 = DIRECTION('',(8.715574274787E-02,-0.996194698092,0.));
#9490 = ORIENTED_EDGE('',*,*,#9280,.F.);
#9491 = ORIENTED_EDGE('',*,*,#9492,.F.);
#9492 = EDGE_CURVE('',#9493,#9281,#9495,.T.);
#9493 = VERTEX_POINT('',#9494);
#9494 = CARTESIAN_POINT('',(0.614493159712,12.242110680782,3.5));
#9495 = LINE('',#9496,#9497);
#9496 = CARTESIAN_POINT('',(0.625893286499,12.111806635353,3.5));
#9497 = VECTOR('',#9498,1.);
#9498 = DIRECTION('',(8.715574274764E-02,-0.996194698092,0.));
#9499 = ORIENTED_EDGE('',*,*,#9500,.F.);
#9500 = EDGE_CURVE('',#9501,#9493,#9503,.T.);
#9501 = VERTEX_POINT('',#9502);
#9502 = CARTESIAN_POINT('',(-8.284312895174E-02,12.181101660858,3.5));
#9503 = CIRCLE('',#9504,0.35);
#9504 = AXIS2_PLACEMENT_3D('',#9505,#9506,#9507);
#9505 = CARTESIAN_POINT('',(0.26582501538,12.21160617082,3.5));
#9506 = DIRECTION('',(-0.,0.,-1.));
#9507 = DIRECTION('',(-0.422618261741,-0.906307787037,0.));
#9508 = ORIENTED_EDGE('',*,*,#9509,.F.);
#9509 = EDGE_CURVE('',#9017,#9501,#9510,.T.);
#9510 = LINE('',#9511,#9512);
#9511 = CARTESIAN_POINT('',(-7.144300216514E-02,12.050797615429,3.5));
#9512 = VECTOR('',#9513,1.);
#9513 = DIRECTION('',(-8.715574274764E-02,0.996194698092,0.));
#9514 = ORIENTED_EDGE('',*,*,#9016,.F.);
#9515 = ORIENTED_EDGE('',*,*,#9382,.F.);
#9516 = ORIENTED_EDGE('',*,*,#9517,.F.);
#9517 = EDGE_CURVE('',#8958,#9375,#9518,.T.);
#9518 = LINE('',#9519,#9520);
#9519 = CARTESIAN_POINT('',(-0.6258932865,18.388193364647,3.5));
#9520 = VECTOR('',#9521,1.);
#9521 = DIRECTION('',(-8.715574274788E-02,0.996194698092,0.));
#9522 = ORIENTED_EDGE('',*,*,#8965,.F.);
#9523 = PLANE('',#9524);
#9524 = AXIS2_PLACEMENT_3D('',#9525,#9526,#9527);
#9525 = CARTESIAN_POINT('',(0.,15.25,3.5));
#9526 = DIRECTION('',(0.,0.,1.));
#9527 = DIRECTION('',(0.422618261741,0.906307787037,-0.));
#9528 = ADVANCED_FACE('',(#9529),#9555,.F.);
#9529 = FACE_BOUND('',#9530,.F.);
#9530 = EDGE_LOOP('',(#9531,#9539,#9548,#9554));
#9531 = ORIENTED_EDGE('',*,*,#9532,.F.);
#9532 = EDGE_CURVE('',#9533,#9501,#9535,.T.);
#9533 = VERTEX_POINT('',#9534);
#9534 = CARTESIAN_POINT('',(-8.284312895174E-02,12.181101660858,4.3));
#9535 = LINE('',#9536,#9537);
#9536 = CARTESIAN_POINT('',(-8.284312895174E-02,12.181101660858,4.3));
#9537 = VECTOR('',#9538,1.);
#9538 = DIRECTION('',(0.,0.,-1.));
#9539 = ORIENTED_EDGE('',*,*,#9540,.T.);
#9540 = EDGE_CURVE('',#9533,#9541,#9543,.T.);
#9541 = VERTEX_POINT('',#9542);
#9542 = CARTESIAN_POINT('',(0.614493159712,12.242110680782,4.3));
#9543 = CIRCLE('',#9544,0.35);
#9544 = AXIS2_PLACEMENT_3D('',#9545,#9546,#9547);
#9545 = CARTESIAN_POINT('',(0.26582501538,12.21160617082,4.3));
#9546 = DIRECTION('',(-0.,0.,-1.));
#9547 = DIRECTION('',(-0.422618261741,-0.906307787037,0.));
#9548 = ORIENTED_EDGE('',*,*,#9549,.T.);
#9549 = EDGE_CURVE('',#9541,#9493,#9550,.T.);
#9550 = LINE('',#9551,#9552);
#9551 = CARTESIAN_POINT('',(0.614493159712,12.242110680782,4.3));
#9552 = VECTOR('',#9553,1.);
#9553 = DIRECTION('',(0.,0.,-1.));
#9554 = ORIENTED_EDGE('',*,*,#9500,.F.);
#9555 = CYLINDRICAL_SURFACE('',#9556,0.35);
#9556 = AXIS2_PLACEMENT_3D('',#9557,#9558,#9559);
#9557 = CARTESIAN_POINT('',(0.26582501538,12.21160617082,4.3));
#9558 = DIRECTION('',(0.,0.,-1.));
#9559 = DIRECTION('',(-0.422618261741,-0.906307787037,-0.));
#9560 = ADVANCED_FACE('',(#9561),#9572,.F.);
#9561 = FACE_BOUND('',#9562,.T.);
#9562 = EDGE_LOOP('',(#9563,#9564,#9565,#9571));
#9563 = ORIENTED_EDGE('',*,*,#9509,.T.);
#9564 = ORIENTED_EDGE('',*,*,#9532,.F.);
#9565 = ORIENTED_EDGE('',*,*,#9566,.F.);
#9566 = EDGE_CURVE('',#9000,#9533,#9567,.T.);
#9567 = LINE('',#9568,#9569);
#9568 = CARTESIAN_POINT('',(-7.144300216514E-02,12.050797615429,4.3));
#9569 = VECTOR('',#9570,1.);
#9570 = DIRECTION('',(-8.715574274764E-02,0.996194698092,0.));
#9571 = ORIENTED_EDGE('',*,*,#9025,.T.);
#9572 = PLANE('',#9573);
#9573 = AXIS2_PLACEMENT_3D('',#9574,#9575,#9576);
#9574 = CARTESIAN_POINT('',(-7.144300216514E-02,12.050797615429,4.3));
#9575 = DIRECTION('',(-0.996194698092,-8.715574274764E-02,0.));
#9576 = DIRECTION('',(8.715574274764E-02,-0.996194698092,0.));
#9577 = ADVANCED_FACE('',(#9578),#9589,.F.);
#9578 = FACE_BOUND('',#9579,.T.);
#9579 = EDGE_LOOP('',(#9580,#9581,#9582,#9588));
#9580 = ORIENTED_EDGE('',*,*,#9492,.T.);
#9581 = ORIENTED_EDGE('',*,*,#9324,.F.);
#9582 = ORIENTED_EDGE('',*,*,#9583,.F.);
#9583 = EDGE_CURVE('',#9541,#9316,#9584,.T.);
#9584 = LINE('',#9585,#9586);
#9585 = CARTESIAN_POINT('',(0.625893286499,12.111806635353,4.3));
#9586 = VECTOR('',#9587,1.);
#9587 = DIRECTION('',(8.715574274764E-02,-0.996194698092,0.));
#9588 = ORIENTED_EDGE('',*,*,#9549,.T.);
#9589 = PLANE('',#9590);
#9590 = AXIS2_PLACEMENT_3D('',#9591,#9592,#9593);
#9591 = CARTESIAN_POINT('',(0.625893286499,12.111806635353,4.3));
#9592 = DIRECTION('',(0.996194698092,8.715574274764E-02,0.));
#9593 = DIRECTION('',(-8.715574274764E-02,0.996194698092,0.));
#9594 = ADVANCED_FACE('',(#9595),#9614,.F.);
#9595 = FACE_BOUND('',#9596,.F.);
#9596 = EDGE_LOOP('',(#9597,#9598,#9606,#9613));
#9597 = ORIENTED_EDGE('',*,*,#9476,.F.);
#9598 = ORIENTED_EDGE('',*,*,#9599,.F.);
#9599 = EDGE_CURVE('',#9600,#9477,#9602,.T.);
#9600 = VERTEX_POINT('',#9601);
#9601 = CARTESIAN_POINT('',(8.284312895102E-02,18.318898339142,4.3));
#9602 = LINE('',#9603,#9604);
#9603 = CARTESIAN_POINT('',(8.284312895102E-02,18.318898339142,4.3));
#9604 = VECTOR('',#9605,1.);
#9605 = DIRECTION('',(0.,0.,-1.));
#9606 = ORIENTED_EDGE('',*,*,#9607,.T.);
#9607 = EDGE_CURVE('',#9600,#8975,#9608,.T.);
#9608 = CIRCLE('',#9609,0.35);
#9609 = AXIS2_PLACEMENT_3D('',#9610,#9611,#9612);
#9610 = CARTESIAN_POINT('',(-0.265825015381,18.28839382918,4.3));
#9611 = DIRECTION('',(-0.,0.,-1.));
#9612 = DIRECTION('',(-0.422618261741,-0.906307787037,0.));
#9613 = ORIENTED_EDGE('',*,*,#8974,.T.);
#9614 = CYLINDRICAL_SURFACE('',#9615,0.35);
#9615 = AXIS2_PLACEMENT_3D('',#9616,#9617,#9618);
#9616 = CARTESIAN_POINT('',(-0.265825015381,18.28839382918,4.3));
#9617 = DIRECTION('',(0.,0.,-1.));
#9618 = DIRECTION('',(-0.422618261741,-0.906307787037,-0.));
#9619 = ADVANCED_FACE('',(#9620),#9631,.F.);
#9620 = FACE_BOUND('',#9621,.T.);
#9621 = EDGE_LOOP('',(#9622,#9623,#9624,#9630));
#9622 = ORIENTED_EDGE('',*,*,#9485,.T.);
#9623 = ORIENTED_EDGE('',*,*,#9599,.F.);
#9624 = ORIENTED_EDGE('',*,*,#9625,.F.);
#9625 = EDGE_CURVE('',#9292,#9600,#9626,.T.);
#9626 = LINE('',#9627,#9628);
#9627 = CARTESIAN_POINT('',(7.144300216438E-02,18.449202384571,4.3));
#9628 = VECTOR('',#9629,1.);
#9629 = DIRECTION('',(8.715574274787E-02,-0.996194698092,0.));
#9630 = ORIENTED_EDGE('',*,*,#9291,.T.);
#9631 = PLANE('',#9632);
#9632 = AXIS2_PLACEMENT_3D('',#9633,#9634,#9635);
#9633 = CARTESIAN_POINT('',(7.144300216438E-02,18.449202384571,4.3));
#9634 = DIRECTION('',(0.996194698092,8.715574274787E-02,0.));
#9635 = DIRECTION('',(-8.715574274787E-02,0.996194698092,0.));
#9636 = ADVANCED_FACE('',(#9637),#9648,.F.);
#9637 = FACE_BOUND('',#9638,.T.);
#9638 = EDGE_LOOP('',(#9639,#9640,#9641,#9647));
#9639 = ORIENTED_EDGE('',*,*,#9517,.T.);
#9640 = ORIENTED_EDGE('',*,*,#9374,.F.);
#9641 = ORIENTED_EDGE('',*,*,#9642,.F.);
#9642 = EDGE_CURVE('',#8956,#9366,#9643,.T.);
#9643 = LINE('',#9644,#9645);
#9644 = CARTESIAN_POINT('',(-0.6258932865,18.388193364647,4.3));
#9645 = VECTOR('',#9646,1.);
#9646 = DIRECTION('',(-8.715574274788E-02,0.996194698092,0.));
#9647 = ORIENTED_EDGE('',*,*,#8955,.T.);
#9648 = PLANE('',#9649);
#9649 = AXIS2_PLACEMENT_3D('',#9650,#9651,#9652);
#9650 = CARTESIAN_POINT('',(-0.6258932865,18.388193364647,4.3));
#9651 = DIRECTION('',(-0.996194698092,-8.715574274788E-02,0.));
#9652 = DIRECTION('',(8.715574274788E-02,-0.996194698092,0.));
#9653 = ADVANCED_FACE('',(#9654),#9680,.T.);
#9654 = FACE_BOUND('',#9655,.T.);
#9655 = EDGE_LOOP('',(#9656,#9664,#9665,#9673));
#9656 = ORIENTED_EDGE('',*,*,#9657,.F.);
#9657 = EDGE_CURVE('',#9348,#9658,#9660,.T.);
#9658 = VERTEX_POINT('',#9659);
#9659 = CARTESIAN_POINT('',(-2.243709207227,17.936218344328,4.3));
#9660 = LINE('',#9661,#9662);
#9661 = CARTESIAN_POINT('',(-1.419615242271,16.508845726812,4.3));
#9662 = VECTOR('',#9663,1.);
#9663 = DIRECTION('',(-0.5,0.866025403784,0.));
#9664 = ORIENTED_EDGE('',*,*,#9347,.T.);
#9665 = ORIENTED_EDGE('',*,*,#9666,.F.);
#9666 = EDGE_CURVE('',#9667,#9258,#9669,.T.);
#9667 = VERTEX_POINT('',#9668);
#9668 = CARTESIAN_POINT('',(-3.499991113822,15.242113101525,4.3));
#9669 = LINE('',#9670,#9671);
#9670 = CARTESIAN_POINT('',(-1.876842862022,15.528317932007,4.3));
#9671 = VECTOR('',#9672,1.);
#9672 = DIRECTION('',(0.984807753012,0.173648177667,0.));
#9673 = ORIENTED_EDGE('',*,*,#9674,.F.);
#9674 = EDGE_CURVE('',#9658,#9667,#9675,.T.);
#9675 = CIRCLE('',#9676,3.5);
#9676 = AXIS2_PLACEMENT_3D('',#9677,#9678,#9679);
#9677 = CARTESIAN_POINT('',(0.,15.25,4.3));
#9678 = DIRECTION('',(0.,-0.,1.));
#9679 = DIRECTION('',(0.422618261741,0.906307787037,0.));
#9680 = PLANE('',#9681);
#9681 = AXIS2_PLACEMENT_3D('',#9682,#9683,#9684);
#9682 = CARTESIAN_POINT('',(0.,15.25,4.3));
#9683 = DIRECTION('',(0.,0.,-1.));
#9684 = DIRECTION('',(-0.422618261741,-0.906307787037,-0.));
#9685 = ADVANCED_FACE('',(#9686),#9716,.T.);
#9686 = FACE_BOUND('',#9687,.T.);
#9687 = EDGE_LOOP('',(#9688,#9696,#9697,#9698,#9699,#9700,#9701,#9702,
    #9708,#9709));
#9688 = ORIENTED_EDGE('',*,*,#9689,.F.);
#9689 = EDGE_CURVE('',#9225,#9690,#9692,.T.);
#9690 = VERTEX_POINT('',#9691);
#9691 = CARTESIAN_POINT('',(-3.291613300622,14.06034379791,4.3));
#9692 = LINE('',#9693,#9694);
#9693 = CARTESIAN_POINT('',(-1.668465048822,14.346548628392,4.3));
#9694 = VECTOR('',#9695,1.);
#9695 = DIRECTION('',(-0.984807753012,-0.173648177667,0.));
#9696 = ORIENTED_EDGE('',*,*,#9339,.T.);
#9697 = ORIENTED_EDGE('',*,*,#8997,.T.);
#9698 = ORIENTED_EDGE('',*,*,#9566,.T.);
#9699 = ORIENTED_EDGE('',*,*,#9540,.T.);
#9700 = ORIENTED_EDGE('',*,*,#9583,.T.);
#9701 = ORIENTED_EDGE('',*,*,#9315,.T.);
#9702 = ORIENTED_EDGE('',*,*,#9703,.F.);
#9703 = EDGE_CURVE('',#8933,#9182,#9704,.T.);
#9704 = LINE('',#9705,#9706);
#9705 = CARTESIAN_POINT('',(0.380384757729,13.391154273188,4.3));
#9706 = VECTOR('',#9707,1.);
#9707 = DIRECTION('',(-0.5,0.866025403784,0.));
#9708 = ORIENTED_EDGE('',*,*,#8932,.F.);
#9709 = ORIENTED_EDGE('',*,*,#9710,.F.);
#9710 = EDGE_CURVE('',#9690,#8925,#9711,.T.);
#9711 = CIRCLE('',#9712,3.5);
#9712 = AXIS2_PLACEMENT_3D('',#9713,#9714,#9715);
#9713 = CARTESIAN_POINT('',(0.,15.25,4.3));
#9714 = DIRECTION('',(0.,0.,1.));
#9715 = DIRECTION('',(-0.422618261741,-0.906307787037,0.));
#9716 = PLANE('',#9717);
#9717 = AXIS2_PLACEMENT_3D('',#9718,#9719,#9720);
#9718 = CARTESIAN_POINT('',(0.,15.25,4.3));
#9719 = DIRECTION('',(0.,0.,-1.));
#9720 = DIRECTION('',(-0.422618261741,-0.906307787037,-0.));
#9721 = ADVANCED_FACE('',(#9722),#9748,.T.);
#9722 = FACE_BOUND('',#9723,.T.);
#9723 = EDGE_LOOP('',(#9724,#9732,#9733,#9741));
#9724 = ORIENTED_EDGE('',*,*,#9725,.F.);
#9725 = EDGE_CURVE('',#9190,#9726,#9728,.T.);
#9726 = VERTEX_POINT('',#9727);
#9727 = CARTESIAN_POINT('',(2.243709207227,12.563781655672,4.3));
#9728 = LINE('',#9729,#9730);
#9729 = CARTESIAN_POINT('',(1.419615242271,13.991154273188,4.3));
#9730 = VECTOR('',#9731,1.);
#9731 = DIRECTION('',(0.5,-0.866025403784,0.));
#9732 = ORIENTED_EDGE('',*,*,#9307,.T.);
#9733 = ORIENTED_EDGE('',*,*,#9734,.F.);
#9734 = EDGE_CURVE('',#9735,#9125,#9737,.T.);
#9735 = VERTEX_POINT('',#9736);
#9736 = CARTESIAN_POINT('',(3.499991113822,15.257886898475,4.3));
#9737 = LINE('',#9738,#9739);
#9738 = CARTESIAN_POINT('',(1.876842862022,14.971682067993,4.3));
#9739 = VECTOR('',#9740,1.);
#9740 = DIRECTION('',(-0.984807753012,-0.173648177667,0.));
#9741 = ORIENTED_EDGE('',*,*,#9742,.F.);
#9742 = EDGE_CURVE('',#9726,#9735,#9743,.T.);
#9743 = CIRCLE('',#9744,3.5);
#9744 = AXIS2_PLACEMENT_3D('',#9745,#9746,#9747);
#9745 = CARTESIAN_POINT('',(0.,15.25,4.3));
#9746 = DIRECTION('',(0.,0.,1.));
#9747 = DIRECTION('',(-0.422618261741,-0.906307787037,0.));
#9748 = PLANE('',#9749);
#9749 = AXIS2_PLACEMENT_3D('',#9750,#9751,#9752);
#9750 = CARTESIAN_POINT('',(0.,15.25,4.3));
#9751 = DIRECTION('',(0.,0.,-1.));
#9752 = DIRECTION('',(-0.422618261741,-0.906307787037,-0.));
#9753 = ADVANCED_FACE('',(#9754),#9790,.T.);
#9754 = FACE_BOUND('',#9755,.T.);
#9755 = EDGE_LOOP('',(#9756,#9766,#9775,#9783));
#9756 = ORIENTED_EDGE('',*,*,#9757,.F.);
#9757 = EDGE_CURVE('',#9758,#9760,#9762,.T.);
#9758 = VERTEX_POINT('',#9759);
#9759 = CARTESIAN_POINT('',(-1.204478722686,18.536218344328,4.9));
#9760 = VERTEX_POINT('',#9761);
#9761 = CARTESIAN_POINT('',(-1.204478722686,18.536218344328,4.3));
#9762 = LINE('',#9763,#9764);
#9763 = CARTESIAN_POINT('',(-1.204478722686,18.536218344328,5.));
#9764 = VECTOR('',#9765,1.);
#9765 = DIRECTION('',(0.,0.,-1.));
#9766 = ORIENTED_EDGE('',*,*,#9767,.T.);
#9767 = EDGE_CURVE('',#9758,#9768,#9770,.T.);
#9768 = VERTEX_POINT('',#9769);
#9769 = CARTESIAN_POINT('',(3.291613300622,16.43965620209,4.9));
#9770 = CIRCLE('',#9771,3.5);
#9771 = AXIS2_PLACEMENT_3D('',#9772,#9773,#9774);
#9772 = CARTESIAN_POINT('',(0.,15.25,4.9));
#9773 = DIRECTION('',(-0.,0.,-1.));
#9774 = DIRECTION('',(-0.422618261741,-0.906307787037,0.));
#9775 = ORIENTED_EDGE('',*,*,#9776,.T.);
#9776 = EDGE_CURVE('',#9768,#9777,#9779,.T.);
#9777 = VERTEX_POINT('',#9778);
#9778 = CARTESIAN_POINT('',(3.291613300622,16.43965620209,4.3));
#9779 = LINE('',#9780,#9781);
#9780 = CARTESIAN_POINT('',(3.291613300622,16.43965620209,5.));
#9781 = VECTOR('',#9782,1.);
#9782 = DIRECTION('',(0.,0.,-1.));
#9783 = ORIENTED_EDGE('',*,*,#9784,.T.);
#9784 = EDGE_CURVE('',#9777,#9760,#9785,.T.);
#9785 = CIRCLE('',#9786,3.5);
#9786 = AXIS2_PLACEMENT_3D('',#9787,#9788,#9789);
#9787 = CARTESIAN_POINT('',(0.,15.25,4.3));
#9788 = DIRECTION('',(0.,0.,1.));
#9789 = DIRECTION('',(-0.422618261741,-0.906307787037,0.));
#9790 = CYLINDRICAL_SURFACE('',#9791,3.5);
#9791 = AXIS2_PLACEMENT_3D('',#9792,#9793,#9794);
#9792 = CARTESIAN_POINT('',(0.,15.25,5.));
#9793 = DIRECTION('',(0.,0.,-1.));
#9794 = DIRECTION('',(-0.422618261741,-0.906307787037,-0.));
#9795 = ADVANCED_FACE('',(#9796),#9829,.F.);
#9796 = FACE_BOUND('',#9797,.T.);
#9797 = EDGE_LOOP('',(#9798,#9808,#9815,#9816,#9822,#9823));
#9798 = ORIENTED_EDGE('',*,*,#9799,.F.);
#9799 = EDGE_CURVE('',#9800,#9802,#9804,.T.);
#9800 = VERTEX_POINT('',#9801);
#9801 = CARTESIAN_POINT('',(-1.153704810797,18.448275349238,5.));
#9802 = VERTEX_POINT('',#9803);
#9803 = CARTESIAN_POINT('',(-0.530384757729,17.368653347947,5.));
#9804 = LINE('',#9805,#9806);
#9805 = CARTESIAN_POINT('',(-0.380384757729,17.108845726812,5.));
#9806 = VECTOR('',#9807,1.);
#9807 = DIRECTION('',(0.5,-0.866025403784,0.));
#9808 = ORIENTED_EDGE('',*,*,#9809,.T.);
#9809 = EDGE_CURVE('',#9800,#9758,#9810,.T.);
#9810 = B_SPLINE_CURVE_WITH_KNOTS('',3,(#9811,#9812,#9813,#9814),
  .UNSPECIFIED.,.F.,.F.,(4,4),(2.168404344971E-19,1.425200354822E-04),
  .PIECEWISE_BEZIER_KNOTS.);
#9811 = CARTESIAN_POINT('',(-1.153704810797,18.448275349238,5.));
#9812 = CARTESIAN_POINT('',(-1.170633271106,18.477596302587,
    4.966674432821));
#9813 = CARTESIAN_POINT('',(-1.187557798373,18.506910443706,
    4.93334087256));
#9814 = CARTESIAN_POINT('',(-1.204478722686,18.536218344328,4.9));
#9815 = ORIENTED_EDGE('',*,*,#9757,.T.);
#9816 = ORIENTED_EDGE('',*,*,#9817,.T.);
#9817 = EDGE_CURVE('',#9760,#9357,#9818,.T.);
#9818 = LINE('',#9819,#9820);
#9819 = CARTESIAN_POINT('',(-0.380384757729,17.108845726812,4.3));
#9820 = VECTOR('',#9821,1.);
#9821 = DIRECTION('',(0.5,-0.866025403784,0.));
#9822 = ORIENTED_EDGE('',*,*,#9416,.T.);
#9823 = ORIENTED_EDGE('',*,*,#9824,.T.);
#9824 = EDGE_CURVE('',#9408,#9802,#9825,.T.);
#9825 = LINE('',#9826,#9827);
#9826 = CARTESIAN_POINT('',(-0.530384757729,17.368653347947,5.));
#9827 = VECTOR('',#9828,1.);
#9828 = DIRECTION('',(0.,0.,1.));
#9829 = PLANE('',#9830);
#9830 = AXIS2_PLACEMENT_3D('',#9831,#9832,#9833);
#9831 = CARTESIAN_POINT('',(-0.380384757729,17.108845726812,5.));
#9832 = DIRECTION('',(0.866025403784,0.5,0.));
#9833 = DIRECTION('',(-0.5,0.866025403784,0.));
#9834 = ADVANCED_FACE('',(#9835),#9860,.F.);
#9835 = FACE_BOUND('',#9836,.T.);
#9836 = EDGE_LOOP('',(#9837,#9847,#9853,#9854));
#9837 = ORIENTED_EDGE('',*,*,#9838,.F.);
#9838 = EDGE_CURVE('',#9839,#9841,#9843,.T.);
#9839 = VERTEX_POINT('',#9840);
#9840 = CARTESIAN_POINT('',(-0.640192378865,16.958845726812,5.));
#9841 = VERTEX_POINT('',#9842);
#9842 = CARTESIAN_POINT('',(-1.159807621135,16.658845726812,5.));
#9843 = LINE('',#9844,#9845);
#9844 = CARTESIAN_POINT('',(-0.9,16.808845726812,5.));
#9845 = VECTOR('',#9846,1.);
#9846 = DIRECTION('',(-0.866025403784,-0.5,0.));
#9847 = ORIENTED_EDGE('',*,*,#9848,.T.);
#9848 = EDGE_CURVE('',#9839,#9398,#9849,.T.);
#9849 = LINE('',#9850,#9851);
#9850 = CARTESIAN_POINT('',(-0.640192378865,16.958845726812,4.3));
#9851 = VECTOR('',#9852,1.);
#9852 = DIRECTION('',(0.,0.,-1.));
#9853 = ORIENTED_EDGE('',*,*,#9397,.T.);
#9854 = ORIENTED_EDGE('',*,*,#9855,.T.);
#9855 = EDGE_CURVE('',#9400,#9841,#9856,.T.);
#9856 = LINE('',#9857,#9858);
#9857 = CARTESIAN_POINT('',(-1.159807621135,16.658845726812,5.));
#9858 = VECTOR('',#9859,1.);
#9859 = DIRECTION('',(0.,0.,1.));
#9860 = PLANE('',#9861);
#9861 = AXIS2_PLACEMENT_3D('',#9862,#9863,#9864);
#9862 = CARTESIAN_POINT('',(-0.9,16.808845726812,5.));
#9863 = DIRECTION('',(0.5,-0.866025403784,0.));
#9864 = DIRECTION('',(0.866025403784,0.5,0.));
#9865 = ADVANCED_FACE('',(#9866),#9901,.F.);
#9866 = FACE_BOUND('',#9867,.T.);
#9867 = EDGE_LOOP('',(#9868,#9876,#9885,#9893,#9899,#9900));
#9868 = ORIENTED_EDGE('',*,*,#9869,.F.);
#9869 = EDGE_CURVE('',#9870,#9658,#9872,.T.);
#9870 = VERTEX_POINT('',#9871);
#9871 = CARTESIAN_POINT('',(-2.243709207227,17.936218344328,4.9));
#9872 = LINE('',#9873,#9874);
#9873 = CARTESIAN_POINT('',(-2.243709207227,17.936218344328,5.));
#9874 = VECTOR('',#9875,1.);
#9875 = DIRECTION('',(0.,0.,-1.));
#9876 = ORIENTED_EDGE('',*,*,#9877,.T.);
#9877 = EDGE_CURVE('',#9870,#9878,#9880,.T.);
#9878 = VERTEX_POINT('',#9879);
#9879 = CARTESIAN_POINT('',(-2.192935295339,17.848275349238,5.));
#9880 = B_SPLINE_CURVE_WITH_KNOTS('',3,(#9881,#9882,#9883,#9884),
  .UNSPECIFIED.,.F.,.F.,(4,4),(0.,1.425200354822E-04),
  .PIECEWISE_BEZIER_KNOTS.);
#9881 = CARTESIAN_POINT('',(-2.243709207227,17.936218344328,4.9));
#9882 = CARTESIAN_POINT('',(-2.226788282914,17.906910443706,
    4.93334087256));
#9883 = CARTESIAN_POINT('',(-2.209863755648,17.877596302587,
    4.966674432821));
#9884 = CARTESIAN_POINT('',(-2.192935295339,17.848275349238,5.));
#9885 = ORIENTED_EDGE('',*,*,#9886,.F.);
#9886 = EDGE_CURVE('',#9887,#9878,#9889,.T.);
#9887 = VERTEX_POINT('',#9888);
#9888 = CARTESIAN_POINT('',(-1.569615242271,16.768653347947,5.));
#9889 = LINE('',#9890,#9891);
#9890 = CARTESIAN_POINT('',(-1.419615242271,16.508845726812,5.));
#9891 = VECTOR('',#9892,1.);
#9892 = DIRECTION('',(-0.5,0.866025403784,0.));
#9893 = ORIENTED_EDGE('',*,*,#9894,.T.);
#9894 = EDGE_CURVE('',#9887,#9424,#9895,.T.);
#9895 = LINE('',#9896,#9897);
#9896 = CARTESIAN_POINT('',(-1.569615242271,16.768653347947,4.3));
#9897 = VECTOR('',#9898,1.);
#9898 = DIRECTION('',(0.,0.,-1.));
#9899 = ORIENTED_EDGE('',*,*,#9423,.T.);
#9900 = ORIENTED_EDGE('',*,*,#9657,.T.);
#9901 = PLANE('',#9902);
#9902 = AXIS2_PLACEMENT_3D('',#9903,#9904,#9905);
#9903 = CARTESIAN_POINT('',(-1.419615242271,16.508845726812,5.));
#9904 = DIRECTION('',(-0.866025403784,-0.5,0.));
#9905 = DIRECTION('',(0.5,-0.866025403784,0.));
#9906 = ADVANCED_FACE('',(#9907),#9926,.T.);
#9907 = FACE_BOUND('',#9908,.T.);
#9908 = EDGE_LOOP('',(#9909,#9917,#9924,#9925));
#9909 = ORIENTED_EDGE('',*,*,#9910,.F.);
#9910 = EDGE_CURVE('',#9911,#9667,#9913,.T.);
#9911 = VERTEX_POINT('',#9912);
#9912 = CARTESIAN_POINT('',(-3.499991113822,15.242113101525,4.9));
#9913 = LINE('',#9914,#9915);
#9914 = CARTESIAN_POINT('',(-3.499991113822,15.242113101525,5.));
#9915 = VECTOR('',#9916,1.);
#9916 = DIRECTION('',(0.,0.,-1.));
#9917 = ORIENTED_EDGE('',*,*,#9918,.T.);
#9918 = EDGE_CURVE('',#9911,#9870,#9919,.T.);
#9919 = CIRCLE('',#9920,3.5);
#9920 = AXIS2_PLACEMENT_3D('',#9921,#9922,#9923);
#9921 = CARTESIAN_POINT('',(0.,15.25,4.9));
#9922 = DIRECTION('',(-0.,0.,-1.));
#9923 = DIRECTION('',(-0.422618261741,-0.906307787037,0.));
#9924 = ORIENTED_EDGE('',*,*,#9869,.T.);
#9925 = ORIENTED_EDGE('',*,*,#9674,.T.);
#9926 = CYLINDRICAL_SURFACE('',#9927,3.5);
#9927 = AXIS2_PLACEMENT_3D('',#9928,#9929,#9930);
#9928 = CARTESIAN_POINT('',(0.,15.25,5.));
#9929 = DIRECTION('',(0.,0.,-1.));
#9930 = DIRECTION('',(-0.422618261741,-0.906307787037,-0.));
#9931 = ADVANCED_FACE('',(#9932),#9953,.F.);
#9932 = FACE_BOUND('',#9933,.T.);
#9933 = EDGE_LOOP('',(#9934,#9942,#9949,#9950,#9951,#9952));
#9934 = ORIENTED_EDGE('',*,*,#9935,.F.);
#9935 = EDGE_CURVE('',#9936,#8800,#9938,.T.);
#9936 = VERTEX_POINT('',#9937);
#9937 = CARTESIAN_POINT('',(-3.399986029665,15.25974669607,5.));
#9938 = LINE('',#9939,#9940);
#9939 = CARTESIAN_POINT('',(-1.876842862022,15.528317932007,5.));
#9940 = VECTOR('',#9941,1.);
#9941 = DIRECTION('',(0.984807753012,0.173648177667,0.));
#9942 = ORIENTED_EDGE('',*,*,#9943,.T.);
#9943 = EDGE_CURVE('',#9936,#9911,#9944,.T.);
#9944 = B_SPLINE_CURVE_WITH_KNOTS('',3,(#9945,#9946,#9947,#9948),
  .UNSPECIFIED.,.F.,.F.,(4,4),(0.,1.425200354822E-04),
  .PIECEWISE_BEZIER_KNOTS.);
#9945 = CARTESIAN_POINT('',(-3.399986029665,15.25974669607,5.));
#9946 = CARTESIAN_POINT('',(-3.433328587582,15.253867503503,
    4.966674432821));
#9947 = CARTESIAN_POINT('',(-3.466663398918,15.247989676868,
    4.93334087256));
#9948 = CARTESIAN_POINT('',(-3.499991113822,15.242113101525,4.9));
#9949 = ORIENTED_EDGE('',*,*,#9910,.T.);
#9950 = ORIENTED_EDGE('',*,*,#9666,.T.);
#9951 = ORIENTED_EDGE('',*,*,#9257,.T.);
#9952 = ORIENTED_EDGE('',*,*,#8797,.T.);
#9953 = PLANE('',#9954);
#9954 = AXIS2_PLACEMENT_3D('',#9955,#9956,#9957);
#9955 = CARTESIAN_POINT('',(-1.876842862022,15.528317932007,5.));
#9956 = DIRECTION('',(-0.173648177667,0.984807753012,0.));
#9957 = DIRECTION('',(-0.984807753012,-0.173648177667,0.));
#9958 = ADVANCED_FACE('',(#9959),#9984,.F.);
#9959 = FACE_BOUND('',#9960,.T.);
#9960 = EDGE_LOOP('',(#9961,#9962,#9970,#9978));
#9961 = ORIENTED_EDGE('',*,*,#9241,.T.);
#9962 = ORIENTED_EDGE('',*,*,#9963,.T.);
#9963 = EDGE_CURVE('',#9233,#9964,#9966,.T.);
#9964 = VERTEX_POINT('',#9965);
#9965 = CARTESIAN_POINT('',(-1.720559502122,14.641990954296,5.));
#9966 = LINE('',#9967,#9968);
#9967 = CARTESIAN_POINT('',(-1.720559502122,14.641990954296,5.));
#9968 = VECTOR('',#9969,1.);
#9969 = DIRECTION('',(0.,0.,1.));
#9970 = ORIENTED_EDGE('',*,*,#9971,.F.);
#9971 = EDGE_CURVE('',#9972,#9964,#9974,.T.);
#9972 = VERTEX_POINT('',#9973);
#9973 = CARTESIAN_POINT('',(-1.824748408722,15.232875606103,5.));
#9974 = LINE('',#9975,#9976);
#9975 = CARTESIAN_POINT('',(-1.772653955422,14.9374332802,5.));
#9976 = VECTOR('',#9977,1.);
#9977 = DIRECTION('',(0.173648177667,-0.984807753012,0.));
#9978 = ORIENTED_EDGE('',*,*,#9979,.T.);
#9979 = EDGE_CURVE('',#9972,#9242,#9980,.T.);
#9980 = LINE('',#9981,#9982);
#9981 = CARTESIAN_POINT('',(-1.824748408722,15.232875606103,4.3));
#9982 = VECTOR('',#9983,1.);
#9983 = DIRECTION('',(0.,0.,-1.));
#9984 = PLANE('',#9985);
#9985 = AXIS2_PLACEMENT_3D('',#9986,#9987,#9988);
#9986 = CARTESIAN_POINT('',(-1.772653955422,14.9374332802,5.));
#9987 = DIRECTION('',(0.984807753012,0.173648177667,0.));
#9988 = DIRECTION('',(-0.173648177667,0.984807753012,0.));
#9989 = ADVANCED_FACE('',(#9990),#10025,.F.);
#9990 = FACE_BOUND('',#9991,.T.);
#9991 = EDGE_LOOP('',(#9992,#10000,#10009,#10017,#10023,#10024));
#9992 = ORIENTED_EDGE('',*,*,#9993,.F.);
#9993 = EDGE_CURVE('',#9994,#9690,#9996,.T.);
#9994 = VERTEX_POINT('',#9995);
#9995 = CARTESIAN_POINT('',(-3.291613300622,14.06034379791,4.9));
#9996 = LINE('',#9997,#9998);
#9997 = CARTESIAN_POINT('',(-3.291613300622,14.06034379791,5.));
#9998 = VECTOR('',#9999,1.);
#9999 = DIRECTION('',(0.,0.,-1.));
#10000 = ORIENTED_EDGE('',*,*,#10001,.T.);
#10001 = EDGE_CURVE('',#9994,#10002,#10004,.T.);
#10002 = VERTEX_POINT('',#10003);
#10003 = CARTESIAN_POINT('',(-3.191608216464,14.077977392455,5.));
#10004 = B_SPLINE_CURVE_WITH_KNOTS('',3,(#10005,#10006,#10007,#10008),
  .UNSPECIFIED.,.F.,.F.,(4,4),(0.,1.425200354822E-04),
  .PIECEWISE_BEZIER_KNOTS.);
#10005 = CARTESIAN_POINT('',(-3.291613300622,14.06034379791,4.9));
#10006 = CARTESIAN_POINT('',(-3.258285585718,14.066220373253,
    4.93334087256));
#10007 = CARTESIAN_POINT('',(-3.224950774382,14.072098199888,
    4.966674432821));
#10008 = CARTESIAN_POINT('',(-3.191608216464,14.077977392455,5.));
#10009 = ORIENTED_EDGE('',*,*,#10010,.F.);
#10010 = EDGE_CURVE('',#10011,#10002,#10013,.T.);
#10011 = VERTEX_POINT('',#10012);
#10012 = CARTESIAN_POINT('',(-1.963907374725,14.294454175092,5.));
#10013 = LINE('',#10014,#10015);
#10014 = CARTESIAN_POINT('',(-1.668465048822,14.346548628392,5.));
#10015 = VECTOR('',#10016,1.);
#10016 = DIRECTION('',(-0.984807753012,-0.173648177667,0.));
#10017 = ORIENTED_EDGE('',*,*,#10018,.T.);
#10018 = EDGE_CURVE('',#10011,#9223,#10019,.T.);
#10019 = LINE('',#10020,#10021);
#10020 = CARTESIAN_POINT('',(-1.963907374725,14.294454175092,4.3));
#10021 = VECTOR('',#10022,1.);
#10022 = DIRECTION('',(0.,0.,-1.));
#10023 = ORIENTED_EDGE('',*,*,#9222,.T.);
#10024 = ORIENTED_EDGE('',*,*,#9689,.T.);
#10025 = PLANE('',#10026);
#10026 = AXIS2_PLACEMENT_3D('',#10027,#10028,#10029);
#10027 = CARTESIAN_POINT('',(-1.668465048822,14.346548628392,5.));
#10028 = DIRECTION('',(0.173648177667,-0.984807753012,0.));
#10029 = DIRECTION('',(0.984807753012,0.173648177667,0.));
#10030 = ADVANCED_FACE('',(#10031),#10043,.T.);
#10031 = FACE_BOUND('',#10032,.T.);
#10032 = EDGE_LOOP('',(#10033,#10034,#10041,#10042));
#10033 = ORIENTED_EDGE('',*,*,#8924,.F.);
#10034 = ORIENTED_EDGE('',*,*,#10035,.T.);
#10035 = EDGE_CURVE('',#8682,#9994,#10036,.T.);
#10036 = CIRCLE('',#10037,3.5);
#10037 = AXIS2_PLACEMENT_3D('',#10038,#10039,#10040);
#10038 = CARTESIAN_POINT('',(0.,15.25,4.9));
#10039 = DIRECTION('',(-0.,0.,-1.));
#10040 = DIRECTION('',(-0.422618261741,-0.906307787037,0.));
#10041 = ORIENTED_EDGE('',*,*,#9993,.T.);
#10042 = ORIENTED_EDGE('',*,*,#9710,.T.);
#10043 = CYLINDRICAL_SURFACE('',#10044,3.5);
#10044 = AXIS2_PLACEMENT_3D('',#10045,#10046,#10047);
#10045 = CARTESIAN_POINT('',(0.,15.25,5.));
#10046 = DIRECTION('',(0.,0.,-1.));
#10047 = DIRECTION('',(-0.422618261741,-0.906307787037,-0.));
#10048 = ADVANCED_FACE('',(#10049),#10069,.F.);
#10049 = FACE_BOUND('',#10050,.T.);
#10050 = EDGE_LOOP('',(#10051,#10059,#10060,#10061,#10062,#10063));
#10051 = ORIENTED_EDGE('',*,*,#10052,.F.);
#10052 = EDGE_CURVE('',#8673,#10053,#10055,.T.);
#10053 = VERTEX_POINT('',#10054);
#10054 = CARTESIAN_POINT('',(0.530384757729,13.131346652053,5.));
#10055 = LINE('',#10056,#10057);
#10056 = CARTESIAN_POINT('',(0.380384757729,13.391154273188,5.));
#10057 = VECTOR('',#10058,1.);
#10058 = DIRECTION('',(-0.5,0.866025403784,0.));
#10059 = ORIENTED_EDGE('',*,*,#8698,.T.);
#10060 = ORIENTED_EDGE('',*,*,#8941,.T.);
#10061 = ORIENTED_EDGE('',*,*,#9703,.T.);
#10062 = ORIENTED_EDGE('',*,*,#9181,.T.);
#10063 = ORIENTED_EDGE('',*,*,#10064,.T.);
#10064 = EDGE_CURVE('',#9173,#10053,#10065,.T.);
#10065 = LINE('',#10066,#10067);
#10066 = CARTESIAN_POINT('',(0.530384757729,13.131346652053,5.));
#10067 = VECTOR('',#10068,1.);
#10068 = DIRECTION('',(0.,0.,1.));
#10069 = PLANE('',#10070);
#10070 = AXIS2_PLACEMENT_3D('',#10071,#10072,#10073);
#10071 = CARTESIAN_POINT('',(0.380384757729,13.391154273188,5.));
#10072 = DIRECTION('',(-0.866025403784,-0.5,0.));
#10073 = DIRECTION('',(0.5,-0.866025403784,0.));
#10074 = ADVANCED_FACE('',(#10075),#10093,.F.);
#10075 = FACE_BOUND('',#10076,.T.);
#10076 = EDGE_LOOP('',(#10077,#10085,#10091,#10092));
#10077 = ORIENTED_EDGE('',*,*,#10078,.F.);
#10078 = EDGE_CURVE('',#10079,#8842,#10081,.T.);
#10079 = VERTEX_POINT('',#10080);
#10080 = CARTESIAN_POINT('',(0.640192378865,13.541154273188,5.));
#10081 = LINE('',#10082,#10083);
#10082 = CARTESIAN_POINT('',(0.9,13.691154273188,5.));
#10083 = VECTOR('',#10084,1.);
#10084 = DIRECTION('',(0.866025403784,0.5,0.));
#10085 = ORIENTED_EDGE('',*,*,#10086,.T.);
#10086 = EDGE_CURVE('',#10079,#9165,#10087,.T.);
#10087 = LINE('',#10088,#10089);
#10088 = CARTESIAN_POINT('',(0.640192378865,13.541154273188,4.3));
#10089 = VECTOR('',#10090,1.);
#10090 = DIRECTION('',(0.,0.,-1.));
#10091 = ORIENTED_EDGE('',*,*,#9164,.T.);
#10092 = ORIENTED_EDGE('',*,*,#8839,.T.);
#10093 = PLANE('',#10094);
#10094 = AXIS2_PLACEMENT_3D('',#10095,#10096,#10097);
#10095 = CARTESIAN_POINT('',(0.9,13.691154273188,5.));
#10096 = DIRECTION('',(-0.5,0.866025403784,0.));
#10097 = DIRECTION('',(-0.866025403784,-0.5,0.));
#10098 = ADVANCED_FACE('',(#10099),#10134,.F.);
#10099 = FACE_BOUND('',#10100,.T.);
#10100 = EDGE_LOOP('',(#10101,#10109,#10118,#10126,#10132,#10133));
#10101 = ORIENTED_EDGE('',*,*,#10102,.F.);
#10102 = EDGE_CURVE('',#10103,#9726,#10105,.T.);
#10103 = VERTEX_POINT('',#10104);
#10104 = CARTESIAN_POINT('',(2.243709207227,12.563781655672,4.9));
#10105 = LINE('',#10106,#10107);
#10106 = CARTESIAN_POINT('',(2.243709207227,12.563781655672,5.));
#10107 = VECTOR('',#10108,1.);
#10108 = DIRECTION('',(0.,0.,-1.));
#10109 = ORIENTED_EDGE('',*,*,#10110,.T.);
#10110 = EDGE_CURVE('',#10103,#10111,#10113,.T.);
#10111 = VERTEX_POINT('',#10112);
#10112 = CARTESIAN_POINT('',(2.192935295339,12.651724650762,5.));
#10113 = B_SPLINE_CURVE_WITH_KNOTS('',3,(#10114,#10115,#10116,#10117),
  .UNSPECIFIED.,.F.,.F.,(4,4),(0.,1.425200354822E-04),
  .PIECEWISE_BEZIER_KNOTS.);
#10114 = CARTESIAN_POINT('',(2.243709207227,12.563781655672,4.9));
#10115 = CARTESIAN_POINT('',(2.226788282914,12.593089556294,
    4.93334087256));
#10116 = CARTESIAN_POINT('',(2.209863755648,12.622403697413,
    4.966674432821));
#10117 = CARTESIAN_POINT('',(2.192935295339,12.651724650762,5.));
#10118 = ORIENTED_EDGE('',*,*,#10119,.F.);
#10119 = EDGE_CURVE('',#10120,#10111,#10122,.T.);
#10120 = VERTEX_POINT('',#10121);
#10121 = CARTESIAN_POINT('',(1.569615242271,13.731346652053,5.));
#10122 = LINE('',#10123,#10124);
#10123 = CARTESIAN_POINT('',(1.419615242271,13.991154273188,5.));
#10124 = VECTOR('',#10125,1.);
#10125 = DIRECTION('',(0.5,-0.866025403784,0.));
#10126 = ORIENTED_EDGE('',*,*,#10127,.T.);
#10127 = EDGE_CURVE('',#10120,#9199,#10128,.T.);
#10128 = LINE('',#10129,#10130);
#10129 = CARTESIAN_POINT('',(1.569615242271,13.731346652053,4.3));
#10130 = VECTOR('',#10131,1.);
#10131 = DIRECTION('',(0.,0.,-1.));
#10132 = ORIENTED_EDGE('',*,*,#9198,.T.);
#10133 = ORIENTED_EDGE('',*,*,#9725,.T.);
#10134 = PLANE('',#10135);
#10135 = AXIS2_PLACEMENT_3D('',#10136,#10137,#10138);
#10136 = CARTESIAN_POINT('',(1.419615242271,13.991154273188,5.));
#10137 = DIRECTION('',(0.866025403784,0.5,0.));
#10138 = DIRECTION('',(-0.5,0.866025403784,0.));
#10139 = ADVANCED_FACE('',(#10140),#10159,.T.);
#10140 = FACE_BOUND('',#10141,.T.);
#10141 = EDGE_LOOP('',(#10142,#10150,#10157,#10158));
#10142 = ORIENTED_EDGE('',*,*,#10143,.F.);
#10143 = EDGE_CURVE('',#10144,#9735,#10146,.T.);
#10144 = VERTEX_POINT('',#10145);
#10145 = CARTESIAN_POINT('',(3.499991113822,15.257886898475,4.9));
#10146 = LINE('',#10147,#10148);
#10147 = CARTESIAN_POINT('',(3.499991113822,15.257886898475,5.));
#10148 = VECTOR('',#10149,1.);
#10149 = DIRECTION('',(0.,0.,-1.));
#10150 = ORIENTED_EDGE('',*,*,#10151,.T.);
#10151 = EDGE_CURVE('',#10144,#10103,#10152,.T.);
#10152 = CIRCLE('',#10153,3.5);
#10153 = AXIS2_PLACEMENT_3D('',#10154,#10155,#10156);
#10154 = CARTESIAN_POINT('',(0.,15.25,4.9));
#10155 = DIRECTION('',(-0.,0.,-1.));
#10156 = DIRECTION('',(-0.422618261741,-0.906307787037,0.));
#10157 = ORIENTED_EDGE('',*,*,#10102,.T.);
#10158 = ORIENTED_EDGE('',*,*,#9742,.T.);
#10159 = CYLINDRICAL_SURFACE('',#10160,3.5);
#10160 = AXIS2_PLACEMENT_3D('',#10161,#10162,#10163);
#10161 = CARTESIAN_POINT('',(0.,15.25,5.));
#10162 = DIRECTION('',(0.,0.,-1.));
#10163 = DIRECTION('',(-0.422618261741,-0.906307787037,-0.));
#10164 = ADVANCED_FACE('',(#10165),#10193,.F.);
#10165 = FACE_BOUND('',#10166,.T.);
#10166 = EDGE_LOOP('',(#10167,#10177,#10184,#10185,#10186,#10187));
#10167 = ORIENTED_EDGE('',*,*,#10168,.F.);
#10168 = EDGE_CURVE('',#10169,#10171,#10173,.T.);
#10169 = VERTEX_POINT('',#10170);
#10170 = CARTESIAN_POINT('',(3.399986029665,15.24025330393,5.));
#10171 = VERTEX_POINT('',#10172);
#10172 = CARTESIAN_POINT('',(2.172285187926,15.023776521293,5.));
#10173 = LINE('',#10174,#10175);
#10174 = CARTESIAN_POINT('',(1.876842862022,14.971682067993,5.));
#10175 = VECTOR('',#10176,1.);
#10176 = DIRECTION('',(-0.984807753012,-0.173648177667,0.));
#10177 = ORIENTED_EDGE('',*,*,#10178,.T.);
#10178 = EDGE_CURVE('',#10169,#10144,#10179,.T.);
#10179 = B_SPLINE_CURVE_WITH_KNOTS('',3,(#10180,#10181,#10182,#10183),
  .UNSPECIFIED.,.F.,.F.,(4,4),(0.,1.425200354822E-04),
  .PIECEWISE_BEZIER_KNOTS.);
#10180 = CARTESIAN_POINT('',(3.399986029665,15.24025330393,5.));
#10181 = CARTESIAN_POINT('',(3.433328587582,15.246132496497,
    4.966674432821));
#10182 = CARTESIAN_POINT('',(3.466663398918,15.252010323132,
    4.93334087256));
#10183 = CARTESIAN_POINT('',(3.499991113822,15.257886898475,4.9));
#10184 = ORIENTED_EDGE('',*,*,#10143,.T.);
#10185 = ORIENTED_EDGE('',*,*,#9734,.T.);
#10186 = ORIENTED_EDGE('',*,*,#9124,.T.);
#10187 = ORIENTED_EDGE('',*,*,#10188,.T.);
#10188 = EDGE_CURVE('',#9116,#10171,#10189,.T.);
#10189 = LINE('',#10190,#10191);
#10190 = CARTESIAN_POINT('',(2.172285187926,15.023776521293,5.));
#10191 = VECTOR('',#10192,1.);
#10192 = DIRECTION('',(0.,0.,1.));
#10193 = PLANE('',#10194);
#10194 = AXIS2_PLACEMENT_3D('',#10195,#10196,#10197);
#10195 = CARTESIAN_POINT('',(1.876842862022,14.971682067993,5.));
#10196 = DIRECTION('',(0.173648177667,-0.984807753012,0.));
#10197 = DIRECTION('',(0.984807753012,0.173648177667,0.));
#10198 = ADVANCED_FACE('',(#10199),#10224,.F.);
#10199 = FACE_BOUND('',#10200,.T.);
#10200 = EDGE_LOOP('',(#10201,#10211,#10217,#10218));
#10201 = ORIENTED_EDGE('',*,*,#10202,.F.);
#10202 = EDGE_CURVE('',#10203,#10205,#10207,.T.);
#10203 = VERTEX_POINT('',#10204);
#10204 = CARTESIAN_POINT('',(1.824748408722,15.267124393897,5.));
#10205 = VERTEX_POINT('',#10206);
#10206 = CARTESIAN_POINT('',(1.720559502122,15.858009045704,5.));
#10207 = LINE('',#10208,#10209);
#10208 = CARTESIAN_POINT('',(1.772653955422,15.5625667198,5.));
#10209 = VECTOR('',#10210,1.);
#10210 = DIRECTION('',(-0.173648177667,0.984807753012,0.));
#10211 = ORIENTED_EDGE('',*,*,#10212,.T.);
#10212 = EDGE_CURVE('',#10203,#9106,#10213,.T.);
#10213 = LINE('',#10214,#10215);
#10214 = CARTESIAN_POINT('',(1.824748408722,15.267124393897,4.3));
#10215 = VECTOR('',#10216,1.);
#10216 = DIRECTION('',(0.,0.,-1.));
#10217 = ORIENTED_EDGE('',*,*,#9105,.T.);
#10218 = ORIENTED_EDGE('',*,*,#10219,.T.);
#10219 = EDGE_CURVE('',#9108,#10205,#10220,.T.);
#10220 = LINE('',#10221,#10222);
#10221 = CARTESIAN_POINT('',(1.720559502122,15.858009045704,5.));
#10222 = VECTOR('',#10223,1.);
#10223 = DIRECTION('',(0.,0.,1.));
#10224 = PLANE('',#10225);
#10225 = AXIS2_PLACEMENT_3D('',#10226,#10227,#10228);
#10226 = CARTESIAN_POINT('',(1.772653955422,15.5625667198,5.));
#10227 = DIRECTION('',(-0.984807753012,-0.173648177667,0.));
#10228 = DIRECTION('',(0.173648177667,-0.984807753012,0.));
#10229 = ADVANCED_FACE('',(#10230),#10263,.F.);
#10230 = FACE_BOUND('',#10231,.T.);
#10231 = EDGE_LOOP('',(#10232,#10233,#10242,#10250,#10256,#10257));
#10232 = ORIENTED_EDGE('',*,*,#9776,.F.);
#10233 = ORIENTED_EDGE('',*,*,#10234,.T.);
#10234 = EDGE_CURVE('',#9768,#10235,#10237,.T.);
#10235 = VERTEX_POINT('',#10236);
#10236 = CARTESIAN_POINT('',(3.191608216464,16.422022607545,5.));
#10237 = B_SPLINE_CURVE_WITH_KNOTS('',3,(#10238,#10239,#10240,#10241),
  .UNSPECIFIED.,.F.,.F.,(4,4),(0.,1.425200354822E-04),
  .PIECEWISE_BEZIER_KNOTS.);
#10238 = CARTESIAN_POINT('',(3.291613300622,16.43965620209,4.9));
#10239 = CARTESIAN_POINT('',(3.258285585718,16.433779626747,
    4.93334087256));
#10240 = CARTESIAN_POINT('',(3.224950774382,16.427901800112,
    4.966674432821));
#10241 = CARTESIAN_POINT('',(3.191608216464,16.422022607545,5.));
#10242 = ORIENTED_EDGE('',*,*,#10243,.F.);
#10243 = EDGE_CURVE('',#10244,#10235,#10246,.T.);
#10244 = VERTEX_POINT('',#10245);
#10245 = CARTESIAN_POINT('',(1.963907374725,16.205545824908,5.));
#10246 = LINE('',#10247,#10248);
#10247 = CARTESIAN_POINT('',(1.668465048822,16.153451371608,5.));
#10248 = VECTOR('',#10249,1.);
#10249 = DIRECTION('',(0.984807753012,0.173648177667,0.));
#10250 = ORIENTED_EDGE('',*,*,#10251,.T.);
#10251 = EDGE_CURVE('',#10244,#9142,#10252,.T.);
#10252 = LINE('',#10253,#10254);
#10253 = CARTESIAN_POINT('',(1.963907374725,16.205545824908,4.3));
#10254 = VECTOR('',#10255,1.);
#10255 = DIRECTION('',(0.,0.,-1.));
#10256 = ORIENTED_EDGE('',*,*,#9141,.T.);
#10257 = ORIENTED_EDGE('',*,*,#10258,.T.);
#10258 = EDGE_CURVE('',#9133,#9777,#10259,.T.);
#10259 = LINE('',#10260,#10261);
#10260 = CARTESIAN_POINT('',(1.668465048822,16.153451371608,4.3));
#10261 = VECTOR('',#10262,1.);
#10262 = DIRECTION('',(0.984807753012,0.173648177667,0.));
#10263 = PLANE('',#10264);
#10264 = AXIS2_PLACEMENT_3D('',#10265,#10266,#10267);
#10265 = CARTESIAN_POINT('',(1.668465048822,16.153451371608,5.));
#10266 = DIRECTION('',(-0.173648177667,0.984807753012,0.));
#10267 = DIRECTION('',(-0.984807753012,-0.173648177667,0.));
#10268 = ADVANCED_FACE('',(#10269,#10279,#10289,#10293),#10394,.F.);
#10269 = FACE_BOUND('',#10270,.T.);
#10270 = EDGE_LOOP('',(#10271,#10278));
#10271 = ORIENTED_EDGE('',*,*,#10272,.T.);
#10272 = EDGE_CURVE('',#8714,#8733,#10273,.T.);
#10273 = CIRCLE('',#10274,0.6);
#10274 = AXIS2_PLACEMENT_3D('',#10275,#10276,#10277);
#10275 = CARTESIAN_POINT('',(2.175138688888,14.235716171822,5.));
#10276 = DIRECTION('',(0.,0.,-1.));
#10277 = DIRECTION('',(0.422618261741,0.906307787037,0.));
#10278 = ORIENTED_EDGE('',*,*,#8740,.T.);
#10279 = FACE_BOUND('',#10280,.T.);
#10280 = EDGE_LOOP('',(#10281,#10288));
#10281 = ORIENTED_EDGE('',*,*,#10282,.T.);
#10282 = EDGE_CURVE('',#8756,#8775,#10283,.T.);
#10283 = CIRCLE('',#10284,0.6);
#10284 = AXIS2_PLACEMENT_3D('',#10285,#10286,#10287);
#10285 = CARTESIAN_POINT('',(-2.175138688888,16.264283828178,5.));
#10286 = DIRECTION('',(-0.,0.,-1.));
#10287 = DIRECTION('',(-0.422618261741,-0.906307787037,0.));
#10288 = ORIENTED_EDGE('',*,*,#8782,.T.);
#10289 = FACE_BOUND('',#10290,.T.);
#10290 = EDGE_LOOP('',(#10291,#10292));
#10291 = ORIENTED_EDGE('',*,*,#9089,.T.);
#10292 = ORIENTED_EDGE('',*,*,#9066,.T.);
#10293 = FACE_BOUND('',#10294,.T.);
#10294 = EDGE_LOOP('',(#10295,#10296,#10303,#10304,#10311,#10312,#10319,
    #10320,#10327,#10328,#10329,#10336,#10337,#10344,#10345,#10352,
    #10353,#10354,#10361,#10362,#10363,#10370,#10371,#10378,#10379,
    #10386,#10387));
#10295 = ORIENTED_EDGE('',*,*,#10243,.T.);
#10296 = ORIENTED_EDGE('',*,*,#10297,.T.);
#10297 = EDGE_CURVE('',#10235,#9800,#10298,.T.);
#10298 = CIRCLE('',#10299,3.4);
#10299 = AXIS2_PLACEMENT_3D('',#10300,#10301,#10302);
#10300 = CARTESIAN_POINT('',(0.,15.25,5.));
#10301 = DIRECTION('',(0.,0.,1.));
#10302 = DIRECTION('',(-0.422618261741,-0.906307787037,0.));
#10303 = ORIENTED_EDGE('',*,*,#9799,.T.);
#10304 = ORIENTED_EDGE('',*,*,#10305,.T.);
#10305 = EDGE_CURVE('',#9802,#9839,#10306,.T.);
#10306 = CIRCLE('',#10307,0.3);
#10307 = AXIS2_PLACEMENT_3D('',#10308,#10309,#10310);
#10308 = CARTESIAN_POINT('',(-0.790192378865,17.218653347947,5.));
#10309 = DIRECTION('',(-0.,0.,-1.));
#10310 = DIRECTION('',(-0.422618261741,-0.906307787037,0.));
#10311 = ORIENTED_EDGE('',*,*,#9838,.T.);
#10312 = ORIENTED_EDGE('',*,*,#10313,.T.);
#10313 = EDGE_CURVE('',#9841,#9887,#10314,.T.);
#10314 = CIRCLE('',#10315,0.3);
#10315 = AXIS2_PLACEMENT_3D('',#10316,#10317,#10318);
#10316 = CARTESIAN_POINT('',(-1.309807621135,16.918653347947,5.));
#10317 = DIRECTION('',(-0.,0.,-1.));
#10318 = DIRECTION('',(-0.422618261741,-0.906307787037,0.));
#10319 = ORIENTED_EDGE('',*,*,#9886,.T.);
#10320 = ORIENTED_EDGE('',*,*,#10321,.T.);
#10321 = EDGE_CURVE('',#9878,#9936,#10322,.T.);
#10322 = CIRCLE('',#10323,3.4);
#10323 = AXIS2_PLACEMENT_3D('',#10324,#10325,#10326);
#10324 = CARTESIAN_POINT('',(0.,15.25,5.));
#10325 = DIRECTION('',(0.,0.,1.));
#10326 = DIRECTION('',(-0.422618261741,-0.906307787037,0.));
#10327 = ORIENTED_EDGE('',*,*,#9935,.T.);
#10328 = ORIENTED_EDGE('',*,*,#8807,.T.);
#10329 = ORIENTED_EDGE('',*,*,#10330,.T.);
#10330 = EDGE_CURVE('',#8808,#9972,#10331,.T.);
#10331 = CIRCLE('',#10332,0.3);
#10332 = AXIS2_PLACEMENT_3D('',#10333,#10334,#10335);
#10333 = CARTESIAN_POINT('',(-2.120190734626,15.180781152803,5.));
#10334 = DIRECTION('',(-0.,0.,-1.));
#10335 = DIRECTION('',(-0.422618261741,-0.906307787037,0.));
#10336 = ORIENTED_EDGE('',*,*,#9971,.T.);
#10337 = ORIENTED_EDGE('',*,*,#10338,.T.);
#10338 = EDGE_CURVE('',#9964,#10011,#10339,.T.);
#10339 = CIRCLE('',#10340,0.3);
#10340 = AXIS2_PLACEMENT_3D('',#10341,#10342,#10343);
#10341 = CARTESIAN_POINT('',(-2.016001828026,14.589896500996,5.));
#10342 = DIRECTION('',(-0.,0.,-1.));
#10343 = DIRECTION('',(-0.422618261741,-0.906307787037,0.));
#10344 = ORIENTED_EDGE('',*,*,#10010,.T.);
#10345 = ORIENTED_EDGE('',*,*,#10346,.T.);
#10346 = EDGE_CURVE('',#10002,#8671,#10347,.T.);
#10347 = CIRCLE('',#10348,3.4);
#10348 = AXIS2_PLACEMENT_3D('',#10349,#10350,#10351);
#10349 = CARTESIAN_POINT('',(0.,15.25,5.));
#10350 = DIRECTION('',(0.,0.,1.));
#10351 = DIRECTION('',(-0.422618261741,-0.906307787037,0.));
#10352 = ORIENTED_EDGE('',*,*,#8670,.T.);
#10353 = ORIENTED_EDGE('',*,*,#10052,.T.);
#10354 = ORIENTED_EDGE('',*,*,#10355,.T.);
#10355 = EDGE_CURVE('',#10053,#10079,#10356,.T.);
#10356 = CIRCLE('',#10357,0.3);
#10357 = AXIS2_PLACEMENT_3D('',#10358,#10359,#10360);
#10358 = CARTESIAN_POINT('',(0.790192378865,13.281346652053,5.));
#10359 = DIRECTION('',(-0.,0.,-1.));
#10360 = DIRECTION('',(-0.422618261741,-0.906307787037,0.));
#10361 = ORIENTED_EDGE('',*,*,#10078,.T.);
#10362 = ORIENTED_EDGE('',*,*,#8849,.T.);
#10363 = ORIENTED_EDGE('',*,*,#10364,.T.);
#10364 = EDGE_CURVE('',#8850,#10120,#10365,.T.);
#10365 = CIRCLE('',#10366,0.3);
#10366 = AXIS2_PLACEMENT_3D('',#10367,#10368,#10369);
#10367 = CARTESIAN_POINT('',(1.309807621135,13.581346652053,5.));
#10368 = DIRECTION('',(-0.,0.,-1.));
#10369 = DIRECTION('',(-0.422618261741,-0.906307787037,0.));
#10370 = ORIENTED_EDGE('',*,*,#10119,.T.);
#10371 = ORIENTED_EDGE('',*,*,#10372,.T.);
#10372 = EDGE_CURVE('',#10111,#10169,#10373,.T.);
#10373 = CIRCLE('',#10374,3.4);
#10374 = AXIS2_PLACEMENT_3D('',#10375,#10376,#10377);
#10375 = CARTESIAN_POINT('',(0.,15.25,5.));
#10376 = DIRECTION('',(0.,0.,1.));
#10377 = DIRECTION('',(-0.422618261741,-0.906307787037,0.));
#10378 = ORIENTED_EDGE('',*,*,#10168,.T.);
#10379 = ORIENTED_EDGE('',*,*,#10380,.T.);
#10380 = EDGE_CURVE('',#10171,#10203,#10381,.T.);
#10381 = CIRCLE('',#10382,0.3);
#10382 = AXIS2_PLACEMENT_3D('',#10383,#10384,#10385);
#10383 = CARTESIAN_POINT('',(2.120190734626,15.319218847197,5.));
#10384 = DIRECTION('',(-0.,0.,-1.));
#10385 = DIRECTION('',(-0.422618261741,-0.906307787037,0.));
#10386 = ORIENTED_EDGE('',*,*,#10202,.T.);
#10387 = ORIENTED_EDGE('',*,*,#10388,.T.);
#10388 = EDGE_CURVE('',#10205,#10244,#10389,.T.);
#10389 = CIRCLE('',#10390,0.3);
#10390 = AXIS2_PLACEMENT_3D('',#10391,#10392,#10393);
#10391 = CARTESIAN_POINT('',(2.016001828026,15.910103499004,5.));
#10392 = DIRECTION('',(-0.,0.,-1.));
#10393 = DIRECTION('',(-0.422618261741,-0.906307787037,0.));
#10394 = PLANE('',#10395);
#10395 = AXIS2_PLACEMENT_3D('',#10396,#10397,#10398);
#10396 = CARTESIAN_POINT('',(0.,15.25,5.));
#10397 = DIRECTION('',(0.,0.,-1.));
#10398 = DIRECTION('',(-0.422618261741,-0.906307787037,-0.));
#10399 = ADVANCED_FACE('',(#10400),#10411,.T.);
#10400 = FACE_BOUND('',#10401,.T.);
#10401 = EDGE_LOOP('',(#10402,#10403,#10404,#10405,#10406,#10407,#10408,
    #10409,#10410));
#10402 = ORIENTED_EDGE('',*,*,#9642,.T.);
#10403 = ORIENTED_EDGE('',*,*,#9365,.T.);
#10404 = ORIENTED_EDGE('',*,*,#9817,.F.);
#10405 = ORIENTED_EDGE('',*,*,#9784,.F.);
#10406 = ORIENTED_EDGE('',*,*,#10258,.F.);
#10407 = ORIENTED_EDGE('',*,*,#9299,.T.);
#10408 = ORIENTED_EDGE('',*,*,#9625,.T.);
#10409 = ORIENTED_EDGE('',*,*,#9607,.T.);
#10410 = ORIENTED_EDGE('',*,*,#8982,.T.);
#10411 = PLANE('',#10412);
#10412 = AXIS2_PLACEMENT_3D('',#10413,#10414,#10415);
#10413 = CARTESIAN_POINT('',(0.,15.25,4.3));
#10414 = DIRECTION('',(0.,0.,-1.));
#10415 = DIRECTION('',(-0.422618261741,-0.906307787037,-0.));
#10416 = ADVANCED_FACE('',(#10417,#10427),#10431,.T.);
#10417 = FACE_BOUND('',#10418,.T.);
#10418 = EDGE_LOOP('',(#10419,#10426));
#10419 = ORIENTED_EDGE('',*,*,#10420,.T.);
#10420 = EDGE_CURVE('',#8882,#8901,#10421,.T.);
#10421 = CIRCLE('',#10422,1.5);
#10422 = AXIS2_PLACEMENT_3D('',#10423,#10424,#10425);
#10423 = CARTESIAN_POINT('',(0.,15.25,4.5));
#10424 = DIRECTION('',(-0.,0.,-1.));
#10425 = DIRECTION('',(-0.422618261741,-0.906307787037,0.));
#10426 = ORIENTED_EDGE('',*,*,#8908,.T.);
#10427 = FACE_BOUND('',#10428,.T.);
#10428 = EDGE_LOOP('',(#10429,#10430));
#10429 = ORIENTED_EDGE('',*,*,#9049,.T.);
#10430 = ORIENTED_EDGE('',*,*,#9081,.T.);
#10431 = PLANE('',#10432);
#10432 = AXIS2_PLACEMENT_3D('',#10433,#10434,#10435);
#10433 = CARTESIAN_POINT('',(0.,15.25,4.5));
#10434 = DIRECTION('',(0.,0.,-1.));
#10435 = DIRECTION('',(-0.422618261741,-0.906307787037,-0.));
#10436 = ADVANCED_FACE('',(#10437),#10443,.F.);
#10437 = FACE_BOUND('',#10438,.F.);
#10438 = EDGE_LOOP('',(#10439,#10440,#10441,#10442));
#10439 = ORIENTED_EDGE('',*,*,#9466,.F.);
#10440 = ORIENTED_EDGE('',*,*,#8881,.F.);
#10441 = ORIENTED_EDGE('',*,*,#10420,.T.);
#10442 = ORIENTED_EDGE('',*,*,#8900,.T.);
#10443 = CYLINDRICAL_SURFACE('',#10444,1.5);
#10444 = AXIS2_PLACEMENT_3D('',#10445,#10446,#10447);
#10445 = CARTESIAN_POINT('',(0.,15.25,4.5));
#10446 = DIRECTION('',(0.,0.,-1.));
#10447 = DIRECTION('',(-0.422618261741,-0.906307787037,-0.));
#10448 = ADVANCED_FACE('',(#10449),#10455,.F.);
#10449 = FACE_BOUND('',#10450,.F.);
#10450 = EDGE_LOOP('',(#10451,#10452,#10453,#10454));
#10451 = ORIENTED_EDGE('',*,*,#10086,.T.);
#10452 = ORIENTED_EDGE('',*,*,#9172,.T.);
#10453 = ORIENTED_EDGE('',*,*,#10064,.T.);
#10454 = ORIENTED_EDGE('',*,*,#10355,.T.);
#10455 = CYLINDRICAL_SURFACE('',#10456,0.3);
#10456 = AXIS2_PLACEMENT_3D('',#10457,#10458,#10459);
#10457 = CARTESIAN_POINT('',(0.790192378865,13.281346652053,5.));
#10458 = DIRECTION('',(0.,0.,1.));
#10459 = DIRECTION('',(0.422618261741,0.906307787037,-0.));
#10460 = ADVANCED_FACE('',(#10461),#10467,.F.);
#10461 = FACE_BOUND('',#10462,.F.);
#10462 = EDGE_LOOP('',(#10463,#10464,#10465,#10466));
#10463 = ORIENTED_EDGE('',*,*,#10364,.T.);
#10464 = ORIENTED_EDGE('',*,*,#10127,.T.);
#10465 = ORIENTED_EDGE('',*,*,#9206,.T.);
#10466 = ORIENTED_EDGE('',*,*,#8858,.T.);
#10467 = CYLINDRICAL_SURFACE('',#10468,0.3);
#10468 = AXIS2_PLACEMENT_3D('',#10469,#10470,#10471);
#10469 = CARTESIAN_POINT('',(1.309807621135,13.581346652053,5.));
#10470 = DIRECTION('',(0.,0.,1.));
#10471 = DIRECTION('',(0.422618261741,0.906307787037,-0.));
#10472 = ADVANCED_FACE('',(#10473),#10479,.F.);
#10473 = FACE_BOUND('',#10474,.F.);
#10474 = EDGE_LOOP('',(#10475,#10476,#10477,#10478));
#10475 = ORIENTED_EDGE('',*,*,#10212,.T.);
#10476 = ORIENTED_EDGE('',*,*,#9115,.T.);
#10477 = ORIENTED_EDGE('',*,*,#10188,.T.);
#10478 = ORIENTED_EDGE('',*,*,#10380,.T.);
#10479 = CYLINDRICAL_SURFACE('',#10480,0.3);
#10480 = AXIS2_PLACEMENT_3D('',#10481,#10482,#10483);
#10481 = CARTESIAN_POINT('',(2.120190734626,15.319218847197,5.));
#10482 = DIRECTION('',(0.,0.,1.));
#10483 = DIRECTION('',(0.422618261741,0.906307787037,-0.));
#10484 = ADVANCED_FACE('',(#10485),#10491,.F.);
#10485 = FACE_BOUND('',#10486,.F.);
#10486 = EDGE_LOOP('',(#10487,#10488,#10489,#10490));
#10487 = ORIENTED_EDGE('',*,*,#10251,.T.);
#10488 = ORIENTED_EDGE('',*,*,#9149,.T.);
#10489 = ORIENTED_EDGE('',*,*,#10219,.T.);
#10490 = ORIENTED_EDGE('',*,*,#10388,.T.);
#10491 = CYLINDRICAL_SURFACE('',#10492,0.3);
#10492 = AXIS2_PLACEMENT_3D('',#10493,#10494,#10495);
#10493 = CARTESIAN_POINT('',(2.016001828026,15.910103499004,5.));
#10494 = DIRECTION('',(0.,0.,1.));
#10495 = DIRECTION('',(0.422618261741,0.906307787037,-0.));
#10496 = ADVANCED_FACE('',(#10497),#10503,.F.);
#10497 = FACE_BOUND('',#10498,.F.);
#10498 = EDGE_LOOP('',(#10499,#10500,#10501,#10502));
#10499 = ORIENTED_EDGE('',*,*,#9848,.T.);
#10500 = ORIENTED_EDGE('',*,*,#9407,.T.);
#10501 = ORIENTED_EDGE('',*,*,#9824,.T.);
#10502 = ORIENTED_EDGE('',*,*,#10305,.T.);
#10503 = CYLINDRICAL_SURFACE('',#10504,0.3);
#10504 = AXIS2_PLACEMENT_3D('',#10505,#10506,#10507);
#10505 = CARTESIAN_POINT('',(-0.790192378865,17.218653347947,5.));
#10506 = DIRECTION('',(0.,0.,1.));
#10507 = DIRECTION('',(0.422618261741,0.906307787037,-0.));
#10508 = ADVANCED_FACE('',(#10509),#10515,.F.);
#10509 = FACE_BOUND('',#10510,.F.);
#10510 = EDGE_LOOP('',(#10511,#10512,#10513,#10514));
#10511 = ORIENTED_EDGE('',*,*,#9894,.T.);
#10512 = ORIENTED_EDGE('',*,*,#9431,.T.);
#10513 = ORIENTED_EDGE('',*,*,#9855,.T.);
#10514 = ORIENTED_EDGE('',*,*,#10313,.T.);
#10515 = CYLINDRICAL_SURFACE('',#10516,0.3);
#10516 = AXIS2_PLACEMENT_3D('',#10517,#10518,#10519);
#10517 = CARTESIAN_POINT('',(-1.309807621135,16.918653347947,5.));
#10518 = DIRECTION('',(0.,0.,1.));
#10519 = DIRECTION('',(0.422618261741,0.906307787037,-0.));
#10520 = ADVANCED_FACE('',(#10521),#10527,.F.);
#10521 = FACE_BOUND('',#10522,.F.);
#10522 = EDGE_LOOP('',(#10523,#10524,#10525,#10526));
#10523 = ORIENTED_EDGE('',*,*,#10018,.T.);
#10524 = ORIENTED_EDGE('',*,*,#9232,.T.);
#10525 = ORIENTED_EDGE('',*,*,#9963,.T.);
#10526 = ORIENTED_EDGE('',*,*,#10338,.T.);
#10527 = CYLINDRICAL_SURFACE('',#10528,0.3);
#10528 = AXIS2_PLACEMENT_3D('',#10529,#10530,#10531);
#10529 = CARTESIAN_POINT('',(-2.016001828026,14.589896500996,5.));
#10530 = DIRECTION('',(0.,0.,1.));
#10531 = DIRECTION('',(0.422618261741,0.906307787037,-0.));
#10532 = ADVANCED_FACE('',(#10533),#10539,.F.);
#10533 = FACE_BOUND('',#10534,.F.);
#10534 = EDGE_LOOP('',(#10535,#10536,#10537,#10538));
#10535 = ORIENTED_EDGE('',*,*,#10330,.T.);
#10536 = ORIENTED_EDGE('',*,*,#9979,.T.);
#10537 = ORIENTED_EDGE('',*,*,#9249,.T.);
#10538 = ORIENTED_EDGE('',*,*,#8816,.T.);
#10539 = CYLINDRICAL_SURFACE('',#10540,0.3);
#10540 = AXIS2_PLACEMENT_3D('',#10541,#10542,#10543);
#10541 = CARTESIAN_POINT('',(-2.120190734626,15.180781152803,5.));
#10542 = DIRECTION('',(0.,0.,1.));
#10543 = DIRECTION('',(0.422618261741,0.906307787037,-0.));
#10544 = ADVANCED_FACE('',(#10545),#10551,.F.);
#10545 = FACE_BOUND('',#10546,.F.);
#10546 = EDGE_LOOP('',(#10547,#10548,#10549,#10550));
#10547 = ORIENTED_EDGE('',*,*,#9456,.F.);
#10548 = ORIENTED_EDGE('',*,*,#8755,.F.);
#10549 = ORIENTED_EDGE('',*,*,#10282,.T.);
#10550 = ORIENTED_EDGE('',*,*,#8774,.T.);
#10551 = CYLINDRICAL_SURFACE('',#10552,0.6);
#10552 = AXIS2_PLACEMENT_3D('',#10553,#10554,#10555);
#10553 = CARTESIAN_POINT('',(-2.175138688888,16.264283828178,5.));
#10554 = DIRECTION('',(0.,0.,-1.));
#10555 = DIRECTION('',(-0.422618261741,-0.906307787037,-0.));
#10556 = ADVANCED_FACE('',(#10557),#10563,.F.);
#10557 = FACE_BOUND('',#10558,.F.);
#10558 = EDGE_LOOP('',(#10559,#10560,#10561,#10562));
#10559 = ORIENTED_EDGE('',*,*,#9446,.F.);
#10560 = ORIENTED_EDGE('',*,*,#8713,.F.);
#10561 = ORIENTED_EDGE('',*,*,#10272,.T.);
#10562 = ORIENTED_EDGE('',*,*,#8732,.T.);
#10563 = CYLINDRICAL_SURFACE('',#10564,0.6);
#10564 = AXIS2_PLACEMENT_3D('',#10565,#10566,#10567);
#10565 = CARTESIAN_POINT('',(2.175138688888,14.235716171822,5.));
#10566 = DIRECTION('',(0.,0.,-1.));
#10567 = DIRECTION('',(-0.422618261741,-0.906307787037,-0.));
#10568 = ADVANCED_FACE('',(#10569),#10575,.T.);
#10569 = FACE_BOUND('',#10570,.T.);
#10570 = EDGE_LOOP('',(#10571,#10572,#10573,#10574));
#10571 = ORIENTED_EDGE('',*,*,#10234,.F.);
#10572 = ORIENTED_EDGE('',*,*,#9767,.F.);
#10573 = ORIENTED_EDGE('',*,*,#9809,.F.);
#10574 = ORIENTED_EDGE('',*,*,#10297,.F.);
#10575 = CONICAL_SURFACE('',#10576,3.4,0.785398163397);
#10576 = AXIS2_PLACEMENT_3D('',#10577,#10578,#10579);
#10577 = CARTESIAN_POINT('',(0.,15.25,5.));
#10578 = DIRECTION('',(0.,0.,-1.));
#10579 = DIRECTION('',(-0.422618261741,-0.906307787037,-0.));
#10580 = ADVANCED_FACE('',(#10581),#10587,.T.);
#10581 = FACE_BOUND('',#10582,.T.);
#10582 = EDGE_LOOP('',(#10583,#10584,#10585,#10586));
#10583 = ORIENTED_EDGE('',*,*,#9877,.F.);
#10584 = ORIENTED_EDGE('',*,*,#9918,.F.);
#10585 = ORIENTED_EDGE('',*,*,#9943,.F.);
#10586 = ORIENTED_EDGE('',*,*,#10321,.F.);
#10587 = CONICAL_SURFACE('',#10588,3.4,0.785398163397);
#10588 = AXIS2_PLACEMENT_3D('',#10589,#10590,#10591);
#10589 = CARTESIAN_POINT('',(0.,15.25,5.));
#10590 = DIRECTION('',(0.,0.,-1.));
#10591 = DIRECTION('',(-0.422618261741,-0.906307787037,-0.));
#10592 = ADVANCED_FACE('',(#10593),#10599,.T.);
#10593 = FACE_BOUND('',#10594,.T.);
#10594 = EDGE_LOOP('',(#10595,#10596,#10597,#10598));
#10595 = ORIENTED_EDGE('',*,*,#8681,.F.);
#10596 = ORIENTED_EDGE('',*,*,#10346,.F.);
#10597 = ORIENTED_EDGE('',*,*,#10001,.F.);
#10598 = ORIENTED_EDGE('',*,*,#10035,.F.);
#10599 = CONICAL_SURFACE('',#10600,3.4,0.785398163397);
#10600 = AXIS2_PLACEMENT_3D('',#10601,#10602,#10603);
#10601 = CARTESIAN_POINT('',(0.,15.25,5.));
#10602 = DIRECTION('',(0.,0.,-1.));
#10603 = DIRECTION('',(-0.422618261741,-0.906307787037,-0.));
#10604 = ADVANCED_FACE('',(#10605),#10611,.T.);
#10605 = FACE_BOUND('',#10606,.T.);
#10606 = EDGE_LOOP('',(#10607,#10608,#10609,#10610));
#10607 = ORIENTED_EDGE('',*,*,#10110,.F.);
#10608 = ORIENTED_EDGE('',*,*,#10151,.F.);
#10609 = ORIENTED_EDGE('',*,*,#10178,.F.);
#10610 = ORIENTED_EDGE('',*,*,#10372,.F.);
#10611 = CONICAL_SURFACE('',#10612,3.4,0.785398163397);
#10612 = AXIS2_PLACEMENT_3D('',#10613,#10614,#10615);
#10613 = CARTESIAN_POINT('',(0.,15.25,5.));
#10614 = DIRECTION('',(0.,0.,-1.));
#10615 = DIRECTION('',(-0.422618261741,-0.906307787037,-0.));
#10616 = ( GEOMETRIC_REPRESENTATION_CONTEXT(3) 
GLOBAL_UNCERTAINTY_ASSIGNED_CONTEXT((#10620)) 
GLOBAL_UNIT_ASSIGNED_CONTEXT((#10617,#10618,#10619)) 
REPRESENTATION_CONTEXT('Context #1',
  '3D Context with UNIT and UNCERTAINTY') );
#10617 = ( LENGTH_UNIT() NAMED_UNIT(*) SI_UNIT(.MILLI.,.METRE.) );
#10618 = ( NAMED_UNIT(*) PLANE_ANGLE_UNIT() SI_UNIT($,.RADIAN.) );
#10619 = ( NAMED_UNIT(*) SI_UNIT($,.STERADIAN.) SOLID_ANGLE_UNIT() );
#10620 = UNCERTAINTY_MEASURE_WITH_UNIT(LENGTH_MEASURE(1.E-07),#10617,
  'distance_accuracy_value','confusion accuracy');
#10621 = CONTEXT_DEPENDENT_SHAPE_REPRESENTATION(#10622,#10624);
#10622 = ( REPRESENTATION_RELATIONSHIP('','',#8663,#3244) 
REPRESENTATION_RELATIONSHIP_WITH_TRANSFORMATION(#10623) 
SHAPE_REPRESENTATION_RELATIONSHIP() );
#10623 = ITEM_DEFINED_TRANSFORMATION('','',#11,#3269);
#10624 = PRODUCT_DEFINITION_SHAPE('Placement','Placement of an item',
  #10625);
#10625 = NEXT_ASSEMBLY_USAGE_OCCURRENCE('13','Shutter_part006','',#3239,
  #8658,$);
#10626 = PRODUCT_RELATED_PRODUCT_CATEGORY('part',$,(#8660));
#10627 = SHAPE_DEFINITION_REPRESENTATION(#10628,#10634);
#10628 = PRODUCT_DEFINITION_SHAPE('','',#10629);
#10629 = PRODUCT_DEFINITION('design','',#10630,#10633);
#10630 = PRODUCT_DEFINITION_FORMATION('','',#10631);
#10631 = PRODUCT('Shutter_part007','Shutter_part007','',(#10632));
#10632 = PRODUCT_CONTEXT('',#2,'mechanical');
#10633 = PRODUCT_DEFINITION_CONTEXT('part definition',#2,'design');
#10634 = ADVANCED_BREP_SHAPE_REPRESENTATION('',(#11,#10635),#11704);
#10635 = MANIFOLD_SOLID_BREP('',#10636);
#10636 = CLOSED_SHELL('',(#10637,#10679,#10721,#10763,#10805,#10847,
    #10889,#10931,#10973,#11015,#11039,#11072,#11112,#11145,#11176,
    #11218,#11258,#11291,#11322,#11421,#11526,#11544,#11556,#11568,
    #11580,#11592,#11604,#11616,#11628,#11640,#11660,#11672,#11692));
#10637 = ADVANCED_FACE('',(#10638),#10674,.F.);
#10638 = FACE_BOUND('',#10639,.F.);
#10639 = EDGE_LOOP('',(#10640,#10650,#10659,#10667));
#10640 = ORIENTED_EDGE('',*,*,#10641,.T.);
#10641 = EDGE_CURVE('',#10642,#10644,#10646,.T.);
#10642 = VERTEX_POINT('',#10643);
#10643 = CARTESIAN_POINT('',(-3.126761865276,16.708033003005,6.4));
#10644 = VERTEX_POINT('',#10645);
#10645 = CARTESIAN_POINT('',(-3.126761865276,16.708033003005,7.));
#10646 = LINE('',#10647,#10648);
#10647 = CARTESIAN_POINT('',(-3.126761865276,16.708033003005,6.4));
#10648 = VECTOR('',#10649,1.);
#10649 = DIRECTION('',(-0.,0.,1.));
#10650 = ORIENTED_EDGE('',*,*,#10651,.F.);
#10651 = EDGE_CURVE('',#10652,#10644,#10654,.T.);
#10652 = VERTEX_POINT('',#10653);
#10653 = CARTESIAN_POINT('',(-1.223515512499,15.82053465335,7.));
#10654 = CIRCLE('',#10655,1.05);
#10655 = AXIS2_PLACEMENT_3D('',#10656,#10657,#10658);
#10656 = CARTESIAN_POINT('',(-2.175138688888,16.264283828178,7.));
#10657 = DIRECTION('',(0.,-0.,1.));
#10658 = DIRECTION('',(0.906307787037,-0.422618261741,-0.));
#10659 = ORIENTED_EDGE('',*,*,#10660,.F.);
#10660 = EDGE_CURVE('',#10661,#10652,#10663,.T.);
#10661 = VERTEX_POINT('',#10662);
#10662 = CARTESIAN_POINT('',(-1.223515512499,15.82053465335,6.4));
#10663 = LINE('',#10664,#10665);
#10664 = CARTESIAN_POINT('',(-1.223515512499,15.82053465335,6.4));
#10665 = VECTOR('',#10666,1.);
#10666 = DIRECTION('',(-0.,0.,1.));
#10667 = ORIENTED_EDGE('',*,*,#10668,.T.);
#10668 = EDGE_CURVE('',#10661,#10642,#10669,.T.);
#10669 = CIRCLE('',#10670,1.05);
#10670 = AXIS2_PLACEMENT_3D('',#10671,#10672,#10673);
#10671 = CARTESIAN_POINT('',(-2.175138688888,16.264283828178,6.4));
#10672 = DIRECTION('',(0.,-0.,1.));
#10673 = DIRECTION('',(0.906307787037,-0.422618261741,-0.));
#10674 = CYLINDRICAL_SURFACE('',#10675,1.05);
#10675 = AXIS2_PLACEMENT_3D('',#10676,#10677,#10678);
#10676 = CARTESIAN_POINT('',(-2.175138688888,16.264283828178,6.4));
#10677 = DIRECTION('',(-0.,0.,1.));
#10678 = DIRECTION('',(-0.906307787037,0.422618261741,-0.));
#10679 = ADVANCED_FACE('',(#10680),#10716,.F.);
#10680 = FACE_BOUND('',#10681,.F.);
#10681 = EDGE_LOOP('',(#10682,#10692,#10701,#10709));
#10682 = ORIENTED_EDGE('',*,*,#10683,.T.);
#10683 = EDGE_CURVE('',#10684,#10686,#10688,.T.);
#10684 = VERTEX_POINT('',#10685);
#10685 = CARTESIAN_POINT('',(1.223515512499,14.67946534665,6.4));
#10686 = VERTEX_POINT('',#10687);
#10687 = CARTESIAN_POINT('',(1.223515512499,14.67946534665,7.));
#10688 = LINE('',#10689,#10690);
#10689 = CARTESIAN_POINT('',(1.223515512499,14.67946534665,6.4));
#10690 = VECTOR('',#10691,1.);
#10691 = DIRECTION('',(-0.,0.,1.));
#10692 = ORIENTED_EDGE('',*,*,#10693,.F.);
#10693 = EDGE_CURVE('',#10694,#10686,#10696,.T.);
#10694 = VERTEX_POINT('',#10695);
#10695 = CARTESIAN_POINT('',(3.126761865276,13.791966996995,7.));
#10696 = CIRCLE('',#10697,1.05);
#10697 = AXIS2_PLACEMENT_3D('',#10698,#10699,#10700);
#10698 = CARTESIAN_POINT('',(2.175138688888,14.235716171822,7.));
#10699 = DIRECTION('',(0.,0.,1.));
#10700 = DIRECTION('',(-0.906307787037,0.422618261741,0.));
#10701 = ORIENTED_EDGE('',*,*,#10702,.F.);
#10702 = EDGE_CURVE('',#10703,#10694,#10705,.T.);
#10703 = VERTEX_POINT('',#10704);
#10704 = CARTESIAN_POINT('',(3.126761865276,13.791966996995,6.4));
#10705 = LINE('',#10706,#10707);
#10706 = CARTESIAN_POINT('',(3.126761865276,13.791966996995,6.4));
#10707 = VECTOR('',#10708,1.);
#10708 = DIRECTION('',(-0.,0.,1.));
#10709 = ORIENTED_EDGE('',*,*,#10710,.T.);
#10710 = EDGE_CURVE('',#10703,#10684,#10711,.T.);
#10711 = CIRCLE('',#10712,1.05);
#10712 = AXIS2_PLACEMENT_3D('',#10713,#10714,#10715);
#10713 = CARTESIAN_POINT('',(2.175138688888,14.235716171822,6.4));
#10714 = DIRECTION('',(0.,0.,1.));
#10715 = DIRECTION('',(-0.906307787037,0.422618261741,0.));
#10716 = CYLINDRICAL_SURFACE('',#10717,1.05);
#10717 = AXIS2_PLACEMENT_3D('',#10718,#10719,#10720);
#10718 = CARTESIAN_POINT('',(2.175138688888,14.235716171822,6.4));
#10719 = DIRECTION('',(-0.,0.,1.));
#10720 = DIRECTION('',(-0.906307787037,0.422618261741,-0.));
#10721 = ADVANCED_FACE('',(#10722),#10758,.F.);
#10722 = FACE_BOUND('',#10723,.F.);
#10723 = EDGE_LOOP('',(#10724,#10734,#10743,#10751));
#10724 = ORIENTED_EDGE('',*,*,#10725,.T.);
#10725 = EDGE_CURVE('',#10726,#10728,#10730,.T.);
#10726 = VERTEX_POINT('',#10727);
#10727 = CARTESIAN_POINT('',(0.911536408426,17.58338838947,5.));
#10728 = VERTEX_POINT('',#10729);
#10729 = CARTESIAN_POINT('',(0.911536408426,17.58338838947,7.));
#10730 = LINE('',#10731,#10732);
#10731 = CARTESIAN_POINT('',(0.911536408426,17.58338838947,5.));
#10732 = VECTOR('',#10733,1.);
#10733 = DIRECTION('',(-0.,0.,1.));
#10734 = ORIENTED_EDGE('',*,*,#10735,.F.);
#10735 = EDGE_CURVE('',#10736,#10728,#10738,.T.);
#10736 = VERTEX_POINT('',#10737);
#10737 = CARTESIAN_POINT('',(1.99910575287,17.076246475381,7.));
#10738 = CIRCLE('',#10739,0.6);
#10739 = AXIS2_PLACEMENT_3D('',#10740,#10741,#10742);
#10740 = CARTESIAN_POINT('',(1.455321080648,17.329817432426,7.));
#10741 = DIRECTION('',(0.,0.,1.));
#10742 = DIRECTION('',(-0.906307787037,0.422618261741,0.));
#10743 = ORIENTED_EDGE('',*,*,#10744,.F.);
#10744 = EDGE_CURVE('',#10745,#10736,#10747,.T.);
#10745 = VERTEX_POINT('',#10746);
#10746 = CARTESIAN_POINT('',(1.99910575287,17.076246475381,5.));
#10747 = LINE('',#10748,#10749);
#10748 = CARTESIAN_POINT('',(1.99910575287,17.076246475381,5.));
#10749 = VECTOR('',#10750,1.);
#10750 = DIRECTION('',(-0.,0.,1.));
#10751 = ORIENTED_EDGE('',*,*,#10752,.T.);
#10752 = EDGE_CURVE('',#10745,#10726,#10753,.T.);
#10753 = CIRCLE('',#10754,0.6);
#10754 = AXIS2_PLACEMENT_3D('',#10755,#10756,#10757);
#10755 = CARTESIAN_POINT('',(1.455321080648,17.329817432426,5.));
#10756 = DIRECTION('',(0.,0.,1.));
#10757 = DIRECTION('',(-0.906307787037,0.422618261741,0.));
#10758 = CYLINDRICAL_SURFACE('',#10759,0.6);
#10759 = AXIS2_PLACEMENT_3D('',#10760,#10761,#10762);
#10760 = CARTESIAN_POINT('',(1.455321080648,17.329817432426,5.));
#10761 = DIRECTION('',(-0.,0.,1.));
#10762 = DIRECTION('',(-0.906307787037,0.422618261741,-0.));
#10763 = ADVANCED_FACE('',(#10764),#10800,.F.);
#10764 = FACE_BOUND('',#10765,.F.);
#10765 = EDGE_LOOP('',(#10766,#10776,#10785,#10793));
#10766 = ORIENTED_EDGE('',*,*,#10767,.T.);
#10767 = EDGE_CURVE('',#10768,#10770,#10772,.T.);
#10768 = VERTEX_POINT('',#10769);
#10769 = CARTESIAN_POINT('',(-0.679730840277,15.566963696306,5.));
#10770 = VERTEX_POINT('',#10771);
#10771 = CARTESIAN_POINT('',(-0.679730840277,15.566963696306,7.));
#10772 = LINE('',#10773,#10774);
#10773 = CARTESIAN_POINT('',(-0.679730840277,15.566963696306,5.));
#10774 = VECTOR('',#10775,1.);
#10775 = DIRECTION('',(-0.,0.,1.));
#10776 = ORIENTED_EDGE('',*,*,#10777,.F.);
#10777 = EDGE_CURVE('',#10778,#10770,#10780,.T.);
#10778 = VERTEX_POINT('',#10779);
#10779 = CARTESIAN_POINT('',(0.679730840277,14.933036303694,7.));
#10780 = CIRCLE('',#10781,0.75);
#10781 = AXIS2_PLACEMENT_3D('',#10782,#10783,#10784);
#10782 = CARTESIAN_POINT('',(-4.814824860968E-32,15.25,7.));
#10783 = DIRECTION('',(0.,0.,1.));
#10784 = DIRECTION('',(-0.906307787037,0.422618261741,0.));
#10785 = ORIENTED_EDGE('',*,*,#10786,.F.);
#10786 = EDGE_CURVE('',#10787,#10778,#10789,.T.);
#10787 = VERTEX_POINT('',#10788);
#10788 = CARTESIAN_POINT('',(0.679730840277,14.933036303694,5.));
#10789 = LINE('',#10790,#10791);
#10790 = CARTESIAN_POINT('',(0.679730840277,14.933036303694,5.));
#10791 = VECTOR('',#10792,1.);
#10792 = DIRECTION('',(-0.,0.,1.));
#10793 = ORIENTED_EDGE('',*,*,#10794,.T.);
#10794 = EDGE_CURVE('',#10787,#10768,#10795,.T.);
#10795 = CIRCLE('',#10796,0.75);
#10796 = AXIS2_PLACEMENT_3D('',#10797,#10798,#10799);
#10797 = CARTESIAN_POINT('',(-4.814824860968E-32,15.25,5.));
#10798 = DIRECTION('',(0.,0.,1.));
#10799 = DIRECTION('',(-0.906307787037,0.422618261741,0.));
#10800 = CYLINDRICAL_SURFACE('',#10801,0.75);
#10801 = AXIS2_PLACEMENT_3D('',#10802,#10803,#10804);
#10802 = CARTESIAN_POINT('',(-4.814824860968E-32,15.25,5.));
#10803 = DIRECTION('',(-0.,0.,1.));
#10804 = DIRECTION('',(-0.906307787037,0.422618261741,-0.));
#10805 = ADVANCED_FACE('',(#10806),#10842,.F.);
#10806 = FACE_BOUND('',#10807,.F.);
#10807 = EDGE_LOOP('',(#10808,#10818,#10827,#10835));
#10808 = ORIENTED_EDGE('',*,*,#10809,.T.);
#10809 = EDGE_CURVE('',#10810,#10812,#10814,.T.);
#10810 = VERTEX_POINT('',#10811);
#10811 = CARTESIAN_POINT('',(3.71586192685,13.517265126863,5.));
#10812 = VERTEX_POINT('',#10813);
#10813 = CARTESIAN_POINT('',(3.71586192685,13.517265126863,7.));
#10814 = LINE('',#10815,#10816);
#10815 = CARTESIAN_POINT('',(3.71586192685,13.517265126863,5.));
#10816 = VECTOR('',#10817,1.);
#10817 = DIRECTION('',(-0.,0.,1.));
#10818 = ORIENTED_EDGE('',*,*,#10819,.F.);
#10819 = EDGE_CURVE('',#10820,#10812,#10822,.T.);
#10820 = VERTEX_POINT('',#10821);
#10821 = CARTESIAN_POINT('',(5.347215943516,12.75655225573,7.));
#10822 = CIRCLE('',#10823,0.9);
#10823 = AXIS2_PLACEMENT_3D('',#10824,#10825,#10826);
#10824 = CARTESIAN_POINT('',(4.531538935183,13.136908691296,7.));
#10825 = DIRECTION('',(0.,-0.,1.));
#10826 = DIRECTION('',(0.906307787037,-0.422618261741,-0.));
#10827 = ORIENTED_EDGE('',*,*,#10828,.F.);
#10828 = EDGE_CURVE('',#10829,#10820,#10831,.T.);
#10829 = VERTEX_POINT('',#10830);
#10830 = CARTESIAN_POINT('',(5.347215943516,12.75655225573,5.));
#10831 = LINE('',#10832,#10833);
#10832 = CARTESIAN_POINT('',(5.347215943516,12.75655225573,5.));
#10833 = VECTOR('',#10834,1.);
#10834 = DIRECTION('',(-0.,0.,1.));
#10835 = ORIENTED_EDGE('',*,*,#10836,.T.);
#10836 = EDGE_CURVE('',#10829,#10810,#10837,.T.);
#10837 = CIRCLE('',#10838,0.9);
#10838 = AXIS2_PLACEMENT_3D('',#10839,#10840,#10841);
#10839 = CARTESIAN_POINT('',(4.531538935183,13.136908691296,5.));
#10840 = DIRECTION('',(0.,-0.,1.));
#10841 = DIRECTION('',(0.906307787037,-0.422618261741,-0.));
#10842 = CYLINDRICAL_SURFACE('',#10843,0.9);
#10843 = AXIS2_PLACEMENT_3D('',#10844,#10845,#10846);
#10844 = CARTESIAN_POINT('',(4.531538935183,13.136908691296,5.));
#10845 = DIRECTION('',(-0.,0.,1.));
#10846 = DIRECTION('',(-0.906307787037,0.422618261741,-0.));
#10847 = ADVANCED_FACE('',(#10848),#10884,.F.);
#10848 = FACE_BOUND('',#10849,.F.);
#10849 = EDGE_LOOP('',(#10850,#10860,#10869,#10877));
#10850 = ORIENTED_EDGE('',*,*,#10851,.T.);
#10851 = EDGE_CURVE('',#10852,#10854,#10856,.T.);
#10852 = VERTEX_POINT('',#10853);
#10853 = CARTESIAN_POINT('',(-5.347215943516,17.74344774427,5.));
#10854 = VERTEX_POINT('',#10855);
#10855 = CARTESIAN_POINT('',(-5.347215943516,17.74344774427,7.));
#10856 = LINE('',#10857,#10858);
#10857 = CARTESIAN_POINT('',(-5.347215943516,17.74344774427,5.));
#10858 = VECTOR('',#10859,1.);
#10859 = DIRECTION('',(-0.,0.,1.));
#10860 = ORIENTED_EDGE('',*,*,#10861,.F.);
#10861 = EDGE_CURVE('',#10862,#10854,#10864,.T.);
#10862 = VERTEX_POINT('',#10863);
#10863 = CARTESIAN_POINT('',(-3.71586192685,16.982734873137,7.));
#10864 = CIRCLE('',#10865,0.9);
#10865 = AXIS2_PLACEMENT_3D('',#10866,#10867,#10868);
#10866 = CARTESIAN_POINT('',(-4.531538935183,17.363091308704,7.));
#10867 = DIRECTION('',(0.,0.,1.));
#10868 = DIRECTION('',(-0.906307787037,0.422618261741,0.));
#10869 = ORIENTED_EDGE('',*,*,#10870,.F.);
#10870 = EDGE_CURVE('',#10871,#10862,#10873,.T.);
#10871 = VERTEX_POINT('',#10872);
#10872 = CARTESIAN_POINT('',(-3.71586192685,16.982734873137,5.));
#10873 = LINE('',#10874,#10875);
#10874 = CARTESIAN_POINT('',(-3.71586192685,16.982734873137,5.));
#10875 = VECTOR('',#10876,1.);
#10876 = DIRECTION('',(-0.,0.,1.));
#10877 = ORIENTED_EDGE('',*,*,#10878,.T.);
#10878 = EDGE_CURVE('',#10871,#10852,#10879,.T.);
#10879 = CIRCLE('',#10880,0.9);
#10880 = AXIS2_PLACEMENT_3D('',#10881,#10882,#10883);
#10881 = CARTESIAN_POINT('',(-4.531538935183,17.363091308704,5.));
#10882 = DIRECTION('',(0.,0.,1.));
#10883 = DIRECTION('',(-0.906307787037,0.422618261741,0.));
#10884 = CYLINDRICAL_SURFACE('',#10885,0.9);
#10885 = AXIS2_PLACEMENT_3D('',#10886,#10887,#10888);
#10886 = CARTESIAN_POINT('',(-4.531538935183,17.363091308704,5.));
#10887 = DIRECTION('',(-0.,0.,1.));
#10888 = DIRECTION('',(-0.906307787037,0.422618261741,-0.));
#10889 = ADVANCED_FACE('',(#10890),#10926,.F.);
#10890 = FACE_BOUND('',#10891,.F.);
#10891 = EDGE_LOOP('',(#10892,#10902,#10911,#10919));
#10892 = ORIENTED_EDGE('',*,*,#10893,.T.);
#10893 = EDGE_CURVE('',#10894,#10896,#10898,.T.);
#10894 = VERTEX_POINT('',#10895);
#10895 = CARTESIAN_POINT('',(-2.764238750462,16.538985698309,5.));
#10896 = VERTEX_POINT('',#10897);
#10897 = CARTESIAN_POINT('',(-2.764238750462,16.538985698309,6.4));
#10898 = LINE('',#10899,#10900);
#10899 = CARTESIAN_POINT('',(-2.764238750462,16.538985698309,5.));
#10900 = VECTOR('',#10901,1.);
#10901 = DIRECTION('',(-0.,0.,1.));
#10902 = ORIENTED_EDGE('',*,*,#10903,.F.);
#10903 = EDGE_CURVE('',#10904,#10896,#10906,.T.);
#10904 = VERTEX_POINT('',#10905);
#10905 = CARTESIAN_POINT('',(-1.586038627314,15.989581958046,6.4));
#10906 = CIRCLE('',#10907,0.65);
#10907 = AXIS2_PLACEMENT_3D('',#10908,#10909,#10910);
#10908 = CARTESIAN_POINT('',(-2.175138688888,16.264283828178,6.4));
#10909 = DIRECTION('',(0.,-0.,1.));
#10910 = DIRECTION('',(0.906307787037,-0.422618261741,-0.));
#10911 = ORIENTED_EDGE('',*,*,#10912,.F.);
#10912 = EDGE_CURVE('',#10913,#10904,#10915,.T.);
#10913 = VERTEX_POINT('',#10914);
#10914 = CARTESIAN_POINT('',(-1.586038627314,15.989581958046,5.));
#10915 = LINE('',#10916,#10917);
#10916 = CARTESIAN_POINT('',(-1.586038627314,15.989581958046,5.));
#10917 = VECTOR('',#10918,1.);
#10918 = DIRECTION('',(-0.,0.,1.));
#10919 = ORIENTED_EDGE('',*,*,#10920,.T.);
#10920 = EDGE_CURVE('',#10913,#10894,#10921,.T.);
#10921 = CIRCLE('',#10922,0.65);
#10922 = AXIS2_PLACEMENT_3D('',#10923,#10924,#10925);
#10923 = CARTESIAN_POINT('',(-2.175138688888,16.264283828178,5.));
#10924 = DIRECTION('',(0.,0.,1.));
#10925 = DIRECTION('',(-0.906307787037,0.422618261741,0.));
#10926 = CYLINDRICAL_SURFACE('',#10927,0.65);
#10927 = AXIS2_PLACEMENT_3D('',#10928,#10929,#10930);
#10928 = CARTESIAN_POINT('',(-2.175138688888,16.264283828178,5.));
#10929 = DIRECTION('',(-0.,0.,1.));
#10930 = DIRECTION('',(-0.906307787037,0.422618261741,-0.));
#10931 = ADVANCED_FACE('',(#10932),#10968,.T.);
#10932 = FACE_BOUND('',#10933,.T.);
#10933 = EDGE_LOOP('',(#10934,#10945,#10953,#10962));
#10934 = ORIENTED_EDGE('',*,*,#10935,.F.);
#10935 = EDGE_CURVE('',#10936,#10938,#10940,.T.);
#10936 = VERTEX_POINT('',#10937);
#10937 = CARTESIAN_POINT('',(-7.15983151759,18.588684267752,5.));
#10938 = VERTEX_POINT('',#10939);
#10939 = CARTESIAN_POINT('',(-6.262799894622,20.06532319579,5.));
#10940 = CIRCLE('',#10941,7.9);
#10941 = AXIS2_PLACEMENT_3D('',#10942,#10943,#10944);
#10942 = CARTESIAN_POINT('',(-4.814824860968E-32,15.25,5.));
#10943 = DIRECTION('',(-0.,0.,-1.));
#10944 = DIRECTION('',(0.906307787037,-0.422618261741,-0.));
#10945 = ORIENTED_EDGE('',*,*,#10946,.T.);
#10946 = EDGE_CURVE('',#10936,#10947,#10949,.T.);
#10947 = VERTEX_POINT('',#10948);
#10948 = CARTESIAN_POINT('',(-7.15983151759,18.588684267752,7.));
#10949 = LINE('',#10950,#10951);
#10950 = CARTESIAN_POINT('',(-7.15983151759,18.588684267752,5.));
#10951 = VECTOR('',#10952,1.);
#10952 = DIRECTION('',(-0.,0.,1.));
#10953 = ORIENTED_EDGE('',*,*,#10954,.T.);
#10954 = EDGE_CURVE('',#10947,#10955,#10957,.T.);
#10955 = VERTEX_POINT('',#10956);
#10956 = CARTESIAN_POINT('',(-6.262799894622,20.06532319579,7.));
#10957 = CIRCLE('',#10958,7.9);
#10958 = AXIS2_PLACEMENT_3D('',#10959,#10960,#10961);
#10959 = CARTESIAN_POINT('',(-4.814824860968E-32,15.25,7.));
#10960 = DIRECTION('',(-0.,0.,-1.));
#10961 = DIRECTION('',(0.906307787037,-0.422618261741,-0.));
#10962 = ORIENTED_EDGE('',*,*,#10963,.T.);
#10963 = EDGE_CURVE('',#10955,#10938,#10964,.T.);
#10964 = LINE('',#10965,#10966);
#10965 = CARTESIAN_POINT('',(-6.262799894622,20.06532319579,5.));
#10966 = VECTOR('',#10967,1.);
#10967 = DIRECTION('',(0.,0.,-1.));
#10968 = CYLINDRICAL_SURFACE('',#10969,7.9);
#10969 = AXIS2_PLACEMENT_3D('',#10970,#10971,#10972);
#10970 = CARTESIAN_POINT('',(-4.814824860968E-32,15.25,5.));
#10971 = DIRECTION('',(-0.,0.,1.));
#10972 = DIRECTION('',(-0.906307787037,0.422618261741,-0.));
#10973 = ADVANCED_FACE('',(#10974),#11010,.F.);
#10974 = FACE_BOUND('',#10975,.F.);
#10975 = EDGE_LOOP('',(#10976,#10986,#10995,#11003));
#10976 = ORIENTED_EDGE('',*,*,#10977,.T.);
#10977 = EDGE_CURVE('',#10978,#10980,#10982,.T.);
#10978 = VERTEX_POINT('',#10979);
#10979 = CARTESIAN_POINT('',(1.586038627314,14.510418041954,5.));
#10980 = VERTEX_POINT('',#10981);
#10981 = CARTESIAN_POINT('',(1.586038627314,14.510418041954,6.4));
#10982 = LINE('',#10983,#10984);
#10983 = CARTESIAN_POINT('',(1.586038627314,14.510418041954,5.));
#10984 = VECTOR('',#10985,1.);
#10985 = DIRECTION('',(-0.,0.,1.));
#10986 = ORIENTED_EDGE('',*,*,#10987,.T.);
#10987 = EDGE_CURVE('',#10980,#10988,#10990,.T.);
#10988 = VERTEX_POINT('',#10989);
#10989 = CARTESIAN_POINT('',(2.764238750462,13.961014301691,6.4));
#10990 = CIRCLE('',#10991,0.65);
#10991 = AXIS2_PLACEMENT_3D('',#10992,#10993,#10994);
#10992 = CARTESIAN_POINT('',(2.175138688888,14.235716171822,6.4));
#10993 = DIRECTION('',(0.,0.,-1.));
#10994 = DIRECTION('',(-0.906307787037,0.422618261741,0.));
#10995 = ORIENTED_EDGE('',*,*,#10996,.F.);
#10996 = EDGE_CURVE('',#10997,#10988,#10999,.T.);
#10997 = VERTEX_POINT('',#10998);
#10998 = CARTESIAN_POINT('',(2.764238750462,13.961014301691,5.));
#10999 = LINE('',#11000,#11001);
#11000 = CARTESIAN_POINT('',(2.764238750462,13.961014301691,5.));
#11001 = VECTOR('',#11002,1.);
#11002 = DIRECTION('',(-0.,0.,1.));
#11003 = ORIENTED_EDGE('',*,*,#11004,.T.);
#11004 = EDGE_CURVE('',#10997,#10978,#11005,.T.);
#11005 = CIRCLE('',#11006,0.65);
#11006 = AXIS2_PLACEMENT_3D('',#11007,#11008,#11009);
#11007 = CARTESIAN_POINT('',(2.175138688888,14.235716171822,5.));
#11008 = DIRECTION('',(0.,-0.,1.));
#11009 = DIRECTION('',(0.906307787037,-0.422618261741,-0.));
#11010 = CYLINDRICAL_SURFACE('',#11011,0.65);
#11011 = AXIS2_PLACEMENT_3D('',#11012,#11013,#11014);
#11012 = CARTESIAN_POINT('',(2.175138688888,14.235716171822,5.));
#11013 = DIRECTION('',(-0.,0.,1.));
#11014 = DIRECTION('',(-0.906307787037,0.422618261741,-0.));
#11015 = ADVANCED_FACE('',(#11016),#11034,.F.);
#11016 = FACE_BOUND('',#11017,.F.);
#11017 = EDGE_LOOP('',(#11018,#11025,#11026,#11033));
#11018 = ORIENTED_EDGE('',*,*,#11019,.T.);
#11019 = EDGE_CURVE('',#10988,#10980,#11020,.T.);
#11020 = CIRCLE('',#11021,0.65);
#11021 = AXIS2_PLACEMENT_3D('',#11022,#11023,#11024);
#11022 = CARTESIAN_POINT('',(2.175138688888,14.235716171822,6.4));
#11023 = DIRECTION('',(0.,0.,-1.));
#11024 = DIRECTION('',(-0.906307787037,0.422618261741,0.));
#11025 = ORIENTED_EDGE('',*,*,#10977,.F.);
#11026 = ORIENTED_EDGE('',*,*,#11027,.T.);
#11027 = EDGE_CURVE('',#10978,#10997,#11028,.T.);
#11028 = CIRCLE('',#11029,0.65);
#11029 = AXIS2_PLACEMENT_3D('',#11030,#11031,#11032);
#11030 = CARTESIAN_POINT('',(2.175138688888,14.235716171822,5.));
#11031 = DIRECTION('',(0.,-0.,1.));
#11032 = DIRECTION('',(0.906307787037,-0.422618261741,-0.));
#11033 = ORIENTED_EDGE('',*,*,#10996,.T.);
#11034 = CYLINDRICAL_SURFACE('',#11035,0.65);
#11035 = AXIS2_PLACEMENT_3D('',#11036,#11037,#11038);
#11036 = CARTESIAN_POINT('',(2.175138688888,14.235716171822,5.));
#11037 = DIRECTION('',(-0.,0.,1.));
#11038 = DIRECTION('',(-0.906307787037,0.422618261741,-0.));
#11039 = ADVANCED_FACE('',(#11040),#11067,.T.);
#11040 = FACE_BOUND('',#11041,.T.);
#11041 = EDGE_LOOP('',(#11042,#11043,#11052,#11060));
#11042 = ORIENTED_EDGE('',*,*,#10946,.F.);
#11043 = ORIENTED_EDGE('',*,*,#11044,.F.);
#11044 = EDGE_CURVE('',#11045,#10936,#11047,.T.);
#11045 = VERTEX_POINT('',#11046);
#11046 = CARTESIAN_POINT('',(-7.714401750167,16.952352970751,5.));
#11047 = CIRCLE('',#11048,7.9);
#11048 = AXIS2_PLACEMENT_3D('',#11049,#11050,#11051);
#11049 = CARTESIAN_POINT('',(-4.814824860968E-32,15.25,5.));
#11050 = DIRECTION('',(-0.,0.,-1.));
#11051 = DIRECTION('',(0.906307787037,-0.422618261741,-0.));
#11052 = ORIENTED_EDGE('',*,*,#11053,.T.);
#11053 = EDGE_CURVE('',#11045,#11054,#11056,.T.);
#11054 = VERTEX_POINT('',#11055);
#11055 = CARTESIAN_POINT('',(-7.714401750167,16.952352970751,7.));
#11056 = LINE('',#11057,#11058);
#11057 = CARTESIAN_POINT('',(-7.714401750167,16.952352970751,5.));
#11058 = VECTOR('',#11059,1.);
#11059 = DIRECTION('',(-0.,0.,1.));
#11060 = ORIENTED_EDGE('',*,*,#11061,.T.);
#11061 = EDGE_CURVE('',#11054,#10947,#11062,.T.);
#11062 = CIRCLE('',#11063,7.9);
#11063 = AXIS2_PLACEMENT_3D('',#11064,#11065,#11066);
#11064 = CARTESIAN_POINT('',(-4.814824860968E-32,15.25,7.));
#11065 = DIRECTION('',(-0.,0.,-1.));
#11066 = DIRECTION('',(0.906307787037,-0.422618261741,-0.));
#11067 = CYLINDRICAL_SURFACE('',#11068,7.9);
#11068 = AXIS2_PLACEMENT_3D('',#11069,#11070,#11071);
#11069 = CARTESIAN_POINT('',(-4.814824860968E-32,15.25,5.));
#11070 = DIRECTION('',(-0.,0.,1.));
#11071 = DIRECTION('',(-0.906307787037,0.422618261741,-0.));
#11072 = ADVANCED_FACE('',(#11073),#11107,.F.);
#11073 = FACE_BOUND('',#11074,.T.);
#11074 = EDGE_LOOP('',(#11075,#11085,#11093,#11101));
#11075 = ORIENTED_EDGE('',*,*,#11076,.F.);
#11076 = EDGE_CURVE('',#11077,#11079,#11081,.T.);
#11077 = VERTEX_POINT('',#11078);
#11078 = CARTESIAN_POINT('',(-5.04742215255,20.362096401081,5.));
#11079 = VERTEX_POINT('',#11080);
#11080 = CARTESIAN_POINT('',(-1.773399503637,18.83539456692,5.));
#11081 = LINE('',#11082,#11083);
#11082 = CARTESIAN_POINT('',(-1.773399503637,18.83539456692,5.));
#11083 = VECTOR('',#11084,1.);
#11084 = DIRECTION('',(0.906307787037,-0.422618261741,0.));
#11085 = ORIENTED_EDGE('',*,*,#11086,.T.);
#11086 = EDGE_CURVE('',#11077,#11087,#11089,.T.);
#11087 = VERTEX_POINT('',#11088);
#11088 = CARTESIAN_POINT('',(-5.04742215255,20.362096401081,7.));
#11089 = LINE('',#11090,#11091);
#11090 = CARTESIAN_POINT('',(-5.04742215255,20.362096401081,5.));
#11091 = VECTOR('',#11092,1.);
#11092 = DIRECTION('',(-0.,0.,1.));
#11093 = ORIENTED_EDGE('',*,*,#11094,.T.);
#11094 = EDGE_CURVE('',#11087,#11095,#11097,.T.);
#11095 = VERTEX_POINT('',#11096);
#11096 = CARTESIAN_POINT('',(-1.773399503637,18.83539456692,7.));
#11097 = LINE('',#11098,#11099);
#11098 = CARTESIAN_POINT('',(-1.773399503637,18.83539456692,7.));
#11099 = VECTOR('',#11100,1.);
#11100 = DIRECTION('',(0.906307787037,-0.422618261741,0.));
#11101 = ORIENTED_EDGE('',*,*,#11102,.F.);
#11102 = EDGE_CURVE('',#11079,#11095,#11103,.T.);
#11103 = LINE('',#11104,#11105);
#11104 = CARTESIAN_POINT('',(-1.773399503637,18.83539456692,5.));
#11105 = VECTOR('',#11106,1.);
#11106 = DIRECTION('',(-0.,0.,1.));
#11107 = PLANE('',#11108);
#11108 = AXIS2_PLACEMENT_3D('',#11109,#11110,#11111);
#11109 = CARTESIAN_POINT('',(-1.773399503637,18.83539456692,5.));
#11110 = DIRECTION('',(-0.422618261741,-0.906307787037,-0.));
#11111 = DIRECTION('',(-0.906307787037,0.422618261741,0.));
#11112 = ADVANCED_FACE('',(#11113),#11140,.T.);
#11113 = FACE_BOUND('',#11114,.T.);
#11114 = EDGE_LOOP('',(#11115,#11124,#11132,#11139));
#11115 = ORIENTED_EDGE('',*,*,#11116,.T.);
#11116 = EDGE_CURVE('',#11095,#11117,#11119,.T.);
#11117 = VERTEX_POINT('',#11118);
#11118 = CARTESIAN_POINT('',(3.88649081234,16.196144368263,7.));
#11119 = CIRCLE('',#11120,4.);
#11120 = AXIS2_PLACEMENT_3D('',#11121,#11122,#11123);
#11121 = CARTESIAN_POINT('',(-4.814824860968E-32,15.25,7.));
#11122 = DIRECTION('',(0.,0.,-1.));
#11123 = DIRECTION('',(-0.906307787037,0.422618261741,0.));
#11124 = ORIENTED_EDGE('',*,*,#11125,.F.);
#11125 = EDGE_CURVE('',#11126,#11117,#11128,.T.);
#11126 = VERTEX_POINT('',#11127);
#11127 = CARTESIAN_POINT('',(3.88649081234,16.196144368263,5.));
#11128 = LINE('',#11129,#11130);
#11129 = CARTESIAN_POINT('',(3.88649081234,16.196144368263,5.));
#11130 = VECTOR('',#11131,1.);
#11131 = DIRECTION('',(-0.,0.,1.));
#11132 = ORIENTED_EDGE('',*,*,#11133,.F.);
#11133 = EDGE_CURVE('',#11079,#11126,#11134,.T.);
#11134 = CIRCLE('',#11135,4.);
#11135 = AXIS2_PLACEMENT_3D('',#11136,#11137,#11138);
#11136 = CARTESIAN_POINT('',(-4.814824860968E-32,15.25,5.));
#11137 = DIRECTION('',(0.,0.,-1.));
#11138 = DIRECTION('',(-0.906307787037,0.422618261741,0.));
#11139 = ORIENTED_EDGE('',*,*,#11102,.T.);
#11140 = CYLINDRICAL_SURFACE('',#11141,4.);
#11141 = AXIS2_PLACEMENT_3D('',#11142,#11143,#11144);
#11142 = CARTESIAN_POINT('',(-4.814824860968E-32,15.25,5.));
#11143 = DIRECTION('',(-0.,0.,1.));
#11144 = DIRECTION('',(-0.906307787037,0.422618261741,-0.));
#11145 = ADVANCED_FACE('',(#11146),#11171,.F.);
#11146 = FACE_BOUND('',#11147,.T.);
#11147 = EDGE_LOOP('',(#11148,#11156,#11164,#11170));
#11148 = ORIENTED_EDGE('',*,*,#11149,.T.);
#11149 = EDGE_CURVE('',#11117,#11150,#11152,.T.);
#11150 = VERTEX_POINT('',#11151);
#11151 = CARTESIAN_POINT('',(7.160513461253,14.669442534102,7.));
#11152 = LINE('',#11153,#11154);
#11153 = CARTESIAN_POINT('',(3.88649081234,16.196144368263,7.));
#11154 = VECTOR('',#11155,1.);
#11155 = DIRECTION('',(0.906307787037,-0.422618261741,-0.));
#11156 = ORIENTED_EDGE('',*,*,#11157,.T.);
#11157 = EDGE_CURVE('',#11150,#11158,#11160,.T.);
#11158 = VERTEX_POINT('',#11159);
#11159 = CARTESIAN_POINT('',(7.160513461253,14.669442534102,5.));
#11160 = LINE('',#11161,#11162);
#11161 = CARTESIAN_POINT('',(7.160513461253,14.669442534102,5.));
#11162 = VECTOR('',#11163,1.);
#11163 = DIRECTION('',(0.,0.,-1.));
#11164 = ORIENTED_EDGE('',*,*,#11165,.F.);
#11165 = EDGE_CURVE('',#11126,#11158,#11166,.T.);
#11166 = LINE('',#11167,#11168);
#11167 = CARTESIAN_POINT('',(3.88649081234,16.196144368263,5.));
#11168 = VECTOR('',#11169,1.);
#11169 = DIRECTION('',(0.906307787037,-0.422618261741,-0.));
#11170 = ORIENTED_EDGE('',*,*,#11125,.T.);
#11171 = PLANE('',#11172);
#11172 = AXIS2_PLACEMENT_3D('',#11173,#11174,#11175);
#11173 = CARTESIAN_POINT('',(3.88649081234,16.196144368263,5.));
#11174 = DIRECTION('',(-0.422618261741,-0.906307787037,0.));
#11175 = DIRECTION('',(-0.,0.,-1.));
#11176 = ADVANCED_FACE('',(#11177),#11213,.T.);
#11177 = FACE_BOUND('',#11178,.T.);
#11178 = EDGE_LOOP('',(#11179,#11190,#11198,#11207));
#11179 = ORIENTED_EDGE('',*,*,#11180,.F.);
#11180 = EDGE_CURVE('',#11181,#11183,#11185,.T.);
#11181 = VERTEX_POINT('',#11182);
#11182 = CARTESIAN_POINT('',(7.714401750167,13.547647029249,5.));
#11183 = VERTEX_POINT('',#11184);
#11184 = CARTESIAN_POINT('',(6.262799894622,10.43467680421,5.));
#11185 = CIRCLE('',#11186,7.9);
#11186 = AXIS2_PLACEMENT_3D('',#11187,#11188,#11189);
#11187 = CARTESIAN_POINT('',(-4.814824860968E-32,15.25,5.));
#11188 = DIRECTION('',(0.,0.,-1.));
#11189 = DIRECTION('',(-0.906307787037,0.422618261741,0.));
#11190 = ORIENTED_EDGE('',*,*,#11191,.T.);
#11191 = EDGE_CURVE('',#11181,#11192,#11194,.T.);
#11192 = VERTEX_POINT('',#11193);
#11193 = CARTESIAN_POINT('',(7.714401750167,13.547647029249,7.));
#11194 = LINE('',#11195,#11196);
#11195 = CARTESIAN_POINT('',(7.714401750167,13.547647029249,5.));
#11196 = VECTOR('',#11197,1.);
#11197 = DIRECTION('',(-0.,0.,1.));
#11198 = ORIENTED_EDGE('',*,*,#11199,.T.);
#11199 = EDGE_CURVE('',#11192,#11200,#11202,.T.);
#11200 = VERTEX_POINT('',#11201);
#11201 = CARTESIAN_POINT('',(6.262799894622,10.43467680421,7.));
#11202 = CIRCLE('',#11203,7.9);
#11203 = AXIS2_PLACEMENT_3D('',#11204,#11205,#11206);
#11204 = CARTESIAN_POINT('',(-4.814824860968E-32,15.25,7.));
#11205 = DIRECTION('',(0.,0.,-1.));
#11206 = DIRECTION('',(-0.906307787037,0.422618261741,0.));
#11207 = ORIENTED_EDGE('',*,*,#11208,.T.);
#11208 = EDGE_CURVE('',#11200,#11183,#11209,.T.);
#11209 = LINE('',#11210,#11211);
#11210 = CARTESIAN_POINT('',(6.262799894622,10.43467680421,5.));
#11211 = VECTOR('',#11212,1.);
#11212 = DIRECTION('',(0.,0.,-1.));
#11213 = CYLINDRICAL_SURFACE('',#11214,7.9);
#11214 = AXIS2_PLACEMENT_3D('',#11215,#11216,#11217);
#11215 = CARTESIAN_POINT('',(-4.814824860968E-32,15.25,5.));
#11216 = DIRECTION('',(-0.,0.,1.));
#11217 = DIRECTION('',(-0.906307787037,0.422618261741,-0.));
#11218 = ADVANCED_FACE('',(#11219),#11253,.F.);
#11219 = FACE_BOUND('',#11220,.T.);
#11220 = EDGE_LOOP('',(#11221,#11231,#11239,#11247));
#11221 = ORIENTED_EDGE('',*,*,#11222,.F.);
#11222 = EDGE_CURVE('',#11223,#11225,#11227,.T.);
#11223 = VERTEX_POINT('',#11224);
#11224 = CARTESIAN_POINT('',(5.04742215255,10.137903598919,5.));
#11225 = VERTEX_POINT('',#11226);
#11226 = CARTESIAN_POINT('',(1.773399503637,11.66460543308,5.));
#11227 = LINE('',#11228,#11229);
#11228 = CARTESIAN_POINT('',(1.773399503637,11.66460543308,5.));
#11229 = VECTOR('',#11230,1.);
#11230 = DIRECTION('',(-0.906307787037,0.422618261741,0.));
#11231 = ORIENTED_EDGE('',*,*,#11232,.T.);
#11232 = EDGE_CURVE('',#11223,#11233,#11235,.T.);
#11233 = VERTEX_POINT('',#11234);
#11234 = CARTESIAN_POINT('',(5.04742215255,10.137903598919,7.));
#11235 = LINE('',#11236,#11237);
#11236 = CARTESIAN_POINT('',(5.04742215255,10.137903598919,5.));
#11237 = VECTOR('',#11238,1.);
#11238 = DIRECTION('',(-0.,0.,1.));
#11239 = ORIENTED_EDGE('',*,*,#11240,.T.);
#11240 = EDGE_CURVE('',#11233,#11241,#11243,.T.);
#11241 = VERTEX_POINT('',#11242);
#11242 = CARTESIAN_POINT('',(1.773399503637,11.66460543308,7.));
#11243 = LINE('',#11244,#11245);
#11244 = CARTESIAN_POINT('',(1.773399503637,11.66460543308,7.));
#11245 = VECTOR('',#11246,1.);
#11246 = DIRECTION('',(-0.906307787037,0.422618261741,0.));
#11247 = ORIENTED_EDGE('',*,*,#11248,.F.);
#11248 = EDGE_CURVE('',#11225,#11241,#11249,.T.);
#11249 = LINE('',#11250,#11251);
#11250 = CARTESIAN_POINT('',(1.773399503637,11.66460543308,5.));
#11251 = VECTOR('',#11252,1.);
#11252 = DIRECTION('',(-0.,0.,1.));
#11253 = PLANE('',#11254);
#11254 = AXIS2_PLACEMENT_3D('',#11255,#11256,#11257);
#11255 = CARTESIAN_POINT('',(1.773399503637,11.66460543308,5.));
#11256 = DIRECTION('',(0.422618261741,0.906307787037,0.));
#11257 = DIRECTION('',(0.906307787037,-0.422618261741,0.));
#11258 = ADVANCED_FACE('',(#11259),#11286,.T.);
#11259 = FACE_BOUND('',#11260,.T.);
#11260 = EDGE_LOOP('',(#11261,#11270,#11278,#11285));
#11261 = ORIENTED_EDGE('',*,*,#11262,.T.);
#11262 = EDGE_CURVE('',#11241,#11263,#11265,.T.);
#11263 = VERTEX_POINT('',#11264);
#11264 = CARTESIAN_POINT('',(-3.88649081234,14.303855631737,7.));
#11265 = CIRCLE('',#11266,4.);
#11266 = AXIS2_PLACEMENT_3D('',#11267,#11268,#11269);
#11267 = CARTESIAN_POINT('',(-4.814824860968E-32,15.25,7.));
#11268 = DIRECTION('',(-0.,0.,-1.));
#11269 = DIRECTION('',(0.906307787037,-0.422618261741,-0.));
#11270 = ORIENTED_EDGE('',*,*,#11271,.F.);
#11271 = EDGE_CURVE('',#11272,#11263,#11274,.T.);
#11272 = VERTEX_POINT('',#11273);
#11273 = CARTESIAN_POINT('',(-3.88649081234,14.303855631737,5.));
#11274 = LINE('',#11275,#11276);
#11275 = CARTESIAN_POINT('',(-3.88649081234,14.303855631737,5.));
#11276 = VECTOR('',#11277,1.);
#11277 = DIRECTION('',(-0.,0.,1.));
#11278 = ORIENTED_EDGE('',*,*,#11279,.F.);
#11279 = EDGE_CURVE('',#11225,#11272,#11280,.T.);
#11280 = CIRCLE('',#11281,4.);
#11281 = AXIS2_PLACEMENT_3D('',#11282,#11283,#11284);
#11282 = CARTESIAN_POINT('',(-4.814824860968E-32,15.25,5.));
#11283 = DIRECTION('',(-0.,0.,-1.));
#11284 = DIRECTION('',(0.906307787037,-0.422618261741,-0.));
#11285 = ORIENTED_EDGE('',*,*,#11248,.T.);
#11286 = CYLINDRICAL_SURFACE('',#11287,4.);
#11287 = AXIS2_PLACEMENT_3D('',#11288,#11289,#11290);
#11288 = CARTESIAN_POINT('',(-4.814824860968E-32,15.25,5.));
#11289 = DIRECTION('',(-0.,0.,1.));
#11290 = DIRECTION('',(-0.906307787037,0.422618261741,-0.));
#11291 = ADVANCED_FACE('',(#11292),#11317,.F.);
#11292 = FACE_BOUND('',#11293,.T.);
#11293 = EDGE_LOOP('',(#11294,#11302,#11310,#11316));
#11294 = ORIENTED_EDGE('',*,*,#11295,.T.);
#11295 = EDGE_CURVE('',#11263,#11296,#11298,.T.);
#11296 = VERTEX_POINT('',#11297);
#11297 = CARTESIAN_POINT('',(-7.160513461253,15.830557465898,7.));
#11298 = LINE('',#11299,#11300);
#11299 = CARTESIAN_POINT('',(-3.88649081234,14.303855631737,7.));
#11300 = VECTOR('',#11301,1.);
#11301 = DIRECTION('',(-0.906307787037,0.422618261741,0.));
#11302 = ORIENTED_EDGE('',*,*,#11303,.T.);
#11303 = EDGE_CURVE('',#11296,#11304,#11306,.T.);
#11304 = VERTEX_POINT('',#11305);
#11305 = CARTESIAN_POINT('',(-7.160513461253,15.830557465898,5.));
#11306 = LINE('',#11307,#11308);
#11307 = CARTESIAN_POINT('',(-7.160513461253,15.830557465898,5.));
#11308 = VECTOR('',#11309,1.);
#11309 = DIRECTION('',(0.,0.,-1.));
#11310 = ORIENTED_EDGE('',*,*,#11311,.F.);
#11311 = EDGE_CURVE('',#11272,#11304,#11312,.T.);
#11312 = LINE('',#11313,#11314);
#11313 = CARTESIAN_POINT('',(-3.88649081234,14.303855631737,5.));
#11314 = VECTOR('',#11315,1.);
#11315 = DIRECTION('',(-0.906307787037,0.422618261741,0.));
#11316 = ORIENTED_EDGE('',*,*,#11271,.T.);
#11317 = PLANE('',#11318);
#11318 = AXIS2_PLACEMENT_3D('',#11319,#11320,#11321);
#11319 = CARTESIAN_POINT('',(-3.88649081234,14.303855631737,5.));
#11320 = DIRECTION('',(0.422618261741,0.906307787037,0.));
#11321 = DIRECTION('',(0.906307787037,-0.422618261741,-0.));
#11322 = ADVANCED_FACE('',(#11323,#11327,#11337,#11347,#11357,#11367,
    #11377),#11416,.T.);
#11323 = FACE_BOUND('',#11324,.T.);
#11324 = EDGE_LOOP('',(#11325,#11326));
#11325 = ORIENTED_EDGE('',*,*,#11027,.T.);
#11326 = ORIENTED_EDGE('',*,*,#11004,.T.);
#11327 = FACE_BOUND('',#11328,.T.);
#11328 = EDGE_LOOP('',(#11329,#11336));
#11329 = ORIENTED_EDGE('',*,*,#11330,.T.);
#11330 = EDGE_CURVE('',#10726,#10745,#11331,.T.);
#11331 = CIRCLE('',#11332,0.6);
#11332 = AXIS2_PLACEMENT_3D('',#11333,#11334,#11335);
#11333 = CARTESIAN_POINT('',(1.455321080648,17.329817432426,5.));
#11334 = DIRECTION('',(0.,0.,1.));
#11335 = DIRECTION('',(-0.906307787037,0.422618261741,0.));
#11336 = ORIENTED_EDGE('',*,*,#10752,.T.);
#11337 = FACE_BOUND('',#11338,.T.);
#11338 = EDGE_LOOP('',(#11339,#11346));
#11339 = ORIENTED_EDGE('',*,*,#11340,.T.);
#11340 = EDGE_CURVE('',#10768,#10787,#11341,.T.);
#11341 = CIRCLE('',#11342,0.75);
#11342 = AXIS2_PLACEMENT_3D('',#11343,#11344,#11345);
#11343 = CARTESIAN_POINT('',(-4.814824860968E-32,15.25,5.));
#11344 = DIRECTION('',(0.,0.,1.));
#11345 = DIRECTION('',(-0.906307787037,0.422618261741,0.));
#11346 = ORIENTED_EDGE('',*,*,#10794,.T.);
#11347 = FACE_BOUND('',#11348,.T.);
#11348 = EDGE_LOOP('',(#11349,#11356));
#11349 = ORIENTED_EDGE('',*,*,#11350,.T.);
#11350 = EDGE_CURVE('',#10810,#10829,#11351,.T.);
#11351 = CIRCLE('',#11352,0.9);
#11352 = AXIS2_PLACEMENT_3D('',#11353,#11354,#11355);
#11353 = CARTESIAN_POINT('',(4.531538935183,13.136908691296,5.));
#11354 = DIRECTION('',(0.,-0.,1.));
#11355 = DIRECTION('',(0.906307787037,-0.422618261741,-0.));
#11356 = ORIENTED_EDGE('',*,*,#10836,.T.);
#11357 = FACE_BOUND('',#11358,.T.);
#11358 = EDGE_LOOP('',(#11359,#11366));
#11359 = ORIENTED_EDGE('',*,*,#11360,.T.);
#11360 = EDGE_CURVE('',#10852,#10871,#11361,.T.);
#11361 = CIRCLE('',#11362,0.9);
#11362 = AXIS2_PLACEMENT_3D('',#11363,#11364,#11365);
#11363 = CARTESIAN_POINT('',(-4.531538935183,17.363091308704,5.));
#11364 = DIRECTION('',(0.,0.,1.));
#11365 = DIRECTION('',(-0.906307787037,0.422618261741,0.));
#11366 = ORIENTED_EDGE('',*,*,#10878,.T.);
#11367 = FACE_BOUND('',#11368,.T.);
#11368 = EDGE_LOOP('',(#11369,#11376));
#11369 = ORIENTED_EDGE('',*,*,#11370,.T.);
#11370 = EDGE_CURVE('',#10894,#10913,#11371,.T.);
#11371 = CIRCLE('',#11372,0.65);
#11372 = AXIS2_PLACEMENT_3D('',#11373,#11374,#11375);
#11373 = CARTESIAN_POINT('',(-2.175138688888,16.264283828178,5.));
#11374 = DIRECTION('',(0.,0.,1.));
#11375 = DIRECTION('',(-0.906307787037,0.422618261741,0.));
#11376 = ORIENTED_EDGE('',*,*,#10920,.T.);
#11377 = FACE_BOUND('',#11378,.T.);
#11378 = EDGE_LOOP('',(#11379,#11380,#11381,#11388,#11389,#11390,#11391,
    #11398,#11399,#11406,#11407,#11408,#11409));
#11379 = ORIENTED_EDGE('',*,*,#11044,.T.);
#11380 = ORIENTED_EDGE('',*,*,#10935,.T.);
#11381 = ORIENTED_EDGE('',*,*,#11382,.T.);
#11382 = EDGE_CURVE('',#10938,#11077,#11383,.T.);
#11383 = CIRCLE('',#11384,1.);
#11384 = AXIS2_PLACEMENT_3D('',#11385,#11386,#11387);
#11385 = CARTESIAN_POINT('',(-5.47004041429,19.455788614045,5.));
#11386 = DIRECTION('',(-0.,0.,-1.));
#11387 = DIRECTION('',(0.906307787037,-0.422618261741,-0.));
#11388 = ORIENTED_EDGE('',*,*,#11076,.T.);
#11389 = ORIENTED_EDGE('',*,*,#11133,.T.);
#11390 = ORIENTED_EDGE('',*,*,#11165,.T.);
#11391 = ORIENTED_EDGE('',*,*,#11392,.T.);
#11392 = EDGE_CURVE('',#11158,#11181,#11393,.T.);
#11393 = CIRCLE('',#11394,1.);
#11394 = AXIS2_PLACEMENT_3D('',#11395,#11396,#11397);
#11395 = CARTESIAN_POINT('',(6.737895199513,13.763134747065,5.));
#11396 = DIRECTION('',(-0.,0.,-1.));
#11397 = DIRECTION('',(0.906307787037,-0.422618261741,-0.));
#11398 = ORIENTED_EDGE('',*,*,#11180,.T.);
#11399 = ORIENTED_EDGE('',*,*,#11400,.T.);
#11400 = EDGE_CURVE('',#11183,#11223,#11401,.T.);
#11401 = CIRCLE('',#11402,1.);
#11402 = AXIS2_PLACEMENT_3D('',#11403,#11404,#11405);
#11403 = CARTESIAN_POINT('',(5.47004041429,11.044211385955,5.));
#11404 = DIRECTION('',(-0.,0.,-1.));
#11405 = DIRECTION('',(0.906307787037,-0.422618261741,-0.));
#11406 = ORIENTED_EDGE('',*,*,#11222,.T.);
#11407 = ORIENTED_EDGE('',*,*,#11279,.T.);
#11408 = ORIENTED_EDGE('',*,*,#11311,.T.);
#11409 = ORIENTED_EDGE('',*,*,#11410,.T.);
#11410 = EDGE_CURVE('',#11304,#11045,#11411,.T.);
#11411 = CIRCLE('',#11412,1.);
#11412 = AXIS2_PLACEMENT_3D('',#11413,#11414,#11415);
#11413 = CARTESIAN_POINT('',(-6.737895199513,16.736865252935,5.));
#11414 = DIRECTION('',(-0.,0.,-1.));
#11415 = DIRECTION('',(0.906307787037,-0.422618261741,-0.));
#11416 = PLANE('',#11417);
#11417 = AXIS2_PLACEMENT_3D('',#11418,#11419,#11420);
#11418 = CARTESIAN_POINT('',(-4.814824860968E-32,15.25,5.));
#11419 = DIRECTION('',(0.,0.,-1.));
#11420 = DIRECTION('',(0.906307787037,-0.422618261741,0.));
#11421 = ADVANCED_FACE('',(#11422,#11432,#11442,#11452,#11462,#11472,
    #11482),#11521,.F.);
#11422 = FACE_BOUND('',#11423,.T.);
#11423 = EDGE_LOOP('',(#11424,#11431));
#11424 = ORIENTED_EDGE('',*,*,#11425,.F.);
#11425 = EDGE_CURVE('',#10644,#10652,#11426,.T.);
#11426 = CIRCLE('',#11427,1.05);
#11427 = AXIS2_PLACEMENT_3D('',#11428,#11429,#11430);
#11428 = CARTESIAN_POINT('',(-2.175138688888,16.264283828178,7.));
#11429 = DIRECTION('',(0.,-0.,1.));
#11430 = DIRECTION('',(0.906307787037,-0.422618261741,-0.));
#11431 = ORIENTED_EDGE('',*,*,#10651,.F.);
#11432 = FACE_BOUND('',#11433,.T.);
#11433 = EDGE_LOOP('',(#11434,#11441));
#11434 = ORIENTED_EDGE('',*,*,#11435,.F.);
#11435 = EDGE_CURVE('',#10686,#10694,#11436,.T.);
#11436 = CIRCLE('',#11437,1.05);
#11437 = AXIS2_PLACEMENT_3D('',#11438,#11439,#11440);
#11438 = CARTESIAN_POINT('',(2.175138688888,14.235716171822,7.));
#11439 = DIRECTION('',(0.,0.,1.));
#11440 = DIRECTION('',(-0.906307787037,0.422618261741,0.));
#11441 = ORIENTED_EDGE('',*,*,#10693,.F.);
#11442 = FACE_BOUND('',#11443,.T.);
#11443 = EDGE_LOOP('',(#11444,#11451));
#11444 = ORIENTED_EDGE('',*,*,#11445,.F.);
#11445 = EDGE_CURVE('',#10728,#10736,#11446,.T.);
#11446 = CIRCLE('',#11447,0.6);
#11447 = AXIS2_PLACEMENT_3D('',#11448,#11449,#11450);
#11448 = CARTESIAN_POINT('',(1.455321080648,17.329817432426,7.));
#11449 = DIRECTION('',(0.,0.,1.));
#11450 = DIRECTION('',(-0.906307787037,0.422618261741,0.));
#11451 = ORIENTED_EDGE('',*,*,#10735,.F.);
#11452 = FACE_BOUND('',#11453,.T.);
#11453 = EDGE_LOOP('',(#11454,#11461));
#11454 = ORIENTED_EDGE('',*,*,#11455,.F.);
#11455 = EDGE_CURVE('',#10770,#10778,#11456,.T.);
#11456 = CIRCLE('',#11457,0.75);
#11457 = AXIS2_PLACEMENT_3D('',#11458,#11459,#11460);
#11458 = CARTESIAN_POINT('',(-4.814824860968E-32,15.25,7.));
#11459 = DIRECTION('',(0.,0.,1.));
#11460 = DIRECTION('',(-0.906307787037,0.422618261741,0.));
#11461 = ORIENTED_EDGE('',*,*,#10777,.F.);
#11462 = FACE_BOUND('',#11463,.T.);
#11463 = EDGE_LOOP('',(#11464,#11471));
#11464 = ORIENTED_EDGE('',*,*,#11465,.F.);
#11465 = EDGE_CURVE('',#10812,#10820,#11466,.T.);
#11466 = CIRCLE('',#11467,0.9);
#11467 = AXIS2_PLACEMENT_3D('',#11468,#11469,#11470);
#11468 = CARTESIAN_POINT('',(4.531538935183,13.136908691296,7.));
#11469 = DIRECTION('',(0.,-0.,1.));
#11470 = DIRECTION('',(0.906307787037,-0.422618261741,-0.));
#11471 = ORIENTED_EDGE('',*,*,#10819,.F.);
#11472 = FACE_BOUND('',#11473,.T.);
#11473 = EDGE_LOOP('',(#11474,#11481));
#11474 = ORIENTED_EDGE('',*,*,#11475,.F.);
#11475 = EDGE_CURVE('',#10854,#10862,#11476,.T.);
#11476 = CIRCLE('',#11477,0.9);
#11477 = AXIS2_PLACEMENT_3D('',#11478,#11479,#11480);
#11478 = CARTESIAN_POINT('',(-4.531538935183,17.363091308704,7.));
#11479 = DIRECTION('',(0.,0.,1.));
#11480 = DIRECTION('',(-0.906307787037,0.422618261741,0.));
#11481 = ORIENTED_EDGE('',*,*,#10861,.F.);
#11482 = FACE_BOUND('',#11483,.T.);
#11483 = EDGE_LOOP('',(#11484,#11485,#11492,#11493,#11494,#11501,#11502,
    #11503,#11504,#11511,#11512,#11519,#11520));
#11484 = ORIENTED_EDGE('',*,*,#11094,.F.);
#11485 = ORIENTED_EDGE('',*,*,#11486,.T.);
#11486 = EDGE_CURVE('',#11087,#10955,#11487,.T.);
#11487 = CIRCLE('',#11488,1.);
#11488 = AXIS2_PLACEMENT_3D('',#11489,#11490,#11491);
#11489 = CARTESIAN_POINT('',(-5.47004041429,19.455788614045,7.));
#11490 = DIRECTION('',(0.,-0.,1.));
#11491 = DIRECTION('',(0.906307787037,-0.422618261741,-0.));
#11492 = ORIENTED_EDGE('',*,*,#10954,.F.);
#11493 = ORIENTED_EDGE('',*,*,#11061,.F.);
#11494 = ORIENTED_EDGE('',*,*,#11495,.T.);
#11495 = EDGE_CURVE('',#11054,#11296,#11496,.T.);
#11496 = CIRCLE('',#11497,1.);
#11497 = AXIS2_PLACEMENT_3D('',#11498,#11499,#11500);
#11498 = CARTESIAN_POINT('',(-6.737895199513,16.736865252935,7.));
#11499 = DIRECTION('',(0.,-0.,1.));
#11500 = DIRECTION('',(0.906307787037,-0.422618261741,-0.));
#11501 = ORIENTED_EDGE('',*,*,#11295,.F.);
#11502 = ORIENTED_EDGE('',*,*,#11262,.F.);
#11503 = ORIENTED_EDGE('',*,*,#11240,.F.);
#11504 = ORIENTED_EDGE('',*,*,#11505,.T.);
#11505 = EDGE_CURVE('',#11233,#11200,#11506,.T.);
#11506 = CIRCLE('',#11507,1.);
#11507 = AXIS2_PLACEMENT_3D('',#11508,#11509,#11510);
#11508 = CARTESIAN_POINT('',(5.47004041429,11.044211385955,7.));
#11509 = DIRECTION('',(-0.,0.,1.));
#11510 = DIRECTION('',(0.906307787037,-0.422618261741,0.));
#11511 = ORIENTED_EDGE('',*,*,#11199,.F.);
#11512 = ORIENTED_EDGE('',*,*,#11513,.T.);
#11513 = EDGE_CURVE('',#11192,#11150,#11514,.T.);
#11514 = CIRCLE('',#11515,1.);
#11515 = AXIS2_PLACEMENT_3D('',#11516,#11517,#11518);
#11516 = CARTESIAN_POINT('',(6.737895199513,13.763134747065,7.));
#11517 = DIRECTION('',(0.,-0.,1.));
#11518 = DIRECTION('',(0.906307787037,-0.422618261741,-0.));
#11519 = ORIENTED_EDGE('',*,*,#11149,.F.);
#11520 = ORIENTED_EDGE('',*,*,#11116,.F.);
#11521 = PLANE('',#11522);
#11522 = AXIS2_PLACEMENT_3D('',#11523,#11524,#11525);
#11523 = CARTESIAN_POINT('',(-4.814824860968E-32,15.25,7.));
#11524 = DIRECTION('',(0.,0.,-1.));
#11525 = DIRECTION('',(0.906307787037,-0.422618261741,0.));
#11526 = ADVANCED_FACE('',(#11527),#11539,.F.);
#11527 = FACE_BOUND('',#11528,.F.);
#11528 = EDGE_LOOP('',(#11529,#11536,#11537,#11538));
#11529 = ORIENTED_EDGE('',*,*,#11530,.F.);
#11530 = EDGE_CURVE('',#10896,#10904,#11531,.T.);
#11531 = CIRCLE('',#11532,0.65);
#11532 = AXIS2_PLACEMENT_3D('',#11533,#11534,#11535);
#11533 = CARTESIAN_POINT('',(-2.175138688888,16.264283828178,6.4));
#11534 = DIRECTION('',(0.,-0.,1.));
#11535 = DIRECTION('',(0.906307787037,-0.422618261741,-0.));
#11536 = ORIENTED_EDGE('',*,*,#10893,.F.);
#11537 = ORIENTED_EDGE('',*,*,#11370,.T.);
#11538 = ORIENTED_EDGE('',*,*,#10912,.T.);
#11539 = CYLINDRICAL_SURFACE('',#11540,0.65);
#11540 = AXIS2_PLACEMENT_3D('',#11541,#11542,#11543);
#11541 = CARTESIAN_POINT('',(-2.175138688888,16.264283828178,5.));
#11542 = DIRECTION('',(-0.,0.,1.));
#11543 = DIRECTION('',(-0.906307787037,0.422618261741,-0.));
#11544 = ADVANCED_FACE('',(#11545),#11551,.F.);
#11545 = FACE_BOUND('',#11546,.F.);
#11546 = EDGE_LOOP('',(#11547,#11548,#11549,#11550));
#11547 = ORIENTED_EDGE('',*,*,#11475,.F.);
#11548 = ORIENTED_EDGE('',*,*,#10851,.F.);
#11549 = ORIENTED_EDGE('',*,*,#11360,.T.);
#11550 = ORIENTED_EDGE('',*,*,#10870,.T.);
#11551 = CYLINDRICAL_SURFACE('',#11552,0.9);
#11552 = AXIS2_PLACEMENT_3D('',#11553,#11554,#11555);
#11553 = CARTESIAN_POINT('',(-4.531538935183,17.363091308704,5.));
#11554 = DIRECTION('',(-0.,0.,1.));
#11555 = DIRECTION('',(-0.906307787037,0.422618261741,-0.));
#11556 = ADVANCED_FACE('',(#11557),#11563,.F.);
#11557 = FACE_BOUND('',#11558,.F.);
#11558 = EDGE_LOOP('',(#11559,#11560,#11561,#11562));
#11559 = ORIENTED_EDGE('',*,*,#11465,.F.);
#11560 = ORIENTED_EDGE('',*,*,#10809,.F.);
#11561 = ORIENTED_EDGE('',*,*,#11350,.T.);
#11562 = ORIENTED_EDGE('',*,*,#10828,.T.);
#11563 = CYLINDRICAL_SURFACE('',#11564,0.9);
#11564 = AXIS2_PLACEMENT_3D('',#11565,#11566,#11567);
#11565 = CARTESIAN_POINT('',(4.531538935183,13.136908691296,5.));
#11566 = DIRECTION('',(-0.,0.,1.));
#11567 = DIRECTION('',(-0.906307787037,0.422618261741,-0.));
#11568 = ADVANCED_FACE('',(#11569),#11575,.F.);
#11569 = FACE_BOUND('',#11570,.F.);
#11570 = EDGE_LOOP('',(#11571,#11572,#11573,#11574));
#11571 = ORIENTED_EDGE('',*,*,#11455,.F.);
#11572 = ORIENTED_EDGE('',*,*,#10767,.F.);
#11573 = ORIENTED_EDGE('',*,*,#11340,.T.);
#11574 = ORIENTED_EDGE('',*,*,#10786,.T.);
#11575 = CYLINDRICAL_SURFACE('',#11576,0.75);
#11576 = AXIS2_PLACEMENT_3D('',#11577,#11578,#11579);
#11577 = CARTESIAN_POINT('',(-4.814824860968E-32,15.25,5.));
#11578 = DIRECTION('',(-0.,0.,1.));
#11579 = DIRECTION('',(-0.906307787037,0.422618261741,-0.));
#11580 = ADVANCED_FACE('',(#11581),#11587,.F.);
#11581 = FACE_BOUND('',#11582,.F.);
#11582 = EDGE_LOOP('',(#11583,#11584,#11585,#11586));
#11583 = ORIENTED_EDGE('',*,*,#11445,.F.);
#11584 = ORIENTED_EDGE('',*,*,#10725,.F.);
#11585 = ORIENTED_EDGE('',*,*,#11330,.T.);
#11586 = ORIENTED_EDGE('',*,*,#10744,.T.);
#11587 = CYLINDRICAL_SURFACE('',#11588,0.6);
#11588 = AXIS2_PLACEMENT_3D('',#11589,#11590,#11591);
#11589 = CARTESIAN_POINT('',(1.455321080648,17.329817432426,5.));
#11590 = DIRECTION('',(-0.,0.,1.));
#11591 = DIRECTION('',(-0.906307787037,0.422618261741,-0.));
#11592 = ADVANCED_FACE('',(#11593),#11599,.T.);
#11593 = FACE_BOUND('',#11594,.T.);
#11594 = EDGE_LOOP('',(#11595,#11596,#11597,#11598));
#11595 = ORIENTED_EDGE('',*,*,#11382,.F.);
#11596 = ORIENTED_EDGE('',*,*,#10963,.F.);
#11597 = ORIENTED_EDGE('',*,*,#11486,.F.);
#11598 = ORIENTED_EDGE('',*,*,#11086,.F.);
#11599 = CYLINDRICAL_SURFACE('',#11600,1.);
#11600 = AXIS2_PLACEMENT_3D('',#11601,#11602,#11603);
#11601 = CARTESIAN_POINT('',(-5.47004041429,19.455788614045,5.));
#11602 = DIRECTION('',(-0.,0.,1.));
#11603 = DIRECTION('',(-0.906307787037,0.422618261741,-0.));
#11604 = ADVANCED_FACE('',(#11605),#11611,.T.);
#11605 = FACE_BOUND('',#11606,.T.);
#11606 = EDGE_LOOP('',(#11607,#11608,#11609,#11610));
#11607 = ORIENTED_EDGE('',*,*,#11392,.F.);
#11608 = ORIENTED_EDGE('',*,*,#11157,.F.);
#11609 = ORIENTED_EDGE('',*,*,#11513,.F.);
#11610 = ORIENTED_EDGE('',*,*,#11191,.F.);
#11611 = CYLINDRICAL_SURFACE('',#11612,1.);
#11612 = AXIS2_PLACEMENT_3D('',#11613,#11614,#11615);
#11613 = CARTESIAN_POINT('',(6.737895199513,13.763134747065,5.));
#11614 = DIRECTION('',(-0.,0.,1.));
#11615 = DIRECTION('',(-0.906307787037,0.422618261741,-0.));
#11616 = ADVANCED_FACE('',(#11617),#11623,.T.);
#11617 = FACE_BOUND('',#11618,.T.);
#11618 = EDGE_LOOP('',(#11619,#11620,#11621,#11622));
#11619 = ORIENTED_EDGE('',*,*,#11410,.F.);
#11620 = ORIENTED_EDGE('',*,*,#11303,.F.);
#11621 = ORIENTED_EDGE('',*,*,#11495,.F.);
#11622 = ORIENTED_EDGE('',*,*,#11053,.F.);
#11623 = CYLINDRICAL_SURFACE('',#11624,1.);
#11624 = AXIS2_PLACEMENT_3D('',#11625,#11626,#11627);
#11625 = CARTESIAN_POINT('',(-6.737895199513,16.736865252935,5.));
#11626 = DIRECTION('',(-0.,0.,1.));
#11627 = DIRECTION('',(-0.906307787037,0.422618261741,-0.));
#11628 = ADVANCED_FACE('',(#11629),#11635,.T.);
#11629 = FACE_BOUND('',#11630,.T.);
#11630 = EDGE_LOOP('',(#11631,#11632,#11633,#11634));
#11631 = ORIENTED_EDGE('',*,*,#11400,.F.);
#11632 = ORIENTED_EDGE('',*,*,#11208,.F.);
#11633 = ORIENTED_EDGE('',*,*,#11505,.F.);
#11634 = ORIENTED_EDGE('',*,*,#11232,.F.);
#11635 = CYLINDRICAL_SURFACE('',#11636,1.);
#11636 = AXIS2_PLACEMENT_3D('',#11637,#11638,#11639);
#11637 = CARTESIAN_POINT('',(5.47004041429,11.044211385955,5.));
#11638 = DIRECTION('',(-0.,0.,1.));
#11639 = DIRECTION('',(-0.906307787037,0.422618261741,-0.));
#11640 = ADVANCED_FACE('',(#11641,#11651),#11655,.T.);
#11641 = FACE_BOUND('',#11642,.T.);
#11642 = EDGE_LOOP('',(#11643,#11650));
#11643 = ORIENTED_EDGE('',*,*,#11644,.T.);
#11644 = EDGE_CURVE('',#10684,#10703,#11645,.T.);
#11645 = CIRCLE('',#11646,1.05);
#11646 = AXIS2_PLACEMENT_3D('',#11647,#11648,#11649);
#11647 = CARTESIAN_POINT('',(2.175138688888,14.235716171822,6.4));
#11648 = DIRECTION('',(0.,0.,1.));
#11649 = DIRECTION('',(-0.906307787037,0.422618261741,0.));
#11650 = ORIENTED_EDGE('',*,*,#10710,.T.);
#11651 = FACE_BOUND('',#11652,.T.);
#11652 = EDGE_LOOP('',(#11653,#11654));
#11653 = ORIENTED_EDGE('',*,*,#10987,.T.);
#11654 = ORIENTED_EDGE('',*,*,#11019,.T.);
#11655 = PLANE('',#11656);
#11656 = AXIS2_PLACEMENT_3D('',#11657,#11658,#11659);
#11657 = CARTESIAN_POINT('',(2.175138688888,14.235716171822,6.4));
#11658 = DIRECTION('',(-0.,0.,1.));
#11659 = DIRECTION('',(-0.906307787037,0.422618261741,-0.));
#11660 = ADVANCED_FACE('',(#11661),#11667,.F.);
#11661 = FACE_BOUND('',#11662,.F.);
#11662 = EDGE_LOOP('',(#11663,#11664,#11665,#11666));
#11663 = ORIENTED_EDGE('',*,*,#11435,.F.);
#11664 = ORIENTED_EDGE('',*,*,#10683,.F.);
#11665 = ORIENTED_EDGE('',*,*,#11644,.T.);
#11666 = ORIENTED_EDGE('',*,*,#10702,.T.);
#11667 = CYLINDRICAL_SURFACE('',#11668,1.05);
#11668 = AXIS2_PLACEMENT_3D('',#11669,#11670,#11671);
#11669 = CARTESIAN_POINT('',(2.175138688888,14.235716171822,6.4));
#11670 = DIRECTION('',(-0.,0.,1.));
#11671 = DIRECTION('',(-0.906307787037,0.422618261741,-0.));
#11672 = ADVANCED_FACE('',(#11673,#11683),#11687,.F.);
#11673 = FACE_BOUND('',#11674,.T.);
#11674 = EDGE_LOOP('',(#11675,#11682));
#11675 = ORIENTED_EDGE('',*,*,#11676,.T.);
#11676 = EDGE_CURVE('',#10642,#10661,#11677,.T.);
#11677 = CIRCLE('',#11678,1.05);
#11678 = AXIS2_PLACEMENT_3D('',#11679,#11680,#11681);
#11679 = CARTESIAN_POINT('',(-2.175138688888,16.264283828178,6.4));
#11680 = DIRECTION('',(0.,-0.,1.));
#11681 = DIRECTION('',(0.906307787037,-0.422618261741,-0.));
#11682 = ORIENTED_EDGE('',*,*,#10668,.T.);
#11683 = FACE_BOUND('',#11684,.T.);
#11684 = EDGE_LOOP('',(#11685,#11686));
#11685 = ORIENTED_EDGE('',*,*,#11530,.F.);
#11686 = ORIENTED_EDGE('',*,*,#10903,.F.);
#11687 = PLANE('',#11688);
#11688 = AXIS2_PLACEMENT_3D('',#11689,#11690,#11691);
#11689 = CARTESIAN_POINT('',(-2.175138688888,16.264283828178,6.4));
#11690 = DIRECTION('',(0.,0.,-1.));
#11691 = DIRECTION('',(0.906307787037,-0.422618261741,0.));
#11692 = ADVANCED_FACE('',(#11693),#11699,.F.);
#11693 = FACE_BOUND('',#11694,.F.);
#11694 = EDGE_LOOP('',(#11695,#11696,#11697,#11698));
#11695 = ORIENTED_EDGE('',*,*,#11425,.F.);
#11696 = ORIENTED_EDGE('',*,*,#10641,.F.);
#11697 = ORIENTED_EDGE('',*,*,#11676,.T.);
#11698 = ORIENTED_EDGE('',*,*,#10660,.T.);
#11699 = CYLINDRICAL_SURFACE('',#11700,1.05);
#11700 = AXIS2_PLACEMENT_3D('',#11701,#11702,#11703);
#11701 = CARTESIAN_POINT('',(-2.175138688888,16.264283828178,6.4));
#11702 = DIRECTION('',(-0.,0.,1.));
#11703 = DIRECTION('',(-0.906307787037,0.422618261741,-0.));
#11704 = ( GEOMETRIC_REPRESENTATION_CONTEXT(3) 
GLOBAL_UNCERTAINTY_ASSIGNED_CONTEXT((#11708)) 
GLOBAL_UNIT_ASSIGNED_CONTEXT((#11705,#11706,#11707)) 
REPRESENTATION_CONTEXT('Context #1',
  '3D Context with UNIT and UNCERTAINTY') );
#11705 = ( LENGTH_UNIT() NAMED_UNIT(*) SI_UNIT(.MILLI.,.METRE.) );
#11706 = ( NAMED_UNIT(*) PLANE_ANGLE_UNIT() SI_UNIT($,.RADIAN.) );
#11707 = ( NAMED_UNIT(*) SI_UNIT($,.STERADIAN.) SOLID_ANGLE_UNIT() );
#11708 = UNCERTAINTY_MEASURE_WITH_UNIT(LENGTH_MEASURE(1.E-07),#11705,
  'distance_accuracy_value','confusion accuracy');
#11709 = CONTEXT_DEPENDENT_SHAPE_REPRESENTATION(#11710,#11712);
#11710 = ( REPRESENTATION_RELATIONSHIP('','',#10634,#3244) 
REPRESENTATION_RELATIONSHIP_WITH_TRANSFORMATION(#11711) 
SHAPE_REPRESENTATION_RELATIONSHIP() );
#11711 = ITEM_DEFINED_TRANSFORMATION('','',#11,#3273);
#11712 = PRODUCT_DEFINITION_SHAPE('Placement','Placement of an item',
  #11713);
#11713 = NEXT_ASSEMBLY_USAGE_OCCURRENCE('14','Shutter_part007','',#3239,
  #10629,$);
#11714 = PRODUCT_RELATED_PRODUCT_CATEGORY('part',$,(#10631));
#11715 = SHAPE_DEFINITION_REPRESENTATION(#11716,#11722);
#11716 = PRODUCT_DEFINITION_SHAPE('','',#11717);
#11717 = PRODUCT_DEFINITION('design','',#11718,#11721);
#11718 = PRODUCT_DEFINITION_FORMATION('','',#11719);
#11719 = PRODUCT('Shutter_part008','Shutter_part008','',(#11720));
#11720 = PRODUCT_CONTEXT('',#2,'mechanical');
#11721 = PRODUCT_DEFINITION_CONTEXT('part definition',#2,'design');
#11722 = ADVANCED_BREP_SHAPE_REPRESENTATION('',(#11,#11723),#11911);
#11723 = MANIFOLD_SOLID_BREP('',#11724);
#11724 = CLOSED_SHELL('',(#11725,#11767,#11809,#11831,#11855,#11871,
    #11887,#11899));
#11725 = ADVANCED_FACE('',(#11726),#11762,.T.);
#11726 = FACE_BOUND('',#11727,.T.);
#11727 = EDGE_LOOP('',(#11728,#11739,#11747,#11756));
#11728 = ORIENTED_EDGE('',*,*,#11729,.F.);
#11729 = EDGE_CURVE('',#11730,#11732,#11734,.T.);
#11730 = VERTEX_POINT('',#11731);
#11731 = CARTESIAN_POINT('',(1.455321080648,17.829817432426,12.));
#11732 = VERTEX_POINT('',#11733);
#11733 = CARTESIAN_POINT('',(1.455321080648,16.829817432426,12.));
#11734 = CIRCLE('',#11735,0.5);
#11735 = AXIS2_PLACEMENT_3D('',#11736,#11737,#11738);
#11736 = CARTESIAN_POINT('',(1.455321080648,17.329817432426,12.));
#11737 = DIRECTION('',(0.,-0.,1.));
#11738 = DIRECTION('',(1.110223024625E-16,1.,0.));
#11739 = ORIENTED_EDGE('',*,*,#11740,.T.);
#11740 = EDGE_CURVE('',#11730,#11741,#11743,.T.);
#11741 = VERTEX_POINT('',#11742);
#11742 = CARTESIAN_POINT('',(1.455321080648,17.929817432426,11.9));
#11743 = LINE('',#11744,#11745);
#11744 = CARTESIAN_POINT('',(1.455321080648,17.829817432426,12.));
#11745 = VECTOR('',#11746,1.);
#11746 = DIRECTION('',(-8.090982689356E-18,0.707106781187,
    -0.707106781187));
#11747 = ORIENTED_EDGE('',*,*,#11748,.F.);
#11748 = EDGE_CURVE('',#11749,#11741,#11751,.T.);
#11749 = VERTEX_POINT('',#11750);
#11750 = CARTESIAN_POINT('',(1.455321080648,16.729817432426,11.9));
#11751 = CIRCLE('',#11752,0.6);
#11752 = AXIS2_PLACEMENT_3D('',#11753,#11754,#11755);
#11753 = CARTESIAN_POINT('',(1.455321080648,17.329817432426,11.9));
#11754 = DIRECTION('',(0.,0.,-1.));
#11755 = DIRECTION('',(1.110223024625E-16,1.,0.));
#11756 = ORIENTED_EDGE('',*,*,#11757,.F.);
#11757 = EDGE_CURVE('',#11732,#11749,#11758,.T.);
#11758 = LINE('',#11759,#11760);
#11759 = CARTESIAN_POINT('',(1.455321080648,16.829817432426,12.));
#11760 = VECTOR('',#11761,1.);
#11761 = DIRECTION('',(-7.850462293414E-17,-0.707106781187,
    -0.707106781187));
#11762 = CONICAL_SURFACE('',#11763,0.5,0.785398163397);
#11763 = AXIS2_PLACEMENT_3D('',#11764,#11765,#11766);
#11764 = CARTESIAN_POINT('',(1.455321080648,17.329817432426,12.));
#11765 = DIRECTION('',(0.,0.,-1.));
#11766 = DIRECTION('',(-1.110223024625E-16,-1.,-0.));
#11767 = ADVANCED_FACE('',(#11768),#11804,.T.);
#11768 = FACE_BOUND('',#11769,.T.);
#11769 = EDGE_LOOP('',(#11770,#11781,#11789,#11798));
#11770 = ORIENTED_EDGE('',*,*,#11771,.F.);
#11771 = EDGE_CURVE('',#11772,#11774,#11776,.T.);
#11772 = VERTEX_POINT('',#11773);
#11773 = CARTESIAN_POINT('',(1.455321080648,16.829817432426,5.));
#11774 = VERTEX_POINT('',#11775);
#11775 = CARTESIAN_POINT('',(1.455321080648,17.829817432426,5.));
#11776 = CIRCLE('',#11777,0.5);
#11777 = AXIS2_PLACEMENT_3D('',#11778,#11779,#11780);
#11778 = CARTESIAN_POINT('',(1.455321080648,17.329817432426,5.));
#11779 = DIRECTION('',(0.,0.,-1.));
#11780 = DIRECTION('',(1.110223024625E-16,1.,0.));
#11781 = ORIENTED_EDGE('',*,*,#11782,.T.);
#11782 = EDGE_CURVE('',#11772,#11783,#11785,.T.);
#11783 = VERTEX_POINT('',#11784);
#11784 = CARTESIAN_POINT('',(1.455321080648,16.729817432426,5.1));
#11785 = LINE('',#11786,#11787);
#11786 = CARTESIAN_POINT('',(1.455321080648,16.729817432426,5.1));
#11787 = VECTOR('',#11788,1.);
#11788 = DIRECTION('',(-1.651002285576E-16,-0.707106781187,
    0.707106781187));
#11789 = ORIENTED_EDGE('',*,*,#11790,.F.);
#11790 = EDGE_CURVE('',#11791,#11783,#11793,.T.);
#11791 = VERTEX_POINT('',#11792);
#11792 = CARTESIAN_POINT('',(1.455321080648,17.929817432426,5.1));
#11793 = CIRCLE('',#11794,0.6);
#11794 = AXIS2_PLACEMENT_3D('',#11795,#11796,#11797);
#11795 = CARTESIAN_POINT('',(1.455321080648,17.329817432426,5.1));
#11796 = DIRECTION('',(0.,-0.,1.));
#11797 = DIRECTION('',(1.110223024625E-16,1.,0.));
#11798 = ORIENTED_EDGE('',*,*,#11799,.F.);
#11799 = EDGE_CURVE('',#11774,#11791,#11800,.T.);
#11800 = LINE('',#11801,#11802);
#11801 = CARTESIAN_POINT('',(1.455321080648,17.929817432426,5.1));
#11802 = VECTOR('',#11803,1.);
#11803 = DIRECTION('',(7.850462293414E-17,0.707106781187,0.707106781187)
  );
#11804 = CONICAL_SURFACE('',#11805,0.6,0.785398163397);
#11805 = AXIS2_PLACEMENT_3D('',#11806,#11807,#11808);
#11806 = CARTESIAN_POINT('',(1.455321080648,17.329817432426,5.1));
#11807 = DIRECTION('',(0.,0.,1.));
#11808 = DIRECTION('',(1.110223024625E-16,1.,-0.));
#11809 = ADVANCED_FACE('',(#11810),#11826,.T.);
#11810 = FACE_BOUND('',#11811,.T.);
#11811 = EDGE_LOOP('',(#11812,#11813,#11819,#11820));
#11812 = ORIENTED_EDGE('',*,*,#11748,.T.);
#11813 = ORIENTED_EDGE('',*,*,#11814,.T.);
#11814 = EDGE_CURVE('',#11741,#11791,#11815,.T.);
#11815 = LINE('',#11816,#11817);
#11816 = CARTESIAN_POINT('',(1.455321080648,17.929817432426,12.));
#11817 = VECTOR('',#11818,1.);
#11818 = DIRECTION('',(0.,0.,-1.));
#11819 = ORIENTED_EDGE('',*,*,#11790,.T.);
#11820 = ORIENTED_EDGE('',*,*,#11821,.F.);
#11821 = EDGE_CURVE('',#11749,#11783,#11822,.T.);
#11822 = LINE('',#11823,#11824);
#11823 = CARTESIAN_POINT('',(1.455321080648,16.729817432426,12.));
#11824 = VECTOR('',#11825,1.);
#11825 = DIRECTION('',(0.,0.,-1.));
#11826 = CYLINDRICAL_SURFACE('',#11827,0.6);
#11827 = AXIS2_PLACEMENT_3D('',#11828,#11829,#11830);
#11828 = CARTESIAN_POINT('',(1.455321080648,17.329817432426,12.));
#11829 = DIRECTION('',(0.,0.,-1.));
#11830 = DIRECTION('',(-1.110223024625E-16,-1.,-0.));
#11831 = ADVANCED_FACE('',(#11832),#11850,.T.);
#11832 = FACE_BOUND('',#11833,.T.);
#11833 = EDGE_LOOP('',(#11834,#11835,#11842,#11843));
#11834 = ORIENTED_EDGE('',*,*,#11814,.F.);
#11835 = ORIENTED_EDGE('',*,*,#11836,.T.);
#11836 = EDGE_CURVE('',#11741,#11749,#11837,.T.);
#11837 = CIRCLE('',#11838,0.6);
#11838 = AXIS2_PLACEMENT_3D('',#11839,#11840,#11841);
#11839 = CARTESIAN_POINT('',(1.455321080648,17.329817432426,11.9));
#11840 = DIRECTION('',(0.,0.,-1.));
#11841 = DIRECTION('',(1.110223024625E-16,1.,0.));
#11842 = ORIENTED_EDGE('',*,*,#11821,.T.);
#11843 = ORIENTED_EDGE('',*,*,#11844,.T.);
#11844 = EDGE_CURVE('',#11783,#11791,#11845,.T.);
#11845 = CIRCLE('',#11846,0.6);
#11846 = AXIS2_PLACEMENT_3D('',#11847,#11848,#11849);
#11847 = CARTESIAN_POINT('',(1.455321080648,17.329817432426,5.1));
#11848 = DIRECTION('',(0.,-0.,1.));
#11849 = DIRECTION('',(1.110223024625E-16,1.,0.));
#11850 = CYLINDRICAL_SURFACE('',#11851,0.6);
#11851 = AXIS2_PLACEMENT_3D('',#11852,#11853,#11854);
#11852 = CARTESIAN_POINT('',(1.455321080648,17.329817432426,12.));
#11853 = DIRECTION('',(0.,0.,-1.));
#11854 = DIRECTION('',(-1.110223024625E-16,-1.,-0.));
#11855 = ADVANCED_FACE('',(#11856),#11866,.T.);
#11856 = FACE_BOUND('',#11857,.T.);
#11857 = EDGE_LOOP('',(#11858,#11865));
#11858 = ORIENTED_EDGE('',*,*,#11859,.T.);
#11859 = EDGE_CURVE('',#11732,#11730,#11860,.T.);
#11860 = CIRCLE('',#11861,0.5);
#11861 = AXIS2_PLACEMENT_3D('',#11862,#11863,#11864);
#11862 = CARTESIAN_POINT('',(1.455321080648,17.329817432426,12.));
#11863 = DIRECTION('',(0.,-0.,1.));
#11864 = DIRECTION('',(1.110223024625E-16,1.,0.));
#11865 = ORIENTED_EDGE('',*,*,#11729,.T.);
#11866 = PLANE('',#11867);
#11867 = AXIS2_PLACEMENT_3D('',#11868,#11869,#11870);
#11868 = CARTESIAN_POINT('',(1.455321080648,17.329817432426,12.));
#11869 = DIRECTION('',(0.,0.,1.));
#11870 = DIRECTION('',(1.110223024625E-16,1.,-0.));
#11871 = ADVANCED_FACE('',(#11872),#11882,.F.);
#11872 = FACE_BOUND('',#11873,.T.);
#11873 = EDGE_LOOP('',(#11874,#11881));
#11874 = ORIENTED_EDGE('',*,*,#11875,.T.);
#11875 = EDGE_CURVE('',#11774,#11772,#11876,.T.);
#11876 = CIRCLE('',#11877,0.5);
#11877 = AXIS2_PLACEMENT_3D('',#11878,#11879,#11880);
#11878 = CARTESIAN_POINT('',(1.455321080648,17.329817432426,5.));
#11879 = DIRECTION('',(0.,0.,-1.));
#11880 = DIRECTION('',(1.110223024625E-16,1.,0.));
#11881 = ORIENTED_EDGE('',*,*,#11771,.T.);
#11882 = PLANE('',#11883);
#11883 = AXIS2_PLACEMENT_3D('',#11884,#11885,#11886);
#11884 = CARTESIAN_POINT('',(1.455321080648,17.329817432426,5.));
#11885 = DIRECTION('',(0.,0.,1.));
#11886 = DIRECTION('',(1.110223024625E-16,1.,-0.));
#11887 = ADVANCED_FACE('',(#11888),#11894,.T.);
#11888 = FACE_BOUND('',#11889,.T.);
#11889 = EDGE_LOOP('',(#11890,#11891,#11892,#11893));
#11890 = ORIENTED_EDGE('',*,*,#11782,.F.);
#11891 = ORIENTED_EDGE('',*,*,#11875,.F.);
#11892 = ORIENTED_EDGE('',*,*,#11799,.T.);
#11893 = ORIENTED_EDGE('',*,*,#11844,.F.);
#11894 = CONICAL_SURFACE('',#11895,0.6,0.785398163397);
#11895 = AXIS2_PLACEMENT_3D('',#11896,#11897,#11898);
#11896 = CARTESIAN_POINT('',(1.455321080648,17.329817432426,5.1));
#11897 = DIRECTION('',(0.,0.,1.));
#11898 = DIRECTION('',(1.110223024625E-16,1.,-0.));
#11899 = ADVANCED_FACE('',(#11900),#11906,.T.);
#11900 = FACE_BOUND('',#11901,.T.);
#11901 = EDGE_LOOP('',(#11902,#11903,#11904,#11905));
#11902 = ORIENTED_EDGE('',*,*,#11740,.F.);
#11903 = ORIENTED_EDGE('',*,*,#11859,.F.);
#11904 = ORIENTED_EDGE('',*,*,#11757,.T.);
#11905 = ORIENTED_EDGE('',*,*,#11836,.F.);
#11906 = CONICAL_SURFACE('',#11907,0.5,0.785398163397);
#11907 = AXIS2_PLACEMENT_3D('',#11908,#11909,#11910);
#11908 = CARTESIAN_POINT('',(1.455321080648,17.329817432426,12.));
#11909 = DIRECTION('',(0.,0.,-1.));
#11910 = DIRECTION('',(-1.110223024625E-16,-1.,-0.));
#11911 = ( GEOMETRIC_REPRESENTATION_CONTEXT(3) 
GLOBAL_UNCERTAINTY_ASSIGNED_CONTEXT((#11915)) 
GLOBAL_UNIT_ASSIGNED_CONTEXT((#11912,#11913,#11914)) 
REPRESENTATION_CONTEXT('Context #1',
  '3D Context with UNIT and UNCERTAINTY') );
#11912 = ( LENGTH_UNIT() NAMED_UNIT(*) SI_UNIT(.MILLI.,.METRE.) );
#11913 = ( NAMED_UNIT(*) PLANE_ANGLE_UNIT() SI_UNIT($,.RADIAN.) );
#11914 = ( NAMED_UNIT(*) SI_UNIT($,.STERADIAN.) SOLID_ANGLE_UNIT() );
#11915 = UNCERTAINTY_MEASURE_WITH_UNIT(LENGTH_MEASURE(1.E-07),#11912,
  'distance_accuracy_value','confusion accuracy');
#11916 = CONTEXT_DEPENDENT_SHAPE_REPRESENTATION(#11917,#11919);
#11917 = ( REPRESENTATION_RELATIONSHIP('','',#11722,#3244) 
REPRESENTATION_RELATIONSHIP_WITH_TRANSFORMATION(#11918) 
SHAPE_REPRESENTATION_RELATIONSHIP() );
#11918 = ITEM_DEFINED_TRANSFORMATION('','',#11,#3277);
#11919 = PRODUCT_DEFINITION_SHAPE('Placement','Placement of an item',
  #11920);
#11920 = NEXT_ASSEMBLY_USAGE_OCCURRENCE('15','Shutter_part008','',#3239,
  #11717,$);
#11921 = PRODUCT_RELATED_PRODUCT_CATEGORY('part',$,(#11719));
#11922 = SHAPE_DEFINITION_REPRESENTATION(#11923,#11929);
#11923 = PRODUCT_DEFINITION_SHAPE('','',#11924);
#11924 = PRODUCT_DEFINITION('design','',#11925,#11928);
#11925 = PRODUCT_DEFINITION_FORMATION('','',#11926);
#11926 = PRODUCT('Shutter_part009','Shutter_part009','',(#11927));
#11927 = PRODUCT_CONTEXT('',#2,'mechanical');
#11928 = PRODUCT_DEFINITION_CONTEXT('part definition',#2,'design');
#11929 = ADVANCED_BREP_SHAPE_REPRESENTATION('',(#11,#11930),#12895);
#11930 = MANIFOLD_SOLID_BREP('',#11931);
#11931 = CLOSED_SHELL('',(#11932,#11974,#12016,#12058,#12118,#12160,
    #12202,#12278,#12432,#12586,#12608,#12625,#12652,#12669,#12686,
    #12703,#12715,#12727,#12749,#12766,#12783,#12795,#12807,#12827,
    #12837,#12847,#12859,#12871,#12883));
#11932 = ADVANCED_FACE('',(#11933),#11969,.T.);
#11933 = FACE_BOUND('',#11934,.T.);
#11934 = EDGE_LOOP('',(#11935,#11946,#11954,#11963));
#11935 = ORIENTED_EDGE('',*,*,#11936,.F.);
#11936 = EDGE_CURVE('',#11937,#11939,#11941,.T.);
#11937 = VERTEX_POINT('',#11938);
#11938 = CARTESIAN_POINT('',(-1.350770573594,18.570163274175,9.8));
#11939 = VERTEX_POINT('',#11940);
#11940 = CARTESIAN_POINT('',(-1.153809022992,18.335433638642,9.8));
#11941 = CIRCLE('',#11942,0.2);
#11942 = AXIS2_PLACEMENT_3D('',#11943,#11944,#11945);
#11943 = CARTESIAN_POINT('',(-1.350770573594,18.370163274175,9.8));
#11944 = DIRECTION('',(-0.,0.,-1.));
#11945 = DIRECTION('',(-2.775557561563E-16,-1.,0.));
#11946 = ORIENTED_EDGE('',*,*,#11947,.T.);
#11947 = EDGE_CURVE('',#11937,#11948,#11950,.T.);
#11948 = VERTEX_POINT('',#11949);
#11949 = CARTESIAN_POINT('',(-1.350770573594,18.570163274175,12.4));
#11950 = LINE('',#11951,#11952);
#11951 = CARTESIAN_POINT('',(-1.350770573594,18.570163274175,9.8));
#11952 = VECTOR('',#11953,1.);
#11953 = DIRECTION('',(0.,0.,1.));
#11954 = ORIENTED_EDGE('',*,*,#11955,.F.);
#11955 = EDGE_CURVE('',#11956,#11948,#11958,.T.);
#11956 = VERTEX_POINT('',#11957);
#11957 = CARTESIAN_POINT('',(-1.153809022992,18.335433638642,12.4));
#11958 = CIRCLE('',#11959,0.2);
#11959 = AXIS2_PLACEMENT_3D('',#11960,#11961,#11962);
#11960 = CARTESIAN_POINT('',(-1.350770573594,18.370163274175,12.4));
#11961 = DIRECTION('',(0.,0.,1.));
#11962 = DIRECTION('',(-2.775557561563E-16,-1.,0.));
#11963 = ORIENTED_EDGE('',*,*,#11964,.F.);
#11964 = EDGE_CURVE('',#11939,#11956,#11965,.T.);
#11965 = LINE('',#11966,#11967);
#11966 = CARTESIAN_POINT('',(-1.153809022992,18.335433638642,9.8));
#11967 = VECTOR('',#11968,1.);
#11968 = DIRECTION('',(0.,0.,1.));
#11969 = CYLINDRICAL_SURFACE('',#11970,0.2);
#11970 = AXIS2_PLACEMENT_3D('',#11971,#11972,#11973);
#11971 = CARTESIAN_POINT('',(-1.350770573594,18.370163274175,9.8));
#11972 = DIRECTION('',(0.,0.,1.));
#11973 = DIRECTION('',(2.775557561563E-16,1.,-0.));
#11974 = ADVANCED_FACE('',(#11975),#12011,.T.);
#11975 = FACE_BOUND('',#11976,.T.);
#11976 = EDGE_LOOP('',(#11977,#11988,#11996,#12005));
#11977 = ORIENTED_EDGE('',*,*,#11978,.F.);
#11978 = EDGE_CURVE('',#11979,#11981,#11983,.T.);
#11979 = VERTEX_POINT('',#11980);
#11980 = CARTESIAN_POINT('',(2.336467830614,17.920003659209,9.8));
#11981 = VERTEX_POINT('',#11982);
#11982 = CARTESIAN_POINT('',(2.473907114768,17.865297992104,9.8));
#11983 = CIRCLE('',#11984,0.2);
#11984 = AXIS2_PLACEMENT_3D('',#11985,#11986,#11987);
#11985 = CARTESIAN_POINT('',(2.336467830614,17.720003659209,9.8));
#11986 = DIRECTION('',(-0.,0.,-1.));
#11987 = DIRECTION('',(-2.775557561563E-16,-1.,0.));
#11988 = ORIENTED_EDGE('',*,*,#11989,.T.);
#11989 = EDGE_CURVE('',#11979,#11990,#11992,.T.);
#11990 = VERTEX_POINT('',#11991);
#11991 = CARTESIAN_POINT('',(2.336467830614,17.920003659209,12.4));
#11992 = LINE('',#11993,#11994);
#11993 = CARTESIAN_POINT('',(2.336467830614,17.920003659209,9.8));
#11994 = VECTOR('',#11995,1.);
#11995 = DIRECTION('',(0.,0.,1.));
#11996 = ORIENTED_EDGE('',*,*,#11997,.F.);
#11997 = EDGE_CURVE('',#11998,#11990,#12000,.T.);
#11998 = VERTEX_POINT('',#11999);
#11999 = CARTESIAN_POINT('',(2.473907114768,17.865297992104,12.4));
#12000 = CIRCLE('',#12001,0.2);
#12001 = AXIS2_PLACEMENT_3D('',#12002,#12003,#12004);
#12002 = CARTESIAN_POINT('',(2.336467830614,17.720003659209,12.4));
#12003 = DIRECTION('',(0.,0.,1.));
#12004 = DIRECTION('',(-2.775557561563E-16,-1.,0.));
#12005 = ORIENTED_EDGE('',*,*,#12006,.F.);
#12006 = EDGE_CURVE('',#11981,#11998,#12007,.T.);
#12007 = LINE('',#12008,#12009);
#12008 = CARTESIAN_POINT('',(2.473907114768,17.865297992104,9.8));
#12009 = VECTOR('',#12010,1.);
#12010 = DIRECTION('',(0.,0.,1.));
#12011 = CYLINDRICAL_SURFACE('',#12012,0.2);
#12012 = AXIS2_PLACEMENT_3D('',#12013,#12014,#12015);
#12013 = CARTESIAN_POINT('',(2.336467830614,17.720003659209,9.8));
#12014 = DIRECTION('',(0.,0.,1.));
#12015 = DIRECTION('',(2.775557561563E-16,1.,-0.));
#12016 = ADVANCED_FACE('',(#12017),#12053,.F.);
#12017 = FACE_BOUND('',#12018,.F.);
#12018 = EDGE_LOOP('',(#12019,#12029,#12038,#12046));
#12019 = ORIENTED_EDGE('',*,*,#12020,.T.);
#12020 = EDGE_CURVE('',#12021,#12023,#12025,.T.);
#12021 = VERTEX_POINT('',#12022);
#12022 = CARTESIAN_POINT('',(1.324927675078,16.590290751819,12.4));
#12023 = VERTEX_POINT('',#12024);
#12024 = CARTESIAN_POINT('',(1.324927675078,16.590290751819,9.8));
#12025 = LINE('',#12026,#12027);
#12026 = CARTESIAN_POINT('',(1.324927675078,16.590290751819,9.8));
#12027 = VECTOR('',#12028,1.);
#12028 = DIRECTION('',(0.,0.,-1.));
#12029 = ORIENTED_EDGE('',*,*,#12030,.T.);
#12030 = EDGE_CURVE('',#12023,#12031,#12033,.T.);
#12031 = VERTEX_POINT('',#12032);
#12032 = CARTESIAN_POINT('',(1.429116581678,16.581175403627,9.8));
#12033 = CIRCLE('',#12034,0.6);
#12034 = AXIS2_PLACEMENT_3D('',#12035,#12036,#12037);
#12035 = CARTESIAN_POINT('',(1.429116581678,17.181175403627,9.8));
#12036 = DIRECTION('',(0.,-0.,1.));
#12037 = DIRECTION('',(1.490127465864E-14,-1.,-0.));
#12038 = ORIENTED_EDGE('',*,*,#12039,.F.);
#12039 = EDGE_CURVE('',#12040,#12031,#12042,.T.);
#12040 = VERTEX_POINT('',#12041);
#12041 = CARTESIAN_POINT('',(1.429116581678,16.581175403627,12.4));
#12042 = LINE('',#12043,#12044);
#12043 = CARTESIAN_POINT('',(1.429116581678,16.581175403627,9.8));
#12044 = VECTOR('',#12045,1.);
#12045 = DIRECTION('',(0.,0.,-1.));
#12046 = ORIENTED_EDGE('',*,*,#12047,.T.);
#12047 = EDGE_CURVE('',#12040,#12021,#12048,.T.);
#12048 = CIRCLE('',#12049,0.6);
#12049 = AXIS2_PLACEMENT_3D('',#12050,#12051,#12052);
#12050 = CARTESIAN_POINT('',(1.429116581678,17.181175403627,12.4));
#12051 = DIRECTION('',(-0.,0.,-1.));
#12052 = DIRECTION('',(-2.775557561563E-16,-1.,0.));
#12053 = CYLINDRICAL_SURFACE('',#12054,0.6);
#12054 = AXIS2_PLACEMENT_3D('',#12055,#12056,#12057);
#12055 = CARTESIAN_POINT('',(1.429116581678,17.181175403627,9.8));
#12056 = DIRECTION('',(0.,0.,-1.));
#12057 = DIRECTION('',(-2.775557561563E-16,-1.,-0.));
#12058 = ADVANCED_FACE('',(#12059),#12113,.F.);
#12059 = FACE_BOUND('',#12060,.F.);
#12060 = EDGE_LOOP('',(#12061,#12072,#12081,#12089,#12098,#12106));
#12061 = ORIENTED_EDGE('',*,*,#12062,.T.);
#12062 = EDGE_CURVE('',#12063,#12065,#12067,.T.);
#12063 = VERTEX_POINT('',#12064);
#12064 = CARTESIAN_POINT('',(0.4,15.55,10.35838015129));
#12065 = VERTEX_POINT('',#12066);
#12066 = CARTESIAN_POINT('',(0.4,15.55,11.84161984871));
#12067 = CIRCLE('',#12068,0.8);
#12068 = AXIS2_PLACEMENT_3D('',#12069,#12070,#12071);
#12069 = CARTESIAN_POINT('',(0.4,15.25,11.1));
#12070 = DIRECTION('',(1.,-2.775557561563E-16,0.));
#12071 = DIRECTION('',(0.,0.,1.));
#12072 = ORIENTED_EDGE('',*,*,#12073,.T.);
#12073 = EDGE_CURVE('',#12065,#12074,#12076,.T.);
#12074 = VERTEX_POINT('',#12075);
#12075 = CARTESIAN_POINT('',(0.5,15.25,11.9));
#12076 = B_SPLINE_CURVE_WITH_KNOTS('',3,(#12077,#12078,#12079,#12080),
  .UNSPECIFIED.,.F.,.F.,(4,4),(0.,3.271926167368E-04),
  .PIECEWISE_BEZIER_KNOTS.);
#12077 = CARTESIAN_POINT('',(0.4,15.55,11.84161984871));
#12078 = CARTESIAN_POINT('',(0.463035708647,15.46595238847,
    11.87561878159));
#12079 = CARTESIAN_POINT('',(0.5,15.360412878098,11.9));
#12080 = CARTESIAN_POINT('',(0.5,15.25,11.9));
#12081 = ORIENTED_EDGE('',*,*,#12082,.T.);
#12082 = EDGE_CURVE('',#12074,#12083,#12085,.T.);
#12083 = VERTEX_POINT('',#12084);
#12084 = CARTESIAN_POINT('',(3.,15.25,11.9));
#12085 = LINE('',#12086,#12087);
#12086 = CARTESIAN_POINT('',(0.4,15.25,11.9));
#12087 = VECTOR('',#12088,1.);
#12088 = DIRECTION('',(1.,-2.775557561563E-16,0.));
#12089 = ORIENTED_EDGE('',*,*,#12090,.F.);
#12090 = EDGE_CURVE('',#12091,#12083,#12093,.T.);
#12091 = VERTEX_POINT('',#12092);
#12092 = CARTESIAN_POINT('',(3.,15.25,10.3));
#12093 = CIRCLE('',#12094,0.8);
#12094 = AXIS2_PLACEMENT_3D('',#12095,#12096,#12097);
#12095 = CARTESIAN_POINT('',(3.,15.25,11.1));
#12096 = DIRECTION('',(1.,-2.775557561563E-16,0.));
#12097 = DIRECTION('',(0.,0.,1.));
#12098 = ORIENTED_EDGE('',*,*,#12099,.F.);
#12099 = EDGE_CURVE('',#12100,#12091,#12102,.T.);
#12100 = VERTEX_POINT('',#12101);
#12101 = CARTESIAN_POINT('',(0.5,15.25,10.3));
#12102 = LINE('',#12103,#12104);
#12103 = CARTESIAN_POINT('',(0.4,15.25,10.3));
#12104 = VECTOR('',#12105,1.);
#12105 = DIRECTION('',(1.,-2.775557561563E-16,0.));
#12106 = ORIENTED_EDGE('',*,*,#12107,.T.);
#12107 = EDGE_CURVE('',#12100,#12063,#12108,.T.);
#12108 = B_SPLINE_CURVE_WITH_KNOTS('',3,(#12109,#12110,#12111,#12112),
  .UNSPECIFIED.,.F.,.F.,(4,4),(3.271926167368E-04,6.536263433703E-04),
  .PIECEWISE_BEZIER_KNOTS.);
#12109 = CARTESIAN_POINT('',(0.5,15.25,10.3));
#12110 = CARTESIAN_POINT('',(0.5,15.360156786621,10.3));
#12111 = CARTESIAN_POINT('',(0.462929643,15.466093809333,10.324438425966
    ));
#12112 = CARTESIAN_POINT('',(0.4,15.55,10.35838015129));
#12113 = CYLINDRICAL_SURFACE('',#12114,0.8);
#12114 = AXIS2_PLACEMENT_3D('',#12115,#12116,#12117);
#12115 = CARTESIAN_POINT('',(0.4,15.25,11.1));
#12116 = DIRECTION('',(1.,-2.775557561563E-16,0.));
#12117 = DIRECTION('',(0.,0.,1.));
#12118 = ADVANCED_FACE('',(#12119),#12155,.F.);
#12119 = FACE_BOUND('',#12120,.F.);
#12120 = EDGE_LOOP('',(#12121,#12131,#12140,#12148));
#12121 = ORIENTED_EDGE('',*,*,#12122,.T.);
#12122 = EDGE_CURVE('',#12123,#12125,#12127,.T.);
#12123 = VERTEX_POINT('',#12124);
#12124 = CARTESIAN_POINT('',(-2.078460969083,16.9,9.8));
#12125 = VERTEX_POINT('',#12126);
#12126 = CARTESIAN_POINT('',(-2.078460969083,16.9,12.4));
#12127 = LINE('',#12128,#12129);
#12128 = CARTESIAN_POINT('',(-2.078460969083,16.9,9.8));
#12129 = VECTOR('',#12130,1.);
#12130 = DIRECTION('',(0.,0.,1.));
#12131 = ORIENTED_EDGE('',*,*,#12132,.T.);
#12132 = EDGE_CURVE('',#12125,#12133,#12135,.T.);
#12133 = VERTEX_POINT('',#12134);
#12134 = CARTESIAN_POINT('',(-2.078460969083,16.,12.4));
#12135 = CIRCLE('',#12136,0.45);
#12136 = AXIS2_PLACEMENT_3D('',#12137,#12138,#12139);
#12137 = CARTESIAN_POINT('',(-2.078460969083,16.45,12.4));
#12138 = DIRECTION('',(-0.,0.,-1.));
#12139 = DIRECTION('',(-2.775557561563E-16,-1.,0.));
#12140 = ORIENTED_EDGE('',*,*,#12141,.F.);
#12141 = EDGE_CURVE('',#12142,#12133,#12144,.T.);
#12142 = VERTEX_POINT('',#12143);
#12143 = CARTESIAN_POINT('',(-2.078460969083,16.,9.8));
#12144 = LINE('',#12145,#12146);
#12145 = CARTESIAN_POINT('',(-2.078460969083,16.,9.8));
#12146 = VECTOR('',#12147,1.);
#12147 = DIRECTION('',(0.,0.,1.));
#12148 = ORIENTED_EDGE('',*,*,#12149,.F.);
#12149 = EDGE_CURVE('',#12123,#12142,#12150,.T.);
#12150 = CIRCLE('',#12151,0.45);
#12151 = AXIS2_PLACEMENT_3D('',#12152,#12153,#12154);
#12152 = CARTESIAN_POINT('',(-2.078460969083,16.45,9.8));
#12153 = DIRECTION('',(-0.,0.,-1.));
#12154 = DIRECTION('',(-2.775557561563E-16,-1.,0.));
#12155 = CYLINDRICAL_SURFACE('',#12156,0.45);
#12156 = AXIS2_PLACEMENT_3D('',#12157,#12158,#12159);
#12157 = CARTESIAN_POINT('',(-2.078460969083,16.45,9.8));
#12158 = DIRECTION('',(0.,0.,1.));
#12159 = DIRECTION('',(2.775557561563E-16,1.,-0.));
#12160 = ADVANCED_FACE('',(#12161),#12197,.F.);
#12161 = FACE_BOUND('',#12162,.F.);
#12162 = EDGE_LOOP('',(#12163,#12173,#12182,#12190));
#12163 = ORIENTED_EDGE('',*,*,#12164,.T.);
#12164 = EDGE_CURVE('',#12165,#12167,#12169,.T.);
#12165 = VERTEX_POINT('',#12166);
#12166 = CARTESIAN_POINT('',(1.376583447243,13.734035093706,9.8));
#12167 = VERTEX_POINT('',#12168);
#12168 = CARTESIAN_POINT('',(1.376583447243,13.734035093706,12.4));
#12169 = LINE('',#12170,#12171);
#12170 = CARTESIAN_POINT('',(1.376583447243,13.734035093706,9.8));
#12171 = VECTOR('',#12172,1.);
#12172 = DIRECTION('',(0.,0.,1.));
#12173 = ORIENTED_EDGE('',*,*,#12174,.T.);
#12174 = EDGE_CURVE('',#12167,#12175,#12177,.T.);
#12175 = VERTEX_POINT('',#12176);
#12176 = CARTESIAN_POINT('',(1.376583447243,12.834035093706,12.4));
#12177 = CIRCLE('',#12178,0.45);
#12178 = AXIS2_PLACEMENT_3D('',#12179,#12180,#12181);
#12179 = CARTESIAN_POINT('',(1.376583447243,13.284035093706,12.4));
#12180 = DIRECTION('',(-0.,0.,-1.));
#12181 = DIRECTION('',(-2.775557561563E-16,-1.,0.));
#12182 = ORIENTED_EDGE('',*,*,#12183,.F.);
#12183 = EDGE_CURVE('',#12184,#12175,#12186,.T.);
#12184 = VERTEX_POINT('',#12185);
#12185 = CARTESIAN_POINT('',(1.376583447243,12.834035093706,9.8));
#12186 = LINE('',#12187,#12188);
#12187 = CARTESIAN_POINT('',(1.376583447243,12.834035093706,9.8));
#12188 = VECTOR('',#12189,1.);
#12189 = DIRECTION('',(0.,0.,1.));
#12190 = ORIENTED_EDGE('',*,*,#12191,.F.);
#12191 = EDGE_CURVE('',#12165,#12184,#12192,.T.);
#12192 = CIRCLE('',#12193,0.45);
#12193 = AXIS2_PLACEMENT_3D('',#12194,#12195,#12196);
#12194 = CARTESIAN_POINT('',(1.376583447243,13.284035093706,9.8));
#12195 = DIRECTION('',(-0.,0.,-1.));
#12196 = DIRECTION('',(-2.775557561563E-16,-1.,0.));
#12197 = CYLINDRICAL_SURFACE('',#12198,0.45);
#12198 = AXIS2_PLACEMENT_3D('',#12199,#12200,#12201);
#12199 = CARTESIAN_POINT('',(1.376583447243,13.284035093706,9.8));
#12200 = DIRECTION('',(0.,0.,1.));
#12201 = DIRECTION('',(2.775557561563E-16,1.,-0.));
#12202 = ADVANCED_FACE('',(#12203,#12239),#12273,.F.);
#12203 = FACE_BOUND('',#12204,.F.);
#12204 = EDGE_LOOP('',(#12205,#12215,#12224,#12232));
#12205 = ORIENTED_EDGE('',*,*,#12206,.F.);
#12206 = EDGE_CURVE('',#12207,#12209,#12211,.T.);
#12207 = VERTEX_POINT('',#12208);
#12208 = CARTESIAN_POINT('',(3.352705165394E-15,14.75,9.8));
#12209 = VERTEX_POINT('',#12210);
#12210 = CARTESIAN_POINT('',(3.352703460765E-15,14.75,12.4));
#12211 = LINE('',#12212,#12213);
#12212 = CARTESIAN_POINT('',(3.352703460765E-15,14.75,9.8));
#12213 = VECTOR('',#12214,1.);
#12214 = DIRECTION('',(0.,0.,1.));
#12215 = ORIENTED_EDGE('',*,*,#12216,.T.);
#12216 = EDGE_CURVE('',#12207,#12217,#12219,.T.);
#12217 = VERTEX_POINT('',#12218);
#12218 = CARTESIAN_POINT('',(1.387778780781E-16,15.75,9.8));
#12219 = CIRCLE('',#12220,0.5);
#12220 = AXIS2_PLACEMENT_3D('',#12221,#12222,#12223);
#12221 = CARTESIAN_POINT('',(0.,15.25,9.8));
#12222 = DIRECTION('',(0.,-0.,1.));
#12223 = DIRECTION('',(2.775557561563E-16,1.,0.));
#12224 = ORIENTED_EDGE('',*,*,#12225,.T.);
#12225 = EDGE_CURVE('',#12217,#12226,#12228,.T.);
#12226 = VERTEX_POINT('',#12227);
#12227 = CARTESIAN_POINT('',(1.387778780781E-16,15.75,12.4));
#12228 = LINE('',#12229,#12230);
#12229 = CARTESIAN_POINT('',(1.387778780781E-16,15.75,9.8));
#12230 = VECTOR('',#12231,1.);
#12231 = DIRECTION('',(0.,0.,1.));
#12232 = ORIENTED_EDGE('',*,*,#12233,.F.);
#12233 = EDGE_CURVE('',#12209,#12226,#12234,.T.);
#12234 = CIRCLE('',#12235,0.5);
#12235 = AXIS2_PLACEMENT_3D('',#12236,#12237,#12238);
#12236 = CARTESIAN_POINT('',(0.,15.25,12.4));
#12237 = DIRECTION('',(0.,-0.,1.));
#12238 = DIRECTION('',(2.775557561563E-16,1.,0.));
#12239 = FACE_BOUND('',#12240,.F.);
#12240 = EDGE_LOOP('',(#12241,#12242,#12251,#12259,#12266,#12267));
#12241 = ORIENTED_EDGE('',*,*,#12107,.F.);
#12242 = ORIENTED_EDGE('',*,*,#12243,.F.);
#12243 = EDGE_CURVE('',#12244,#12100,#12246,.T.);
#12244 = VERTEX_POINT('',#12245);
#12245 = CARTESIAN_POINT('',(0.4,14.95,10.35838015129));
#12246 = B_SPLINE_CURVE_WITH_KNOTS('',3,(#12247,#12248,#12249,#12250),
  .UNSPECIFIED.,.F.,.F.,(4,4),(0.,3.271926167368E-04),
  .PIECEWISE_BEZIER_KNOTS.);
#12247 = CARTESIAN_POINT('',(0.4,14.95,10.35838015129));
#12248 = CARTESIAN_POINT('',(0.463035708647,15.03404761153,
    10.32438121841));
#12249 = CARTESIAN_POINT('',(0.5,15.139587121902,10.3));
#12250 = CARTESIAN_POINT('',(0.5,15.25,10.3));
#12251 = ORIENTED_EDGE('',*,*,#12252,.T.);
#12252 = EDGE_CURVE('',#12244,#12253,#12255,.T.);
#12253 = VERTEX_POINT('',#12254);
#12254 = CARTESIAN_POINT('',(0.4,14.95,11.84161984871));
#12255 = LINE('',#12256,#12257);
#12256 = CARTESIAN_POINT('',(0.4,14.95,9.8));
#12257 = VECTOR('',#12258,1.);
#12258 = DIRECTION('',(0.,0.,1.));
#12259 = ORIENTED_EDGE('',*,*,#12260,.F.);
#12260 = EDGE_CURVE('',#12074,#12253,#12261,.T.);
#12261 = B_SPLINE_CURVE_WITH_KNOTS('',3,(#12262,#12263,#12264,#12265),
  .UNSPECIFIED.,.F.,.F.,(4,4),(3.271926167368E-04,6.536263433703E-04),
  .PIECEWISE_BEZIER_KNOTS.);
#12262 = CARTESIAN_POINT('',(0.5,15.25,11.9));
#12263 = CARTESIAN_POINT('',(0.5,15.139843213379,11.9));
#12264 = CARTESIAN_POINT('',(0.462929643,15.033906190667,11.875561574034
    ));
#12265 = CARTESIAN_POINT('',(0.4,14.95,11.84161984871));
#12266 = ORIENTED_EDGE('',*,*,#12073,.F.);
#12267 = ORIENTED_EDGE('',*,*,#12268,.T.);
#12268 = EDGE_CURVE('',#12065,#12063,#12269,.T.);
#12269 = LINE('',#12270,#12271);
#12270 = CARTESIAN_POINT('',(0.4,15.55,9.8));
#12271 = VECTOR('',#12272,1.);
#12272 = DIRECTION('',(0.,0.,-1.));
#12273 = CYLINDRICAL_SURFACE('',#12274,0.5);
#12274 = AXIS2_PLACEMENT_3D('',#12275,#12276,#12277);
#12275 = CARTESIAN_POINT('',(0.,15.25,9.8));
#12276 = DIRECTION('',(0.,0.,1.));
#12277 = DIRECTION('',(2.775557561563E-16,1.,-0.));
#12278 = ADVANCED_FACE('',(#12279,#12322,#12332,#12417),#12427,.T.);
#12279 = FACE_BOUND('',#12280,.T.);
#12280 = EDGE_LOOP('',(#12281,#12292,#12298,#12299,#12307,#12316));
#12281 = ORIENTED_EDGE('',*,*,#12282,.T.);
#12282 = EDGE_CURVE('',#12283,#12285,#12287,.T.);
#12283 = VERTEX_POINT('',#12284);
#12284 = CARTESIAN_POINT('',(-0.2,14.89,9.8));
#12285 = VERTEX_POINT('',#12286);
#12286 = CARTESIAN_POINT('',(-0.2,14.75,9.8));
#12287 = CIRCLE('',#12288,7.E-02);
#12288 = AXIS2_PLACEMENT_3D('',#12289,#12290,#12291);
#12289 = CARTESIAN_POINT('',(-0.2,14.82,9.8));
#12290 = DIRECTION('',(0.,0.,1.));
#12291 = DIRECTION('',(-2.775557561563E-16,-1.,0.));
#12292 = ORIENTED_EDGE('',*,*,#12293,.T.);
#12293 = EDGE_CURVE('',#12285,#12207,#12294,.T.);
#12294 = LINE('',#12295,#12296);
#12295 = CARTESIAN_POINT('',(3.352703460765E-15,14.75,9.8));
#12296 = VECTOR('',#12297,1.);
#12297 = DIRECTION('',(1.,2.645453300865E-16,0.));
#12298 = ORIENTED_EDGE('',*,*,#12216,.T.);
#12299 = ORIENTED_EDGE('',*,*,#12300,.T.);
#12300 = EDGE_CURVE('',#12217,#12301,#12303,.T.);
#12301 = VERTEX_POINT('',#12302);
#12302 = CARTESIAN_POINT('',(-0.2,15.75,9.8));
#12303 = LINE('',#12304,#12305);
#12304 = CARTESIAN_POINT('',(1.387778780781E-16,15.75,9.8));
#12305 = VECTOR('',#12306,1.);
#12306 = DIRECTION('',(-1.,8.19656842399E-16,0.));
#12307 = ORIENTED_EDGE('',*,*,#12308,.T.);
#12308 = EDGE_CURVE('',#12301,#12309,#12311,.T.);
#12309 = VERTEX_POINT('',#12310);
#12310 = CARTESIAN_POINT('',(-0.2,15.61,9.8));
#12311 = CIRCLE('',#12312,7.E-02);
#12312 = AXIS2_PLACEMENT_3D('',#12313,#12314,#12315);
#12313 = CARTESIAN_POINT('',(-0.2,15.68,9.8));
#12314 = DIRECTION('',(0.,-0.,1.));
#12315 = DIRECTION('',(2.775557561563E-16,1.,0.));
#12316 = ORIENTED_EDGE('',*,*,#12317,.T.);
#12317 = EDGE_CURVE('',#12309,#12283,#12318,.T.);
#12318 = LINE('',#12319,#12320);
#12319 = CARTESIAN_POINT('',(-0.2,15.61,9.8));
#12320 = VECTOR('',#12321,1.);
#12321 = DIRECTION('',(-2.775557561563E-16,-1.,0.));
#12322 = FACE_BOUND('',#12323,.T.);
#12323 = EDGE_LOOP('',(#12324,#12325));
#12324 = ORIENTED_EDGE('',*,*,#12191,.F.);
#12325 = ORIENTED_EDGE('',*,*,#12326,.F.);
#12326 = EDGE_CURVE('',#12184,#12165,#12327,.T.);
#12327 = CIRCLE('',#12328,0.45);
#12328 = AXIS2_PLACEMENT_3D('',#12329,#12330,#12331);
#12329 = CARTESIAN_POINT('',(1.376583447243,13.284035093706,9.8));
#12330 = DIRECTION('',(-0.,0.,-1.));
#12331 = DIRECTION('',(-2.775557561563E-16,-1.,0.));
#12332 = FACE_BOUND('',#12333,.T.);
#12333 = EDGE_LOOP('',(#12334,#12344,#12351,#12352,#12361,#12369,#12378,
    #12385,#12386,#12394,#12403,#12409,#12410));
#12334 = ORIENTED_EDGE('',*,*,#12335,.T.);
#12335 = EDGE_CURVE('',#12336,#12338,#12340,.T.);
#12336 = VERTEX_POINT('',#12337);
#12337 = CARTESIAN_POINT('',(2.020001233485,17.076986497026,9.8));
#12338 = VERTEX_POINT('',#12339);
#12339 = CARTESIAN_POINT('',(2.139506280012,17.754733294742,9.8));
#12340 = LINE('',#12341,#12342);
#12341 = CARTESIAN_POINT('',(1.915812326885,16.486101845219,9.8));
#12342 = VECTOR('',#12343,1.);
#12343 = DIRECTION('',(0.173648177667,0.984807753012,0.));
#12344 = ORIENTED_EDGE('',*,*,#12345,.T.);
#12345 = EDGE_CURVE('',#12338,#11979,#12346,.T.);
#12346 = CIRCLE('',#12347,0.2);
#12347 = AXIS2_PLACEMENT_3D('',#12348,#12349,#12350);
#12348 = CARTESIAN_POINT('',(2.336467830614,17.720003659209,9.8));
#12349 = DIRECTION('',(-0.,0.,-1.));
#12350 = DIRECTION('',(-2.775557561563E-16,-1.,0.));
#12351 = ORIENTED_EDGE('',*,*,#11978,.T.);
#12352 = ORIENTED_EDGE('',*,*,#12353,.T.);
#12353 = EDGE_CURVE('',#11981,#12354,#12356,.T.);
#12354 = VERTEX_POINT('',#12355);
#12355 = CARTESIAN_POINT('',(3.,17.239974874213,9.8));
#12356 = CIRCLE('',#12357,3.6);
#12357 = AXIS2_PLACEMENT_3D('',#12358,#12359,#12360);
#12358 = CARTESIAN_POINT('',(0.,15.25,9.8));
#12359 = DIRECTION('',(-0.,0.,-1.));
#12360 = DIRECTION('',(-2.775557561563E-16,-1.,0.));
#12361 = ORIENTED_EDGE('',*,*,#12362,.T.);
#12362 = EDGE_CURVE('',#12354,#12363,#12365,.T.);
#12363 = VERTEX_POINT('',#12364);
#12364 = CARTESIAN_POINT('',(3.,13.260025125787,9.8));
#12365 = LINE('',#12366,#12367);
#12366 = CARTESIAN_POINT('',(3.,13.260025125787,9.8));
#12367 = VECTOR('',#12368,1.);
#12368 = DIRECTION('',(-2.775557561563E-16,-1.,0.));
#12369 = ORIENTED_EDGE('',*,*,#12370,.T.);
#12370 = EDGE_CURVE('',#12363,#12371,#12373,.T.);
#12371 = VERTEX_POINT('',#12372);
#12372 = CARTESIAN_POINT('',(-1.430227666158,18.553702290303,9.8));
#12373 = CIRCLE('',#12374,3.6);
#12374 = AXIS2_PLACEMENT_3D('',#12375,#12376,#12377);
#12375 = CARTESIAN_POINT('',(0.,15.25,9.8));
#12376 = DIRECTION('',(-0.,0.,-1.));
#12377 = DIRECTION('',(-2.775557561563E-16,-1.,0.));
#12378 = ORIENTED_EDGE('',*,*,#12379,.T.);
#12379 = EDGE_CURVE('',#12371,#11937,#12380,.T.);
#12380 = CIRCLE('',#12381,0.2);
#12381 = AXIS2_PLACEMENT_3D('',#12382,#12383,#12384);
#12382 = CARTESIAN_POINT('',(-1.350770573594,18.370163274175,9.8));
#12383 = DIRECTION('',(-0.,0.,-1.));
#12384 = DIRECTION('',(-2.775557561563E-16,-1.,0.));
#12385 = ORIENTED_EDGE('',*,*,#11936,.T.);
#12386 = ORIENTED_EDGE('',*,*,#12387,.T.);
#12387 = EDGE_CURVE('',#11939,#12388,#12390,.T.);
#12388 = VERTEX_POINT('',#12389);
#12389 = CARTESIAN_POINT('',(-1.273314069518,17.657686840926,9.8));
#12390 = LINE('',#12391,#12392);
#12391 = CARTESIAN_POINT('',(-1.377502976118,17.066802189119,9.8));
#12392 = VECTOR('',#12393,1.);
#12393 = DIRECTION('',(-0.173648177667,-0.984807753012,0.));
#12394 = ORIENTED_EDGE('',*,*,#12395,.T.);
#12395 = EDGE_CURVE('',#12388,#12396,#12398,.T.);
#12396 = VERTEX_POINT('',#12397);
#12397 = CARTESIAN_POINT('',(-0.786618324311,16.962613282519,9.8));
#12398 = CIRCLE('',#12399,0.6);
#12399 = AXIS2_PLACEMENT_3D('',#12400,#12401,#12402);
#12400 = CARTESIAN_POINT('',(-0.68242941771,17.553497934326,9.8));
#12401 = DIRECTION('',(0.,0.,1.));
#12402 = DIRECTION('',(-1.181057566561E-15,-1.,0.));
#12403 = ORIENTED_EDGE('',*,*,#12404,.T.);
#12404 = EDGE_CURVE('',#12396,#12023,#12405,.T.);
#12405 = LINE('',#12406,#12407);
#12406 = CARTESIAN_POINT('',(0.269154675384,16.776452017169,9.8));
#12407 = VECTOR('',#12408,1.);
#12408 = DIRECTION('',(0.984807753012,-0.173648177667,-0.));
#12409 = ORIENTED_EDGE('',*,*,#12030,.T.);
#12410 = ORIENTED_EDGE('',*,*,#12411,.T.);
#12411 = EDGE_CURVE('',#12031,#12336,#12412,.T.);
#12412 = CIRCLE('',#12413,0.6);
#12413 = AXIS2_PLACEMENT_3D('',#12414,#12415,#12416);
#12414 = CARTESIAN_POINT('',(1.429116581678,17.181175403627,9.8));
#12415 = DIRECTION('',(0.,0.,1.));
#12416 = DIRECTION('',(-2.775557561563E-16,-1.,0.));
#12417 = FACE_BOUND('',#12418,.T.);
#12418 = EDGE_LOOP('',(#12419,#12420));
#12419 = ORIENTED_EDGE('',*,*,#12149,.F.);
#12420 = ORIENTED_EDGE('',*,*,#12421,.F.);
#12421 = EDGE_CURVE('',#12142,#12123,#12422,.T.);
#12422 = CIRCLE('',#12423,0.45);
#12423 = AXIS2_PLACEMENT_3D('',#12424,#12425,#12426);
#12424 = CARTESIAN_POINT('',(-2.078460969083,16.45,9.8));
#12425 = DIRECTION('',(-0.,0.,-1.));
#12426 = DIRECTION('',(-2.775557561563E-16,-1.,0.));
#12427 = PLANE('',#12428);
#12428 = AXIS2_PLACEMENT_3D('',#12429,#12430,#12431);
#12429 = CARTESIAN_POINT('',(0.,15.25,9.8));
#12430 = DIRECTION('',(0.,0.,-1.));
#12431 = DIRECTION('',(-2.775557561563E-16,-1.,-0.));
#12432 = ADVANCED_FACE('',(#12433,#12476,#12561,#12571),#12581,.F.);
#12433 = FACE_BOUND('',#12434,.T.);
#12434 = EDGE_LOOP('',(#12435,#12443,#12452,#12460,#12469,#12475));
#12435 = ORIENTED_EDGE('',*,*,#12436,.F.);
#12436 = EDGE_CURVE('',#12437,#12209,#12439,.T.);
#12437 = VERTEX_POINT('',#12438);
#12438 = CARTESIAN_POINT('',(-0.2,14.75,12.4));
#12439 = LINE('',#12440,#12441);
#12440 = CARTESIAN_POINT('',(3.352703460765E-15,14.75,12.4));
#12441 = VECTOR('',#12442,1.);
#12442 = DIRECTION('',(1.,2.645453300865E-16,0.));
#12443 = ORIENTED_EDGE('',*,*,#12444,.F.);
#12444 = EDGE_CURVE('',#12445,#12437,#12447,.T.);
#12445 = VERTEX_POINT('',#12446);
#12446 = CARTESIAN_POINT('',(-0.2,14.89,12.4));
#12447 = CIRCLE('',#12448,7.E-02);
#12448 = AXIS2_PLACEMENT_3D('',#12449,#12450,#12451);
#12449 = CARTESIAN_POINT('',(-0.2,14.82,12.4));
#12450 = DIRECTION('',(0.,0.,1.));
#12451 = DIRECTION('',(-2.775557561563E-16,-1.,0.));
#12452 = ORIENTED_EDGE('',*,*,#12453,.F.);
#12453 = EDGE_CURVE('',#12454,#12445,#12456,.T.);
#12454 = VERTEX_POINT('',#12455);
#12455 = CARTESIAN_POINT('',(-0.2,15.61,12.4));
#12456 = LINE('',#12457,#12458);
#12457 = CARTESIAN_POINT('',(-0.2,15.61,12.4));
#12458 = VECTOR('',#12459,1.);
#12459 = DIRECTION('',(-2.775557561563E-16,-1.,0.));
#12460 = ORIENTED_EDGE('',*,*,#12461,.F.);
#12461 = EDGE_CURVE('',#12462,#12454,#12464,.T.);
#12462 = VERTEX_POINT('',#12463);
#12463 = CARTESIAN_POINT('',(-0.2,15.75,12.4));
#12464 = CIRCLE('',#12465,7.E-02);
#12465 = AXIS2_PLACEMENT_3D('',#12466,#12467,#12468);
#12466 = CARTESIAN_POINT('',(-0.2,15.68,12.4));
#12467 = DIRECTION('',(0.,-0.,1.));
#12468 = DIRECTION('',(2.775557561563E-16,1.,0.));
#12469 = ORIENTED_EDGE('',*,*,#12470,.F.);
#12470 = EDGE_CURVE('',#12226,#12462,#12471,.T.);
#12471 = LINE('',#12472,#12473);
#12472 = CARTESIAN_POINT('',(1.387778780781E-16,15.75,12.4));
#12473 = VECTOR('',#12474,1.);
#12474 = DIRECTION('',(-1.,8.19656842399E-16,0.));
#12475 = ORIENTED_EDGE('',*,*,#12233,.F.);
#12476 = FACE_BOUND('',#12477,.T.);
#12477 = EDGE_LOOP('',(#12478,#12487,#12488,#12497,#12505,#12512,#12513,
    #12521,#12530,#12536,#12537,#12546,#12555));
#12478 = ORIENTED_EDGE('',*,*,#12479,.F.);
#12479 = EDGE_CURVE('',#11998,#12480,#12482,.T.);
#12480 = VERTEX_POINT('',#12481);
#12481 = CARTESIAN_POINT('',(3.,17.239974874213,12.4));
#12482 = CIRCLE('',#12483,3.6);
#12483 = AXIS2_PLACEMENT_3D('',#12484,#12485,#12486);
#12484 = CARTESIAN_POINT('',(0.,15.25,12.4));
#12485 = DIRECTION('',(-0.,0.,-1.));
#12486 = DIRECTION('',(-2.775557561563E-16,-1.,0.));
#12487 = ORIENTED_EDGE('',*,*,#11997,.T.);
#12488 = ORIENTED_EDGE('',*,*,#12489,.T.);
#12489 = EDGE_CURVE('',#11990,#12490,#12492,.T.);
#12490 = VERTEX_POINT('',#12491);
#12491 = CARTESIAN_POINT('',(2.139506280012,17.754733294742,12.4));
#12492 = CIRCLE('',#12493,0.2);
#12493 = AXIS2_PLACEMENT_3D('',#12494,#12495,#12496);
#12494 = CARTESIAN_POINT('',(2.336467830614,17.720003659209,12.4));
#12495 = DIRECTION('',(0.,-0.,1.));
#12496 = DIRECTION('',(1.890848588815E-15,-1.,-0.));
#12497 = ORIENTED_EDGE('',*,*,#12498,.F.);
#12498 = EDGE_CURVE('',#12499,#12490,#12501,.T.);
#12499 = VERTEX_POINT('',#12500);
#12500 = CARTESIAN_POINT('',(2.020001233485,17.076986497026,12.4));
#12501 = LINE('',#12502,#12503);
#12502 = CARTESIAN_POINT('',(1.915812326885,16.486101845219,12.4));
#12503 = VECTOR('',#12504,1.);
#12504 = DIRECTION('',(0.173648177667,0.984807753012,0.));
#12505 = ORIENTED_EDGE('',*,*,#12506,.T.);
#12506 = EDGE_CURVE('',#12499,#12040,#12507,.T.);
#12507 = CIRCLE('',#12508,0.6);
#12508 = AXIS2_PLACEMENT_3D('',#12509,#12510,#12511);
#12509 = CARTESIAN_POINT('',(1.429116581678,17.181175403627,12.4));
#12510 = DIRECTION('',(-0.,0.,-1.));
#12511 = DIRECTION('',(-2.775557561563E-16,-1.,0.));
#12512 = ORIENTED_EDGE('',*,*,#12047,.T.);
#12513 = ORIENTED_EDGE('',*,*,#12514,.F.);
#12514 = EDGE_CURVE('',#12515,#12021,#12517,.T.);
#12515 = VERTEX_POINT('',#12516);
#12516 = CARTESIAN_POINT('',(-0.786618324311,16.962613282519,12.4));
#12517 = LINE('',#12518,#12519);
#12518 = CARTESIAN_POINT('',(0.269154675384,16.776452017169,12.4));
#12519 = VECTOR('',#12520,1.);
#12520 = DIRECTION('',(0.984807753012,-0.173648177667,-0.));
#12521 = ORIENTED_EDGE('',*,*,#12522,.T.);
#12522 = EDGE_CURVE('',#12515,#12523,#12525,.T.);
#12523 = VERTEX_POINT('',#12524);
#12524 = CARTESIAN_POINT('',(-1.273314069518,17.657686840926,12.4));
#12525 = CIRCLE('',#12526,0.6);
#12526 = AXIS2_PLACEMENT_3D('',#12527,#12528,#12529);
#12527 = CARTESIAN_POINT('',(-0.68242941771,17.553497934326,12.4));
#12528 = DIRECTION('',(-0.,0.,-1.));
#12529 = DIRECTION('',(-2.775557561563E-16,-1.,0.));
#12530 = ORIENTED_EDGE('',*,*,#12531,.F.);
#12531 = EDGE_CURVE('',#11956,#12523,#12532,.T.);
#12532 = LINE('',#12533,#12534);
#12533 = CARTESIAN_POINT('',(-1.377502976118,17.066802189119,12.4));
#12534 = VECTOR('',#12535,1.);
#12535 = DIRECTION('',(-0.173648177667,-0.984807753012,0.));
#12536 = ORIENTED_EDGE('',*,*,#11955,.T.);
#12537 = ORIENTED_EDGE('',*,*,#12538,.T.);
#12538 = EDGE_CURVE('',#11948,#12539,#12541,.T.);
#12539 = VERTEX_POINT('',#12540);
#12540 = CARTESIAN_POINT('',(-1.430227666158,18.553702290303,12.4));
#12541 = CIRCLE('',#12542,0.2);
#12542 = AXIS2_PLACEMENT_3D('',#12543,#12544,#12545);
#12543 = CARTESIAN_POINT('',(-1.350770573594,18.370163274175,12.4));
#12544 = DIRECTION('',(0.,0.,1.));
#12545 = DIRECTION('',(-2.775557561563E-16,-1.,0.));
#12546 = ORIENTED_EDGE('',*,*,#12547,.F.);
#12547 = EDGE_CURVE('',#12548,#12539,#12550,.T.);
#12548 = VERTEX_POINT('',#12549);
#12549 = CARTESIAN_POINT('',(3.,13.260025125787,12.4));
#12550 = CIRCLE('',#12551,3.6);
#12551 = AXIS2_PLACEMENT_3D('',#12552,#12553,#12554);
#12552 = CARTESIAN_POINT('',(0.,15.25,12.4));
#12553 = DIRECTION('',(-0.,0.,-1.));
#12554 = DIRECTION('',(-2.775557561563E-16,-1.,0.));
#12555 = ORIENTED_EDGE('',*,*,#12556,.F.);
#12556 = EDGE_CURVE('',#12480,#12548,#12557,.T.);
#12557 = LINE('',#12558,#12559);
#12558 = CARTESIAN_POINT('',(3.,13.260025125787,12.4));
#12559 = VECTOR('',#12560,1.);
#12560 = DIRECTION('',(-2.775557561563E-16,-1.,0.));
#12561 = FACE_BOUND('',#12562,.T.);
#12562 = EDGE_LOOP('',(#12563,#12564));
#12563 = ORIENTED_EDGE('',*,*,#12174,.T.);
#12564 = ORIENTED_EDGE('',*,*,#12565,.T.);
#12565 = EDGE_CURVE('',#12175,#12167,#12566,.T.);
#12566 = CIRCLE('',#12567,0.45);
#12567 = AXIS2_PLACEMENT_3D('',#12568,#12569,#12570);
#12568 = CARTESIAN_POINT('',(1.376583447243,13.284035093706,12.4));
#12569 = DIRECTION('',(-0.,0.,-1.));
#12570 = DIRECTION('',(-2.775557561563E-16,-1.,0.));
#12571 = FACE_BOUND('',#12572,.T.);
#12572 = EDGE_LOOP('',(#12573,#12574));
#12573 = ORIENTED_EDGE('',*,*,#12132,.T.);
#12574 = ORIENTED_EDGE('',*,*,#12575,.T.);
#12575 = EDGE_CURVE('',#12133,#12125,#12576,.T.);
#12576 = CIRCLE('',#12577,0.45);
#12577 = AXIS2_PLACEMENT_3D('',#12578,#12579,#12580);
#12578 = CARTESIAN_POINT('',(-2.078460969083,16.45,12.4));
#12579 = DIRECTION('',(-0.,0.,-1.));
#12580 = DIRECTION('',(-2.775557561563E-16,-1.,0.));
#12581 = PLANE('',#12582);
#12582 = AXIS2_PLACEMENT_3D('',#12583,#12584,#12585);
#12583 = CARTESIAN_POINT('',(0.,15.25,12.4));
#12584 = DIRECTION('',(0.,0.,-1.));
#12585 = DIRECTION('',(-2.775557561563E-16,-1.,-0.));
#12586 = ADVANCED_FACE('',(#12587),#12603,.F.);
#12587 = FACE_BOUND('',#12588,.T.);
#12588 = EDGE_LOOP('',(#12589,#12590,#12596,#12597));
#12589 = ORIENTED_EDGE('',*,*,#12498,.T.);
#12590 = ORIENTED_EDGE('',*,*,#12591,.T.);
#12591 = EDGE_CURVE('',#12490,#12338,#12592,.T.);
#12592 = LINE('',#12593,#12594);
#12593 = CARTESIAN_POINT('',(2.139506280012,17.754733294742,9.8));
#12594 = VECTOR('',#12595,1.);
#12595 = DIRECTION('',(0.,0.,-1.));
#12596 = ORIENTED_EDGE('',*,*,#12335,.F.);
#12597 = ORIENTED_EDGE('',*,*,#12598,.T.);
#12598 = EDGE_CURVE('',#12336,#12499,#12599,.T.);
#12599 = LINE('',#12600,#12601);
#12600 = CARTESIAN_POINT('',(2.020001233485,17.076986497026,12.4));
#12601 = VECTOR('',#12602,1.);
#12602 = DIRECTION('',(0.,0.,1.));
#12603 = PLANE('',#12604);
#12604 = AXIS2_PLACEMENT_3D('',#12605,#12606,#12607);
#12605 = CARTESIAN_POINT('',(1.915812326885,16.486101845219,9.8));
#12606 = DIRECTION('',(0.984807753012,-0.173648177667,-0.));
#12607 = DIRECTION('',(-0.173648177667,-0.984807753012,0.));
#12608 = ADVANCED_FACE('',(#12609),#12620,.T.);
#12609 = FACE_BOUND('',#12610,.T.);
#12610 = EDGE_LOOP('',(#12611,#12612,#12613,#12614));
#12611 = ORIENTED_EDGE('',*,*,#12353,.F.);
#12612 = ORIENTED_EDGE('',*,*,#12006,.T.);
#12613 = ORIENTED_EDGE('',*,*,#12479,.T.);
#12614 = ORIENTED_EDGE('',*,*,#12615,.F.);
#12615 = EDGE_CURVE('',#12354,#12480,#12616,.T.);
#12616 = LINE('',#12617,#12618);
#12617 = CARTESIAN_POINT('',(3.,17.239974874213,9.8));
#12618 = VECTOR('',#12619,1.);
#12619 = DIRECTION('',(0.,0.,1.));
#12620 = CYLINDRICAL_SURFACE('',#12621,3.6);
#12621 = AXIS2_PLACEMENT_3D('',#12622,#12623,#12624);
#12622 = CARTESIAN_POINT('',(0.,15.25,9.8));
#12623 = DIRECTION('',(0.,0.,1.));
#12624 = DIRECTION('',(2.775557561563E-16,1.,-0.));
#12625 = ADVANCED_FACE('',(#12626,#12636),#12647,.F.);
#12626 = FACE_BOUND('',#12627,.T.);
#12627 = EDGE_LOOP('',(#12628,#12635));
#12628 = ORIENTED_EDGE('',*,*,#12629,.F.);
#12629 = EDGE_CURVE('',#12083,#12091,#12630,.T.);
#12630 = CIRCLE('',#12631,0.8);
#12631 = AXIS2_PLACEMENT_3D('',#12632,#12633,#12634);
#12632 = CARTESIAN_POINT('',(3.,15.25,11.1));
#12633 = DIRECTION('',(1.,-2.775557561563E-16,0.));
#12634 = DIRECTION('',(0.,0.,1.));
#12635 = ORIENTED_EDGE('',*,*,#12090,.F.);
#12636 = FACE_BOUND('',#12637,.T.);
#12637 = EDGE_LOOP('',(#12638,#12639,#12645,#12646));
#12638 = ORIENTED_EDGE('',*,*,#12556,.T.);
#12639 = ORIENTED_EDGE('',*,*,#12640,.F.);
#12640 = EDGE_CURVE('',#12363,#12548,#12641,.T.);
#12641 = LINE('',#12642,#12643);
#12642 = CARTESIAN_POINT('',(3.,13.260025125787,9.8));
#12643 = VECTOR('',#12644,1.);
#12644 = DIRECTION('',(0.,0.,1.));
#12645 = ORIENTED_EDGE('',*,*,#12362,.F.);
#12646 = ORIENTED_EDGE('',*,*,#12615,.T.);
#12647 = PLANE('',#12648);
#12648 = AXIS2_PLACEMENT_3D('',#12649,#12650,#12651);
#12649 = CARTESIAN_POINT('',(3.,13.260025125787,9.8));
#12650 = DIRECTION('',(-1.,2.775557561563E-16,0.));
#12651 = DIRECTION('',(0.,0.,-1.));
#12652 = ADVANCED_FACE('',(#12653),#12664,.T.);
#12653 = FACE_BOUND('',#12654,.T.);
#12654 = EDGE_LOOP('',(#12655,#12656,#12662,#12663));
#12655 = ORIENTED_EDGE('',*,*,#12547,.T.);
#12656 = ORIENTED_EDGE('',*,*,#12657,.T.);
#12657 = EDGE_CURVE('',#12539,#12371,#12658,.T.);
#12658 = LINE('',#12659,#12660);
#12659 = CARTESIAN_POINT('',(-1.430227666158,18.553702290303,9.8));
#12660 = VECTOR('',#12661,1.);
#12661 = DIRECTION('',(0.,0.,-1.));
#12662 = ORIENTED_EDGE('',*,*,#12370,.F.);
#12663 = ORIENTED_EDGE('',*,*,#12640,.T.);
#12664 = CYLINDRICAL_SURFACE('',#12665,3.6);
#12665 = AXIS2_PLACEMENT_3D('',#12666,#12667,#12668);
#12666 = CARTESIAN_POINT('',(0.,15.25,9.8));
#12667 = DIRECTION('',(0.,0.,1.));
#12668 = DIRECTION('',(2.775557561563E-16,1.,-0.));
#12669 = ADVANCED_FACE('',(#12670),#12681,.F.);
#12670 = FACE_BOUND('',#12671,.T.);
#12671 = EDGE_LOOP('',(#12672,#12673,#12674,#12675));
#12672 = ORIENTED_EDGE('',*,*,#12387,.F.);
#12673 = ORIENTED_EDGE('',*,*,#11964,.T.);
#12674 = ORIENTED_EDGE('',*,*,#12531,.T.);
#12675 = ORIENTED_EDGE('',*,*,#12676,.T.);
#12676 = EDGE_CURVE('',#12523,#12388,#12677,.T.);
#12677 = LINE('',#12678,#12679);
#12678 = CARTESIAN_POINT('',(-1.273314069518,17.657686840926,9.8));
#12679 = VECTOR('',#12680,1.);
#12680 = DIRECTION('',(0.,0.,-1.));
#12681 = PLANE('',#12682);
#12682 = AXIS2_PLACEMENT_3D('',#12683,#12684,#12685);
#12683 = CARTESIAN_POINT('',(-1.377502976118,17.066802189119,9.8));
#12684 = DIRECTION('',(-0.984807753012,0.173648177667,0.));
#12685 = DIRECTION('',(0.173648177667,0.984807753012,0.));
#12686 = ADVANCED_FACE('',(#12687),#12698,.F.);
#12687 = FACE_BOUND('',#12688,.T.);
#12688 = EDGE_LOOP('',(#12689,#12690,#12691,#12692));
#12689 = ORIENTED_EDGE('',*,*,#12514,.T.);
#12690 = ORIENTED_EDGE('',*,*,#12020,.T.);
#12691 = ORIENTED_EDGE('',*,*,#12404,.F.);
#12692 = ORIENTED_EDGE('',*,*,#12693,.T.);
#12693 = EDGE_CURVE('',#12396,#12515,#12694,.T.);
#12694 = LINE('',#12695,#12696);
#12695 = CARTESIAN_POINT('',(-0.786618324311,16.962613282519,12.4));
#12696 = VECTOR('',#12697,1.);
#12697 = DIRECTION('',(0.,0.,1.));
#12698 = PLANE('',#12699);
#12699 = AXIS2_PLACEMENT_3D('',#12700,#12701,#12702);
#12700 = CARTESIAN_POINT('',(0.269154675384,16.776452017169,9.8));
#12701 = DIRECTION('',(-0.173648177667,-0.984807753012,0.));
#12702 = DIRECTION('',(-0.984807753012,0.173648177667,0.));
#12703 = ADVANCED_FACE('',(#12704),#12710,.F.);
#12704 = FACE_BOUND('',#12705,.F.);
#12705 = EDGE_LOOP('',(#12706,#12707,#12708,#12709));
#12706 = ORIENTED_EDGE('',*,*,#12565,.T.);
#12707 = ORIENTED_EDGE('',*,*,#12164,.F.);
#12708 = ORIENTED_EDGE('',*,*,#12326,.F.);
#12709 = ORIENTED_EDGE('',*,*,#12183,.T.);
#12710 = CYLINDRICAL_SURFACE('',#12711,0.45);
#12711 = AXIS2_PLACEMENT_3D('',#12712,#12713,#12714);
#12712 = CARTESIAN_POINT('',(1.376583447243,13.284035093706,9.8));
#12713 = DIRECTION('',(0.,0.,1.));
#12714 = DIRECTION('',(2.775557561563E-16,1.,-0.));
#12715 = ADVANCED_FACE('',(#12716),#12722,.F.);
#12716 = FACE_BOUND('',#12717,.F.);
#12717 = EDGE_LOOP('',(#12718,#12719,#12720,#12721));
#12718 = ORIENTED_EDGE('',*,*,#12575,.T.);
#12719 = ORIENTED_EDGE('',*,*,#12122,.F.);
#12720 = ORIENTED_EDGE('',*,*,#12421,.F.);
#12721 = ORIENTED_EDGE('',*,*,#12141,.T.);
#12722 = CYLINDRICAL_SURFACE('',#12723,0.45);
#12723 = AXIS2_PLACEMENT_3D('',#12724,#12725,#12726);
#12724 = CARTESIAN_POINT('',(-2.078460969083,16.45,9.8));
#12725 = DIRECTION('',(0.,0.,1.));
#12726 = DIRECTION('',(2.775557561563E-16,1.,-0.));
#12727 = ADVANCED_FACE('',(#12728),#12744,.F.);
#12728 = FACE_BOUND('',#12729,.F.);
#12729 = EDGE_LOOP('',(#12730,#12736,#12737,#12743));
#12730 = ORIENTED_EDGE('',*,*,#12731,.F.);
#12731 = EDGE_CURVE('',#12283,#12445,#12732,.T.);
#12732 = LINE('',#12733,#12734);
#12733 = CARTESIAN_POINT('',(-0.2,14.89,9.8));
#12734 = VECTOR('',#12735,1.);
#12735 = DIRECTION('',(0.,0.,1.));
#12736 = ORIENTED_EDGE('',*,*,#12282,.T.);
#12737 = ORIENTED_EDGE('',*,*,#12738,.T.);
#12738 = EDGE_CURVE('',#12285,#12437,#12739,.T.);
#12739 = LINE('',#12740,#12741);
#12740 = CARTESIAN_POINT('',(-0.2,14.75,9.8));
#12741 = VECTOR('',#12742,1.);
#12742 = DIRECTION('',(0.,0.,1.));
#12743 = ORIENTED_EDGE('',*,*,#12444,.F.);
#12744 = CYLINDRICAL_SURFACE('',#12745,7.E-02);
#12745 = AXIS2_PLACEMENT_3D('',#12746,#12747,#12748);
#12746 = CARTESIAN_POINT('',(-0.2,14.82,9.8));
#12747 = DIRECTION('',(0.,0.,1.));
#12748 = DIRECTION('',(2.775557561563E-16,1.,-0.));
#12749 = ADVANCED_FACE('',(#12750),#12761,.F.);
#12750 = FACE_BOUND('',#12751,.T.);
#12751 = EDGE_LOOP('',(#12752,#12753,#12754,#12755));
#12752 = ORIENTED_EDGE('',*,*,#12453,.T.);
#12753 = ORIENTED_EDGE('',*,*,#12731,.F.);
#12754 = ORIENTED_EDGE('',*,*,#12317,.F.);
#12755 = ORIENTED_EDGE('',*,*,#12756,.T.);
#12756 = EDGE_CURVE('',#12309,#12454,#12757,.T.);
#12757 = LINE('',#12758,#12759);
#12758 = CARTESIAN_POINT('',(-0.2,15.61,9.8));
#12759 = VECTOR('',#12760,1.);
#12760 = DIRECTION('',(0.,0.,1.));
#12761 = PLANE('',#12762);
#12762 = AXIS2_PLACEMENT_3D('',#12763,#12764,#12765);
#12763 = CARTESIAN_POINT('',(-0.2,15.61,9.8));
#12764 = DIRECTION('',(-1.,2.775557561563E-16,0.));
#12765 = DIRECTION('',(0.,0.,-1.));
#12766 = ADVANCED_FACE('',(#12767),#12778,.F.);
#12767 = FACE_BOUND('',#12768,.F.);
#12768 = EDGE_LOOP('',(#12769,#12775,#12776,#12777));
#12769 = ORIENTED_EDGE('',*,*,#12770,.F.);
#12770 = EDGE_CURVE('',#12301,#12462,#12771,.T.);
#12771 = LINE('',#12772,#12773);
#12772 = CARTESIAN_POINT('',(-0.2,15.75,9.8));
#12773 = VECTOR('',#12774,1.);
#12774 = DIRECTION('',(0.,0.,1.));
#12775 = ORIENTED_EDGE('',*,*,#12308,.T.);
#12776 = ORIENTED_EDGE('',*,*,#12756,.T.);
#12777 = ORIENTED_EDGE('',*,*,#12461,.F.);
#12778 = CYLINDRICAL_SURFACE('',#12779,7.E-02);
#12779 = AXIS2_PLACEMENT_3D('',#12780,#12781,#12782);
#12780 = CARTESIAN_POINT('',(-0.2,15.68,9.8));
#12781 = DIRECTION('',(0.,0.,1.));
#12782 = DIRECTION('',(2.775557561563E-16,1.,-0.));
#12783 = ADVANCED_FACE('',(#12784),#12790,.F.);
#12784 = FACE_BOUND('',#12785,.T.);
#12785 = EDGE_LOOP('',(#12786,#12787,#12788,#12789));
#12786 = ORIENTED_EDGE('',*,*,#12470,.T.);
#12787 = ORIENTED_EDGE('',*,*,#12770,.F.);
#12788 = ORIENTED_EDGE('',*,*,#12300,.F.);
#12789 = ORIENTED_EDGE('',*,*,#12225,.T.);
#12790 = PLANE('',#12791);
#12791 = AXIS2_PLACEMENT_3D('',#12792,#12793,#12794);
#12792 = CARTESIAN_POINT('',(1.387778780781E-16,15.75,9.8));
#12793 = DIRECTION('',(8.19656842399E-16,1.,0.));
#12794 = DIRECTION('',(1.,-8.19656842399E-16,-0.));
#12795 = ADVANCED_FACE('',(#12796),#12802,.F.);
#12796 = FACE_BOUND('',#12797,.T.);
#12797 = EDGE_LOOP('',(#12798,#12799,#12800,#12801));
#12798 = ORIENTED_EDGE('',*,*,#12436,.T.);
#12799 = ORIENTED_EDGE('',*,*,#12206,.F.);
#12800 = ORIENTED_EDGE('',*,*,#12293,.F.);
#12801 = ORIENTED_EDGE('',*,*,#12738,.T.);
#12802 = PLANE('',#12803);
#12803 = AXIS2_PLACEMENT_3D('',#12804,#12805,#12806);
#12804 = CARTESIAN_POINT('',(3.352703460765E-15,14.75,9.8));
#12805 = DIRECTION('',(2.645453300865E-16,-1.,-0.));
#12806 = DIRECTION('',(-1.,-2.645453300865E-16,0.));
#12807 = ADVANCED_FACE('',(#12808),#12822,.F.);
#12808 = FACE_BOUND('',#12809,.F.);
#12809 = EDGE_LOOP('',(#12810,#12811,#12812,#12813,#12820,#12821));
#12810 = ORIENTED_EDGE('',*,*,#12629,.F.);
#12811 = ORIENTED_EDGE('',*,*,#12082,.F.);
#12812 = ORIENTED_EDGE('',*,*,#12260,.T.);
#12813 = ORIENTED_EDGE('',*,*,#12814,.T.);
#12814 = EDGE_CURVE('',#12253,#12244,#12815,.T.);
#12815 = CIRCLE('',#12816,0.8);
#12816 = AXIS2_PLACEMENT_3D('',#12817,#12818,#12819);
#12817 = CARTESIAN_POINT('',(0.4,15.25,11.1));
#12818 = DIRECTION('',(1.,-2.775557561563E-16,0.));
#12819 = DIRECTION('',(0.,0.,1.));
#12820 = ORIENTED_EDGE('',*,*,#12243,.T.);
#12821 = ORIENTED_EDGE('',*,*,#12099,.T.);
#12822 = CYLINDRICAL_SURFACE('',#12823,0.8);
#12823 = AXIS2_PLACEMENT_3D('',#12824,#12825,#12826);
#12824 = CARTESIAN_POINT('',(0.4,15.25,11.1));
#12825 = DIRECTION('',(1.,-2.775557561563E-16,0.));
#12826 = DIRECTION('',(0.,0.,1.));
#12827 = ADVANCED_FACE('',(#12828),#12832,.T.);
#12828 = FACE_BOUND('',#12829,.T.);
#12829 = EDGE_LOOP('',(#12830,#12831));
#12830 = ORIENTED_EDGE('',*,*,#12268,.T.);
#12831 = ORIENTED_EDGE('',*,*,#12062,.T.);
#12832 = PLANE('',#12833);
#12833 = AXIS2_PLACEMENT_3D('',#12834,#12835,#12836);
#12834 = CARTESIAN_POINT('',(0.4,15.25,11.1));
#12835 = DIRECTION('',(1.,-2.775557561563E-16,-0.));
#12836 = DIRECTION('',(0.,0.,1.));
#12837 = ADVANCED_FACE('',(#12838),#12842,.T.);
#12838 = FACE_BOUND('',#12839,.T.);
#12839 = EDGE_LOOP('',(#12840,#12841));
#12840 = ORIENTED_EDGE('',*,*,#12252,.T.);
#12841 = ORIENTED_EDGE('',*,*,#12814,.T.);
#12842 = PLANE('',#12843);
#12843 = AXIS2_PLACEMENT_3D('',#12844,#12845,#12846);
#12844 = CARTESIAN_POINT('',(0.4,15.25,11.1));
#12845 = DIRECTION('',(1.,-2.775557561563E-16,-0.));
#12846 = DIRECTION('',(0.,0.,1.));
#12847 = ADVANCED_FACE('',(#12848),#12854,.F.);
#12848 = FACE_BOUND('',#12849,.F.);
#12849 = EDGE_LOOP('',(#12850,#12851,#12852,#12853));
#12850 = ORIENTED_EDGE('',*,*,#12411,.T.);
#12851 = ORIENTED_EDGE('',*,*,#12598,.T.);
#12852 = ORIENTED_EDGE('',*,*,#12506,.T.);
#12853 = ORIENTED_EDGE('',*,*,#12039,.T.);
#12854 = CYLINDRICAL_SURFACE('',#12855,0.6);
#12855 = AXIS2_PLACEMENT_3D('',#12856,#12857,#12858);
#12856 = CARTESIAN_POINT('',(1.429116581678,17.181175403627,9.8));
#12857 = DIRECTION('',(0.,0.,-1.));
#12858 = DIRECTION('',(-2.775557561563E-16,-1.,-0.));
#12859 = ADVANCED_FACE('',(#12860),#12866,.F.);
#12860 = FACE_BOUND('',#12861,.F.);
#12861 = EDGE_LOOP('',(#12862,#12863,#12864,#12865));
#12862 = ORIENTED_EDGE('',*,*,#12693,.T.);
#12863 = ORIENTED_EDGE('',*,*,#12522,.T.);
#12864 = ORIENTED_EDGE('',*,*,#12676,.T.);
#12865 = ORIENTED_EDGE('',*,*,#12395,.T.);
#12866 = CYLINDRICAL_SURFACE('',#12867,0.6);
#12867 = AXIS2_PLACEMENT_3D('',#12868,#12869,#12870);
#12868 = CARTESIAN_POINT('',(-0.68242941771,17.553497934326,9.8));
#12869 = DIRECTION('',(0.,0.,-1.));
#12870 = DIRECTION('',(-2.775557561563E-16,-1.,-0.));
#12871 = ADVANCED_FACE('',(#12872),#12878,.T.);
#12872 = FACE_BOUND('',#12873,.T.);
#12873 = EDGE_LOOP('',(#12874,#12875,#12876,#12877));
#12874 = ORIENTED_EDGE('',*,*,#11989,.F.);
#12875 = ORIENTED_EDGE('',*,*,#12345,.F.);
#12876 = ORIENTED_EDGE('',*,*,#12591,.F.);
#12877 = ORIENTED_EDGE('',*,*,#12489,.F.);
#12878 = CYLINDRICAL_SURFACE('',#12879,0.2);
#12879 = AXIS2_PLACEMENT_3D('',#12880,#12881,#12882);
#12880 = CARTESIAN_POINT('',(2.336467830614,17.720003659209,9.8));
#12881 = DIRECTION('',(0.,0.,1.));
#12882 = DIRECTION('',(2.775557561563E-16,1.,-0.));
#12883 = ADVANCED_FACE('',(#12884),#12890,.T.);
#12884 = FACE_BOUND('',#12885,.T.);
#12885 = EDGE_LOOP('',(#12886,#12887,#12888,#12889));
#12886 = ORIENTED_EDGE('',*,*,#11947,.F.);
#12887 = ORIENTED_EDGE('',*,*,#12379,.F.);
#12888 = ORIENTED_EDGE('',*,*,#12657,.F.);
#12889 = ORIENTED_EDGE('',*,*,#12538,.F.);
#12890 = CYLINDRICAL_SURFACE('',#12891,0.2);
#12891 = AXIS2_PLACEMENT_3D('',#12892,#12893,#12894);
#12892 = CARTESIAN_POINT('',(-1.350770573594,18.370163274175,9.8));
#12893 = DIRECTION('',(0.,0.,1.));
#12894 = DIRECTION('',(2.775557561563E-16,1.,-0.));
#12895 = ( GEOMETRIC_REPRESENTATION_CONTEXT(3) 
GLOBAL_UNCERTAINTY_ASSIGNED_CONTEXT((#12899)) 
GLOBAL_UNIT_ASSIGNED_CONTEXT((#12896,#12897,#12898)) 
REPRESENTATION_CONTEXT('Context #1',
  '3D Context with UNIT and UNCERTAINTY') );
#12896 = ( LENGTH_UNIT() NAMED_UNIT(*) SI_UNIT(.MILLI.,.METRE.) );
#12897 = ( NAMED_UNIT(*) PLANE_ANGLE_UNIT() SI_UNIT($,.RADIAN.) );
#12898 = ( NAMED_UNIT(*) SI_UNIT($,.STERADIAN.) SOLID_ANGLE_UNIT() );
#12899 = UNCERTAINTY_MEASURE_WITH_UNIT(LENGTH_MEASURE(2.E-05),#12896,
  'distance_accuracy_value','confusion accuracy');
#12900 = CONTEXT_DEPENDENT_SHAPE_REPRESENTATION(#12901,#12903);
#12901 = ( REPRESENTATION_RELATIONSHIP('','',#11929,#3244) 
REPRESENTATION_RELATIONSHIP_WITH_TRANSFORMATION(#12902) 
SHAPE_REPRESENTATION_RELATIONSHIP() );
#12902 = ITEM_DEFINED_TRANSFORMATION('','',#11,#3281);
#12903 = PRODUCT_DEFINITION_SHAPE('Placement','Placement of an item',
  #12904);
#12904 = NEXT_ASSEMBLY_USAGE_OCCURRENCE('16','Shutter_part009','',#3239,
  #11924,$);
#12905 = PRODUCT_RELATED_PRODUCT_CATEGORY('part',$,(#11926));
#12906 = SHAPE_DEFINITION_REPRESENTATION(#12907,#12913);
#12907 = PRODUCT_DEFINITION_SHAPE('','',#12908);
#12908 = PRODUCT_DEFINITION('design','',#12909,#12912);
#12909 = PRODUCT_DEFINITION_FORMATION('','',#12910);
#12910 = PRODUCT('Shutter_part010','Shutter_part010','',(#12911));
#12911 = PRODUCT_CONTEXT('',#2,'mechanical');
#12912 = PRODUCT_DEFINITION_CONTEXT('part definition',#2,'design');
#12913 = ADVANCED_BREP_SHAPE_REPRESENTATION('',(#11,#12914),#14073);
#12914 = MANIFOLD_SOLID_BREP('',#12915);
#12915 = CLOSED_SHELL('',(#12916,#12958,#13000,#13042,#13310,#13578,
    #13600,#13622,#13644,#13666,#13688,#13710,#13732,#13754,#13771,
    #13793,#13810,#13832,#13844,#13861,#13878,#13895,#13912,#13929,
    #13941,#13953,#13965,#13977,#13989,#14001,#14013,#14025,#14037,
    #14049,#14061));
#12916 = ADVANCED_FACE('',(#12917),#12953,.F.);
#12917 = FACE_BOUND('',#12918,.F.);
#12918 = EDGE_LOOP('',(#12919,#12929,#12938,#12946));
#12919 = ORIENTED_EDGE('',*,*,#12920,.T.);
#12920 = EDGE_CURVE('',#12921,#12923,#12925,.T.);
#12921 = VERTEX_POINT('',#12922);
#12922 = CARTESIAN_POINT('',(-1.453460969083,16.45,9.8));
#12923 = VERTEX_POINT('',#12924);
#12924 = CARTESIAN_POINT('',(-1.453460969083,16.45,9.5));
#12925 = LINE('',#12926,#12927);
#12926 = CARTESIAN_POINT('',(-1.453460969083,16.45,9.8));
#12927 = VECTOR('',#12928,1.);
#12928 = DIRECTION('',(-0.,0.,-1.));
#12929 = ORIENTED_EDGE('',*,*,#12930,.T.);
#12930 = EDGE_CURVE('',#12923,#12931,#12933,.T.);
#12931 = VERTEX_POINT('',#12932);
#12932 = CARTESIAN_POINT('',(-2.703460969083,16.45,9.5));
#12933 = CIRCLE('',#12934,0.625);
#12934 = AXIS2_PLACEMENT_3D('',#12935,#12936,#12937);
#12935 = CARTESIAN_POINT('',(-2.078460969083,16.45,9.5));
#12936 = DIRECTION('',(0.,0.,1.));
#12937 = DIRECTION('',(-1.,2.465190328816E-32,0.));
#12938 = ORIENTED_EDGE('',*,*,#12939,.F.);
#12939 = EDGE_CURVE('',#12940,#12931,#12942,.T.);
#12940 = VERTEX_POINT('',#12941);
#12941 = CARTESIAN_POINT('',(-2.703460969083,16.45,9.8));
#12942 = LINE('',#12943,#12944);
#12943 = CARTESIAN_POINT('',(-2.703460969083,16.45,9.8));
#12944 = VECTOR('',#12945,1.);
#12945 = DIRECTION('',(-0.,0.,-1.));
#12946 = ORIENTED_EDGE('',*,*,#12947,.F.);
#12947 = EDGE_CURVE('',#12921,#12940,#12948,.T.);
#12948 = CIRCLE('',#12949,0.625);
#12949 = AXIS2_PLACEMENT_3D('',#12950,#12951,#12952);
#12950 = CARTESIAN_POINT('',(-2.078460969083,16.45,9.8));
#12951 = DIRECTION('',(0.,0.,1.));
#12952 = DIRECTION('',(-1.,2.465190328816E-32,0.));
#12953 = CYLINDRICAL_SURFACE('',#12954,0.625);
#12954 = AXIS2_PLACEMENT_3D('',#12955,#12956,#12957);
#12955 = CARTESIAN_POINT('',(-2.078460969083,16.45,9.8));
#12956 = DIRECTION('',(-0.,0.,-1.));
#12957 = DIRECTION('',(1.,-2.465190328816E-32,-0.));
#12958 = ADVANCED_FACE('',(#12959),#12995,.F.);
#12959 = FACE_BOUND('',#12960,.F.);
#12960 = EDGE_LOOP('',(#12961,#12971,#12980,#12988));
#12961 = ORIENTED_EDGE('',*,*,#12962,.T.);
#12962 = EDGE_CURVE('',#12963,#12965,#12967,.T.);
#12963 = VERTEX_POINT('',#12964);
#12964 = CARTESIAN_POINT('',(1.745740669422E-15,14.75,9.8));
#12965 = VERTEX_POINT('',#12966);
#12966 = CARTESIAN_POINT('',(1.745741521736E-15,14.75,9.5));
#12967 = LINE('',#12968,#12969);
#12968 = CARTESIAN_POINT('',(1.745740669422E-15,14.75,9.8));
#12969 = VECTOR('',#12970,1.);
#12970 = DIRECTION('',(-0.,0.,-1.));
#12971 = ORIENTED_EDGE('',*,*,#12972,.T.);
#12972 = EDGE_CURVE('',#12965,#12973,#12975,.T.);
#12973 = VERTEX_POINT('',#12974);
#12974 = CARTESIAN_POINT('',(0.5,15.25,9.5));
#12975 = CIRCLE('',#12976,0.5);
#12976 = AXIS2_PLACEMENT_3D('',#12977,#12978,#12979);
#12977 = CARTESIAN_POINT('',(0.,15.25,9.5));
#12978 = DIRECTION('',(0.,0.,1.));
#12979 = DIRECTION('',(-1.,2.465190328816E-32,0.));
#12980 = ORIENTED_EDGE('',*,*,#12981,.F.);
#12981 = EDGE_CURVE('',#12982,#12973,#12984,.T.);
#12982 = VERTEX_POINT('',#12983);
#12983 = CARTESIAN_POINT('',(0.5,15.25,9.8));
#12984 = LINE('',#12985,#12986);
#12985 = CARTESIAN_POINT('',(0.5,15.25,9.8));
#12986 = VECTOR('',#12987,1.);
#12987 = DIRECTION('',(-0.,0.,-1.));
#12988 = ORIENTED_EDGE('',*,*,#12989,.F.);
#12989 = EDGE_CURVE('',#12963,#12982,#12990,.T.);
#12990 = CIRCLE('',#12991,0.5);
#12991 = AXIS2_PLACEMENT_3D('',#12992,#12993,#12994);
#12992 = CARTESIAN_POINT('',(0.,15.25,9.8));
#12993 = DIRECTION('',(0.,0.,1.));
#12994 = DIRECTION('',(-1.,2.465190328816E-32,0.));
#12995 = CYLINDRICAL_SURFACE('',#12996,0.5);
#12996 = AXIS2_PLACEMENT_3D('',#12997,#12998,#12999);
#12997 = CARTESIAN_POINT('',(0.,15.25,9.8));
#12998 = DIRECTION('',(-0.,0.,-1.));
#12999 = DIRECTION('',(1.,-2.465190328816E-32,-0.));
#13000 = ADVANCED_FACE('',(#13001),#13037,.F.);
#13001 = FACE_BOUND('',#13002,.F.);
#13002 = EDGE_LOOP('',(#13003,#13013,#13022,#13030));
#13003 = ORIENTED_EDGE('',*,*,#13004,.T.);
#13004 = EDGE_CURVE('',#13005,#13007,#13009,.T.);
#13005 = VERTEX_POINT('',#13006);
#13006 = CARTESIAN_POINT('',(2.001583447243,13.284035093706,9.8));
#13007 = VERTEX_POINT('',#13008);
#13008 = CARTESIAN_POINT('',(2.001583447243,13.284035093706,9.5));
#13009 = LINE('',#13010,#13011);
#13010 = CARTESIAN_POINT('',(2.001583447243,13.284035093706,9.8));
#13011 = VECTOR('',#13012,1.);
#13012 = DIRECTION('',(-0.,0.,-1.));
#13013 = ORIENTED_EDGE('',*,*,#13014,.T.);
#13014 = EDGE_CURVE('',#13007,#13015,#13017,.T.);
#13015 = VERTEX_POINT('',#13016);
#13016 = CARTESIAN_POINT('',(0.751583447243,13.284035093706,9.5));
#13017 = CIRCLE('',#13018,0.625);
#13018 = AXIS2_PLACEMENT_3D('',#13019,#13020,#13021);
#13019 = CARTESIAN_POINT('',(1.376583447243,13.284035093706,9.5));
#13020 = DIRECTION('',(0.,0.,1.));
#13021 = DIRECTION('',(-1.,2.465190328816E-32,0.));
#13022 = ORIENTED_EDGE('',*,*,#13023,.F.);
#13023 = EDGE_CURVE('',#13024,#13015,#13026,.T.);
#13024 = VERTEX_POINT('',#13025);
#13025 = CARTESIAN_POINT('',(0.751583447243,13.284035093706,9.8));
#13026 = LINE('',#13027,#13028);
#13027 = CARTESIAN_POINT('',(0.751583447243,13.284035093706,9.8));
#13028 = VECTOR('',#13029,1.);
#13029 = DIRECTION('',(-0.,0.,-1.));
#13030 = ORIENTED_EDGE('',*,*,#13031,.F.);
#13031 = EDGE_CURVE('',#13005,#13024,#13032,.T.);
#13032 = CIRCLE('',#13033,0.625);
#13033 = AXIS2_PLACEMENT_3D('',#13034,#13035,#13036);
#13034 = CARTESIAN_POINT('',(1.376583447243,13.284035093706,9.8));
#13035 = DIRECTION('',(0.,0.,1.));
#13036 = DIRECTION('',(-1.,2.465190328816E-32,0.));
#13037 = CYLINDRICAL_SURFACE('',#13038,0.625);
#13038 = AXIS2_PLACEMENT_3D('',#13039,#13040,#13041);
#13039 = CARTESIAN_POINT('',(1.376583447243,13.284035093706,9.8));
#13040 = DIRECTION('',(-0.,0.,-1.));
#13041 = DIRECTION('',(1.,-2.465190328816E-32,-0.));
#13042 = ADVANCED_FACE('',(#13043,#13095,#13285,#13295),#13305,.T.);
#13043 = FACE_BOUND('',#13044,.T.);
#13044 = EDGE_LOOP('',(#13045,#13055,#13062,#13063,#13071,#13080,#13088)
  );
#13045 = ORIENTED_EDGE('',*,*,#13046,.F.);
#13046 = EDGE_CURVE('',#13047,#13049,#13051,.T.);
#13047 = VERTEX_POINT('',#13048);
#13048 = CARTESIAN_POINT('',(-5.237222008265E-15,15.75,9.8));
#13049 = VERTEX_POINT('',#13050);
#13050 = CARTESIAN_POINT('',(-0.2,15.75,9.8));
#13051 = LINE('',#13052,#13053);
#13052 = CARTESIAN_POINT('',(-5.237222008265E-15,15.75,9.8));
#13053 = VECTOR('',#13054,1.);
#13054 = DIRECTION('',(-1.,2.465190328816E-32,0.));
#13055 = ORIENTED_EDGE('',*,*,#13056,.F.);
#13056 = EDGE_CURVE('',#12982,#13047,#13057,.T.);
#13057 = CIRCLE('',#13058,0.5);
#13058 = AXIS2_PLACEMENT_3D('',#13059,#13060,#13061);
#13059 = CARTESIAN_POINT('',(0.,15.25,9.8));
#13060 = DIRECTION('',(0.,0.,1.));
#13061 = DIRECTION('',(-1.,2.465190328816E-32,0.));
#13062 = ORIENTED_EDGE('',*,*,#12989,.F.);
#13063 = ORIENTED_EDGE('',*,*,#13064,.F.);
#13064 = EDGE_CURVE('',#13065,#12963,#13067,.T.);
#13065 = VERTEX_POINT('',#13066);
#13066 = CARTESIAN_POINT('',(-0.2,14.75,9.8));
#13067 = LINE('',#13068,#13069);
#13068 = CARTESIAN_POINT('',(1.745740669422E-15,14.75,9.8));
#13069 = VECTOR('',#13070,1.);
#13070 = DIRECTION('',(1.,-2.465190328816E-32,-0.));
#13071 = ORIENTED_EDGE('',*,*,#13072,.F.);
#13072 = EDGE_CURVE('',#13073,#13065,#13075,.T.);
#13073 = VERTEX_POINT('',#13074);
#13074 = CARTESIAN_POINT('',(-0.2,14.89,9.8));
#13075 = CIRCLE('',#13076,7.E-02);
#13076 = AXIS2_PLACEMENT_3D('',#13077,#13078,#13079);
#13077 = CARTESIAN_POINT('',(-0.2,14.82,9.8));
#13078 = DIRECTION('',(0.,0.,1.));
#13079 = DIRECTION('',(-1.,2.465190328816E-32,0.));
#13080 = ORIENTED_EDGE('',*,*,#13081,.F.);
#13081 = EDGE_CURVE('',#13082,#13073,#13084,.T.);
#13082 = VERTEX_POINT('',#13083);
#13083 = CARTESIAN_POINT('',(-0.2,15.61,9.8));
#13084 = LINE('',#13085,#13086);
#13085 = CARTESIAN_POINT('',(-0.2,14.89,9.8));
#13086 = VECTOR('',#13087,1.);
#13087 = DIRECTION('',(-2.465190328816E-32,-1.,0.));
#13088 = ORIENTED_EDGE('',*,*,#13089,.F.);
#13089 = EDGE_CURVE('',#13049,#13082,#13090,.T.);
#13090 = CIRCLE('',#13091,7.E-02);
#13091 = AXIS2_PLACEMENT_3D('',#13092,#13093,#13094);
#13092 = CARTESIAN_POINT('',(-0.2,15.68,9.8));
#13093 = DIRECTION('',(-0.,0.,1.));
#13094 = DIRECTION('',(1.,-2.465190328816E-32,0.));
#13095 = FACE_BOUND('',#13096,.T.);
#13096 = EDGE_LOOP('',(#13097,#13107,#13116,#13124,#13132,#13141,#13150,
    #13159,#13167,#13176,#13184,#13193,#13201,#13210,#13218,#13227,
    #13235,#13244,#13252,#13261,#13269,#13278));
#13097 = ORIENTED_EDGE('',*,*,#13098,.T.);
#13098 = EDGE_CURVE('',#13099,#13101,#13103,.T.);
#13099 = VERTEX_POINT('',#13100);
#13100 = CARTESIAN_POINT('',(3.,13.260025125787,9.8));
#13101 = VERTEX_POINT('',#13102);
#13102 = CARTESIAN_POINT('',(3.,15.95,9.8));
#13103 = LINE('',#13104,#13105);
#13104 = CARTESIAN_POINT('',(3.,13.260025125787,9.8));
#13105 = VECTOR('',#13106,1.);
#13106 = DIRECTION('',(-2.719023729622E-16,1.,0.));
#13107 = ORIENTED_EDGE('',*,*,#13108,.T.);
#13108 = EDGE_CURVE('',#13101,#13109,#13111,.T.);
#13109 = VERTEX_POINT('',#13110);
#13110 = CARTESIAN_POINT('',(2.5,16.45,9.8));
#13111 = CIRCLE('',#13112,0.5);
#13112 = AXIS2_PLACEMENT_3D('',#13113,#13114,#13115);
#13113 = CARTESIAN_POINT('',(2.5,15.95,9.8));
#13114 = DIRECTION('',(0.,0.,1.));
#13115 = DIRECTION('',(-1.,2.465190328816E-32,0.));
#13116 = ORIENTED_EDGE('',*,*,#13117,.T.);
#13117 = EDGE_CURVE('',#13109,#13118,#13120,.T.);
#13118 = VERTEX_POINT('',#13119);
#13119 = CARTESIAN_POINT('',(-0.4,16.45,9.8));
#13120 = LINE('',#13121,#13122);
#13121 = CARTESIAN_POINT('',(3.,16.45,9.8));
#13122 = VECTOR('',#13123,1.);
#13123 = DIRECTION('',(-1.,6.37765983815E-17,0.));
#13124 = ORIENTED_EDGE('',*,*,#13125,.T.);
#13125 = EDGE_CURVE('',#13118,#13126,#13128,.T.);
#13126 = VERTEX_POINT('',#13127);
#13127 = CARTESIAN_POINT('',(-1.79153889139,17.84153889139,9.8));
#13128 = LINE('',#13129,#13130);
#13129 = CARTESIAN_POINT('',(-0.4,16.45,9.8));
#13130 = VECTOR('',#13131,1.);
#13131 = DIRECTION('',(-0.707106781187,0.707106781187,0.));
#13132 = ORIENTED_EDGE('',*,*,#13133,.T.);
#13133 = EDGE_CURVE('',#13126,#13134,#13136,.T.);
#13134 = VERTEX_POINT('',#13135);
#13135 = CARTESIAN_POINT('',(-2.49107490811,17.848950904151,9.8));
#13136 = CIRCLE('',#13137,0.5);
#13137 = AXIS2_PLACEMENT_3D('',#13138,#13139,#13140);
#13138 = CARTESIAN_POINT('',(-2.145092281983,17.487985500797,9.8));
#13139 = DIRECTION('',(0.,0.,1.));
#13140 = DIRECTION('',(-1.,2.465190328816E-32,0.));
#13141 = ORIENTED_EDGE('',*,*,#13142,.T.);
#13142 = EDGE_CURVE('',#13134,#13143,#13145,.T.);
#13143 = VERTEX_POINT('',#13144);
#13144 = CARTESIAN_POINT('',(-2.347826086957,12.520950226653,9.8));
#13145 = CIRCLE('',#13146,3.6);
#13146 = AXIS2_PLACEMENT_3D('',#13147,#13148,#13149);
#13147 = CARTESIAN_POINT('',(0.,15.25,9.8));
#13148 = DIRECTION('',(0.,0.,1.));
#13149 = DIRECTION('',(-1.,2.465190328816E-32,0.));
#13150 = ORIENTED_EDGE('',*,*,#13151,.T.);
#13151 = EDGE_CURVE('',#13143,#13152,#13154,.T.);
#13152 = VERTEX_POINT('',#13153);
#13153 = CARTESIAN_POINT('',(-2.,11.762880845167,9.8));
#13154 = CIRCLE('',#13155,1.);
#13155 = AXIS2_PLACEMENT_3D('',#13156,#13157,#13158);
#13156 = CARTESIAN_POINT('',(-3.,11.762880845167,9.8));
#13157 = DIRECTION('',(-0.,0.,-1.));
#13158 = DIRECTION('',(-1.,-1.734723475977E-15,0.));
#13159 = ORIENTED_EDGE('',*,*,#13160,.T.);
#13160 = EDGE_CURVE('',#13152,#13161,#13163,.T.);
#13161 = VERTEX_POINT('',#13162);
#13162 = CARTESIAN_POINT('',(-2.,7.05,9.8));
#13163 = LINE('',#13164,#13165);
#13164 = CARTESIAN_POINT('',(-2.,6.05,9.8));
#13165 = VECTOR('',#13166,1.);
#13166 = DIRECTION('',(-1.397466219959E-16,-1.,0.));
#13167 = ORIENTED_EDGE('',*,*,#13168,.T.);
#13168 = EDGE_CURVE('',#13161,#13169,#13171,.T.);
#13169 = VERTEX_POINT('',#13170);
#13170 = CARTESIAN_POINT('',(-3.,6.05,9.8));
#13171 = CIRCLE('',#13172,1.);
#13172 = AXIS2_PLACEMENT_3D('',#13173,#13174,#13175);
#13173 = CARTESIAN_POINT('',(-3.,7.05,9.8));
#13174 = DIRECTION('',(0.,0.,-1.));
#13175 = DIRECTION('',(-1.,2.465190328816E-32,0.));
#13176 = ORIENTED_EDGE('',*,*,#13177,.T.);
#13177 = EDGE_CURVE('',#13169,#13178,#13180,.T.);
#13178 = VERTEX_POINT('',#13179);
#13179 = CARTESIAN_POINT('',(-5.65,6.05,9.8));
#13180 = LINE('',#13181,#13182);
#13181 = CARTESIAN_POINT('',(-2.,6.05,9.8));
#13182 = VECTOR('',#13183,1.);
#13183 = DIRECTION('',(-1.,2.465190328816E-32,0.));
#13184 = ORIENTED_EDGE('',*,*,#13185,.T.);
#13185 = EDGE_CURVE('',#13178,#13186,#13188,.T.);
#13186 = VERTEX_POINT('',#13187);
#13187 = CARTESIAN_POINT('',(-6.15,5.55,9.8));
#13188 = CIRCLE('',#13189,0.5);
#13189 = AXIS2_PLACEMENT_3D('',#13190,#13191,#13192);
#13190 = CARTESIAN_POINT('',(-5.65,5.55,9.8));
#13191 = DIRECTION('',(0.,0.,1.));
#13192 = DIRECTION('',(-1.,2.465190328816E-32,0.));
#13193 = ORIENTED_EDGE('',*,*,#13194,.T.);
#13194 = EDGE_CURVE('',#13186,#13195,#13197,.T.);
#13195 = VERTEX_POINT('',#13196);
#13196 = CARTESIAN_POINT('',(-6.15,-3.75,9.8));
#13197 = LINE('',#13198,#13199);
#13198 = CARTESIAN_POINT('',(-6.15,6.05,9.8));
#13199 = VECTOR('',#13200,1.);
#13200 = DIRECTION('',(8.42098774746E-17,-1.,0.));
#13201 = ORIENTED_EDGE('',*,*,#13202,.T.);
#13202 = EDGE_CURVE('',#13195,#13203,#13205,.T.);
#13203 = VERTEX_POINT('',#13204);
#13204 = CARTESIAN_POINT('',(-5.65,-4.25,9.8));
#13205 = CIRCLE('',#13206,0.5);
#13206 = AXIS2_PLACEMENT_3D('',#13207,#13208,#13209);
#13207 = CARTESIAN_POINT('',(-5.65,-3.75,9.8));
#13208 = DIRECTION('',(0.,0.,1.));
#13209 = DIRECTION('',(-1.,2.465190328816E-32,0.));
#13210 = ORIENTED_EDGE('',*,*,#13211,.T.);
#13211 = EDGE_CURVE('',#13203,#13212,#13214,.T.);
#13212 = VERTEX_POINT('',#13213);
#13213 = CARTESIAN_POINT('',(5.65,-4.25,9.8));
#13214 = LINE('',#13215,#13216);
#13215 = CARTESIAN_POINT('',(-6.15,-4.25,9.8));
#13216 = VECTOR('',#13217,1.);
#13217 = DIRECTION('',(1.,1.12827543153E-15,0.));
#13218 = ORIENTED_EDGE('',*,*,#13219,.T.);
#13219 = EDGE_CURVE('',#13212,#13220,#13222,.T.);
#13220 = VERTEX_POINT('',#13221);
#13221 = CARTESIAN_POINT('',(6.15,-3.75,9.8));
#13222 = CIRCLE('',#13223,0.5);
#13223 = AXIS2_PLACEMENT_3D('',#13224,#13225,#13226);
#13224 = CARTESIAN_POINT('',(5.65,-3.75,9.8));
#13225 = DIRECTION('',(0.,0.,1.));
#13226 = DIRECTION('',(-1.,2.465190328816E-32,0.));
#13227 = ORIENTED_EDGE('',*,*,#13228,.T.);
#13228 = EDGE_CURVE('',#13220,#13229,#13231,.T.);
#13229 = VERTEX_POINT('',#13230);
#13230 = CARTESIAN_POINT('',(6.15,5.55,9.8));
#13231 = LINE('',#13232,#13233);
#13232 = CARTESIAN_POINT('',(6.15,6.05,9.8));
#13233 = VECTOR('',#13234,1.);
#13234 = DIRECTION('',(8.42098774746E-17,1.,0.));
#13235 = ORIENTED_EDGE('',*,*,#13236,.T.);
#13236 = EDGE_CURVE('',#13229,#13237,#13239,.T.);
#13237 = VERTEX_POINT('',#13238);
#13238 = CARTESIAN_POINT('',(5.65,6.05,9.8));
#13239 = CIRCLE('',#13240,0.5);
#13240 = AXIS2_PLACEMENT_3D('',#13241,#13242,#13243);
#13241 = CARTESIAN_POINT('',(5.65,5.55,9.8));
#13242 = DIRECTION('',(0.,0.,1.));
#13243 = DIRECTION('',(-1.,2.465190328816E-32,0.));
#13244 = ORIENTED_EDGE('',*,*,#13245,.T.);
#13245 = EDGE_CURVE('',#13237,#13246,#13248,.T.);
#13246 = VERTEX_POINT('',#13247);
#13247 = CARTESIAN_POINT('',(3.,6.05,9.8));
#13248 = LINE('',#13249,#13250);
#13249 = CARTESIAN_POINT('',(2.,6.05,9.8));
#13250 = VECTOR('',#13251,1.);
#13251 = DIRECTION('',(-1.,-1.672022627448E-15,0.));
#13252 = ORIENTED_EDGE('',*,*,#13253,.T.);
#13253 = EDGE_CURVE('',#13246,#13254,#13256,.T.);
#13254 = VERTEX_POINT('',#13255);
#13255 = CARTESIAN_POINT('',(2.,7.05,9.8));
#13256 = CIRCLE('',#13257,1.);
#13257 = AXIS2_PLACEMENT_3D('',#13258,#13259,#13260);
#13258 = CARTESIAN_POINT('',(3.,7.05,9.8));
#13259 = DIRECTION('',(0.,0.,-1.));
#13260 = DIRECTION('',(-1.,2.465190328816E-32,0.));
#13261 = ORIENTED_EDGE('',*,*,#13262,.T.);
#13262 = EDGE_CURVE('',#13254,#13263,#13265,.T.);
#13263 = VERTEX_POINT('',#13264);
#13264 = CARTESIAN_POINT('',(2.,11.762880845167,9.8));
#13265 = LINE('',#13266,#13267);
#13266 = CARTESIAN_POINT('',(2.,6.05,9.8));
#13267 = VECTOR('',#13268,1.);
#13268 = DIRECTION('',(-1.397466219959E-16,1.,0.));
#13269 = ORIENTED_EDGE('',*,*,#13270,.T.);
#13270 = EDGE_CURVE('',#13263,#13271,#13273,.T.);
#13271 = VERTEX_POINT('',#13272);
#13272 = CARTESIAN_POINT('',(2.347826086957,12.520950226653,9.8));
#13273 = CIRCLE('',#13274,1.);
#13274 = AXIS2_PLACEMENT_3D('',#13275,#13276,#13277);
#13275 = CARTESIAN_POINT('',(3.,11.762880845167,9.8));
#13276 = DIRECTION('',(0.,0.,-1.));
#13277 = DIRECTION('',(-1.,2.465190328816E-32,0.));
#13278 = ORIENTED_EDGE('',*,*,#13279,.T.);
#13279 = EDGE_CURVE('',#13271,#13099,#13280,.T.);
#13280 = CIRCLE('',#13281,3.6);
#13281 = AXIS2_PLACEMENT_3D('',#13282,#13283,#13284);
#13282 = CARTESIAN_POINT('',(0.,15.25,9.8));
#13283 = DIRECTION('',(0.,0.,1.));
#13284 = DIRECTION('',(-1.,2.465190328816E-32,0.));
#13285 = FACE_BOUND('',#13286,.T.);
#13286 = EDGE_LOOP('',(#13287,#13288));
#13287 = ORIENTED_EDGE('',*,*,#13031,.F.);
#13288 = ORIENTED_EDGE('',*,*,#13289,.F.);
#13289 = EDGE_CURVE('',#13024,#13005,#13290,.T.);
#13290 = CIRCLE('',#13291,0.625);
#13291 = AXIS2_PLACEMENT_3D('',#13292,#13293,#13294);
#13292 = CARTESIAN_POINT('',(1.376583447243,13.284035093706,9.8));
#13293 = DIRECTION('',(0.,0.,1.));
#13294 = DIRECTION('',(-1.,2.465190328816E-32,0.));
#13295 = FACE_BOUND('',#13296,.T.);
#13296 = EDGE_LOOP('',(#13297,#13298));
#13297 = ORIENTED_EDGE('',*,*,#12947,.F.);
#13298 = ORIENTED_EDGE('',*,*,#13299,.F.);
#13299 = EDGE_CURVE('',#12940,#12921,#13300,.T.);
#13300 = CIRCLE('',#13301,0.625);
#13301 = AXIS2_PLACEMENT_3D('',#13302,#13303,#13304);
#13302 = CARTESIAN_POINT('',(-2.078460969083,16.45,9.8));
#13303 = DIRECTION('',(0.,0.,1.));
#13304 = DIRECTION('',(-1.,2.465190328816E-32,0.));
#13305 = PLANE('',#13306);
#13306 = AXIS2_PLACEMENT_3D('',#13307,#13308,#13309);
#13307 = CARTESIAN_POINT('',(0.,15.25,9.8));
#13308 = DIRECTION('',(0.,0.,1.));
#13309 = DIRECTION('',(-1.,2.465190328816E-32,0.));
#13310 = ADVANCED_FACE('',(#13311,#13363,#13553,#13563),#13573,.F.);
#13311 = FACE_BOUND('',#13312,.T.);
#13312 = EDGE_LOOP('',(#13313,#13314,#13323,#13331,#13340,#13348,#13357)
  );
#13313 = ORIENTED_EDGE('',*,*,#12972,.T.);
#13314 = ORIENTED_EDGE('',*,*,#13315,.T.);
#13315 = EDGE_CURVE('',#12973,#13316,#13318,.T.);
#13316 = VERTEX_POINT('',#13317);
#13317 = CARTESIAN_POINT('',(-5.237222008265E-15,15.75,9.5));
#13318 = CIRCLE('',#13319,0.5);
#13319 = AXIS2_PLACEMENT_3D('',#13320,#13321,#13322);
#13320 = CARTESIAN_POINT('',(0.,15.25,9.5));
#13321 = DIRECTION('',(0.,0.,1.));
#13322 = DIRECTION('',(-1.,2.465190328816E-32,0.));
#13323 = ORIENTED_EDGE('',*,*,#13324,.T.);
#13324 = EDGE_CURVE('',#13316,#13325,#13327,.T.);
#13325 = VERTEX_POINT('',#13326);
#13326 = CARTESIAN_POINT('',(-0.2,15.75,9.5));
#13327 = LINE('',#13328,#13329);
#13328 = CARTESIAN_POINT('',(-5.237222008265E-15,15.75,9.5));
#13329 = VECTOR('',#13330,1.);
#13330 = DIRECTION('',(-1.,2.465190328816E-32,0.));
#13331 = ORIENTED_EDGE('',*,*,#13332,.T.);
#13332 = EDGE_CURVE('',#13325,#13333,#13335,.T.);
#13333 = VERTEX_POINT('',#13334);
#13334 = CARTESIAN_POINT('',(-0.2,15.61,9.5));
#13335 = CIRCLE('',#13336,7.E-02);
#13336 = AXIS2_PLACEMENT_3D('',#13337,#13338,#13339);
#13337 = CARTESIAN_POINT('',(-0.2,15.68,9.5));
#13338 = DIRECTION('',(-0.,0.,1.));
#13339 = DIRECTION('',(1.,-2.465190328816E-32,0.));
#13340 = ORIENTED_EDGE('',*,*,#13341,.T.);
#13341 = EDGE_CURVE('',#13333,#13342,#13344,.T.);
#13342 = VERTEX_POINT('',#13343);
#13343 = CARTESIAN_POINT('',(-0.2,14.89,9.5));
#13344 = LINE('',#13345,#13346);
#13345 = CARTESIAN_POINT('',(-0.2,14.89,9.5));
#13346 = VECTOR('',#13347,1.);
#13347 = DIRECTION('',(-2.465190328816E-32,-1.,0.));
#13348 = ORIENTED_EDGE('',*,*,#13349,.T.);
#13349 = EDGE_CURVE('',#13342,#13350,#13352,.T.);
#13350 = VERTEX_POINT('',#13351);
#13351 = CARTESIAN_POINT('',(-0.2,14.75,9.5));
#13352 = CIRCLE('',#13353,7.E-02);
#13353 = AXIS2_PLACEMENT_3D('',#13354,#13355,#13356);
#13354 = CARTESIAN_POINT('',(-0.2,14.82,9.5));
#13355 = DIRECTION('',(0.,0.,1.));
#13356 = DIRECTION('',(-1.,2.465190328816E-32,0.));
#13357 = ORIENTED_EDGE('',*,*,#13358,.T.);
#13358 = EDGE_CURVE('',#13350,#12965,#13359,.T.);
#13359 = LINE('',#13360,#13361);
#13360 = CARTESIAN_POINT('',(1.745740669422E-15,14.75,9.5));
#13361 = VECTOR('',#13362,1.);
#13362 = DIRECTION('',(1.,-2.465190328816E-32,-0.));
#13363 = FACE_BOUND('',#13364,.T.);
#13364 = EDGE_LOOP('',(#13365,#13375,#13384,#13392,#13401,#13410,#13418,
    #13427,#13435,#13444,#13452,#13461,#13469,#13478,#13486,#13495,
    #13503,#13512,#13520,#13529,#13538,#13547));
#13365 = ORIENTED_EDGE('',*,*,#13366,.F.);
#13366 = EDGE_CURVE('',#13367,#13369,#13371,.T.);
#13367 = VERTEX_POINT('',#13368);
#13368 = CARTESIAN_POINT('',(2.5,16.45,9.5));
#13369 = VERTEX_POINT('',#13370);
#13370 = CARTESIAN_POINT('',(-0.4,16.45,9.5));
#13371 = LINE('',#13372,#13373);
#13372 = CARTESIAN_POINT('',(3.,16.45,9.5));
#13373 = VECTOR('',#13374,1.);
#13374 = DIRECTION('',(-1.,6.37765983815E-17,0.));
#13375 = ORIENTED_EDGE('',*,*,#13376,.T.);
#13376 = EDGE_CURVE('',#13367,#13377,#13379,.T.);
#13377 = VERTEX_POINT('',#13378);
#13378 = CARTESIAN_POINT('',(3.,15.95,9.5));
#13379 = CIRCLE('',#13380,0.5);
#13380 = AXIS2_PLACEMENT_3D('',#13381,#13382,#13383);
#13381 = CARTESIAN_POINT('',(2.5,15.95,9.5));
#13382 = DIRECTION('',(0.,0.,-1.));
#13383 = DIRECTION('',(-1.,2.465190328816E-32,0.));
#13384 = ORIENTED_EDGE('',*,*,#13385,.F.);
#13385 = EDGE_CURVE('',#13386,#13377,#13388,.T.);
#13386 = VERTEX_POINT('',#13387);
#13387 = CARTESIAN_POINT('',(3.,13.260025125787,9.5));
#13388 = LINE('',#13389,#13390);
#13389 = CARTESIAN_POINT('',(3.,13.260025125787,9.5));
#13390 = VECTOR('',#13391,1.);
#13391 = DIRECTION('',(-2.719023729622E-16,1.,0.));
#13392 = ORIENTED_EDGE('',*,*,#13393,.F.);
#13393 = EDGE_CURVE('',#13394,#13386,#13396,.T.);
#13394 = VERTEX_POINT('',#13395);
#13395 = CARTESIAN_POINT('',(2.347826086957,12.520950226653,9.5));
#13396 = CIRCLE('',#13397,3.6);
#13397 = AXIS2_PLACEMENT_3D('',#13398,#13399,#13400);
#13398 = CARTESIAN_POINT('',(0.,15.25,9.5));
#13399 = DIRECTION('',(0.,0.,1.));
#13400 = DIRECTION('',(-1.,2.465190328816E-32,0.));
#13401 = ORIENTED_EDGE('',*,*,#13402,.T.);
#13402 = EDGE_CURVE('',#13394,#13403,#13405,.T.);
#13403 = VERTEX_POINT('',#13404);
#13404 = CARTESIAN_POINT('',(2.,11.762880845167,9.5));
#13405 = CIRCLE('',#13406,1.);
#13406 = AXIS2_PLACEMENT_3D('',#13407,#13408,#13409);
#13407 = CARTESIAN_POINT('',(3.,11.762880845167,9.5));
#13408 = DIRECTION('',(0.,0.,1.));
#13409 = DIRECTION('',(-1.,2.465190328816E-32,0.));
#13410 = ORIENTED_EDGE('',*,*,#13411,.F.);
#13411 = EDGE_CURVE('',#13412,#13403,#13414,.T.);
#13412 = VERTEX_POINT('',#13413);
#13413 = CARTESIAN_POINT('',(2.,7.05,9.5));
#13414 = LINE('',#13415,#13416);
#13415 = CARTESIAN_POINT('',(2.,6.05,9.5));
#13416 = VECTOR('',#13417,1.);
#13417 = DIRECTION('',(-1.397466219959E-16,1.,0.));
#13418 = ORIENTED_EDGE('',*,*,#13419,.T.);
#13419 = EDGE_CURVE('',#13412,#13420,#13422,.T.);
#13420 = VERTEX_POINT('',#13421);
#13421 = CARTESIAN_POINT('',(3.,6.05,9.5));
#13422 = CIRCLE('',#13423,1.);
#13423 = AXIS2_PLACEMENT_3D('',#13424,#13425,#13426);
#13424 = CARTESIAN_POINT('',(3.,7.05,9.5));
#13425 = DIRECTION('',(0.,0.,1.));
#13426 = DIRECTION('',(-1.,2.465190328816E-32,0.));
#13427 = ORIENTED_EDGE('',*,*,#13428,.F.);
#13428 = EDGE_CURVE('',#13429,#13420,#13431,.T.);
#13429 = VERTEX_POINT('',#13430);
#13430 = CARTESIAN_POINT('',(5.65,6.05,9.5));
#13431 = LINE('',#13432,#13433);
#13432 = CARTESIAN_POINT('',(2.,6.05,9.5));
#13433 = VECTOR('',#13434,1.);
#13434 = DIRECTION('',(-1.,-1.672022627448E-15,0.));
#13435 = ORIENTED_EDGE('',*,*,#13436,.T.);
#13436 = EDGE_CURVE('',#13429,#13437,#13439,.T.);
#13437 = VERTEX_POINT('',#13438);
#13438 = CARTESIAN_POINT('',(6.15,5.55,9.5));
#13439 = CIRCLE('',#13440,0.5);
#13440 = AXIS2_PLACEMENT_3D('',#13441,#13442,#13443);
#13441 = CARTESIAN_POINT('',(5.65,5.55,9.5));
#13442 = DIRECTION('',(0.,0.,-1.));
#13443 = DIRECTION('',(-1.,2.465190328816E-32,0.));
#13444 = ORIENTED_EDGE('',*,*,#13445,.F.);
#13445 = EDGE_CURVE('',#13446,#13437,#13448,.T.);
#13446 = VERTEX_POINT('',#13447);
#13447 = CARTESIAN_POINT('',(6.15,-3.75,9.5));
#13448 = LINE('',#13449,#13450);
#13449 = CARTESIAN_POINT('',(6.15,6.05,9.5));
#13450 = VECTOR('',#13451,1.);
#13451 = DIRECTION('',(8.42098774746E-17,1.,0.));
#13452 = ORIENTED_EDGE('',*,*,#13453,.T.);
#13453 = EDGE_CURVE('',#13446,#13454,#13456,.T.);
#13454 = VERTEX_POINT('',#13455);
#13455 = CARTESIAN_POINT('',(5.65,-4.25,9.5));
#13456 = CIRCLE('',#13457,0.5);
#13457 = AXIS2_PLACEMENT_3D('',#13458,#13459,#13460);
#13458 = CARTESIAN_POINT('',(5.65,-3.75,9.5));
#13459 = DIRECTION('',(0.,0.,-1.));
#13460 = DIRECTION('',(-1.,2.465190328816E-32,0.));
#13461 = ORIENTED_EDGE('',*,*,#13462,.F.);
#13462 = EDGE_CURVE('',#13463,#13454,#13465,.T.);
#13463 = VERTEX_POINT('',#13464);
#13464 = CARTESIAN_POINT('',(-5.65,-4.25,9.5));
#13465 = LINE('',#13466,#13467);
#13466 = CARTESIAN_POINT('',(-6.15,-4.25,9.5));
#13467 = VECTOR('',#13468,1.);
#13468 = DIRECTION('',(1.,1.12827543153E-15,0.));
#13469 = ORIENTED_EDGE('',*,*,#13470,.T.);
#13470 = EDGE_CURVE('',#13463,#13471,#13473,.T.);
#13471 = VERTEX_POINT('',#13472);
#13472 = CARTESIAN_POINT('',(-6.15,-3.75,9.5));
#13473 = CIRCLE('',#13474,0.5);
#13474 = AXIS2_PLACEMENT_3D('',#13475,#13476,#13477);
#13475 = CARTESIAN_POINT('',(-5.65,-3.75,9.5));
#13476 = DIRECTION('',(-0.,0.,-1.));
#13477 = DIRECTION('',(-1.,-2.081668171172E-14,0.));
#13478 = ORIENTED_EDGE('',*,*,#13479,.F.);
#13479 = EDGE_CURVE('',#13480,#13471,#13482,.T.);
#13480 = VERTEX_POINT('',#13481);
#13481 = CARTESIAN_POINT('',(-6.15,5.55,9.5));
#13482 = LINE('',#13483,#13484);
#13483 = CARTESIAN_POINT('',(-6.15,6.05,9.5));
#13484 = VECTOR('',#13485,1.);
#13485 = DIRECTION('',(8.42098774746E-17,-1.,0.));
#13486 = ORIENTED_EDGE('',*,*,#13487,.T.);
#13487 = EDGE_CURVE('',#13480,#13488,#13490,.T.);
#13488 = VERTEX_POINT('',#13489);
#13489 = CARTESIAN_POINT('',(-5.65,6.05,9.5));
#13490 = CIRCLE('',#13491,0.5);
#13491 = AXIS2_PLACEMENT_3D('',#13492,#13493,#13494);
#13492 = CARTESIAN_POINT('',(-5.65,5.55,9.5));
#13493 = DIRECTION('',(0.,0.,-1.));
#13494 = DIRECTION('',(-1.,2.465190328816E-32,0.));
#13495 = ORIENTED_EDGE('',*,*,#13496,.F.);
#13496 = EDGE_CURVE('',#13497,#13488,#13499,.T.);
#13497 = VERTEX_POINT('',#13498);
#13498 = CARTESIAN_POINT('',(-3.,6.05,9.5));
#13499 = LINE('',#13500,#13501);
#13500 = CARTESIAN_POINT('',(-2.,6.05,9.5));
#13501 = VECTOR('',#13502,1.);
#13502 = DIRECTION('',(-1.,2.465190328816E-32,0.));
#13503 = ORIENTED_EDGE('',*,*,#13504,.T.);
#13504 = EDGE_CURVE('',#13497,#13505,#13507,.T.);
#13505 = VERTEX_POINT('',#13506);
#13506 = CARTESIAN_POINT('',(-2.,7.05,9.5));
#13507 = CIRCLE('',#13508,1.);
#13508 = AXIS2_PLACEMENT_3D('',#13509,#13510,#13511);
#13509 = CARTESIAN_POINT('',(-3.,7.05,9.5));
#13510 = DIRECTION('',(0.,0.,1.));
#13511 = DIRECTION('',(-1.,2.465190328816E-32,0.));
#13512 = ORIENTED_EDGE('',*,*,#13513,.F.);
#13513 = EDGE_CURVE('',#13514,#13505,#13516,.T.);
#13514 = VERTEX_POINT('',#13515);
#13515 = CARTESIAN_POINT('',(-2.,11.762880845167,9.5));
#13516 = LINE('',#13517,#13518);
#13517 = CARTESIAN_POINT('',(-2.,6.05,9.5));
#13518 = VECTOR('',#13519,1.);
#13519 = DIRECTION('',(-1.397466219959E-16,-1.,0.));
#13520 = ORIENTED_EDGE('',*,*,#13521,.T.);
#13521 = EDGE_CURVE('',#13514,#13522,#13524,.T.);
#13522 = VERTEX_POINT('',#13523);
#13523 = CARTESIAN_POINT('',(-2.347826086957,12.520950226653,9.5));
#13524 = CIRCLE('',#13525,1.);
#13525 = AXIS2_PLACEMENT_3D('',#13526,#13527,#13528);
#13526 = CARTESIAN_POINT('',(-3.,11.762880845167,9.5));
#13527 = DIRECTION('',(0.,0.,1.));
#13528 = DIRECTION('',(-1.,2.465190328816E-32,0.));
#13529 = ORIENTED_EDGE('',*,*,#13530,.F.);
#13530 = EDGE_CURVE('',#13531,#13522,#13533,.T.);
#13531 = VERTEX_POINT('',#13532);
#13532 = CARTESIAN_POINT('',(-2.49107490811,17.848950904151,9.5));
#13533 = CIRCLE('',#13534,3.6);
#13534 = AXIS2_PLACEMENT_3D('',#13535,#13536,#13537);
#13535 = CARTESIAN_POINT('',(0.,15.25,9.5));
#13536 = DIRECTION('',(0.,0.,1.));
#13537 = DIRECTION('',(-1.,2.465190328816E-32,0.));
#13538 = ORIENTED_EDGE('',*,*,#13539,.T.);
#13539 = EDGE_CURVE('',#13531,#13540,#13542,.T.);
#13540 = VERTEX_POINT('',#13541);
#13541 = CARTESIAN_POINT('',(-1.79153889139,17.84153889139,9.5));
#13542 = CIRCLE('',#13543,0.5);
#13543 = AXIS2_PLACEMENT_3D('',#13544,#13545,#13546);
#13544 = CARTESIAN_POINT('',(-2.145092281983,17.487985500797,9.5));
#13545 = DIRECTION('',(-0.,0.,-1.));
#13546 = DIRECTION('',(-1.,-8.673617379884E-16,0.));
#13547 = ORIENTED_EDGE('',*,*,#13548,.F.);
#13548 = EDGE_CURVE('',#13369,#13540,#13549,.T.);
#13549 = LINE('',#13550,#13551);
#13550 = CARTESIAN_POINT('',(-0.4,16.45,9.5));
#13551 = VECTOR('',#13552,1.);
#13552 = DIRECTION('',(-0.707106781187,0.707106781187,0.));
#13553 = FACE_BOUND('',#13554,.T.);
#13554 = EDGE_LOOP('',(#13555,#13556));
#13555 = ORIENTED_EDGE('',*,*,#13014,.T.);
#13556 = ORIENTED_EDGE('',*,*,#13557,.T.);
#13557 = EDGE_CURVE('',#13015,#13007,#13558,.T.);
#13558 = CIRCLE('',#13559,0.625);
#13559 = AXIS2_PLACEMENT_3D('',#13560,#13561,#13562);
#13560 = CARTESIAN_POINT('',(1.376583447243,13.284035093706,9.5));
#13561 = DIRECTION('',(0.,0.,1.));
#13562 = DIRECTION('',(-1.,2.465190328816E-32,0.));
#13563 = FACE_BOUND('',#13564,.T.);
#13564 = EDGE_LOOP('',(#13565,#13566));
#13565 = ORIENTED_EDGE('',*,*,#12930,.T.);
#13566 = ORIENTED_EDGE('',*,*,#13567,.T.);
#13567 = EDGE_CURVE('',#12931,#12923,#13568,.T.);
#13568 = CIRCLE('',#13569,0.625);
#13569 = AXIS2_PLACEMENT_3D('',#13570,#13571,#13572);
#13570 = CARTESIAN_POINT('',(-2.078460969083,16.45,9.5));
#13571 = DIRECTION('',(0.,0.,1.));
#13572 = DIRECTION('',(-1.,2.465190328816E-32,0.));
#13573 = PLANE('',#13574);
#13574 = AXIS2_PLACEMENT_3D('',#13575,#13576,#13577);
#13575 = CARTESIAN_POINT('',(0.,15.25,9.5));
#13576 = DIRECTION('',(0.,0.,1.));
#13577 = DIRECTION('',(-1.,2.465190328816E-32,0.));
#13578 = ADVANCED_FACE('',(#13579),#13595,.F.);
#13579 = FACE_BOUND('',#13580,.T.);
#13580 = EDGE_LOOP('',(#13581,#13582,#13588,#13589));
#13581 = ORIENTED_EDGE('',*,*,#13160,.F.);
#13582 = ORIENTED_EDGE('',*,*,#13583,.T.);
#13583 = EDGE_CURVE('',#13152,#13514,#13584,.T.);
#13584 = LINE('',#13585,#13586);
#13585 = CARTESIAN_POINT('',(-2.,11.762880845167,9.5));
#13586 = VECTOR('',#13587,1.);
#13587 = DIRECTION('',(-0.,0.,-1.));
#13588 = ORIENTED_EDGE('',*,*,#13513,.T.);
#13589 = ORIENTED_EDGE('',*,*,#13590,.T.);
#13590 = EDGE_CURVE('',#13505,#13161,#13591,.T.);
#13591 = LINE('',#13592,#13593);
#13592 = CARTESIAN_POINT('',(-2.,7.05,9.8));
#13593 = VECTOR('',#13594,1.);
#13594 = DIRECTION('',(0.,0.,1.));
#13595 = PLANE('',#13596);
#13596 = AXIS2_PLACEMENT_3D('',#13597,#13598,#13599);
#13597 = CARTESIAN_POINT('',(-2.,6.05,9.8));
#13598 = DIRECTION('',(1.,-1.397466219959E-16,0.));
#13599 = DIRECTION('',(1.397466219959E-16,1.,0.));
#13600 = ADVANCED_FACE('',(#13601),#13617,.F.);
#13601 = FACE_BOUND('',#13602,.T.);
#13602 = EDGE_LOOP('',(#13603,#13604,#13610,#13611));
#13603 = ORIENTED_EDGE('',*,*,#13177,.F.);
#13604 = ORIENTED_EDGE('',*,*,#13605,.T.);
#13605 = EDGE_CURVE('',#13169,#13497,#13606,.T.);
#13606 = LINE('',#13607,#13608);
#13607 = CARTESIAN_POINT('',(-3.,6.05,9.5));
#13608 = VECTOR('',#13609,1.);
#13609 = DIRECTION('',(-0.,0.,-1.));
#13610 = ORIENTED_EDGE('',*,*,#13496,.T.);
#13611 = ORIENTED_EDGE('',*,*,#13612,.T.);
#13612 = EDGE_CURVE('',#13488,#13178,#13613,.T.);
#13613 = LINE('',#13614,#13615);
#13614 = CARTESIAN_POINT('',(-5.65,6.05,9.8));
#13615 = VECTOR('',#13616,1.);
#13616 = DIRECTION('',(0.,0.,1.));
#13617 = PLANE('',#13618);
#13618 = AXIS2_PLACEMENT_3D('',#13619,#13620,#13621);
#13619 = CARTESIAN_POINT('',(-2.,6.05,9.8));
#13620 = DIRECTION('',(-2.465190328816E-32,-1.,0.));
#13621 = DIRECTION('',(0.,0.,1.));
#13622 = ADVANCED_FACE('',(#13623),#13639,.F.);
#13623 = FACE_BOUND('',#13624,.T.);
#13624 = EDGE_LOOP('',(#13625,#13626,#13632,#13633));
#13625 = ORIENTED_EDGE('',*,*,#13194,.F.);
#13626 = ORIENTED_EDGE('',*,*,#13627,.T.);
#13627 = EDGE_CURVE('',#13186,#13480,#13628,.T.);
#13628 = LINE('',#13629,#13630);
#13629 = CARTESIAN_POINT('',(-6.15,5.55,9.8));
#13630 = VECTOR('',#13631,1.);
#13631 = DIRECTION('',(-0.,0.,-1.));
#13632 = ORIENTED_EDGE('',*,*,#13479,.T.);
#13633 = ORIENTED_EDGE('',*,*,#13634,.T.);
#13634 = EDGE_CURVE('',#13471,#13195,#13635,.T.);
#13635 = LINE('',#13636,#13637);
#13636 = CARTESIAN_POINT('',(-6.15,-3.75,9.8));
#13637 = VECTOR('',#13638,1.);
#13638 = DIRECTION('',(0.,0.,1.));
#13639 = PLANE('',#13640);
#13640 = AXIS2_PLACEMENT_3D('',#13641,#13642,#13643);
#13641 = CARTESIAN_POINT('',(-6.15,6.05,9.8));
#13642 = DIRECTION('',(1.,8.42098774746E-17,0.));
#13643 = DIRECTION('',(-8.42098774746E-17,1.,0.));
#13644 = ADVANCED_FACE('',(#13645),#13661,.F.);
#13645 = FACE_BOUND('',#13646,.T.);
#13646 = EDGE_LOOP('',(#13647,#13648,#13654,#13655));
#13647 = ORIENTED_EDGE('',*,*,#13211,.F.);
#13648 = ORIENTED_EDGE('',*,*,#13649,.T.);
#13649 = EDGE_CURVE('',#13203,#13463,#13650,.T.);
#13650 = LINE('',#13651,#13652);
#13651 = CARTESIAN_POINT('',(-5.65,-4.25,9.8));
#13652 = VECTOR('',#13653,1.);
#13653 = DIRECTION('',(-0.,0.,-1.));
#13654 = ORIENTED_EDGE('',*,*,#13462,.T.);
#13655 = ORIENTED_EDGE('',*,*,#13656,.T.);
#13656 = EDGE_CURVE('',#13454,#13212,#13657,.T.);
#13657 = LINE('',#13658,#13659);
#13658 = CARTESIAN_POINT('',(5.65,-4.25,9.8));
#13659 = VECTOR('',#13660,1.);
#13660 = DIRECTION('',(0.,0.,1.));
#13661 = PLANE('',#13662);
#13662 = AXIS2_PLACEMENT_3D('',#13663,#13664,#13665);
#13663 = CARTESIAN_POINT('',(-6.15,-4.25,9.8));
#13664 = DIRECTION('',(-1.12827543153E-15,1.,0.));
#13665 = DIRECTION('',(-1.,-1.12827543153E-15,0.));
#13666 = ADVANCED_FACE('',(#13667),#13683,.F.);
#13667 = FACE_BOUND('',#13668,.T.);
#13668 = EDGE_LOOP('',(#13669,#13670,#13676,#13677));
#13669 = ORIENTED_EDGE('',*,*,#13445,.T.);
#13670 = ORIENTED_EDGE('',*,*,#13671,.T.);
#13671 = EDGE_CURVE('',#13437,#13229,#13672,.T.);
#13672 = LINE('',#13673,#13674);
#13673 = CARTESIAN_POINT('',(6.15,5.55,9.8));
#13674 = VECTOR('',#13675,1.);
#13675 = DIRECTION('',(0.,0.,1.));
#13676 = ORIENTED_EDGE('',*,*,#13228,.F.);
#13677 = ORIENTED_EDGE('',*,*,#13678,.T.);
#13678 = EDGE_CURVE('',#13220,#13446,#13679,.T.);
#13679 = LINE('',#13680,#13681);
#13680 = CARTESIAN_POINT('',(6.15,-3.75,9.8));
#13681 = VECTOR('',#13682,1.);
#13682 = DIRECTION('',(-0.,0.,-1.));
#13683 = PLANE('',#13684);
#13684 = AXIS2_PLACEMENT_3D('',#13685,#13686,#13687);
#13685 = CARTESIAN_POINT('',(6.15,6.05,9.8));
#13686 = DIRECTION('',(-1.,8.42098774746E-17,0.));
#13687 = DIRECTION('',(-8.42098774746E-17,-1.,0.));
#13688 = ADVANCED_FACE('',(#13689),#13705,.F.);
#13689 = FACE_BOUND('',#13690,.T.);
#13690 = EDGE_LOOP('',(#13691,#13692,#13698,#13699));
#13691 = ORIENTED_EDGE('',*,*,#13428,.T.);
#13692 = ORIENTED_EDGE('',*,*,#13693,.T.);
#13693 = EDGE_CURVE('',#13420,#13246,#13694,.T.);
#13694 = LINE('',#13695,#13696);
#13695 = CARTESIAN_POINT('',(3.,6.05,9.8));
#13696 = VECTOR('',#13697,1.);
#13697 = DIRECTION('',(0.,0.,1.));
#13698 = ORIENTED_EDGE('',*,*,#13245,.F.);
#13699 = ORIENTED_EDGE('',*,*,#13700,.T.);
#13700 = EDGE_CURVE('',#13237,#13429,#13701,.T.);
#13701 = LINE('',#13702,#13703);
#13702 = CARTESIAN_POINT('',(5.65,6.05,9.8));
#13703 = VECTOR('',#13704,1.);
#13704 = DIRECTION('',(-0.,0.,-1.));
#13705 = PLANE('',#13706);
#13706 = AXIS2_PLACEMENT_3D('',#13707,#13708,#13709);
#13707 = CARTESIAN_POINT('',(2.,6.05,9.8));
#13708 = DIRECTION('',(1.672022627448E-15,-1.,0.));
#13709 = DIRECTION('',(1.,1.672022627448E-15,0.));
#13710 = ADVANCED_FACE('',(#13711),#13727,.F.);
#13711 = FACE_BOUND('',#13712,.T.);
#13712 = EDGE_LOOP('',(#13713,#13714,#13720,#13721));
#13713 = ORIENTED_EDGE('',*,*,#13411,.T.);
#13714 = ORIENTED_EDGE('',*,*,#13715,.T.);
#13715 = EDGE_CURVE('',#13403,#13263,#13716,.T.);
#13716 = LINE('',#13717,#13718);
#13717 = CARTESIAN_POINT('',(2.,11.762880845167,9.8));
#13718 = VECTOR('',#13719,1.);
#13719 = DIRECTION('',(0.,0.,1.));
#13720 = ORIENTED_EDGE('',*,*,#13262,.F.);
#13721 = ORIENTED_EDGE('',*,*,#13722,.T.);
#13722 = EDGE_CURVE('',#13254,#13412,#13723,.T.);
#13723 = LINE('',#13724,#13725);
#13724 = CARTESIAN_POINT('',(2.,7.05,9.5));
#13725 = VECTOR('',#13726,1.);
#13726 = DIRECTION('',(-0.,0.,-1.));
#13727 = PLANE('',#13728);
#13728 = AXIS2_PLACEMENT_3D('',#13729,#13730,#13731);
#13729 = CARTESIAN_POINT('',(2.,6.05,9.8));
#13730 = DIRECTION('',(-1.,-1.397466219959E-16,0.));
#13731 = DIRECTION('',(1.397466219959E-16,-1.,0.));
#13732 = ADVANCED_FACE('',(#13733),#13749,.T.);
#13733 = FACE_BOUND('',#13734,.T.);
#13734 = EDGE_LOOP('',(#13735,#13736,#13742,#13743));
#13735 = ORIENTED_EDGE('',*,*,#13279,.F.);
#13736 = ORIENTED_EDGE('',*,*,#13737,.T.);
#13737 = EDGE_CURVE('',#13271,#13394,#13738,.T.);
#13738 = LINE('',#13739,#13740);
#13739 = CARTESIAN_POINT('',(2.347826086957,12.520950226653,9.8));
#13740 = VECTOR('',#13741,1.);
#13741 = DIRECTION('',(-0.,0.,-1.));
#13742 = ORIENTED_EDGE('',*,*,#13393,.T.);
#13743 = ORIENTED_EDGE('',*,*,#13744,.F.);
#13744 = EDGE_CURVE('',#13099,#13386,#13745,.T.);
#13745 = LINE('',#13746,#13747);
#13746 = CARTESIAN_POINT('',(3.,13.260025125787,9.8));
#13747 = VECTOR('',#13748,1.);
#13748 = DIRECTION('',(-0.,0.,-1.));
#13749 = CYLINDRICAL_SURFACE('',#13750,3.6);
#13750 = AXIS2_PLACEMENT_3D('',#13751,#13752,#13753);
#13751 = CARTESIAN_POINT('',(0.,15.25,9.8));
#13752 = DIRECTION('',(-0.,0.,-1.));
#13753 = DIRECTION('',(1.,-2.465190328816E-32,-0.));
#13754 = ADVANCED_FACE('',(#13755),#13766,.F.);
#13755 = FACE_BOUND('',#13756,.T.);
#13756 = EDGE_LOOP('',(#13757,#13758,#13764,#13765));
#13757 = ORIENTED_EDGE('',*,*,#13385,.T.);
#13758 = ORIENTED_EDGE('',*,*,#13759,.T.);
#13759 = EDGE_CURVE('',#13377,#13101,#13760,.T.);
#13760 = LINE('',#13761,#13762);
#13761 = CARTESIAN_POINT('',(3.,15.95,9.8));
#13762 = VECTOR('',#13763,1.);
#13763 = DIRECTION('',(0.,0.,1.));
#13764 = ORIENTED_EDGE('',*,*,#13098,.F.);
#13765 = ORIENTED_EDGE('',*,*,#13744,.T.);
#13766 = PLANE('',#13767);
#13767 = AXIS2_PLACEMENT_3D('',#13768,#13769,#13770);
#13768 = CARTESIAN_POINT('',(3.,13.260025125787,9.8));
#13769 = DIRECTION('',(-1.,-2.719023729622E-16,0.));
#13770 = DIRECTION('',(2.719023729622E-16,-1.,0.));
#13771 = ADVANCED_FACE('',(#13772),#13788,.F.);
#13772 = FACE_BOUND('',#13773,.T.);
#13773 = EDGE_LOOP('',(#13774,#13775,#13781,#13782));
#13774 = ORIENTED_EDGE('',*,*,#13117,.F.);
#13775 = ORIENTED_EDGE('',*,*,#13776,.T.);
#13776 = EDGE_CURVE('',#13109,#13367,#13777,.T.);
#13777 = LINE('',#13778,#13779);
#13778 = CARTESIAN_POINT('',(2.5,16.45,9.8));
#13779 = VECTOR('',#13780,1.);
#13780 = DIRECTION('',(-0.,0.,-1.));
#13781 = ORIENTED_EDGE('',*,*,#13366,.T.);
#13782 = ORIENTED_EDGE('',*,*,#13783,.F.);
#13783 = EDGE_CURVE('',#13118,#13369,#13784,.T.);
#13784 = LINE('',#13785,#13786);
#13785 = CARTESIAN_POINT('',(-0.4,16.45,9.8));
#13786 = VECTOR('',#13787,1.);
#13787 = DIRECTION('',(-0.,0.,-1.));
#13788 = PLANE('',#13789);
#13789 = AXIS2_PLACEMENT_3D('',#13790,#13791,#13792);
#13790 = CARTESIAN_POINT('',(3.,16.45,9.8));
#13791 = DIRECTION('',(-6.37765983815E-17,-1.,0.));
#13792 = DIRECTION('',(1.,-6.37765983815E-17,0.));
#13793 = ADVANCED_FACE('',(#13794),#13805,.F.);
#13794 = FACE_BOUND('',#13795,.T.);
#13795 = EDGE_LOOP('',(#13796,#13797,#13803,#13804));
#13796 = ORIENTED_EDGE('',*,*,#13548,.T.);
#13797 = ORIENTED_EDGE('',*,*,#13798,.T.);
#13798 = EDGE_CURVE('',#13540,#13126,#13799,.T.);
#13799 = LINE('',#13800,#13801);
#13800 = CARTESIAN_POINT('',(-1.79153889139,17.84153889139,9.8));
#13801 = VECTOR('',#13802,1.);
#13802 = DIRECTION('',(0.,0.,1.));
#13803 = ORIENTED_EDGE('',*,*,#13125,.F.);
#13804 = ORIENTED_EDGE('',*,*,#13783,.T.);
#13805 = PLANE('',#13806);
#13806 = AXIS2_PLACEMENT_3D('',#13807,#13808,#13809);
#13807 = CARTESIAN_POINT('',(-0.4,16.45,9.8));
#13808 = DIRECTION('',(-0.707106781187,-0.707106781187,0.));
#13809 = DIRECTION('',(0.707106781187,-0.707106781187,0.));
#13810 = ADVANCED_FACE('',(#13811),#13827,.T.);
#13811 = FACE_BOUND('',#13812,.T.);
#13812 = EDGE_LOOP('',(#13813,#13814,#13820,#13821));
#13813 = ORIENTED_EDGE('',*,*,#13530,.T.);
#13814 = ORIENTED_EDGE('',*,*,#13815,.T.);
#13815 = EDGE_CURVE('',#13522,#13143,#13816,.T.);
#13816 = LINE('',#13817,#13818);
#13817 = CARTESIAN_POINT('',(-2.347826086957,12.520950226653,9.8));
#13818 = VECTOR('',#13819,1.);
#13819 = DIRECTION('',(0.,0.,1.));
#13820 = ORIENTED_EDGE('',*,*,#13142,.F.);
#13821 = ORIENTED_EDGE('',*,*,#13822,.T.);
#13822 = EDGE_CURVE('',#13134,#13531,#13823,.T.);
#13823 = LINE('',#13824,#13825);
#13824 = CARTESIAN_POINT('',(-2.49107490811,17.848950904151,9.8));
#13825 = VECTOR('',#13826,1.);
#13826 = DIRECTION('',(-0.,0.,-1.));
#13827 = CYLINDRICAL_SURFACE('',#13828,3.6);
#13828 = AXIS2_PLACEMENT_3D('',#13829,#13830,#13831);
#13829 = CARTESIAN_POINT('',(0.,15.25,9.8));
#13830 = DIRECTION('',(-0.,0.,-1.));
#13831 = DIRECTION('',(1.,-2.465190328816E-32,-0.));
#13832 = ADVANCED_FACE('',(#13833),#13839,.F.);
#13833 = FACE_BOUND('',#13834,.F.);
#13834 = EDGE_LOOP('',(#13835,#13836,#13837,#13838));
#13835 = ORIENTED_EDGE('',*,*,#13557,.T.);
#13836 = ORIENTED_EDGE('',*,*,#13004,.F.);
#13837 = ORIENTED_EDGE('',*,*,#13289,.F.);
#13838 = ORIENTED_EDGE('',*,*,#13023,.T.);
#13839 = CYLINDRICAL_SURFACE('',#13840,0.625);
#13840 = AXIS2_PLACEMENT_3D('',#13841,#13842,#13843);
#13841 = CARTESIAN_POINT('',(1.376583447243,13.284035093706,9.8));
#13842 = DIRECTION('',(-0.,0.,-1.));
#13843 = DIRECTION('',(1.,-2.465190328816E-32,-0.));
#13844 = ADVANCED_FACE('',(#13845),#13856,.F.);
#13845 = FACE_BOUND('',#13846,.F.);
#13846 = EDGE_LOOP('',(#13847,#13848,#13854,#13855));
#13847 = ORIENTED_EDGE('',*,*,#13315,.T.);
#13848 = ORIENTED_EDGE('',*,*,#13849,.F.);
#13849 = EDGE_CURVE('',#13047,#13316,#13850,.T.);
#13850 = LINE('',#13851,#13852);
#13851 = CARTESIAN_POINT('',(-5.237222008265E-15,15.75,9.8));
#13852 = VECTOR('',#13853,1.);
#13853 = DIRECTION('',(-0.,0.,-1.));
#13854 = ORIENTED_EDGE('',*,*,#13056,.F.);
#13855 = ORIENTED_EDGE('',*,*,#12981,.T.);
#13856 = CYLINDRICAL_SURFACE('',#13857,0.5);
#13857 = AXIS2_PLACEMENT_3D('',#13858,#13859,#13860);
#13858 = CARTESIAN_POINT('',(0.,15.25,9.8));
#13859 = DIRECTION('',(-0.,0.,-1.));
#13860 = DIRECTION('',(1.,-2.465190328816E-32,-0.));
#13861 = ADVANCED_FACE('',(#13862),#13873,.T.);
#13862 = FACE_BOUND('',#13863,.T.);
#13863 = EDGE_LOOP('',(#13864,#13865,#13866,#13867));
#13864 = ORIENTED_EDGE('',*,*,#13324,.F.);
#13865 = ORIENTED_EDGE('',*,*,#13849,.F.);
#13866 = ORIENTED_EDGE('',*,*,#13046,.T.);
#13867 = ORIENTED_EDGE('',*,*,#13868,.T.);
#13868 = EDGE_CURVE('',#13049,#13325,#13869,.T.);
#13869 = LINE('',#13870,#13871);
#13870 = CARTESIAN_POINT('',(-0.2,15.75,9.8));
#13871 = VECTOR('',#13872,1.);
#13872 = DIRECTION('',(-0.,0.,-1.));
#13873 = PLANE('',#13874);
#13874 = AXIS2_PLACEMENT_3D('',#13875,#13876,#13877);
#13875 = CARTESIAN_POINT('',(-5.237222008265E-15,15.75,9.8));
#13876 = DIRECTION('',(-2.465190328816E-32,-1.,0.));
#13877 = DIRECTION('',(0.,0.,1.));
#13878 = ADVANCED_FACE('',(#13879),#13890,.F.);
#13879 = FACE_BOUND('',#13880,.F.);
#13880 = EDGE_LOOP('',(#13881,#13887,#13888,#13889));
#13881 = ORIENTED_EDGE('',*,*,#13882,.F.);
#13882 = EDGE_CURVE('',#13082,#13333,#13883,.T.);
#13883 = LINE('',#13884,#13885);
#13884 = CARTESIAN_POINT('',(-0.2,15.61,9.8));
#13885 = VECTOR('',#13886,1.);
#13886 = DIRECTION('',(-0.,0.,-1.));
#13887 = ORIENTED_EDGE('',*,*,#13089,.F.);
#13888 = ORIENTED_EDGE('',*,*,#13868,.T.);
#13889 = ORIENTED_EDGE('',*,*,#13332,.T.);
#13890 = CYLINDRICAL_SURFACE('',#13891,7.E-02);
#13891 = AXIS2_PLACEMENT_3D('',#13892,#13893,#13894);
#13892 = CARTESIAN_POINT('',(-0.2,15.68,9.8));
#13893 = DIRECTION('',(-0.,0.,-1.));
#13894 = DIRECTION('',(1.,-2.465190328816E-32,-0.));
#13895 = ADVANCED_FACE('',(#13896),#13907,.T.);
#13896 = FACE_BOUND('',#13897,.T.);
#13897 = EDGE_LOOP('',(#13898,#13899,#13900,#13901));
#13898 = ORIENTED_EDGE('',*,*,#13341,.F.);
#13899 = ORIENTED_EDGE('',*,*,#13882,.F.);
#13900 = ORIENTED_EDGE('',*,*,#13081,.T.);
#13901 = ORIENTED_EDGE('',*,*,#13902,.T.);
#13902 = EDGE_CURVE('',#13073,#13342,#13903,.T.);
#13903 = LINE('',#13904,#13905);
#13904 = CARTESIAN_POINT('',(-0.2,14.89,9.8));
#13905 = VECTOR('',#13906,1.);
#13906 = DIRECTION('',(-0.,0.,-1.));
#13907 = PLANE('',#13908);
#13908 = AXIS2_PLACEMENT_3D('',#13909,#13910,#13911);
#13909 = CARTESIAN_POINT('',(-0.2,14.89,9.8));
#13910 = DIRECTION('',(1.,-2.465190328816E-32,0.));
#13911 = DIRECTION('',(0.,0.,1.));
#13912 = ADVANCED_FACE('',(#13913),#13924,.F.);
#13913 = FACE_BOUND('',#13914,.F.);
#13914 = EDGE_LOOP('',(#13915,#13921,#13922,#13923));
#13915 = ORIENTED_EDGE('',*,*,#13916,.F.);
#13916 = EDGE_CURVE('',#13065,#13350,#13917,.T.);
#13917 = LINE('',#13918,#13919);
#13918 = CARTESIAN_POINT('',(-0.2,14.75,9.8));
#13919 = VECTOR('',#13920,1.);
#13920 = DIRECTION('',(-0.,0.,-1.));
#13921 = ORIENTED_EDGE('',*,*,#13072,.F.);
#13922 = ORIENTED_EDGE('',*,*,#13902,.T.);
#13923 = ORIENTED_EDGE('',*,*,#13349,.T.);
#13924 = CYLINDRICAL_SURFACE('',#13925,7.E-02);
#13925 = AXIS2_PLACEMENT_3D('',#13926,#13927,#13928);
#13926 = CARTESIAN_POINT('',(-0.2,14.82,9.8));
#13927 = DIRECTION('',(-0.,0.,-1.));
#13928 = DIRECTION('',(1.,-2.465190328816E-32,-0.));
#13929 = ADVANCED_FACE('',(#13930),#13936,.T.);
#13930 = FACE_BOUND('',#13931,.T.);
#13931 = EDGE_LOOP('',(#13932,#13933,#13934,#13935));
#13932 = ORIENTED_EDGE('',*,*,#13358,.F.);
#13933 = ORIENTED_EDGE('',*,*,#13916,.F.);
#13934 = ORIENTED_EDGE('',*,*,#13064,.T.);
#13935 = ORIENTED_EDGE('',*,*,#12962,.T.);
#13936 = PLANE('',#13937);
#13937 = AXIS2_PLACEMENT_3D('',#13938,#13939,#13940);
#13938 = CARTESIAN_POINT('',(1.745740669422E-15,14.75,9.8));
#13939 = DIRECTION('',(2.465190328816E-32,1.,0.));
#13940 = DIRECTION('',(0.,0.,-1.));
#13941 = ADVANCED_FACE('',(#13942),#13948,.F.);
#13942 = FACE_BOUND('',#13943,.F.);
#13943 = EDGE_LOOP('',(#13944,#13945,#13946,#13947));
#13944 = ORIENTED_EDGE('',*,*,#13567,.T.);
#13945 = ORIENTED_EDGE('',*,*,#12920,.F.);
#13946 = ORIENTED_EDGE('',*,*,#13299,.F.);
#13947 = ORIENTED_EDGE('',*,*,#12939,.T.);
#13948 = CYLINDRICAL_SURFACE('',#13949,0.625);
#13949 = AXIS2_PLACEMENT_3D('',#13950,#13951,#13952);
#13950 = CARTESIAN_POINT('',(-2.078460969083,16.45,9.8));
#13951 = DIRECTION('',(-0.,0.,-1.));
#13952 = DIRECTION('',(1.,-2.465190328816E-32,-0.));
#13953 = ADVANCED_FACE('',(#13954),#13960,.T.);
#13954 = FACE_BOUND('',#13955,.T.);
#13955 = EDGE_LOOP('',(#13956,#13957,#13958,#13959));
#13956 = ORIENTED_EDGE('',*,*,#13185,.F.);
#13957 = ORIENTED_EDGE('',*,*,#13612,.F.);
#13958 = ORIENTED_EDGE('',*,*,#13487,.F.);
#13959 = ORIENTED_EDGE('',*,*,#13627,.F.);
#13960 = CYLINDRICAL_SURFACE('',#13961,0.5);
#13961 = AXIS2_PLACEMENT_3D('',#13962,#13963,#13964);
#13962 = CARTESIAN_POINT('',(-5.65,5.55,9.8));
#13963 = DIRECTION('',(-0.,0.,-1.));
#13964 = DIRECTION('',(1.,-2.465190328816E-32,-0.));
#13965 = ADVANCED_FACE('',(#13966),#13972,.T.);
#13966 = FACE_BOUND('',#13967,.T.);
#13967 = EDGE_LOOP('',(#13968,#13969,#13970,#13971));
#13968 = ORIENTED_EDGE('',*,*,#13202,.F.);
#13969 = ORIENTED_EDGE('',*,*,#13634,.F.);
#13970 = ORIENTED_EDGE('',*,*,#13470,.F.);
#13971 = ORIENTED_EDGE('',*,*,#13649,.F.);
#13972 = CYLINDRICAL_SURFACE('',#13973,0.5);
#13973 = AXIS2_PLACEMENT_3D('',#13974,#13975,#13976);
#13974 = CARTESIAN_POINT('',(-5.65,-3.75,9.8));
#13975 = DIRECTION('',(-0.,0.,-1.));
#13976 = DIRECTION('',(1.,-2.465190328816E-32,-0.));
#13977 = ADVANCED_FACE('',(#13978),#13984,.T.);
#13978 = FACE_BOUND('',#13979,.T.);
#13979 = EDGE_LOOP('',(#13980,#13981,#13982,#13983));
#13980 = ORIENTED_EDGE('',*,*,#13236,.F.);
#13981 = ORIENTED_EDGE('',*,*,#13671,.F.);
#13982 = ORIENTED_EDGE('',*,*,#13436,.F.);
#13983 = ORIENTED_EDGE('',*,*,#13700,.F.);
#13984 = CYLINDRICAL_SURFACE('',#13985,0.5);
#13985 = AXIS2_PLACEMENT_3D('',#13986,#13987,#13988);
#13986 = CARTESIAN_POINT('',(5.65,5.55,9.8));
#13987 = DIRECTION('',(-0.,0.,-1.));
#13988 = DIRECTION('',(1.,-2.465190328816E-32,-0.));
#13989 = ADVANCED_FACE('',(#13990),#13996,.T.);
#13990 = FACE_BOUND('',#13991,.T.);
#13991 = EDGE_LOOP('',(#13992,#13993,#13994,#13995));
#13992 = ORIENTED_EDGE('',*,*,#13219,.F.);
#13993 = ORIENTED_EDGE('',*,*,#13656,.F.);
#13994 = ORIENTED_EDGE('',*,*,#13453,.F.);
#13995 = ORIENTED_EDGE('',*,*,#13678,.F.);
#13996 = CYLINDRICAL_SURFACE('',#13997,0.5);
#13997 = AXIS2_PLACEMENT_3D('',#13998,#13999,#14000);
#13998 = CARTESIAN_POINT('',(5.65,-3.75,9.8));
#13999 = DIRECTION('',(-0.,0.,-1.));
#14000 = DIRECTION('',(1.,-2.465190328816E-32,-0.));
#14001 = ADVANCED_FACE('',(#14002),#14008,.F.);
#14002 = FACE_BOUND('',#14003,.F.);
#14003 = EDGE_LOOP('',(#14004,#14005,#14006,#14007));
#14004 = ORIENTED_EDGE('',*,*,#13722,.T.);
#14005 = ORIENTED_EDGE('',*,*,#13419,.T.);
#14006 = ORIENTED_EDGE('',*,*,#13693,.T.);
#14007 = ORIENTED_EDGE('',*,*,#13253,.T.);
#14008 = CYLINDRICAL_SURFACE('',#14009,1.);
#14009 = AXIS2_PLACEMENT_3D('',#14010,#14011,#14012);
#14010 = CARTESIAN_POINT('',(3.,7.05,9.8));
#14011 = DIRECTION('',(0.,0.,1.));
#14012 = DIRECTION('',(-1.,2.465190328816E-32,0.));
#14013 = ADVANCED_FACE('',(#14014),#14020,.F.);
#14014 = FACE_BOUND('',#14015,.F.);
#14015 = EDGE_LOOP('',(#14016,#14017,#14018,#14019));
#14016 = ORIENTED_EDGE('',*,*,#13605,.T.);
#14017 = ORIENTED_EDGE('',*,*,#13504,.T.);
#14018 = ORIENTED_EDGE('',*,*,#13590,.T.);
#14019 = ORIENTED_EDGE('',*,*,#13168,.T.);
#14020 = CYLINDRICAL_SURFACE('',#14021,1.);
#14021 = AXIS2_PLACEMENT_3D('',#14022,#14023,#14024);
#14022 = CARTESIAN_POINT('',(-3.,7.05,9.8));
#14023 = DIRECTION('',(0.,0.,1.));
#14024 = DIRECTION('',(-1.,2.465190328816E-32,0.));
#14025 = ADVANCED_FACE('',(#14026),#14032,.T.);
#14026 = FACE_BOUND('',#14027,.T.);
#14027 = EDGE_LOOP('',(#14028,#14029,#14030,#14031));
#14028 = ORIENTED_EDGE('',*,*,#13108,.F.);
#14029 = ORIENTED_EDGE('',*,*,#13759,.F.);
#14030 = ORIENTED_EDGE('',*,*,#13376,.F.);
#14031 = ORIENTED_EDGE('',*,*,#13776,.F.);
#14032 = CYLINDRICAL_SURFACE('',#14033,0.5);
#14033 = AXIS2_PLACEMENT_3D('',#14034,#14035,#14036);
#14034 = CARTESIAN_POINT('',(2.5,15.95,9.8));
#14035 = DIRECTION('',(-0.,0.,-1.));
#14036 = DIRECTION('',(1.,-2.465190328816E-32,-0.));
#14037 = ADVANCED_FACE('',(#14038),#14044,.T.);
#14038 = FACE_BOUND('',#14039,.T.);
#14039 = EDGE_LOOP('',(#14040,#14041,#14042,#14043));
#14040 = ORIENTED_EDGE('',*,*,#13133,.F.);
#14041 = ORIENTED_EDGE('',*,*,#13798,.F.);
#14042 = ORIENTED_EDGE('',*,*,#13539,.F.);
#14043 = ORIENTED_EDGE('',*,*,#13822,.F.);
#14044 = CYLINDRICAL_SURFACE('',#14045,0.5);
#14045 = AXIS2_PLACEMENT_3D('',#14046,#14047,#14048);
#14046 = CARTESIAN_POINT('',(-2.145092281983,17.487985500797,9.8));
#14047 = DIRECTION('',(-0.,0.,-1.));
#14048 = DIRECTION('',(1.,-2.465190328816E-32,-0.));
#14049 = ADVANCED_FACE('',(#14050),#14056,.F.);
#14050 = FACE_BOUND('',#14051,.F.);
#14051 = EDGE_LOOP('',(#14052,#14053,#14054,#14055));
#14052 = ORIENTED_EDGE('',*,*,#13583,.T.);
#14053 = ORIENTED_EDGE('',*,*,#13521,.T.);
#14054 = ORIENTED_EDGE('',*,*,#13815,.T.);
#14055 = ORIENTED_EDGE('',*,*,#13151,.T.);
#14056 = CYLINDRICAL_SURFACE('',#14057,1.);
#14057 = AXIS2_PLACEMENT_3D('',#14058,#14059,#14060);
#14058 = CARTESIAN_POINT('',(-3.,11.762880845167,9.8));
#14059 = DIRECTION('',(-0.,0.,-1.));
#14060 = DIRECTION('',(1.,-2.465190328816E-32,-0.));
#14061 = ADVANCED_FACE('',(#14062),#14068,.F.);
#14062 = FACE_BOUND('',#14063,.F.);
#14063 = EDGE_LOOP('',(#14064,#14065,#14066,#14067));
#14064 = ORIENTED_EDGE('',*,*,#13737,.T.);
#14065 = ORIENTED_EDGE('',*,*,#13402,.T.);
#14066 = ORIENTED_EDGE('',*,*,#13715,.T.);
#14067 = ORIENTED_EDGE('',*,*,#13270,.T.);
#14068 = CYLINDRICAL_SURFACE('',#14069,1.);
#14069 = AXIS2_PLACEMENT_3D('',#14070,#14071,#14072);
#14070 = CARTESIAN_POINT('',(3.,11.762880845167,9.8));
#14071 = DIRECTION('',(-0.,0.,-1.));
#14072 = DIRECTION('',(1.,-2.465190328816E-32,-0.));
#14073 = ( GEOMETRIC_REPRESENTATION_CONTEXT(3) 
GLOBAL_UNCERTAINTY_ASSIGNED_CONTEXT((#14077)) 
GLOBAL_UNIT_ASSIGNED_CONTEXT((#14074,#14075,#14076)) 
REPRESENTATION_CONTEXT('Context #1',
  '3D Context with UNIT and UNCERTAINTY') );
#14074 = ( LENGTH_UNIT() NAMED_UNIT(*) SI_UNIT(.MILLI.,.METRE.) );
#14075 = ( NAMED_UNIT(*) PLANE_ANGLE_UNIT() SI_UNIT($,.RADIAN.) );
#14076 = ( NAMED_UNIT(*) SI_UNIT($,.STERADIAN.) SOLID_ANGLE_UNIT() );
#14077 = UNCERTAINTY_MEASURE_WITH_UNIT(LENGTH_MEASURE(1.E-07),#14074,
  'distance_accuracy_value','confusion accuracy');
#14078 = CONTEXT_DEPENDENT_SHAPE_REPRESENTATION(#14079,#14081);
#14079 = ( REPRESENTATION_RELATIONSHIP('','',#12913,#3244) 
REPRESENTATION_RELATIONSHIP_WITH_TRANSFORMATION(#14080) 
SHAPE_REPRESENTATION_RELATIONSHIP() );
#14080 = ITEM_DEFINED_TRANSFORMATION('','',#11,#3285);
#14081 = PRODUCT_DEFINITION_SHAPE('Placement','Placement of an item',
  #14082);
#14082 = NEXT_ASSEMBLY_USAGE_OCCURRENCE('17','Shutter_part010','',#3239,
  #12908,$);
#14083 = PRODUCT_RELATED_PRODUCT_CATEGORY('part',$,(#12910));
#14084 = SHAPE_DEFINITION_REPRESENTATION(#14085,#14091);
#14085 = PRODUCT_DEFINITION_SHAPE('','',#14086);
#14086 = PRODUCT_DEFINITION('design','',#14087,#14090);
#14087 = PRODUCT_DEFINITION_FORMATION('','',#14088);
#14088 = PRODUCT('Shutter_part011','Shutter_part011','',(#14089));
#14089 = PRODUCT_CONTEXT('',#2,'mechanical');
#14090 = PRODUCT_DEFINITION_CONTEXT('part definition',#2,'design');
#14091 = ADVANCED_BREP_SHAPE_REPRESENTATION('',(#11,#14092),#14280);
#14092 = MANIFOLD_SOLID_BREP('',#14093);
#14093 = CLOSED_SHELL('',(#14094,#14136,#14178,#14200,#14224,#14240,
    #14256,#14268));
#14094 = ADVANCED_FACE('',(#14095),#14131,.T.);
#14095 = FACE_BOUND('',#14096,.T.);
#14096 = EDGE_LOOP('',(#14097,#14108,#14116,#14125));
#14097 = ORIENTED_EDGE('',*,*,#14098,.F.);
#14098 = EDGE_CURVE('',#14099,#14101,#14103,.T.);
#14099 = VERTEX_POINT('',#14100);
#14100 = CARTESIAN_POINT('',(2.5,14.5504948237,11.126315553006));
#14101 = VERTEX_POINT('',#14102);
#14102 = CARTESIAN_POINT('',(2.5,15.9495051763,11.073684446994));
#14103 = CIRCLE('',#14104,0.7);
#14104 = AXIS2_PLACEMENT_3D('',#14105,#14106,#14107);
#14105 = CARTESIAN_POINT('',(2.5,15.25,11.1));
#14106 = DIRECTION('',(1.,-1.667158313564E-16,-2.760255597487E-18));
#14107 = DIRECTION('',(1.664942133606E-16,0.999293108999,
    -3.759364715191E-02));
#14108 = ORIENTED_EDGE('',*,*,#14109,.T.);
#14109 = EDGE_CURVE('',#14099,#14110,#14112,.T.);
#14110 = VERTEX_POINT('',#14111);
#14111 = CARTESIAN_POINT('',(2.2,14.250706891001,11.137593647152));
#14112 = LINE('',#14113,#14114);
#14113 = CARTESIAN_POINT('',(2.2,14.250706891001,11.137593647152));
#14114 = VECTOR('',#14115,1.);
#14115 = DIRECTION('',(-0.707106781187,-0.706606933767,
    2.658272283062E-02));
#14116 = ORIENTED_EDGE('',*,*,#14117,.F.);
#14117 = EDGE_CURVE('',#14118,#14110,#14120,.T.);
#14118 = VERTEX_POINT('',#14119);
#14119 = CARTESIAN_POINT('',(2.2,16.249293108999,11.062406352848));
#14120 = CIRCLE('',#14121,1.);
#14121 = AXIS2_PLACEMENT_3D('',#14122,#14123,#14124);
#14122 = CARTESIAN_POINT('',(2.2,15.25,11.1));
#14123 = DIRECTION('',(-1.,1.667158313564E-16,2.760255597487E-18));
#14124 = DIRECTION('',(1.664942133606E-16,0.999293108999,
    -3.759364715191E-02));
#14125 = ORIENTED_EDGE('',*,*,#14126,.F.);
#14126 = EDGE_CURVE('',#14101,#14118,#14127,.T.);
#14127 = LINE('',#14128,#14129);
#14128 = CARTESIAN_POINT('',(2.2,16.249293108999,11.062406352848));
#14129 = VECTOR('',#14130,1.);
#14130 = DIRECTION('',(-0.707106781187,0.706606933767,
    -2.658272283062E-02));
#14131 = CONICAL_SURFACE('',#14132,1.,0.785398163397);
#14132 = AXIS2_PLACEMENT_3D('',#14133,#14134,#14135);
#14133 = CARTESIAN_POINT('',(2.2,15.25,11.1));
#14134 = DIRECTION('',(-1.,1.665334536938E-16,1.273034785515E-46));
#14135 = DIRECTION('',(1.664157326941E-16,0.999293108999,
    -3.759364715191E-02));
#14136 = ADVANCED_FACE('',(#14137),#14173,.T.);
#14137 = FACE_BOUND('',#14138,.T.);
#14138 = EDGE_LOOP('',(#14139,#14150,#14158,#14167));
#14139 = ORIENTED_EDGE('',*,*,#14140,.F.);
#14140 = EDGE_CURVE('',#14141,#14143,#14145,.T.);
#14141 = VERTEX_POINT('',#14142);
#14142 = CARTESIAN_POINT('',(0.5,15.9495051763,11.073684446994));
#14143 = VERTEX_POINT('',#14144);
#14144 = CARTESIAN_POINT('',(0.5,14.5504948237,11.126315553006));
#14145 = CIRCLE('',#14146,0.7);
#14146 = AXIS2_PLACEMENT_3D('',#14147,#14148,#14149);
#14147 = CARTESIAN_POINT('',(0.5,15.25,11.1));
#14148 = DIRECTION('',(-1.,1.667158313564E-16,2.760255597487E-18));
#14149 = DIRECTION('',(1.664942133606E-16,0.999293108999,
    -3.759364715191E-02));
#14150 = ORIENTED_EDGE('',*,*,#14151,.T.);
#14151 = EDGE_CURVE('',#14141,#14152,#14154,.T.);
#14152 = VERTEX_POINT('',#14153);
#14153 = CARTESIAN_POINT('',(0.8,16.249293108999,11.062406352848));
#14154 = LINE('',#14155,#14156);
#14155 = CARTESIAN_POINT('',(0.5,15.9495051763,11.073684446994));
#14156 = VECTOR('',#14157,1.);
#14157 = DIRECTION('',(0.707106781187,0.706606933767,-2.658272283062E-02
    ));
#14158 = ORIENTED_EDGE('',*,*,#14159,.F.);
#14159 = EDGE_CURVE('',#14160,#14152,#14162,.T.);
#14160 = VERTEX_POINT('',#14161);
#14161 = CARTESIAN_POINT('',(0.8,14.250706891001,11.137593647152));
#14162 = CIRCLE('',#14163,1.);
#14163 = AXIS2_PLACEMENT_3D('',#14164,#14165,#14166);
#14164 = CARTESIAN_POINT('',(0.8,15.25,11.1));
#14165 = DIRECTION('',(1.,-1.667158313564E-16,-2.760255597487E-18));
#14166 = DIRECTION('',(1.664942133606E-16,0.999293108999,
    -3.759364715191E-02));
#14167 = ORIENTED_EDGE('',*,*,#14168,.F.);
#14168 = EDGE_CURVE('',#14143,#14160,#14169,.T.);
#14169 = LINE('',#14170,#14171);
#14170 = CARTESIAN_POINT('',(0.5,14.5504948237,11.126315553006));
#14171 = VECTOR('',#14172,1.);
#14172 = DIRECTION('',(0.707106781187,-0.706606933767,2.658272283062E-02
    ));
#14173 = CONICAL_SURFACE('',#14174,0.7,0.785398163397);
#14174 = AXIS2_PLACEMENT_3D('',#14175,#14176,#14177);
#14175 = CARTESIAN_POINT('',(0.5,15.25,11.1));
#14176 = DIRECTION('',(1.,-1.665334536938E-16,-1.273034785515E-46));
#14177 = DIRECTION('',(-1.664157326941E-16,-0.999293108999,
    3.759364715191E-02));
#14178 = ADVANCED_FACE('',(#14179),#14195,.T.);
#14179 = FACE_BOUND('',#14180,.T.);
#14180 = EDGE_LOOP('',(#14181,#14182,#14188,#14189));
#14181 = ORIENTED_EDGE('',*,*,#14159,.T.);
#14182 = ORIENTED_EDGE('',*,*,#14183,.T.);
#14183 = EDGE_CURVE('',#14152,#14118,#14184,.T.);
#14184 = LINE('',#14185,#14186);
#14185 = CARTESIAN_POINT('',(0.5,16.249293108999,11.062406352848));
#14186 = VECTOR('',#14187,1.);
#14187 = DIRECTION('',(1.,-1.665334536938E-16,-1.273034785515E-46));
#14188 = ORIENTED_EDGE('',*,*,#14117,.T.);
#14189 = ORIENTED_EDGE('',*,*,#14190,.F.);
#14190 = EDGE_CURVE('',#14160,#14110,#14191,.T.);
#14191 = LINE('',#14192,#14193);
#14192 = CARTESIAN_POINT('',(0.5,14.250706891001,11.137593647152));
#14193 = VECTOR('',#14194,1.);
#14194 = DIRECTION('',(1.,-1.665334536938E-16,-1.273034785515E-46));
#14195 = CYLINDRICAL_SURFACE('',#14196,1.);
#14196 = AXIS2_PLACEMENT_3D('',#14197,#14198,#14199);
#14197 = CARTESIAN_POINT('',(0.5,15.25,11.1));
#14198 = DIRECTION('',(1.,-1.665334536938E-16,-1.273034785515E-46));
#14199 = DIRECTION('',(-1.664157326941E-16,-0.999293108999,
    3.759364715191E-02));
#14200 = ADVANCED_FACE('',(#14201),#14219,.T.);
#14201 = FACE_BOUND('',#14202,.T.);
#14202 = EDGE_LOOP('',(#14203,#14204,#14211,#14212));
#14203 = ORIENTED_EDGE('',*,*,#14183,.F.);
#14204 = ORIENTED_EDGE('',*,*,#14205,.T.);
#14205 = EDGE_CURVE('',#14152,#14160,#14206,.T.);
#14206 = CIRCLE('',#14207,1.);
#14207 = AXIS2_PLACEMENT_3D('',#14208,#14209,#14210);
#14208 = CARTESIAN_POINT('',(0.8,15.25,11.1));
#14209 = DIRECTION('',(1.,-1.667158313564E-16,-2.760255597487E-18));
#14210 = DIRECTION('',(1.664942133606E-16,0.999293108999,
    -3.759364715191E-02));
#14211 = ORIENTED_EDGE('',*,*,#14190,.T.);
#14212 = ORIENTED_EDGE('',*,*,#14213,.T.);
#14213 = EDGE_CURVE('',#14110,#14118,#14214,.T.);
#14214 = CIRCLE('',#14215,1.);
#14215 = AXIS2_PLACEMENT_3D('',#14216,#14217,#14218);
#14216 = CARTESIAN_POINT('',(2.2,15.25,11.1));
#14217 = DIRECTION('',(-1.,1.667158313564E-16,2.760255597487E-18));
#14218 = DIRECTION('',(1.664942133606E-16,0.999293108999,
    -3.759364715191E-02));
#14219 = CYLINDRICAL_SURFACE('',#14220,1.);
#14220 = AXIS2_PLACEMENT_3D('',#14221,#14222,#14223);
#14221 = CARTESIAN_POINT('',(0.5,15.25,11.1));
#14222 = DIRECTION('',(1.,-1.665334536938E-16,-1.273034785515E-46));
#14223 = DIRECTION('',(-1.664157326941E-16,-0.999293108999,
    3.759364715191E-02));
#14224 = ADVANCED_FACE('',(#14225),#14235,.T.);
#14225 = FACE_BOUND('',#14226,.T.);
#14226 = EDGE_LOOP('',(#14227,#14234));
#14227 = ORIENTED_EDGE('',*,*,#14228,.T.);
#14228 = EDGE_CURVE('',#14143,#14141,#14229,.T.);
#14229 = CIRCLE('',#14230,0.7);
#14230 = AXIS2_PLACEMENT_3D('',#14231,#14232,#14233);
#14231 = CARTESIAN_POINT('',(0.5,15.25,11.1));
#14232 = DIRECTION('',(-1.,1.667158313564E-16,2.760255597487E-18));
#14233 = DIRECTION('',(1.664942133606E-16,0.999293108999,
    -3.759364715191E-02));
#14234 = ORIENTED_EDGE('',*,*,#14140,.T.);
#14235 = PLANE('',#14236);
#14236 = AXIS2_PLACEMENT_3D('',#14237,#14238,#14239);
#14237 = CARTESIAN_POINT('',(0.5,15.25,11.1));
#14238 = DIRECTION('',(-1.,1.665334536938E-16,1.273034785515E-46));
#14239 = DIRECTION('',(1.664157326941E-16,0.999293108999,
    -3.759364715191E-02));
#14240 = ADVANCED_FACE('',(#14241),#14251,.F.);
#14241 = FACE_BOUND('',#14242,.T.);
#14242 = EDGE_LOOP('',(#14243,#14250));
#14243 = ORIENTED_EDGE('',*,*,#14244,.T.);
#14244 = EDGE_CURVE('',#14101,#14099,#14245,.T.);
#14245 = CIRCLE('',#14246,0.7);
#14246 = AXIS2_PLACEMENT_3D('',#14247,#14248,#14249);
#14247 = CARTESIAN_POINT('',(2.5,15.25,11.1));
#14248 = DIRECTION('',(1.,-1.667158313564E-16,-2.760255597487E-18));
#14249 = DIRECTION('',(1.664942133606E-16,0.999293108999,
    -3.759364715191E-02));
#14250 = ORIENTED_EDGE('',*,*,#14098,.T.);
#14251 = PLANE('',#14252);
#14252 = AXIS2_PLACEMENT_3D('',#14253,#14254,#14255);
#14253 = CARTESIAN_POINT('',(2.5,15.25,11.1));
#14254 = DIRECTION('',(-1.,1.665334536938E-16,1.273034785515E-46));
#14255 = DIRECTION('',(1.664157326941E-16,0.999293108999,
    -3.759364715191E-02));
#14256 = ADVANCED_FACE('',(#14257),#14263,.T.);
#14257 = FACE_BOUND('',#14258,.T.);
#14258 = EDGE_LOOP('',(#14259,#14260,#14261,#14262));
#14259 = ORIENTED_EDGE('',*,*,#14151,.F.);
#14260 = ORIENTED_EDGE('',*,*,#14228,.F.);
#14261 = ORIENTED_EDGE('',*,*,#14168,.T.);
#14262 = ORIENTED_EDGE('',*,*,#14205,.F.);
#14263 = CONICAL_SURFACE('',#14264,0.7,0.785398163397);
#14264 = AXIS2_PLACEMENT_3D('',#14265,#14266,#14267);
#14265 = CARTESIAN_POINT('',(0.5,15.25,11.1));
#14266 = DIRECTION('',(1.,-1.665334536938E-16,-1.273034785515E-46));
#14267 = DIRECTION('',(-1.664157326941E-16,-0.999293108999,
    3.759364715191E-02));
#14268 = ADVANCED_FACE('',(#14269),#14275,.T.);
#14269 = FACE_BOUND('',#14270,.T.);
#14270 = EDGE_LOOP('',(#14271,#14272,#14273,#14274));
#14271 = ORIENTED_EDGE('',*,*,#14109,.F.);
#14272 = ORIENTED_EDGE('',*,*,#14244,.F.);
#14273 = ORIENTED_EDGE('',*,*,#14126,.T.);
#14274 = ORIENTED_EDGE('',*,*,#14213,.F.);
#14275 = CONICAL_SURFACE('',#14276,1.,0.785398163397);
#14276 = AXIS2_PLACEMENT_3D('',#14277,#14278,#14279);
#14277 = CARTESIAN_POINT('',(2.2,15.25,11.1));
#14278 = DIRECTION('',(-1.,1.665334536938E-16,1.273034785515E-46));
#14279 = DIRECTION('',(1.664157326941E-16,0.999293108999,
    -3.759364715191E-02));
#14280 = ( GEOMETRIC_REPRESENTATION_CONTEXT(3) 
GLOBAL_UNCERTAINTY_ASSIGNED_CONTEXT((#14284)) 
GLOBAL_UNIT_ASSIGNED_CONTEXT((#14281,#14282,#14283)) 
REPRESENTATION_CONTEXT('Context #1',
  '3D Context with UNIT and UNCERTAINTY') );
#14281 = ( LENGTH_UNIT() NAMED_UNIT(*) SI_UNIT(.MILLI.,.METRE.) );
#14282 = ( NAMED_UNIT(*) PLANE_ANGLE_UNIT() SI_UNIT($,.RADIAN.) );
#14283 = ( NAMED_UNIT(*) SI_UNIT($,.STERADIAN.) SOLID_ANGLE_UNIT() );
#14284 = UNCERTAINTY_MEASURE_WITH_UNIT(LENGTH_MEASURE(1.E-07),#14281,
  'distance_accuracy_value','confusion accuracy');
#14285 = CONTEXT_DEPENDENT_SHAPE_REPRESENTATION(#14286,#14288);
#14286 = ( REPRESENTATION_RELATIONSHIP('','',#14091,#3244) 
REPRESENTATION_RELATIONSHIP_WITH_TRANSFORMATION(#14287) 
SHAPE_REPRESENTATION_RELATIONSHIP() );
#14287 = ITEM_DEFINED_TRANSFORMATION('','',#11,#3289);
#14288 = PRODUCT_DEFINITION_SHAPE('Placement','Placement of an item',
  #14289);
#14289 = NEXT_ASSEMBLY_USAGE_OCCURRENCE('18','Shutter_part011','',#3239,
  #14086,$);
#14290 = PRODUCT_RELATED_PRODUCT_CATEGORY('part',$,(#14088));
#14291 = SHAPE_DEFINITION_REPRESENTATION(#14292,#14298);
#14292 = PRODUCT_DEFINITION_SHAPE('','',#14293);
#14293 = PRODUCT_DEFINITION('design','',#14294,#14297);
#14294 = PRODUCT_DEFINITION_FORMATION('','',#14295);
#14295 = PRODUCT('Shutter_part012','Shutter_part012','',(#14296));
#14296 = PRODUCT_CONTEXT('',#2,'mechanical');
#14297 = PRODUCT_DEFINITION_CONTEXT('part definition',#2,'design');
#14298 = ADVANCED_BREP_SHAPE_REPRESENTATION('',(#11,#14299),#15115);
#14299 = MANIFOLD_SOLID_BREP('',#14300);
#14300 = CLOSED_SHELL('',(#14301,#14345,#14387,#14419,#14451,#14601,
    #14625,#14645,#14663,#14679,#14691,#14722,#14753,#14777,#14801,
    #14832,#14856,#14880,#14911,#14935,#14959,#14990,#15007,#15055,
    #15067,#15079,#15091,#15103));
#14301 = ADVANCED_FACE('',(#14302),#14340,.T.);
#14302 = FACE_BOUND('',#14303,.T.);
#14303 = EDGE_LOOP('',(#14304,#14315,#14324,#14333));
#14304 = ORIENTED_EDGE('',*,*,#14305,.F.);
#14305 = EDGE_CURVE('',#14306,#14308,#14310,.T.);
#14306 = VERTEX_POINT('',#14307);
#14307 = CARTESIAN_POINT('',(2.276583447243,13.284035093706,9.4));
#14308 = VERTEX_POINT('',#14309);
#14309 = CARTESIAN_POINT('',(0.476583447243,13.284035093706,9.4));
#14310 = CIRCLE('',#14311,0.9);
#14311 = AXIS2_PLACEMENT_3D('',#14312,#14313,#14314);
#14312 = CARTESIAN_POINT('',(1.376583447243,13.284035093706,9.4));
#14313 = DIRECTION('',(0.,0.,1.));
#14314 = DIRECTION('',(-1.,1.110223024625E-16,0.));
#14315 = ORIENTED_EDGE('',*,*,#14316,.T.);
#14316 = EDGE_CURVE('',#14306,#14317,#14319,.T.);
#14317 = VERTEX_POINT('',#14318);
#14318 = CARTESIAN_POINT('',(1.976583447243,13.284035093706,9.1));
#14319 = CIRCLE('',#14320,0.3);
#14320 = AXIS2_PLACEMENT_3D('',#14321,#14322,#14323);
#14321 = CARTESIAN_POINT('',(1.976583447243,13.284035093706,9.4));
#14322 = DIRECTION('',(-1.144237745222E-17,1.,0.));
#14323 = DIRECTION('',(1.,1.144237745222E-17,0.));
#14324 = ORIENTED_EDGE('',*,*,#14325,.F.);
#14325 = EDGE_CURVE('',#14326,#14317,#14328,.T.);
#14326 = VERTEX_POINT('',#14327);
#14327 = CARTESIAN_POINT('',(0.776583447243,13.284035093706,9.1));
#14328 = CIRCLE('',#14329,0.6);
#14329 = AXIS2_PLACEMENT_3D('',#14330,#14331,#14332);
#14330 = CARTESIAN_POINT('',(1.376583447243,13.284035093706,9.1));
#14331 = DIRECTION('',(0.,0.,-1.));
#14332 = DIRECTION('',(-1.,1.110223024625E-16,0.));
#14333 = ORIENTED_EDGE('',*,*,#14334,.F.);
#14334 = EDGE_CURVE('',#14308,#14326,#14335,.T.);
#14335 = CIRCLE('',#14336,0.3);
#14336 = AXIS2_PLACEMENT_3D('',#14337,#14338,#14339);
#14337 = CARTESIAN_POINT('',(0.776583447243,13.284035093706,9.4));
#14338 = DIRECTION('',(-1.110223024625E-16,-1.,-0.));
#14339 = DIRECTION('',(-1.,1.110223024625E-16,0.));
#14340 = TOROIDAL_SURFACE('',#14341,0.6,0.3);
#14341 = AXIS2_PLACEMENT_3D('',#14342,#14343,#14344);
#14342 = CARTESIAN_POINT('',(1.376583447243,13.284035093706,9.4));
#14343 = DIRECTION('',(0.,0.,-1.));
#14344 = DIRECTION('',(-1.,1.110223024625E-16,0.));
#14345 = ADVANCED_FACE('',(#14346),#14382,.T.);
#14346 = FACE_BOUND('',#14347,.T.);
#14347 = EDGE_LOOP('',(#14348,#14359,#14367,#14376));
#14348 = ORIENTED_EDGE('',*,*,#14349,.F.);
#14349 = EDGE_CURVE('',#14350,#14352,#14354,.T.);
#14350 = VERTEX_POINT('',#14351);
#14351 = CARTESIAN_POINT('',(1.826583447243,13.284035093706,12.));
#14352 = VERTEX_POINT('',#14353);
#14353 = CARTESIAN_POINT('',(0.926583447243,13.284035093706,12.));
#14354 = CIRCLE('',#14355,0.45);
#14355 = AXIS2_PLACEMENT_3D('',#14356,#14357,#14358);
#14356 = CARTESIAN_POINT('',(1.376583447243,13.284035093706,12.));
#14357 = DIRECTION('',(-0.,0.,1.));
#14358 = DIRECTION('',(1.,-1.110223024625E-16,0.));
#14359 = ORIENTED_EDGE('',*,*,#14360,.T.);
#14360 = EDGE_CURVE('',#14350,#14361,#14363,.T.);
#14361 = VERTEX_POINT('',#14362);
#14362 = CARTESIAN_POINT('',(1.976583447243,13.284035093706,11.85));
#14363 = LINE('',#14364,#14365);
#14364 = CARTESIAN_POINT('',(1.826583447243,13.284035093706,12.));
#14365 = VECTOR('',#14366,1.);
#14366 = DIRECTION('',(0.707106781187,8.090982689356E-18,-0.707106781187
    ));
#14367 = ORIENTED_EDGE('',*,*,#14368,.F.);
#14368 = EDGE_CURVE('',#14369,#14361,#14371,.T.);
#14369 = VERTEX_POINT('',#14370);
#14370 = CARTESIAN_POINT('',(0.776583447243,13.284035093706,11.85));
#14371 = CIRCLE('',#14372,0.6);
#14372 = AXIS2_PLACEMENT_3D('',#14373,#14374,#14375);
#14373 = CARTESIAN_POINT('',(1.376583447243,13.284035093706,11.85));
#14374 = DIRECTION('',(0.,0.,-1.));
#14375 = DIRECTION('',(1.,-1.110223024625E-16,0.));
#14376 = ORIENTED_EDGE('',*,*,#14377,.F.);
#14377 = EDGE_CURVE('',#14352,#14369,#14378,.T.);
#14378 = LINE('',#14379,#14380);
#14379 = CARTESIAN_POINT('',(0.926583447243,13.284035093706,12.));
#14380 = VECTOR('',#14381,1.);
#14381 = DIRECTION('',(-0.707106781187,7.850462293414E-17,
    -0.707106781187));
#14382 = CONICAL_SURFACE('',#14383,0.45,0.785398163397);
#14383 = AXIS2_PLACEMENT_3D('',#14384,#14385,#14386);
#14384 = CARTESIAN_POINT('',(1.376583447243,13.284035093706,12.));
#14385 = DIRECTION('',(0.,0.,-1.));
#14386 = DIRECTION('',(-1.,1.110223024625E-16,0.));
#14387 = ADVANCED_FACE('',(#14388),#14414,.T.);
#14388 = FACE_BOUND('',#14389,.T.);
#14389 = EDGE_LOOP('',(#14390,#14401,#14407,#14408));
#14390 = ORIENTED_EDGE('',*,*,#14391,.T.);
#14391 = EDGE_CURVE('',#14392,#14394,#14396,.T.);
#14392 = VERTEX_POINT('',#14393);
#14393 = CARTESIAN_POINT('',(1.976583447243,13.284035093706,9.5));
#14394 = VERTEX_POINT('',#14395);
#14395 = CARTESIAN_POINT('',(0.776583447243,13.284035093706,9.5));
#14396 = CIRCLE('',#14397,0.6);
#14397 = AXIS2_PLACEMENT_3D('',#14398,#14399,#14400);
#14398 = CARTESIAN_POINT('',(1.376583447243,13.284035093706,9.5));
#14399 = DIRECTION('',(-0.,0.,1.));
#14400 = DIRECTION('',(1.,-1.110223024625E-16,0.));
#14401 = ORIENTED_EDGE('',*,*,#14402,.T.);
#14402 = EDGE_CURVE('',#14394,#14369,#14403,.T.);
#14403 = LINE('',#14404,#14405);
#14404 = CARTESIAN_POINT('',(0.776583447243,13.284035093706,9.1));
#14405 = VECTOR('',#14406,1.);
#14406 = DIRECTION('',(0.,0.,1.));
#14407 = ORIENTED_EDGE('',*,*,#14368,.T.);
#14408 = ORIENTED_EDGE('',*,*,#14409,.F.);
#14409 = EDGE_CURVE('',#14392,#14361,#14410,.T.);
#14410 = LINE('',#14411,#14412);
#14411 = CARTESIAN_POINT('',(1.976583447243,13.284035093706,9.1));
#14412 = VECTOR('',#14413,1.);
#14413 = DIRECTION('',(0.,0.,1.));
#14414 = CYLINDRICAL_SURFACE('',#14415,0.6);
#14415 = AXIS2_PLACEMENT_3D('',#14416,#14417,#14418);
#14416 = CARTESIAN_POINT('',(1.376583447243,13.284035093706,9.1));
#14417 = DIRECTION('',(0.,0.,1.));
#14418 = DIRECTION('',(1.,-1.110223024625E-16,0.));
#14419 = ADVANCED_FACE('',(#14420),#14446,.T.);
#14420 = FACE_BOUND('',#14421,.T.);
#14421 = EDGE_LOOP('',(#14422,#14423,#14431,#14440));
#14422 = ORIENTED_EDGE('',*,*,#14305,.T.);
#14423 = ORIENTED_EDGE('',*,*,#14424,.T.);
#14424 = EDGE_CURVE('',#14308,#14425,#14427,.T.);
#14425 = VERTEX_POINT('',#14426);
#14426 = CARTESIAN_POINT('',(0.476583447243,13.284035093706,9.5));
#14427 = LINE('',#14428,#14429);
#14428 = CARTESIAN_POINT('',(0.476583447243,13.284035093706,9.1));
#14429 = VECTOR('',#14430,1.);
#14430 = DIRECTION('',(0.,0.,1.));
#14431 = ORIENTED_EDGE('',*,*,#14432,.F.);
#14432 = EDGE_CURVE('',#14433,#14425,#14435,.T.);
#14433 = VERTEX_POINT('',#14434);
#14434 = CARTESIAN_POINT('',(2.276583447243,13.284035093706,9.5));
#14435 = CIRCLE('',#14436,0.9);
#14436 = AXIS2_PLACEMENT_3D('',#14437,#14438,#14439);
#14437 = CARTESIAN_POINT('',(1.376583447243,13.284035093706,9.5));
#14438 = DIRECTION('',(-0.,0.,1.));
#14439 = DIRECTION('',(1.,-1.110223024625E-16,0.));
#14440 = ORIENTED_EDGE('',*,*,#14441,.F.);
#14441 = EDGE_CURVE('',#14306,#14433,#14442,.T.);
#14442 = LINE('',#14443,#14444);
#14443 = CARTESIAN_POINT('',(2.276583447243,13.284035093706,9.1));
#14444 = VECTOR('',#14445,1.);
#14445 = DIRECTION('',(0.,0.,1.));
#14446 = CYLINDRICAL_SURFACE('',#14447,0.9);
#14447 = AXIS2_PLACEMENT_3D('',#14448,#14449,#14450);
#14448 = CARTESIAN_POINT('',(1.376583447243,13.284035093706,9.1));
#14449 = DIRECTION('',(0.,0.,1.));
#14450 = DIRECTION('',(1.,-1.110223024625E-16,0.));
#14451 = ADVANCED_FACE('',(#14452,#14462),#14596,.T.);
#14452 = FACE_BOUND('',#14453,.T.);
#14453 = EDGE_LOOP('',(#14454,#14455));
#14454 = ORIENTED_EDGE('',*,*,#14325,.T.);
#14455 = ORIENTED_EDGE('',*,*,#14456,.T.);
#14456 = EDGE_CURVE('',#14317,#14326,#14457,.T.);
#14457 = CIRCLE('',#14458,0.6);
#14458 = AXIS2_PLACEMENT_3D('',#14459,#14460,#14461);
#14459 = CARTESIAN_POINT('',(1.376583447243,13.284035093706,9.1));
#14460 = DIRECTION('',(0.,0.,-1.));
#14461 = DIRECTION('',(-1.,1.110223024625E-16,0.));
#14462 = FACE_BOUND('',#14463,.T.);
#14463 = EDGE_LOOP('',(#14464,#14474,#14483,#14491,#14499,#14507,#14516,
    #14524,#14532,#14540,#14549,#14557,#14565,#14573,#14582,#14590));
#14464 = ORIENTED_EDGE('',*,*,#14465,.F.);
#14465 = EDGE_CURVE('',#14466,#14468,#14470,.T.);
#14466 = VERTEX_POINT('',#14467);
#14467 = CARTESIAN_POINT('',(1.226583447243,13.584035093706,9.1));
#14468 = VERTEX_POINT('',#14469);
#14469 = CARTESIAN_POINT('',(1.226583447243,13.784035093706,9.1));
#14470 = LINE('',#14471,#14472);
#14471 = CARTESIAN_POINT('',(1.226583447243,13.434035093706,9.1));
#14472 = VECTOR('',#14473,1.);
#14473 = DIRECTION('',(1.110223024625E-16,1.,0.));
#14474 = ORIENTED_EDGE('',*,*,#14475,.T.);
#14475 = EDGE_CURVE('',#14466,#14476,#14478,.T.);
#14476 = VERTEX_POINT('',#14477);
#14477 = CARTESIAN_POINT('',(1.076583447243,13.434035093706,9.1));
#14478 = CIRCLE('',#14479,0.15);
#14479 = AXIS2_PLACEMENT_3D('',#14480,#14481,#14482);
#14480 = CARTESIAN_POINT('',(1.076583447243,13.584035093706,9.1));
#14481 = DIRECTION('',(0.,0.,-1.));
#14482 = DIRECTION('',(-1.,1.110223024625E-16,0.));
#14483 = ORIENTED_EDGE('',*,*,#14484,.F.);
#14484 = EDGE_CURVE('',#14485,#14476,#14487,.T.);
#14485 = VERTEX_POINT('',#14486);
#14486 = CARTESIAN_POINT('',(0.876583447243,13.434035093706,9.1));
#14487 = LINE('',#14488,#14489);
#14488 = CARTESIAN_POINT('',(0.876583447243,13.434035093706,9.1));
#14489 = VECTOR('',#14490,1.);
#14490 = DIRECTION('',(1.,1.213067344987E-16,0.));
#14491 = ORIENTED_EDGE('',*,*,#14492,.F.);
#14492 = EDGE_CURVE('',#14493,#14485,#14495,.T.);
#14493 = VERTEX_POINT('',#14494);
#14494 = CARTESIAN_POINT('',(0.876583447243,13.134035093706,9.1));
#14495 = LINE('',#14496,#14497);
#14496 = CARTESIAN_POINT('',(0.876583447243,13.134035093706,9.1));
#14497 = VECTOR('',#14498,1.);
#14498 = DIRECTION('',(1.110223024625E-16,1.,0.));
#14499 = ORIENTED_EDGE('',*,*,#14500,.F.);
#14500 = EDGE_CURVE('',#14501,#14493,#14503,.T.);
#14501 = VERTEX_POINT('',#14502);
#14502 = CARTESIAN_POINT('',(1.076583447243,13.134035093706,9.1));
#14503 = LINE('',#14504,#14505);
#14504 = CARTESIAN_POINT('',(0.876583447243,13.134035093706,9.1));
#14505 = VECTOR('',#14506,1.);
#14506 = DIRECTION('',(-1.,3.433513394237E-16,0.));
#14507 = ORIENTED_EDGE('',*,*,#14508,.T.);
#14508 = EDGE_CURVE('',#14501,#14509,#14511,.T.);
#14509 = VERTEX_POINT('',#14510);
#14510 = CARTESIAN_POINT('',(1.226583447243,12.984035093706,9.1));
#14511 = CIRCLE('',#14512,0.15);
#14512 = AXIS2_PLACEMENT_3D('',#14513,#14514,#14515);
#14513 = CARTESIAN_POINT('',(1.076583447243,12.984035093706,9.1));
#14514 = DIRECTION('',(0.,0.,-1.));
#14515 = DIRECTION('',(-1.,1.110223024625E-16,0.));
#14516 = ORIENTED_EDGE('',*,*,#14517,.F.);
#14517 = EDGE_CURVE('',#14518,#14509,#14520,.T.);
#14518 = VERTEX_POINT('',#14519);
#14519 = CARTESIAN_POINT('',(1.226583447243,12.784035093706,9.1));
#14520 = LINE('',#14521,#14522);
#14521 = CARTESIAN_POINT('',(1.226583447243,13.134035093706,9.1));
#14522 = VECTOR('',#14523,1.);
#14523 = DIRECTION('',(1.110223024625E-16,1.,0.));
#14524 = ORIENTED_EDGE('',*,*,#14525,.F.);
#14525 = EDGE_CURVE('',#14526,#14518,#14528,.T.);
#14526 = VERTEX_POINT('',#14527);
#14527 = CARTESIAN_POINT('',(1.526583447243,12.784035093706,9.1));
#14528 = LINE('',#14529,#14530);
#14529 = CARTESIAN_POINT('',(1.526583447243,12.784035093706,9.1));
#14530 = VECTOR('',#14531,1.);
#14531 = DIRECTION('',(-1.,1.110223024625E-16,0.));
#14532 = ORIENTED_EDGE('',*,*,#14533,.F.);
#14533 = EDGE_CURVE('',#14534,#14526,#14536,.T.);
#14534 = VERTEX_POINT('',#14535);
#14535 = CARTESIAN_POINT('',(1.526583447243,12.984035093706,9.1));
#14536 = LINE('',#14537,#14538);
#14537 = CARTESIAN_POINT('',(1.526583447243,13.134035093706,9.1));
#14538 = VECTOR('',#14539,1.);
#14539 = DIRECTION('',(-1.110223024625E-16,-1.,-0.));
#14540 = ORIENTED_EDGE('',*,*,#14541,.T.);
#14541 = EDGE_CURVE('',#14534,#14542,#14544,.T.);
#14542 = VERTEX_POINT('',#14543);
#14543 = CARTESIAN_POINT('',(1.676583447243,13.134035093706,9.1));
#14544 = CIRCLE('',#14545,0.15);
#14545 = AXIS2_PLACEMENT_3D('',#14546,#14547,#14548);
#14546 = CARTESIAN_POINT('',(1.676583447243,12.984035093706,9.1));
#14547 = DIRECTION('',(0.,0.,-1.));
#14548 = DIRECTION('',(-1.,1.110223024625E-16,0.));
#14549 = ORIENTED_EDGE('',*,*,#14550,.F.);
#14550 = EDGE_CURVE('',#14551,#14542,#14553,.T.);
#14551 = VERTEX_POINT('',#14552);
#14552 = CARTESIAN_POINT('',(1.876583447243,13.134035093706,9.1));
#14553 = LINE('',#14554,#14555);
#14554 = CARTESIAN_POINT('',(1.876583447243,13.134035093706,9.1));
#14555 = VECTOR('',#14556,1.);
#14556 = DIRECTION('',(-1.,-1.213067344987E-16,-0.));
#14557 = ORIENTED_EDGE('',*,*,#14558,.F.);
#14558 = EDGE_CURVE('',#14559,#14551,#14561,.T.);
#14559 = VERTEX_POINT('',#14560);
#14560 = CARTESIAN_POINT('',(1.876583447243,13.434035093706,9.1));
#14561 = LINE('',#14562,#14563);
#14562 = CARTESIAN_POINT('',(1.876583447243,13.134035093706,9.1));
#14563 = VECTOR('',#14564,1.);
#14564 = DIRECTION('',(-1.110223024625E-16,-1.,0.));
#14565 = ORIENTED_EDGE('',*,*,#14566,.F.);
#14566 = EDGE_CURVE('',#14567,#14559,#14569,.T.);
#14567 = VERTEX_POINT('',#14568);
#14568 = CARTESIAN_POINT('',(1.676583447243,13.434035093706,9.1));
#14569 = LINE('',#14570,#14571);
#14570 = CARTESIAN_POINT('',(1.876583447243,13.434035093706,9.1));
#14571 = VECTOR('',#14572,1.);
#14572 = DIRECTION('',(1.,-3.433513394237E-16,0.));
#14573 = ORIENTED_EDGE('',*,*,#14574,.T.);
#14574 = EDGE_CURVE('',#14567,#14575,#14577,.T.);
#14575 = VERTEX_POINT('',#14576);
#14576 = CARTESIAN_POINT('',(1.526583447243,13.584035093706,9.1));
#14577 = CIRCLE('',#14578,0.15);
#14578 = AXIS2_PLACEMENT_3D('',#14579,#14580,#14581);
#14579 = CARTESIAN_POINT('',(1.676583447243,13.584035093706,9.1));
#14580 = DIRECTION('',(0.,0.,-1.));
#14581 = DIRECTION('',(-1.,1.110223024625E-16,0.));
#14582 = ORIENTED_EDGE('',*,*,#14583,.F.);
#14583 = EDGE_CURVE('',#14584,#14575,#14586,.T.);
#14584 = VERTEX_POINT('',#14585);
#14585 = CARTESIAN_POINT('',(1.526583447243,13.784035093706,9.1));
#14586 = LINE('',#14587,#14588);
#14587 = CARTESIAN_POINT('',(1.526583447243,13.434035093706,9.1));
#14588 = VECTOR('',#14589,1.);
#14589 = DIRECTION('',(-1.110223024625E-16,-1.,0.));
#14590 = ORIENTED_EDGE('',*,*,#14591,.F.);
#14591 = EDGE_CURVE('',#14468,#14584,#14592,.T.);
#14592 = LINE('',#14593,#14594);
#14593 = CARTESIAN_POINT('',(1.526583447243,13.784035093706,9.1));
#14594 = VECTOR('',#14595,1.);
#14595 = DIRECTION('',(1.,-1.110223024625E-16,0.));
#14596 = PLANE('',#14597);
#14597 = AXIS2_PLACEMENT_3D('',#14598,#14599,#14600);
#14598 = CARTESIAN_POINT('',(1.376583447243,13.284035093706,9.1));
#14599 = DIRECTION('',(0.,0.,-1.));
#14600 = DIRECTION('',(-1.,1.110223024625E-16,0.));
#14601 = ADVANCED_FACE('',(#14602),#14620,.T.);
#14602 = FACE_BOUND('',#14603,.T.);
#14603 = EDGE_LOOP('',(#14604,#14605,#14612,#14613));
#14604 = ORIENTED_EDGE('',*,*,#14424,.F.);
#14605 = ORIENTED_EDGE('',*,*,#14606,.T.);
#14606 = EDGE_CURVE('',#14308,#14306,#14607,.T.);
#14607 = CIRCLE('',#14608,0.9);
#14608 = AXIS2_PLACEMENT_3D('',#14609,#14610,#14611);
#14609 = CARTESIAN_POINT('',(1.376583447243,13.284035093706,9.4));
#14610 = DIRECTION('',(0.,0.,1.));
#14611 = DIRECTION('',(-1.,1.110223024625E-16,0.));
#14612 = ORIENTED_EDGE('',*,*,#14441,.T.);
#14613 = ORIENTED_EDGE('',*,*,#14614,.F.);
#14614 = EDGE_CURVE('',#14425,#14433,#14615,.T.);
#14615 = CIRCLE('',#14616,0.9);
#14616 = AXIS2_PLACEMENT_3D('',#14617,#14618,#14619);
#14617 = CARTESIAN_POINT('',(1.376583447243,13.284035093706,9.5));
#14618 = DIRECTION('',(-0.,0.,1.));
#14619 = DIRECTION('',(1.,-1.110223024625E-16,0.));
#14620 = CYLINDRICAL_SURFACE('',#14621,0.9);
#14621 = AXIS2_PLACEMENT_3D('',#14622,#14623,#14624);
#14622 = CARTESIAN_POINT('',(1.376583447243,13.284035093706,9.1));
#14623 = DIRECTION('',(0.,0.,1.));
#14624 = DIRECTION('',(1.,-1.110223024625E-16,0.));
#14625 = ADVANCED_FACE('',(#14626,#14630),#14640,.T.);
#14626 = FACE_BOUND('',#14627,.T.);
#14627 = EDGE_LOOP('',(#14628,#14629));
#14628 = ORIENTED_EDGE('',*,*,#14432,.T.);
#14629 = ORIENTED_EDGE('',*,*,#14614,.T.);
#14630 = FACE_BOUND('',#14631,.T.);
#14631 = EDGE_LOOP('',(#14632,#14633));
#14632 = ORIENTED_EDGE('',*,*,#14391,.F.);
#14633 = ORIENTED_EDGE('',*,*,#14634,.F.);
#14634 = EDGE_CURVE('',#14394,#14392,#14635,.T.);
#14635 = CIRCLE('',#14636,0.6);
#14636 = AXIS2_PLACEMENT_3D('',#14637,#14638,#14639);
#14637 = CARTESIAN_POINT('',(1.376583447243,13.284035093706,9.5));
#14638 = DIRECTION('',(-0.,0.,1.));
#14639 = DIRECTION('',(1.,-1.110223024625E-16,0.));
#14640 = PLANE('',#14641);
#14641 = AXIS2_PLACEMENT_3D('',#14642,#14643,#14644);
#14642 = CARTESIAN_POINT('',(1.376583447243,14.184035093706,9.5));
#14643 = DIRECTION('',(0.,0.,1.));
#14644 = DIRECTION('',(1.,-1.110223024625E-16,0.));
#14645 = ADVANCED_FACE('',(#14646),#14658,.T.);
#14646 = FACE_BOUND('',#14647,.T.);
#14647 = EDGE_LOOP('',(#14648,#14649,#14650,#14651));
#14648 = ORIENTED_EDGE('',*,*,#14402,.F.);
#14649 = ORIENTED_EDGE('',*,*,#14634,.T.);
#14650 = ORIENTED_EDGE('',*,*,#14409,.T.);
#14651 = ORIENTED_EDGE('',*,*,#14652,.T.);
#14652 = EDGE_CURVE('',#14361,#14369,#14653,.T.);
#14653 = CIRCLE('',#14654,0.6);
#14654 = AXIS2_PLACEMENT_3D('',#14655,#14656,#14657);
#14655 = CARTESIAN_POINT('',(1.376583447243,13.284035093706,11.85));
#14656 = DIRECTION('',(0.,0.,-1.));
#14657 = DIRECTION('',(1.,-1.110223024625E-16,0.));
#14658 = CYLINDRICAL_SURFACE('',#14659,0.6);
#14659 = AXIS2_PLACEMENT_3D('',#14660,#14661,#14662);
#14660 = CARTESIAN_POINT('',(1.376583447243,13.284035093706,9.1));
#14661 = DIRECTION('',(0.,0.,1.));
#14662 = DIRECTION('',(1.,-1.110223024625E-16,0.));
#14663 = ADVANCED_FACE('',(#14664),#14674,.T.);
#14664 = FACE_BOUND('',#14665,.T.);
#14665 = EDGE_LOOP('',(#14666,#14673));
#14666 = ORIENTED_EDGE('',*,*,#14667,.T.);
#14667 = EDGE_CURVE('',#14352,#14350,#14668,.T.);
#14668 = CIRCLE('',#14669,0.45);
#14669 = AXIS2_PLACEMENT_3D('',#14670,#14671,#14672);
#14670 = CARTESIAN_POINT('',(1.376583447243,13.284035093706,12.));
#14671 = DIRECTION('',(-0.,0.,1.));
#14672 = DIRECTION('',(1.,-1.110223024625E-16,0.));
#14673 = ORIENTED_EDGE('',*,*,#14349,.T.);
#14674 = PLANE('',#14675);
#14675 = AXIS2_PLACEMENT_3D('',#14676,#14677,#14678);
#14676 = CARTESIAN_POINT('',(1.376583447243,13.884035093706,12.));
#14677 = DIRECTION('',(0.,0.,1.));
#14678 = DIRECTION('',(1.,-1.110223024625E-16,0.));
#14679 = ADVANCED_FACE('',(#14680),#14686,.T.);
#14680 = FACE_BOUND('',#14681,.T.);
#14681 = EDGE_LOOP('',(#14682,#14683,#14684,#14685));
#14682 = ORIENTED_EDGE('',*,*,#14360,.F.);
#14683 = ORIENTED_EDGE('',*,*,#14667,.F.);
#14684 = ORIENTED_EDGE('',*,*,#14377,.T.);
#14685 = ORIENTED_EDGE('',*,*,#14652,.F.);
#14686 = CONICAL_SURFACE('',#14687,0.45,0.785398163397);
#14687 = AXIS2_PLACEMENT_3D('',#14688,#14689,#14690);
#14688 = CARTESIAN_POINT('',(1.376583447243,13.284035093706,12.));
#14689 = DIRECTION('',(0.,0.,-1.));
#14690 = DIRECTION('',(-1.,1.110223024625E-16,0.));
#14691 = ADVANCED_FACE('',(#14692),#14717,.F.);
#14692 = FACE_BOUND('',#14693,.T.);
#14693 = EDGE_LOOP('',(#14694,#14704,#14710,#14711));
#14694 = ORIENTED_EDGE('',*,*,#14695,.F.);
#14695 = EDGE_CURVE('',#14696,#14698,#14700,.T.);
#14696 = VERTEX_POINT('',#14697);
#14697 = CARTESIAN_POINT('',(1.676583447243,13.434035093706,9.4));
#14698 = VERTEX_POINT('',#14699);
#14699 = CARTESIAN_POINT('',(1.876583447243,13.434035093706,9.4));
#14700 = LINE('',#14701,#14702);
#14701 = CARTESIAN_POINT('',(1.876583447243,13.434035093706,9.4));
#14702 = VECTOR('',#14703,1.);
#14703 = DIRECTION('',(1.,-3.433513394237E-16,0.));
#14704 = ORIENTED_EDGE('',*,*,#14705,.T.);
#14705 = EDGE_CURVE('',#14696,#14567,#14706,.T.);
#14706 = LINE('',#14707,#14708);
#14707 = CARTESIAN_POINT('',(1.676583447243,13.434035093706,9.4));
#14708 = VECTOR('',#14709,1.);
#14709 = DIRECTION('',(0.,0.,-1.));
#14710 = ORIENTED_EDGE('',*,*,#14566,.T.);
#14711 = ORIENTED_EDGE('',*,*,#14712,.F.);
#14712 = EDGE_CURVE('',#14698,#14559,#14713,.T.);
#14713 = LINE('',#14714,#14715);
#14714 = CARTESIAN_POINT('',(1.876583447243,13.434035093706,9.4));
#14715 = VECTOR('',#14716,1.);
#14716 = DIRECTION('',(0.,0.,-1.));
#14717 = PLANE('',#14718);
#14718 = AXIS2_PLACEMENT_3D('',#14719,#14720,#14721);
#14719 = CARTESIAN_POINT('',(1.876583447243,13.434035093706,9.4));
#14720 = DIRECTION('',(3.433513394237E-16,1.,0.));
#14721 = DIRECTION('',(1.,-3.433513394237E-16,0.));
#14722 = ADVANCED_FACE('',(#14723),#14748,.F.);
#14723 = FACE_BOUND('',#14724,.T.);
#14724 = EDGE_LOOP('',(#14725,#14726,#14734,#14742));
#14725 = ORIENTED_EDGE('',*,*,#14583,.T.);
#14726 = ORIENTED_EDGE('',*,*,#14727,.T.);
#14727 = EDGE_CURVE('',#14575,#14728,#14730,.T.);
#14728 = VERTEX_POINT('',#14729);
#14729 = CARTESIAN_POINT('',(1.526583447243,13.584035093706,9.4));
#14730 = LINE('',#14731,#14732);
#14731 = CARTESIAN_POINT('',(1.526583447243,13.584035093706,9.4));
#14732 = VECTOR('',#14733,1.);
#14733 = DIRECTION('',(0.,0.,1.));
#14734 = ORIENTED_EDGE('',*,*,#14735,.F.);
#14735 = EDGE_CURVE('',#14736,#14728,#14738,.T.);
#14736 = VERTEX_POINT('',#14737);
#14737 = CARTESIAN_POINT('',(1.526583447243,13.784035093706,9.4));
#14738 = LINE('',#14739,#14740);
#14739 = CARTESIAN_POINT('',(1.526583447243,13.434035093706,9.4));
#14740 = VECTOR('',#14741,1.);
#14741 = DIRECTION('',(-1.110223024625E-16,-1.,0.));
#14742 = ORIENTED_EDGE('',*,*,#14743,.T.);
#14743 = EDGE_CURVE('',#14736,#14584,#14744,.T.);
#14744 = LINE('',#14745,#14746);
#14745 = CARTESIAN_POINT('',(1.526583447243,13.784035093706,9.4));
#14746 = VECTOR('',#14747,1.);
#14747 = DIRECTION('',(0.,0.,-1.));
#14748 = PLANE('',#14749);
#14749 = AXIS2_PLACEMENT_3D('',#14750,#14751,#14752);
#14750 = CARTESIAN_POINT('',(1.526583447243,13.434035093706,9.4));
#14751 = DIRECTION('',(1.,-1.110223024625E-16,0.));
#14752 = DIRECTION('',(-1.110223024625E-16,-1.,0.));
#14753 = ADVANCED_FACE('',(#14754),#14772,.F.);
#14754 = FACE_BOUND('',#14755,.T.);
#14755 = EDGE_LOOP('',(#14756,#14757,#14758,#14766));
#14756 = ORIENTED_EDGE('',*,*,#14591,.T.);
#14757 = ORIENTED_EDGE('',*,*,#14743,.F.);
#14758 = ORIENTED_EDGE('',*,*,#14759,.F.);
#14759 = EDGE_CURVE('',#14760,#14736,#14762,.T.);
#14760 = VERTEX_POINT('',#14761);
#14761 = CARTESIAN_POINT('',(1.226583447243,13.784035093706,9.4));
#14762 = LINE('',#14763,#14764);
#14763 = CARTESIAN_POINT('',(1.526583447243,13.784035093706,9.4));
#14764 = VECTOR('',#14765,1.);
#14765 = DIRECTION('',(1.,-1.110223024625E-16,0.));
#14766 = ORIENTED_EDGE('',*,*,#14767,.T.);
#14767 = EDGE_CURVE('',#14760,#14468,#14768,.T.);
#14768 = LINE('',#14769,#14770);
#14769 = CARTESIAN_POINT('',(1.226583447243,13.784035093706,9.4));
#14770 = VECTOR('',#14771,1.);
#14771 = DIRECTION('',(0.,0.,-1.));
#14772 = PLANE('',#14773);
#14773 = AXIS2_PLACEMENT_3D('',#14774,#14775,#14776);
#14774 = CARTESIAN_POINT('',(1.526583447243,13.784035093706,9.4));
#14775 = DIRECTION('',(1.110223024625E-16,1.,0.));
#14776 = DIRECTION('',(1.,-1.110223024625E-16,0.));
#14777 = ADVANCED_FACE('',(#14778),#14796,.F.);
#14778 = FACE_BOUND('',#14779,.T.);
#14779 = EDGE_LOOP('',(#14780,#14788,#14794,#14795));
#14780 = ORIENTED_EDGE('',*,*,#14781,.F.);
#14781 = EDGE_CURVE('',#14782,#14760,#14784,.T.);
#14782 = VERTEX_POINT('',#14783);
#14783 = CARTESIAN_POINT('',(1.226583447243,13.584035093706,9.4));
#14784 = LINE('',#14785,#14786);
#14785 = CARTESIAN_POINT('',(1.226583447243,13.434035093706,9.4));
#14786 = VECTOR('',#14787,1.);
#14787 = DIRECTION('',(1.110223024625E-16,1.,0.));
#14788 = ORIENTED_EDGE('',*,*,#14789,.T.);
#14789 = EDGE_CURVE('',#14782,#14466,#14790,.T.);
#14790 = LINE('',#14791,#14792);
#14791 = CARTESIAN_POINT('',(1.226583447243,13.584035093706,9.4));
#14792 = VECTOR('',#14793,1.);
#14793 = DIRECTION('',(0.,0.,-1.));
#14794 = ORIENTED_EDGE('',*,*,#14465,.T.);
#14795 = ORIENTED_EDGE('',*,*,#14767,.F.);
#14796 = PLANE('',#14797);
#14797 = AXIS2_PLACEMENT_3D('',#14798,#14799,#14800);
#14798 = CARTESIAN_POINT('',(1.226583447243,13.434035093706,9.4));
#14799 = DIRECTION('',(-1.,1.110223024625E-16,0.));
#14800 = DIRECTION('',(1.110223024625E-16,1.,0.));
#14801 = ADVANCED_FACE('',(#14802),#14827,.F.);
#14802 = FACE_BOUND('',#14803,.T.);
#14803 = EDGE_LOOP('',(#14804,#14805,#14813,#14821));
#14804 = ORIENTED_EDGE('',*,*,#14484,.T.);
#14805 = ORIENTED_EDGE('',*,*,#14806,.T.);
#14806 = EDGE_CURVE('',#14476,#14807,#14809,.T.);
#14807 = VERTEX_POINT('',#14808);
#14808 = CARTESIAN_POINT('',(1.076583447243,13.434035093706,9.4));
#14809 = LINE('',#14810,#14811);
#14810 = CARTESIAN_POINT('',(1.076583447243,13.434035093706,9.4));
#14811 = VECTOR('',#14812,1.);
#14812 = DIRECTION('',(0.,0.,1.));
#14813 = ORIENTED_EDGE('',*,*,#14814,.F.);
#14814 = EDGE_CURVE('',#14815,#14807,#14817,.T.);
#14815 = VERTEX_POINT('',#14816);
#14816 = CARTESIAN_POINT('',(0.876583447243,13.434035093706,9.4));
#14817 = LINE('',#14818,#14819);
#14818 = CARTESIAN_POINT('',(0.876583447243,13.434035093706,9.4));
#14819 = VECTOR('',#14820,1.);
#14820 = DIRECTION('',(1.,1.213067344987E-16,0.));
#14821 = ORIENTED_EDGE('',*,*,#14822,.T.);
#14822 = EDGE_CURVE('',#14815,#14485,#14823,.T.);
#14823 = LINE('',#14824,#14825);
#14824 = CARTESIAN_POINT('',(0.876583447243,13.434035093706,9.4));
#14825 = VECTOR('',#14826,1.);
#14826 = DIRECTION('',(0.,0.,-1.));
#14827 = PLANE('',#14828);
#14828 = AXIS2_PLACEMENT_3D('',#14829,#14830,#14831);
#14829 = CARTESIAN_POINT('',(0.876583447243,13.434035093706,9.4));
#14830 = DIRECTION('',(-1.213067344987E-16,1.,0.));
#14831 = DIRECTION('',(1.,1.213067344987E-16,0.));
#14832 = ADVANCED_FACE('',(#14833),#14851,.F.);
#14833 = FACE_BOUND('',#14834,.T.);
#14834 = EDGE_LOOP('',(#14835,#14836,#14837,#14845));
#14835 = ORIENTED_EDGE('',*,*,#14492,.T.);
#14836 = ORIENTED_EDGE('',*,*,#14822,.F.);
#14837 = ORIENTED_EDGE('',*,*,#14838,.F.);
#14838 = EDGE_CURVE('',#14839,#14815,#14841,.T.);
#14839 = VERTEX_POINT('',#14840);
#14840 = CARTESIAN_POINT('',(0.876583447243,13.134035093706,9.4));
#14841 = LINE('',#14842,#14843);
#14842 = CARTESIAN_POINT('',(0.876583447243,13.134035093706,9.4));
#14843 = VECTOR('',#14844,1.);
#14844 = DIRECTION('',(1.110223024625E-16,1.,0.));
#14845 = ORIENTED_EDGE('',*,*,#14846,.T.);
#14846 = EDGE_CURVE('',#14839,#14493,#14847,.T.);
#14847 = LINE('',#14848,#14849);
#14848 = CARTESIAN_POINT('',(0.876583447243,13.134035093706,9.4));
#14849 = VECTOR('',#14850,1.);
#14850 = DIRECTION('',(0.,0.,-1.));
#14851 = PLANE('',#14852);
#14852 = AXIS2_PLACEMENT_3D('',#14853,#14854,#14855);
#14853 = CARTESIAN_POINT('',(0.876583447243,13.134035093706,9.4));
#14854 = DIRECTION('',(-1.,1.110223024625E-16,0.));
#14855 = DIRECTION('',(1.110223024625E-16,1.,0.));
#14856 = ADVANCED_FACE('',(#14857),#14875,.F.);
#14857 = FACE_BOUND('',#14858,.T.);
#14858 = EDGE_LOOP('',(#14859,#14867,#14873,#14874));
#14859 = ORIENTED_EDGE('',*,*,#14860,.F.);
#14860 = EDGE_CURVE('',#14861,#14839,#14863,.T.);
#14861 = VERTEX_POINT('',#14862);
#14862 = CARTESIAN_POINT('',(1.076583447243,13.134035093706,9.4));
#14863 = LINE('',#14864,#14865);
#14864 = CARTESIAN_POINT('',(0.876583447243,13.134035093706,9.4));
#14865 = VECTOR('',#14866,1.);
#14866 = DIRECTION('',(-1.,3.433513394237E-16,0.));
#14867 = ORIENTED_EDGE('',*,*,#14868,.T.);
#14868 = EDGE_CURVE('',#14861,#14501,#14869,.T.);
#14869 = LINE('',#14870,#14871);
#14870 = CARTESIAN_POINT('',(1.076583447243,13.134035093706,9.4));
#14871 = VECTOR('',#14872,1.);
#14872 = DIRECTION('',(0.,0.,-1.));
#14873 = ORIENTED_EDGE('',*,*,#14500,.T.);
#14874 = ORIENTED_EDGE('',*,*,#14846,.F.);
#14875 = PLANE('',#14876);
#14876 = AXIS2_PLACEMENT_3D('',#14877,#14878,#14879);
#14877 = CARTESIAN_POINT('',(0.876583447243,13.134035093706,9.4));
#14878 = DIRECTION('',(-3.433513394237E-16,-1.,-0.));
#14879 = DIRECTION('',(-1.,3.433513394237E-16,0.));
#14880 = ADVANCED_FACE('',(#14881),#14906,.F.);
#14881 = FACE_BOUND('',#14882,.T.);
#14882 = EDGE_LOOP('',(#14883,#14884,#14892,#14900));
#14883 = ORIENTED_EDGE('',*,*,#14517,.T.);
#14884 = ORIENTED_EDGE('',*,*,#14885,.T.);
#14885 = EDGE_CURVE('',#14509,#14886,#14888,.T.);
#14886 = VERTEX_POINT('',#14887);
#14887 = CARTESIAN_POINT('',(1.226583447243,12.984035093706,9.4));
#14888 = LINE('',#14889,#14890);
#14889 = CARTESIAN_POINT('',(1.226583447243,12.984035093706,9.4));
#14890 = VECTOR('',#14891,1.);
#14891 = DIRECTION('',(0.,0.,1.));
#14892 = ORIENTED_EDGE('',*,*,#14893,.F.);
#14893 = EDGE_CURVE('',#14894,#14886,#14896,.T.);
#14894 = VERTEX_POINT('',#14895);
#14895 = CARTESIAN_POINT('',(1.226583447243,12.784035093706,9.4));
#14896 = LINE('',#14897,#14898);
#14897 = CARTESIAN_POINT('',(1.226583447243,13.134035093706,9.4));
#14898 = VECTOR('',#14899,1.);
#14899 = DIRECTION('',(1.110223024625E-16,1.,0.));
#14900 = ORIENTED_EDGE('',*,*,#14901,.T.);
#14901 = EDGE_CURVE('',#14894,#14518,#14902,.T.);
#14902 = LINE('',#14903,#14904);
#14903 = CARTESIAN_POINT('',(1.226583447243,12.784035093706,9.4));
#14904 = VECTOR('',#14905,1.);
#14905 = DIRECTION('',(0.,0.,-1.));
#14906 = PLANE('',#14907);
#14907 = AXIS2_PLACEMENT_3D('',#14908,#14909,#14910);
#14908 = CARTESIAN_POINT('',(1.226583447243,13.134035093706,9.4));
#14909 = DIRECTION('',(-1.,1.110223024625E-16,0.));
#14910 = DIRECTION('',(1.110223024625E-16,1.,0.));
#14911 = ADVANCED_FACE('',(#14912),#14930,.F.);
#14912 = FACE_BOUND('',#14913,.T.);
#14913 = EDGE_LOOP('',(#14914,#14915,#14916,#14924));
#14914 = ORIENTED_EDGE('',*,*,#14525,.T.);
#14915 = ORIENTED_EDGE('',*,*,#14901,.F.);
#14916 = ORIENTED_EDGE('',*,*,#14917,.F.);
#14917 = EDGE_CURVE('',#14918,#14894,#14920,.T.);
#14918 = VERTEX_POINT('',#14919);
#14919 = CARTESIAN_POINT('',(1.526583447243,12.784035093706,9.4));
#14920 = LINE('',#14921,#14922);
#14921 = CARTESIAN_POINT('',(1.526583447243,12.784035093706,9.4));
#14922 = VECTOR('',#14923,1.);
#14923 = DIRECTION('',(-1.,1.110223024625E-16,0.));
#14924 = ORIENTED_EDGE('',*,*,#14925,.T.);
#14925 = EDGE_CURVE('',#14918,#14526,#14926,.T.);
#14926 = LINE('',#14927,#14928);
#14927 = CARTESIAN_POINT('',(1.526583447243,12.784035093706,9.4));
#14928 = VECTOR('',#14929,1.);
#14929 = DIRECTION('',(0.,0.,-1.));
#14930 = PLANE('',#14931);
#14931 = AXIS2_PLACEMENT_3D('',#14932,#14933,#14934);
#14932 = CARTESIAN_POINT('',(1.526583447243,12.784035093706,9.4));
#14933 = DIRECTION('',(-1.110223024625E-16,-1.,-0.));
#14934 = DIRECTION('',(-1.,1.110223024625E-16,0.));
#14935 = ADVANCED_FACE('',(#14936),#14954,.F.);
#14936 = FACE_BOUND('',#14937,.T.);
#14937 = EDGE_LOOP('',(#14938,#14946,#14952,#14953));
#14938 = ORIENTED_EDGE('',*,*,#14939,.F.);
#14939 = EDGE_CURVE('',#14940,#14918,#14942,.T.);
#14940 = VERTEX_POINT('',#14941);
#14941 = CARTESIAN_POINT('',(1.526583447243,12.984035093706,9.4));
#14942 = LINE('',#14943,#14944);
#14943 = CARTESIAN_POINT('',(1.526583447243,13.134035093706,9.4));
#14944 = VECTOR('',#14945,1.);
#14945 = DIRECTION('',(-1.110223024625E-16,-1.,-0.));
#14946 = ORIENTED_EDGE('',*,*,#14947,.T.);
#14947 = EDGE_CURVE('',#14940,#14534,#14948,.T.);
#14948 = LINE('',#14949,#14950);
#14949 = CARTESIAN_POINT('',(1.526583447243,12.984035093706,9.4));
#14950 = VECTOR('',#14951,1.);
#14951 = DIRECTION('',(0.,0.,-1.));
#14952 = ORIENTED_EDGE('',*,*,#14533,.T.);
#14953 = ORIENTED_EDGE('',*,*,#14925,.F.);
#14954 = PLANE('',#14955);
#14955 = AXIS2_PLACEMENT_3D('',#14956,#14957,#14958);
#14956 = CARTESIAN_POINT('',(1.526583447243,13.134035093706,9.4));
#14957 = DIRECTION('',(1.,-1.110223024625E-16,0.));
#14958 = DIRECTION('',(-1.110223024625E-16,-1.,0.));
#14959 = ADVANCED_FACE('',(#14960),#14985,.F.);
#14960 = FACE_BOUND('',#14961,.T.);
#14961 = EDGE_LOOP('',(#14962,#14963,#14971,#14979));
#14962 = ORIENTED_EDGE('',*,*,#14550,.T.);
#14963 = ORIENTED_EDGE('',*,*,#14964,.T.);
#14964 = EDGE_CURVE('',#14542,#14965,#14967,.T.);
#14965 = VERTEX_POINT('',#14966);
#14966 = CARTESIAN_POINT('',(1.676583447243,13.134035093706,9.4));
#14967 = LINE('',#14968,#14969);
#14968 = CARTESIAN_POINT('',(1.676583447243,13.134035093706,9.4));
#14969 = VECTOR('',#14970,1.);
#14970 = DIRECTION('',(0.,0.,1.));
#14971 = ORIENTED_EDGE('',*,*,#14972,.F.);
#14972 = EDGE_CURVE('',#14973,#14965,#14975,.T.);
#14973 = VERTEX_POINT('',#14974);
#14974 = CARTESIAN_POINT('',(1.876583447243,13.134035093706,9.4));
#14975 = LINE('',#14976,#14977);
#14976 = CARTESIAN_POINT('',(1.876583447243,13.134035093706,9.4));
#14977 = VECTOR('',#14978,1.);
#14978 = DIRECTION('',(-1.,-1.213067344987E-16,-0.));
#14979 = ORIENTED_EDGE('',*,*,#14980,.T.);
#14980 = EDGE_CURVE('',#14973,#14551,#14981,.T.);
#14981 = LINE('',#14982,#14983);
#14982 = CARTESIAN_POINT('',(1.876583447243,13.134035093706,9.4));
#14983 = VECTOR('',#14984,1.);
#14984 = DIRECTION('',(0.,0.,-1.));
#14985 = PLANE('',#14986);
#14986 = AXIS2_PLACEMENT_3D('',#14987,#14988,#14989);
#14987 = CARTESIAN_POINT('',(1.876583447243,13.134035093706,9.4));
#14988 = DIRECTION('',(1.213067344987E-16,-1.,0.));
#14989 = DIRECTION('',(-1.,-1.213067344987E-16,0.));
#14990 = ADVANCED_FACE('',(#14991),#15002,.F.);
#14991 = FACE_BOUND('',#14992,.T.);
#14992 = EDGE_LOOP('',(#14993,#14994,#14995,#15001));
#14993 = ORIENTED_EDGE('',*,*,#14558,.T.);
#14994 = ORIENTED_EDGE('',*,*,#14980,.F.);
#14995 = ORIENTED_EDGE('',*,*,#14996,.F.);
#14996 = EDGE_CURVE('',#14698,#14973,#14997,.T.);
#14997 = LINE('',#14998,#14999);
#14998 = CARTESIAN_POINT('',(1.876583447243,13.134035093706,9.4));
#14999 = VECTOR('',#15000,1.);
#15000 = DIRECTION('',(-1.110223024625E-16,-1.,0.));
#15001 = ORIENTED_EDGE('',*,*,#14712,.T.);
#15002 = PLANE('',#15003);
#15003 = AXIS2_PLACEMENT_3D('',#15004,#15005,#15006);
#15004 = CARTESIAN_POINT('',(1.876583447243,13.134035093706,9.4));
#15005 = DIRECTION('',(1.,-1.110223024625E-16,0.));
#15006 = DIRECTION('',(-1.110223024625E-16,-1.,0.));
#15007 = ADVANCED_FACE('',(#15008),#15050,.T.);
#15008 = FACE_BOUND('',#15009,.T.);
#15009 = EDGE_LOOP('',(#15010,#15011,#15018,#15019,#15020,#15021,#15028,
    #15029,#15030,#15031,#15038,#15039,#15040,#15041,#15048,#15049));
#15010 = ORIENTED_EDGE('',*,*,#14735,.T.);
#15011 = ORIENTED_EDGE('',*,*,#15012,.T.);
#15012 = EDGE_CURVE('',#14728,#14696,#15013,.T.);
#15013 = CIRCLE('',#15014,0.15);
#15014 = AXIS2_PLACEMENT_3D('',#15015,#15016,#15017);
#15015 = CARTESIAN_POINT('',(1.676583447243,13.584035093706,9.4));
#15016 = DIRECTION('',(0.,0.,1.));
#15017 = DIRECTION('',(-1.,1.110223024625E-16,0.));
#15018 = ORIENTED_EDGE('',*,*,#14695,.T.);
#15019 = ORIENTED_EDGE('',*,*,#14996,.T.);
#15020 = ORIENTED_EDGE('',*,*,#14972,.T.);
#15021 = ORIENTED_EDGE('',*,*,#15022,.T.);
#15022 = EDGE_CURVE('',#14965,#14940,#15023,.T.);
#15023 = CIRCLE('',#15024,0.15);
#15024 = AXIS2_PLACEMENT_3D('',#15025,#15026,#15027);
#15025 = CARTESIAN_POINT('',(1.676583447243,12.984035093706,9.4));
#15026 = DIRECTION('',(0.,0.,1.));
#15027 = DIRECTION('',(-1.,-6.117791458612E-16,0.));
#15028 = ORIENTED_EDGE('',*,*,#14939,.T.);
#15029 = ORIENTED_EDGE('',*,*,#14917,.T.);
#15030 = ORIENTED_EDGE('',*,*,#14893,.T.);
#15031 = ORIENTED_EDGE('',*,*,#15032,.T.);
#15032 = EDGE_CURVE('',#14886,#14861,#15033,.T.);
#15033 = CIRCLE('',#15034,0.15);
#15034 = AXIS2_PLACEMENT_3D('',#15035,#15036,#15037);
#15035 = CARTESIAN_POINT('',(1.076583447243,12.984035093706,9.4));
#15036 = DIRECTION('',(0.,0.,1.));
#15037 = DIRECTION('',(-1.,-6.117791458612E-16,0.));
#15038 = ORIENTED_EDGE('',*,*,#14860,.T.);
#15039 = ORIENTED_EDGE('',*,*,#14838,.T.);
#15040 = ORIENTED_EDGE('',*,*,#14814,.T.);
#15041 = ORIENTED_EDGE('',*,*,#15042,.T.);
#15042 = EDGE_CURVE('',#14807,#14782,#15043,.T.);
#15043 = CIRCLE('',#15044,0.15);
#15044 = AXIS2_PLACEMENT_3D('',#15045,#15046,#15047);
#15045 = CARTESIAN_POINT('',(1.076583447243,13.584035093706,9.4));
#15046 = DIRECTION('',(0.,0.,1.));
#15047 = DIRECTION('',(-1.,8.338237507862E-16,0.));
#15048 = ORIENTED_EDGE('',*,*,#14781,.T.);
#15049 = ORIENTED_EDGE('',*,*,#14759,.T.);
#15050 = PLANE('',#15051);
#15051 = AXIS2_PLACEMENT_3D('',#15052,#15053,#15054);
#15052 = CARTESIAN_POINT('',(1.376583447243,13.284035093706,9.4));
#15053 = DIRECTION('',(0.,0.,-1.));
#15054 = DIRECTION('',(-1.,1.110223024625E-16,0.));
#15055 = ADVANCED_FACE('',(#15056),#15062,.T.);
#15056 = FACE_BOUND('',#15057,.T.);
#15057 = EDGE_LOOP('',(#15058,#15059,#15060,#15061));
#15058 = ORIENTED_EDGE('',*,*,#15042,.F.);
#15059 = ORIENTED_EDGE('',*,*,#14806,.F.);
#15060 = ORIENTED_EDGE('',*,*,#14475,.F.);
#15061 = ORIENTED_EDGE('',*,*,#14789,.F.);
#15062 = CYLINDRICAL_SURFACE('',#15063,0.15);
#15063 = AXIS2_PLACEMENT_3D('',#15064,#15065,#15066);
#15064 = CARTESIAN_POINT('',(1.076583447243,13.584035093706,9.4));
#15065 = DIRECTION('',(0.,0.,-1.));
#15066 = DIRECTION('',(-1.,1.110223024625E-16,0.));
#15067 = ADVANCED_FACE('',(#15068),#15074,.T.);
#15068 = FACE_BOUND('',#15069,.T.);
#15069 = EDGE_LOOP('',(#15070,#15071,#15072,#15073));
#15070 = ORIENTED_EDGE('',*,*,#15032,.F.);
#15071 = ORIENTED_EDGE('',*,*,#14885,.F.);
#15072 = ORIENTED_EDGE('',*,*,#14508,.F.);
#15073 = ORIENTED_EDGE('',*,*,#14868,.F.);
#15074 = CYLINDRICAL_SURFACE('',#15075,0.15);
#15075 = AXIS2_PLACEMENT_3D('',#15076,#15077,#15078);
#15076 = CARTESIAN_POINT('',(1.076583447243,12.984035093706,9.4));
#15077 = DIRECTION('',(0.,0.,-1.));
#15078 = DIRECTION('',(-1.,1.110223024625E-16,0.));
#15079 = ADVANCED_FACE('',(#15080),#15086,.T.);
#15080 = FACE_BOUND('',#15081,.T.);
#15081 = EDGE_LOOP('',(#15082,#15083,#15084,#15085));
#15082 = ORIENTED_EDGE('',*,*,#15012,.F.);
#15083 = ORIENTED_EDGE('',*,*,#14727,.F.);
#15084 = ORIENTED_EDGE('',*,*,#14574,.F.);
#15085 = ORIENTED_EDGE('',*,*,#14705,.F.);
#15086 = CYLINDRICAL_SURFACE('',#15087,0.15);
#15087 = AXIS2_PLACEMENT_3D('',#15088,#15089,#15090);
#15088 = CARTESIAN_POINT('',(1.676583447243,13.584035093706,9.4));
#15089 = DIRECTION('',(0.,0.,-1.));
#15090 = DIRECTION('',(-1.,1.110223024625E-16,0.));
#15091 = ADVANCED_FACE('',(#15092),#15098,.T.);
#15092 = FACE_BOUND('',#15093,.T.);
#15093 = EDGE_LOOP('',(#15094,#15095,#15096,#15097));
#15094 = ORIENTED_EDGE('',*,*,#15022,.F.);
#15095 = ORIENTED_EDGE('',*,*,#14964,.F.);
#15096 = ORIENTED_EDGE('',*,*,#14541,.F.);
#15097 = ORIENTED_EDGE('',*,*,#14947,.F.);
#15098 = CYLINDRICAL_SURFACE('',#15099,0.15);
#15099 = AXIS2_PLACEMENT_3D('',#15100,#15101,#15102);
#15100 = CARTESIAN_POINT('',(1.676583447243,12.984035093706,9.4));
#15101 = DIRECTION('',(0.,0.,-1.));
#15102 = DIRECTION('',(-1.,1.110223024625E-16,0.));
#15103 = ADVANCED_FACE('',(#15104),#15110,.T.);
#15104 = FACE_BOUND('',#15105,.T.);
#15105 = EDGE_LOOP('',(#15106,#15107,#15108,#15109));
#15106 = ORIENTED_EDGE('',*,*,#14316,.F.);
#15107 = ORIENTED_EDGE('',*,*,#14606,.F.);
#15108 = ORIENTED_EDGE('',*,*,#14334,.T.);
#15109 = ORIENTED_EDGE('',*,*,#14456,.F.);
#15110 = TOROIDAL_SURFACE('',#15111,0.6,0.3);
#15111 = AXIS2_PLACEMENT_3D('',#15112,#15113,#15114);
#15112 = CARTESIAN_POINT('',(1.376583447243,13.284035093706,9.4));
#15113 = DIRECTION('',(0.,0.,-1.));
#15114 = DIRECTION('',(-1.,1.110223024625E-16,0.));
#15115 = ( GEOMETRIC_REPRESENTATION_CONTEXT(3) 
GLOBAL_UNCERTAINTY_ASSIGNED_CONTEXT((#15119)) 
GLOBAL_UNIT_ASSIGNED_CONTEXT((#15116,#15117,#15118)) 
REPRESENTATION_CONTEXT('Context #1',
  '3D Context with UNIT and UNCERTAINTY') );
#15116 = ( LENGTH_UNIT() NAMED_UNIT(*) SI_UNIT(.MILLI.,.METRE.) );
#15117 = ( NAMED_UNIT(*) PLANE_ANGLE_UNIT() SI_UNIT($,.RADIAN.) );
#15118 = ( NAMED_UNIT(*) SI_UNIT($,.STERADIAN.) SOLID_ANGLE_UNIT() );
#15119 = UNCERTAINTY_MEASURE_WITH_UNIT(LENGTH_MEASURE(1.E-07),#15116,
  'distance_accuracy_value','confusion accuracy');
#15120 = CONTEXT_DEPENDENT_SHAPE_REPRESENTATION(#15121,#15123);
#15121 = ( REPRESENTATION_RELATIONSHIP('','',#14298,#3244) 
REPRESENTATION_RELATIONSHIP_WITH_TRANSFORMATION(#15122) 
SHAPE_REPRESENTATION_RELATIONSHIP() );
#15122 = ITEM_DEFINED_TRANSFORMATION('','',#11,#3293);
#15123 = PRODUCT_DEFINITION_SHAPE('Placement','Placement of an item',
  #15124);
#15124 = NEXT_ASSEMBLY_USAGE_OCCURRENCE('19','Shutter_part012','',#3239,
  #14293,$);
#15125 = PRODUCT_RELATED_PRODUCT_CATEGORY('part',$,(#14295));
#15126 = SHAPE_DEFINITION_REPRESENTATION(#15127,#15133);
#15127 = PRODUCT_DEFINITION_SHAPE('','',#15128);
#15128 = PRODUCT_DEFINITION('design','',#15129,#15132);
#15129 = PRODUCT_DEFINITION_FORMATION('','',#15130);
#15130 = PRODUCT('Shutter_part013','Shutter_part013','',(#15131));
#15131 = PRODUCT_CONTEXT('',#2,'mechanical');
#15132 = PRODUCT_DEFINITION_CONTEXT('part definition',#2,'design');
#15133 = ADVANCED_BREP_SHAPE_REPRESENTATION('',(#11,#15134),#15950);
#15134 = MANIFOLD_SOLID_BREP('',#15135);
#15135 = CLOSED_SHELL('',(#15136,#15180,#15222,#15254,#15286,#15436,
    #15460,#15480,#15498,#15514,#15526,#15557,#15588,#15612,#15636,
    #15667,#15691,#15715,#15746,#15770,#15794,#15825,#15842,#15890,
    #15902,#15914,#15926,#15938));
#15136 = ADVANCED_FACE('',(#15137),#15175,.T.);
#15137 = FACE_BOUND('',#15138,.T.);
#15138 = EDGE_LOOP('',(#15139,#15150,#15159,#15168));
#15139 = ORIENTED_EDGE('',*,*,#15140,.F.);
#15140 = EDGE_CURVE('',#15141,#15143,#15145,.T.);
#15141 = VERTEX_POINT('',#15142);
#15142 = CARTESIAN_POINT('',(-1.198252244873,16.262296505561,9.4));
#15143 = VERTEX_POINT('',#15144);
#15144 = CARTESIAN_POINT('',(-2.958669693293,16.637703494439,9.4));
#15145 = CIRCLE('',#15146,0.9);
#15146 = AXIS2_PLACEMENT_3D('',#15147,#15148,#15149);
#15147 = CARTESIAN_POINT('',(-2.078460969083,16.45,9.4));
#15148 = DIRECTION('',(0.,0.,1.));
#15149 = DIRECTION('',(-0.978009693567,0.208559438266,0.));
#15150 = ORIENTED_EDGE('',*,*,#15151,.T.);
#15151 = EDGE_CURVE('',#15141,#15152,#15154,.T.);
#15152 = VERTEX_POINT('',#15153);
#15153 = CARTESIAN_POINT('',(-1.491655152943,16.32486433704,9.1));
#15154 = CIRCLE('',#15155,0.3);
#15155 = AXIS2_PLACEMENT_3D('',#15156,#15157,#15158);
#15156 = CARTESIAN_POINT('',(-1.491655152943,16.32486433704,9.4));
#15157 = DIRECTION('',(0.208559438266,0.978009693567,0.));
#15158 = DIRECTION('',(0.978009693567,-0.208559438266,0.));
#15159 = ORIENTED_EDGE('',*,*,#15160,.F.);
#15160 = EDGE_CURVE('',#15161,#15152,#15163,.T.);
#15161 = VERTEX_POINT('',#15162);
#15162 = CARTESIAN_POINT('',(-2.665266785223,16.57513566296,9.1));
#15163 = CIRCLE('',#15164,0.6);
#15164 = AXIS2_PLACEMENT_3D('',#15165,#15166,#15167);
#15165 = CARTESIAN_POINT('',(-2.078460969083,16.45,9.1));
#15166 = DIRECTION('',(0.,0.,-1.));
#15167 = DIRECTION('',(-0.978009693567,0.208559438266,0.));
#15168 = ORIENTED_EDGE('',*,*,#15169,.F.);
#15169 = EDGE_CURVE('',#15143,#15161,#15170,.T.);
#15170 = CIRCLE('',#15171,0.3);
#15171 = AXIS2_PLACEMENT_3D('',#15172,#15173,#15174);
#15172 = CARTESIAN_POINT('',(-2.665266785223,16.57513566296,9.4));
#15173 = DIRECTION('',(-0.208559438266,-0.978009693567,-0.));
#15174 = DIRECTION('',(-0.978009693567,0.208559438266,0.));
#15175 = TOROIDAL_SURFACE('',#15176,0.6,0.3);
#15176 = AXIS2_PLACEMENT_3D('',#15177,#15178,#15179);
#15177 = CARTESIAN_POINT('',(-2.078460969083,16.45,9.4));
#15178 = DIRECTION('',(0.,0.,-1.));
#15179 = DIRECTION('',(-0.978009693567,0.208559438266,0.));
#15180 = ADVANCED_FACE('',(#15181),#15217,.T.);
#15181 = FACE_BOUND('',#15182,.T.);
#15182 = EDGE_LOOP('',(#15183,#15194,#15202,#15211));
#15183 = ORIENTED_EDGE('',*,*,#15184,.F.);
#15184 = EDGE_CURVE('',#15185,#15187,#15189,.T.);
#15185 = VERTEX_POINT('',#15186);
#15186 = CARTESIAN_POINT('',(-1.638356606978,16.35614825278,12.));
#15187 = VERTEX_POINT('',#15188);
#15188 = CARTESIAN_POINT('',(-2.518565331188,16.54385174722,12.));
#15189 = CIRCLE('',#15190,0.45);
#15190 = AXIS2_PLACEMENT_3D('',#15191,#15192,#15193);
#15191 = CARTESIAN_POINT('',(-2.078460969083,16.45,12.));
#15192 = DIRECTION('',(-0.,0.,1.));
#15193 = DIRECTION('',(0.978009693567,-0.208559438266,0.));
#15194 = ORIENTED_EDGE('',*,*,#15195,.T.);
#15195 = EDGE_CURVE('',#15185,#15196,#15198,.T.);
#15196 = VERTEX_POINT('',#15197);
#15197 = CARTESIAN_POINT('',(-1.491655152943,16.32486433704,11.85));
#15198 = LINE('',#15199,#15200);
#15199 = CARTESIAN_POINT('',(-1.638356606978,16.35614825278,12.));
#15200 = VECTOR('',#15201,1.);
#15201 = DIRECTION('',(0.691557286387,-0.147473793078,-0.707106781187));
#15202 = ORIENTED_EDGE('',*,*,#15203,.F.);
#15203 = EDGE_CURVE('',#15204,#15196,#15206,.T.);
#15204 = VERTEX_POINT('',#15205);
#15205 = CARTESIAN_POINT('',(-2.665266785223,16.57513566296,11.85));
#15206 = CIRCLE('',#15207,0.6);
#15207 = AXIS2_PLACEMENT_3D('',#15208,#15209,#15210);
#15208 = CARTESIAN_POINT('',(-2.078460969083,16.45,11.85));
#15209 = DIRECTION('',(0.,0.,-1.));
#15210 = DIRECTION('',(0.978009693567,-0.208559438266,0.));
#15211 = ORIENTED_EDGE('',*,*,#15212,.F.);
#15212 = EDGE_CURVE('',#15187,#15204,#15213,.T.);
#15213 = LINE('',#15214,#15215);
#15214 = CARTESIAN_POINT('',(-2.518565331188,16.54385174722,12.));
#15215 = VECTOR('',#15216,1.);
#15216 = DIRECTION('',(-0.691557286387,0.147473793078,-0.707106781187));
#15217 = CONICAL_SURFACE('',#15218,0.45,0.785398163397);
#15218 = AXIS2_PLACEMENT_3D('',#15219,#15220,#15221);
#15219 = CARTESIAN_POINT('',(-2.078460969083,16.45,12.));
#15220 = DIRECTION('',(0.,0.,-1.));
#15221 = DIRECTION('',(-0.978009693567,0.208559438266,0.));
#15222 = ADVANCED_FACE('',(#15223),#15249,.T.);
#15223 = FACE_BOUND('',#15224,.T.);
#15224 = EDGE_LOOP('',(#15225,#15236,#15242,#15243));
#15225 = ORIENTED_EDGE('',*,*,#15226,.T.);
#15226 = EDGE_CURVE('',#15227,#15229,#15231,.T.);
#15227 = VERTEX_POINT('',#15228);
#15228 = CARTESIAN_POINT('',(-1.491655152943,16.32486433704,9.5));
#15229 = VERTEX_POINT('',#15230);
#15230 = CARTESIAN_POINT('',(-2.665266785223,16.57513566296,9.5));
#15231 = CIRCLE('',#15232,0.6);
#15232 = AXIS2_PLACEMENT_3D('',#15233,#15234,#15235);
#15233 = CARTESIAN_POINT('',(-2.078460969083,16.45,9.5));
#15234 = DIRECTION('',(-0.,0.,1.));
#15235 = DIRECTION('',(0.978009693567,-0.208559438266,0.));
#15236 = ORIENTED_EDGE('',*,*,#15237,.T.);
#15237 = EDGE_CURVE('',#15229,#15204,#15238,.T.);
#15238 = LINE('',#15239,#15240);
#15239 = CARTESIAN_POINT('',(-2.665266785223,16.57513566296,9.1));
#15240 = VECTOR('',#15241,1.);
#15241 = DIRECTION('',(0.,0.,1.));
#15242 = ORIENTED_EDGE('',*,*,#15203,.T.);
#15243 = ORIENTED_EDGE('',*,*,#15244,.F.);
#15244 = EDGE_CURVE('',#15227,#15196,#15245,.T.);
#15245 = LINE('',#15246,#15247);
#15246 = CARTESIAN_POINT('',(-1.491655152943,16.32486433704,9.1));
#15247 = VECTOR('',#15248,1.);
#15248 = DIRECTION('',(0.,0.,1.));
#15249 = CYLINDRICAL_SURFACE('',#15250,0.6);
#15250 = AXIS2_PLACEMENT_3D('',#15251,#15252,#15253);
#15251 = CARTESIAN_POINT('',(-2.078460969083,16.45,9.1));
#15252 = DIRECTION('',(0.,0.,1.));
#15253 = DIRECTION('',(0.978009693567,-0.208559438266,0.));
#15254 = ADVANCED_FACE('',(#15255),#15281,.T.);
#15255 = FACE_BOUND('',#15256,.T.);
#15256 = EDGE_LOOP('',(#15257,#15258,#15266,#15275));
#15257 = ORIENTED_EDGE('',*,*,#15140,.T.);
#15258 = ORIENTED_EDGE('',*,*,#15259,.T.);
#15259 = EDGE_CURVE('',#15143,#15260,#15262,.T.);
#15260 = VERTEX_POINT('',#15261);
#15261 = CARTESIAN_POINT('',(-2.958669693293,16.637703494439,9.5));
#15262 = LINE('',#15263,#15264);
#15263 = CARTESIAN_POINT('',(-2.958669693293,16.637703494439,9.1));
#15264 = VECTOR('',#15265,1.);
#15265 = DIRECTION('',(0.,0.,1.));
#15266 = ORIENTED_EDGE('',*,*,#15267,.F.);
#15267 = EDGE_CURVE('',#15268,#15260,#15270,.T.);
#15268 = VERTEX_POINT('',#15269);
#15269 = CARTESIAN_POINT('',(-1.198252244873,16.262296505561,9.5));
#15270 = CIRCLE('',#15271,0.9);
#15271 = AXIS2_PLACEMENT_3D('',#15272,#15273,#15274);
#15272 = CARTESIAN_POINT('',(-2.078460969083,16.45,9.5));
#15273 = DIRECTION('',(-0.,0.,1.));
#15274 = DIRECTION('',(0.978009693567,-0.208559438266,0.));
#15275 = ORIENTED_EDGE('',*,*,#15276,.F.);
#15276 = EDGE_CURVE('',#15141,#15268,#15277,.T.);
#15277 = LINE('',#15278,#15279);
#15278 = CARTESIAN_POINT('',(-1.198252244873,16.262296505561,9.1));
#15279 = VECTOR('',#15280,1.);
#15280 = DIRECTION('',(0.,0.,1.));
#15281 = CYLINDRICAL_SURFACE('',#15282,0.9);
#15282 = AXIS2_PLACEMENT_3D('',#15283,#15284,#15285);
#15283 = CARTESIAN_POINT('',(-2.078460969083,16.45,9.1));
#15284 = DIRECTION('',(0.,0.,1.));
#15285 = DIRECTION('',(0.978009693567,-0.208559438266,0.));
#15286 = ADVANCED_FACE('',(#15287,#15297),#15431,.T.);
#15287 = FACE_BOUND('',#15288,.T.);
#15288 = EDGE_LOOP('',(#15289,#15290));
#15289 = ORIENTED_EDGE('',*,*,#15160,.T.);
#15290 = ORIENTED_EDGE('',*,*,#15291,.T.);
#15291 = EDGE_CURVE('',#15152,#15161,#15292,.T.);
#15292 = CIRCLE('',#15293,0.6);
#15293 = AXIS2_PLACEMENT_3D('',#15294,#15295,#15296);
#15294 = CARTESIAN_POINT('',(-2.078460969083,16.45,9.1));
#15295 = DIRECTION('',(0.,0.,-1.));
#15296 = DIRECTION('',(-0.978009693567,0.208559438266,0.));
#15297 = FACE_BOUND('',#15298,.T.);
#15298 = EDGE_LOOP('',(#15299,#15309,#15318,#15326,#15334,#15342,#15351,
    #15359,#15367,#15375,#15384,#15392,#15400,#15408,#15417,#15425));
#15299 = ORIENTED_EDGE('',*,*,#15300,.F.);
#15300 = EDGE_CURVE('',#15301,#15303,#15305,.T.);
#15301 = VERTEX_POINT('',#15302);
#15302 = CARTESIAN_POINT('',(-2.162594591638,16.77468682381,9.1));
#15303 = VERTEX_POINT('',#15304);
#15304 = CARTESIAN_POINT('',(-2.120882703985,16.970288762523,9.1));
#15305 = LINE('',#15306,#15307);
#15306 = CARTESIAN_POINT('',(-2.193878507378,16.627985369775,9.1));
#15307 = VECTOR('',#15308,1.);
#15308 = DIRECTION('',(0.208559438266,0.978009693567,0.));
#15309 = ORIENTED_EDGE('',*,*,#15310,.T.);
#15310 = EDGE_CURVE('',#15301,#15311,#15313,.T.);
#15311 = VERTEX_POINT('',#15312);
#15312 = CARTESIAN_POINT('',(-2.340579961413,16.659269285515,9.1));
#15313 = CIRCLE('',#15314,0.15);
#15314 = AXIS2_PLACEMENT_3D('',#15315,#15316,#15317);
#15315 = CARTESIAN_POINT('',(-2.309296045673,16.80597073955,9.1));
#15316 = DIRECTION('',(0.,0.,-1.));
#15317 = DIRECTION('',(-0.978009693567,0.208559438266,0.));
#15318 = ORIENTED_EDGE('',*,*,#15319,.F.);
#15319 = EDGE_CURVE('',#15320,#15311,#15322,.T.);
#15320 = VERTEX_POINT('',#15321);
#15321 = CARTESIAN_POINT('',(-2.536181900126,16.700981173168,9.1));
#15322 = LINE('',#15323,#15324);
#15323 = CARTESIAN_POINT('',(-2.536181900126,16.700981173168,9.1));
#15324 = VECTOR('',#15325,1.);
#15325 = DIRECTION('',(0.978009693567,-0.208559438266,0.));
#15326 = ORIENTED_EDGE('',*,*,#15327,.F.);
#15327 = EDGE_CURVE('',#15328,#15320,#15330,.T.);
#15328 = VERTEX_POINT('',#15329);
#15329 = CARTESIAN_POINT('',(-2.598749731606,16.407578265098,9.1));
#15330 = LINE('',#15331,#15332);
#15331 = CARTESIAN_POINT('',(-2.598749731606,16.407578265098,9.1));
#15332 = VECTOR('',#15333,1.);
#15333 = DIRECTION('',(0.208559438266,0.978009693567,0.));
#15334 = ORIENTED_EDGE('',*,*,#15335,.F.);
#15335 = EDGE_CURVE('',#15336,#15328,#15338,.T.);
#15336 = VERTEX_POINT('',#15337);
#15337 = CARTESIAN_POINT('',(-2.403147792893,16.365866377445,9.1));
#15338 = LINE('',#15339,#15340);
#15339 = CARTESIAN_POINT('',(-2.598749731606,16.407578265098,9.1));
#15340 = VECTOR('',#15341,1.);
#15341 = DIRECTION('',(-0.978009693567,0.208559438266,0.));
#15342 = ORIENTED_EDGE('',*,*,#15343,.T.);
#15343 = EDGE_CURVE('',#15336,#15344,#15346,.T.);
#15344 = VERTEX_POINT('',#15345);
#15345 = CARTESIAN_POINT('',(-2.287730254597,16.18788100767,9.1));
#15346 = CIRCLE('',#15347,0.15);
#15347 = AXIS2_PLACEMENT_3D('',#15348,#15349,#15350);
#15348 = CARTESIAN_POINT('',(-2.434431708632,16.21916492341,9.1));
#15349 = DIRECTION('',(0.,0.,-1.));
#15350 = DIRECTION('',(-0.978009693567,0.208559438266,0.));
#15351 = ORIENTED_EDGE('',*,*,#15352,.F.);
#15352 = EDGE_CURVE('',#15353,#15344,#15355,.T.);
#15353 = VERTEX_POINT('',#15354);
#15354 = CARTESIAN_POINT('',(-2.329442142251,15.992279068957,9.1));
#15355 = LINE('',#15356,#15357);
#15356 = CARTESIAN_POINT('',(-2.256446338858,16.334582461705,9.1));
#15357 = VECTOR('',#15358,1.);
#15358 = DIRECTION('',(0.208559438266,0.978009693567,0.));
#15359 = ORIENTED_EDGE('',*,*,#15360,.F.);
#15360 = EDGE_CURVE('',#15361,#15353,#15363,.T.);
#15361 = VERTEX_POINT('',#15362);
#15362 = CARTESIAN_POINT('',(-2.036039234181,15.929711237477,9.1));
#15363 = LINE('',#15364,#15365);
#15364 = CARTESIAN_POINT('',(-2.036039234181,15.929711237477,9.1));
#15365 = VECTOR('',#15366,1.);
#15366 = DIRECTION('',(-0.978009693567,0.208559438266,0.));
#15367 = ORIENTED_EDGE('',*,*,#15368,.F.);
#15368 = EDGE_CURVE('',#15369,#15361,#15371,.T.);
#15369 = VERTEX_POINT('',#15370);
#15370 = CARTESIAN_POINT('',(-1.994327346527,16.12531317619,9.1));
#15371 = LINE('',#15372,#15373);
#15372 = CARTESIAN_POINT('',(-1.963043430788,16.272014630225,9.1));
#15373 = VECTOR('',#15374,1.);
#15374 = DIRECTION('',(-0.208559438266,-0.978009693567,-0.));
#15375 = ORIENTED_EDGE('',*,*,#15376,.T.);
#15376 = EDGE_CURVE('',#15369,#15377,#15379,.T.);
#15377 = VERTEX_POINT('',#15378);
#15378 = CARTESIAN_POINT('',(-1.816341976753,16.240730714485,9.1));
#15379 = CIRCLE('',#15380,0.15);
#15380 = AXIS2_PLACEMENT_3D('',#15381,#15382,#15383);
#15381 = CARTESIAN_POINT('',(-1.847625892492,16.09402926045,9.1));
#15382 = DIRECTION('',(0.,0.,-1.));
#15383 = DIRECTION('',(-0.978009693567,0.208559438266,0.));
#15384 = ORIENTED_EDGE('',*,*,#15385,.F.);
#15385 = EDGE_CURVE('',#15386,#15377,#15388,.T.);
#15386 = VERTEX_POINT('',#15387);
#15387 = CARTESIAN_POINT('',(-1.620740038039,16.199018826832,9.1));
#15388 = LINE('',#15389,#15390);
#15389 = CARTESIAN_POINT('',(-1.620740038039,16.199018826832,9.1));
#15390 = VECTOR('',#15391,1.);
#15391 = DIRECTION('',(-0.978009693567,0.208559438266,-0.));
#15392 = ORIENTED_EDGE('',*,*,#15393,.F.);
#15393 = EDGE_CURVE('',#15394,#15386,#15396,.T.);
#15394 = VERTEX_POINT('',#15395);
#15395 = CARTESIAN_POINT('',(-1.558172206559,16.492421734902,9.1));
#15396 = LINE('',#15397,#15398);
#15397 = CARTESIAN_POINT('',(-1.620740038039,16.199018826832,9.1));
#15398 = VECTOR('',#15399,1.);
#15399 = DIRECTION('',(-0.208559438266,-0.978009693567,0.));
#15400 = ORIENTED_EDGE('',*,*,#15401,.F.);
#15401 = EDGE_CURVE('',#15402,#15394,#15404,.T.);
#15402 = VERTEX_POINT('',#15403);
#15403 = CARTESIAN_POINT('',(-1.753774145273,16.534133622555,9.1));
#15404 = LINE('',#15405,#15406);
#15405 = CARTESIAN_POINT('',(-1.558172206559,16.492421734902,9.1));
#15406 = VECTOR('',#15407,1.);
#15407 = DIRECTION('',(0.978009693567,-0.208559438266,0.));
#15408 = ORIENTED_EDGE('',*,*,#15409,.T.);
#15409 = EDGE_CURVE('',#15402,#15410,#15412,.T.);
#15410 = VERTEX_POINT('',#15411);
#15411 = CARTESIAN_POINT('',(-1.869191683568,16.71211899233,9.1));
#15412 = CIRCLE('',#15413,0.15);
#15413 = AXIS2_PLACEMENT_3D('',#15414,#15415,#15416);
#15414 = CARTESIAN_POINT('',(-1.722490229533,16.68083507659,9.1));
#15415 = DIRECTION('',(0.,0.,-1.));
#15416 = DIRECTION('',(-0.978009693567,0.208559438266,0.));
#15417 = ORIENTED_EDGE('',*,*,#15418,.F.);
#15418 = EDGE_CURVE('',#15419,#15410,#15421,.T.);
#15419 = VERTEX_POINT('',#15420);
#15420 = CARTESIAN_POINT('',(-1.827479795915,16.907720931043,9.1));
#15421 = LINE('',#15422,#15423);
#15422 = CARTESIAN_POINT('',(-1.900475599308,16.565417538295,9.1));
#15423 = VECTOR('',#15424,1.);
#15424 = DIRECTION('',(-0.208559438266,-0.978009693567,0.));
#15425 = ORIENTED_EDGE('',*,*,#15426,.F.);
#15426 = EDGE_CURVE('',#15303,#15419,#15427,.T.);
#15427 = LINE('',#15428,#15429);
#15428 = CARTESIAN_POINT('',(-1.827479795915,16.907720931043,9.1));
#15429 = VECTOR('',#15430,1.);
#15430 = DIRECTION('',(0.978009693567,-0.208559438266,0.));
#15431 = PLANE('',#15432);
#15432 = AXIS2_PLACEMENT_3D('',#15433,#15434,#15435);
#15433 = CARTESIAN_POINT('',(-2.078460969083,16.45,9.1));
#15434 = DIRECTION('',(0.,0.,-1.));
#15435 = DIRECTION('',(-0.978009693567,0.208559438266,0.));
#15436 = ADVANCED_FACE('',(#15437),#15455,.T.);
#15437 = FACE_BOUND('',#15438,.T.);
#15438 = EDGE_LOOP('',(#15439,#15440,#15447,#15448));
#15439 = ORIENTED_EDGE('',*,*,#15259,.F.);
#15440 = ORIENTED_EDGE('',*,*,#15441,.T.);
#15441 = EDGE_CURVE('',#15143,#15141,#15442,.T.);
#15442 = CIRCLE('',#15443,0.9);
#15443 = AXIS2_PLACEMENT_3D('',#15444,#15445,#15446);
#15444 = CARTESIAN_POINT('',(-2.078460969083,16.45,9.4));
#15445 = DIRECTION('',(0.,0.,1.));
#15446 = DIRECTION('',(-0.978009693567,0.208559438266,0.));
#15447 = ORIENTED_EDGE('',*,*,#15276,.T.);
#15448 = ORIENTED_EDGE('',*,*,#15449,.F.);
#15449 = EDGE_CURVE('',#15260,#15268,#15450,.T.);
#15450 = CIRCLE('',#15451,0.9);
#15451 = AXIS2_PLACEMENT_3D('',#15452,#15453,#15454);
#15452 = CARTESIAN_POINT('',(-2.078460969083,16.45,9.5));
#15453 = DIRECTION('',(-0.,0.,1.));
#15454 = DIRECTION('',(0.978009693567,-0.208559438266,0.));
#15455 = CYLINDRICAL_SURFACE('',#15456,0.9);
#15456 = AXIS2_PLACEMENT_3D('',#15457,#15458,#15459);
#15457 = CARTESIAN_POINT('',(-2.078460969083,16.45,9.1));
#15458 = DIRECTION('',(0.,0.,1.));
#15459 = DIRECTION('',(0.978009693567,-0.208559438266,0.));
#15460 = ADVANCED_FACE('',(#15461,#15465),#15475,.T.);
#15461 = FACE_BOUND('',#15462,.T.);
#15462 = EDGE_LOOP('',(#15463,#15464));
#15463 = ORIENTED_EDGE('',*,*,#15267,.T.);
#15464 = ORIENTED_EDGE('',*,*,#15449,.T.);
#15465 = FACE_BOUND('',#15466,.T.);
#15466 = EDGE_LOOP('',(#15467,#15468));
#15467 = ORIENTED_EDGE('',*,*,#15226,.F.);
#15468 = ORIENTED_EDGE('',*,*,#15469,.F.);
#15469 = EDGE_CURVE('',#15229,#15227,#15470,.T.);
#15470 = CIRCLE('',#15471,0.6);
#15471 = AXIS2_PLACEMENT_3D('',#15472,#15473,#15474);
#15472 = CARTESIAN_POINT('',(-2.078460969083,16.45,9.5));
#15473 = DIRECTION('',(-0.,0.,1.));
#15474 = DIRECTION('',(0.978009693567,-0.208559438266,0.));
#15475 = PLANE('',#15476);
#15476 = AXIS2_PLACEMENT_3D('',#15477,#15478,#15479);
#15477 = CARTESIAN_POINT('',(-1.890757474643,17.33020872421,9.5));
#15478 = DIRECTION('',(0.,0.,1.));
#15479 = DIRECTION('',(0.978009693567,-0.208559438266,0.));
#15480 = ADVANCED_FACE('',(#15481),#15493,.T.);
#15481 = FACE_BOUND('',#15482,.T.);
#15482 = EDGE_LOOP('',(#15483,#15484,#15485,#15486));
#15483 = ORIENTED_EDGE('',*,*,#15237,.F.);
#15484 = ORIENTED_EDGE('',*,*,#15469,.T.);
#15485 = ORIENTED_EDGE('',*,*,#15244,.T.);
#15486 = ORIENTED_EDGE('',*,*,#15487,.T.);
#15487 = EDGE_CURVE('',#15196,#15204,#15488,.T.);
#15488 = CIRCLE('',#15489,0.6);
#15489 = AXIS2_PLACEMENT_3D('',#15490,#15491,#15492);
#15490 = CARTESIAN_POINT('',(-2.078460969083,16.45,11.85));
#15491 = DIRECTION('',(0.,0.,-1.));
#15492 = DIRECTION('',(0.978009693567,-0.208559438266,0.));
#15493 = CYLINDRICAL_SURFACE('',#15494,0.6);
#15494 = AXIS2_PLACEMENT_3D('',#15495,#15496,#15497);
#15495 = CARTESIAN_POINT('',(-2.078460969083,16.45,9.1));
#15496 = DIRECTION('',(0.,0.,1.));
#15497 = DIRECTION('',(0.978009693567,-0.208559438266,0.));
#15498 = ADVANCED_FACE('',(#15499),#15509,.T.);
#15499 = FACE_BOUND('',#15500,.T.);
#15500 = EDGE_LOOP('',(#15501,#15508));
#15501 = ORIENTED_EDGE('',*,*,#15502,.T.);
#15502 = EDGE_CURVE('',#15187,#15185,#15503,.T.);
#15503 = CIRCLE('',#15504,0.45);
#15504 = AXIS2_PLACEMENT_3D('',#15505,#15506,#15507);
#15505 = CARTESIAN_POINT('',(-2.078460969083,16.45,12.));
#15506 = DIRECTION('',(-0.,0.,1.));
#15507 = DIRECTION('',(0.978009693567,-0.208559438266,0.));
#15508 = ORIENTED_EDGE('',*,*,#15184,.T.);
#15509 = PLANE('',#15510);
#15510 = AXIS2_PLACEMENT_3D('',#15511,#15512,#15513);
#15511 = CARTESIAN_POINT('',(-1.953325306123,17.03680581614,12.));
#15512 = DIRECTION('',(0.,0.,1.));
#15513 = DIRECTION('',(0.978009693567,-0.208559438266,0.));
#15514 = ADVANCED_FACE('',(#15515),#15521,.T.);
#15515 = FACE_BOUND('',#15516,.T.);
#15516 = EDGE_LOOP('',(#15517,#15518,#15519,#15520));
#15517 = ORIENTED_EDGE('',*,*,#15195,.F.);
#15518 = ORIENTED_EDGE('',*,*,#15502,.F.);
#15519 = ORIENTED_EDGE('',*,*,#15212,.T.);
#15520 = ORIENTED_EDGE('',*,*,#15487,.F.);
#15521 = CONICAL_SURFACE('',#15522,0.45,0.785398163397);
#15522 = AXIS2_PLACEMENT_3D('',#15523,#15524,#15525);
#15523 = CARTESIAN_POINT('',(-2.078460969083,16.45,12.));
#15524 = DIRECTION('',(0.,0.,-1.));
#15525 = DIRECTION('',(-0.978009693567,0.208559438266,0.));
#15526 = ADVANCED_FACE('',(#15527),#15552,.F.);
#15527 = FACE_BOUND('',#15528,.T.);
#15528 = EDGE_LOOP('',(#15529,#15539,#15545,#15546));
#15529 = ORIENTED_EDGE('',*,*,#15530,.F.);
#15530 = EDGE_CURVE('',#15531,#15533,#15535,.T.);
#15531 = VERTEX_POINT('',#15532);
#15532 = CARTESIAN_POINT('',(-1.753774145273,16.534133622555,9.4));
#15533 = VERTEX_POINT('',#15534);
#15534 = CARTESIAN_POINT('',(-1.558172206559,16.492421734902,9.4));
#15535 = LINE('',#15536,#15537);
#15536 = CARTESIAN_POINT('',(-1.558172206559,16.492421734902,9.4));
#15537 = VECTOR('',#15538,1.);
#15538 = DIRECTION('',(0.978009693567,-0.208559438266,0.));
#15539 = ORIENTED_EDGE('',*,*,#15540,.T.);
#15540 = EDGE_CURVE('',#15531,#15402,#15541,.T.);
#15541 = LINE('',#15542,#15543);
#15542 = CARTESIAN_POINT('',(-1.753774145273,16.534133622555,9.4));
#15543 = VECTOR('',#15544,1.);
#15544 = DIRECTION('',(0.,0.,-1.));
#15545 = ORIENTED_EDGE('',*,*,#15401,.T.);
#15546 = ORIENTED_EDGE('',*,*,#15547,.F.);
#15547 = EDGE_CURVE('',#15533,#15394,#15548,.T.);
#15548 = LINE('',#15549,#15550);
#15549 = CARTESIAN_POINT('',(-1.558172206559,16.492421734902,9.4));
#15550 = VECTOR('',#15551,1.);
#15551 = DIRECTION('',(0.,0.,-1.));
#15552 = PLANE('',#15553);
#15553 = AXIS2_PLACEMENT_3D('',#15554,#15555,#15556);
#15554 = CARTESIAN_POINT('',(-1.558172206559,16.492421734902,9.4));
#15555 = DIRECTION('',(0.208559438266,0.978009693567,0.));
#15556 = DIRECTION('',(0.978009693567,-0.208559438266,0.));
#15557 = ADVANCED_FACE('',(#15558),#15583,.F.);
#15558 = FACE_BOUND('',#15559,.T.);
#15559 = EDGE_LOOP('',(#15560,#15561,#15569,#15577));
#15560 = ORIENTED_EDGE('',*,*,#15418,.T.);
#15561 = ORIENTED_EDGE('',*,*,#15562,.T.);
#15562 = EDGE_CURVE('',#15410,#15563,#15565,.T.);
#15563 = VERTEX_POINT('',#15564);
#15564 = CARTESIAN_POINT('',(-1.869191683568,16.71211899233,9.4));
#15565 = LINE('',#15566,#15567);
#15566 = CARTESIAN_POINT('',(-1.869191683568,16.71211899233,9.4));
#15567 = VECTOR('',#15568,1.);
#15568 = DIRECTION('',(0.,0.,1.));
#15569 = ORIENTED_EDGE('',*,*,#15570,.F.);
#15570 = EDGE_CURVE('',#15571,#15563,#15573,.T.);
#15571 = VERTEX_POINT('',#15572);
#15572 = CARTESIAN_POINT('',(-1.827479795915,16.907720931043,9.4));
#15573 = LINE('',#15574,#15575);
#15574 = CARTESIAN_POINT('',(-1.900475599308,16.565417538295,9.4));
#15575 = VECTOR('',#15576,1.);
#15576 = DIRECTION('',(-0.208559438266,-0.978009693567,0.));
#15577 = ORIENTED_EDGE('',*,*,#15578,.T.);
#15578 = EDGE_CURVE('',#15571,#15419,#15579,.T.);
#15579 = LINE('',#15580,#15581);
#15580 = CARTESIAN_POINT('',(-1.827479795915,16.907720931043,9.4));
#15581 = VECTOR('',#15582,1.);
#15582 = DIRECTION('',(0.,0.,-1.));
#15583 = PLANE('',#15584);
#15584 = AXIS2_PLACEMENT_3D('',#15585,#15586,#15587);
#15585 = CARTESIAN_POINT('',(-1.900475599308,16.565417538295,9.4));
#15586 = DIRECTION('',(0.978009693567,-0.208559438266,0.));
#15587 = DIRECTION('',(-0.208559438266,-0.978009693567,0.));
#15588 = ADVANCED_FACE('',(#15589),#15607,.F.);
#15589 = FACE_BOUND('',#15590,.T.);
#15590 = EDGE_LOOP('',(#15591,#15592,#15593,#15601));
#15591 = ORIENTED_EDGE('',*,*,#15426,.T.);
#15592 = ORIENTED_EDGE('',*,*,#15578,.F.);
#15593 = ORIENTED_EDGE('',*,*,#15594,.F.);
#15594 = EDGE_CURVE('',#15595,#15571,#15597,.T.);
#15595 = VERTEX_POINT('',#15596);
#15596 = CARTESIAN_POINT('',(-2.120882703985,16.970288762523,9.4));
#15597 = LINE('',#15598,#15599);
#15598 = CARTESIAN_POINT('',(-1.827479795915,16.907720931043,9.4));
#15599 = VECTOR('',#15600,1.);
#15600 = DIRECTION('',(0.978009693567,-0.208559438266,0.));
#15601 = ORIENTED_EDGE('',*,*,#15602,.T.);
#15602 = EDGE_CURVE('',#15595,#15303,#15603,.T.);
#15603 = LINE('',#15604,#15605);
#15604 = CARTESIAN_POINT('',(-2.120882703985,16.970288762523,9.4));
#15605 = VECTOR('',#15606,1.);
#15606 = DIRECTION('',(0.,0.,-1.));
#15607 = PLANE('',#15608);
#15608 = AXIS2_PLACEMENT_3D('',#15609,#15610,#15611);
#15609 = CARTESIAN_POINT('',(-1.827479795915,16.907720931043,9.4));
#15610 = DIRECTION('',(0.208559438266,0.978009693567,0.));
#15611 = DIRECTION('',(0.978009693567,-0.208559438266,0.));
#15612 = ADVANCED_FACE('',(#15613),#15631,.F.);
#15613 = FACE_BOUND('',#15614,.T.);
#15614 = EDGE_LOOP('',(#15615,#15623,#15629,#15630));
#15615 = ORIENTED_EDGE('',*,*,#15616,.F.);
#15616 = EDGE_CURVE('',#15617,#15595,#15619,.T.);
#15617 = VERTEX_POINT('',#15618);
#15618 = CARTESIAN_POINT('',(-2.162594591638,16.77468682381,9.4));
#15619 = LINE('',#15620,#15621);
#15620 = CARTESIAN_POINT('',(-2.193878507378,16.627985369775,9.4));
#15621 = VECTOR('',#15622,1.);
#15622 = DIRECTION('',(0.208559438266,0.978009693567,0.));
#15623 = ORIENTED_EDGE('',*,*,#15624,.T.);
#15624 = EDGE_CURVE('',#15617,#15301,#15625,.T.);
#15625 = LINE('',#15626,#15627);
#15626 = CARTESIAN_POINT('',(-2.162594591638,16.77468682381,9.4));
#15627 = VECTOR('',#15628,1.);
#15628 = DIRECTION('',(0.,0.,-1.));
#15629 = ORIENTED_EDGE('',*,*,#15300,.T.);
#15630 = ORIENTED_EDGE('',*,*,#15602,.F.);
#15631 = PLANE('',#15632);
#15632 = AXIS2_PLACEMENT_3D('',#15633,#15634,#15635);
#15633 = CARTESIAN_POINT('',(-2.193878507378,16.627985369775,9.4));
#15634 = DIRECTION('',(-0.978009693567,0.208559438266,0.));
#15635 = DIRECTION('',(0.208559438266,0.978009693567,0.));
#15636 = ADVANCED_FACE('',(#15637),#15662,.F.);
#15637 = FACE_BOUND('',#15638,.T.);
#15638 = EDGE_LOOP('',(#15639,#15640,#15648,#15656));
#15639 = ORIENTED_EDGE('',*,*,#15319,.T.);
#15640 = ORIENTED_EDGE('',*,*,#15641,.T.);
#15641 = EDGE_CURVE('',#15311,#15642,#15644,.T.);
#15642 = VERTEX_POINT('',#15643);
#15643 = CARTESIAN_POINT('',(-2.340579961413,16.659269285515,9.4));
#15644 = LINE('',#15645,#15646);
#15645 = CARTESIAN_POINT('',(-2.340579961413,16.659269285515,9.4));
#15646 = VECTOR('',#15647,1.);
#15647 = DIRECTION('',(0.,0.,1.));
#15648 = ORIENTED_EDGE('',*,*,#15649,.F.);
#15649 = EDGE_CURVE('',#15650,#15642,#15652,.T.);
#15650 = VERTEX_POINT('',#15651);
#15651 = CARTESIAN_POINT('',(-2.536181900126,16.700981173168,9.4));
#15652 = LINE('',#15653,#15654);
#15653 = CARTESIAN_POINT('',(-2.536181900126,16.700981173168,9.4));
#15654 = VECTOR('',#15655,1.);
#15655 = DIRECTION('',(0.978009693567,-0.208559438266,0.));
#15656 = ORIENTED_EDGE('',*,*,#15657,.T.);
#15657 = EDGE_CURVE('',#15650,#15320,#15658,.T.);
#15658 = LINE('',#15659,#15660);
#15659 = CARTESIAN_POINT('',(-2.536181900126,16.700981173168,9.4));
#15660 = VECTOR('',#15661,1.);
#15661 = DIRECTION('',(0.,0.,-1.));
#15662 = PLANE('',#15663);
#15663 = AXIS2_PLACEMENT_3D('',#15664,#15665,#15666);
#15664 = CARTESIAN_POINT('',(-2.536181900126,16.700981173168,9.4));
#15665 = DIRECTION('',(0.208559438266,0.978009693567,0.));
#15666 = DIRECTION('',(0.978009693567,-0.208559438266,0.));
#15667 = ADVANCED_FACE('',(#15668),#15686,.F.);
#15668 = FACE_BOUND('',#15669,.T.);
#15669 = EDGE_LOOP('',(#15670,#15671,#15672,#15680));
#15670 = ORIENTED_EDGE('',*,*,#15327,.T.);
#15671 = ORIENTED_EDGE('',*,*,#15657,.F.);
#15672 = ORIENTED_EDGE('',*,*,#15673,.F.);
#15673 = EDGE_CURVE('',#15674,#15650,#15676,.T.);
#15674 = VERTEX_POINT('',#15675);
#15675 = CARTESIAN_POINT('',(-2.598749731606,16.407578265098,9.4));
#15676 = LINE('',#15677,#15678);
#15677 = CARTESIAN_POINT('',(-2.598749731606,16.407578265098,9.4));
#15678 = VECTOR('',#15679,1.);
#15679 = DIRECTION('',(0.208559438266,0.978009693567,0.));
#15680 = ORIENTED_EDGE('',*,*,#15681,.T.);
#15681 = EDGE_CURVE('',#15674,#15328,#15682,.T.);
#15682 = LINE('',#15683,#15684);
#15683 = CARTESIAN_POINT('',(-2.598749731606,16.407578265098,9.4));
#15684 = VECTOR('',#15685,1.);
#15685 = DIRECTION('',(0.,0.,-1.));
#15686 = PLANE('',#15687);
#15687 = AXIS2_PLACEMENT_3D('',#15688,#15689,#15690);
#15688 = CARTESIAN_POINT('',(-2.598749731606,16.407578265098,9.4));
#15689 = DIRECTION('',(-0.978009693567,0.208559438266,0.));
#15690 = DIRECTION('',(0.208559438266,0.978009693567,0.));
#15691 = ADVANCED_FACE('',(#15692),#15710,.F.);
#15692 = FACE_BOUND('',#15693,.T.);
#15693 = EDGE_LOOP('',(#15694,#15702,#15708,#15709));
#15694 = ORIENTED_EDGE('',*,*,#15695,.F.);
#15695 = EDGE_CURVE('',#15696,#15674,#15698,.T.);
#15696 = VERTEX_POINT('',#15697);
#15697 = CARTESIAN_POINT('',(-2.403147792893,16.365866377445,9.4));
#15698 = LINE('',#15699,#15700);
#15699 = CARTESIAN_POINT('',(-2.598749731606,16.407578265098,9.4));
#15700 = VECTOR('',#15701,1.);
#15701 = DIRECTION('',(-0.978009693567,0.208559438266,0.));
#15702 = ORIENTED_EDGE('',*,*,#15703,.T.);
#15703 = EDGE_CURVE('',#15696,#15336,#15704,.T.);
#15704 = LINE('',#15705,#15706);
#15705 = CARTESIAN_POINT('',(-2.403147792893,16.365866377445,9.4));
#15706 = VECTOR('',#15707,1.);
#15707 = DIRECTION('',(0.,0.,-1.));
#15708 = ORIENTED_EDGE('',*,*,#15335,.T.);
#15709 = ORIENTED_EDGE('',*,*,#15681,.F.);
#15710 = PLANE('',#15711);
#15711 = AXIS2_PLACEMENT_3D('',#15712,#15713,#15714);
#15712 = CARTESIAN_POINT('',(-2.598749731606,16.407578265098,9.4));
#15713 = DIRECTION('',(-0.208559438266,-0.978009693567,-0.));
#15714 = DIRECTION('',(-0.978009693567,0.208559438266,0.));
#15715 = ADVANCED_FACE('',(#15716),#15741,.F.);
#15716 = FACE_BOUND('',#15717,.T.);
#15717 = EDGE_LOOP('',(#15718,#15719,#15727,#15735));
#15718 = ORIENTED_EDGE('',*,*,#15352,.T.);
#15719 = ORIENTED_EDGE('',*,*,#15720,.T.);
#15720 = EDGE_CURVE('',#15344,#15721,#15723,.T.);
#15721 = VERTEX_POINT('',#15722);
#15722 = CARTESIAN_POINT('',(-2.287730254597,16.18788100767,9.4));
#15723 = LINE('',#15724,#15725);
#15724 = CARTESIAN_POINT('',(-2.287730254597,16.18788100767,9.4));
#15725 = VECTOR('',#15726,1.);
#15726 = DIRECTION('',(0.,0.,1.));
#15727 = ORIENTED_EDGE('',*,*,#15728,.F.);
#15728 = EDGE_CURVE('',#15729,#15721,#15731,.T.);
#15729 = VERTEX_POINT('',#15730);
#15730 = CARTESIAN_POINT('',(-2.329442142251,15.992279068957,9.4));
#15731 = LINE('',#15732,#15733);
#15732 = CARTESIAN_POINT('',(-2.256446338858,16.334582461705,9.4));
#15733 = VECTOR('',#15734,1.);
#15734 = DIRECTION('',(0.208559438266,0.978009693567,0.));
#15735 = ORIENTED_EDGE('',*,*,#15736,.T.);
#15736 = EDGE_CURVE('',#15729,#15353,#15737,.T.);
#15737 = LINE('',#15738,#15739);
#15738 = CARTESIAN_POINT('',(-2.329442142251,15.992279068957,9.4));
#15739 = VECTOR('',#15740,1.);
#15740 = DIRECTION('',(0.,0.,-1.));
#15741 = PLANE('',#15742);
#15742 = AXIS2_PLACEMENT_3D('',#15743,#15744,#15745);
#15743 = CARTESIAN_POINT('',(-2.256446338858,16.334582461705,9.4));
#15744 = DIRECTION('',(-0.978009693567,0.208559438266,0.));
#15745 = DIRECTION('',(0.208559438266,0.978009693567,0.));
#15746 = ADVANCED_FACE('',(#15747),#15765,.F.);
#15747 = FACE_BOUND('',#15748,.T.);
#15748 = EDGE_LOOP('',(#15749,#15750,#15751,#15759));
#15749 = ORIENTED_EDGE('',*,*,#15360,.T.);
#15750 = ORIENTED_EDGE('',*,*,#15736,.F.);
#15751 = ORIENTED_EDGE('',*,*,#15752,.F.);
#15752 = EDGE_CURVE('',#15753,#15729,#15755,.T.);
#15753 = VERTEX_POINT('',#15754);
#15754 = CARTESIAN_POINT('',(-2.036039234181,15.929711237477,9.4));
#15755 = LINE('',#15756,#15757);
#15756 = CARTESIAN_POINT('',(-2.036039234181,15.929711237477,9.4));
#15757 = VECTOR('',#15758,1.);
#15758 = DIRECTION('',(-0.978009693567,0.208559438266,0.));
#15759 = ORIENTED_EDGE('',*,*,#15760,.T.);
#15760 = EDGE_CURVE('',#15753,#15361,#15761,.T.);
#15761 = LINE('',#15762,#15763);
#15762 = CARTESIAN_POINT('',(-2.036039234181,15.929711237477,9.4));
#15763 = VECTOR('',#15764,1.);
#15764 = DIRECTION('',(0.,0.,-1.));
#15765 = PLANE('',#15766);
#15766 = AXIS2_PLACEMENT_3D('',#15767,#15768,#15769);
#15767 = CARTESIAN_POINT('',(-2.036039234181,15.929711237477,9.4));
#15768 = DIRECTION('',(-0.208559438266,-0.978009693567,-0.));
#15769 = DIRECTION('',(-0.978009693567,0.208559438266,0.));
#15770 = ADVANCED_FACE('',(#15771),#15789,.F.);
#15771 = FACE_BOUND('',#15772,.T.);
#15772 = EDGE_LOOP('',(#15773,#15781,#15787,#15788));
#15773 = ORIENTED_EDGE('',*,*,#15774,.F.);
#15774 = EDGE_CURVE('',#15775,#15753,#15777,.T.);
#15775 = VERTEX_POINT('',#15776);
#15776 = CARTESIAN_POINT('',(-1.994327346527,16.12531317619,9.4));
#15777 = LINE('',#15778,#15779);
#15778 = CARTESIAN_POINT('',(-1.963043430788,16.272014630225,9.4));
#15779 = VECTOR('',#15780,1.);
#15780 = DIRECTION('',(-0.208559438266,-0.978009693567,-0.));
#15781 = ORIENTED_EDGE('',*,*,#15782,.T.);
#15782 = EDGE_CURVE('',#15775,#15369,#15783,.T.);
#15783 = LINE('',#15784,#15785);
#15784 = CARTESIAN_POINT('',(-1.994327346527,16.12531317619,9.4));
#15785 = VECTOR('',#15786,1.);
#15786 = DIRECTION('',(0.,0.,-1.));
#15787 = ORIENTED_EDGE('',*,*,#15368,.T.);
#15788 = ORIENTED_EDGE('',*,*,#15760,.F.);
#15789 = PLANE('',#15790);
#15790 = AXIS2_PLACEMENT_3D('',#15791,#15792,#15793);
#15791 = CARTESIAN_POINT('',(-1.963043430788,16.272014630225,9.4));
#15792 = DIRECTION('',(0.978009693567,-0.208559438266,0.));
#15793 = DIRECTION('',(-0.208559438266,-0.978009693567,0.));
#15794 = ADVANCED_FACE('',(#15795),#15820,.F.);
#15795 = FACE_BOUND('',#15796,.T.);
#15796 = EDGE_LOOP('',(#15797,#15798,#15806,#15814));
#15797 = ORIENTED_EDGE('',*,*,#15385,.T.);
#15798 = ORIENTED_EDGE('',*,*,#15799,.T.);
#15799 = EDGE_CURVE('',#15377,#15800,#15802,.T.);
#15800 = VERTEX_POINT('',#15801);
#15801 = CARTESIAN_POINT('',(-1.816341976753,16.240730714485,9.4));
#15802 = LINE('',#15803,#15804);
#15803 = CARTESIAN_POINT('',(-1.816341976753,16.240730714485,9.4));
#15804 = VECTOR('',#15805,1.);
#15805 = DIRECTION('',(0.,0.,1.));
#15806 = ORIENTED_EDGE('',*,*,#15807,.F.);
#15807 = EDGE_CURVE('',#15808,#15800,#15810,.T.);
#15808 = VERTEX_POINT('',#15809);
#15809 = CARTESIAN_POINT('',(-1.620740038039,16.199018826832,9.4));
#15810 = LINE('',#15811,#15812);
#15811 = CARTESIAN_POINT('',(-1.620740038039,16.199018826832,9.4));
#15812 = VECTOR('',#15813,1.);
#15813 = DIRECTION('',(-0.978009693567,0.208559438266,-0.));
#15814 = ORIENTED_EDGE('',*,*,#15815,.T.);
#15815 = EDGE_CURVE('',#15808,#15386,#15816,.T.);
#15816 = LINE('',#15817,#15818);
#15817 = CARTESIAN_POINT('',(-1.620740038039,16.199018826832,9.4));
#15818 = VECTOR('',#15819,1.);
#15819 = DIRECTION('',(0.,0.,-1.));
#15820 = PLANE('',#15821);
#15821 = AXIS2_PLACEMENT_3D('',#15822,#15823,#15824);
#15822 = CARTESIAN_POINT('',(-1.620740038039,16.199018826832,9.4));
#15823 = DIRECTION('',(-0.208559438266,-0.978009693567,0.));
#15824 = DIRECTION('',(-0.978009693567,0.208559438266,0.));
#15825 = ADVANCED_FACE('',(#15826),#15837,.F.);
#15826 = FACE_BOUND('',#15827,.T.);
#15827 = EDGE_LOOP('',(#15828,#15829,#15830,#15836));
#15828 = ORIENTED_EDGE('',*,*,#15393,.T.);
#15829 = ORIENTED_EDGE('',*,*,#15815,.F.);
#15830 = ORIENTED_EDGE('',*,*,#15831,.F.);
#15831 = EDGE_CURVE('',#15533,#15808,#15832,.T.);
#15832 = LINE('',#15833,#15834);
#15833 = CARTESIAN_POINT('',(-1.620740038039,16.199018826832,9.4));
#15834 = VECTOR('',#15835,1.);
#15835 = DIRECTION('',(-0.208559438266,-0.978009693567,0.));
#15836 = ORIENTED_EDGE('',*,*,#15547,.T.);
#15837 = PLANE('',#15838);
#15838 = AXIS2_PLACEMENT_3D('',#15839,#15840,#15841);
#15839 = CARTESIAN_POINT('',(-1.620740038039,16.199018826832,9.4));
#15840 = DIRECTION('',(0.978009693567,-0.208559438266,0.));
#15841 = DIRECTION('',(-0.208559438266,-0.978009693567,0.));
#15842 = ADVANCED_FACE('',(#15843),#15885,.T.);
#15843 = FACE_BOUND('',#15844,.T.);
#15844 = EDGE_LOOP('',(#15845,#15846,#15853,#15854,#15855,#15856,#15863,
    #15864,#15865,#15866,#15873,#15874,#15875,#15876,#15883,#15884));
#15845 = ORIENTED_EDGE('',*,*,#15570,.T.);
#15846 = ORIENTED_EDGE('',*,*,#15847,.T.);
#15847 = EDGE_CURVE('',#15563,#15531,#15848,.T.);
#15848 = CIRCLE('',#15849,0.15);
#15849 = AXIS2_PLACEMENT_3D('',#15850,#15851,#15852);
#15850 = CARTESIAN_POINT('',(-1.722490229533,16.68083507659,9.4));
#15851 = DIRECTION('',(0.,0.,1.));
#15852 = DIRECTION('',(-0.978009693567,0.208559438266,0.));
#15853 = ORIENTED_EDGE('',*,*,#15530,.T.);
#15854 = ORIENTED_EDGE('',*,*,#15831,.T.);
#15855 = ORIENTED_EDGE('',*,*,#15807,.T.);
#15856 = ORIENTED_EDGE('',*,*,#15857,.T.);
#15857 = EDGE_CURVE('',#15800,#15775,#15858,.T.);
#15858 = CIRCLE('',#15859,0.15);
#15859 = AXIS2_PLACEMENT_3D('',#15860,#15861,#15862);
#15860 = CARTESIAN_POINT('',(-1.847625892492,16.09402926045,9.4));
#15861 = DIRECTION('',(0.,0.,1.));
#15862 = DIRECTION('',(-0.978009693567,0.208559438266,0.));
#15863 = ORIENTED_EDGE('',*,*,#15774,.T.);
#15864 = ORIENTED_EDGE('',*,*,#15752,.T.);
#15865 = ORIENTED_EDGE('',*,*,#15728,.T.);
#15866 = ORIENTED_EDGE('',*,*,#15867,.T.);
#15867 = EDGE_CURVE('',#15721,#15696,#15868,.T.);
#15868 = CIRCLE('',#15869,0.15);
#15869 = AXIS2_PLACEMENT_3D('',#15870,#15871,#15872);
#15870 = CARTESIAN_POINT('',(-2.434431708632,16.21916492341,9.4));
#15871 = DIRECTION('',(0.,0.,1.));
#15872 = DIRECTION('',(-0.978009693567,0.208559438266,0.));
#15873 = ORIENTED_EDGE('',*,*,#15695,.T.);
#15874 = ORIENTED_EDGE('',*,*,#15673,.T.);
#15875 = ORIENTED_EDGE('',*,*,#15649,.T.);
#15876 = ORIENTED_EDGE('',*,*,#15877,.T.);
#15877 = EDGE_CURVE('',#15642,#15617,#15878,.T.);
#15878 = CIRCLE('',#15879,0.15);
#15879 = AXIS2_PLACEMENT_3D('',#15880,#15881,#15882);
#15880 = CARTESIAN_POINT('',(-2.309296045673,16.80597073955,9.4));
#15881 = DIRECTION('',(0.,0.,1.));
#15882 = DIRECTION('',(-0.978009693567,0.208559438266,0.));
#15883 = ORIENTED_EDGE('',*,*,#15616,.T.);
#15884 = ORIENTED_EDGE('',*,*,#15594,.T.);
#15885 = PLANE('',#15886);
#15886 = AXIS2_PLACEMENT_3D('',#15887,#15888,#15889);
#15887 = CARTESIAN_POINT('',(-2.078460969083,16.45,9.4));
#15888 = DIRECTION('',(0.,0.,-1.));
#15889 = DIRECTION('',(-0.978009693567,0.208559438266,0.));
#15890 = ADVANCED_FACE('',(#15891),#15897,.T.);
#15891 = FACE_BOUND('',#15892,.T.);
#15892 = EDGE_LOOP('',(#15893,#15894,#15895,#15896));
#15893 = ORIENTED_EDGE('',*,*,#15877,.F.);
#15894 = ORIENTED_EDGE('',*,*,#15641,.F.);
#15895 = ORIENTED_EDGE('',*,*,#15310,.F.);
#15896 = ORIENTED_EDGE('',*,*,#15624,.F.);
#15897 = CYLINDRICAL_SURFACE('',#15898,0.15);
#15898 = AXIS2_PLACEMENT_3D('',#15899,#15900,#15901);
#15899 = CARTESIAN_POINT('',(-2.309296045673,16.80597073955,9.4));
#15900 = DIRECTION('',(0.,0.,-1.));
#15901 = DIRECTION('',(-0.978009693567,0.208559438266,0.));
#15902 = ADVANCED_FACE('',(#15903),#15909,.T.);
#15903 = FACE_BOUND('',#15904,.T.);
#15904 = EDGE_LOOP('',(#15905,#15906,#15907,#15908));
#15905 = ORIENTED_EDGE('',*,*,#15867,.F.);
#15906 = ORIENTED_EDGE('',*,*,#15720,.F.);
#15907 = ORIENTED_EDGE('',*,*,#15343,.F.);
#15908 = ORIENTED_EDGE('',*,*,#15703,.F.);
#15909 = CYLINDRICAL_SURFACE('',#15910,0.15);
#15910 = AXIS2_PLACEMENT_3D('',#15911,#15912,#15913);
#15911 = CARTESIAN_POINT('',(-2.434431708632,16.21916492341,9.4));
#15912 = DIRECTION('',(0.,0.,-1.));
#15913 = DIRECTION('',(-0.978009693567,0.208559438266,0.));
#15914 = ADVANCED_FACE('',(#15915),#15921,.T.);
#15915 = FACE_BOUND('',#15916,.T.);
#15916 = EDGE_LOOP('',(#15917,#15918,#15919,#15920));
#15917 = ORIENTED_EDGE('',*,*,#15847,.F.);
#15918 = ORIENTED_EDGE('',*,*,#15562,.F.);
#15919 = ORIENTED_EDGE('',*,*,#15409,.F.);
#15920 = ORIENTED_EDGE('',*,*,#15540,.F.);
#15921 = CYLINDRICAL_SURFACE('',#15922,0.15);
#15922 = AXIS2_PLACEMENT_3D('',#15923,#15924,#15925);
#15923 = CARTESIAN_POINT('',(-1.722490229533,16.68083507659,9.4));
#15924 = DIRECTION('',(0.,0.,-1.));
#15925 = DIRECTION('',(-0.978009693567,0.208559438266,0.));
#15926 = ADVANCED_FACE('',(#15927),#15933,.T.);
#15927 = FACE_BOUND('',#15928,.T.);
#15928 = EDGE_LOOP('',(#15929,#15930,#15931,#15932));
#15929 = ORIENTED_EDGE('',*,*,#15857,.F.);
#15930 = ORIENTED_EDGE('',*,*,#15799,.F.);
#15931 = ORIENTED_EDGE('',*,*,#15376,.F.);
#15932 = ORIENTED_EDGE('',*,*,#15782,.F.);
#15933 = CYLINDRICAL_SURFACE('',#15934,0.15);
#15934 = AXIS2_PLACEMENT_3D('',#15935,#15936,#15937);
#15935 = CARTESIAN_POINT('',(-1.847625892492,16.09402926045,9.4));
#15936 = DIRECTION('',(0.,0.,-1.));
#15937 = DIRECTION('',(-0.978009693567,0.208559438266,0.));
#15938 = ADVANCED_FACE('',(#15939),#15945,.T.);
#15939 = FACE_BOUND('',#15940,.T.);
#15940 = EDGE_LOOP('',(#15941,#15942,#15943,#15944));
#15941 = ORIENTED_EDGE('',*,*,#15151,.F.);
#15942 = ORIENTED_EDGE('',*,*,#15441,.F.);
#15943 = ORIENTED_EDGE('',*,*,#15169,.T.);
#15944 = ORIENTED_EDGE('',*,*,#15291,.F.);
#15945 = TOROIDAL_SURFACE('',#15946,0.6,0.3);
#15946 = AXIS2_PLACEMENT_3D('',#15947,#15948,#15949);
#15947 = CARTESIAN_POINT('',(-2.078460969083,16.45,9.4));
#15948 = DIRECTION('',(0.,0.,-1.));
#15949 = DIRECTION('',(-0.978009693567,0.208559438266,0.));
#15950 = ( GEOMETRIC_REPRESENTATION_CONTEXT(3) 
GLOBAL_UNCERTAINTY_ASSIGNED_CONTEXT((#15954)) 
GLOBAL_UNIT_ASSIGNED_CONTEXT((#15951,#15952,#15953)) 
REPRESENTATION_CONTEXT('Context #1',
  '3D Context with UNIT and UNCERTAINTY') );
#15951 = ( LENGTH_UNIT() NAMED_UNIT(*) SI_UNIT(.MILLI.,.METRE.) );
#15952 = ( NAMED_UNIT(*) PLANE_ANGLE_UNIT() SI_UNIT($,.RADIAN.) );
#15953 = ( NAMED_UNIT(*) SI_UNIT($,.STERADIAN.) SOLID_ANGLE_UNIT() );
#15954 = UNCERTAINTY_MEASURE_WITH_UNIT(LENGTH_MEASURE(1.E-07),#15951,
  'distance_accuracy_value','confusion accuracy');
#15955 = CONTEXT_DEPENDENT_SHAPE_REPRESENTATION(#15956,#15958);
#15956 = ( REPRESENTATION_RELATIONSHIP('','',#15133,#3244) 
REPRESENTATION_RELATIONSHIP_WITH_TRANSFORMATION(#15957) 
SHAPE_REPRESENTATION_RELATIONSHIP() );
#15957 = ITEM_DEFINED_TRANSFORMATION('','',#11,#3297);
#15958 = PRODUCT_DEFINITION_SHAPE('Placement','Placement of an item',
  #15959);
#15959 = NEXT_ASSEMBLY_USAGE_OCCURRENCE('20','Shutter_part013','',#3239,
  #15128,$);
#15960 = PRODUCT_RELATED_PRODUCT_CATEGORY('part',$,(#15130));
#15961 = SHAPE_DEFINITION_REPRESENTATION(#15962,#15968);
#15962 = PRODUCT_DEFINITION_SHAPE('','',#15963);
#15963 = PRODUCT_DEFINITION('design','',#15964,#15967);
#15964 = PRODUCT_DEFINITION_FORMATION('','',#15965);
#15965 = PRODUCT('Shutter_part014','Shutter_part014','',(#15966));
#15966 = PRODUCT_CONTEXT('',#2,'mechanical');
#15967 = PRODUCT_DEFINITION_CONTEXT('part definition',#2,'design');
#15968 = ADVANCED_BREP_SHAPE_REPRESENTATION('',(#11,#15969),#16785);
#15969 = MANIFOLD_SOLID_BREP('',#15970);
#15970 = CLOSED_SHELL('',(#15971,#16015,#16057,#16089,#16121,#16271,
    #16295,#16315,#16333,#16349,#16361,#16392,#16423,#16447,#16471,
    #16502,#16526,#16550,#16581,#16605,#16629,#16660,#16677,#16725,
    #16737,#16749,#16761,#16773));
#15971 = ADVANCED_FACE('',(#15972),#16010,.T.);
#15972 = FACE_BOUND('',#15973,.T.);
#15973 = EDGE_LOOP('',(#15974,#15985,#15994,#16003));
#15974 = ORIENTED_EDGE('',*,*,#15975,.F.);
#15975 = EDGE_CURVE('',#15976,#15978,#15980,.T.);
#15976 = VERTEX_POINT('',#15977);
#15977 = CARTESIAN_POINT('',(-3.075138688888,16.264283828178,6.5));
#15978 = VERTEX_POINT('',#15979);
#15979 = CARTESIAN_POINT('',(-1.275138688888,16.264283828178,6.5));
#15980 = CIRCLE('',#15981,0.9);
#15981 = AXIS2_PLACEMENT_3D('',#15982,#15983,#15984);
#15982 = CARTESIAN_POINT('',(-2.175138688888,16.264283828178,6.5));
#15983 = DIRECTION('',(0.,-0.,-1.));
#15984 = DIRECTION('',(1.,-1.110223024625E-16,0.));
#15985 = ORIENTED_EDGE('',*,*,#15986,.T.);
#15986 = EDGE_CURVE('',#15976,#15987,#15989,.T.);
#15987 = VERTEX_POINT('',#15988);
#15988 = CARTESIAN_POINT('',(-2.775138688888,16.264283828178,6.8));
#15989 = CIRCLE('',#15990,0.3);
#15990 = AXIS2_PLACEMENT_3D('',#15991,#15992,#15993);
#15991 = CARTESIAN_POINT('',(-2.775138688888,16.264283828178,6.5));
#15992 = DIRECTION('',(2.334869823773E-16,1.,-0.));
#15993 = DIRECTION('',(-1.,2.334869823773E-16,0.));
#15994 = ORIENTED_EDGE('',*,*,#15995,.F.);
#15995 = EDGE_CURVE('',#15996,#15987,#15998,.T.);
#15996 = VERTEX_POINT('',#15997);
#15997 = CARTESIAN_POINT('',(-1.575138688888,16.264283828178,6.8));
#15998 = CIRCLE('',#15999,0.6);
#15999 = AXIS2_PLACEMENT_3D('',#16000,#16001,#16002);
#16000 = CARTESIAN_POINT('',(-2.175138688888,16.264283828178,6.8));
#16001 = DIRECTION('',(-0.,0.,1.));
#16002 = DIRECTION('',(1.,-1.110223024625E-16,0.));
#16003 = ORIENTED_EDGE('',*,*,#16004,.F.);
#16004 = EDGE_CURVE('',#15978,#15996,#16005,.T.);
#16005 = CIRCLE('',#16006,0.3);
#16006 = AXIS2_PLACEMENT_3D('',#16007,#16008,#16009);
#16007 = CARTESIAN_POINT('',(-1.575138688888,16.264283828178,6.5));
#16008 = DIRECTION('',(-1.110223024625E-16,-1.,0.));
#16009 = DIRECTION('',(1.,-1.110223024625E-16,0.));
#16010 = TOROIDAL_SURFACE('',#16011,0.6,0.3);
#16011 = AXIS2_PLACEMENT_3D('',#16012,#16013,#16014);
#16012 = CARTESIAN_POINT('',(-2.175138688888,16.264283828178,6.5));
#16013 = DIRECTION('',(0.,0.,1.));
#16014 = DIRECTION('',(1.,-1.110223024625E-16,0.));
#16015 = ADVANCED_FACE('',(#16016),#16052,.T.);
#16016 = FACE_BOUND('',#16017,.T.);
#16017 = EDGE_LOOP('',(#16018,#16029,#16037,#16046));
#16018 = ORIENTED_EDGE('',*,*,#16019,.F.);
#16019 = EDGE_CURVE('',#16020,#16022,#16024,.T.);
#16020 = VERTEX_POINT('',#16021);
#16021 = CARTESIAN_POINT('',(-2.625138688888,16.264283828178,3.9));
#16022 = VERTEX_POINT('',#16023);
#16023 = CARTESIAN_POINT('',(-1.725138688888,16.264283828178,3.9));
#16024 = CIRCLE('',#16025,0.45);
#16025 = AXIS2_PLACEMENT_3D('',#16026,#16027,#16028);
#16026 = CARTESIAN_POINT('',(-2.175138688888,16.264283828178,3.9));
#16027 = DIRECTION('',(0.,0.,-1.));
#16028 = DIRECTION('',(-1.,1.110223024625E-16,0.));
#16029 = ORIENTED_EDGE('',*,*,#16030,.T.);
#16030 = EDGE_CURVE('',#16020,#16031,#16033,.T.);
#16031 = VERTEX_POINT('',#16032);
#16032 = CARTESIAN_POINT('',(-2.775138688888,16.264283828178,4.05));
#16033 = LINE('',#16034,#16035);
#16034 = CARTESIAN_POINT('',(-2.625138688888,16.264283828178,3.9));
#16035 = VECTOR('',#16036,1.);
#16036 = DIRECTION('',(-0.707106781187,1.651002285576E-16,0.707106781187
    ));
#16037 = ORIENTED_EDGE('',*,*,#16038,.F.);
#16038 = EDGE_CURVE('',#16039,#16031,#16041,.T.);
#16039 = VERTEX_POINT('',#16040);
#16040 = CARTESIAN_POINT('',(-1.575138688888,16.264283828178,4.05));
#16041 = CIRCLE('',#16042,0.6);
#16042 = AXIS2_PLACEMENT_3D('',#16043,#16044,#16045);
#16043 = CARTESIAN_POINT('',(-2.175138688888,16.264283828178,4.05));
#16044 = DIRECTION('',(0.,0.,1.));
#16045 = DIRECTION('',(-1.,1.110223024625E-16,0.));
#16046 = ORIENTED_EDGE('',*,*,#16047,.F.);
#16047 = EDGE_CURVE('',#16022,#16039,#16048,.T.);
#16048 = LINE('',#16049,#16050);
#16049 = CARTESIAN_POINT('',(-1.725138688888,16.264283828178,3.9));
#16050 = VECTOR('',#16051,1.);
#16051 = DIRECTION('',(0.707106781187,-7.850462293414E-17,0.707106781187
    ));
#16052 = CONICAL_SURFACE('',#16053,0.45,0.785398163397);
#16053 = AXIS2_PLACEMENT_3D('',#16054,#16055,#16056);
#16054 = CARTESIAN_POINT('',(-2.175138688888,16.264283828178,3.9));
#16055 = DIRECTION('',(0.,0.,1.));
#16056 = DIRECTION('',(1.,-1.110223024625E-16,0.));
#16057 = ADVANCED_FACE('',(#16058),#16084,.T.);
#16058 = FACE_BOUND('',#16059,.T.);
#16059 = EDGE_LOOP('',(#16060,#16071,#16077,#16078));
#16060 = ORIENTED_EDGE('',*,*,#16061,.T.);
#16061 = EDGE_CURVE('',#16062,#16064,#16066,.T.);
#16062 = VERTEX_POINT('',#16063);
#16063 = CARTESIAN_POINT('',(-2.775138688888,16.264283828178,6.4));
#16064 = VERTEX_POINT('',#16065);
#16065 = CARTESIAN_POINT('',(-1.575138688888,16.264283828178,6.4));
#16066 = CIRCLE('',#16067,0.6);
#16067 = AXIS2_PLACEMENT_3D('',#16068,#16069,#16070);
#16068 = CARTESIAN_POINT('',(-2.175138688888,16.264283828178,6.4));
#16069 = DIRECTION('',(0.,0.,-1.));
#16070 = DIRECTION('',(-1.,1.110223024625E-16,0.));
#16071 = ORIENTED_EDGE('',*,*,#16072,.T.);
#16072 = EDGE_CURVE('',#16064,#16039,#16073,.T.);
#16073 = LINE('',#16074,#16075);
#16074 = CARTESIAN_POINT('',(-1.575138688888,16.264283828178,6.8));
#16075 = VECTOR('',#16076,1.);
#16076 = DIRECTION('',(0.,0.,-1.));
#16077 = ORIENTED_EDGE('',*,*,#16038,.T.);
#16078 = ORIENTED_EDGE('',*,*,#16079,.F.);
#16079 = EDGE_CURVE('',#16062,#16031,#16080,.T.);
#16080 = LINE('',#16081,#16082);
#16081 = CARTESIAN_POINT('',(-2.775138688888,16.264283828178,6.8));
#16082 = VECTOR('',#16083,1.);
#16083 = DIRECTION('',(0.,0.,-1.));
#16084 = CYLINDRICAL_SURFACE('',#16085,0.6);
#16085 = AXIS2_PLACEMENT_3D('',#16086,#16087,#16088);
#16086 = CARTESIAN_POINT('',(-2.175138688888,16.264283828178,6.8));
#16087 = DIRECTION('',(0.,0.,-1.));
#16088 = DIRECTION('',(-1.,1.110223024625E-16,0.));
#16089 = ADVANCED_FACE('',(#16090),#16116,.T.);
#16090 = FACE_BOUND('',#16091,.T.);
#16091 = EDGE_LOOP('',(#16092,#16093,#16101,#16110));
#16092 = ORIENTED_EDGE('',*,*,#15975,.T.);
#16093 = ORIENTED_EDGE('',*,*,#16094,.T.);
#16094 = EDGE_CURVE('',#15978,#16095,#16097,.T.);
#16095 = VERTEX_POINT('',#16096);
#16096 = CARTESIAN_POINT('',(-1.275138688888,16.264283828178,6.4));
#16097 = LINE('',#16098,#16099);
#16098 = CARTESIAN_POINT('',(-1.275138688888,16.264283828178,6.8));
#16099 = VECTOR('',#16100,1.);
#16100 = DIRECTION('',(0.,0.,-1.));
#16101 = ORIENTED_EDGE('',*,*,#16102,.F.);
#16102 = EDGE_CURVE('',#16103,#16095,#16105,.T.);
#16103 = VERTEX_POINT('',#16104);
#16104 = CARTESIAN_POINT('',(-3.075138688888,16.264283828178,6.4));
#16105 = CIRCLE('',#16106,0.9);
#16106 = AXIS2_PLACEMENT_3D('',#16107,#16108,#16109);
#16107 = CARTESIAN_POINT('',(-2.175138688888,16.264283828178,6.4));
#16108 = DIRECTION('',(0.,0.,-1.));
#16109 = DIRECTION('',(-1.,1.110223024625E-16,0.));
#16110 = ORIENTED_EDGE('',*,*,#16111,.F.);
#16111 = EDGE_CURVE('',#15976,#16103,#16112,.T.);
#16112 = LINE('',#16113,#16114);
#16113 = CARTESIAN_POINT('',(-3.075138688888,16.264283828178,6.8));
#16114 = VECTOR('',#16115,1.);
#16115 = DIRECTION('',(0.,0.,-1.));
#16116 = CYLINDRICAL_SURFACE('',#16117,0.9);
#16117 = AXIS2_PLACEMENT_3D('',#16118,#16119,#16120);
#16118 = CARTESIAN_POINT('',(-2.175138688888,16.264283828178,6.8));
#16119 = DIRECTION('',(0.,0.,-1.));
#16120 = DIRECTION('',(-1.,1.110223024625E-16,0.));
#16121 = ADVANCED_FACE('',(#16122,#16132),#16266,.T.);
#16122 = FACE_BOUND('',#16123,.T.);
#16123 = EDGE_LOOP('',(#16124,#16125));
#16124 = ORIENTED_EDGE('',*,*,#15995,.T.);
#16125 = ORIENTED_EDGE('',*,*,#16126,.T.);
#16126 = EDGE_CURVE('',#15987,#15996,#16127,.T.);
#16127 = CIRCLE('',#16128,0.6);
#16128 = AXIS2_PLACEMENT_3D('',#16129,#16130,#16131);
#16129 = CARTESIAN_POINT('',(-2.175138688888,16.264283828178,6.8));
#16130 = DIRECTION('',(-0.,0.,1.));
#16131 = DIRECTION('',(1.,-1.110223024625E-16,0.));
#16132 = FACE_BOUND('',#16133,.T.);
#16133 = EDGE_LOOP('',(#16134,#16144,#16153,#16161,#16169,#16177,#16186,
    #16194,#16202,#16210,#16219,#16227,#16235,#16243,#16252,#16260));
#16134 = ORIENTED_EDGE('',*,*,#16135,.F.);
#16135 = EDGE_CURVE('',#16136,#16138,#16140,.T.);
#16136 = VERTEX_POINT('',#16137);
#16137 = CARTESIAN_POINT('',(-2.025138688888,16.564283828178,6.8));
#16138 = VERTEX_POINT('',#16139);
#16139 = CARTESIAN_POINT('',(-2.025138688888,16.764283828178,6.8));
#16140 = LINE('',#16141,#16142);
#16141 = CARTESIAN_POINT('',(-2.025138688888,16.414283828178,6.8));
#16142 = VECTOR('',#16143,1.);
#16143 = DIRECTION('',(1.110223024625E-16,1.,0.));
#16144 = ORIENTED_EDGE('',*,*,#16145,.T.);
#16145 = EDGE_CURVE('',#16136,#16146,#16148,.T.);
#16146 = VERTEX_POINT('',#16147);
#16147 = CARTESIAN_POINT('',(-1.875138688888,16.414283828178,6.8));
#16148 = CIRCLE('',#16149,0.15);
#16149 = AXIS2_PLACEMENT_3D('',#16150,#16151,#16152);
#16150 = CARTESIAN_POINT('',(-1.875138688888,16.564283828178,6.8));
#16151 = DIRECTION('',(-0.,0.,1.));
#16152 = DIRECTION('',(1.,-1.110223024625E-16,0.));
#16153 = ORIENTED_EDGE('',*,*,#16154,.F.);
#16154 = EDGE_CURVE('',#16155,#16146,#16157,.T.);
#16155 = VERTEX_POINT('',#16156);
#16156 = CARTESIAN_POINT('',(-1.675138688888,16.414283828178,6.8));
#16157 = LINE('',#16158,#16159);
#16158 = CARTESIAN_POINT('',(-1.675138688888,16.414283828178,6.8));
#16159 = VECTOR('',#16160,1.);
#16160 = DIRECTION('',(-1.,3.433513394237E-16,0.));
#16161 = ORIENTED_EDGE('',*,*,#16162,.F.);
#16162 = EDGE_CURVE('',#16163,#16155,#16165,.T.);
#16163 = VERTEX_POINT('',#16164);
#16164 = CARTESIAN_POINT('',(-1.675138688888,16.114283828178,6.8));
#16165 = LINE('',#16166,#16167);
#16166 = CARTESIAN_POINT('',(-1.675138688888,16.114283828178,6.8));
#16167 = VECTOR('',#16168,1.);
#16168 = DIRECTION('',(1.110223024625E-16,1.,0.));
#16169 = ORIENTED_EDGE('',*,*,#16170,.F.);
#16170 = EDGE_CURVE('',#16171,#16163,#16173,.T.);
#16171 = VERTEX_POINT('',#16172);
#16172 = CARTESIAN_POINT('',(-1.875138688888,16.114283828178,6.8));
#16173 = LINE('',#16174,#16175);
#16174 = CARTESIAN_POINT('',(-1.675138688888,16.114283828178,6.8));
#16175 = VECTOR('',#16176,1.);
#16176 = DIRECTION('',(1.,1.213067344987E-16,0.));
#16177 = ORIENTED_EDGE('',*,*,#16178,.T.);
#16178 = EDGE_CURVE('',#16171,#16179,#16181,.T.);
#16179 = VERTEX_POINT('',#16180);
#16180 = CARTESIAN_POINT('',(-2.025138688888,15.964283828178,6.8));
#16181 = CIRCLE('',#16182,0.15);
#16182 = AXIS2_PLACEMENT_3D('',#16183,#16184,#16185);
#16183 = CARTESIAN_POINT('',(-1.875138688888,15.964283828178,6.8));
#16184 = DIRECTION('',(-0.,0.,1.));
#16185 = DIRECTION('',(1.,-1.110223024625E-16,0.));
#16186 = ORIENTED_EDGE('',*,*,#16187,.F.);
#16187 = EDGE_CURVE('',#16188,#16179,#16190,.T.);
#16188 = VERTEX_POINT('',#16189);
#16189 = CARTESIAN_POINT('',(-2.025138688888,15.764283828178,6.8));
#16190 = LINE('',#16191,#16192);
#16191 = CARTESIAN_POINT('',(-2.025138688888,16.114283828178,6.8));
#16192 = VECTOR('',#16193,1.);
#16193 = DIRECTION('',(1.110223024625E-16,1.,0.));
#16194 = ORIENTED_EDGE('',*,*,#16195,.F.);
#16195 = EDGE_CURVE('',#16196,#16188,#16198,.T.);
#16196 = VERTEX_POINT('',#16197);
#16197 = CARTESIAN_POINT('',(-2.325138688888,15.764283828178,6.8));
#16198 = LINE('',#16199,#16200);
#16199 = CARTESIAN_POINT('',(-2.325138688888,15.764283828178,6.8));
#16200 = VECTOR('',#16201,1.);
#16201 = DIRECTION('',(1.,-1.110223024625E-16,0.));
#16202 = ORIENTED_EDGE('',*,*,#16203,.F.);
#16203 = EDGE_CURVE('',#16204,#16196,#16206,.T.);
#16204 = VERTEX_POINT('',#16205);
#16205 = CARTESIAN_POINT('',(-2.325138688888,15.964283828178,6.8));
#16206 = LINE('',#16207,#16208);
#16207 = CARTESIAN_POINT('',(-2.325138688888,16.114283828178,6.8));
#16208 = VECTOR('',#16209,1.);
#16209 = DIRECTION('',(-1.110223024625E-16,-1.,0.));
#16210 = ORIENTED_EDGE('',*,*,#16211,.T.);
#16211 = EDGE_CURVE('',#16204,#16212,#16214,.T.);
#16212 = VERTEX_POINT('',#16213);
#16213 = CARTESIAN_POINT('',(-2.475138688888,16.114283828178,6.8));
#16214 = CIRCLE('',#16215,0.15);
#16215 = AXIS2_PLACEMENT_3D('',#16216,#16217,#16218);
#16216 = CARTESIAN_POINT('',(-2.475138688888,15.964283828178,6.8));
#16217 = DIRECTION('',(-0.,0.,1.));
#16218 = DIRECTION('',(1.,-1.110223024625E-16,0.));
#16219 = ORIENTED_EDGE('',*,*,#16220,.F.);
#16220 = EDGE_CURVE('',#16221,#16212,#16223,.T.);
#16221 = VERTEX_POINT('',#16222);
#16222 = CARTESIAN_POINT('',(-2.675138688888,16.114283828178,6.8));
#16223 = LINE('',#16224,#16225);
#16224 = CARTESIAN_POINT('',(-2.675138688888,16.114283828178,6.8));
#16225 = VECTOR('',#16226,1.);
#16226 = DIRECTION('',(1.,-3.433513394237E-16,0.));
#16227 = ORIENTED_EDGE('',*,*,#16228,.F.);
#16228 = EDGE_CURVE('',#16229,#16221,#16231,.T.);
#16229 = VERTEX_POINT('',#16230);
#16230 = CARTESIAN_POINT('',(-2.675138688888,16.414283828178,6.8));
#16231 = LINE('',#16232,#16233);
#16232 = CARTESIAN_POINT('',(-2.675138688888,16.114283828178,6.8));
#16233 = VECTOR('',#16234,1.);
#16234 = DIRECTION('',(-1.110223024625E-16,-1.,0.));
#16235 = ORIENTED_EDGE('',*,*,#16236,.F.);
#16236 = EDGE_CURVE('',#16237,#16229,#16239,.T.);
#16237 = VERTEX_POINT('',#16238);
#16238 = CARTESIAN_POINT('',(-2.475138688888,16.414283828178,6.8));
#16239 = LINE('',#16240,#16241);
#16240 = CARTESIAN_POINT('',(-2.675138688888,16.414283828178,6.8));
#16241 = VECTOR('',#16242,1.);
#16242 = DIRECTION('',(-1.,-1.213067344987E-16,0.));
#16243 = ORIENTED_EDGE('',*,*,#16244,.T.);
#16244 = EDGE_CURVE('',#16237,#16245,#16247,.T.);
#16245 = VERTEX_POINT('',#16246);
#16246 = CARTESIAN_POINT('',(-2.325138688888,16.564283828178,6.8));
#16247 = CIRCLE('',#16248,0.15);
#16248 = AXIS2_PLACEMENT_3D('',#16249,#16250,#16251);
#16249 = CARTESIAN_POINT('',(-2.475138688888,16.564283828178,6.8));
#16250 = DIRECTION('',(-0.,0.,1.));
#16251 = DIRECTION('',(1.,-1.110223024625E-16,0.));
#16252 = ORIENTED_EDGE('',*,*,#16253,.F.);
#16253 = EDGE_CURVE('',#16254,#16245,#16256,.T.);
#16254 = VERTEX_POINT('',#16255);
#16255 = CARTESIAN_POINT('',(-2.325138688888,16.764283828178,6.8));
#16256 = LINE('',#16257,#16258);
#16257 = CARTESIAN_POINT('',(-2.325138688888,16.414283828178,6.8));
#16258 = VECTOR('',#16259,1.);
#16259 = DIRECTION('',(-1.110223024625E-16,-1.,0.));
#16260 = ORIENTED_EDGE('',*,*,#16261,.F.);
#16261 = EDGE_CURVE('',#16138,#16254,#16262,.T.);
#16262 = LINE('',#16263,#16264);
#16263 = CARTESIAN_POINT('',(-2.325138688888,16.764283828178,6.8));
#16264 = VECTOR('',#16265,1.);
#16265 = DIRECTION('',(-1.,1.110223024625E-16,-0.));
#16266 = PLANE('',#16267);
#16267 = AXIS2_PLACEMENT_3D('',#16268,#16269,#16270);
#16268 = CARTESIAN_POINT('',(-2.175138688888,16.264283828178,6.8));
#16269 = DIRECTION('',(0.,0.,1.));
#16270 = DIRECTION('',(1.,-1.110223024625E-16,0.));
#16271 = ADVANCED_FACE('',(#16272),#16290,.T.);
#16272 = FACE_BOUND('',#16273,.T.);
#16273 = EDGE_LOOP('',(#16274,#16275,#16282,#16283));
#16274 = ORIENTED_EDGE('',*,*,#16094,.F.);
#16275 = ORIENTED_EDGE('',*,*,#16276,.T.);
#16276 = EDGE_CURVE('',#15978,#15976,#16277,.T.);
#16277 = CIRCLE('',#16278,0.9);
#16278 = AXIS2_PLACEMENT_3D('',#16279,#16280,#16281);
#16279 = CARTESIAN_POINT('',(-2.175138688888,16.264283828178,6.5));
#16280 = DIRECTION('',(0.,-0.,-1.));
#16281 = DIRECTION('',(1.,-1.110223024625E-16,0.));
#16282 = ORIENTED_EDGE('',*,*,#16111,.T.);
#16283 = ORIENTED_EDGE('',*,*,#16284,.F.);
#16284 = EDGE_CURVE('',#16095,#16103,#16285,.T.);
#16285 = CIRCLE('',#16286,0.9);
#16286 = AXIS2_PLACEMENT_3D('',#16287,#16288,#16289);
#16287 = CARTESIAN_POINT('',(-2.175138688888,16.264283828178,6.4));
#16288 = DIRECTION('',(0.,0.,-1.));
#16289 = DIRECTION('',(-1.,1.110223024625E-16,0.));
#16290 = CYLINDRICAL_SURFACE('',#16291,0.9);
#16291 = AXIS2_PLACEMENT_3D('',#16292,#16293,#16294);
#16292 = CARTESIAN_POINT('',(-2.175138688888,16.264283828178,6.8));
#16293 = DIRECTION('',(0.,0.,-1.));
#16294 = DIRECTION('',(-1.,1.110223024625E-16,0.));
#16295 = ADVANCED_FACE('',(#16296,#16300),#16310,.T.);
#16296 = FACE_BOUND('',#16297,.T.);
#16297 = EDGE_LOOP('',(#16298,#16299));
#16298 = ORIENTED_EDGE('',*,*,#16102,.T.);
#16299 = ORIENTED_EDGE('',*,*,#16284,.T.);
#16300 = FACE_BOUND('',#16301,.T.);
#16301 = EDGE_LOOP('',(#16302,#16303));
#16302 = ORIENTED_EDGE('',*,*,#16061,.F.);
#16303 = ORIENTED_EDGE('',*,*,#16304,.F.);
#16304 = EDGE_CURVE('',#16064,#16062,#16305,.T.);
#16305 = CIRCLE('',#16306,0.6);
#16306 = AXIS2_PLACEMENT_3D('',#16307,#16308,#16309);
#16307 = CARTESIAN_POINT('',(-2.175138688888,16.264283828178,6.4));
#16308 = DIRECTION('',(0.,0.,-1.));
#16309 = DIRECTION('',(-1.,1.110223024625E-16,0.));
#16310 = PLANE('',#16311);
#16311 = AXIS2_PLACEMENT_3D('',#16312,#16313,#16314);
#16312 = CARTESIAN_POINT('',(-2.175138688888,17.164283828178,6.4));
#16313 = DIRECTION('',(0.,0.,-1.));
#16314 = DIRECTION('',(-1.,1.110223024625E-16,0.));
#16315 = ADVANCED_FACE('',(#16316),#16328,.T.);
#16316 = FACE_BOUND('',#16317,.T.);
#16317 = EDGE_LOOP('',(#16318,#16319,#16320,#16321));
#16318 = ORIENTED_EDGE('',*,*,#16072,.F.);
#16319 = ORIENTED_EDGE('',*,*,#16304,.T.);
#16320 = ORIENTED_EDGE('',*,*,#16079,.T.);
#16321 = ORIENTED_EDGE('',*,*,#16322,.T.);
#16322 = EDGE_CURVE('',#16031,#16039,#16323,.T.);
#16323 = CIRCLE('',#16324,0.6);
#16324 = AXIS2_PLACEMENT_3D('',#16325,#16326,#16327);
#16325 = CARTESIAN_POINT('',(-2.175138688888,16.264283828178,4.05));
#16326 = DIRECTION('',(0.,0.,1.));
#16327 = DIRECTION('',(-1.,1.110223024625E-16,0.));
#16328 = CYLINDRICAL_SURFACE('',#16329,0.6);
#16329 = AXIS2_PLACEMENT_3D('',#16330,#16331,#16332);
#16330 = CARTESIAN_POINT('',(-2.175138688888,16.264283828178,6.8));
#16331 = DIRECTION('',(0.,0.,-1.));
#16332 = DIRECTION('',(-1.,1.110223024625E-16,0.));
#16333 = ADVANCED_FACE('',(#16334),#16344,.T.);
#16334 = FACE_BOUND('',#16335,.T.);
#16335 = EDGE_LOOP('',(#16336,#16343));
#16336 = ORIENTED_EDGE('',*,*,#16337,.T.);
#16337 = EDGE_CURVE('',#16022,#16020,#16338,.T.);
#16338 = CIRCLE('',#16339,0.45);
#16339 = AXIS2_PLACEMENT_3D('',#16340,#16341,#16342);
#16340 = CARTESIAN_POINT('',(-2.175138688888,16.264283828178,3.9));
#16341 = DIRECTION('',(0.,0.,-1.));
#16342 = DIRECTION('',(-1.,1.110223024625E-16,0.));
#16343 = ORIENTED_EDGE('',*,*,#16019,.T.);
#16344 = PLANE('',#16345);
#16345 = AXIS2_PLACEMENT_3D('',#16346,#16347,#16348);
#16346 = CARTESIAN_POINT('',(-2.175138688888,16.864283828178,3.9));
#16347 = DIRECTION('',(0.,0.,-1.));
#16348 = DIRECTION('',(-1.,1.110223024625E-16,0.));
#16349 = ADVANCED_FACE('',(#16350),#16356,.T.);
#16350 = FACE_BOUND('',#16351,.T.);
#16351 = EDGE_LOOP('',(#16352,#16353,#16354,#16355));
#16352 = ORIENTED_EDGE('',*,*,#16030,.F.);
#16353 = ORIENTED_EDGE('',*,*,#16337,.F.);
#16354 = ORIENTED_EDGE('',*,*,#16047,.T.);
#16355 = ORIENTED_EDGE('',*,*,#16322,.F.);
#16356 = CONICAL_SURFACE('',#16357,0.45,0.785398163397);
#16357 = AXIS2_PLACEMENT_3D('',#16358,#16359,#16360);
#16358 = CARTESIAN_POINT('',(-2.175138688888,16.264283828178,3.9));
#16359 = DIRECTION('',(0.,0.,1.));
#16360 = DIRECTION('',(1.,-1.110223024625E-16,0.));
#16361 = ADVANCED_FACE('',(#16362),#16387,.F.);
#16362 = FACE_BOUND('',#16363,.T.);
#16363 = EDGE_LOOP('',(#16364,#16374,#16380,#16381));
#16364 = ORIENTED_EDGE('',*,*,#16365,.F.);
#16365 = EDGE_CURVE('',#16366,#16368,#16370,.T.);
#16366 = VERTEX_POINT('',#16367);
#16367 = CARTESIAN_POINT('',(-2.475138688888,16.414283828178,6.5));
#16368 = VERTEX_POINT('',#16369);
#16369 = CARTESIAN_POINT('',(-2.675138688888,16.414283828178,6.5));
#16370 = LINE('',#16371,#16372);
#16371 = CARTESIAN_POINT('',(-2.675138688888,16.414283828178,6.5));
#16372 = VECTOR('',#16373,1.);
#16373 = DIRECTION('',(-1.,-1.213067344987E-16,0.));
#16374 = ORIENTED_EDGE('',*,*,#16375,.T.);
#16375 = EDGE_CURVE('',#16366,#16237,#16376,.T.);
#16376 = LINE('',#16377,#16378);
#16377 = CARTESIAN_POINT('',(-2.475138688888,16.414283828178,6.5));
#16378 = VECTOR('',#16379,1.);
#16379 = DIRECTION('',(0.,0.,1.));
#16380 = ORIENTED_EDGE('',*,*,#16236,.T.);
#16381 = ORIENTED_EDGE('',*,*,#16382,.F.);
#16382 = EDGE_CURVE('',#16368,#16229,#16383,.T.);
#16383 = LINE('',#16384,#16385);
#16384 = CARTESIAN_POINT('',(-2.675138688888,16.414283828178,6.5));
#16385 = VECTOR('',#16386,1.);
#16386 = DIRECTION('',(0.,0.,1.));
#16387 = PLANE('',#16388);
#16388 = AXIS2_PLACEMENT_3D('',#16389,#16390,#16391);
#16389 = CARTESIAN_POINT('',(-2.675138688888,16.414283828178,6.5));
#16390 = DIRECTION('',(-1.213067344987E-16,1.,0.));
#16391 = DIRECTION('',(-1.,-1.213067344987E-16,0.));
#16392 = ADVANCED_FACE('',(#16393),#16418,.F.);
#16393 = FACE_BOUND('',#16394,.T.);
#16394 = EDGE_LOOP('',(#16395,#16396,#16404,#16412));
#16395 = ORIENTED_EDGE('',*,*,#16253,.T.);
#16396 = ORIENTED_EDGE('',*,*,#16397,.T.);
#16397 = EDGE_CURVE('',#16245,#16398,#16400,.T.);
#16398 = VERTEX_POINT('',#16399);
#16399 = CARTESIAN_POINT('',(-2.325138688888,16.564283828178,6.5));
#16400 = LINE('',#16401,#16402);
#16401 = CARTESIAN_POINT('',(-2.325138688888,16.564283828178,6.5));
#16402 = VECTOR('',#16403,1.);
#16403 = DIRECTION('',(0.,0.,-1.));
#16404 = ORIENTED_EDGE('',*,*,#16405,.F.);
#16405 = EDGE_CURVE('',#16406,#16398,#16408,.T.);
#16406 = VERTEX_POINT('',#16407);
#16407 = CARTESIAN_POINT('',(-2.325138688888,16.764283828178,6.5));
#16408 = LINE('',#16409,#16410);
#16409 = CARTESIAN_POINT('',(-2.325138688888,16.414283828178,6.5));
#16410 = VECTOR('',#16411,1.);
#16411 = DIRECTION('',(-1.110223024625E-16,-1.,0.));
#16412 = ORIENTED_EDGE('',*,*,#16413,.T.);
#16413 = EDGE_CURVE('',#16406,#16254,#16414,.T.);
#16414 = LINE('',#16415,#16416);
#16415 = CARTESIAN_POINT('',(-2.325138688888,16.764283828178,6.5));
#16416 = VECTOR('',#16417,1.);
#16417 = DIRECTION('',(0.,0.,1.));
#16418 = PLANE('',#16419);
#16419 = AXIS2_PLACEMENT_3D('',#16420,#16421,#16422);
#16420 = CARTESIAN_POINT('',(-2.325138688888,16.414283828178,6.5));
#16421 = DIRECTION('',(-1.,1.110223024625E-16,0.));
#16422 = DIRECTION('',(-1.110223024625E-16,-1.,0.));
#16423 = ADVANCED_FACE('',(#16424),#16442,.F.);
#16424 = FACE_BOUND('',#16425,.T.);
#16425 = EDGE_LOOP('',(#16426,#16427,#16428,#16436));
#16426 = ORIENTED_EDGE('',*,*,#16261,.T.);
#16427 = ORIENTED_EDGE('',*,*,#16413,.F.);
#16428 = ORIENTED_EDGE('',*,*,#16429,.F.);
#16429 = EDGE_CURVE('',#16430,#16406,#16432,.T.);
#16430 = VERTEX_POINT('',#16431);
#16431 = CARTESIAN_POINT('',(-2.025138688888,16.764283828178,6.5));
#16432 = LINE('',#16433,#16434);
#16433 = CARTESIAN_POINT('',(-2.325138688888,16.764283828178,6.5));
#16434 = VECTOR('',#16435,1.);
#16435 = DIRECTION('',(-1.,1.110223024625E-16,-0.));
#16436 = ORIENTED_EDGE('',*,*,#16437,.T.);
#16437 = EDGE_CURVE('',#16430,#16138,#16438,.T.);
#16438 = LINE('',#16439,#16440);
#16439 = CARTESIAN_POINT('',(-2.025138688888,16.764283828178,6.5));
#16440 = VECTOR('',#16441,1.);
#16441 = DIRECTION('',(0.,0.,1.));
#16442 = PLANE('',#16443);
#16443 = AXIS2_PLACEMENT_3D('',#16444,#16445,#16446);
#16444 = CARTESIAN_POINT('',(-2.325138688888,16.764283828178,6.5));
#16445 = DIRECTION('',(1.110223024625E-16,1.,0.));
#16446 = DIRECTION('',(-1.,1.110223024625E-16,0.));
#16447 = ADVANCED_FACE('',(#16448),#16466,.F.);
#16448 = FACE_BOUND('',#16449,.T.);
#16449 = EDGE_LOOP('',(#16450,#16458,#16464,#16465));
#16450 = ORIENTED_EDGE('',*,*,#16451,.F.);
#16451 = EDGE_CURVE('',#16452,#16430,#16454,.T.);
#16452 = VERTEX_POINT('',#16453);
#16453 = CARTESIAN_POINT('',(-2.025138688888,16.564283828178,6.5));
#16454 = LINE('',#16455,#16456);
#16455 = CARTESIAN_POINT('',(-2.025138688888,16.414283828178,6.5));
#16456 = VECTOR('',#16457,1.);
#16457 = DIRECTION('',(1.110223024625E-16,1.,0.));
#16458 = ORIENTED_EDGE('',*,*,#16459,.T.);
#16459 = EDGE_CURVE('',#16452,#16136,#16460,.T.);
#16460 = LINE('',#16461,#16462);
#16461 = CARTESIAN_POINT('',(-2.025138688888,16.564283828178,6.5));
#16462 = VECTOR('',#16463,1.);
#16463 = DIRECTION('',(0.,0.,1.));
#16464 = ORIENTED_EDGE('',*,*,#16135,.T.);
#16465 = ORIENTED_EDGE('',*,*,#16437,.F.);
#16466 = PLANE('',#16467);
#16467 = AXIS2_PLACEMENT_3D('',#16468,#16469,#16470);
#16468 = CARTESIAN_POINT('',(-2.025138688888,16.414283828178,6.5));
#16469 = DIRECTION('',(1.,-1.110223024625E-16,0.));
#16470 = DIRECTION('',(1.110223024625E-16,1.,0.));
#16471 = ADVANCED_FACE('',(#16472),#16497,.F.);
#16472 = FACE_BOUND('',#16473,.T.);
#16473 = EDGE_LOOP('',(#16474,#16475,#16483,#16491));
#16474 = ORIENTED_EDGE('',*,*,#16154,.T.);
#16475 = ORIENTED_EDGE('',*,*,#16476,.T.);
#16476 = EDGE_CURVE('',#16146,#16477,#16479,.T.);
#16477 = VERTEX_POINT('',#16478);
#16478 = CARTESIAN_POINT('',(-1.875138688888,16.414283828178,6.5));
#16479 = LINE('',#16480,#16481);
#16480 = CARTESIAN_POINT('',(-1.875138688888,16.414283828178,6.5));
#16481 = VECTOR('',#16482,1.);
#16482 = DIRECTION('',(0.,0.,-1.));
#16483 = ORIENTED_EDGE('',*,*,#16484,.F.);
#16484 = EDGE_CURVE('',#16485,#16477,#16487,.T.);
#16485 = VERTEX_POINT('',#16486);
#16486 = CARTESIAN_POINT('',(-1.675138688888,16.414283828178,6.5));
#16487 = LINE('',#16488,#16489);
#16488 = CARTESIAN_POINT('',(-1.675138688888,16.414283828178,6.5));
#16489 = VECTOR('',#16490,1.);
#16490 = DIRECTION('',(-1.,3.433513394237E-16,0.));
#16491 = ORIENTED_EDGE('',*,*,#16492,.T.);
#16492 = EDGE_CURVE('',#16485,#16155,#16493,.T.);
#16493 = LINE('',#16494,#16495);
#16494 = CARTESIAN_POINT('',(-1.675138688888,16.414283828178,6.5));
#16495 = VECTOR('',#16496,1.);
#16496 = DIRECTION('',(0.,0.,1.));
#16497 = PLANE('',#16498);
#16498 = AXIS2_PLACEMENT_3D('',#16499,#16500,#16501);
#16499 = CARTESIAN_POINT('',(-1.675138688888,16.414283828178,6.5));
#16500 = DIRECTION('',(3.433513394237E-16,1.,0.));
#16501 = DIRECTION('',(-1.,3.433513394237E-16,0.));
#16502 = ADVANCED_FACE('',(#16503),#16521,.F.);
#16503 = FACE_BOUND('',#16504,.T.);
#16504 = EDGE_LOOP('',(#16505,#16506,#16507,#16515));
#16505 = ORIENTED_EDGE('',*,*,#16162,.T.);
#16506 = ORIENTED_EDGE('',*,*,#16492,.F.);
#16507 = ORIENTED_EDGE('',*,*,#16508,.F.);
#16508 = EDGE_CURVE('',#16509,#16485,#16511,.T.);
#16509 = VERTEX_POINT('',#16510);
#16510 = CARTESIAN_POINT('',(-1.675138688888,16.114283828178,6.5));
#16511 = LINE('',#16512,#16513);
#16512 = CARTESIAN_POINT('',(-1.675138688888,16.114283828178,6.5));
#16513 = VECTOR('',#16514,1.);
#16514 = DIRECTION('',(1.110223024625E-16,1.,0.));
#16515 = ORIENTED_EDGE('',*,*,#16516,.T.);
#16516 = EDGE_CURVE('',#16509,#16163,#16517,.T.);
#16517 = LINE('',#16518,#16519);
#16518 = CARTESIAN_POINT('',(-1.675138688888,16.114283828178,6.5));
#16519 = VECTOR('',#16520,1.);
#16520 = DIRECTION('',(0.,0.,1.));
#16521 = PLANE('',#16522);
#16522 = AXIS2_PLACEMENT_3D('',#16523,#16524,#16525);
#16523 = CARTESIAN_POINT('',(-1.675138688888,16.114283828178,6.5));
#16524 = DIRECTION('',(1.,-1.110223024625E-16,0.));
#16525 = DIRECTION('',(1.110223024625E-16,1.,0.));
#16526 = ADVANCED_FACE('',(#16527),#16545,.F.);
#16527 = FACE_BOUND('',#16528,.T.);
#16528 = EDGE_LOOP('',(#16529,#16537,#16543,#16544));
#16529 = ORIENTED_EDGE('',*,*,#16530,.F.);
#16530 = EDGE_CURVE('',#16531,#16509,#16533,.T.);
#16531 = VERTEX_POINT('',#16532);
#16532 = CARTESIAN_POINT('',(-1.875138688888,16.114283828178,6.5));
#16533 = LINE('',#16534,#16535);
#16534 = CARTESIAN_POINT('',(-1.675138688888,16.114283828178,6.5));
#16535 = VECTOR('',#16536,1.);
#16536 = DIRECTION('',(1.,1.213067344987E-16,0.));
#16537 = ORIENTED_EDGE('',*,*,#16538,.T.);
#16538 = EDGE_CURVE('',#16531,#16171,#16539,.T.);
#16539 = LINE('',#16540,#16541);
#16540 = CARTESIAN_POINT('',(-1.875138688888,16.114283828178,6.5));
#16541 = VECTOR('',#16542,1.);
#16542 = DIRECTION('',(0.,0.,1.));
#16543 = ORIENTED_EDGE('',*,*,#16170,.T.);
#16544 = ORIENTED_EDGE('',*,*,#16516,.F.);
#16545 = PLANE('',#16546);
#16546 = AXIS2_PLACEMENT_3D('',#16547,#16548,#16549);
#16547 = CARTESIAN_POINT('',(-1.675138688888,16.114283828178,6.5));
#16548 = DIRECTION('',(1.213067344987E-16,-1.,0.));
#16549 = DIRECTION('',(1.,1.213067344987E-16,0.));
#16550 = ADVANCED_FACE('',(#16551),#16576,.F.);
#16551 = FACE_BOUND('',#16552,.T.);
#16552 = EDGE_LOOP('',(#16553,#16554,#16562,#16570));
#16553 = ORIENTED_EDGE('',*,*,#16187,.T.);
#16554 = ORIENTED_EDGE('',*,*,#16555,.T.);
#16555 = EDGE_CURVE('',#16179,#16556,#16558,.T.);
#16556 = VERTEX_POINT('',#16557);
#16557 = CARTESIAN_POINT('',(-2.025138688888,15.964283828178,6.5));
#16558 = LINE('',#16559,#16560);
#16559 = CARTESIAN_POINT('',(-2.025138688888,15.964283828178,6.5));
#16560 = VECTOR('',#16561,1.);
#16561 = DIRECTION('',(0.,0.,-1.));
#16562 = ORIENTED_EDGE('',*,*,#16563,.F.);
#16563 = EDGE_CURVE('',#16564,#16556,#16566,.T.);
#16564 = VERTEX_POINT('',#16565);
#16565 = CARTESIAN_POINT('',(-2.025138688888,15.764283828178,6.5));
#16566 = LINE('',#16567,#16568);
#16567 = CARTESIAN_POINT('',(-2.025138688888,16.114283828178,6.5));
#16568 = VECTOR('',#16569,1.);
#16569 = DIRECTION('',(1.110223024625E-16,1.,0.));
#16570 = ORIENTED_EDGE('',*,*,#16571,.T.);
#16571 = EDGE_CURVE('',#16564,#16188,#16572,.T.);
#16572 = LINE('',#16573,#16574);
#16573 = CARTESIAN_POINT('',(-2.025138688888,15.764283828178,6.5));
#16574 = VECTOR('',#16575,1.);
#16575 = DIRECTION('',(0.,0.,1.));
#16576 = PLANE('',#16577);
#16577 = AXIS2_PLACEMENT_3D('',#16578,#16579,#16580);
#16578 = CARTESIAN_POINT('',(-2.025138688888,16.114283828178,6.5));
#16579 = DIRECTION('',(1.,-1.110223024625E-16,0.));
#16580 = DIRECTION('',(1.110223024625E-16,1.,0.));
#16581 = ADVANCED_FACE('',(#16582),#16600,.F.);
#16582 = FACE_BOUND('',#16583,.T.);
#16583 = EDGE_LOOP('',(#16584,#16585,#16586,#16594));
#16584 = ORIENTED_EDGE('',*,*,#16195,.T.);
#16585 = ORIENTED_EDGE('',*,*,#16571,.F.);
#16586 = ORIENTED_EDGE('',*,*,#16587,.F.);
#16587 = EDGE_CURVE('',#16588,#16564,#16590,.T.);
#16588 = VERTEX_POINT('',#16589);
#16589 = CARTESIAN_POINT('',(-2.325138688888,15.764283828178,6.5));
#16590 = LINE('',#16591,#16592);
#16591 = CARTESIAN_POINT('',(-2.325138688888,15.764283828178,6.5));
#16592 = VECTOR('',#16593,1.);
#16593 = DIRECTION('',(1.,-1.110223024625E-16,0.));
#16594 = ORIENTED_EDGE('',*,*,#16595,.T.);
#16595 = EDGE_CURVE('',#16588,#16196,#16596,.T.);
#16596 = LINE('',#16597,#16598);
#16597 = CARTESIAN_POINT('',(-2.325138688888,15.764283828178,6.5));
#16598 = VECTOR('',#16599,1.);
#16599 = DIRECTION('',(0.,0.,1.));
#16600 = PLANE('',#16601);
#16601 = AXIS2_PLACEMENT_3D('',#16602,#16603,#16604);
#16602 = CARTESIAN_POINT('',(-2.325138688888,15.764283828178,6.5));
#16603 = DIRECTION('',(-1.110223024625E-16,-1.,0.));
#16604 = DIRECTION('',(1.,-1.110223024625E-16,0.));
#16605 = ADVANCED_FACE('',(#16606),#16624,.F.);
#16606 = FACE_BOUND('',#16607,.T.);
#16607 = EDGE_LOOP('',(#16608,#16616,#16622,#16623));
#16608 = ORIENTED_EDGE('',*,*,#16609,.F.);
#16609 = EDGE_CURVE('',#16610,#16588,#16612,.T.);
#16610 = VERTEX_POINT('',#16611);
#16611 = CARTESIAN_POINT('',(-2.325138688888,15.964283828178,6.5));
#16612 = LINE('',#16613,#16614);
#16613 = CARTESIAN_POINT('',(-2.325138688888,16.114283828178,6.5));
#16614 = VECTOR('',#16615,1.);
#16615 = DIRECTION('',(-1.110223024625E-16,-1.,0.));
#16616 = ORIENTED_EDGE('',*,*,#16617,.T.);
#16617 = EDGE_CURVE('',#16610,#16204,#16618,.T.);
#16618 = LINE('',#16619,#16620);
#16619 = CARTESIAN_POINT('',(-2.325138688888,15.964283828178,6.5));
#16620 = VECTOR('',#16621,1.);
#16621 = DIRECTION('',(0.,0.,1.));
#16622 = ORIENTED_EDGE('',*,*,#16203,.T.);
#16623 = ORIENTED_EDGE('',*,*,#16595,.F.);
#16624 = PLANE('',#16625);
#16625 = AXIS2_PLACEMENT_3D('',#16626,#16627,#16628);
#16626 = CARTESIAN_POINT('',(-2.325138688888,16.114283828178,6.5));
#16627 = DIRECTION('',(-1.,1.110223024625E-16,0.));
#16628 = DIRECTION('',(-1.110223024625E-16,-1.,0.));
#16629 = ADVANCED_FACE('',(#16630),#16655,.F.);
#16630 = FACE_BOUND('',#16631,.T.);
#16631 = EDGE_LOOP('',(#16632,#16633,#16641,#16649));
#16632 = ORIENTED_EDGE('',*,*,#16220,.T.);
#16633 = ORIENTED_EDGE('',*,*,#16634,.T.);
#16634 = EDGE_CURVE('',#16212,#16635,#16637,.T.);
#16635 = VERTEX_POINT('',#16636);
#16636 = CARTESIAN_POINT('',(-2.475138688888,16.114283828178,6.5));
#16637 = LINE('',#16638,#16639);
#16638 = CARTESIAN_POINT('',(-2.475138688888,16.114283828178,6.5));
#16639 = VECTOR('',#16640,1.);
#16640 = DIRECTION('',(0.,0.,-1.));
#16641 = ORIENTED_EDGE('',*,*,#16642,.F.);
#16642 = EDGE_CURVE('',#16643,#16635,#16645,.T.);
#16643 = VERTEX_POINT('',#16644);
#16644 = CARTESIAN_POINT('',(-2.675138688888,16.114283828178,6.5));
#16645 = LINE('',#16646,#16647);
#16646 = CARTESIAN_POINT('',(-2.675138688888,16.114283828178,6.5));
#16647 = VECTOR('',#16648,1.);
#16648 = DIRECTION('',(1.,-3.433513394237E-16,0.));
#16649 = ORIENTED_EDGE('',*,*,#16650,.T.);
#16650 = EDGE_CURVE('',#16643,#16221,#16651,.T.);
#16651 = LINE('',#16652,#16653);
#16652 = CARTESIAN_POINT('',(-2.675138688888,16.114283828178,6.5));
#16653 = VECTOR('',#16654,1.);
#16654 = DIRECTION('',(0.,0.,1.));
#16655 = PLANE('',#16656);
#16656 = AXIS2_PLACEMENT_3D('',#16657,#16658,#16659);
#16657 = CARTESIAN_POINT('',(-2.675138688888,16.114283828178,6.5));
#16658 = DIRECTION('',(-3.433513394237E-16,-1.,0.));
#16659 = DIRECTION('',(1.,-3.433513394237E-16,0.));
#16660 = ADVANCED_FACE('',(#16661),#16672,.F.);
#16661 = FACE_BOUND('',#16662,.T.);
#16662 = EDGE_LOOP('',(#16663,#16664,#16665,#16671));
#16663 = ORIENTED_EDGE('',*,*,#16228,.T.);
#16664 = ORIENTED_EDGE('',*,*,#16650,.F.);
#16665 = ORIENTED_EDGE('',*,*,#16666,.F.);
#16666 = EDGE_CURVE('',#16368,#16643,#16667,.T.);
#16667 = LINE('',#16668,#16669);
#16668 = CARTESIAN_POINT('',(-2.675138688888,16.114283828178,6.5));
#16669 = VECTOR('',#16670,1.);
#16670 = DIRECTION('',(-1.110223024625E-16,-1.,0.));
#16671 = ORIENTED_EDGE('',*,*,#16382,.T.);
#16672 = PLANE('',#16673);
#16673 = AXIS2_PLACEMENT_3D('',#16674,#16675,#16676);
#16674 = CARTESIAN_POINT('',(-2.675138688888,16.114283828178,6.5));
#16675 = DIRECTION('',(-1.,1.110223024625E-16,0.));
#16676 = DIRECTION('',(-1.110223024625E-16,-1.,0.));
#16677 = ADVANCED_FACE('',(#16678),#16720,.T.);
#16678 = FACE_BOUND('',#16679,.T.);
#16679 = EDGE_LOOP('',(#16680,#16681,#16688,#16689,#16690,#16691,#16698,
    #16699,#16700,#16701,#16708,#16709,#16710,#16711,#16718,#16719));
#16680 = ORIENTED_EDGE('',*,*,#16405,.T.);
#16681 = ORIENTED_EDGE('',*,*,#16682,.T.);
#16682 = EDGE_CURVE('',#16398,#16366,#16683,.T.);
#16683 = CIRCLE('',#16684,0.15);
#16684 = AXIS2_PLACEMENT_3D('',#16685,#16686,#16687);
#16685 = CARTESIAN_POINT('',(-2.475138688888,16.564283828178,6.5));
#16686 = DIRECTION('',(0.,-0.,-1.));
#16687 = DIRECTION('',(1.,-1.110223024625E-16,0.));
#16688 = ORIENTED_EDGE('',*,*,#16365,.T.);
#16689 = ORIENTED_EDGE('',*,*,#16666,.T.);
#16690 = ORIENTED_EDGE('',*,*,#16642,.T.);
#16691 = ORIENTED_EDGE('',*,*,#16692,.T.);
#16692 = EDGE_CURVE('',#16635,#16610,#16693,.T.);
#16693 = CIRCLE('',#16694,0.15);
#16694 = AXIS2_PLACEMENT_3D('',#16695,#16696,#16697);
#16695 = CARTESIAN_POINT('',(-2.475138688888,15.964283828178,6.5));
#16696 = DIRECTION('',(0.,-0.,-1.));
#16697 = DIRECTION('',(1.,-8.338237507862E-16,0.));
#16698 = ORIENTED_EDGE('',*,*,#16609,.T.);
#16699 = ORIENTED_EDGE('',*,*,#16587,.T.);
#16700 = ORIENTED_EDGE('',*,*,#16563,.T.);
#16701 = ORIENTED_EDGE('',*,*,#16702,.T.);
#16702 = EDGE_CURVE('',#16556,#16531,#16703,.T.);
#16703 = CIRCLE('',#16704,0.15);
#16704 = AXIS2_PLACEMENT_3D('',#16705,#16706,#16707);
#16705 = CARTESIAN_POINT('',(-1.875138688888,15.964283828178,6.5));
#16706 = DIRECTION('',(0.,-0.,-1.));
#16707 = DIRECTION('',(1.,-8.338237507862E-16,0.));
#16708 = ORIENTED_EDGE('',*,*,#16530,.T.);
#16709 = ORIENTED_EDGE('',*,*,#16508,.T.);
#16710 = ORIENTED_EDGE('',*,*,#16484,.T.);
#16711 = ORIENTED_EDGE('',*,*,#16712,.T.);
#16712 = EDGE_CURVE('',#16477,#16452,#16713,.T.);
#16713 = CIRCLE('',#16714,0.15);
#16714 = AXIS2_PLACEMENT_3D('',#16715,#16716,#16717);
#16715 = CARTESIAN_POINT('',(-1.875138688888,16.564283828178,6.5));
#16716 = DIRECTION('',(0.,0.,-1.));
#16717 = DIRECTION('',(1.,6.117791458612E-16,0.));
#16718 = ORIENTED_EDGE('',*,*,#16451,.T.);
#16719 = ORIENTED_EDGE('',*,*,#16429,.T.);
#16720 = PLANE('',#16721);
#16721 = AXIS2_PLACEMENT_3D('',#16722,#16723,#16724);
#16722 = CARTESIAN_POINT('',(-2.175138688888,16.264283828178,6.5));
#16723 = DIRECTION('',(0.,0.,1.));
#16724 = DIRECTION('',(1.,-1.110223024625E-16,0.));
#16725 = ADVANCED_FACE('',(#16726),#16732,.T.);
#16726 = FACE_BOUND('',#16727,.T.);
#16727 = EDGE_LOOP('',(#16728,#16729,#16730,#16731));
#16728 = ORIENTED_EDGE('',*,*,#16712,.F.);
#16729 = ORIENTED_EDGE('',*,*,#16476,.F.);
#16730 = ORIENTED_EDGE('',*,*,#16145,.F.);
#16731 = ORIENTED_EDGE('',*,*,#16459,.F.);
#16732 = CYLINDRICAL_SURFACE('',#16733,0.15);
#16733 = AXIS2_PLACEMENT_3D('',#16734,#16735,#16736);
#16734 = CARTESIAN_POINT('',(-1.875138688888,16.564283828178,6.5));
#16735 = DIRECTION('',(0.,0.,1.));
#16736 = DIRECTION('',(1.,-1.110223024625E-16,0.));
#16737 = ADVANCED_FACE('',(#16738),#16744,.T.);
#16738 = FACE_BOUND('',#16739,.T.);
#16739 = EDGE_LOOP('',(#16740,#16741,#16742,#16743));
#16740 = ORIENTED_EDGE('',*,*,#16702,.F.);
#16741 = ORIENTED_EDGE('',*,*,#16555,.F.);
#16742 = ORIENTED_EDGE('',*,*,#16178,.F.);
#16743 = ORIENTED_EDGE('',*,*,#16538,.F.);
#16744 = CYLINDRICAL_SURFACE('',#16745,0.15);
#16745 = AXIS2_PLACEMENT_3D('',#16746,#16747,#16748);
#16746 = CARTESIAN_POINT('',(-1.875138688888,15.964283828178,6.5));
#16747 = DIRECTION('',(0.,0.,1.));
#16748 = DIRECTION('',(1.,-1.110223024625E-16,0.));
#16749 = ADVANCED_FACE('',(#16750),#16756,.T.);
#16750 = FACE_BOUND('',#16751,.T.);
#16751 = EDGE_LOOP('',(#16752,#16753,#16754,#16755));
#16752 = ORIENTED_EDGE('',*,*,#16682,.F.);
#16753 = ORIENTED_EDGE('',*,*,#16397,.F.);
#16754 = ORIENTED_EDGE('',*,*,#16244,.F.);
#16755 = ORIENTED_EDGE('',*,*,#16375,.F.);
#16756 = CYLINDRICAL_SURFACE('',#16757,0.15);
#16757 = AXIS2_PLACEMENT_3D('',#16758,#16759,#16760);
#16758 = CARTESIAN_POINT('',(-2.475138688888,16.564283828178,6.5));
#16759 = DIRECTION('',(0.,0.,1.));
#16760 = DIRECTION('',(1.,-1.110223024625E-16,0.));
#16761 = ADVANCED_FACE('',(#16762),#16768,.T.);
#16762 = FACE_BOUND('',#16763,.T.);
#16763 = EDGE_LOOP('',(#16764,#16765,#16766,#16767));
#16764 = ORIENTED_EDGE('',*,*,#16692,.F.);
#16765 = ORIENTED_EDGE('',*,*,#16634,.F.);
#16766 = ORIENTED_EDGE('',*,*,#16211,.F.);
#16767 = ORIENTED_EDGE('',*,*,#16617,.F.);
#16768 = CYLINDRICAL_SURFACE('',#16769,0.15);
#16769 = AXIS2_PLACEMENT_3D('',#16770,#16771,#16772);
#16770 = CARTESIAN_POINT('',(-2.475138688888,15.964283828178,6.5));
#16771 = DIRECTION('',(0.,0.,1.));
#16772 = DIRECTION('',(1.,-1.110223024625E-16,0.));
#16773 = ADVANCED_FACE('',(#16774),#16780,.T.);
#16774 = FACE_BOUND('',#16775,.T.);
#16775 = EDGE_LOOP('',(#16776,#16777,#16778,#16779));
#16776 = ORIENTED_EDGE('',*,*,#15986,.F.);
#16777 = ORIENTED_EDGE('',*,*,#16276,.F.);
#16778 = ORIENTED_EDGE('',*,*,#16004,.T.);
#16779 = ORIENTED_EDGE('',*,*,#16126,.F.);
#16780 = TOROIDAL_SURFACE('',#16781,0.6,0.3);
#16781 = AXIS2_PLACEMENT_3D('',#16782,#16783,#16784);
#16782 = CARTESIAN_POINT('',(-2.175138688888,16.264283828178,6.5));
#16783 = DIRECTION('',(0.,0.,1.));
#16784 = DIRECTION('',(1.,-1.110223024625E-16,0.));
#16785 = ( GEOMETRIC_REPRESENTATION_CONTEXT(3) 
GLOBAL_UNCERTAINTY_ASSIGNED_CONTEXT((#16789)) 
GLOBAL_UNIT_ASSIGNED_CONTEXT((#16786,#16787,#16788)) 
REPRESENTATION_CONTEXT('Context #1',
  '3D Context with UNIT and UNCERTAINTY') );
#16786 = ( LENGTH_UNIT() NAMED_UNIT(*) SI_UNIT(.MILLI.,.METRE.) );
#16787 = ( NAMED_UNIT(*) PLANE_ANGLE_UNIT() SI_UNIT($,.RADIAN.) );
#16788 = ( NAMED_UNIT(*) SI_UNIT($,.STERADIAN.) SOLID_ANGLE_UNIT() );
#16789 = UNCERTAINTY_MEASURE_WITH_UNIT(LENGTH_MEASURE(1.E-07),#16786,
  'distance_accuracy_value','confusion accuracy');
#16790 = CONTEXT_DEPENDENT_SHAPE_REPRESENTATION(#16791,#16793);
#16791 = ( REPRESENTATION_RELATIONSHIP('','',#15968,#3244) 
REPRESENTATION_RELATIONSHIP_WITH_TRANSFORMATION(#16792) 
SHAPE_REPRESENTATION_RELATIONSHIP() );
#16792 = ITEM_DEFINED_TRANSFORMATION('','',#11,#3301);
#16793 = PRODUCT_DEFINITION_SHAPE('Placement','Placement of an item',
  #16794);
#16794 = NEXT_ASSEMBLY_USAGE_OCCURRENCE('21','Shutter_part014','',#3239,
  #15963,$);
#16795 = PRODUCT_RELATED_PRODUCT_CATEGORY('part',$,(#15965));
#16796 = SHAPE_DEFINITION_REPRESENTATION(#16797,#16803);
#16797 = PRODUCT_DEFINITION_SHAPE('','',#16798);
#16798 = PRODUCT_DEFINITION('design','',#16799,#16802);
#16799 = PRODUCT_DEFINITION_FORMATION('','',#16800);
#16800 = PRODUCT('Shutter_part015','Shutter_part015','',(#16801));
#16801 = PRODUCT_CONTEXT('',#2,'mechanical');
#16802 = PRODUCT_DEFINITION_CONTEXT('part definition',#2,'design');
#16803 = ADVANCED_BREP_SHAPE_REPRESENTATION('',(#11,#16804),#17620);
#16804 = MANIFOLD_SOLID_BREP('',#16805);
#16805 = CLOSED_SHELL('',(#16806,#16850,#16892,#16924,#16956,#17106,
    #17130,#17150,#17168,#17184,#17196,#17227,#17258,#17282,#17306,
    #17337,#17361,#17385,#17416,#17440,#17464,#17495,#17512,#17560,
    #17572,#17584,#17596,#17608));
#16806 = ADVANCED_FACE('',(#16807),#16845,.T.);
#16807 = FACE_BOUND('',#16808,.T.);
#16808 = EDGE_LOOP('',(#16809,#16820,#16829,#16838));
#16809 = ORIENTED_EDGE('',*,*,#16810,.F.);
#16810 = EDGE_CURVE('',#16811,#16813,#16815,.T.);
#16811 = VERTEX_POINT('',#16812);
#16812 = CARTESIAN_POINT('',(1.275138688888,14.235716171822,6.5));
#16813 = VERTEX_POINT('',#16814);
#16814 = CARTESIAN_POINT('',(3.075138688888,14.235716171822,6.5));
#16815 = CIRCLE('',#16816,0.9);
#16816 = AXIS2_PLACEMENT_3D('',#16817,#16818,#16819);
#16817 = CARTESIAN_POINT('',(2.175138688888,14.235716171822,6.5));
#16818 = DIRECTION('',(0.,-0.,-1.));
#16819 = DIRECTION('',(1.,-1.110223024625E-16,0.));
#16820 = ORIENTED_EDGE('',*,*,#16821,.T.);
#16821 = EDGE_CURVE('',#16811,#16822,#16824,.T.);
#16822 = VERTEX_POINT('',#16823);
#16823 = CARTESIAN_POINT('',(1.575138688888,14.235716171822,6.8));
#16824 = CIRCLE('',#16825,0.3);
#16825 = AXIS2_PLACEMENT_3D('',#16826,#16827,#16828);
#16826 = CARTESIAN_POINT('',(1.575138688888,14.235716171822,6.5));
#16827 = DIRECTION('',(2.334869823773E-16,1.,-0.));
#16828 = DIRECTION('',(-1.,2.334869823773E-16,0.));
#16829 = ORIENTED_EDGE('',*,*,#16830,.F.);
#16830 = EDGE_CURVE('',#16831,#16822,#16833,.T.);
#16831 = VERTEX_POINT('',#16832);
#16832 = CARTESIAN_POINT('',(2.775138688888,14.235716171822,6.8));
#16833 = CIRCLE('',#16834,0.6);
#16834 = AXIS2_PLACEMENT_3D('',#16835,#16836,#16837);
#16835 = CARTESIAN_POINT('',(2.175138688888,14.235716171822,6.8));
#16836 = DIRECTION('',(-0.,0.,1.));
#16837 = DIRECTION('',(1.,-1.110223024625E-16,0.));
#16838 = ORIENTED_EDGE('',*,*,#16839,.F.);
#16839 = EDGE_CURVE('',#16813,#16831,#16840,.T.);
#16840 = CIRCLE('',#16841,0.3);
#16841 = AXIS2_PLACEMENT_3D('',#16842,#16843,#16844);
#16842 = CARTESIAN_POINT('',(2.775138688888,14.235716171822,6.5));
#16843 = DIRECTION('',(-1.110223024625E-16,-1.,0.));
#16844 = DIRECTION('',(1.,-1.110223024625E-16,0.));
#16845 = TOROIDAL_SURFACE('',#16846,0.6,0.3);
#16846 = AXIS2_PLACEMENT_3D('',#16847,#16848,#16849);
#16847 = CARTESIAN_POINT('',(2.175138688888,14.235716171822,6.5));
#16848 = DIRECTION('',(0.,0.,1.));
#16849 = DIRECTION('',(1.,-1.110223024625E-16,0.));
#16850 = ADVANCED_FACE('',(#16851),#16887,.T.);
#16851 = FACE_BOUND('',#16852,.T.);
#16852 = EDGE_LOOP('',(#16853,#16864,#16872,#16881));
#16853 = ORIENTED_EDGE('',*,*,#16854,.F.);
#16854 = EDGE_CURVE('',#16855,#16857,#16859,.T.);
#16855 = VERTEX_POINT('',#16856);
#16856 = CARTESIAN_POINT('',(1.725138688888,14.235716171822,3.9));
#16857 = VERTEX_POINT('',#16858);
#16858 = CARTESIAN_POINT('',(2.625138688888,14.235716171822,3.9));
#16859 = CIRCLE('',#16860,0.45);
#16860 = AXIS2_PLACEMENT_3D('',#16861,#16862,#16863);
#16861 = CARTESIAN_POINT('',(2.175138688888,14.235716171822,3.9));
#16862 = DIRECTION('',(0.,0.,-1.));
#16863 = DIRECTION('',(-1.,1.110223024625E-16,0.));
#16864 = ORIENTED_EDGE('',*,*,#16865,.T.);
#16865 = EDGE_CURVE('',#16855,#16866,#16868,.T.);
#16866 = VERTEX_POINT('',#16867);
#16867 = CARTESIAN_POINT('',(1.575138688888,14.235716171822,4.05));
#16868 = LINE('',#16869,#16870);
#16869 = CARTESIAN_POINT('',(1.725138688888,14.235716171822,3.9));
#16870 = VECTOR('',#16871,1.);
#16871 = DIRECTION('',(-0.707106781187,1.651002285576E-16,0.707106781187
    ));
#16872 = ORIENTED_EDGE('',*,*,#16873,.F.);
#16873 = EDGE_CURVE('',#16874,#16866,#16876,.T.);
#16874 = VERTEX_POINT('',#16875);
#16875 = CARTESIAN_POINT('',(2.775138688888,14.235716171822,4.05));
#16876 = CIRCLE('',#16877,0.6);
#16877 = AXIS2_PLACEMENT_3D('',#16878,#16879,#16880);
#16878 = CARTESIAN_POINT('',(2.175138688888,14.235716171822,4.05));
#16879 = DIRECTION('',(0.,0.,1.));
#16880 = DIRECTION('',(-1.,1.110223024625E-16,0.));
#16881 = ORIENTED_EDGE('',*,*,#16882,.F.);
#16882 = EDGE_CURVE('',#16857,#16874,#16883,.T.);
#16883 = LINE('',#16884,#16885);
#16884 = CARTESIAN_POINT('',(2.625138688888,14.235716171822,3.9));
#16885 = VECTOR('',#16886,1.);
#16886 = DIRECTION('',(0.707106781187,-7.850462293414E-17,0.707106781187
    ));
#16887 = CONICAL_SURFACE('',#16888,0.45,0.785398163397);
#16888 = AXIS2_PLACEMENT_3D('',#16889,#16890,#16891);
#16889 = CARTESIAN_POINT('',(2.175138688888,14.235716171822,3.9));
#16890 = DIRECTION('',(0.,0.,1.));
#16891 = DIRECTION('',(1.,-1.110223024625E-16,0.));
#16892 = ADVANCED_FACE('',(#16893),#16919,.T.);
#16893 = FACE_BOUND('',#16894,.T.);
#16894 = EDGE_LOOP('',(#16895,#16906,#16912,#16913));
#16895 = ORIENTED_EDGE('',*,*,#16896,.T.);
#16896 = EDGE_CURVE('',#16897,#16899,#16901,.T.);
#16897 = VERTEX_POINT('',#16898);
#16898 = CARTESIAN_POINT('',(1.575138688888,14.235716171822,6.4));
#16899 = VERTEX_POINT('',#16900);
#16900 = CARTESIAN_POINT('',(2.775138688888,14.235716171822,6.4));
#16901 = CIRCLE('',#16902,0.6);
#16902 = AXIS2_PLACEMENT_3D('',#16903,#16904,#16905);
#16903 = CARTESIAN_POINT('',(2.175138688888,14.235716171822,6.4));
#16904 = DIRECTION('',(0.,0.,-1.));
#16905 = DIRECTION('',(-1.,1.110223024625E-16,0.));
#16906 = ORIENTED_EDGE('',*,*,#16907,.T.);
#16907 = EDGE_CURVE('',#16899,#16874,#16908,.T.);
#16908 = LINE('',#16909,#16910);
#16909 = CARTESIAN_POINT('',(2.775138688888,14.235716171822,6.8));
#16910 = VECTOR('',#16911,1.);
#16911 = DIRECTION('',(0.,0.,-1.));
#16912 = ORIENTED_EDGE('',*,*,#16873,.T.);
#16913 = ORIENTED_EDGE('',*,*,#16914,.F.);
#16914 = EDGE_CURVE('',#16897,#16866,#16915,.T.);
#16915 = LINE('',#16916,#16917);
#16916 = CARTESIAN_POINT('',(1.575138688888,14.235716171822,6.8));
#16917 = VECTOR('',#16918,1.);
#16918 = DIRECTION('',(0.,0.,-1.));
#16919 = CYLINDRICAL_SURFACE('',#16920,0.6);
#16920 = AXIS2_PLACEMENT_3D('',#16921,#16922,#16923);
#16921 = CARTESIAN_POINT('',(2.175138688888,14.235716171822,6.8));
#16922 = DIRECTION('',(0.,0.,-1.));
#16923 = DIRECTION('',(-1.,1.110223024625E-16,0.));
#16924 = ADVANCED_FACE('',(#16925),#16951,.T.);
#16925 = FACE_BOUND('',#16926,.T.);
#16926 = EDGE_LOOP('',(#16927,#16928,#16936,#16945));
#16927 = ORIENTED_EDGE('',*,*,#16810,.T.);
#16928 = ORIENTED_EDGE('',*,*,#16929,.T.);
#16929 = EDGE_CURVE('',#16813,#16930,#16932,.T.);
#16930 = VERTEX_POINT('',#16931);
#16931 = CARTESIAN_POINT('',(3.075138688888,14.235716171822,6.4));
#16932 = LINE('',#16933,#16934);
#16933 = CARTESIAN_POINT('',(3.075138688888,14.235716171822,6.8));
#16934 = VECTOR('',#16935,1.);
#16935 = DIRECTION('',(0.,0.,-1.));
#16936 = ORIENTED_EDGE('',*,*,#16937,.F.);
#16937 = EDGE_CURVE('',#16938,#16930,#16940,.T.);
#16938 = VERTEX_POINT('',#16939);
#16939 = CARTESIAN_POINT('',(1.275138688888,14.235716171822,6.4));
#16940 = CIRCLE('',#16941,0.9);
#16941 = AXIS2_PLACEMENT_3D('',#16942,#16943,#16944);
#16942 = CARTESIAN_POINT('',(2.175138688888,14.235716171822,6.4));
#16943 = DIRECTION('',(0.,0.,-1.));
#16944 = DIRECTION('',(-1.,1.110223024625E-16,0.));
#16945 = ORIENTED_EDGE('',*,*,#16946,.F.);
#16946 = EDGE_CURVE('',#16811,#16938,#16947,.T.);
#16947 = LINE('',#16948,#16949);
#16948 = CARTESIAN_POINT('',(1.275138688888,14.235716171822,6.8));
#16949 = VECTOR('',#16950,1.);
#16950 = DIRECTION('',(0.,0.,-1.));
#16951 = CYLINDRICAL_SURFACE('',#16952,0.9);
#16952 = AXIS2_PLACEMENT_3D('',#16953,#16954,#16955);
#16953 = CARTESIAN_POINT('',(2.175138688888,14.235716171822,6.8));
#16954 = DIRECTION('',(0.,0.,-1.));
#16955 = DIRECTION('',(-1.,1.110223024625E-16,0.));
#16956 = ADVANCED_FACE('',(#16957,#16967),#17101,.T.);
#16957 = FACE_BOUND('',#16958,.T.);
#16958 = EDGE_LOOP('',(#16959,#16960));
#16959 = ORIENTED_EDGE('',*,*,#16830,.T.);
#16960 = ORIENTED_EDGE('',*,*,#16961,.T.);
#16961 = EDGE_CURVE('',#16822,#16831,#16962,.T.);
#16962 = CIRCLE('',#16963,0.6);
#16963 = AXIS2_PLACEMENT_3D('',#16964,#16965,#16966);
#16964 = CARTESIAN_POINT('',(2.175138688888,14.235716171822,6.8));
#16965 = DIRECTION('',(-0.,0.,1.));
#16966 = DIRECTION('',(1.,-1.110223024625E-16,0.));
#16967 = FACE_BOUND('',#16968,.T.);
#16968 = EDGE_LOOP('',(#16969,#16979,#16988,#16996,#17004,#17012,#17021,
    #17029,#17037,#17045,#17054,#17062,#17070,#17078,#17087,#17095));
#16969 = ORIENTED_EDGE('',*,*,#16970,.F.);
#16970 = EDGE_CURVE('',#16971,#16973,#16975,.T.);
#16971 = VERTEX_POINT('',#16972);
#16972 = CARTESIAN_POINT('',(2.325138688888,14.535716171822,6.8));
#16973 = VERTEX_POINT('',#16974);
#16974 = CARTESIAN_POINT('',(2.325138688888,14.735716171822,6.8));
#16975 = LINE('',#16976,#16977);
#16976 = CARTESIAN_POINT('',(2.325138688888,14.385716171822,6.8));
#16977 = VECTOR('',#16978,1.);
#16978 = DIRECTION('',(1.110223024625E-16,1.,0.));
#16979 = ORIENTED_EDGE('',*,*,#16980,.T.);
#16980 = EDGE_CURVE('',#16971,#16981,#16983,.T.);
#16981 = VERTEX_POINT('',#16982);
#16982 = CARTESIAN_POINT('',(2.475138688888,14.385716171822,6.8));
#16983 = CIRCLE('',#16984,0.15);
#16984 = AXIS2_PLACEMENT_3D('',#16985,#16986,#16987);
#16985 = CARTESIAN_POINT('',(2.475138688888,14.535716171822,6.8));
#16986 = DIRECTION('',(-0.,0.,1.));
#16987 = DIRECTION('',(1.,-1.110223024625E-16,0.));
#16988 = ORIENTED_EDGE('',*,*,#16989,.F.);
#16989 = EDGE_CURVE('',#16990,#16981,#16992,.T.);
#16990 = VERTEX_POINT('',#16991);
#16991 = CARTESIAN_POINT('',(2.675138688888,14.385716171822,6.8));
#16992 = LINE('',#16993,#16994);
#16993 = CARTESIAN_POINT('',(2.675138688888,14.385716171822,6.8));
#16994 = VECTOR('',#16995,1.);
#16995 = DIRECTION('',(-1.,3.433513394237E-16,0.));
#16996 = ORIENTED_EDGE('',*,*,#16997,.F.);
#16997 = EDGE_CURVE('',#16998,#16990,#17000,.T.);
#16998 = VERTEX_POINT('',#16999);
#16999 = CARTESIAN_POINT('',(2.675138688888,14.085716171822,6.8));
#17000 = LINE('',#17001,#17002);
#17001 = CARTESIAN_POINT('',(2.675138688888,14.085716171822,6.8));
#17002 = VECTOR('',#17003,1.);
#17003 = DIRECTION('',(1.110223024625E-16,1.,0.));
#17004 = ORIENTED_EDGE('',*,*,#17005,.F.);
#17005 = EDGE_CURVE('',#17006,#16998,#17008,.T.);
#17006 = VERTEX_POINT('',#17007);
#17007 = CARTESIAN_POINT('',(2.475138688888,14.085716171822,6.8));
#17008 = LINE('',#17009,#17010);
#17009 = CARTESIAN_POINT('',(2.675138688888,14.085716171822,6.8));
#17010 = VECTOR('',#17011,1.);
#17011 = DIRECTION('',(1.,1.213067344987E-16,0.));
#17012 = ORIENTED_EDGE('',*,*,#17013,.T.);
#17013 = EDGE_CURVE('',#17006,#17014,#17016,.T.);
#17014 = VERTEX_POINT('',#17015);
#17015 = CARTESIAN_POINT('',(2.325138688888,13.935716171822,6.8));
#17016 = CIRCLE('',#17017,0.15);
#17017 = AXIS2_PLACEMENT_3D('',#17018,#17019,#17020);
#17018 = CARTESIAN_POINT('',(2.475138688888,13.935716171822,6.8));
#17019 = DIRECTION('',(-0.,0.,1.));
#17020 = DIRECTION('',(1.,-1.110223024625E-16,0.));
#17021 = ORIENTED_EDGE('',*,*,#17022,.F.);
#17022 = EDGE_CURVE('',#17023,#17014,#17025,.T.);
#17023 = VERTEX_POINT('',#17024);
#17024 = CARTESIAN_POINT('',(2.325138688888,13.735716171822,6.8));
#17025 = LINE('',#17026,#17027);
#17026 = CARTESIAN_POINT('',(2.325138688888,14.085716171822,6.8));
#17027 = VECTOR('',#17028,1.);
#17028 = DIRECTION('',(1.110223024625E-16,1.,0.));
#17029 = ORIENTED_EDGE('',*,*,#17030,.F.);
#17030 = EDGE_CURVE('',#17031,#17023,#17033,.T.);
#17031 = VERTEX_POINT('',#17032);
#17032 = CARTESIAN_POINT('',(2.025138688888,13.735716171822,6.8));
#17033 = LINE('',#17034,#17035);
#17034 = CARTESIAN_POINT('',(2.025138688888,13.735716171822,6.8));
#17035 = VECTOR('',#17036,1.);
#17036 = DIRECTION('',(1.,-1.110223024625E-16,0.));
#17037 = ORIENTED_EDGE('',*,*,#17038,.F.);
#17038 = EDGE_CURVE('',#17039,#17031,#17041,.T.);
#17039 = VERTEX_POINT('',#17040);
#17040 = CARTESIAN_POINT('',(2.025138688888,13.935716171822,6.8));
#17041 = LINE('',#17042,#17043);
#17042 = CARTESIAN_POINT('',(2.025138688888,14.085716171822,6.8));
#17043 = VECTOR('',#17044,1.);
#17044 = DIRECTION('',(-1.110223024625E-16,-1.,0.));
#17045 = ORIENTED_EDGE('',*,*,#17046,.T.);
#17046 = EDGE_CURVE('',#17039,#17047,#17049,.T.);
#17047 = VERTEX_POINT('',#17048);
#17048 = CARTESIAN_POINT('',(1.875138688888,14.085716171822,6.8));
#17049 = CIRCLE('',#17050,0.15);
#17050 = AXIS2_PLACEMENT_3D('',#17051,#17052,#17053);
#17051 = CARTESIAN_POINT('',(1.875138688888,13.935716171822,6.8));
#17052 = DIRECTION('',(-0.,0.,1.));
#17053 = DIRECTION('',(1.,-1.110223024625E-16,0.));
#17054 = ORIENTED_EDGE('',*,*,#17055,.F.);
#17055 = EDGE_CURVE('',#17056,#17047,#17058,.T.);
#17056 = VERTEX_POINT('',#17057);
#17057 = CARTESIAN_POINT('',(1.675138688888,14.085716171822,6.8));
#17058 = LINE('',#17059,#17060);
#17059 = CARTESIAN_POINT('',(1.675138688888,14.085716171822,6.8));
#17060 = VECTOR('',#17061,1.);
#17061 = DIRECTION('',(1.,-3.433513394237E-16,0.));
#17062 = ORIENTED_EDGE('',*,*,#17063,.F.);
#17063 = EDGE_CURVE('',#17064,#17056,#17066,.T.);
#17064 = VERTEX_POINT('',#17065);
#17065 = CARTESIAN_POINT('',(1.675138688888,14.385716171822,6.8));
#17066 = LINE('',#17067,#17068);
#17067 = CARTESIAN_POINT('',(1.675138688888,14.085716171822,6.8));
#17068 = VECTOR('',#17069,1.);
#17069 = DIRECTION('',(-1.110223024625E-16,-1.,0.));
#17070 = ORIENTED_EDGE('',*,*,#17071,.F.);
#17071 = EDGE_CURVE('',#17072,#17064,#17074,.T.);
#17072 = VERTEX_POINT('',#17073);
#17073 = CARTESIAN_POINT('',(1.875138688888,14.385716171822,6.8));
#17074 = LINE('',#17075,#17076);
#17075 = CARTESIAN_POINT('',(1.675138688888,14.385716171822,6.8));
#17076 = VECTOR('',#17077,1.);
#17077 = DIRECTION('',(-1.,-1.213067344987E-16,0.));
#17078 = ORIENTED_EDGE('',*,*,#17079,.T.);
#17079 = EDGE_CURVE('',#17072,#17080,#17082,.T.);
#17080 = VERTEX_POINT('',#17081);
#17081 = CARTESIAN_POINT('',(2.025138688888,14.535716171822,6.8));
#17082 = CIRCLE('',#17083,0.15);
#17083 = AXIS2_PLACEMENT_3D('',#17084,#17085,#17086);
#17084 = CARTESIAN_POINT('',(1.875138688888,14.535716171822,6.8));
#17085 = DIRECTION('',(-0.,0.,1.));
#17086 = DIRECTION('',(1.,-1.110223024625E-16,0.));
#17087 = ORIENTED_EDGE('',*,*,#17088,.F.);
#17088 = EDGE_CURVE('',#17089,#17080,#17091,.T.);
#17089 = VERTEX_POINT('',#17090);
#17090 = CARTESIAN_POINT('',(2.025138688888,14.735716171822,6.8));
#17091 = LINE('',#17092,#17093);
#17092 = CARTESIAN_POINT('',(2.025138688888,14.385716171822,6.8));
#17093 = VECTOR('',#17094,1.);
#17094 = DIRECTION('',(-1.110223024625E-16,-1.,0.));
#17095 = ORIENTED_EDGE('',*,*,#17096,.F.);
#17096 = EDGE_CURVE('',#16973,#17089,#17097,.T.);
#17097 = LINE('',#17098,#17099);
#17098 = CARTESIAN_POINT('',(2.025138688888,14.735716171822,6.8));
#17099 = VECTOR('',#17100,1.);
#17100 = DIRECTION('',(-1.,1.110223024625E-16,-0.));
#17101 = PLANE('',#17102);
#17102 = AXIS2_PLACEMENT_3D('',#17103,#17104,#17105);
#17103 = CARTESIAN_POINT('',(2.175138688888,14.235716171822,6.8));
#17104 = DIRECTION('',(0.,0.,1.));
#17105 = DIRECTION('',(1.,-1.110223024625E-16,0.));
#17106 = ADVANCED_FACE('',(#17107),#17125,.T.);
#17107 = FACE_BOUND('',#17108,.T.);
#17108 = EDGE_LOOP('',(#17109,#17110,#17117,#17118));
#17109 = ORIENTED_EDGE('',*,*,#16929,.F.);
#17110 = ORIENTED_EDGE('',*,*,#17111,.T.);
#17111 = EDGE_CURVE('',#16813,#16811,#17112,.T.);
#17112 = CIRCLE('',#17113,0.9);
#17113 = AXIS2_PLACEMENT_3D('',#17114,#17115,#17116);
#17114 = CARTESIAN_POINT('',(2.175138688888,14.235716171822,6.5));
#17115 = DIRECTION('',(0.,-0.,-1.));
#17116 = DIRECTION('',(1.,-1.110223024625E-16,0.));
#17117 = ORIENTED_EDGE('',*,*,#16946,.T.);
#17118 = ORIENTED_EDGE('',*,*,#17119,.F.);
#17119 = EDGE_CURVE('',#16930,#16938,#17120,.T.);
#17120 = CIRCLE('',#17121,0.9);
#17121 = AXIS2_PLACEMENT_3D('',#17122,#17123,#17124);
#17122 = CARTESIAN_POINT('',(2.175138688888,14.235716171822,6.4));
#17123 = DIRECTION('',(0.,0.,-1.));
#17124 = DIRECTION('',(-1.,1.110223024625E-16,0.));
#17125 = CYLINDRICAL_SURFACE('',#17126,0.9);
#17126 = AXIS2_PLACEMENT_3D('',#17127,#17128,#17129);
#17127 = CARTESIAN_POINT('',(2.175138688888,14.235716171822,6.8));
#17128 = DIRECTION('',(0.,0.,-1.));
#17129 = DIRECTION('',(-1.,1.110223024625E-16,0.));
#17130 = ADVANCED_FACE('',(#17131,#17135),#17145,.T.);
#17131 = FACE_BOUND('',#17132,.T.);
#17132 = EDGE_LOOP('',(#17133,#17134));
#17133 = ORIENTED_EDGE('',*,*,#16937,.T.);
#17134 = ORIENTED_EDGE('',*,*,#17119,.T.);
#17135 = FACE_BOUND('',#17136,.T.);
#17136 = EDGE_LOOP('',(#17137,#17138));
#17137 = ORIENTED_EDGE('',*,*,#16896,.F.);
#17138 = ORIENTED_EDGE('',*,*,#17139,.F.);
#17139 = EDGE_CURVE('',#16899,#16897,#17140,.T.);
#17140 = CIRCLE('',#17141,0.6);
#17141 = AXIS2_PLACEMENT_3D('',#17142,#17143,#17144);
#17142 = CARTESIAN_POINT('',(2.175138688888,14.235716171822,6.4));
#17143 = DIRECTION('',(0.,0.,-1.));
#17144 = DIRECTION('',(-1.,1.110223024625E-16,0.));
#17145 = PLANE('',#17146);
#17146 = AXIS2_PLACEMENT_3D('',#17147,#17148,#17149);
#17147 = CARTESIAN_POINT('',(2.175138688888,15.135716171822,6.4));
#17148 = DIRECTION('',(0.,0.,-1.));
#17149 = DIRECTION('',(-1.,1.110223024625E-16,0.));
#17150 = ADVANCED_FACE('',(#17151),#17163,.T.);
#17151 = FACE_BOUND('',#17152,.T.);
#17152 = EDGE_LOOP('',(#17153,#17154,#17155,#17156));
#17153 = ORIENTED_EDGE('',*,*,#16907,.F.);
#17154 = ORIENTED_EDGE('',*,*,#17139,.T.);
#17155 = ORIENTED_EDGE('',*,*,#16914,.T.);
#17156 = ORIENTED_EDGE('',*,*,#17157,.T.);
#17157 = EDGE_CURVE('',#16866,#16874,#17158,.T.);
#17158 = CIRCLE('',#17159,0.6);
#17159 = AXIS2_PLACEMENT_3D('',#17160,#17161,#17162);
#17160 = CARTESIAN_POINT('',(2.175138688888,14.235716171822,4.05));
#17161 = DIRECTION('',(0.,0.,1.));
#17162 = DIRECTION('',(-1.,1.110223024625E-16,0.));
#17163 = CYLINDRICAL_SURFACE('',#17164,0.6);
#17164 = AXIS2_PLACEMENT_3D('',#17165,#17166,#17167);
#17165 = CARTESIAN_POINT('',(2.175138688888,14.235716171822,6.8));
#17166 = DIRECTION('',(0.,0.,-1.));
#17167 = DIRECTION('',(-1.,1.110223024625E-16,0.));
#17168 = ADVANCED_FACE('',(#17169),#17179,.T.);
#17169 = FACE_BOUND('',#17170,.T.);
#17170 = EDGE_LOOP('',(#17171,#17178));
#17171 = ORIENTED_EDGE('',*,*,#17172,.T.);
#17172 = EDGE_CURVE('',#16857,#16855,#17173,.T.);
#17173 = CIRCLE('',#17174,0.45);
#17174 = AXIS2_PLACEMENT_3D('',#17175,#17176,#17177);
#17175 = CARTESIAN_POINT('',(2.175138688888,14.235716171822,3.9));
#17176 = DIRECTION('',(0.,0.,-1.));
#17177 = DIRECTION('',(-1.,1.110223024625E-16,0.));
#17178 = ORIENTED_EDGE('',*,*,#16854,.T.);
#17179 = PLANE('',#17180);
#17180 = AXIS2_PLACEMENT_3D('',#17181,#17182,#17183);
#17181 = CARTESIAN_POINT('',(2.175138688888,14.835716171822,3.9));
#17182 = DIRECTION('',(0.,0.,-1.));
#17183 = DIRECTION('',(-1.,1.110223024625E-16,0.));
#17184 = ADVANCED_FACE('',(#17185),#17191,.T.);
#17185 = FACE_BOUND('',#17186,.T.);
#17186 = EDGE_LOOP('',(#17187,#17188,#17189,#17190));
#17187 = ORIENTED_EDGE('',*,*,#16865,.F.);
#17188 = ORIENTED_EDGE('',*,*,#17172,.F.);
#17189 = ORIENTED_EDGE('',*,*,#16882,.T.);
#17190 = ORIENTED_EDGE('',*,*,#17157,.F.);
#17191 = CONICAL_SURFACE('',#17192,0.45,0.785398163397);
#17192 = AXIS2_PLACEMENT_3D('',#17193,#17194,#17195);
#17193 = CARTESIAN_POINT('',(2.175138688888,14.235716171822,3.9));
#17194 = DIRECTION('',(0.,0.,1.));
#17195 = DIRECTION('',(1.,-1.110223024625E-16,0.));
#17196 = ADVANCED_FACE('',(#17197),#17222,.F.);
#17197 = FACE_BOUND('',#17198,.T.);
#17198 = EDGE_LOOP('',(#17199,#17209,#17215,#17216));
#17199 = ORIENTED_EDGE('',*,*,#17200,.F.);
#17200 = EDGE_CURVE('',#17201,#17203,#17205,.T.);
#17201 = VERTEX_POINT('',#17202);
#17202 = CARTESIAN_POINT('',(1.875138688888,14.385716171822,6.5));
#17203 = VERTEX_POINT('',#17204);
#17204 = CARTESIAN_POINT('',(1.675138688888,14.385716171822,6.5));
#17205 = LINE('',#17206,#17207);
#17206 = CARTESIAN_POINT('',(1.675138688888,14.385716171822,6.5));
#17207 = VECTOR('',#17208,1.);
#17208 = DIRECTION('',(-1.,-1.213067344987E-16,0.));
#17209 = ORIENTED_EDGE('',*,*,#17210,.T.);
#17210 = EDGE_CURVE('',#17201,#17072,#17211,.T.);
#17211 = LINE('',#17212,#17213);
#17212 = CARTESIAN_POINT('',(1.875138688888,14.385716171822,6.5));
#17213 = VECTOR('',#17214,1.);
#17214 = DIRECTION('',(0.,0.,1.));
#17215 = ORIENTED_EDGE('',*,*,#17071,.T.);
#17216 = ORIENTED_EDGE('',*,*,#17217,.F.);
#17217 = EDGE_CURVE('',#17203,#17064,#17218,.T.);
#17218 = LINE('',#17219,#17220);
#17219 = CARTESIAN_POINT('',(1.675138688888,14.385716171822,6.5));
#17220 = VECTOR('',#17221,1.);
#17221 = DIRECTION('',(0.,0.,1.));
#17222 = PLANE('',#17223);
#17223 = AXIS2_PLACEMENT_3D('',#17224,#17225,#17226);
#17224 = CARTESIAN_POINT('',(1.675138688888,14.385716171822,6.5));
#17225 = DIRECTION('',(-1.213067344987E-16,1.,0.));
#17226 = DIRECTION('',(-1.,-1.213067344987E-16,0.));
#17227 = ADVANCED_FACE('',(#17228),#17253,.F.);
#17228 = FACE_BOUND('',#17229,.T.);
#17229 = EDGE_LOOP('',(#17230,#17231,#17239,#17247));
#17230 = ORIENTED_EDGE('',*,*,#17088,.T.);
#17231 = ORIENTED_EDGE('',*,*,#17232,.T.);
#17232 = EDGE_CURVE('',#17080,#17233,#17235,.T.);
#17233 = VERTEX_POINT('',#17234);
#17234 = CARTESIAN_POINT('',(2.025138688888,14.535716171822,6.5));
#17235 = LINE('',#17236,#17237);
#17236 = CARTESIAN_POINT('',(2.025138688888,14.535716171822,6.5));
#17237 = VECTOR('',#17238,1.);
#17238 = DIRECTION('',(0.,0.,-1.));
#17239 = ORIENTED_EDGE('',*,*,#17240,.F.);
#17240 = EDGE_CURVE('',#17241,#17233,#17243,.T.);
#17241 = VERTEX_POINT('',#17242);
#17242 = CARTESIAN_POINT('',(2.025138688888,14.735716171822,6.5));
#17243 = LINE('',#17244,#17245);
#17244 = CARTESIAN_POINT('',(2.025138688888,14.385716171822,6.5));
#17245 = VECTOR('',#17246,1.);
#17246 = DIRECTION('',(-1.110223024625E-16,-1.,0.));
#17247 = ORIENTED_EDGE('',*,*,#17248,.T.);
#17248 = EDGE_CURVE('',#17241,#17089,#17249,.T.);
#17249 = LINE('',#17250,#17251);
#17250 = CARTESIAN_POINT('',(2.025138688888,14.735716171822,6.5));
#17251 = VECTOR('',#17252,1.);
#17252 = DIRECTION('',(0.,0.,1.));
#17253 = PLANE('',#17254);
#17254 = AXIS2_PLACEMENT_3D('',#17255,#17256,#17257);
#17255 = CARTESIAN_POINT('',(2.025138688888,14.385716171822,6.5));
#17256 = DIRECTION('',(-1.,1.110223024625E-16,0.));
#17257 = DIRECTION('',(-1.110223024625E-16,-1.,0.));
#17258 = ADVANCED_FACE('',(#17259),#17277,.F.);
#17259 = FACE_BOUND('',#17260,.T.);
#17260 = EDGE_LOOP('',(#17261,#17262,#17263,#17271));
#17261 = ORIENTED_EDGE('',*,*,#17096,.T.);
#17262 = ORIENTED_EDGE('',*,*,#17248,.F.);
#17263 = ORIENTED_EDGE('',*,*,#17264,.F.);
#17264 = EDGE_CURVE('',#17265,#17241,#17267,.T.);
#17265 = VERTEX_POINT('',#17266);
#17266 = CARTESIAN_POINT('',(2.325138688888,14.735716171822,6.5));
#17267 = LINE('',#17268,#17269);
#17268 = CARTESIAN_POINT('',(2.025138688888,14.735716171822,6.5));
#17269 = VECTOR('',#17270,1.);
#17270 = DIRECTION('',(-1.,1.110223024625E-16,-0.));
#17271 = ORIENTED_EDGE('',*,*,#17272,.T.);
#17272 = EDGE_CURVE('',#17265,#16973,#17273,.T.);
#17273 = LINE('',#17274,#17275);
#17274 = CARTESIAN_POINT('',(2.325138688888,14.735716171822,6.5));
#17275 = VECTOR('',#17276,1.);
#17276 = DIRECTION('',(0.,0.,1.));
#17277 = PLANE('',#17278);
#17278 = AXIS2_PLACEMENT_3D('',#17279,#17280,#17281);
#17279 = CARTESIAN_POINT('',(2.025138688888,14.735716171822,6.5));
#17280 = DIRECTION('',(1.110223024625E-16,1.,0.));
#17281 = DIRECTION('',(-1.,1.110223024625E-16,0.));
#17282 = ADVANCED_FACE('',(#17283),#17301,.F.);
#17283 = FACE_BOUND('',#17284,.T.);
#17284 = EDGE_LOOP('',(#17285,#17293,#17299,#17300));
#17285 = ORIENTED_EDGE('',*,*,#17286,.F.);
#17286 = EDGE_CURVE('',#17287,#17265,#17289,.T.);
#17287 = VERTEX_POINT('',#17288);
#17288 = CARTESIAN_POINT('',(2.325138688888,14.535716171822,6.5));
#17289 = LINE('',#17290,#17291);
#17290 = CARTESIAN_POINT('',(2.325138688888,14.385716171822,6.5));
#17291 = VECTOR('',#17292,1.);
#17292 = DIRECTION('',(1.110223024625E-16,1.,0.));
#17293 = ORIENTED_EDGE('',*,*,#17294,.T.);
#17294 = EDGE_CURVE('',#17287,#16971,#17295,.T.);
#17295 = LINE('',#17296,#17297);
#17296 = CARTESIAN_POINT('',(2.325138688888,14.535716171822,6.5));
#17297 = VECTOR('',#17298,1.);
#17298 = DIRECTION('',(0.,0.,1.));
#17299 = ORIENTED_EDGE('',*,*,#16970,.T.);
#17300 = ORIENTED_EDGE('',*,*,#17272,.F.);
#17301 = PLANE('',#17302);
#17302 = AXIS2_PLACEMENT_3D('',#17303,#17304,#17305);
#17303 = CARTESIAN_POINT('',(2.325138688888,14.385716171822,6.5));
#17304 = DIRECTION('',(1.,-1.110223024625E-16,0.));
#17305 = DIRECTION('',(1.110223024625E-16,1.,0.));
#17306 = ADVANCED_FACE('',(#17307),#17332,.F.);
#17307 = FACE_BOUND('',#17308,.T.);
#17308 = EDGE_LOOP('',(#17309,#17310,#17318,#17326));
#17309 = ORIENTED_EDGE('',*,*,#16989,.T.);
#17310 = ORIENTED_EDGE('',*,*,#17311,.T.);
#17311 = EDGE_CURVE('',#16981,#17312,#17314,.T.);
#17312 = VERTEX_POINT('',#17313);
#17313 = CARTESIAN_POINT('',(2.475138688888,14.385716171822,6.5));
#17314 = LINE('',#17315,#17316);
#17315 = CARTESIAN_POINT('',(2.475138688888,14.385716171822,6.5));
#17316 = VECTOR('',#17317,1.);
#17317 = DIRECTION('',(0.,0.,-1.));
#17318 = ORIENTED_EDGE('',*,*,#17319,.F.);
#17319 = EDGE_CURVE('',#17320,#17312,#17322,.T.);
#17320 = VERTEX_POINT('',#17321);
#17321 = CARTESIAN_POINT('',(2.675138688888,14.385716171822,6.5));
#17322 = LINE('',#17323,#17324);
#17323 = CARTESIAN_POINT('',(2.675138688888,14.385716171822,6.5));
#17324 = VECTOR('',#17325,1.);
#17325 = DIRECTION('',(-1.,3.433513394237E-16,0.));
#17326 = ORIENTED_EDGE('',*,*,#17327,.T.);
#17327 = EDGE_CURVE('',#17320,#16990,#17328,.T.);
#17328 = LINE('',#17329,#17330);
#17329 = CARTESIAN_POINT('',(2.675138688888,14.385716171822,6.5));
#17330 = VECTOR('',#17331,1.);
#17331 = DIRECTION('',(0.,0.,1.));
#17332 = PLANE('',#17333);
#17333 = AXIS2_PLACEMENT_3D('',#17334,#17335,#17336);
#17334 = CARTESIAN_POINT('',(2.675138688888,14.385716171822,6.5));
#17335 = DIRECTION('',(3.433513394237E-16,1.,0.));
#17336 = DIRECTION('',(-1.,3.433513394237E-16,0.));
#17337 = ADVANCED_FACE('',(#17338),#17356,.F.);
#17338 = FACE_BOUND('',#17339,.T.);
#17339 = EDGE_LOOP('',(#17340,#17341,#17342,#17350));
#17340 = ORIENTED_EDGE('',*,*,#16997,.T.);
#17341 = ORIENTED_EDGE('',*,*,#17327,.F.);
#17342 = ORIENTED_EDGE('',*,*,#17343,.F.);
#17343 = EDGE_CURVE('',#17344,#17320,#17346,.T.);
#17344 = VERTEX_POINT('',#17345);
#17345 = CARTESIAN_POINT('',(2.675138688888,14.085716171822,6.5));
#17346 = LINE('',#17347,#17348);
#17347 = CARTESIAN_POINT('',(2.675138688888,14.085716171822,6.5));
#17348 = VECTOR('',#17349,1.);
#17349 = DIRECTION('',(1.110223024625E-16,1.,0.));
#17350 = ORIENTED_EDGE('',*,*,#17351,.T.);
#17351 = EDGE_CURVE('',#17344,#16998,#17352,.T.);
#17352 = LINE('',#17353,#17354);
#17353 = CARTESIAN_POINT('',(2.675138688888,14.085716171822,6.5));
#17354 = VECTOR('',#17355,1.);
#17355 = DIRECTION('',(0.,0.,1.));
#17356 = PLANE('',#17357);
#17357 = AXIS2_PLACEMENT_3D('',#17358,#17359,#17360);
#17358 = CARTESIAN_POINT('',(2.675138688888,14.085716171822,6.5));
#17359 = DIRECTION('',(1.,-1.110223024625E-16,0.));
#17360 = DIRECTION('',(1.110223024625E-16,1.,0.));
#17361 = ADVANCED_FACE('',(#17362),#17380,.F.);
#17362 = FACE_BOUND('',#17363,.T.);
#17363 = EDGE_LOOP('',(#17364,#17372,#17378,#17379));
#17364 = ORIENTED_EDGE('',*,*,#17365,.F.);
#17365 = EDGE_CURVE('',#17366,#17344,#17368,.T.);
#17366 = VERTEX_POINT('',#17367);
#17367 = CARTESIAN_POINT('',(2.475138688888,14.085716171822,6.5));
#17368 = LINE('',#17369,#17370);
#17369 = CARTESIAN_POINT('',(2.675138688888,14.085716171822,6.5));
#17370 = VECTOR('',#17371,1.);
#17371 = DIRECTION('',(1.,1.213067344987E-16,0.));
#17372 = ORIENTED_EDGE('',*,*,#17373,.T.);
#17373 = EDGE_CURVE('',#17366,#17006,#17374,.T.);
#17374 = LINE('',#17375,#17376);
#17375 = CARTESIAN_POINT('',(2.475138688888,14.085716171822,6.5));
#17376 = VECTOR('',#17377,1.);
#17377 = DIRECTION('',(0.,0.,1.));
#17378 = ORIENTED_EDGE('',*,*,#17005,.T.);
#17379 = ORIENTED_EDGE('',*,*,#17351,.F.);
#17380 = PLANE('',#17381);
#17381 = AXIS2_PLACEMENT_3D('',#17382,#17383,#17384);
#17382 = CARTESIAN_POINT('',(2.675138688888,14.085716171822,6.5));
#17383 = DIRECTION('',(1.213067344987E-16,-1.,0.));
#17384 = DIRECTION('',(1.,1.213067344987E-16,0.));
#17385 = ADVANCED_FACE('',(#17386),#17411,.F.);
#17386 = FACE_BOUND('',#17387,.T.);
#17387 = EDGE_LOOP('',(#17388,#17389,#17397,#17405));
#17388 = ORIENTED_EDGE('',*,*,#17022,.T.);
#17389 = ORIENTED_EDGE('',*,*,#17390,.T.);
#17390 = EDGE_CURVE('',#17014,#17391,#17393,.T.);
#17391 = VERTEX_POINT('',#17392);
#17392 = CARTESIAN_POINT('',(2.325138688888,13.935716171822,6.5));
#17393 = LINE('',#17394,#17395);
#17394 = CARTESIAN_POINT('',(2.325138688888,13.935716171822,6.5));
#17395 = VECTOR('',#17396,1.);
#17396 = DIRECTION('',(0.,0.,-1.));
#17397 = ORIENTED_EDGE('',*,*,#17398,.F.);
#17398 = EDGE_CURVE('',#17399,#17391,#17401,.T.);
#17399 = VERTEX_POINT('',#17400);
#17400 = CARTESIAN_POINT('',(2.325138688888,13.735716171822,6.5));
#17401 = LINE('',#17402,#17403);
#17402 = CARTESIAN_POINT('',(2.325138688888,14.085716171822,6.5));
#17403 = VECTOR('',#17404,1.);
#17404 = DIRECTION('',(1.110223024625E-16,1.,0.));
#17405 = ORIENTED_EDGE('',*,*,#17406,.T.);
#17406 = EDGE_CURVE('',#17399,#17023,#17407,.T.);
#17407 = LINE('',#17408,#17409);
#17408 = CARTESIAN_POINT('',(2.325138688888,13.735716171822,6.5));
#17409 = VECTOR('',#17410,1.);
#17410 = DIRECTION('',(0.,0.,1.));
#17411 = PLANE('',#17412);
#17412 = AXIS2_PLACEMENT_3D('',#17413,#17414,#17415);
#17413 = CARTESIAN_POINT('',(2.325138688888,14.085716171822,6.5));
#17414 = DIRECTION('',(1.,-1.110223024625E-16,0.));
#17415 = DIRECTION('',(1.110223024625E-16,1.,0.));
#17416 = ADVANCED_FACE('',(#17417),#17435,.F.);
#17417 = FACE_BOUND('',#17418,.T.);
#17418 = EDGE_LOOP('',(#17419,#17420,#17421,#17429));
#17419 = ORIENTED_EDGE('',*,*,#17030,.T.);
#17420 = ORIENTED_EDGE('',*,*,#17406,.F.);
#17421 = ORIENTED_EDGE('',*,*,#17422,.F.);
#17422 = EDGE_CURVE('',#17423,#17399,#17425,.T.);
#17423 = VERTEX_POINT('',#17424);
#17424 = CARTESIAN_POINT('',(2.025138688888,13.735716171822,6.5));
#17425 = LINE('',#17426,#17427);
#17426 = CARTESIAN_POINT('',(2.025138688888,13.735716171822,6.5));
#17427 = VECTOR('',#17428,1.);
#17428 = DIRECTION('',(1.,-1.110223024625E-16,0.));
#17429 = ORIENTED_EDGE('',*,*,#17430,.T.);
#17430 = EDGE_CURVE('',#17423,#17031,#17431,.T.);
#17431 = LINE('',#17432,#17433);
#17432 = CARTESIAN_POINT('',(2.025138688888,13.735716171822,6.5));
#17433 = VECTOR('',#17434,1.);
#17434 = DIRECTION('',(0.,0.,1.));
#17435 = PLANE('',#17436);
#17436 = AXIS2_PLACEMENT_3D('',#17437,#17438,#17439);
#17437 = CARTESIAN_POINT('',(2.025138688888,13.735716171822,6.5));
#17438 = DIRECTION('',(-1.110223024625E-16,-1.,0.));
#17439 = DIRECTION('',(1.,-1.110223024625E-16,0.));
#17440 = ADVANCED_FACE('',(#17441),#17459,.F.);
#17441 = FACE_BOUND('',#17442,.T.);
#17442 = EDGE_LOOP('',(#17443,#17451,#17457,#17458));
#17443 = ORIENTED_EDGE('',*,*,#17444,.F.);
#17444 = EDGE_CURVE('',#17445,#17423,#17447,.T.);
#17445 = VERTEX_POINT('',#17446);
#17446 = CARTESIAN_POINT('',(2.025138688888,13.935716171822,6.5));
#17447 = LINE('',#17448,#17449);
#17448 = CARTESIAN_POINT('',(2.025138688888,14.085716171822,6.5));
#17449 = VECTOR('',#17450,1.);
#17450 = DIRECTION('',(-1.110223024625E-16,-1.,0.));
#17451 = ORIENTED_EDGE('',*,*,#17452,.T.);
#17452 = EDGE_CURVE('',#17445,#17039,#17453,.T.);
#17453 = LINE('',#17454,#17455);
#17454 = CARTESIAN_POINT('',(2.025138688888,13.935716171822,6.5));
#17455 = VECTOR('',#17456,1.);
#17456 = DIRECTION('',(0.,0.,1.));
#17457 = ORIENTED_EDGE('',*,*,#17038,.T.);
#17458 = ORIENTED_EDGE('',*,*,#17430,.F.);
#17459 = PLANE('',#17460);
#17460 = AXIS2_PLACEMENT_3D('',#17461,#17462,#17463);
#17461 = CARTESIAN_POINT('',(2.025138688888,14.085716171822,6.5));
#17462 = DIRECTION('',(-1.,1.110223024625E-16,0.));
#17463 = DIRECTION('',(-1.110223024625E-16,-1.,0.));
#17464 = ADVANCED_FACE('',(#17465),#17490,.F.);
#17465 = FACE_BOUND('',#17466,.T.);
#17466 = EDGE_LOOP('',(#17467,#17468,#17476,#17484));
#17467 = ORIENTED_EDGE('',*,*,#17055,.T.);
#17468 = ORIENTED_EDGE('',*,*,#17469,.T.);
#17469 = EDGE_CURVE('',#17047,#17470,#17472,.T.);
#17470 = VERTEX_POINT('',#17471);
#17471 = CARTESIAN_POINT('',(1.875138688888,14.085716171822,6.5));
#17472 = LINE('',#17473,#17474);
#17473 = CARTESIAN_POINT('',(1.875138688888,14.085716171822,6.5));
#17474 = VECTOR('',#17475,1.);
#17475 = DIRECTION('',(0.,0.,-1.));
#17476 = ORIENTED_EDGE('',*,*,#17477,.F.);
#17477 = EDGE_CURVE('',#17478,#17470,#17480,.T.);
#17478 = VERTEX_POINT('',#17479);
#17479 = CARTESIAN_POINT('',(1.675138688888,14.085716171822,6.5));
#17480 = LINE('',#17481,#17482);
#17481 = CARTESIAN_POINT('',(1.675138688888,14.085716171822,6.5));
#17482 = VECTOR('',#17483,1.);
#17483 = DIRECTION('',(1.,-3.433513394237E-16,0.));
#17484 = ORIENTED_EDGE('',*,*,#17485,.T.);
#17485 = EDGE_CURVE('',#17478,#17056,#17486,.T.);
#17486 = LINE('',#17487,#17488);
#17487 = CARTESIAN_POINT('',(1.675138688888,14.085716171822,6.5));
#17488 = VECTOR('',#17489,1.);
#17489 = DIRECTION('',(0.,0.,1.));
#17490 = PLANE('',#17491);
#17491 = AXIS2_PLACEMENT_3D('',#17492,#17493,#17494);
#17492 = CARTESIAN_POINT('',(1.675138688888,14.085716171822,6.5));
#17493 = DIRECTION('',(-3.433513394237E-16,-1.,0.));
#17494 = DIRECTION('',(1.,-3.433513394237E-16,0.));
#17495 = ADVANCED_FACE('',(#17496),#17507,.F.);
#17496 = FACE_BOUND('',#17497,.T.);
#17497 = EDGE_LOOP('',(#17498,#17499,#17500,#17506));
#17498 = ORIENTED_EDGE('',*,*,#17063,.T.);
#17499 = ORIENTED_EDGE('',*,*,#17485,.F.);
#17500 = ORIENTED_EDGE('',*,*,#17501,.F.);
#17501 = EDGE_CURVE('',#17203,#17478,#17502,.T.);
#17502 = LINE('',#17503,#17504);
#17503 = CARTESIAN_POINT('',(1.675138688888,14.085716171822,6.5));
#17504 = VECTOR('',#17505,1.);
#17505 = DIRECTION('',(-1.110223024625E-16,-1.,0.));
#17506 = ORIENTED_EDGE('',*,*,#17217,.T.);
#17507 = PLANE('',#17508);
#17508 = AXIS2_PLACEMENT_3D('',#17509,#17510,#17511);
#17509 = CARTESIAN_POINT('',(1.675138688888,14.085716171822,6.5));
#17510 = DIRECTION('',(-1.,1.110223024625E-16,0.));
#17511 = DIRECTION('',(-1.110223024625E-16,-1.,0.));
#17512 = ADVANCED_FACE('',(#17513),#17555,.T.);
#17513 = FACE_BOUND('',#17514,.T.);
#17514 = EDGE_LOOP('',(#17515,#17516,#17523,#17524,#17525,#17526,#17533,
    #17534,#17535,#17536,#17543,#17544,#17545,#17546,#17553,#17554));
#17515 = ORIENTED_EDGE('',*,*,#17240,.T.);
#17516 = ORIENTED_EDGE('',*,*,#17517,.T.);
#17517 = EDGE_CURVE('',#17233,#17201,#17518,.T.);
#17518 = CIRCLE('',#17519,0.15);
#17519 = AXIS2_PLACEMENT_3D('',#17520,#17521,#17522);
#17520 = CARTESIAN_POINT('',(1.875138688888,14.535716171822,6.5));
#17521 = DIRECTION('',(0.,-0.,-1.));
#17522 = DIRECTION('',(1.,-1.110223024625E-16,0.));
#17523 = ORIENTED_EDGE('',*,*,#17200,.T.);
#17524 = ORIENTED_EDGE('',*,*,#17501,.T.);
#17525 = ORIENTED_EDGE('',*,*,#17477,.T.);
#17526 = ORIENTED_EDGE('',*,*,#17527,.T.);
#17527 = EDGE_CURVE('',#17470,#17445,#17528,.T.);
#17528 = CIRCLE('',#17529,0.15);
#17529 = AXIS2_PLACEMENT_3D('',#17530,#17531,#17532);
#17530 = CARTESIAN_POINT('',(1.875138688888,13.935716171822,6.5));
#17531 = DIRECTION('',(0.,-0.,-1.));
#17532 = DIRECTION('',(1.,-8.338237507862E-16,0.));
#17533 = ORIENTED_EDGE('',*,*,#17444,.T.);
#17534 = ORIENTED_EDGE('',*,*,#17422,.T.);
#17535 = ORIENTED_EDGE('',*,*,#17398,.T.);
#17536 = ORIENTED_EDGE('',*,*,#17537,.T.);
#17537 = EDGE_CURVE('',#17391,#17366,#17538,.T.);
#17538 = CIRCLE('',#17539,0.15);
#17539 = AXIS2_PLACEMENT_3D('',#17540,#17541,#17542);
#17540 = CARTESIAN_POINT('',(2.475138688888,13.935716171822,6.5));
#17541 = DIRECTION('',(0.,-0.,-1.));
#17542 = DIRECTION('',(1.,-8.338237507862E-16,0.));
#17543 = ORIENTED_EDGE('',*,*,#17365,.T.);
#17544 = ORIENTED_EDGE('',*,*,#17343,.T.);
#17545 = ORIENTED_EDGE('',*,*,#17319,.T.);
#17546 = ORIENTED_EDGE('',*,*,#17547,.T.);
#17547 = EDGE_CURVE('',#17312,#17287,#17548,.T.);
#17548 = CIRCLE('',#17549,0.15);
#17549 = AXIS2_PLACEMENT_3D('',#17550,#17551,#17552);
#17550 = CARTESIAN_POINT('',(2.475138688888,14.535716171822,6.5));
#17551 = DIRECTION('',(0.,0.,-1.));
#17552 = DIRECTION('',(1.,6.117791458612E-16,0.));
#17553 = ORIENTED_EDGE('',*,*,#17286,.T.);
#17554 = ORIENTED_EDGE('',*,*,#17264,.T.);
#17555 = PLANE('',#17556);
#17556 = AXIS2_PLACEMENT_3D('',#17557,#17558,#17559);
#17557 = CARTESIAN_POINT('',(2.175138688888,14.235716171822,6.5));
#17558 = DIRECTION('',(0.,0.,1.));
#17559 = DIRECTION('',(1.,-1.110223024625E-16,0.));
#17560 = ADVANCED_FACE('',(#17561),#17567,.T.);
#17561 = FACE_BOUND('',#17562,.T.);
#17562 = EDGE_LOOP('',(#17563,#17564,#17565,#17566));
#17563 = ORIENTED_EDGE('',*,*,#17547,.F.);
#17564 = ORIENTED_EDGE('',*,*,#17311,.F.);
#17565 = ORIENTED_EDGE('',*,*,#16980,.F.);
#17566 = ORIENTED_EDGE('',*,*,#17294,.F.);
#17567 = CYLINDRICAL_SURFACE('',#17568,0.15);
#17568 = AXIS2_PLACEMENT_3D('',#17569,#17570,#17571);
#17569 = CARTESIAN_POINT('',(2.475138688888,14.535716171822,6.5));
#17570 = DIRECTION('',(0.,0.,1.));
#17571 = DIRECTION('',(1.,-1.110223024625E-16,0.));
#17572 = ADVANCED_FACE('',(#17573),#17579,.T.);
#17573 = FACE_BOUND('',#17574,.T.);
#17574 = EDGE_LOOP('',(#17575,#17576,#17577,#17578));
#17575 = ORIENTED_EDGE('',*,*,#17537,.F.);
#17576 = ORIENTED_EDGE('',*,*,#17390,.F.);
#17577 = ORIENTED_EDGE('',*,*,#17013,.F.);
#17578 = ORIENTED_EDGE('',*,*,#17373,.F.);
#17579 = CYLINDRICAL_SURFACE('',#17580,0.15);
#17580 = AXIS2_PLACEMENT_3D('',#17581,#17582,#17583);
#17581 = CARTESIAN_POINT('',(2.475138688888,13.935716171822,6.5));
#17582 = DIRECTION('',(0.,0.,1.));
#17583 = DIRECTION('',(1.,-1.110223024625E-16,0.));
#17584 = ADVANCED_FACE('',(#17585),#17591,.T.);
#17585 = FACE_BOUND('',#17586,.T.);
#17586 = EDGE_LOOP('',(#17587,#17588,#17589,#17590));
#17587 = ORIENTED_EDGE('',*,*,#17517,.F.);
#17588 = ORIENTED_EDGE('',*,*,#17232,.F.);
#17589 = ORIENTED_EDGE('',*,*,#17079,.F.);
#17590 = ORIENTED_EDGE('',*,*,#17210,.F.);
#17591 = CYLINDRICAL_SURFACE('',#17592,0.15);
#17592 = AXIS2_PLACEMENT_3D('',#17593,#17594,#17595);
#17593 = CARTESIAN_POINT('',(1.875138688888,14.535716171822,6.5));
#17594 = DIRECTION('',(0.,0.,1.));
#17595 = DIRECTION('',(1.,-1.110223024625E-16,0.));
#17596 = ADVANCED_FACE('',(#17597),#17603,.T.);
#17597 = FACE_BOUND('',#17598,.T.);
#17598 = EDGE_LOOP('',(#17599,#17600,#17601,#17602));
#17599 = ORIENTED_EDGE('',*,*,#17527,.F.);
#17600 = ORIENTED_EDGE('',*,*,#17469,.F.);
#17601 = ORIENTED_EDGE('',*,*,#17046,.F.);
#17602 = ORIENTED_EDGE('',*,*,#17452,.F.);
#17603 = CYLINDRICAL_SURFACE('',#17604,0.15);
#17604 = AXIS2_PLACEMENT_3D('',#17605,#17606,#17607);
#17605 = CARTESIAN_POINT('',(1.875138688888,13.935716171822,6.5));
#17606 = DIRECTION('',(0.,0.,1.));
#17607 = DIRECTION('',(1.,-1.110223024625E-16,0.));
#17608 = ADVANCED_FACE('',(#17609),#17615,.T.);
#17609 = FACE_BOUND('',#17610,.T.);
#17610 = EDGE_LOOP('',(#17611,#17612,#17613,#17614));
#17611 = ORIENTED_EDGE('',*,*,#16821,.F.);
#17612 = ORIENTED_EDGE('',*,*,#17111,.F.);
#17613 = ORIENTED_EDGE('',*,*,#16839,.T.);
#17614 = ORIENTED_EDGE('',*,*,#16961,.F.);
#17615 = TOROIDAL_SURFACE('',#17616,0.6,0.3);
#17616 = AXIS2_PLACEMENT_3D('',#17617,#17618,#17619);
#17617 = CARTESIAN_POINT('',(2.175138688888,14.235716171822,6.5));
#17618 = DIRECTION('',(0.,0.,1.));
#17619 = DIRECTION('',(1.,-1.110223024625E-16,0.));
#17620 = ( GEOMETRIC_REPRESENTATION_CONTEXT(3) 
GLOBAL_UNCERTAINTY_ASSIGNED_CONTEXT((#17624)) 
GLOBAL_UNIT_ASSIGNED_CONTEXT((#17621,#17622,#17623)) 
REPRESENTATION_CONTEXT('Context #1',
  '3D Context with UNIT and UNCERTAINTY') );
#17621 = ( LENGTH_UNIT() NAMED_UNIT(*) SI_UNIT(.MILLI.,.METRE.) );
#17622 = ( NAMED_UNIT(*) PLANE_ANGLE_UNIT() SI_UNIT($,.RADIAN.) );
#17623 = ( NAMED_UNIT(*) SI_UNIT($,.STERADIAN.) SOLID_ANGLE_UNIT() );
#17624 = UNCERTAINTY_MEASURE_WITH_UNIT(LENGTH_MEASURE(1.E-07),#17621,
  'distance_accuracy_value','confusion accuracy');
#17625 = CONTEXT_DEPENDENT_SHAPE_REPRESENTATION(#17626,#17628);
#17626 = ( REPRESENTATION_RELATIONSHIP('','',#16803,#3244) 
REPRESENTATION_RELATIONSHIP_WITH_TRANSFORMATION(#17627) 
SHAPE_REPRESENTATION_RELATIONSHIP() );
#17627 = ITEM_DEFINED_TRANSFORMATION('','',#11,#3305);
#17628 = PRODUCT_DEFINITION_SHAPE('Placement','Placement of an item',
  #17629);
#17629 = NEXT_ASSEMBLY_USAGE_OCCURRENCE('22','Shutter_part015','',#3239,
  #16798,$);
#17630 = PRODUCT_RELATED_PRODUCT_CATEGORY('part',$,(#16800));
#17631 = MECHANICAL_DESIGN_GEOMETRIC_PRESENTATION_REPRESENTATION('',(
    #17632),#15950);
#17632 = STYLED_ITEM('color',(#17633),#15134);
#17633 = PRESENTATION_STYLE_ASSIGNMENT((#17634,#17640));
#17634 = SURFACE_STYLE_USAGE(.BOTH.,#17635);
#17635 = SURFACE_SIDE_STYLE('',(#17636));
#17636 = SURFACE_STYLE_FILL_AREA(#17637);
#17637 = FILL_AREA_STYLE('',(#17638));
#17638 = FILL_AREA_STYLE_COLOUR('',#17639);
#17639 = COLOUR_RGB('',0.678430976034,0.709803998361,0.741176010593);
#17640 = CURVE_STYLE('',#17641,POSITIVE_LENGTH_MEASURE(0.1),#17642);
#17641 = DRAUGHTING_PRE_DEFINED_CURVE_FONT('continuous');
#17642 = COLOUR_RGB('',9.803921802644E-02,9.803921802644E-02,
  9.803921802644E-02);
#17643 = MECHANICAL_DESIGN_GEOMETRIC_PRESENTATION_REPRESENTATION('',(
    #17644),#12895);
#17644 = STYLED_ITEM('color',(#17645),#11930);
#17645 = PRESENTATION_STYLE_ASSIGNMENT((#17646,#17651));
#17646 = SURFACE_STYLE_USAGE(.BOTH.,#17647);
#17647 = SURFACE_SIDE_STYLE('',(#17648));
#17648 = SURFACE_STYLE_FILL_AREA(#17649);
#17649 = FILL_AREA_STYLE('',(#17650));
#17650 = FILL_AREA_STYLE_COLOUR('',#17639);
#17651 = CURVE_STYLE('',#17652,POSITIVE_LENGTH_MEASURE(0.1),#17642);
#17652 = DRAUGHTING_PRE_DEFINED_CURVE_FONT('continuous');
#17653 = MECHANICAL_DESIGN_GEOMETRIC_PRESENTATION_REPRESENTATION('',(
    #17654),#7098);
#17654 = STYLED_ITEM('color',(#17655),#5837);
#17655 = PRESENTATION_STYLE_ASSIGNMENT((#17656,#17661));
#17656 = SURFACE_STYLE_USAGE(.BOTH.,#17657);
#17657 = SURFACE_SIDE_STYLE('',(#17658));
#17658 = SURFACE_STYLE_FILL_AREA(#17659);
#17659 = FILL_AREA_STYLE('',(#17660));
#17660 = FILL_AREA_STYLE_COLOUR('',#17639);
#17661 = CURVE_STYLE('',#17662,POSITIVE_LENGTH_MEASURE(0.1),#17642);
#17662 = DRAUGHTING_PRE_DEFINED_CURVE_FONT('continuous');
#17663 = MECHANICAL_DESIGN_GEOMETRIC_PRESENTATION_REPRESENTATION('',(
    #17664),#2025);
#17664 = STYLED_ITEM('color',(#17665),#1060);
#17665 = PRESENTATION_STYLE_ASSIGNMENT((#17666,#17671));
#17666 = SURFACE_STYLE_USAGE(.BOTH.,#17667);
#17667 = SURFACE_SIDE_STYLE('',(#17668));
#17668 = SURFACE_STYLE_FILL_AREA(#17669);
#17669 = FILL_AREA_STYLE('',(#17670));
#17670 = FILL_AREA_STYLE_COLOUR('',#17639);
#17671 = CURVE_STYLE('',#17672,POSITIVE_LENGTH_MEASURE(0.1),#17642);
#17672 = DRAUGHTING_PRE_DEFINED_CURVE_FONT('continuous');
#17673 = MECHANICAL_DESIGN_GEOMETRIC_PRESENTATION_REPRESENTATION('',(
    #17674),#11911);
#17674 = STYLED_ITEM('color',(#17675),#11723);
#17675 = PRESENTATION_STYLE_ASSIGNMENT((#17676,#17681));
#17676 = SURFACE_STYLE_USAGE(.BOTH.,#17677);
#17677 = SURFACE_SIDE_STYLE('',(#17678));
#17678 = SURFACE_STYLE_FILL_AREA(#17679);
#17679 = FILL_AREA_STYLE('',(#17680));
#17680 = FILL_AREA_STYLE_COLOUR('',#17639);
#17681 = CURVE_STYLE('',#17682,POSITIVE_LENGTH_MEASURE(0.1),#17642);
#17682 = DRAUGHTING_PRE_DEFINED_CURVE_FONT('continuous');
#17683 = MECHANICAL_DESIGN_GEOMETRIC_PRESENTATION_REPRESENTATION('',(
    #17684),#14073);
#17684 = STYLED_ITEM('color',(#17685),#12914);
#17685 = PRESENTATION_STYLE_ASSIGNMENT((#17686,#17691));
#17686 = SURFACE_STYLE_USAGE(.BOTH.,#17687);
#17687 = SURFACE_SIDE_STYLE('',(#17688));
#17688 = SURFACE_STYLE_FILL_AREA(#17689);
#17689 = FILL_AREA_STYLE('',(#17690));
#17690 = FILL_AREA_STYLE_COLOUR('',#17639);
#17691 = CURVE_STYLE('',#17692,POSITIVE_LENGTH_MEASURE(0.1),#17642);
#17692 = DRAUGHTING_PRE_DEFINED_CURVE_FONT('continuous');
#17693 = MECHANICAL_DESIGN_GEOMETRIC_PRESENTATION_REPRESENTATION('',(
    #17694),#16785);
#17694 = STYLED_ITEM('color',(#17695),#15969);
#17695 = PRESENTATION_STYLE_ASSIGNMENT((#17696,#17701));
#17696 = SURFACE_STYLE_USAGE(.BOTH.,#17697);
#17697 = SURFACE_SIDE_STYLE('',(#17698));
#17698 = SURFACE_STYLE_FILL_AREA(#17699);
#17699 = FILL_AREA_STYLE('',(#17700));
#17700 = FILL_AREA_STYLE_COLOUR('',#17639);
#17701 = CURVE_STYLE('',#17702,POSITIVE_LENGTH_MEASURE(0.1),#17642);
#17702 = DRAUGHTING_PRE_DEFINED_CURVE_FONT('continuous');
#17703 = MECHANICAL_DESIGN_GEOMETRIC_PRESENTATION_REPRESENTATION('',(
    #17704),#17620);
#17704 = STYLED_ITEM('color',(#17705),#16804);
#17705 = PRESENTATION_STYLE_ASSIGNMENT((#17706,#17711));
#17706 = SURFACE_STYLE_USAGE(.BOTH.,#17707);
#17707 = SURFACE_SIDE_STYLE('',(#17708));
#17708 = SURFACE_STYLE_FILL_AREA(#17709);
#17709 = FILL_AREA_STYLE('',(#17710));
#17710 = FILL_AREA_STYLE_COLOUR('',#17639);
#17711 = CURVE_STYLE('',#17712,POSITIVE_LENGTH_MEASURE(0.1),#17642);
#17712 = DRAUGHTING_PRE_DEFINED_CURVE_FONT('continuous');
#17713 = MECHANICAL_DESIGN_GEOMETRIC_PRESENTATION_REPRESENTATION('',(
    #17714),#15115);
#17714 = STYLED_ITEM('color',(#17715),#14299);
#17715 = PRESENTATION_STYLE_ASSIGNMENT((#17716,#17721));
#17716 = SURFACE_STYLE_USAGE(.BOTH.,#17717);
#17717 = SURFACE_SIDE_STYLE('',(#17718));
#17718 = SURFACE_STYLE_FILL_AREA(#17719);
#17719 = FILL_AREA_STYLE('',(#17720));
#17720 = FILL_AREA_STYLE_COLOUR('',#17639);
#17721 = CURVE_STYLE('',#17722,POSITIVE_LENGTH_MEASURE(0.1),#17642);
#17722 = DRAUGHTING_PRE_DEFINED_CURVE_FONT('continuous');
#17723 = MECHANICAL_DESIGN_GEOMETRIC_PRESENTATION_REPRESENTATION('',(
    #17724),#14280);
#17724 = STYLED_ITEM('color',(#17725),#14092);
#17725 = PRESENTATION_STYLE_ASSIGNMENT((#17726,#17731));
#17726 = SURFACE_STYLE_USAGE(.BOTH.,#17727);
#17727 = SURFACE_SIDE_STYLE('',(#17728));
#17728 = SURFACE_STYLE_FILL_AREA(#17729);
#17729 = FILL_AREA_STYLE('',(#17730));
#17730 = FILL_AREA_STYLE_COLOUR('',#17639);
#17731 = CURVE_STYLE('',#17732,POSITIVE_LENGTH_MEASURE(0.1),#17642);
#17732 = DRAUGHTING_PRE_DEFINED_CURVE_FONT('continuous');
#17733 = MECHANICAL_DESIGN_GEOMETRIC_PRESENTATION_REPRESENTATION('',(
    #17734),#7479);
#17734 = STYLED_ITEM('color',(#17735),#7117);
#17735 = PRESENTATION_STYLE_ASSIGNMENT((#17736,#17741));
#17736 = SURFACE_STYLE_USAGE(.BOTH.,#17737);
#17737 = SURFACE_SIDE_STYLE('',(#17738));
#17738 = SURFACE_STYLE_FILL_AREA(#17739);
#17739 = FILL_AREA_STYLE('',(#17740));
#17740 = FILL_AREA_STYLE_COLOUR('',#17639);
#17741 = CURVE_STYLE('',#17742,POSITIVE_LENGTH_MEASURE(0.1),#17642);
#17742 = DRAUGHTING_PRE_DEFINED_CURVE_FONT('continuous');
#17743 = MECHANICAL_DESIGN_GEOMETRIC_PRESENTATION_REPRESENTATION('',(
    #17744),#991);
#17744 = STYLED_ITEM('color',(#17745),#87);
#17745 = PRESENTATION_STYLE_ASSIGNMENT((#17746,#17752));
#17746 = SURFACE_STYLE_USAGE(.BOTH.,#17747);
#17747 = SURFACE_SIDE_STYLE('',(#17748));
#17748 = SURFACE_STYLE_FILL_AREA(#17749);
#17749 = FILL_AREA_STYLE('',(#17750));
#17750 = FILL_AREA_STYLE_COLOUR('',#17751);
#17751 = COLOUR_RGB('',0.735356983052,0.735356983052,0.735356983052);
#17752 = CURVE_STYLE('',#17753,POSITIVE_LENGTH_MEASURE(0.1),#17642);
#17753 = DRAUGHTING_PRE_DEFINED_CURVE_FONT('continuous');
#17754 = MECHANICAL_DESIGN_GEOMETRIC_PRESENTATION_REPRESENTATION('',(
    #17755),#3620);
#17755 = STYLED_ITEM('color',(#17756),#3328);
#17756 = PRESENTATION_STYLE_ASSIGNMENT((#17757,#17762));
#17757 = SURFACE_STYLE_USAGE(.BOTH.,#17758);
#17758 = SURFACE_SIDE_STYLE('',(#17759));
#17759 = SURFACE_STYLE_FILL_AREA(#17760);
#17760 = FILL_AREA_STYLE('',(#17761));
#17761 = FILL_AREA_STYLE_COLOUR('',#17639);
#17762 = CURVE_STYLE('',#17763,POSITIVE_LENGTH_MEASURE(0.1),#17642);
#17763 = DRAUGHTING_PRE_DEFINED_CURVE_FONT('continuous');
#17764 = MECHANICAL_DESIGN_GEOMETRIC_PRESENTATION_REPRESENTATION('',(
    #17765),#8645);
#17765 = STYLED_ITEM('color',(#17766),#8081);
#17766 = PRESENTATION_STYLE_ASSIGNMENT((#17767,#17772));
#17767 = SURFACE_STYLE_USAGE(.BOTH.,#17768);
#17768 = SURFACE_SIDE_STYLE('',(#17769));
#17769 = SURFACE_STYLE_FILL_AREA(#17770);
#17770 = FILL_AREA_STYLE('',(#17771));
#17771 = FILL_AREA_STYLE_COLOUR('',#17639);
#17772 = CURVE_STYLE('',#17773,POSITIVE_LENGTH_MEASURE(0.1),#17642);
#17773 = DRAUGHTING_PRE_DEFINED_CURVE_FONT('continuous');
#17774 = MECHANICAL_DESIGN_GEOMETRIC_PRESENTATION_REPRESENTATION('',(
    #17775),#3203);
#17775 = STYLED_ITEM('color',(#17776),#2044);
#17776 = PRESENTATION_STYLE_ASSIGNMENT((#17777,#17782));
#17777 = SURFACE_STYLE_USAGE(.BOTH.,#17778);
#17778 = SURFACE_SIDE_STYLE('',(#17779));
#17779 = SURFACE_STYLE_FILL_AREA(#17780);
#17780 = FILL_AREA_STYLE('',(#17781));
#17781 = FILL_AREA_STYLE_COLOUR('',#17639);
#17782 = CURVE_STYLE('',#17783,POSITIVE_LENGTH_MEASURE(0.1),#17642);
#17783 = DRAUGHTING_PRE_DEFINED_CURVE_FONT('continuous');
#17784 = MECHANICAL_DESIGN_GEOMETRIC_PRESENTATION_REPRESENTATION('',(
    #17785),#11704);
#17785 = STYLED_ITEM('color',(#17786),#10635);
#17786 = PRESENTATION_STYLE_ASSIGNMENT((#17787,#17792));
#17787 = SURFACE_STYLE_USAGE(.BOTH.,#17788);
#17788 = SURFACE_SIDE_STYLE('',(#17789));
#17789 = SURFACE_STYLE_FILL_AREA(#17790);
#17790 = FILL_AREA_STYLE('',(#17791));
#17791 = FILL_AREA_STYLE_COLOUR('',#17639);
#17792 = CURVE_STYLE('',#17793,POSITIVE_LENGTH_MEASURE(0.1),#17642);
#17793 = DRAUGHTING_PRE_DEFINED_CURVE_FONT('continuous');
#17794 = MECHANICAL_DESIGN_GEOMETRIC_PRESENTATION_REPRESENTATION('',(
    #17795),#10616);
#17795 = STYLED_ITEM('color',(#17796),#8664);
#17796 = PRESENTATION_STYLE_ASSIGNMENT((#17797,#17802));
#17797 = SURFACE_STYLE_USAGE(.BOTH.,#17798);
#17798 = SURFACE_SIDE_STYLE('',(#17799));
#17799 = SURFACE_STYLE_FILL_AREA(#17800);
#17800 = FILL_AREA_STYLE('',(#17801));
#17801 = FILL_AREA_STYLE_COLOUR('',#17639);
#17802 = CURVE_STYLE('',#17803,POSITIVE_LENGTH_MEASURE(0.1),#17642);
#17803 = DRAUGHTING_PRE_DEFINED_CURVE_FONT('continuous');
#17804 = MECHANICAL_DESIGN_GEOMETRIC_PRESENTATION_REPRESENTATION('',(
    #17805),#8062);
#17805 = STYLED_ITEM('color',(#17806),#7498);
#17806 = PRESENTATION_STYLE_ASSIGNMENT((#17807,#17812));
#17807 = SURFACE_STYLE_USAGE(.BOTH.,#17808);
#17808 = SURFACE_SIDE_STYLE('',(#17809));
#17809 = SURFACE_STYLE_FILL_AREA(#17810);
#17810 = FILL_AREA_STYLE('',(#17811));
#17811 = FILL_AREA_STYLE_COLOUR('',#17639);
#17812 = CURVE_STYLE('',#17813,POSITIVE_LENGTH_MEASURE(0.1),#17642);
#17813 = DRAUGHTING_PRE_DEFINED_CURVE_FONT('continuous');
#17814 = MECHANICAL_DESIGN_GEOMETRIC_PRESENTATION_REPRESENTATION('',(
    #17815),#5818);
#17815 = STYLED_ITEM('color',(#17816),#3639);
#17816 = PRESENTATION_STYLE_ASSIGNMENT((#17817,#17822));
#17817 = SURFACE_STYLE_USAGE(.BOTH.,#17818);
#17818 = SURFACE_SIDE_STYLE('',(#17819));
#17819 = SURFACE_STYLE_FILL_AREA(#17820);
#17820 = FILL_AREA_STYLE('',(#17821));
#17821 = FILL_AREA_STYLE_COLOUR('',#17639);
#17822 = CURVE_STYLE('',#17823,POSITIVE_LENGTH_MEASURE(0.1),#17642);
#17823 = DRAUGHTING_PRE_DEFINED_CURVE_FONT('continuous');
ENDSEC;
END-ISO-10303-21;
