ISO-10303-21;
HEADER;
FILE_DESCRIPTION (( 'STEP AP214' ),
    '1' );
FILE_NAME ('S&KHolderV3.STEP',
    '2026-03-22T16:57:12',
    ( '' ),
    ( '' ),
    'SwSTEP 2.0',
    'SolidWorks 2022',
    '' );
FILE_SCHEMA (( 'AUTOMOTIVE_DESIGN' ));
ENDSEC;

DATA;
#1 = CYLINDRICAL_SURFACE ( 'NONE', #2306, 1.599999999999997202 ) ;
#2 = AXIS2_PLACEMENT_3D ( 'NONE', #1323, #2732, #3042 ) ;
#3 = DIRECTION ( 'NONE',  ( 0.000000000000000000, 0.000000000000000000, 1.000000000000000000 ) ) ;
#4 = VECTOR ( 'NONE', #2328, 1000.000000000000000 ) ;
#5 = VECTOR ( 'NONE', #1426, 1000.000000000000000 ) ;
#6 = ADVANCED_FACE ( 'NONE', ( #1009 ), #1864, .F. ) ;
#7 = AXIS2_PLACEMENT_3D ( 'NONE', #142, #1309, #1030 ) ;
#8 = AXIS2_PLACEMENT_3D ( 'NONE', #3636, #1412, #289 ) ;
#9 = DIRECTION ( 'NONE',  ( 1.423009656044180901E-16, -1.000000000000000000, 0.000000000000000000 ) ) ;
#10 = CARTESIAN_POINT ( 'NONE',  ( -5.061408848860250664, 3.224410775427807074, 8.076019798777606340 ) ) ;
#11 = EDGE_CURVE ( 'NONE', #2480, #3486, #882, .T. ) ;
#12 = EDGE_LOOP ( 'NONE', ( #3277, #2779 ) ) ;
#13 = DIRECTION ( 'NONE',  ( 1.000000000000000000, 0.000000000000000000, -0.000000000000000000 ) ) ;
#14 = CARTESIAN_POINT ( 'NONE',  ( -6.200000000000000178, -4.499999999999997335, 21.25000000000000711 ) ) ;
#15 = DIRECTION ( 'NONE',  ( -0.000000000000000000, -0.000000000000000000, 1.000000000000000000 ) ) ;
#16 = VERTEX_POINT ( 'NONE', #350 ) ;
#17 = ORIENTED_EDGE ( 'NONE', *, *, #960, .F. ) ;
#18 = EDGE_LOOP ( 'NONE', ( #3018, #1541, #1648, #2625 ) ) ;
#19 = LINE ( 'NONE', #1145, #3041 ) ;
#20 = FACE_OUTER_BOUND ( 'NONE', #3213, .T. ) ;
#21 = DIRECTION ( 'NONE',  ( 0.000000000000000000, 0.000000000000000000, 1.000000000000000000 ) ) ;
#22 = CARTESIAN_POINT ( 'NONE',  ( 7.500000000000000888, 8.000000000000000000, -9.750000000000000000 ) ) ;
#23 = DIRECTION ( 'NONE',  ( 1.000000000000000000, 1.204669080539449344E-16, -0.000000000000000000 ) ) ;
#24 = DIRECTION ( 'NONE',  ( -1.000000000000000000, 0.000000000000000000, 0.000000000000000000 ) ) ;
#25 = CARTESIAN_POINT ( 'NONE',  ( 7.500000000000000888, 8.000000000000000000, -9.750000000000000000 ) ) ;
#26 = ADVANCED_FACE ( 'NONE', ( #1441 ), #282, .T. ) ;
#27 = CIRCLE ( 'NONE', #2803, 1.599999999999998979 ) ;
#28 = EDGE_CURVE ( 'NONE', #465, #3201, #2253, .T. ) ;
#29 = CARTESIAN_POINT ( 'NONE',  ( 1.500000000000000000, 0.000000000000000000, -9.750000000000000000 ) ) ;
#30 = VERTEX_POINT ( 'NONE', #3173 ) ;
#31 = ORIENTED_EDGE ( 'NONE', *, *, #2193, .F. ) ;
#32 = VERTEX_POINT ( 'NONE', #318 ) ;
#33 = DIRECTION ( 'NONE',  ( 0.000000000000000000, 0.000000000000000000, 1.000000000000000000 ) ) ;
#34 = VECTOR ( 'NONE', #3211, 1000.000000000000000 ) ;
#35 = DIRECTION ( 'NONE',  ( 1.734723475976807094E-16, 0.000000000000000000, -1.000000000000000000 ) ) ;
#36 = CARTESIAN_POINT ( 'NONE',  ( -5.130604678571125454, 3.113515535319446137, -0.2500494635377714658 ) ) ;
#37 = CARTESIAN_POINT ( 'NONE',  ( -1.500000000000002220, 18.00000000000000000, 13.75000000000000000 ) ) ;
#38 = CARTESIAN_POINT ( 'NONE',  ( 1.500000000000000000, 5.809475019311124200, 10.75000000000000000 ) ) ;
#39 = ADVANCED_FACE ( 'NONE', ( #3372 ), #1977, .F. ) ;
#40 = DIRECTION ( 'NONE',  ( 0.000000000000000000, 0.000000000000000000, 1.000000000000000000 ) ) ;
#41 = ORIENTED_EDGE ( 'NONE', *, *, #280, .T. ) ;
#42 =( NAMED_UNIT ( * ) PLANE_ANGLE_UNIT ( ) SI_UNIT ( $, .RADIAN. ) );
#43 = ADVANCED_FACE ( 'NONE', ( #2292 ), #2842, .F. ) ;
#44 = FACE_OUTER_BOUND ( 'NONE', #50, .T. ) ;
#45 = AXIS2_PLACEMENT_3D ( 'NONE', #2257, #3371, #35 ) ;
#46 = DIRECTION ( 'NONE',  ( -1.000000000000000000, -1.156482317317871478E-16, -0.000000000000000000 ) ) ;
#47 = CARTESIAN_POINT ( 'NONE',  ( 5.577679826791775319, 2.211803207391922488, -0.7456023935578673933 ) ) ;
#48 = ORIENTED_EDGE ( 'NONE', *, *, #1422, .F. ) ;
#49 = ORIENTED_EDGE ( 'NONE', *, *, #3582, .F. ) ;
#50 = EDGE_LOOP ( 'NONE', ( #2351, #2457, #163, #666 ) ) ;
#51 = CARTESIAN_POINT ( 'NONE',  ( 6.200000000000000178, -4.499999999999996447, 20.25000000000000711 ) ) ;
#52 = DIRECTION ( 'NONE',  ( -1.000000000000000000, 0.000000000000000000, -1.783268467025218707E-32 ) ) ;
#53 = ADVANCED_FACE ( 'NONE', ( #1424 ), #1684, .F. ) ;
#54 = CARTESIAN_POINT ( 'NONE',  ( 7.500000000000000888, 3.175426480542918206, 9.050000000000000711 ) ) ;
#55 = DIRECTION ( 'NONE',  ( -0.000000000000000000, -0.000000000000000000, 1.000000000000000000 ) ) ;
#56 = CARTESIAN_POINT ( 'NONE',  ( 7.500000000000005329, 8.000000000000003553, 21.25000000000000355 ) ) ;
#57 = AXIS2_PLACEMENT_3D ( 'NONE', #3036, #1315, #1866 ) ;
#58 = STYLED_ITEM ( 'NONE', ( #1170 ), #2936 ) ;
#59 = CARTESIAN_POINT ( 'NONE',  ( -7.500000000000000000, -2.500000000000000888, 13.75000000000000178 ) ) ;
#60 = VECTOR ( 'NONE', #3301, 1000.000000000000000 ) ;
#61 = VECTOR ( 'NONE', #847, 1000.000000000000000 ) ;
#62 = EDGE_LOOP ( 'NONE', ( #2737, #1482, #1857, #597 ) ) ;
#63 = PRODUCT_CONTEXT ( 'NONE', #1439, 'mechanical' ) ;
#64 = CARTESIAN_POINT ( 'NONE',  ( -5.000000000000006217, 15.00000000000000711, 25.25000000000000355 ) ) ;
#65 = AXIS2_PLACEMENT_3D ( 'NONE', #572, #1980, #2808 ) ;
#66 = AXIS2_PLACEMENT_3D ( 'NONE', #1351, #3589, #1020 ) ;
#67 = EDGE_CURVE ( 'NONE', #545, #1329, #1752, .T. ) ;
#68 = CARTESIAN_POINT ( 'NONE',  ( -6.200000000000000178, -2.500000000000000444, 27.75000000000000355 ) ) ;
#69 = CARTESIAN_POINT ( 'NONE',  ( 0.000000000000000000, 0.000000000000000000, -9.750000000000000000 ) ) ;
#70 = VECTOR ( 'NONE', #1358, 1000.000000000000000 ) ;
#71 = ORIENTED_EDGE ( 'NONE', *, *, #522, .F. ) ;
#72 = EDGE_LOOP ( 'NONE', ( #3634, #1378, #2372, #2651 ) ) ;
#73 = VERTEX_POINT ( 'NONE', #78 ) ;
#74 = LINE ( 'NONE', #2365, #2311 ) ;
#75 = CARTESIAN_POINT ( 'NONE',  ( -5.477092881633351951, 2.451541876796811792, -2.048882422479407328 ) ) ;
#76 = LINE ( 'NONE', #1204, #4 ) ;
#77 = CARTESIAN_POINT ( 'NONE',  ( 7.500000000000000000, -2.499999999999999112, 13.75000000000000178 ) ) ;
#78 = CARTESIAN_POINT ( 'NONE',  ( -5.999999999999999112, 7.347880794884119736E-16, 27.75000000000000355 ) ) ;
#79 = DIRECTION ( 'NONE',  ( -0.000000000000000000, -0.000000000000000000, 1.000000000000000000 ) ) ;
#80 = ADVANCED_FACE ( 'NONE', ( #20 ), #3443, .T. ) ;
#81 = CARTESIAN_POINT ( 'NONE',  ( 0.000000000000000000, 0.000000000000000000, -9.750000000000000000 ) ) ;
#82 = B_SPLINE_CURVE_WITH_KNOTS ( 'NONE', 3,
 ( #3499, #978, #2198, #2475, #1335, #2993, #1916, #785, #206, #2977, #3300, #719, #3287, #3319, #2696, #2165, #2124, #2712, #1069, #1596 ),
 .UNSPECIFIED., .F., .F.,
 ( 4, 2, 2, 2, 2, 2, 2, 2, 2, 4 ),
 ( 0.000000000000000000, 0.0007977365441685334291, 0.001595473088337066858, 0.001994341360421334440, 0.002393209632505602456, 0.003190946176674138053, 0.003988682720842674084, 0.004786419265011210115, 0.005584155809179747014, 0.006381892353348283045 ),
 .UNSPECIFIED. ) ;
#83 = LINE ( 'NONE', #1756, #2142 ) ;
#84 = EDGE_LOOP ( 'NONE', ( #949, #295 ) ) ;
#85 = CARTESIAN_POINT ( 'NONE',  ( -5.000000000000002665, 8.000000000000000000, -9.750000000000000000 ) ) ;
#86 = LINE ( 'NONE', #2630, #776 ) ;
#87 = CARTESIAN_POINT ( 'NONE',  ( 5.130996831873980035, 3.112869233962553661, -0.2499506792668795829 ) ) ;
#88 = ORIENTED_EDGE ( 'NONE', *, *, #2840, .T. ) ;
#89 = EDGE_CURVE ( 'NONE', #2480, #2392, #808, .T. ) ;
#90 = ORIENTED_EDGE ( 'NONE', *, *, #3638, .F. ) ;
#91 = ORIENTED_EDGE ( 'NONE', *, *, #2050, .F. ) ;
#92 = FACE_OUTER_BOUND ( 'NONE', #2735, .T. ) ;
#93 = CARTESIAN_POINT ( 'NONE',  ( -4.751174531039403348, 3.665369975001752767, -1.865617326986053870 ) ) ;
#94 = DIRECTION ( 'NONE',  ( -1.000000000000000000, 0.000000000000000000, 0.000000000000000000 ) ) ;
#95 = EDGE_LOOP ( 'NONE', ( #216, #148, #653, #2837 ) ) ;
#96 = ORIENTED_EDGE ( 'NONE', *, *, #1650, .F. ) ;
#97 = CARTESIAN_POINT ( 'NONE',  ( -1.500000000000002220, 18.00000000000000000, -9.750000000000000000 ) ) ;
#98 = CARTESIAN_POINT ( 'NONE',  ( 3.968626966596897621, -4.499999999999999112, 13.75000000000000178 ) ) ;
#99 = ORIENTED_EDGE ( 'NONE', *, *, #253, .F. ) ;
#100 = CYLINDRICAL_SURFACE ( 'NONE', #2430, 1.600000000000000755 ) ;
#101 = ORIENTED_EDGE ( 'NONE', *, *, #230, .T. ) ;
#102 = EDGE_CURVE ( 'NONE', #3159, #181, #1932, .T. ) ;
#103 = CARTESIAN_POINT ( 'NONE',  ( 3.499999999999997780, -7.299999999999998934, 27.75000000000000355 ) ) ;
#104 = CARTESIAN_POINT ( 'NONE',  ( 6.000000000000000888, 0.000000000000000000, -9.750000000000000000 ) ) ;
#105 = CARTESIAN_POINT ( 'NONE',  ( 5.261685887949720808, 2.886476220758140698, -0.2500494635377715213 ) ) ;
#106 = EDGE_LOOP ( 'NONE', ( #1225, #1047, #2163, #2801 ) ) ;
#107 = ORIENTED_EDGE ( 'NONE', *, *, #1407, .F. ) ;
#108 = ORIENTED_EDGE ( 'NONE', *, *, #517, .F. ) ;
#109 = CARTESIAN_POINT ( 'NONE',  ( -1.500000000000002220, 18.00000000000000000, 13.75000000000000000 ) ) ;
#110 = DIRECTION ( 'NONE',  ( -1.204669080539449344E-16, 1.000000000000000000, -0.000000000000000000 ) ) ;
#111 = LINE ( 'NONE', #1789, #2770 ) ;
#112 = EDGE_CURVE ( 'NONE', #2296, #367, #3388, .T. ) ;
#113 = LINE ( 'NONE', #619, #506 ) ;
#114 = VERTEX_POINT ( 'NONE', #1975 ) ;
#115 = VERTEX_POINT ( 'NONE', #880 ) ;
#116 = FACE_BOUND ( 'NONE', #1286, .T. ) ;
#117 = ADVANCED_FACE ( 'NONE', ( #1440 ), #1129, .T. ) ;
#118 = CARTESIAN_POINT ( 'NONE',  ( 1.499999999999999556, 15.00000000000000178, -7.249999999999999112 ) ) ;
#119 = EDGE_LOOP ( 'NONE', ( #1489, #2736 ) ) ;
#120 = DIRECTION ( 'NONE',  ( -1.000000000000000000, 0.000000000000000000, 0.000000000000000000 ) ) ;
#121 = VERTEX_POINT ( 'NONE', #331 ) ;
#122 = CARTESIAN_POINT ( 'NONE',  ( 1.499999999999999556, 15.00000000000000178, 18.34999999999999787 ) ) ;
#123 = CIRCLE ( 'NONE', #2188, 1.599999999999998979 ) ;
#124 = AXIS2_PLACEMENT_3D ( 'NONE', #3196, #3444, #3174 ) ;
#125 = DIRECTION ( 'NONE',  ( 1.734723475976806848E-16, 0.000000000000000000, -1.000000000000000000 ) ) ;
#126 = EDGE_CURVE ( 'NONE', #2350, #1490, #3644, .T. ) ;
#127 = CARTESIAN_POINT ( 'NONE',  ( -7.499999999999998224, 5.484827557301419354, -1.249999999999999334 ) ) ;
#128 = ORIENTED_EDGE ( 'NONE', *, *, #2388, .F. ) ;
#129 = AXIS2_PLACEMENT_3D ( 'NONE', #2484, #1357, #301 ) ;
#130 = ORIENTED_EDGE ( 'NONE', *, *, #188, .F. ) ;
#131 = EDGE_LOOP ( 'NONE', ( #3057, #3107, #1298, #2817, #1527, #1792, #783, #2950, #242, #908 ) ) ;
#132 = LINE ( 'NONE', #2458, #1321 ) ;
#133 = DIRECTION ( 'NONE',  ( -1.000000000000000000, -0.000000000000000000, -0.000000000000000000 ) ) ;
#134 = LINE ( 'NONE', #2389, #1473 ) ;
#135 = CARTESIAN_POINT ( 'NONE',  ( -13.91922863405994093, 6.881569860407160455, -1.249999999999999112 ) ) ;
#136 = ORIENTED_EDGE ( 'NONE', *, *, #1678, .F. ) ;
#137 = VERTEX_POINT ( 'NONE', #1095 ) ;
#138 = CARTESIAN_POINT ( 'NONE',  ( 7.500000000000000888, 8.000000000000000000, -9.750000000000000000 ) ) ;
#139 = CARTESIAN_POINT ( 'NONE',  ( -2.500000000000000000, -7.299999999999999822, -2.250000000000000888 ) ) ;
#140 = ORIENTED_EDGE ( 'NONE', *, *, #324, .T. ) ;
#141 = ADVANCED_FACE ( 'NONE', ( #3402 ), #2552, .T. ) ;
#142 = CARTESIAN_POINT ( 'NONE',  ( 7.500000000000004441, 18.00000000000000711, 20.25000000000000355 ) ) ;
#143 = ORIENTED_EDGE ( 'NONE', *, *, #3034, .T. ) ;
#144 = DIRECTION ( 'NONE',  ( -1.000000000000000000, 0.000000000000000000, 0.000000000000000000 ) ) ;
#145 = CARTESIAN_POINT ( 'NONE',  ( 5.577679826791776208, 2.211803207391922488, 9.554397606442131874 ) ) ;
#146 = CARTESIAN_POINT ( 'NONE',  ( 5.577654132849637847, 2.211862600939842327, 8.545710796379806240 ) ) ;
#147 = ORIENTED_EDGE ( 'NONE', *, *, #1523, .F. ) ;
#148 = ORIENTED_EDGE ( 'NONE', *, *, #67, .T. ) ;
#149 = DIRECTION ( 'NONE',  ( 1.000000000000000000, 0.000000000000000000, 0.000000000000000000 ) ) ;
#150 = DIRECTION ( 'NONE',  ( 0.000000000000000000, -0.000000000000000000, -1.000000000000000000 ) ) ;
#151 = EDGE_CURVE ( 'NONE', #995, #2547, #2804, .T. ) ;
#152 = CARTESIAN_POINT ( 'NONE',  ( 0.000000000000000000, 0.000000000000000000, -9.750000000000000000 ) ) ;
#153 = CARTESIAN_POINT ( 'NONE',  ( -5.000000000000002665, 15.00000000000000355, 8.250000000000000000 ) ) ;
#154 = EDGE_LOOP ( 'NONE', ( #90, #1177, #933, #1236 ) ) ;
#155 = ORIENTED_EDGE ( 'NONE', *, *, #3564, .F. ) ;
#156 = EDGE_CURVE ( 'NONE', #3159, #1600, #2565, .T. ) ;
#157 = LINE ( 'NONE', #2411, #1714 ) ;
#158 = VECTOR ( 'NONE', #764, 1000.000000000000000 ) ;
#159 = CARTESIAN_POINT ( 'NONE',  ( 7.500000000000004441, -2.499999999999999112, 13.75000000000000178 ) ) ;
#160 = EDGE_LOOP ( 'NONE', ( #3530, #257, #1050, #2069, #456, #1745, #1169, #287, #892, #3293 ) ) ;
#161 = ADVANCED_FACE ( 'NONE', ( #3337 ), #2011, .F. ) ;
#162 = CARTESIAN_POINT ( 'NONE',  ( -2.499999999999999556, -7.500000000000000000, -7.250000000000001776 ) ) ;
#163 = ORIENTED_EDGE ( 'NONE', *, *, #924, .T. ) ;
#164 = LINE ( 'NONE', #1293, #1838 ) ;
#165 = CARTESIAN_POINT ( 'NONE',  ( -5.000000000000002665, 8.000000000000005329, 20.25000000000000355 ) ) ;
#166 = EDGE_CURVE ( 'NONE', #1605, #3611, #281, .T. ) ;
#167 = CARTESIAN_POINT ( 'NONE',  ( -1.500000000000000666, 5.809475019311125976, -9.750000000000000000 ) ) ;
#168 = ORIENTED_EDGE ( 'NONE', *, *, #2360, .T. ) ;
#169 = ORIENTED_EDGE ( 'NONE', *, *, #517, .T. ) ;
#170 = CARTESIAN_POINT ( 'NONE',  ( 4.999999999999999112, 15.00000000000000711, 23.65000000000000568 ) ) ;
#171 = DIRECTION ( 'NONE',  ( 0.000000000000000000, 0.000000000000000000, 1.000000000000000000 ) ) ;
#172 = DIRECTION ( 'NONE',  ( 1.000000000000000000, 1.156482317317871478E-16, 0.000000000000000000 ) ) ;
#173 = CARTESIAN_POINT ( 'NONE',  ( -7.499999999999998224, -7.500000000000000888, 27.75000000000000355 ) ) ;
#174 = ORIENTED_EDGE ( 'NONE', *, *, #3552, .F. ) ;
#175 = ORIENTED_EDGE ( 'NONE', *, *, #2184, .T. ) ;
#176 = CARTESIAN_POINT ( 'NONE',  ( 5.000000000000000888, 8.000000000000003553, -9.750000000000000000 ) ) ;
#177 = AXIS2_PLACEMENT_3D ( 'NONE', #2821, #297, #1456 ) ;
#178 = EDGE_CURVE ( 'NONE', #1989, #1713, #553, .T. ) ;
#179 = VERTEX_POINT ( 'NONE', #602 ) ;
#180 = DIRECTION ( 'NONE',  ( -1.000000000000000000, 0.000000000000000000, 0.000000000000000000 ) ) ;
#181 = VERTEX_POINT ( 'NONE', #1455 ) ;
#182 = CARTESIAN_POINT ( 'NONE',  ( -5.000000000000002665, 15.00000000000000178, -7.249999999999999112 ) ) ;
#183 = CARTESIAN_POINT ( 'NONE',  ( 4.704146129788368214, 3.724726158273430343, 9.553897950159843333 ) ) ;
#184 = CARTESIAN_POINT ( 'NONE',  ( -7.499999999999999112, -7.299999999999999822, -9.750000000000000000 ) ) ;
#185 = EDGE_LOOP ( 'NONE', ( #1110, #1862, #128, #1747, #3465, #2615, #2195, #1278, #1137, #201, #2091, #2068, #1831, #1217, #2975, #1002, #2593, #3149, #277, #235, #3467, #988, #328, #3212, #2171, #2786 ) ) ;
#186 = DIRECTION ( 'NONE',  ( -0.000000000000000000, -0.000000000000000000, 1.000000000000000000 ) ) ;
#187 = DIRECTION ( 'NONE',  ( 1.000000000000000000, 1.734723475976808080E-16, -0.000000000000000000 ) ) ;
#188 = EDGE_CURVE ( 'NONE', #2911, #3477, #1732, .T. ) ;
#189 = AXIS2_PLACEMENT_3D ( 'NONE', #1544, #2668, #1818 ) ;
#190 = CARTESIAN_POINT ( 'NONE',  ( 5.000000000000000000, 18.00000000000000711, 21.25000000000000000 ) ) ;
#191 = CARTESIAN_POINT ( 'NONE',  ( 7.500000000000010658, -2.499999999999998668, 20.25000000000000711 ) ) ;
#192 = AXIS2_PLACEMENT_3D ( 'NONE', #2444, #2199, #1616 ) ;
#193 = VECTOR ( 'NONE', #829, 1000.000000000000000 ) ;
#194 = EDGE_LOOP ( 'NONE', ( #1467, #2628, #1799, #2870 ) ) ;
#195 = ORIENTED_EDGE ( 'NONE', *, *, #2805, .F. ) ;
#196 = VECTOR ( 'NONE', #2503, 1000.000000000000000 ) ;
#197 = CIRCLE ( 'NONE', #1019, 1.600000000000000755 ) ;
#198 = VERTEX_POINT ( 'NONE', #2820 ) ;
#199 = EDGE_CURVE ( 'NONE', #2414, #488, #3612, .T. ) ;
#200 = CARTESIAN_POINT ( 'NONE',  ( -7.499999999999996447, -7.500000000000000000, -9.750000000000000000 ) ) ;
#201 = ORIENTED_EDGE ( 'NONE', *, *, #1670, .T. ) ;
#202 = CARTESIAN_POINT ( 'NONE',  ( -5.000000000000002665, 8.000000000000010658, 21.25000000000000355 ) ) ;
#203 = CYLINDRICAL_SURFACE ( 'NONE', #1634, 1.599999999999997202 ) ;
#204 = VERTEX_POINT ( 'NONE', #1682 ) ;
#205 = PLANE ( 'NONE',  #361 ) ;
#206 = CARTESIAN_POINT ( 'NONE',  ( 2.858581274718201115, 5.275423511618437367, 3.669720809445351506 ) ) ;
#207 = DIRECTION ( 'NONE',  ( 1.000000000000000000, -1.387778780781446070E-15, 4.636498014265569514E-31 ) ) ;
#208 = EDGE_CURVE ( 'NONE', #2244, #1285, #19, .T. ) ;
#209 = CARTESIAN_POINT ( 'NONE',  ( -5.000000000000002665, 8.000000000000000000, -9.750000000000000000 ) ) ;
#210 = EDGE_LOOP ( 'NONE', ( #2116, #1851, #659, #2122 ) ) ;
#211 = ORIENTED_EDGE ( 'NONE', *, *, #102, .T. ) ;
#212 = VERTEX_POINT ( 'NONE', #3387 ) ;
#213 = VECTOR ( 'NONE', #2709, 1000.000000000000000 ) ;
#214 = DIRECTION ( 'NONE',  ( -0.000000000000000000, -1.000000000000000000, -0.000000000000000000 ) ) ;
#215 = VECTOR ( 'NONE', #921, 1000.000000000000000 ) ;
#216 = ORIENTED_EDGE ( 'NONE', *, *, #3545, .T. ) ;
#217 = EDGE_CURVE ( 'NONE', #2404, #1729, #864, .T. ) ;
#218 = CARTESIAN_POINT ( 'NONE',  ( 4.640465109989820647, 3.803769094923665772, 9.311943240031467894 ) ) ;
#219 = CARTESIAN_POINT ( 'NONE',  ( 5.430672901602536129, 2.553913902193200691, 8.176193172852894264 ) ) ;
#220 = EDGE_CURVE ( 'NONE', #2305, #1610, #2845, .T. ) ;
#221 = VERTEX_POINT ( 'NONE', #2312 ) ;
#222 = FILL_AREA_STYLE ('',( #2746 ) ) ;
#223 = CARTESIAN_POINT ( 'NONE',  ( 7.500000000000007105, -4.499999999999996447, 20.25000000000000711 ) ) ;
#224 = FACE_OUTER_BOUND ( 'NONE', #131, .T. ) ;
#225 = CARTESIAN_POINT ( 'NONE',  ( 1.499999999999999556, 15.00000000000000711, 23.65000000000000568 ) ) ;
#226 = VERTEX_POINT ( 'NONE', #2657 ) ;
#227 = ORIENTED_EDGE ( 'NONE', *, *, #2713, .T. ) ;
#228 = EDGE_CURVE ( 'NONE', #3521, #2499, #2601, .T. ) ;
#229 = ORIENTED_EDGE ( 'NONE', *, *, #1829, .F. ) ;
#230 = EDGE_CURVE ( 'NONE', #1267, #3521, #3172, .T. ) ;
#231 = PRODUCT_DEFINITION_SHAPE ( 'NONE', 'NONE',  #418 ) ;
#232 = PLANE ( 'NONE',  #1074 ) ;
#233 = CARTESIAN_POINT ( 'NONE',  ( 13.41922863405994448, 7.747595264191600606, 9.050000000000000711 ) ) ;
#234 = FACE_OUTER_BOUND ( 'NONE', #638, .T. ) ;
#235 = ORIENTED_EDGE ( 'NONE', *, *, #733, .T. ) ;
#236 = LINE ( 'NONE', #816, #252 ) ;
#237 = DIRECTION ( 'NONE',  ( 0.000000000000000000, -1.000000000000000000, 3.083952846180990774E-16 ) ) ;
#238 = EDGE_CURVE ( 'NONE', #567, #3201, #2349, .T. ) ;
#239 = DIRECTION ( 'NONE',  ( -1.000000000000000000, -0.000000000000000000, -0.000000000000000000 ) ) ;
#240 = CARTESIAN_POINT ( 'NONE',  ( -7.499999999999997335, 3.175426480542917762, -1.249999999999999112 ) ) ;
#241 = VECTOR ( 'NONE', #9, 1000.000000000000000 ) ;
#242 = ORIENTED_EDGE ( 'NONE', *, *, #1485, .F. ) ;
#243 = ORIENTED_EDGE ( 'NONE', *, *, #166, .F. ) ;
#244 = STYLED_ITEM ( 'NONE', ( #548 ), #2332 ) ;
#245 = VECTOR ( 'NONE', #1476, 1000.000000000000000 ) ;
#246 = VECTOR ( 'NONE', #1546, 1000.000000000000000 ) ;
#247 = LINE ( 'NONE', #267, #1249 ) ;
#248 = VECTOR ( 'NONE', #1138, 1000.000000000000000 ) ;
#249 = B_SPLINE_CURVE_WITH_KNOTS ( 'NONE', 3,
 ( #526, #1361, #1643, #2493, #1627, #288, #3588, #1674, #1915, #3606, #1411, #2540, #3072, #546, #1088, #3329, #1655, #798 ),
 .UNSPECIFIED., .F., .F.,
 ( 4, 2, 2, 2, 2, 2, 2, 2, 4 ),
 ( 0.000000000000000000, 0.0003914898357794961942, 0.0007829796715589923883, 0.001174469507338488528, 0.001565959343117984777, 0.001957449178897481025, 0.002348939014676977056, 0.002740428850456473522, 0.003131918686235969553 ),
 .UNSPECIFIED. ) ;
#250 = CARTESIAN_POINT ( 'NONE',  ( -1.500000000000002220, 18.00000000000000000, -9.750000000000000000 ) ) ;
#251 = VECTOR ( 'NONE', #1331, 1000.000000000000000 ) ;
#252 = VECTOR ( 'NONE', #1946, 1000.000000000000000 ) ;
#253 = EDGE_CURVE ( 'NONE', #2201, #1200, #1179, .T. ) ;
#254 = DIRECTION ( 'NONE',  ( -1.204669080539449344E-16, 1.000000000000000000, 0.000000000000000000 ) ) ;
#255 = CARTESIAN_POINT ( 'NONE',  ( 7.499999999999997335, -2.499999999999998668, 20.25000000000000711 ) ) ;
#256 = ADVANCED_FACE ( 'NONE', ( #2620, #1223 ), #1265, .T. ) ;
#257 = ORIENTED_EDGE ( 'NONE', *, *, #3229, .T. ) ;
#258 = CARTESIAN_POINT ( 'NONE',  ( -1.500000000000001776, 15.00000000000000178, 16.75000000000000000 ) ) ;
#259 = CARTESIAN_POINT ( 'NONE',  ( 5.000000000000000888, 8.000000000000003553, 21.25000000000000355 ) ) ;
#260 = PLANE ( 'NONE',  #2066 ) ;
#261 = CARTESIAN_POINT ( 'NONE',  ( 5.623475382979807868, 2.092014487765358144, -1.249999999999999334 ) ) ;
#262 = VERTEX_POINT ( 'NONE', #3423 ) ;
#263 = ORIENTED_EDGE ( 'NONE', *, *, #2921, .F. ) ;
#264 = ADVANCED_FACE ( 'NONE', ( #3459 ), #3441, .F. ) ;
#265 = CARTESIAN_POINT ( 'NONE',  ( -2.458595512252771620, 5.475055701512613560, 1.011596485643190269 ) ) ;
#266 = EDGE_CURVE ( 'NONE', #525, #2427, #2065, .T. ) ;
#267 = CARTESIAN_POINT ( 'NONE',  ( -1.500000000000002220, 18.00000000000000000, -9.750000000000000000 ) ) ;
#268 = CARTESIAN_POINT ( 'NONE',  ( -7.499999999999996447, -4.500000000000000888, 13.75000000000000178 ) ) ;
#269 = EDGE_CURVE ( 'NONE', #3611, #1956, #962, .T. ) ;
#270 = DIRECTION ( 'NONE',  ( 0.000000000000000000, -1.000000000000000000, 0.000000000000000000 ) ) ;
#271 = VECTOR ( 'NONE', #276, 1000.000000000000000 ) ;
#272 = LINE ( 'NONE', #1653, #3279 ) ;
#273 = VERTEX_POINT ( 'NONE', #637 ) ;
#274 = CARTESIAN_POINT ( 'NONE',  ( -3.968626966596895844, -4.500000000000000888, 13.75000000000000178 ) ) ;
#275 = LINE ( 'NONE', #3365, #1542 ) ;
#276 = DIRECTION ( 'NONE',  ( -1.156482317317871478E-16, 1.000000000000000000, 0.000000000000000000 ) ) ;
#277 = ORIENTED_EDGE ( 'NONE', *, *, #1801, .T. ) ;
#278 = ORIENTED_EDGE ( 'NONE', *, *, #1318, .F. ) ;
#279 = VERTEX_POINT ( 'NONE', #2900 ) ;
#280 = EDGE_CURVE ( 'NONE', #3489, #2951, #1790, .T. ) ;
#281 = LINE ( 'NONE', #3136, #2874 ) ;
#282 = PLANE ( 'NONE',  #1113 ) ;
#283 = CARTESIAN_POINT ( 'NONE',  ( 1.499999999999998668, 18.00000000000000355, 13.75000000000000178 ) ) ;
#284 = CARTESIAN_POINT ( 'NONE',  ( -7.499999999999999112, 8.000000000000000000, -9.750000000000000000 ) ) ;
#285 = PLANE ( 'NONE',  #1770 ) ;
#286 = LINE ( 'NONE', #1136, #1389 ) ;
#287 = ORIENTED_EDGE ( 'NONE', *, *, #476, .T. ) ;
#288 = CARTESIAN_POINT ( 'NONE',  ( -4.861992841186346226, 3.517048140591421124, 9.849318062581742694 ) ) ;
#289 = DIRECTION ( 'NONE',  ( 0.4999999999999983902, -0.8660254037844397068, 0.000000000000000000 ) ) ;
#290 = CARTESIAN_POINT ( 'NONE',  ( 1.500000000000000000, 18.00000000000000000, -9.750000000000000000 ) ) ;
#291 = CARTESIAN_POINT ( 'NONE',  ( -1.500000000000002220, 18.00000000000000711, 20.25000000000000355 ) ) ;
#292 = VERTEX_POINT ( 'NONE', #391 ) ;
#293 = EDGE_CURVE ( 'NONE', #3236, #308, #1534, .T. ) ;
#294 = EDGE_LOOP ( 'NONE', ( #1253, #743, #2766, #2641 ) ) ;
#295 = ORIENTED_EDGE ( 'NONE', *, *, #1974, .F. ) ;
#296 = CARTESIAN_POINT ( 'NONE',  ( -5.000000000000006217, 15.00000000000000178, 15.15000000000000391 ) ) ;
#297 = DIRECTION ( 'NONE',  ( -0.000000000000000000, 0.000000000000000000, -1.000000000000000000 ) ) ;
#298 = DIRECTION ( 'NONE',  ( 1.000000000000000000, 1.734723475976808080E-16, -0.000000000000000000 ) ) ;
#299 = VECTOR ( 'NONE', #3577, 1000.000000000000000 ) ;
#300 = AXIS2_PLACEMENT_3D ( 'NONE', #1563, #1793, #2982 ) ;
#301 = DIRECTION ( 'NONE',  ( 0.000000000000000000, 1.000000000000000000, 0.000000000000000000 ) ) ;
#302 = VECTOR ( 'NONE', #444, 1000.000000000000000 ) ;
#303 = EDGE_CURVE ( 'NONE', #1495, #2427, #1515, .T. ) ;
#304 = AXIS2_PLACEMENT_3D ( 'NONE', #2908, #1552, #610 ) ;
#305 = VECTOR ( 'NONE', #3009, 1000.000000000000000 ) ;
#306 = CARTESIAN_POINT ( 'NONE',  ( -5.000000000000002665, 15.00000000000000178, -5.650000000000002132 ) ) ;
#307 = FACE_OUTER_BOUND ( 'NONE', #1784, .T. ) ;
#308 = VERTEX_POINT ( 'NONE', #2639 ) ;
#309 = FACE_OUTER_BOUND ( 'NONE', #955, .T. ) ;
#310 = FILL_AREA_STYLE_COLOUR ( '', #824 ) ;
#311 = FACE_OUTER_BOUND ( 'NONE', #3131, .T. ) ;
#312 = VERTEX_POINT ( 'NONE', #3231 ) ;
#313 = ORIENTED_EDGE ( 'NONE', *, *, #355, .F. ) ;
#314 = VERTEX_POINT ( 'NONE', #77 ) ;
#315 = CARTESIAN_POINT ( 'NONE',  ( -7.499999999999996447, -7.500000000000000000, -9.750000000000000000 ) ) ;
#316 = EDGE_CURVE ( 'NONE', #502, #967, #113, .T. ) ;
#317 = CARTESIAN_POINT ( 'NONE',  ( -2.654344813052515129, 5.381420381303159139, 1.346027677865201833 ) ) ;
#318 = CARTESIAN_POINT ( 'NONE',  ( 7.500000000000000000, -5.500000000000000000, 27.75000000000000355 ) ) ;
#319 = CARTESIAN_POINT ( 'NONE',  ( 3.499999999999997780, -7.499999999999999112, 27.75000000000000355 ) ) ;
#320 = CARTESIAN_POINT ( 'NONE',  ( 0.000000000000000000, 0.000000000000000000, -9.750000000000000000 ) ) ;
#321 = CARTESIAN_POINT ( 'NONE',  ( 7.500000000000000000, -5.500000000000000000, 27.75000000000000355 ) ) ;
#322 = CARTESIAN_POINT ( 'NONE',  ( -7.500000000000000000, -2.500000000000000888, 27.75000000000000355 ) ) ;
#323 = FACE_OUTER_BOUND ( 'NONE', #2421, .T. ) ;
#324 = EDGE_CURVE ( 'NONE', #723, #842, #1751, .T. ) ;
#325 = CARTESIAN_POINT ( 'NONE',  ( 4.861643984564111953, 3.517530635982969667, -2.048882422479408216 ) ) ;
#326 = ORIENTED_EDGE ( 'NONE', *, *, #2907, .F. ) ;
#327 = ORIENTED_EDGE ( 'NONE', *, *, #2559, .F. ) ;
#328 = ORIENTED_EDGE ( 'NONE', *, *, #3643, .T. ) ;
#329 = CARTESIAN_POINT ( 'NONE',  ( -6.200000000000000178, -2.500000000000000444, 10.75000000000000178 ) ) ;
#330 = VECTOR ( 'NONE', #1906, 1000.000000000000000 ) ;
#331 = CARTESIAN_POINT ( 'NONE',  ( -6.000000000000000888, 7.347880794884120722E-16, -9.750000000000000000 ) ) ;
#332 = FACE_BOUND ( 'NONE', #1824, .T. ) ;
#333 = CARTESIAN_POINT ( 'NONE',  ( -13.41922863405994093, 7.747595264191600606, -1.249999999999999334 ) ) ;
#334 = ADVANCED_FACE ( 'NONE', ( #698 ), #1830, .F. ) ;
#335 = FACE_BOUND ( 'NONE', #645, .T. ) ;
#336 = ORIENTED_EDGE ( 'NONE', *, *, #528, .F. ) ;
#337 = LINE ( 'NONE', #2053, #2891 ) ;
#338 = EDGE_CURVE ( 'NONE', #2403, #3584, #1922, .T. ) ;
#339 = AXIS2_PLACEMENT_3D ( 'NONE', #1146, #866, #2029 ) ;
#340 = DIRECTION ( 'NONE',  ( 0.000000000000000000, 0.000000000000000000, 1.000000000000000000 ) ) ;
#341 = CARTESIAN_POINT ( 'NONE',  ( -5.000000000000002665, 15.00000000000000355, 8.250000000000000000 ) ) ;
#342 = ORIENTED_EDGE ( 'NONE', *, *, #2964, .T. ) ;
#343 = ORIENTED_EDGE ( 'NONE', *, *, #2078, .T. ) ;
#344 = EDGE_LOOP ( 'NONE', ( #2272, #1290 ) ) ;
#345 = CARTESIAN_POINT ( 'NONE',  ( 6.000000000000001776, 6.599419037264682781E-47, 21.25000000000000355 ) ) ;
#346 = LINE ( 'NONE', #2105, #2487 ) ;
#347 = EDGE_CURVE ( 'NONE', #3587, #2447, #3097, .T. ) ;
#348 = FACE_OUTER_BOUND ( 'NONE', #2710, .T. ) ;
#349 = CARTESIAN_POINT ( 'NONE',  ( -7.499999999999998224, 14.63171219946130641, 21.75000000000000355 ) ) ;
#350 = CARTESIAN_POINT ( 'NONE',  ( 1.499999999999999556, 15.00000000000000178, -5.650000000000002132 ) ) ;
#351 = LINE ( 'NONE', #2259, #5 ) ;
#352 = DIRECTION ( 'NONE',  ( 0.000000000000000000, 1.000000000000000000, 0.000000000000000000 ) ) ;
#353 = AXIS2_PLACEMENT_3D ( 'NONE', #1250, #2608, #377 ) ;
#354 = DIRECTION ( 'NONE',  ( 0.000000000000000000, 0.000000000000000000, 1.000000000000000000 ) ) ;
#355 = EDGE_CURVE ( 'NONE', #2414, #2398, #2426, .T. ) ;
#356 = AXIS2_PLACEMENT_3D ( 'NONE', #3179, #647, #380 ) ;
#357 = CIRCLE ( 'NONE', #124, 6.000000000000000888 ) ;
#358 = VERTEX_POINT ( 'NONE', #173 ) ;
#359 = CARTESIAN_POINT ( 'NONE',  ( -7.499999999999998224, 3.175426480542918650, -3.249999999999999556 ) ) ;
#360 = VECTOR ( 'NONE', #729, 1000.000000000000000 ) ;
#361 = AXIS2_PLACEMENT_3D ( 'NONE', #1826, #2952, #717 ) ;
#362 = FACE_OUTER_BOUND ( 'NONE', #983, .T. ) ;
#363 = EDGE_CURVE ( 'NONE', #2499, #995, #2408, .T. ) ;
#364 = CARTESIAN_POINT ( 'NONE',  ( 4.750253107736162050, 3.666590921330024955, -0.6360226105691727527 ) ) ;
#365 = ORIENTED_EDGE ( 'NONE', *, *, #1470, .T. ) ;
#366 = ORIENTED_EDGE ( 'NONE', *, *, #1161, .T. ) ;
#367 = VERTEX_POINT ( 'NONE', #1057 ) ;
#368 = DIRECTION ( 'NONE',  ( 0.000000000000000000, -1.000000000000000000, 0.000000000000000000 ) ) ;
#369 = CARTESIAN_POINT ( 'NONE',  ( -4.640854494767777005, 3.803292172516424596, -1.513826032055954673 ) ) ;
#370 = DIRECTION ( 'NONE',  ( -1.734723475976808080E-16, 1.000000000000000000, -0.000000000000000000 ) ) ;
#371 = CARTESIAN_POINT ( 'NONE',  ( -2.301439138962425357, 5.544493594766113809, 4.691599264608830033 ) ) ;
#372 = EDGE_CURVE ( 'NONE', #487, #502, #1337, .T. ) ;
#373 = ORIENTED_EDGE ( 'NONE', *, *, #1341, .T. ) ;
#374 = CARTESIAN_POINT ( 'NONE',  ( -1.500000000000001776, 15.00000000000000355, 8.250000000000000000 ) ) ;
#375 = DIRECTION ( 'NONE',  ( 1.000000000000000000, 1.204669080539449344E-16, -0.000000000000000000 ) ) ;
#376 = EDGE_CURVE ( 'NONE', #404, #2901, #3044, .T. ) ;
#377 = DIRECTION ( 'NONE',  ( -1.734723475976808080E-16, 1.000000000000000000, 0.000000000000000000 ) ) ;
#378 = VERTEX_POINT ( 'NONE', #1598 ) ;
#379 =( NAMED_UNIT ( * ) SI_UNIT ( $, .STERADIAN. ) SOLID_ANGLE_UNIT ( ) );
#380 = DIRECTION ( 'NONE',  ( 1.000000000000000000, 0.000000000000000000, -0.000000000000000000 ) ) ;
#381 = CARTESIAN_POINT ( 'NONE',  ( -5.000000000000006217, 15.00000000000000178, 16.75000000000000000 ) ) ;
#382 = CARTESIAN_POINT ( 'NONE',  ( 4.926890059620190776, 3.426442560336369070, -0.3763529531557689434 ) ) ;
#383 = ORIENTED_EDGE ( 'NONE', *, *, #1703, .T. ) ;
#384 = ORIENTED_EDGE ( 'NONE', *, *, #2027, .T. ) ;
#385 = VERTEX_POINT ( 'NONE', #1283 ) ;
#386 = DIRECTION ( 'NONE',  ( -1.000000000000000000, -0.000000000000000000, -0.000000000000000000 ) ) ;
#387 = LINE ( 'NONE', #3228, #2543 ) ;
#388 = EDGE_CURVE ( 'NONE', #1417, #16, #1979, .T. ) ;
#389 = AXIS2_PLACEMENT_3D ( 'NONE', #3416, #3204, #2021 ) ;
#390 = DIRECTION ( 'NONE',  ( -1.000000000000000000, -3.336006684570784088E-16, 6.721550375710441004E-32 ) ) ;
#391 = CARTESIAN_POINT ( 'NONE',  ( 6.200000000000000178, -4.499999999999996447, 21.25000000000000711 ) ) ;
#392 = AXIS2_PLACEMENT_3D ( 'NONE', #2126, #1579, #2698 ) ;
#393 = VERTEX_POINT ( 'NONE', #1042 ) ;
#394 = EDGE_LOOP ( 'NONE', ( #2549, #2035, #2716, #107, #88, #3349 ) ) ;
#395 = CARTESIAN_POINT ( 'NONE',  ( -6.000000000000000888, 7.347880794884120722E-16, -9.750000000000000000 ) ) ;
#396 = CARTESIAN_POINT ( 'NONE',  ( -5.000000000000002665, 17.99999999999999645, -9.750000000000000000 ) ) ;
#397 = EDGE_CURVE ( 'NONE', #378, #2414, #1560, .T. ) ;
#398 = FACE_BOUND ( 'NONE', #84, .T. ) ;
#399 = ORIENTED_EDGE ( 'NONE', *, *, #1341, .F. ) ;
#400 = CARTESIAN_POINT ( 'NONE',  ( 1.500000000000000000, 5.809475019311124200, 20.25000000000001066 ) ) ;
#401 = CARTESIAN_POINT ( 'NONE',  ( -5.000000000000006217, 15.00000000000000178, 15.15000000000000213 ) ) ;
#402 = DIRECTION ( 'NONE',  ( 1.000000000000000000, 0.000000000000000000, 0.000000000000000000 ) ) ;
#403 = ORIENTED_EDGE ( 'NONE', *, *, #2931, .F. ) ;
#404 = VERTEX_POINT ( 'NONE', #2168 ) ;
#405 = VERTEX_POINT ( 'NONE', #1631 ) ;
#406 = DIRECTION ( 'NONE',  ( 0.000000000000000000, -1.000000000000000000, 0.000000000000000000 ) ) ;
#407 = CARTESIAN_POINT ( 'NONE',  ( -5.614314797661739576, 2.117077331662790662, -1.512398918055971153 ) ) ;
#408 = LINE ( 'NONE', #3481, #1551 ) ;
#409 = EDGE_CURVE ( 'NONE', #2152, #2901, #1073, .T. ) ;
#410 = CARTESIAN_POINT ( 'NONE',  ( -1.500000000000000666, 5.809475019311125976, 5.348076211353309795 ) ) ;
#411 = ORIENTED_EDGE ( 'NONE', *, *, #28, .F. ) ;
#412 = VERTEX_POINT ( 'NONE', #225 ) ;
#413 = DIRECTION ( 'NONE',  ( -0.000000000000000000, -0.000000000000000000, 1.000000000000000000 ) ) ;
#414 = DIRECTION ( 'NONE',  ( 0.8660254037844397068, -0.4999999999999979461, 0.000000000000000000 ) ) ;
#415 = EDGE_LOOP ( 'NONE', ( #3290, #3434, #1517, #2023 ) ) ;
#416 = FACE_BOUND ( 'NONE', #2795, .T. ) ;
#417 = CARTESIAN_POINT ( 'NONE',  ( 0.000000000000000000, 0.000000000000000000, 27.75000000000000355 ) ) ;
#418 = PRODUCT_DEFINITION ( 'UNKNOWN', '', #435, #823 ) ;
#419 = VECTOR ( 'NONE', #1882, 1000.000000000000000 ) ;
#420 = EDGE_CURVE ( 'NONE', #2318, #581, #2277, .T. ) ;
#421 = VERTEX_POINT ( 'NONE', #1875 ) ;
#422 = CYLINDRICAL_SURFACE ( 'NONE', #3123, 1.000000000000000666 ) ;
#423 = AXIS2_PLACEMENT_3D ( 'NONE', #1865, #1923, #538 ) ;
#424 = AXIS2_PLACEMENT_3D ( 'NONE', #2087, #1220, #675 ) ;
#425 = DIRECTION ( 'NONE',  ( -1.204669080539449344E-16, 1.000000000000000000, 0.000000000000000000 ) ) ;
#426 = CARTESIAN_POINT ( 'NONE',  ( 4.640600149827039722, 3.803600573786539485, 8.787601081944030668 ) ) ;
#427 = ORIENTED_EDGE ( 'NONE', *, *, #1592, .F. ) ;
#428 = VECTOR ( 'NONE', #2555, 1000.000000000000000 ) ;
#429 = ORIENTED_EDGE ( 'NONE', *, *, #1892, .F. ) ;
#430 = CARTESIAN_POINT ( 'NONE',  ( 5.623475382979806980, 2.092014487765355923, 9.050000000000000711 ) ) ;
#431 = CIRCLE ( 'NONE', #1721, 2.999999999999990674 ) ;
#432 = CARTESIAN_POINT ( 'NONE',  ( 6.200000000000000178, -2.499999999999998668, -9.750000000000001776 ) ) ;
#433 = CARTESIAN_POINT ( 'NONE',  ( 7.500000000000000888, 5.484827557301421130, 0.7500000000000008882 ) ) ;
#434 = VECTOR ( 'NONE', #2971, 1000.000000000000000 ) ;
#435 = PRODUCT_DEFINITION_FORMATION_WITH_SPECIFIED_SOURCE ( 'ANY', '', #1591, .NOT_KNOWN. ) ;
#436 = DIRECTION ( 'NONE',  ( 0.8660254037844397068, -0.4999999999999979461, 0.000000000000000000 ) ) ;
#437 = ORIENTED_EDGE ( 'NONE', *, *, #622, .T. ) ;
#438 = ORIENTED_EDGE ( 'NONE', *, *, #2243, .T. ) ;
#439 = DIRECTION ( 'NONE',  ( -0.000000000000000000, -0.000000000000000000, 1.000000000000000000 ) ) ;
#440 = APPLICATION_CONTEXT ( 'automotive_design' ) ;
#441 = ADVANCED_FACE ( 'NONE', ( #1617 ), #3541, .F. ) ;
#442 = CARTESIAN_POINT ( 'NONE',  ( -7.499999999999998224, -7.500000000000000000, 21.75000000000000355 ) ) ;
#443 = VERTEX_POINT ( 'NONE', #2181 ) ;
#444 = DIRECTION ( 'NONE',  ( -0.000000000000000000, -0.000000000000000000, 1.000000000000000000 ) ) ;
#445 = ORIENTED_EDGE ( 'NONE', *, *, #112, .F. ) ;
#446 = CARTESIAN_POINT ( 'NONE',  ( -7.500000000000000000, -2.500000000000000888, 20.25000000000000711 ) ) ;
#447 = FACE_OUTER_BOUND ( 'NONE', #1392, .T. ) ;
#448 = DIRECTION ( 'NONE',  ( -0.000000000000000000, 0.000000000000000000, -1.000000000000000000 ) ) ;
#449 = VERTEX_POINT ( 'NONE', #2979 ) ;
#450 = ORIENTED_EDGE ( 'NONE', *, *, #2722, .T. ) ;
#451 = CARTESIAN_POINT ( 'NONE',  ( -7.500000000000000000, -2.500000000000000888, -9.750000000000001776 ) ) ;
#452 = FACE_BOUND ( 'NONE', #3379, .T. ) ;
#453 = LINE ( 'NONE', #3272, #533 ) ;
#454 = CARTESIAN_POINT ( 'NONE',  ( -13.41922863405994093, 7.747595264191600606, 9.050000000000000711 ) ) ;
#455 = ORIENTED_EDGE ( 'NONE', *, *, #1780, .T. ) ;
#456 = ORIENTED_EDGE ( 'NONE', *, *, #2203, .F. ) ;
#457 = DIRECTION ( 'NONE',  ( 1.000000000000000000, 1.204669080539449344E-16, -0.000000000000000000 ) ) ;
#458 = ORIENTED_EDGE ( 'NONE', *, *, #112, .T. ) ;
#459 = CARTESIAN_POINT ( 'NONE',  ( 5.000000000000000888, 8.000000000000003553, 20.25000000000000355 ) ) ;
#460 = ADVANCED_FACE ( 'NONE', ( #3302 ), #1025, .F. ) ;
#461 = DIRECTION ( 'NONE',  ( -1.000000000000000000, -0.000000000000000000, -0.000000000000000000 ) ) ;
#462 = DIRECTION ( 'NONE',  ( 0.000000000000000000, 1.000000000000000000, 0.000000000000000000 ) ) ;
#463 = CARTESIAN_POINT ( 'NONE',  ( 5.476849456678180239, 2.452085243189721098, 9.849318062581744471 ) ) ;
#464 = CARTESIAN_POINT ( 'NONE',  ( 4.861643984564111953, 3.517530635982969667, 8.251117577520593827 ) ) ;
#465 = VERTEX_POINT ( 'NONE', #485 ) ;
#466 = CARTESIAN_POINT ( 'NONE',  ( -7.499999999999999112, 8.000000000000000000, -9.750000000000000000 ) ) ;
#467 = VECTOR ( 'NONE', #2333, 1000.000000000000000 ) ;
#468 = FACE_BOUND ( 'NONE', #2322, .T. ) ;
#469 = CARTESIAN_POINT ( 'NONE',  ( -1.500000000000002220, 18.00000000000001066, 21.24999999999999645 ) ) ;
#470 = DIRECTION ( 'NONE',  ( 1.734723475976808327E-16, -1.000000000000000000, 3.083952846180990774E-16 ) ) ;
#471 = ORIENTED_EDGE ( 'NONE', *, *, #807, .T. ) ;
#472 = ORIENTED_EDGE ( 'NONE', *, *, #792, .F. ) ;
#473 = EDGE_CURVE ( 'NONE', #212, #3515, #2733, .T. ) ;
#474 = DIRECTION ( 'NONE',  ( 5.595882180570345426E-17, 1.000000000000000000, 0.000000000000000000 ) ) ;
#475 = ORIENTED_EDGE ( 'NONE', *, *, #1272, .T. ) ;
#476 = EDGE_CURVE ( 'NONE', #2152, #3254, #1353, .T. ) ;
#477 = DIRECTION ( 'NONE',  ( 1.783268467025218707E-32, -1.541976423090495387E-16, -1.000000000000000000 ) ) ;
#478 = CARTESIAN_POINT ( 'NONE',  ( -3.968626966596890515, -4.499999999999998224, 20.25000000000000711 ) ) ;
#479 = ORIENTED_EDGE ( 'NONE', *, *, #253, .T. ) ;
#480 = CARTESIAN_POINT ( 'NONE',  ( 6.200000000000000178, -2.499999999999998668, 13.75000000000000178 ) ) ;
#481 = CARTESIAN_POINT ( 'NONE',  ( -12.91922863405994271, 8.613620667976039869, 9.050000000000000711 ) ) ;
#482 = AXIS2_PLACEMENT_3D ( 'NONE', #64, #2080, #1447 ) ;
#483 = CIRCLE ( 'NONE', #1314, 1.600000000000000755 ) ;
#484 = DIRECTION ( 'NONE',  ( -1.204669080539449344E-16, 1.000000000000000000, 0.000000000000000000 ) ) ;
#485 = CARTESIAN_POINT ( 'NONE',  ( -4.623475382979808757, 3.824065295334236669, -1.249999999999999334 ) ) ;
#486 = CIRCLE ( 'NONE', #2542, 6.000000000000000888 ) ;
#487 = VERTEX_POINT ( 'NONE', #771 ) ;
#488 = VERTEX_POINT ( 'NONE', #501 ) ;
#489 = VECTOR ( 'NONE', #1289, 1000.000000000000000 ) ;
#490 = VECTOR ( 'NONE', #2797, 1000.000000000000227 ) ;
#491 = ORIENTED_EDGE ( 'NONE', *, *, #1281, .F. ) ;
#492 = EDGE_CURVE ( 'NONE', #915, #3206, #2478, .T. ) ;
#493 = DIRECTION ( 'NONE',  ( -1.000000000000000000, -0.000000000000000000, -0.000000000000000000 ) ) ;
#494 = VERTEX_POINT ( 'NONE', #3111 ) ;
#495 = DIRECTION ( 'NONE',  ( -1.000000000000000000, -0.000000000000000000, -0.000000000000000000 ) ) ;
#496 = DIRECTION ( 'NONE',  ( 1.000000000000000000, 1.204669080539449344E-16, -0.000000000000000000 ) ) ;
#497 = ORIENTED_EDGE ( 'NONE', *, *, #347, .F. ) ;
#498 = EDGE_CURVE ( 'NONE', #2325, #2561, #1381, .T. ) ;
#499 = PLANE ( 'NONE',  #1421 ) ;
#500 = CARTESIAN_POINT ( 'NONE',  ( -1.500000000000002220, 18.00000000000000000, -9.750000000000000000 ) ) ;
#501 = CARTESIAN_POINT ( 'NONE',  ( -7.499999999999999112, 8.000000000000000000, -9.750000000000000000 ) ) ;
#502 = VERTEX_POINT ( 'NONE', #291 ) ;
#503 = ORIENTED_EDGE ( 'NONE', *, *, #178, .F. ) ;
#504 = ORIENTED_EDGE ( 'NONE', *, *, #2034, .F. ) ;
#505 = LINE ( 'NONE', #268, #3547 ) ;
#506 = VECTOR ( 'NONE', #678, 1000.000000000000000 ) ;
#507 = EDGE_CURVE ( 'NONE', #314, #1535, #1646, .T. ) ;
#508 = CARTESIAN_POINT ( 'NONE',  ( -7.499999999999996447, -7.500000000000000000, -9.750000000000000000 ) ) ;
#509 = DIRECTION ( 'NONE',  ( 0.000000000000000000, 0.000000000000000000, 1.000000000000000000 ) ) ;
#510 = VECTOR ( 'NONE', #1117, 1000.000000000000000 ) ;
#511 = ORIENTED_EDGE ( 'NONE', *, *, #973, .T. ) ;
#512 = LINE ( 'NONE', #223, #1900 ) ;
#513 = PLANE ( 'NONE',  #3252 ) ;
#514 = CARTESIAN_POINT ( 'NONE',  ( -3.499999999999997780, -7.299999999999999822, 21.75000000000000355 ) ) ;
#515 = ORIENTED_EDGE ( 'NONE', *, *, #758, .T. ) ;
#516 = ORIENTED_EDGE ( 'NONE', *, *, #1817, .F. ) ;
#517 = EDGE_CURVE ( 'NONE', #2177, #723, #2920, .T. ) ;
#518 = CARTESIAN_POINT ( 'NONE',  ( -3.968626966596895844, -4.499999999999993783, -9.750000000000001776 ) ) ;
#519 = EDGE_CURVE ( 'NONE', #494, #1059, #979, .T. ) ;
#520 = LINE ( 'NONE', #1651, #648 ) ;
#521 = CARTESIAN_POINT ( 'NONE',  ( 7.500000000000000888, 18.00000000000000355, 10.75000000000000000 ) ) ;
#522 = EDGE_CURVE ( 'NONE', #3569, #1637, #1141, .T. ) ;
#523 = ADVANCED_FACE ( 'NONE', ( #2269 ), #2213, .F. ) ;
#524 = DIRECTION ( 'NONE',  ( -1.000000000000000000, -1.678764654171103751E-16, 0.000000000000000000 ) ) ;
#525 = VERTEX_POINT ( 'NONE', #564 ) ;
#526 = CARTESIAN_POINT ( 'NONE',  ( -4.623475382979808757, 3.824065295334236669, 9.050000000000000711 ) ) ;
#527 = DIRECTION ( 'NONE',  ( 1.000000000000000000, -5.595882180570345426E-17, 0.000000000000000000 ) ) ;
#528 = EDGE_CURVE ( 'NONE', #279, #566, #2816, .T. ) ;
#529 = LINE ( 'NONE', #2512, #1340 ) ;
#530 = VECTOR ( 'NONE', #2336, 1000.000000000000000 ) ;
#531 = ORIENTED_EDGE ( 'NONE', *, *, #3376, .T. ) ;
#532 = ORIENTED_EDGE ( 'NONE', *, *, #1910, .T. ) ;
#533 = VECTOR ( 'NONE', #1056, 1000.000000000000000 ) ;
#534 = AXIS2_PLACEMENT_3D ( 'NONE', #2352, #2941, #2110 ) ;
#535 = CARTESIAN_POINT ( 'NONE',  ( -5.000000000000006217, 15.00000000000000711, 26.85000000000000497 ) ) ;
#536 = ADVANCED_FACE ( 'NONE', ( #2833 ), #3367, .F. ) ;
#537 = AXIS2_PLACEMENT_3D ( 'NONE', #1911, #3035, #2791 ) ;
#538 = DIRECTION ( 'NONE',  ( 1.000000000000000000, 0.000000000000000000, 0.000000000000000000 ) ) ;
#539 = AXIS2_PLACEMENT_3D ( 'NONE', #2617, #1160, #2288 ) ;
#540 = DIRECTION ( 'NONE',  ( 0.000000000000000000, -1.000000000000000000, 0.000000000000000000 ) ) ;
#541 = VECTOR ( 'NONE', #891, 1000.000000000000000 ) ;
#542 = VECTOR ( 'NONE', #2796, 1000.000000000000000 ) ;
#543 = FACE_OUTER_BOUND ( 'NONE', #1043, .T. ) ;
#544 = CARTESIAN_POINT ( 'NONE',  ( -4.751174531039405124, 3.665369975001753211, 8.434382673013942622 ) ) ;
#545 = VERTEX_POINT ( 'NONE', #819 ) ;
#546 = CARTESIAN_POINT ( 'NONE',  ( -5.550487437025284798, 2.280544405040457079, 9.663977389430826292 ) ) ;
#547 = CARTESIAN_POINT ( 'NONE',  ( 12.91922863405994626, 8.613620667976041645, -1.249999999999999112 ) ) ;
#548 = PRESENTATION_STYLE_ASSIGNMENT (( #3346 ) ) ;
#549 = CARTESIAN_POINT ( 'NONE',  ( 6.200000000000000178, -5.500000000000000000, -9.750000000000001776 ) ) ;
#550 = ORIENTED_EDGE ( 'NONE', *, *, #897, .F. ) ;
#551 = ORIENTED_EDGE ( 'NONE', *, *, #2907, .T. ) ;
#552 = EDGE_CURVE ( 'NONE', #1260, #2479, #2626, .T. ) ;
#553 = LINE ( 'NONE', #2530, #2860 ) ;
#554 = VERTEX_POINT ( 'NONE', #841 ) ;
#555 = CARTESIAN_POINT ( 'NONE',  ( 1.500000000000000000, 0.000000000000000000, -9.750000000000000000 ) ) ;
#556 = DIRECTION ( 'NONE',  ( -0.000000000000000000, -1.000000000000000000, -0.000000000000000000 ) ) ;
#557 = LINE ( 'NONE', #1390, #2718 ) ;
#558 = EDGE_CURVE ( 'NONE', #692, #1176, #3622, .T. ) ;
#559 = VECTOR ( 'NONE', #3321, 1000.000000000000000 ) ;
#560 = DIRECTION ( 'NONE',  ( -1.000000000000000000, -3.336006684570783101E-16, -0.000000000000000000 ) ) ;
#561 = ORIENTED_EDGE ( 'NONE', *, *, #2580, .T. ) ;
#562 = DIRECTION ( 'NONE',  ( 0.000000000000000000, 0.000000000000000000, 1.000000000000000000 ) ) ;
#563 = DIRECTION ( 'NONE',  ( -0.000000000000000000, -0.000000000000000000, 1.000000000000000000 ) ) ;
#564 = CARTESIAN_POINT ( 'NONE',  ( -7.500000000000000000, -2.500000000000000888, 21.25000000000000711 ) ) ;
#565 = ORIENTED_EDGE ( 'NONE', *, *, #1230, .F. ) ;
#566 = VERTEX_POINT ( 'NONE', #2545 ) ;
#567 = VERTEX_POINT ( 'NONE', #240 ) ;
#568 = CARTESIAN_POINT ( 'NONE',  ( -6.200000000000000178, 18.00000000000000711, 20.25000000000000355 ) ) ;
#569 = EDGE_CURVE ( 'NONE', #3304, #2158, #529, .T. ) ;
#570 = CARTESIAN_POINT ( 'NONE',  ( -5.430831331669597972, 2.553590673115903265, -0.3763529531557689434 ) ) ;
#571 = DIRECTION ( 'NONE',  ( 0.000000000000000000, 0.000000000000000000, 1.000000000000000000 ) ) ;
#572 = CARTESIAN_POINT ( 'NONE',  ( 1.500000000000000000, 0.000000000000000000, -9.750000000000000000 ) ) ;
#573 = CARTESIAN_POINT ( 'NONE',  ( 7.500000000000004441, 18.00000000000000711, 21.25000000000000000 ) ) ;
#574 = DIRECTION ( 'NONE',  ( -9.912705577010326536E-16, 1.000000000000000000, 0.000000000000000000 ) ) ;
#575 = VERTEX_POINT ( 'NONE', #1952 ) ;
#576 = DIRECTION ( 'NONE',  ( 0.000000000000000000, -0.000000000000000000, 1.000000000000000000 ) ) ;
#577 = EDGE_CURVE ( 'NONE', #3574, #2463, #1677, .T. ) ;
#578 = CARTESIAN_POINT ( 'NONE',  ( 7.500000000000000000, -2.499999999999999112, -9.750000000000001776 ) ) ;
#579 = DIRECTION ( 'NONE',  ( -0.000000000000000000, 0.000000000000000000, -1.000000000000000000 ) ) ;
#580 = ORIENTED_EDGE ( 'NONE', *, *, #3596, .F. ) ;
#581 = VERTEX_POINT ( 'NONE', #859 ) ;
#582 = ORIENTED_EDGE ( 'NONE', *, *, #1723, .F. ) ;
#583 = CARTESIAN_POINT ( 'NONE',  ( 0.000000000000000000, 0.000000000000000000, 21.25000000000000355 ) ) ;
#584 = CARTESIAN_POINT ( 'NONE',  ( 3.499999999999999556, -7.299999999999999822, 10.75000000000000000 ) ) ;
#585 = CARTESIAN_POINT ( 'NONE',  ( -5.323031460260958525, 2.771297593536428128, -0.2759194721689924301 ) ) ;
#586 = LINE ( 'NONE', #1753, #193 ) ;
#587 = VECTOR ( 'NONE', #2373, 1000.000000000000000 ) ;
#588 = DIRECTION ( 'NONE',  ( 1.000000000000000000, 0.000000000000000000, 0.000000000000000000 ) ) ;
#589 = VECTOR ( 'NONE', #1961, 1000.000000000000000 ) ;
#590 = ADVANCED_FACE ( 'NONE', ( #311, #1434 ), #2560, .T. ) ;
#591 =( BOUNDED_CURVE ( )  B_SPLINE_CURVE ( 3, ( #2088, #1828, #433, #919 ),
 .UNSPECIFIED., .F., .T. ) 
 B_SPLINE_CURVE_WITH_KNOTS ( ( 4, 4 ),
 ( 0.000000000000000000, 3.141592653589793116 ),
 .UNSPECIFIED. ) 
 CURVE ( )  GEOMETRIC_REPRESENTATION_ITEM ( )  RATIONAL_B_SPLINE_CURVE ( ( 1.000000000000000000, 0.3333333333333333703, 0.3333333333333333703, 1.000000000000000000 ) ) 
 REPRESENTATION_ITEM ( '' )  );
#592 = VECTOR ( 'NONE', #3456, 1000.000000000000000 ) ;
#593 = LINE ( 'NONE', #521, #1008 ) ;
#594 = LINE ( 'NONE', #856, #248 ) ;
#595 = CARTESIAN_POINT ( 'NONE',  ( -5.000000000000002665, 8.000000000000000000, -9.750000000000000000 ) ) ;
#596 = PLANE ( 'NONE',  #1798 ) ;
#597 = ORIENTED_EDGE ( 'NONE', *, *, #2875, .T. ) ;
#598 = EDGE_LOOP ( 'NONE', ( #136, #2694 ) ) ;
#599 = ORIENTED_EDGE ( 'NONE', *, *, #1723, .T. ) ;
#600 = CARTESIAN_POINT ( 'NONE',  ( -5.000000000000006217, 15.00000000000000178, 16.75000000000000000 ) ) ;
#601 = EDGE_CURVE ( 'NONE', #2342, #226, #3591, .T. ) ;
#602 = CARTESIAN_POINT ( 'NONE',  ( 1.500000000000000444, 18.00000000000000711, 20.25000000000000355 ) ) ;
#603 = DIRECTION ( 'NONE',  ( -0.8660254037844397068, -0.4999999999999978906, 0.000000000000000000 ) ) ;
#604 = CARTESIAN_POINT ( 'NONE',  ( 5.000000000000000888, 8.000000000000003553, 10.75000000000000000 ) ) ;
#605 = DIRECTION ( 'NONE',  ( 0.8660254037844399289, -0.4999999999999980571, 0.000000000000000000 ) ) ;
#606 = CARTESIAN_POINT ( 'NONE',  ( 7.500000000000000888, 8.000000000000000000, -9.750000000000000000 ) ) ;
#607 = EDGE_CURVE ( 'NONE', #3515, #2296, #3333, .T. ) ;
#608 = ORIENTED_EDGE ( 'NONE', *, *, #2456, .T. ) ;
#609 = DIRECTION ( 'NONE',  ( -1.000000000000000000, -1.156482317317871478E-16, -0.000000000000000000 ) ) ;
#610 = DIRECTION ( 'NONE',  ( 0.000000000000000000, 0.000000000000000000, 1.000000000000000000 ) ) ;
#611 = CARTESIAN_POINT ( 'NONE',  ( 0.000000000000000000, 0.000000000000000000, 21.25000000000000355 ) ) ;
#612 = ORIENTED_EDGE ( 'NONE', *, *, #2396, .T. ) ;
#613 = ORIENTED_EDGE ( 'NONE', *, *, #2687, .T. ) ;
#614 = EDGE_LOOP ( 'NONE', ( #2974, #17 ) ) ;
#615 = DIRECTION ( 'NONE',  ( 0.8660254037844399289, -0.4999999999999980571, 0.000000000000000000 ) ) ;
#616 = AXIS2_PLACEMENT_3D ( 'NONE', #2368, #902, #658 ) ;
#617 = CARTESIAN_POINT ( 'NONE',  ( -5.000000000000002665, 15.00000000000000178, -8.849999999999997868 ) ) ;
#618 = DIRECTION ( 'NONE',  ( 0.000000000000000000, 0.000000000000000000, -1.000000000000000000 ) ) ;
#619 = CARTESIAN_POINT ( 'NONE',  ( 7.500000000000004441, 18.00000000000000711, 20.25000000000000355 ) ) ;
#620 = CARTESIAN_POINT ( 'NONE',  ( 1.500000000000000000, 5.809475019311125976, -9.750000000000000000 ) ) ;
#621 = DIRECTION ( 'NONE',  ( 1.204669080539449344E-16, -1.000000000000000000, 0.000000000000000000 ) ) ;
#622 = EDGE_CURVE ( 'NONE', #2917, #1029, #3626, .T. ) ;
#623 = CARTESIAN_POINT ( 'NONE',  ( -5.000000000000003553, 18.00000000000000355, 13.75000000000000178 ) ) ;
#624 = LINE ( 'NONE', #321, #2300 ) ;
#625 = ORIENTED_EDGE ( 'NONE', *, *, #2793, .F. ) ;
#626 = CARTESIAN_POINT ( 'NONE',  ( -5.000000000000002665, 15.00000000000000178, -7.249999999999999112 ) ) ;
#627 = ADVANCED_FACE ( 'NONE', ( #2321 ), #596, .F. ) ;
#628 = DIRECTION ( 'NONE',  ( 1.119176436114069085E-16, -1.000000000000000000, 0.000000000000000000 ) ) ;
#629 = CARTESIAN_POINT ( 'NONE',  ( 5.476732297424487861, 2.452345779124416758, -2.049520541027149978 ) ) ;
#630 = ORIENTED_EDGE ( 'NONE', *, *, #1829, .T. ) ;
#631 = ORIENTED_EDGE ( 'NONE', *, *, #409, .F. ) ;
#632 = VERTEX_POINT ( 'NONE', #1727 ) ;
#633 = DIRECTION ( 'NONE',  ( 1.000000000000000000, 1.239088197126291803E-16, 0.000000000000000000 ) ) ;
#634 = DIRECTION ( 'NONE',  ( 1.000000000000000000, 0.000000000000000000, 0.000000000000000000 ) ) ;
#635 = EDGE_CURVE ( 'NONE', #2923, #1038, #3182, .T. ) ;
#636 = CARTESIAN_POINT ( 'NONE',  ( -1.500000000000002220, 18.00000000000000355, 10.75000000000000000 ) ) ;
#637 = CARTESIAN_POINT ( 'NONE',  ( 7.500000000000000000, -7.500000000000000000, 21.75000000000000355 ) ) ;
#638 = EDGE_LOOP ( 'NONE', ( #1814, #1909, #3503, #2682 ) ) ;
#639 = LINE ( 'NONE', #2902, #587 ) ;
#640 = DIRECTION ( 'NONE',  ( -0.000000000000000000, -0.000000000000000000, 1.000000000000000000 ) ) ;
#641 = AXIS2_PLACEMENT_3D ( 'NONE', #947, #1737, #3490 ) ;
#642 = DIRECTION ( 'NONE',  ( -0.000000000000000000, 1.000000000000000000, -0.000000000000000000 ) ) ;
#643 = PRESENTATION_LAYER_ASSIGNMENT (  '', '', ( #244 ) ) ;
#644 = CIRCLE ( 'NONE', #1607, 1.599999999999995426 ) ;
#645 = EDGE_LOOP ( 'NONE', ( #3232, #3594 ) ) ;
#646 = CARTESIAN_POINT ( 'NONE',  ( 0.000000000000000000, 0.000000000000000000, 0.000000000000000000 ) ) ;
#647 = DIRECTION ( 'NONE',  ( 0.000000000000000000, 0.000000000000000000, 1.000000000000000000 ) ) ;
#648 = VECTOR ( 'NONE', #2771, 1000.000000000000000 ) ;
#649 = AXIS2_PLACEMENT_3D ( 'NONE', #583, #2564, #1716 ) ;
#650 = DIRECTION ( 'NONE',  ( 1.000000000000000000, 1.734723475976808080E-16, -0.000000000000000000 ) ) ;
#651 = CARTESIAN_POINT ( 'NONE',  ( 5.623475382979806980, 2.092014487765358144, -1.117606119983649560 ) ) ;
#652 = ORIENTED_EDGE ( 'NONE', *, *, #11, .T. ) ;
#653 = ORIENTED_EDGE ( 'NONE', *, *, #1168, .T. ) ;
#654 = ORIENTED_EDGE ( 'NONE', *, *, #2388, .T. ) ;
#655 = LINE ( 'NONE', #3115, #592 ) ;
#656 = FACE_OUTER_BOUND ( 'NONE', #394, .T. ) ;
#657 = CARTESIAN_POINT ( 'NONE',  ( 7.500000000000000000, -2.499999999999999112, -9.750000000000001776 ) ) ;
#658 = DIRECTION ( 'NONE',  ( -1.000000000000000000, 3.336006684570783594E-16, 0.000000000000000000 ) ) ;
#659 = ORIENTED_EDGE ( 'NONE', *, *, #2139, .F. ) ;
#660 = EDGE_LOOP ( 'NONE', ( #680, #2182, #3595, #843 ) ) ;
#661 = EDGE_CURVE ( 'NONE', #761, #121, #1046, .T. ) ;
#662 = LINE ( 'NONE', #138, #2189 ) ;
#663 = PLANE ( 'NONE',  #1937 ) ;
#664 = ORIENTED_EDGE ( 'NONE', *, *, #372, .T. ) ;
#665 = DIRECTION ( 'NONE',  ( -1.000000000000000000, -1.156482317317871478E-16, -0.000000000000000000 ) ) ;
#666 = ORIENTED_EDGE ( 'NONE', *, *, #1703, .F. ) ;
#667 = FACE_OUTER_BOUND ( 'NONE', #415, .T. ) ;
#668 = EDGE_CURVE ( 'NONE', #1029, #2917, #2151, .T. ) ;
#669 = CARTESIAN_POINT ( 'NONE',  ( 0.000000000000000000, 0.000000000000000000, 27.75000000000000355 ) ) ;
#670 = CARTESIAN_POINT ( 'NONE',  ( 4.640465109989818870, 3.803769094923666660, -0.9880567599685351476 ) ) ;
#671 = EDGE_LOOP ( 'NONE', ( #2156, #2395, #3534, #3045, #956, #815, #1772, #3335, #2752, #2729 ) ) ;
#672 = EDGE_LOOP ( 'NONE', ( #429, #3165, #143, #2681 ) ) ;
#673 = ORIENTED_EDGE ( 'NONE', *, *, #2602, .F. ) ;
#674 = CARTESIAN_POINT ( 'NONE',  ( -1.500000000000001776, 15.00000000000000178, -8.849999999999996092 ) ) ;
#675 = DIRECTION ( 'NONE',  ( -1.000000000000000000, -9.912705577010326536E-16, 0.000000000000000000 ) ) ;
#676 = AXIS2_PLACEMENT_3D ( 'NONE', #2764, #15, #1122 ) ;
#677 = DIRECTION ( 'NONE',  ( -0.000000000000000000, -0.000000000000000000, 1.000000000000000000 ) ) ;
#678 = DIRECTION ( 'NONE',  ( -1.000000000000000000, -1.156482317317871478E-16, -0.000000000000000000 ) ) ;
#679 = VECTOR ( 'NONE', #938, 1000.000000000000000 ) ;
#680 = ORIENTED_EDGE ( 'NONE', *, *, #2338, .F. ) ;
#681 = ORIENTED_EDGE ( 'NONE', *, *, #1222, .F. ) ;
#682 = CARTESIAN_POINT ( 'NONE',  ( 4.999999999999999112, 18.00000000000000000, -9.750000000000000000 ) ) ;
#683 = ADVANCED_FACE ( 'NONE', ( #954 ), #2082, .F. ) ;
#684 = LINE ( 'NONE', #2965, #2009 ) ;
#685 = PLANE ( 'NONE',  #189 ) ;
#686 = CARTESIAN_POINT ( 'NONE',  ( -7.500000000000000000, -2.500000000000000888, 10.75000000000000178 ) ) ;
#687 = VERTEX_POINT ( 'NONE', #1804 ) ;
#688 = DIRECTION ( 'NONE',  ( 0.000000000000000000, 0.000000000000000000, 1.000000000000000000 ) ) ;
#689 = CARTESIAN_POINT ( 'NONE',  ( -7.499999999999998224, 5.484827557301419354, 11.05000000000000071 ) ) ;
#690 = DIRECTION ( 'NONE',  ( 1.000000000000000000, 1.776356839400250267E-15, 0.000000000000000000 ) ) ;
#691 =( BOUNDED_CURVE ( )  B_SPLINE_CURVE ( 3, ( #3315, #781, #3241, #2757 ),
 .UNSPECIFIED., .F., .F. ) 
 B_SPLINE_CURVE_WITH_KNOTS ( ( 4, 4 ),
 ( 3.141592653589793116, 6.283185307179586232 ),
 .UNSPECIFIED. ) 
 CURVE ( )  GEOMETRIC_REPRESENTATION_ITEM ( )  RATIONAL_B_SPLINE_CURVE ( ( 1.000000000000000000, 0.3333333333333333703, 0.3333333333333333703, 1.000000000000000000 ) ) 
 REPRESENTATION_ITEM ( '' )  );
#692 = VERTEX_POINT ( 'NONE', #1526 ) ;
#693 = EDGE_CURVE ( 'NONE', #1893, #3013, #1686, .T. ) ;
#694 = ORIENTED_EDGE ( 'NONE', *, *, #1347, .F. ) ;
#695 = CARTESIAN_POINT ( 'NONE',  ( -5.000000000000006217, 15.00000000000000711, 26.85000000000000497 ) ) ;
#696 = CYLINDRICAL_SURFACE ( 'NONE', #948, 1.599999999999998979 ) ;
#697 = DIRECTION ( 'NONE',  ( -1.000000000000000000, -0.000000000000000000, -0.000000000000000000 ) ) ;
#698 = FACE_OUTER_BOUND ( 'NONE', #1574, .T. ) ;
#699 = EDGE_LOOP ( 'NONE', ( #3285, #3269 ) ) ;
#700 = VERTEX_POINT ( 'NONE', #127 ) ;
#701 = LINE ( 'NONE', #1584, #1418 ) ;
#702 = DIRECTION ( 'NONE',  ( -0.000000000000000000, -2.891205793294678326E-16, 1.000000000000000000 ) ) ;
#703 = AXIS2_PLACEMENT_3D ( 'NONE', #1640, #24, #3393 ) ;
#704 = ORIENTED_EDGE ( 'NONE', *, *, #2719, .F. ) ;
#705 = CARTESIAN_POINT ( 'NONE',  ( 7.500000000000000888, 8.000000000000000000, -9.750000000000000000 ) ) ;
#706 = VECTOR ( 'NONE', #3439, 1000.000000000000000 ) ;
#707 = ORIENTED_EDGE ( 'NONE', *, *, #1084, .T. ) ;
#708 = ADVANCED_FACE ( 'NONE', ( #1258 ), #3495, .F. ) ;
#709 = LINE ( 'NONE', #3338, #1837 ) ;
#710 = VECTOR ( 'NONE', #2117, 1000.000000000000000 ) ;
#711 = VECTOR ( 'NONE', #1306, 1000.000000000000000 ) ;
#712 = FACE_OUTER_BOUND ( 'NONE', #1305, .T. ) ;
#713 = DIRECTION ( 'NONE',  ( -1.000000000000000000, 0.000000000000000000, 0.000000000000000000 ) ) ;
#714 = VERTEX_POINT ( 'NONE', #2590 ) ;
#715 = AXIS2_PLACEMENT_3D ( 'NONE', #2468, #1841, #3583 ) ;
#716 = EDGE_LOOP ( 'NONE', ( #844, #1292, #1060, #1452 ) ) ;
#717 = DIRECTION ( 'NONE',  ( 1.678764654171103751E-16, -1.000000000000000000, 0.000000000000000000 ) ) ;
#718 = VECTOR ( 'NONE', #633, 1000.000000000000000 ) ;
#719 = CARTESIAN_POINT ( 'NONE',  ( 3.000497062966620110, 5.195865443934346573, 2.485539508712319101 ) ) ;
#720 = CARTESIAN_POINT ( 'NONE',  ( 6.200000000000000178, -4.499999999999998224, 10.75000000000000000 ) ) ;
#721 = CIRCLE ( 'NONE', #2781, 6.000000000000000888 ) ;
#722 = DIRECTION ( 'NONE',  ( 0.000000000000000000, 0.000000000000000000, 1.000000000000000000 ) ) ;
#723 = VERTEX_POINT ( 'NONE', #478 ) ;
#724 = EDGE_LOOP ( 'NONE', ( #2930, #3225, #1453, #2577 ) ) ;
#725 = CARTESIAN_POINT ( 'NONE',  ( 4.999999999999999112, 15.00000000000000178, -8.849999999999996092 ) ) ;
#726 = EDGE_CURVE ( 'NONE', #3611, #1176, #2144, .T. ) ;
#727 = DIRECTION ( 'NONE',  ( -1.734723475976808327E-16, 1.000000000000000000, 0.000000000000000000 ) ) ;
#728 = ORIENTED_EDGE ( 'NONE', *, *, #3463, .F. ) ;
#729 = DIRECTION ( 'NONE',  ( -1.000000000000000000, 1.387778780781446070E-15, -2.318249007132784757E-31 ) ) ;
#730 = ORIENTED_EDGE ( 'NONE', *, *, #519, .F. ) ;
#731 = CARTESIAN_POINT ( 'NONE',  ( -5.000000000000002665, 8.000000000000000000, 21.25000000000000355 ) ) ;
#732 = LINE ( 'NONE', #165, #434 ) ;
#733 = EDGE_CURVE ( 'NONE', #393, #3134, #3442, .T. ) ;
#734 = CARTESIAN_POINT ( 'NONE',  ( 4.703926418760564943, 3.724999774814814923, 8.546879510976229000 ) ) ;
#735 = EDGE_LOOP ( 'NONE', ( #96, #48, #804, #1333 ) ) ;
#736 = DIRECTION ( 'NONE',  ( -0.000000000000000000, -0.000000000000000000, 1.000000000000000000 ) ) ;
#737 = CARTESIAN_POINT ( 'NONE',  ( 1.500000000000000000, 18.00000000000000000, -9.750000000000000000 ) ) ;
#738 = DIRECTION ( 'NONE',  ( -1.000000000000000000, 0.000000000000000000, -0.000000000000000000 ) ) ;
#739 = DIRECTION ( 'NONE',  ( -0.000000000000000000, -1.000000000000000000, -0.000000000000000000 ) ) ;
#740 = VERTEX_POINT ( 'NONE', #3242 ) ;
#741 = VERTEX_POINT ( 'NONE', #2692 ) ;
#742 = CARTESIAN_POINT ( 'NONE',  ( 6.000000000000000888, 0.000000000000000000, -9.750000000000000000 ) ) ;
#743 = ORIENTED_EDGE ( 'NONE', *, *, #635, .T. ) ;
#744 = EDGE_CURVE ( 'NONE', #1679, #3486, #1839, .T. ) ;
#745 = LINE ( 'NONE', #200, #3126 ) ;
#746 = EDGE_LOOP ( 'NONE', ( #2410, #3430, #3497, #1891 ) ) ;
#747 = CARTESIAN_POINT ( 'NONE',  ( 0.000000000000000000, 0.000000000000000000, 21.25000000000000355 ) ) ;
#748 = CARTESIAN_POINT ( 'NONE',  ( 0.000000000000000000, 0.000000000000000000, -9.750000000000000000 ) ) ;
#749 = CARTESIAN_POINT ( 'NONE',  ( 6.200000000000000178, -5.500000000000000000, -9.750000000000001776 ) ) ;
#750 = ORIENTED_EDGE ( 'NONE', *, *, #2360, .F. ) ;
#751 = PLANE ( 'NONE',  #3192 ) ;
#752 = DIRECTION ( 'NONE',  ( -1.000000000000000000, -0.000000000000000000, -0.000000000000000000 ) ) ;
#753 = DIRECTION ( 'NONE',  ( 0.000000000000000000, 0.000000000000000000, 1.000000000000000000 ) ) ;
#754 = DIRECTION ( 'NONE',  ( 0.4999999999999987232, 0.8660254037844393737, 0.000000000000000000 ) ) ;
#755 = AXIS2_PLACEMENT_3D ( 'NONE', #333, #605, #2570 ) ;
#756 = ORIENTED_EDGE ( 'NONE', *, *, #2467, .F. ) ;
#757 = EDGE_LOOP ( 'NONE', ( #728, #2324, #1126, #1026, #2991, #458 ) ) ;
#758 = EDGE_CURVE ( 'NONE', #3304, #494, #2454, .T. ) ;
#759 = EDGE_LOOP ( 'NONE', ( #2384, #1382, #2576, #3419 ) ) ;
#760 = LINE ( 'NONE', #3262, #3019 ) ;
#761 = VERTEX_POINT ( 'NONE', #167 ) ;
#762 = CARTESIAN_POINT ( 'NONE',  ( -5.000000000000006217, 15.00000000000000178, 18.34999999999999787 ) ) ;
#763 = ADVANCED_FACE ( 'NONE', ( #1823, #3586 ), #2949, .T. ) ;
#764 = DIRECTION ( 'NONE',  ( -0.000000000000000000, -1.000000000000000000, -0.000000000000000000 ) ) ;
#765 = VERTEX_POINT ( 'NONE', #184 ) ;
#766 = APPLICATION_PROTOCOL_DEFINITION ( 'draft international standard', 'automotive_design', 1998, #1439 ) ;
#767 = DIRECTION ( 'NONE',  ( 3.336006684570783594E-16, 1.000000000000000000, 0.000000000000000000 ) ) ;
#768 = VECTOR ( 'NONE', #2167, 1000.000000000000000 ) ;
#769 = VECTOR ( 'NONE', #413, 1000.000000000000000 ) ;
#770 = LINE ( 'NONE', #1090, #299 ) ;
#771 = CARTESIAN_POINT ( 'NONE',  ( -1.500000000000000666, 5.809475019311125088, 20.25000000000000711 ) ) ;
#772 = CIRCLE ( 'NONE', #2488, 1.600000000000000755 ) ;
#773 = AXIS2_PLACEMENT_3D ( 'NONE', #2655, #3169, #634 ) ;
#774 = ORIENTED_EDGE ( 'NONE', *, *, #1037, .T. ) ;
#775 = EDGE_LOOP ( 'NONE', ( #1585, #155, #1562, #1556 ) ) ;
#776 = VECTOR ( 'NONE', #1822, 1000.000000000000000 ) ;
#777 = VECTOR ( 'NONE', #1748, 1000.000000000000000 ) ;
#778 = EDGE_CURVE ( 'NONE', #2923, #2670, #2402, .T. ) ;
#779 = ORIENTED_EDGE ( 'NONE', *, *, #2055, .T. ) ;
#780 = DIRECTION ( 'NONE',  ( 0.000000000000000000, 1.000000000000000000, 0.000000000000000000 ) ) ;
#781 = CARTESIAN_POINT ( 'NONE',  ( -7.499999999999998224, 5.484827557301419354, 0.7500000000000004441 ) ) ;
#782 = DIRECTION ( 'NONE',  ( 0.000000000000000000, 0.000000000000000000, 1.000000000000000000 ) ) ;
#783 = ORIENTED_EDGE ( 'NONE', *, *, #1843, .T. ) ;
#784 = LINE ( 'NONE', #2508, #2489 ) ;
#785 = CARTESIAN_POINT ( 'NONE',  ( 2.814842471074491481, 5.299054226310688342, 3.795904916895709746 ) ) ;
#786 = EDGE_CURVE ( 'NONE', #198, #2917, #2744, .T. ) ;
#787 = FACE_OUTER_BOUND ( 'NONE', #1017, .T. ) ;
#788 = DIRECTION ( 'NONE',  ( 0.000000000000000000, 1.000000000000000000, 0.000000000000000000 ) ) ;
#789 = VERTEX_POINT ( 'NONE', #1572 ) ;
#790 = ORIENTED_EDGE ( 'NONE', *, *, #1032, .F. ) ;
#791 = VECTOR ( 'NONE', #1695, 1000.000000000000000 ) ;
#792 = EDGE_CURVE ( 'NONE', #2685, #3369, #3533, .T. ) ;
#793 = LINE ( 'NONE', #832, #428 ) ;
#794 = EDGE_CURVE ( 'NONE', #212, #367, #1296, .T. ) ;
#795 = CARTESIAN_POINT ( 'NONE',  ( -1.500000000000002220, 18.00000000000000000, -9.750000000000000000 ) ) ;
#796 = DIRECTION ( 'NONE',  ( 0.000000000000000000, 0.000000000000000000, 1.000000000000000000 ) ) ;
#797 = ORIENTED_EDGE ( 'NONE', *, *, #2931, .T. ) ;
#798 = CARTESIAN_POINT ( 'NONE',  ( -5.623475382979804316, 2.092014487765356368, 9.050000000000000711 ) ) ;
#799 = PLANE ( 'NONE',  #830 ) ;
#800 = DIRECTION ( 'NONE',  ( 0.000000000000000000, 0.000000000000000000, 1.000000000000000000 ) ) ;
#801 = EDGE_CURVE ( 'NONE', #2578, #404, #1593, .T. ) ;
#802 = CARTESIAN_POINT ( 'NONE',  ( -7.499999999999998224, 5.484827557301419354, 9.050000000000000711 ) ) ;
#803 = ORIENTED_EDGE ( 'NONE', *, *, #1181, .F. ) ;
#804 = ORIENTED_EDGE ( 'NONE', *, *, #2518, .F. ) ;
#805 = CIRCLE ( 'NONE', #1166, 1.599999999999997202 ) ;
#806 = CARTESIAN_POINT ( 'NONE',  ( -2.712652090285970985, 5.352086739526284553, 1.462066046251389473 ) ) ;
#807 = EDGE_CURVE ( 'NONE', #2911, #3024, #911, .T. ) ;
#808 =( BOUNDED_CURVE ( )  B_SPLINE_CURVE ( 3, ( #54, #2275, #1182, #903 ),
 .UNSPECIFIED., .F., .F. ) 
 B_SPLINE_CURVE_WITH_KNOTS ( ( 4, 4 ),
 ( 0.000000000000000000, 3.141592653589793116 ),
 .UNSPECIFIED. ) 
 CURVE ( )  GEOMETRIC_REPRESENTATION_ITEM ( )  RATIONAL_B_SPLINE_CURVE ( ( 1.000000000000000000, 0.3333333333333333703, 0.3333333333333333703, 1.000000000000000000 ) ) 
 REPRESENTATION_ITEM ( '' )  );
#809 = DIRECTION ( 'NONE',  ( 0.4999999999999983902, -0.8660254037844397068, 0.000000000000000000 ) ) ;
#810 = VECTOR ( 'NONE', #2516, 1000.000000000000000 ) ;
#811 = LINE ( 'NONE', #1388, #1953 ) ;
#812 = CARTESIAN_POINT ( 'NONE',  ( -5.000000000000006217, 15.00000000000000711, 26.85000000000000497 ) ) ;
#813 = DIRECTION ( 'NONE',  ( 1.000000000000000000, -3.336006684570784088E-16, 6.927312121905658463E-32 ) ) ;
#814 = EDGE_CURVE ( 'NONE', #204, #1343, #2162, .T. ) ;
#815 = ORIENTED_EDGE ( 'NONE', *, *, #2221, .T. ) ;
#816 = CARTESIAN_POINT ( 'NONE',  ( 1.500000000000000000, 9.560253823161073715E-15, 21.25000000000000355 ) ) ;
#817 = DIRECTION ( 'NONE',  ( 1.000000000000000000, -0.000000000000000000, 0.000000000000000000 ) ) ;
#818 = CARTESIAN_POINT ( 'NONE',  ( -1.500000000000000666, 5.809475019311125088, 10.75000000000000000 ) ) ;
#819 = CARTESIAN_POINT ( 'NONE',  ( -2.500000000000000000, -7.500000000000000000, -2.250000000000000888 ) ) ;
#820 = AXIS2_PLACEMENT_3D ( 'NONE', #233, #1962, #1652 ) ;
#821 = ORIENTED_EDGE ( 'NONE', *, *, #397, .F. ) ;
#822 = ORIENTED_EDGE ( 'NONE', *, *, #156, .T. ) ;
#823 = PRODUCT_DEFINITION_CONTEXT ( 'detailed design', #440, 'design' ) ;
#824 = COLOUR_RGB ( '',0.7921568627450980005, 0.8196078431372548767, 0.9333333333333333481 ) ;
#825 = AXIS2_PLACEMENT_3D ( 'NONE', #2671, #144, #1274 ) ;
#826 = DIRECTION ( 'NONE',  ( -1.000000000000000000, -3.336006684570783594E-16, 0.000000000000000000 ) ) ;
#827 = ORIENTED_EDGE ( 'NONE', *, *, #1281, .T. ) ;
#828 = AXIS2_PLACEMENT_3D ( 'NONE', #3022, #493, #1622 ) ;
#829 = DIRECTION ( 'NONE',  ( 0.000000000000000000, 0.000000000000000000, -1.000000000000000000 ) ) ;
#830 = AXIS2_PLACEMENT_3D ( 'NONE', #3330, #2782, #576 ) ;
#831 = ADVANCED_FACE ( 'NONE', ( #1609 ), #203, .F. ) ;
#832 = CARTESIAN_POINT ( 'NONE',  ( -6.200000000000001066, -4.499999999999998224, 20.25000000000000711 ) ) ;
#833 =( BOUNDED_CURVE ( )  B_SPLINE_CURVE ( 3, ( #2098, #359, #910, #2848 ),
 .UNSPECIFIED., .F., .T. ) 
 B_SPLINE_CURVE_WITH_KNOTS ( ( 4, 4 ),
 ( 0.000000000000000000, 3.141592653589793116 ),
 .UNSPECIFIED. ) 
 CURVE ( )  GEOMETRIC_REPRESENTATION_ITEM ( )  RATIONAL_B_SPLINE_CURVE ( ( 1.000000000000000000, 0.3333333333333333703, 0.3333333333333333703, 1.000000000000000000 ) ) 
 REPRESENTATION_ITEM ( '' )  );
#834 =( GEOMETRIC_REPRESENTATION_CONTEXT ( 3 ) GLOBAL_UNCERTAINTY_ASSIGNED_CONTEXT ( ( #2234 ) ) GLOBAL_UNIT_ASSIGNED_CONTEXT ( ( #3635, #2178, #3088 ) ) REPRESENTATION_CONTEXT ( 'NONE', 'WORKASPACE' ) );
#835 = CARTESIAN_POINT ( 'NONE',  ( 6.000000000000000888, 0.000000000000000000, -9.750000000000000000 ) ) ;
#836 = CARTESIAN_POINT ( 'NONE',  ( -4.704356268519462425, 3.724458872101106710, 8.545710796379806240 ) ) ;
#837 = ORIENTED_EDGE ( 'NONE', *, *, #3629, .F. ) ;
#838 = CARTESIAN_POINT ( 'NONE',  ( 0.000000000000000000, 18.00000000000000000, 2.750000000000000000 ) ) ;
#839 = EDGE_CURVE ( 'NONE', #1142, #1490, #2207, .T. ) ;
#840 = FACE_OUTER_BOUND ( 'NONE', #1400, .T. ) ;
#841 = CARTESIAN_POINT ( 'NONE',  ( 5.000000000000000888, 8.000000000000003553, -9.750000000000000000 ) ) ;
#842 = VERTEX_POINT ( 'NONE', #2759 ) ;
#843 = ORIENTED_EDGE ( 'NONE', *, *, #2972, .T. ) ;
#844 = ORIENTED_EDGE ( 'NONE', *, *, #1079, .F. ) ;
#845 = DIRECTION ( 'NONE',  ( 1.387778780781445873E-15, 1.000000000000000000, -0.000000000000000000 ) ) ;
#846 = DIRECTION ( 'NONE',  ( 8.673617379884034239E-17, 0.000000000000000000, -1.000000000000000000 ) ) ;
#847 = DIRECTION ( 'NONE',  ( -1.000000000000000000, -0.000000000000000000, -0.000000000000000000 ) ) ;
#848 = CARTESIAN_POINT ( 'NONE',  ( 6.200000000000000178, 18.00000000000000711, 20.25000000000000355 ) ) ;
#849 = EDGE_CURVE ( 'NONE', #1285, #137, #27, .T. ) ;
#850 = AXIS2_PLACEMENT_3D ( 'NONE', #3026, #496, #1554 ) ;
#851 = LINE ( 'NONE', #2792, #1180 ) ;
#852 = AXIS2_PLACEMENT_3D ( 'NONE', #2446, #1303, #2750 ) ;
#853 = DIRECTION ( 'NONE',  ( -1.000000000000000000, -0.000000000000000000, -0.000000000000000000 ) ) ;
#854 = EDGE_CURVE ( 'NONE', #1711, #2404, #272, .T. ) ;
#855 = ORIENTED_EDGE ( 'NONE', *, *, #944, .T. ) ;
#856 = CARTESIAN_POINT ( 'NONE',  ( -1.500000000000002220, 18.00000000000000000, -9.750000000000000000 ) ) ;
#857 = FACE_BOUND ( 'NONE', #1307, .T. ) ;
#858 = VECTOR ( 'NONE', #560, 1000.000000000000000 ) ;
#859 = CARTESIAN_POINT ( 'NONE',  ( -6.000000000000000888, 7.347880794884120722E-16, 10.75000000000000000 ) ) ;
#860 = ORIENTED_EDGE ( 'NONE', *, *, #1641, .F. ) ;
#861 = ORIENTED_EDGE ( 'NONE', *, *, #2184, .F. ) ;
#862 = EDGE_LOOP ( 'NONE', ( #2466, #243, #2018, #2983 ) ) ;
#863 = ADVANCED_FACE ( 'NONE', ( #307, #1391, #1086 ), #2521, .T. ) ;
#864 = LINE ( 'NONE', #3116, #1738 ) ;
#865 = ADVANCED_FACE ( 'NONE', ( #234 ), #1409, .T. ) ;
#866 = DIRECTION ( 'NONE',  ( 1.000000000000000000, 1.204669080539449344E-16, -0.000000000000000000 ) ) ;
#867 = FACE_OUTER_BOUND ( 'NONE', #1383, .T. ) ;
#868 = FACE_OUTER_BOUND ( 'NONE', #964, .T. ) ;
#869 = EDGE_CURVE ( 'NONE', #1200, #2185, #1927, .T. ) ;
#870 = LINE ( 'NONE', #3391, #70 ) ;
#871 = CARTESIAN_POINT ( 'NONE',  ( 12.91922863405994626, 8.613620667976041645, 9.050000000000000711 ) ) ;
#872 = DIRECTION ( 'NONE',  ( -0.000000000000000000, -0.000000000000000000, 1.000000000000000000 ) ) ;
#873 = EDGE_CURVE ( 'NONE', #1964, #1248, #1430, .T. ) ;
#874 = CARTESIAN_POINT ( 'NONE',  ( -7.499999999999997335, 3.175426480542917762, 9.050000000000000711 ) ) ;
#875 = DIRECTION ( 'NONE',  ( 0.000000000000000000, 0.000000000000000000, 1.000000000000000000 ) ) ;
#876 = ORIENTED_EDGE ( 'NONE', *, *, #473, .F. ) ;
#877 = ORIENTED_EDGE ( 'NONE', *, *, #1520, .F. ) ;
#878 = EDGE_LOOP ( 'NONE', ( #71, #2120, #3054, #1555 ) ) ;
#879 = LINE ( 'NONE', #2894, #1547 ) ;
#880 = CARTESIAN_POINT ( 'NONE',  ( 4.999999999999999112, 18.00000000000000000, -9.750000000000000000 ) ) ;
#881 = AXIS2_PLACEMENT_3D ( 'NONE', #3025, #495, #3297 ) ;
#882 = LINE ( 'NONE', #922, #1887 ) ;
#883 = CARTESIAN_POINT ( 'NONE',  ( -5.000000000000006217, 15.00000000000000178, 18.34999999999999787 ) ) ;
#884 = AXIS2_PLACEMENT_3D ( 'NONE', #500, #1072, #484 ) ;
#885 = CIRCLE ( 'NONE', #1775, 6.000000000000000888 ) ;
#886 = EDGE_CURVE ( 'NONE', #1928, #2364, #2778, .T. ) ;
#887 = DIRECTION ( 'NONE',  ( -1.000000000000000000, -1.156482317317871478E-16, -0.000000000000000000 ) ) ;
#888 = VECTOR ( 'NONE', #1291, 1000.000000000000000 ) ;
#889 = CIRCLE ( 'NONE', #2963, 1.599999999999995426 ) ;
#890 = VECTOR ( 'NONE', #1926, 1000.000000000000000 ) ;
#891 = DIRECTION ( 'NONE',  ( 1.000000000000000000, 0.000000000000000000, -0.000000000000000000 ) ) ;
#892 = ORIENTED_EDGE ( 'NONE', *, *, #2193, .T. ) ;
#893 = DIRECTION ( 'NONE',  ( -1.000000000000000000, 0.000000000000000000, 0.000000000000000000 ) ) ;
#894 = FACE_OUTER_BOUND ( 'NONE', #194, .T. ) ;
#895 = CARTESIAN_POINT ( 'NONE',  ( 4.623475382979808757, 3.824065295334237113, -1.119350386511449580 ) ) ;
#896 = EDGE_LOOP ( 'NONE', ( #3133, #1529, #2464, #1958 ) ) ;
#897 = EDGE_CURVE ( 'NONE', #3024, #449, #1377, .T. ) ;
#898 = EDGE_LOOP ( 'NONE', ( #2609, #3370, #3058, #2851 ) ) ;
#899 = ORIENTED_EDGE ( 'NONE', *, *, #998, .F. ) ;
#900 = DIRECTION ( 'NONE',  ( -1.000000000000000000, -1.678764654171103751E-16, 0.000000000000000000 ) ) ;
#901 = CARTESIAN_POINT ( 'NONE',  ( -5.577907643461236020, 2.211219888771972286, -1.753120489023769712 ) ) ;
#902 = DIRECTION ( 'NONE',  ( 3.336006684570783594E-16, 1.000000000000000000, 0.000000000000000000 ) ) ;
#903 = CARTESIAN_POINT ( 'NONE',  ( 7.500000000000000888, 5.484827557301420242, 9.050000000000000711 ) ) ;
#904 = CARTESIAN_POINT ( 'NONE',  ( 4.999999999999999112, 15.00000000000000178, -7.249999999999999112 ) ) ;
#905 = CARTESIAN_POINT ( 'NONE',  ( 7.500000000000004441, 18.00000000000000711, 21.25000000000000000 ) ) ;
#906 = EDGE_CURVE ( 'NONE', #421, #385, #1051, .T. ) ;
#907 = CARTESIAN_POINT ( 'NONE',  ( -6.000000000000001776, 7.347880794884122694E-16, 21.25000000000000355 ) ) ;
#908 = ORIENTED_EDGE ( 'NONE', *, *, #2534, .F. ) ;
#909 = EDGE_CURVE ( 'NONE', #443, #3587, #286, .T. ) ;
#910 = CARTESIAN_POINT ( 'NONE',  ( -7.499999999999998224, 5.484827557301419354, -3.249999999999999556 ) ) ;
#911 = CIRCLE ( 'NONE', #2986, 1.599999999999997202 ) ;
#912 = CARTESIAN_POINT ( 'NONE',  ( -7.499999999999998224, 3.175426480542918650, 11.05000000000000071 ) ) ;
#913 = CARTESIAN_POINT ( 'NONE',  ( 4.640600149827038834, 3.803600573786540373, -1.512398918055971819 ) ) ;
#914 = VERTEX_POINT ( 'NONE', #2557 ) ;
#915 = VERTEX_POINT ( 'NONE', #3106 ) ;
#916 = ORIENTED_EDGE ( 'NONE', *, *, #3176, .F. ) ;
#917 = FACE_OUTER_BOUND ( 'NONE', #2997, .T. ) ;
#918 = DIRECTION ( 'NONE',  ( -0.000000000000000000, -0.000000000000000000, 1.000000000000000000 ) ) ;
#919 = CARTESIAN_POINT ( 'NONE',  ( 7.500000000000000888, 5.484827557301420242, -1.249999999999999112 ) ) ;
#920 = ADVANCED_FACE ( 'NONE', ( #2194 ), #1706, .F. ) ;
#921 = DIRECTION ( 'NONE',  ( -0.000000000000000000, -0.000000000000000000, 1.000000000000000000 ) ) ;
#922 = CARTESIAN_POINT ( 'NONE',  ( 13.91922863405994448, 6.881569860407160455, 9.050000000000000711 ) ) ;
#923 = CYLINDRICAL_SURFACE ( 'NONE', #534, 6.000000000000000888 ) ;
#924 = EDGE_CURVE ( 'NONE', #412, #2354, #1061, .T. ) ;
#925 = DIRECTION ( 'NONE',  ( -9.912705577010326536E-16, 1.000000000000000000, 0.000000000000000000 ) ) ;
#926 = FACE_OUTER_BOUND ( 'NONE', #294, .T. ) ;
#927 = ORIENTED_EDGE ( 'NONE', *, *, #2607, .F. ) ;
#928 = CARTESIAN_POINT ( 'NONE',  ( 6.200000000000000178, -5.500000000000000000, 27.75000000000000355 ) ) ;
#929 = VECTOR ( 'NONE', #2290, 1000.000000000000000 ) ;
#930 = DIRECTION ( 'NONE',  ( -1.734723475976808327E-16, 1.000000000000000000, -1.541976423090495387E-16 ) ) ;
#931 = CARTESIAN_POINT ( 'NONE',  ( 5.623475382979807868, 2.092014487765358144, -1.249999999999999334 ) ) ;
#932 = ORIENTED_EDGE ( 'NONE', *, *, #1586, .T. ) ;
#933 = ORIENTED_EDGE ( 'NONE', *, *, #1801, .F. ) ;
#934 = ORIENTED_EDGE ( 'NONE', *, *, #668, .F. ) ;
#935 = DIRECTION ( 'NONE',  ( -1.734723475976807094E-16, -0.000000000000000000, 1.000000000000000000 ) ) ;
#936 = FACE_OUTER_BOUND ( 'NONE', #3183, .T. ) ;
#937 = FACE_OUTER_BOUND ( 'NONE', #2215, .T. ) ;
#938 = DIRECTION ( 'NONE',  ( 0.000000000000000000, 1.000000000000000000, 0.000000000000000000 ) ) ;
#939 = ORIENTED_EDGE ( 'NONE', *, *, #1195, .F. ) ;
#940 = ORIENTED_EDGE ( 'NONE', *, *, #2994, .T. ) ;
#941 = CARTESIAN_POINT ( 'NONE',  ( -5.000000000000002665, 17.99999999999999645, -9.750000000000000000 ) ) ;
#942 = DIRECTION ( 'NONE',  ( -1.355252715606884487E-16, 1.000000000000000000, 0.000000000000000000 ) ) ;
#943 = ORIENTED_EDGE ( 'NONE', *, *, #906, .T. ) ;
#944 = EDGE_CURVE ( 'NONE', #2392, #1679, #1153, .T. ) ;
#945 = AXIS2_PLACEMENT_3D ( 'NONE', #626, #2573, #3160 ) ;
#946 = AXIS2_PLACEMENT_3D ( 'NONE', #374, #2093, #3214 ) ;
#947 = CARTESIAN_POINT ( 'NONE',  ( 7.500000000000000888, 8.000000000000000000, -9.750000000000000000 ) ) ;
#948 = AXIS2_PLACEMENT_3D ( 'NONE', #1202, #133, #2327 ) ;
#949 = ORIENTED_EDGE ( 'NONE', *, *, #338, .F. ) ;
#950 = DIRECTION ( 'NONE',  ( -0.8660254037844399289, -0.4999999999999980016, 0.000000000000000000 ) ) ;
#951 = AXIS2_PLACEMENT_3D ( 'NONE', #381, #2100, #2649 ) ;
#952 = CIRCLE ( 'NONE', #1081, 2.999999999999990674 ) ;
#953 = LINE ( 'NONE', #3181, #3309 ) ;
#954 = FACE_OUTER_BOUND ( 'NONE', #2052, .T. ) ;
#955 = EDGE_LOOP ( 'NONE', ( #963, #3113, #652, #1398 ) ) ;
#956 = ORIENTED_EDGE ( 'NONE', *, *, #1203, .F. ) ;
#957 = ORIENTED_EDGE ( 'NONE', *, *, #1951, .T. ) ;
#958 = LINE ( 'NONE', #1219, #718 ) ;
#959 = CARTESIAN_POINT ( 'NONE',  ( -5.061408848860249776, 3.224410775427807518, -2.223980201222394371 ) ) ;
#960 = EDGE_CURVE ( 'NONE', #3489, #3275, #1173, .T. ) ;
#961 = LINE ( 'NONE', #1514, #706 ) ;
#962 = LINE ( 'NONE', #3501, #3219 ) ;
#963 = ORIENTED_EDGE ( 'NONE', *, *, #944, .F. ) ;
#964 = EDGE_LOOP ( 'NONE', ( #1218, #2802, #630, #1728 ) ) ;
#965 = CARTESIAN_POINT ( 'NONE',  ( -1.500000000000001776, 15.00000000000000711, 26.85000000000000497 ) ) ;
#966 = FACE_OUTER_BOUND ( 'NONE', #210, .T. ) ;
#967 = VERTEX_POINT ( 'NONE', #1208 ) ;
#968 = DIRECTION ( 'NONE',  ( 0.000000000000000000, 0.000000000000000000, 1.000000000000000000 ) ) ;
#969 = EDGE_CURVE ( 'NONE', #1601, #1907, #2316, .T. ) ;
#970 = ORIENTED_EDGE ( 'NONE', *, *, #151, .F. ) ;
#971 = CARTESIAN_POINT ( 'NONE',  ( 4.999999999999999112, 15.00000000000000711, 26.85000000000000497 ) ) ;
#972 = CARTESIAN_POINT ( 'NONE',  ( -1.500000000000000666, 5.809475019311125976, 5.348076211353309795 ) ) ;
#973 = EDGE_CURVE ( 'NONE', #3013, #1488, #2031, .T. ) ;
#974 = CARTESIAN_POINT ( 'NONE',  ( 5.614365709701920615, 2.116951429804748042, -0.9877096216406821005 ) ) ;
#975 = ORIENTED_EDGE ( 'NONE', *, *, #238, .F. ) ;
#976 = VERTEX_POINT ( 'NONE', #2073 ) ;
#977 = CARTESIAN_POINT ( 'NONE',  ( 0.000000000000000000, 0.000000000000000000, -9.750000000000000000 ) ) ;
#978 = CARTESIAN_POINT ( 'NONE',  ( 1.728060349100104753, 5.750590090378131514, 5.216405507408884645 ) ) ;
#979 = CIRCLE ( 'NONE', #1213, 6.000000000000000888 ) ;
#980 = PLANE ( 'NONE',  #1657 ) ;
#981 = DIRECTION ( 'NONE',  ( -1.000000000000000000, -0.000000000000000000, -8.673617379884034239E-17 ) ) ;
#982 = VECTOR ( 'NONE', #722, 1000.000000000000000 ) ;
#983 = EDGE_LOOP ( 'NONE', ( #2640, #41, #1642, #229 ) ) ;
#984 = VERTEX_POINT ( 'NONE', #623 ) ;
#985 = FACE_BOUND ( 'NONE', #2910, .T. ) ;
#986 = LINE ( 'NONE', #2131, #1611 ) ;
#987 = ADVANCED_FACE ( 'NONE', ( #2624, #3427, #2584 ), #2861, .F. ) ;
#988 = ORIENTED_EDGE ( 'NONE', *, *, #1599, .T. ) ;
#989 = LINE ( 'NONE', #3278, #3358 ) ;
#990 = EDGE_LOOP ( 'NONE', ( #1436, #2987, #1990, #326 ) ) ;
#991 = CARTESIAN_POINT ( 'NONE',  ( 13.41922863405994448, 7.747595264191602382, -1.249999999999999334 ) ) ;
#992 = CARTESIAN_POINT ( 'NONE',  ( 4.623475382979810533, 3.824065295334236225, 9.180649613488549576 ) ) ;
#993 = CARTESIAN_POINT ( 'NONE',  ( 5.549890778139962677, 2.281952854192836888, 8.434382673013946174 ) ) ;
#994 = ORIENTED_EDGE ( 'NONE', *, *, #2396, .F. ) ;
#995 = VERTEX_POINT ( 'NONE', #3157 ) ;
#996 = CARTESIAN_POINT ( 'NONE',  ( 6.200000000000000178, -2.499999999999998668, 27.75000000000000355 ) ) ;
#997 = CARTESIAN_POINT ( 'NONE',  ( 1.500000000000000000, 5.809475019311124200, 21.25000000000000000 ) ) ;
#998 = EDGE_CURVE ( 'NONE', #358, #915, #3197, .T. ) ;
#999 = FACE_OUTER_BOUND ( 'NONE', #2363, .T. ) ;
#1000 = DIRECTION ( 'NONE',  ( 0.000000000000000000, 0.000000000000000000, 1.000000000000000000 ) ) ;
#1001 = ORIENTED_EDGE ( 'NONE', *, *, #3132, .T. ) ;
#1002 = ORIENTED_EDGE ( 'NONE', *, *, #801, .T. ) ;
#1003 = PLANE ( 'NONE',  #2773 ) ;
#1004 = DIRECTION ( 'NONE',  ( 0.000000000000000000, 1.000000000000000000, 0.000000000000000000 ) ) ;
#1005 = ORIENTED_EDGE ( 'NONE', *, *, #2217, .F. ) ;
#1006 = ADVANCED_FACE ( 'NONE', ( #3406 ), #2643, .T. ) ;
#1007 = DIRECTION ( 'NONE',  ( 1.000000000000000000, 0.000000000000000000, 0.000000000000000000 ) ) ;
#1008 = VECTOR ( 'NONE', #2224, 1000.000000000000000 ) ;
#1009 = FACE_OUTER_BOUND ( 'NONE', #1143, .T. ) ;
#1010 = CARTESIAN_POINT ( 'NONE',  ( -6.200000000000000178, -5.500000000000001776, 27.75000000000000355 ) ) ;
#1011 = VECTOR ( 'NONE', #2036, 1000.000000000000000 ) ;
#1012 = VECTOR ( 'NONE', #1147, 1000.000000000000000 ) ;
#1013 = LINE ( 'NONE', #2453, #3407 ) ;
#1014 = DIRECTION ( 'NONE',  ( -1.000000000000000000, 1.387778780781446464E-15, -0.000000000000000000 ) ) ;
#1015 = VERTEX_POINT ( 'NONE', #98 ) ;
#1016 = CIRCLE ( 'NONE', #129, 1.599999999999995426 ) ;
#1017 = EDGE_LOOP ( 'NONE', ( #2343, #2507, #2085, #1193 ) ) ;
#1018 = CARTESIAN_POINT ( 'NONE',  ( -2.500000000000000000, -7.500000000000000000, -2.250000000000000888 ) ) ;
#1019 = AXIS2_PLACEMENT_3D ( 'NONE', #2345, #386, #3187 ) ;
#1020 = DIRECTION ( 'NONE',  ( 0.000000000000000000, -0.000000000000000000, 1.000000000000000000 ) ) ;
#1021 = CARTESIAN_POINT ( 'NONE',  ( -6.000000000000001776, 7.347880794884127625E-16, 20.25000000000001066 ) ) ;
#1022 = CIRCLE ( 'NONE', #3120, 1.599999999999997202 ) ;
#1023 = COLOUR_RGB ( '',0.7921568627450980005, 0.8196078431372548767, 0.9333333333333333481 ) ;
#1024 = ADVANCED_FACE ( 'NONE', ( #1754 ), #663, .T. ) ;
#1025 = CYLINDRICAL_SURFACE ( 'NONE', #1501, 1.000000000000000000 ) ;
#1026 = ORIENTED_EDGE ( 'NONE', *, *, #3176, .T. ) ;
#1027 = ORIENTED_EDGE ( 'NONE', *, *, #2994, .F. ) ;
#1028 = LINE ( 'NONE', #432, #1949 ) ;
#1029 = VERTEX_POINT ( 'NONE', #3175 ) ;
#1030 = DIRECTION ( 'NONE',  ( 0.000000000000000000, 1.000000000000000000, -1.541976423090495387E-16 ) ) ;
#1031 = ADVANCED_FACE ( 'NONE', ( #1458 ), #2881, .F. ) ;
#1032 = EDGE_CURVE ( 'NONE', #575, #32, #1165, .T. ) ;
#1033 = VERTEX_POINT ( 'NONE', #1499 ) ;
#1034 = CARTESIAN_POINT ( 'NONE',  ( 7.500000000000000000, 8.000000000000000000, 27.75000000000000355 ) ) ;
#1035 = CARTESIAN_POINT ( 'NONE',  ( 4.623475382979809645, 3.824065295334235337, 9.050000000000000711 ) ) ;
#1036 = DIRECTION ( 'NONE',  ( -1.355252715606883008E-16, 1.000000000000000000, 0.000000000000000000 ) ) ;
#1037 = EDGE_CURVE ( 'NONE', #16, #1417, #805, .T. ) ;
#1038 = VERTEX_POINT ( 'NONE', #56 ) ;
#1039 = CARTESIAN_POINT ( 'NONE',  ( 1.499999999999999556, 15.00000000000000178, 15.15000000000000391 ) ) ;
#1040 = CARTESIAN_POINT ( 'NONE',  ( -5.000000000000006217, 15.00000000000000178, 16.75000000000000000 ) ) ;
#1041 = LINE ( 'NONE', #1855, #768 ) ;
#1042 = CARTESIAN_POINT ( 'NONE',  ( 1.500000000000001776, 5.809475019311124200, 27.75000000000000355 ) ) ;
#1043 = EDGE_LOOP ( 'NONE', ( #49, #855, #3384, #3004 ) ) ;
#1044 = VERTEX_POINT ( 'NONE', #38 ) ;
#1045 = ADVANCED_FACE ( 'NONE', ( #1776 ), #2278, .F. ) ;
#1046 = CIRCLE ( 'NONE', #1976, 6.000000000000000888 ) ;
#1047 = ORIENTED_EDGE ( 'NONE', *, *, #886, .F. ) ;
#1048 = ADVANCED_FACE ( 'NONE', ( #3464 ), #2922, .F. ) ;
#1049 = DIRECTION ( 'NONE',  ( 1.678764654171103751E-16, -1.000000000000000000, -0.000000000000000000 ) ) ;
#1050 = ORIENTED_EDGE ( 'NONE', *, *, #1308, .T. ) ;
#1051 = B_SPLINE_CURVE_WITH_KNOTS ( 'NONE', 3,
 ( #2506, #2538, #2242, #3378, #1102, #2225, #1066, #3342, #3361, #1963, #10, #1944, #3070, #544, #836, #3086, #2810, #1913 ),
 .UNSPECIFIED., .F., .F.,
 ( 4, 2, 2, 2, 2, 2, 2, 2, 4 ),
 ( 0.003131918686235969553, 0.003523310662250259823, 0.003914702638264549658, 0.004306094614278840361, 0.004697486590293130197, 0.005088878566307420900, 0.005480270542321710736, 0.005871662518336000572, 0.006263054494350291275 ),
 .UNSPECIFIED. ) ;
#1052 = CARTESIAN_POINT ( 'NONE',  ( 5.061529847579721242, 3.224231672961527462, 10.02408052783100700 ) ) ;
#1053 = CARTESIAN_POINT ( 'NONE',  ( 4.623475382979809645, 3.824065295334235337, 8.919383044678616201 ) ) ;
#1054 = ORIENTED_EDGE ( 'NONE', *, *, #199, .F. ) ;
#1055 = DIRECTION ( 'NONE',  ( -1.000000000000000000, -0.000000000000000000, -0.000000000000000000 ) ) ;
#1056 = DIRECTION ( 'NONE',  ( 0.000000000000000000, 1.000000000000000000, 0.000000000000000000 ) ) ;
#1057 = CARTESIAN_POINT ( 'NONE',  ( 1.500000000000000000, 5.809475019311125976, -9.750000000000000000 ) ) ;
#1058 = ORIENTED_EDGE ( 'NONE', *, *, #2534, .T. ) ;
#1059 = VERTEX_POINT ( 'NONE', #1519 ) ;
#1060 = ORIENTED_EDGE ( 'NONE', *, *, #2034, .T. ) ;
#1061 = CIRCLE ( 'NONE', #703, 1.600000000000000755 ) ;
#1062 = CARTESIAN_POINT ( 'NONE',  ( 2.500000000000000888, -7.500000000000000000, -2.250000000000000444 ) ) ;
#1063 = ADVANCED_FACE ( 'NONE', ( #868 ), #1996, .F. ) ;
#1064 = ORIENTED_EDGE ( 'NONE', *, *, #1548, .F. ) ;
#1065 = DIRECTION ( 'NONE',  ( 0.000000000000000000, 1.000000000000000000, -1.541976423090495387E-16 ) ) ;
#1066 = CARTESIAN_POINT ( 'NONE',  ( -5.431283726365791154, 2.552626615811528499, 8.176962209729486730 ) ) ;
#1067 = ORIENTED_EDGE ( 'NONE', *, *, #2701, .T. ) ;
#1068 = SURFACE_SIDE_STYLE ('',( #1350 ) ) ;
#1069 = CARTESIAN_POINT ( 'NONE',  ( 1.728131600908011434, 5.750571693240434712, 0.2836356298415922406 ) ) ;
#1070 = AXIS2_PLACEMENT_3D ( 'NONE', #595, #1106, #3091 ) ;
#1071 = CIRCLE ( 'NONE', #300, 1.599999999999995426 ) ;
#1072 = DIRECTION ( 'NONE',  ( 1.000000000000000000, 1.204669080539449344E-16, -0.000000000000000000 ) ) ;
#1073 = LINE ( 'NONE', #3289, #2400 ) ;
#1074 = AXIS2_PLACEMENT_3D ( 'NONE', #1939, #3064, #3312 ) ;
#1075 = VECTOR ( 'NONE', #736, 1000.000000000000000 ) ;
#1076 = ADVANCED_FACE ( 'NONE', ( #2394 ), #1564, .T. ) ;
#1077 = EDGE_LOOP ( 'NONE', ( #2940, #3296, #1836, #437 ) ) ;
#1078 = ORIENTED_EDGE ( 'NONE', *, *, #3324, .F. ) ;
#1079 = EDGE_CURVE ( 'NONE', #2703, #3436, #684, .T. ) ;
#1080 = VECTOR ( 'NONE', #3341, 1000.000000000000000 ) ;
#1081 = AXIS2_PLACEMENT_3D ( 'NONE', #1557, #3270, #1334 ) ;
#1082 = ORIENTED_EDGE ( 'NONE', *, *, #1497, .F. ) ;
#1083 = PLANE ( 'NONE',  #2076 ) ;
#1084 = EDGE_CURVE ( 'NONE', #2158, #1561, #1540, .T. ) ;
#1085 = DIRECTION ( 'NONE',  ( -0.000000000000000000, -0.000000000000000000, 1.000000000000000000 ) ) ;
#1086 = FACE_BOUND ( 'NONE', #119, .T. ) ;
#1087 = ORIENTED_EDGE ( 'NONE', *, *, #1693, .F. ) ;
#1088 = CARTESIAN_POINT ( 'NONE',  ( -5.577780540099404050, 2.211546972374234254, 9.553897950159843333 ) ) ;
#1089 = DIRECTION ( 'NONE',  ( 0.000000000000000000, 0.000000000000000000, -1.000000000000000000 ) ) ;
#1090 = CARTESIAN_POINT ( 'NONE',  ( -1.500000000000002220, 18.00000000000000000, 27.75000000000000355 ) ) ;
#1091 = CARTESIAN_POINT ( 'NONE',  ( -7.499999999999998224, 3.175426480542918650, 7.050000000000000711 ) ) ;
#1092 = VERTEX_POINT ( 'NONE', #1247 ) ;
#1093 = ORIENTED_EDGE ( 'NONE', *, *, #324, .F. ) ;
#1094 = ADVANCED_FACE ( 'NONE', ( #966 ), #1269, .T. ) ;
#1095 = CARTESIAN_POINT ( 'NONE',  ( 1.499999999999999556, 15.00000000000000355, 9.849999999999999645 ) ) ;
#1096 = CARTESIAN_POINT ( 'NONE',  ( -6.200000000000000178, -2.500000000000002220, 21.25000000000000711 ) ) ;
#1097 = VECTOR ( 'NONE', #3007, 1000.000000000000000 ) ;
#1098 = EDGE_CURVE ( 'NONE', #3226, #2158, #1861, .T. ) ;
#1099 = CARTESIAN_POINT ( 'NONE',  ( 1.499999999999999556, 15.00000000000000178, -8.849999999999996092 ) ) ;
#1100 =( BOUNDED_CURVE ( )  B_SPLINE_CURVE ( 3, ( #2056, #689, #912, #1214 ),
 .UNSPECIFIED., .F., .T. ) 
 B_SPLINE_CURVE_WITH_KNOTS ( ( 4, 4 ),
 ( 3.141592653589793116, 6.283185307179586232 ),
 .UNSPECIFIED. ) 
 CURVE ( )  GEOMETRIC_REPRESENTATION_ITEM ( )  RATIONAL_B_SPLINE_CURVE ( ( 1.000000000000000000, 0.3333333333333333703, 0.3333333333333333703, 1.000000000000000000 ) ) 
 REPRESENTATION_ITEM ( '' )  );
#1101 = LINE ( 'NONE', #2645, #1941 ) ;
#1102 = CARTESIAN_POINT ( 'NONE',  ( -5.550257211990466288, 2.281063104886618564, 8.435574784280621685 ) ) ;
#1103 = EDGE_LOOP ( 'NONE', ( #1890, #1345, #2303, #227 ) ) ;
#1104 = CARTESIAN_POINT ( 'NONE',  ( -2.499999999999999556, -7.299999999999999822, -7.250000000000001776 ) ) ;
#1105 = CARTESIAN_POINT ( 'NONE',  ( 6.200000000000000178, -2.499999999999998668, 10.75000000000000178 ) ) ;
#1106 = DIRECTION ( 'NONE',  ( -1.000000000000000000, 0.000000000000000000, 0.000000000000000000 ) ) ;
#1107 = DIRECTION ( 'NONE',  ( -8.673617379884034239E-17, 0.000000000000000000, 1.000000000000000000 ) ) ;
#1108 = EDGE_CURVE ( 'NONE', #2342, #421, #986, .T. ) ;
#1109 = ORIENTED_EDGE ( 'NONE', *, *, #208, .F. ) ;
#1110 = ORIENTED_EDGE ( 'NONE', *, *, #1582, .T. ) ;
#1111 = CARTESIAN_POINT ( 'NONE',  ( -1.500000000000000888, 5.809475019311125976, 0.1519237886466917875 ) ) ;
#1112 = DIRECTION ( 'NONE',  ( -0.000000000000000000, -1.000000000000000000, -0.000000000000000000 ) ) ;
#1113 = AXIS2_PLACEMENT_3D ( 'NONE', #2330, #3404, #846 ) ;
#1114 = DIRECTION ( 'NONE',  ( -0.000000000000000000, -0.000000000000000000, 1.000000000000000000 ) ) ;
#1115 = EDGE_CURVE ( 'NONE', #1327, #443, #1777, .T. ) ;
#1116 = DIRECTION ( 'NONE',  ( -0.000000000000000000, -1.000000000000000000, -0.000000000000000000 ) ) ;
#1117 = DIRECTION ( 'NONE',  ( 1.156482317317871478E-16, -1.000000000000000000, -0.000000000000000000 ) ) ;
#1118 = ORIENTED_EDGE ( 'NONE', *, *, #1992, .T. ) ;
#1119 = DIRECTION ( 'NONE',  ( -0.000000000000000000, 1.000000000000000000, -0.000000000000000000 ) ) ;
#1120 = FACE_OUTER_BOUND ( 'NONE', #1620, .T. ) ;
#1121 = CARTESIAN_POINT ( 'NONE',  ( -7.499999999999999112, 8.000000000000000000, -9.750000000000000000 ) ) ;
#1122 = DIRECTION ( 'NONE',  ( 1.000000000000000000, 0.000000000000000000, 0.000000000000000000 ) ) ;
#1123 = EDGE_LOOP ( 'NONE', ( #2981, #1064, #3556, #2661 ) ) ;
#1124 = VECTOR ( 'NONE', #2876, 1000.000000000000227 ) ;
#1125 = ORIENTED_EDGE ( 'NONE', *, *, #693, .F. ) ;
#1126 = ORIENTED_EDGE ( 'NONE', *, *, #1485, .T. ) ;
#1127 = EDGE_CURVE ( 'NONE', #1637, #2674, #3235, .T. ) ;
#1128 = AXIS2_PLACEMENT_3D ( 'NONE', #747, #1386, #2769 ) ;
#1129 = PLANE ( 'NONE',  #1404 ) ;
#1130 = CARTESIAN_POINT ( 'NONE',  ( -5.614393221328954908, 2.116876123164674883, -0.9880567599685351476 ) ) ;
#1131 = AXIS2_PLACEMENT_3D ( 'NONE', #3630, #1114, #2238 ) ;
#1132 = LINE ( 'NONE', #2276, #2067 ) ;
#1133 = VECTOR ( 'NONE', #872, 1000.000000000000000 ) ;
#1134 = FACE_OUTER_BOUND ( 'NONE', #990, .T. ) ;
#1135 = FACE_OUTER_BOUND ( 'NONE', #160, .T. ) ;
#1136 = CARTESIAN_POINT ( 'NONE',  ( -5.000000000000006217, 15.00000000000000178, 15.15000000000000391 ) ) ;
#1137 = ORIENTED_EDGE ( 'NONE', *, *, #3426, .T. ) ;
#1138 = DIRECTION ( 'NONE',  ( 0.000000000000000000, 0.000000000000000000, 1.000000000000000000 ) ) ;
#1139 =( LENGTH_UNIT ( ) NAMED_UNIT ( * ) SI_UNIT ( .MILLI., .METRE. ) );
#1140 = EDGE_CURVE ( 'NONE', #314, #3581, #2094, .T. ) ;
#1141 = LINE ( 'NONE', #514, #1872 ) ;
#1142 = VERTEX_POINT ( 'NONE', #2412 ) ;
#1143 = EDGE_LOOP ( 'NONE', ( #1005, #450, #2060, #774 ) ) ;
#1144 = ORIENTED_EDGE ( 'NONE', *, *, #1376, .T. ) ;
#1145 = CARTESIAN_POINT ( 'NONE',  ( -5.000000000000002665, 15.00000000000000355, 6.650000000000001243 ) ) ;
#1146 = CARTESIAN_POINT ( 'NONE',  ( -1.500000000000001776, 15.00000000000000178, 16.75000000000000000 ) ) ;
#1147 = DIRECTION ( 'NONE',  ( -1.000000000000000000, -0.000000000000000000, -0.000000000000000000 ) ) ;
#1148 = LINE ( 'NONE', #250, #2135 ) ;
#1149 = EDGE_CURVE ( 'NONE', #1988, #3369, #3526, .T. ) ;
#1150 = VECTOR ( 'NONE', #2996, 1000.000000000000000 ) ;
#1151 = DIRECTION ( 'NONE',  ( -1.000000000000000000, -0.000000000000000000, -0.000000000000000000 ) ) ;
#1152 = AXIS2_PLACEMENT_3D ( 'NONE', #2680, #2715, #3273 ) ;
#1153 = LINE ( 'NONE', #871, #2767 ) ;
#1154 = CARTESIAN_POINT ( 'NONE',  ( -5.623475382979804316, 2.092014487765356368, -1.249999999999999112 ) ) ;
#1155 = LINE ( 'NONE', #1121, #1712 ) ;
#1156 = DIRECTION ( 'NONE',  ( -1.000000000000000000, 0.000000000000000000, 0.000000000000000000 ) ) ;
#1157 = ORIENTED_EDGE ( 'NONE', *, *, #3504, .T. ) ;
#1158 = VERTEX_POINT ( 'NONE', #3294 ) ;
#1159 = ORIENTED_EDGE ( 'NONE', *, *, #3074, .F. ) ;
#1160 = DIRECTION ( 'NONE',  ( 1.156482317317871478E-16, -1.000000000000000000, -2.891205793294678326E-16 ) ) ;
#1161 = EDGE_CURVE ( 'NONE', #2632, #741, #3529, .T. ) ;
#1162 = CARTESIAN_POINT ( 'NONE',  ( -7.500000000000000000, -2.500000000000000888, -9.750000000000001776 ) ) ;
#1163 = CARTESIAN_POINT ( 'NONE',  ( 7.500000000000007105, -4.499999999999996447, 20.25000000000000711 ) ) ;
#1164 = CARTESIAN_POINT ( 'NONE',  ( -5.000000000000006217, 15.00000000000000178, 16.75000000000000000 ) ) ;
#1165 = LINE ( 'NONE', #1227, #2289 ) ;
#1166 = AXIS2_PLACEMENT_3D ( 'NONE', #118, #2015, #1478 ) ;
#1167 = CARTESIAN_POINT ( 'NONE',  ( 4.999999999999999112, 15.00000000000000711, 25.25000000000000355 ) ) ;
#1168 = EDGE_CURVE ( 'NONE', #1329, #692, #1328, .T. ) ;
#1169 = ORIENTED_EDGE ( 'NONE', *, *, #3017, .F. ) ;
#1170 = PRESENTATION_STYLE_ASSIGNMENT (( #2297 ) ) ;
#1171 = CARTESIAN_POINT ( 'NONE',  ( -1.500000000000001776, 15.00000000000000711, 25.25000000000000355 ) ) ;
#1172 = DIRECTION ( 'NONE',  ( 0.000000000000000000, 1.000000000000000000, 0.000000000000000000 ) ) ;
#1173 = CIRCLE ( 'NONE', #3059, 1.599999999999995426 ) ;
#1174 = DIRECTION ( 'NONE',  ( -1.156482317317871478E-16, 1.000000000000000000, -3.083952846180990774E-16 ) ) ;
#1175 = ORIENTED_EDGE ( 'NONE', *, *, #3217, .T. ) ;
#1176 = VERTEX_POINT ( 'NONE', #1062 ) ;
#1177 = ORIENTED_EDGE ( 'NONE', *, *, #1767, .F. ) ;
#1178 = FACE_OUTER_BOUND ( 'NONE', #1806, .T. ) ;
#1179 = LINE ( 'NONE', #2028, #679 ) ;
#1180 = VECTOR ( 'NONE', #3085, 1000.000000000000000 ) ;
#1181 = EDGE_CURVE ( 'NONE', #3610, #1329, #2724, .T. ) ;
#1182 = CARTESIAN_POINT ( 'NONE',  ( 7.500000000000000888, 5.484827557301419354, 11.05000000000000071 ) ) ;
#1183 = LINE ( 'NONE', #1403, #1012 ) ;
#1184 = VECTOR ( 'NONE', #2970, 1000.000000000000000 ) ;
#1185 = VECTOR ( 'NONE', #3265, 1000.000000000000000 ) ;
#1186 = DIRECTION ( 'NONE',  ( -0.000000000000000000, -0.000000000000000000, 1.000000000000000000 ) ) ;
#1187 = ADVANCED_FACE ( 'NONE', ( #1587 ), #1863, .T. ) ;
#1188 = AXIS2_PLACEMENT_3D ( 'NONE', #417, #3550, #180 ) ;
#1189 = AXIS2_PLACEMENT_3D ( 'NONE', #838, #1692, #562 ) ;
#1190 = VECTOR ( 'NONE', #1085, 1000.000000000000000 ) ;
#1191 = MECHANICAL_DESIGN_GEOMETRIC_PRESENTATION_REPRESENTATION (  '', ( #58 ), #1942 ) ;
#1192 = CARTESIAN_POINT ( 'NONE',  ( 1.499999999999999556, 15.00000000000000355, 8.250000000000000000 ) ) ;
#1193 = ORIENTED_EDGE ( 'NONE', *, *, #973, .F. ) ;
#1194 = DIRECTION ( 'NONE',  ( -1.355252715606883008E-16, 1.000000000000000000, 0.000000000000000000 ) ) ;
#1195 = EDGE_CURVE ( 'NONE', #1971, #2499, #2669, .T. ) ;
#1196 = CARTESIAN_POINT ( 'NONE',  ( 7.500000000000003553, -4.499999999999998224, 10.75000000000000000 ) ) ;
#1197 = CARTESIAN_POINT ( 'NONE',  ( 5.623475382979808757, 2.092014487765358144, -1.382360785839108708 ) ) ;
#1198 = ORIENTED_EDGE ( 'NONE', *, *, #2571, .F. ) ;
#1199 = ORIENTED_EDGE ( 'NONE', *, *, #2832, .T. ) ;
#1200 = VERTEX_POINT ( 'NONE', #2704 ) ;
#1201 = CARTESIAN_POINT ( 'NONE',  ( 5.000000000000000888, 8.000000000000003553, 20.25000000000000355 ) ) ;
#1202 = CARTESIAN_POINT ( 'NONE',  ( -5.000000000000002665, 15.00000000000000355, 8.250000000000000000 ) ) ;
#1203 = EDGE_CURVE ( 'NONE', #405, #1914, #2374, .T. ) ;
#1204 = CARTESIAN_POINT ( 'NONE',  ( -5.000000000000002665, 17.99999999999999645, 27.75000000000000355 ) ) ;
#1205 = CARTESIAN_POINT ( 'NONE',  ( -7.499999999999999112, 8.000000000000000000, 20.25000000000000355 ) ) ;
#1206 = CARTESIAN_POINT ( 'NONE',  ( -5.577780540099404050, 2.211546972374234254, -0.7461020498401584877 ) ) ;
#1207 = CARTESIAN_POINT ( 'NONE',  ( 0.000000000000000000, 0.000000000000000000, 10.75000000000000000 ) ) ;
#1208 = CARTESIAN_POINT ( 'NONE',  ( -5.000000000000003553, 18.00000000000000711, 20.25000000000000355 ) ) ;
#1209 = EDGE_CURVE ( 'NONE', #1914, #1015, #1899, .T. ) ;
#1210 = CARTESIAN_POINT ( 'NONE',  ( -5.000000000000002665, 8.000000000000000000, -9.750000000000000000 ) ) ;
#1211 = ORIENTED_EDGE ( 'NONE', *, *, #1867, .T. ) ;
#1212 = FACE_OUTER_BOUND ( 'NONE', #1820, .T. ) ;
#1213 = AXIS2_PLACEMENT_3D ( 'NONE', #2231, #579, #3639 ) ;
#1214 = CARTESIAN_POINT ( 'NONE',  ( -7.499999999999997335, 3.175426480542917762, 9.050000000000000711 ) ) ;
#1215 = CARTESIAN_POINT ( 'NONE',  ( 7.500000000000003553, -4.499999999999999112, 13.75000000000000178 ) ) ;
#1216 = ORIENTED_EDGE ( 'NONE', *, *, #2972, .F. ) ;
#1217 = ORIENTED_EDGE ( 'NONE', *, *, #1898, .F. ) ;
#1218 = ORIENTED_EDGE ( 'NONE', *, *, #280, .F. ) ;
#1219 = CARTESIAN_POINT ( 'NONE',  ( -3.499999999999996003, -7.299999999999999822, 27.75000000000000355 ) ) ;
#1220 = DIRECTION ( 'NONE',  ( -9.912705577010326536E-16, 1.000000000000000000, 0.000000000000000000 ) ) ;
#1221 = CARTESIAN_POINT ( 'NONE',  ( -7.500000000000000000, -5.500000000000001776, -9.750000000000001776 ) ) ;
#1222 = EDGE_CURVE ( 'NONE', #488, #1964, #2397, .T. ) ;
#1223 = FACE_OUTER_BOUND ( 'NONE', #735, .T. ) ;
#1224 = ORIENTED_EDGE ( 'NONE', *, *, #1127, .T. ) ;
#1225 = ORIENTED_EDGE ( 'NONE', *, *, #2338, .T. ) ;
#1226 = DIRECTION ( 'NONE',  ( 0.000000000000000000, 0.000000000000000000, 1.000000000000000000 ) ) ;
#1227 = CARTESIAN_POINT ( 'NONE',  ( 7.500000000000000000, -7.499999999999999112, 27.75000000000000355 ) ) ;
#1228 = EDGE_LOOP ( 'NONE', ( #994, #2740, #342, #91 ) ) ;
#1229 = CARTESIAN_POINT ( 'NONE',  ( -5.000000000000006217, 15.00000000000000711, 25.25000000000000355 ) ) ;
#1230 = EDGE_CURVE ( 'NONE', #3134, #73, #2830, .T. ) ;
#1231 = ADVANCED_FACE ( 'NONE', ( #2450 ), #3567, .F. ) ;
#1232 = ORIENTED_EDGE ( 'NONE', *, *, #552, .F. ) ;
#1233 = DIRECTION ( 'NONE',  ( -1.000000000000000000, -0.000000000000000000, -0.000000000000000000 ) ) ;
#1234 = LINE ( 'NONE', #2020, #3021 ) ;
#1235 = CARTESIAN_POINT ( 'NONE',  ( 5.323640290430618371, 2.770087550097081408, -0.2764140456330619333 ) ) ;
#1236 = ORIENTED_EDGE ( 'NONE', *, *, #293, .F. ) ;
#1237 = EDGE_LOOP ( 'NONE', ( #3221, #876, #3032, #445 ) ) ;
#1238 = ORIENTED_EDGE ( 'NONE', *, *, #2527, .T. ) ;
#1239 = DIRECTION ( 'NONE',  ( 0.000000000000000000, -1.000000000000000000, 3.083952846180990774E-16 ) ) ;
#1240 = PLANE ( 'NONE',  #2659 ) ;
#1241 = CARTESIAN_POINT ( 'NONE',  ( 7.500000000000003553, -4.499999999999998224, 10.75000000000000000 ) ) ;
#1242 = CARTESIAN_POINT ( 'NONE',  ( -1.936539935486212727, 5.682239383466489713, 5.055697918840349026 ) ) ;
#1243 = ORIENTED_EDGE ( 'NONE', *, *, #2701, .F. ) ;
#1244 = ORIENTED_EDGE ( 'NONE', *, *, #1209, .T. ) ;
#1245 = CARTESIAN_POINT ( 'NONE',  ( -7.499999999999999112, 18.00000000000000355, 21.25000000000000000 ) ) ;
#1246 = EDGE_CURVE ( 'NONE', #204, #3147, #1894, .T. ) ;
#1247 = CARTESIAN_POINT ( 'NONE',  ( -5.000000000000002665, 8.000000000000000000, 13.75000000000000000 ) ) ;
#1248 = VERTEX_POINT ( 'NONE', #686 ) ;
#1249 = VECTOR ( 'NONE', #1938, 1000.000000000000000 ) ;
#1250 = CARTESIAN_POINT ( 'NONE',  ( 4.999999999999999112, 18.00000000000000000, -9.750000000000000000 ) ) ;
#1251 = VECTOR ( 'NONE', #930, 1000.000000000000000 ) ;
#1252 = AXIS2_PLACEMENT_3D ( 'NONE', #1040, #752, #1280 ) ;
#1253 = ORIENTED_EDGE ( 'NONE', *, *, #1992, .F. ) ;
#1254 = LINE ( 'NONE', #1504, #1011 ) ;
#1255 = AXIS2_PLACEMENT_3D ( 'NONE', #1506, #1486, #2612 ) ;
#1256 = VECTOR ( 'NONE', #237, 1000.000000000000000 ) ;
#1257 = DIRECTION ( 'NONE',  ( -1.783268467025218707E-32, 1.541976423090495387E-16, 1.000000000000000000 ) ) ;
#1258 = FACE_OUTER_BOUND ( 'NONE', #2380, .T. ) ;
#1259 = ORIENTED_EDGE ( 'NONE', *, *, #2501, .T. ) ;
#1260 = VERTEX_POINT ( 'NONE', #1819 ) ;
#1261 = DIRECTION ( 'NONE',  ( -1.000000000000000000, 0.000000000000000000, -1.734723475976807094E-16 ) ) ;
#1262 = LINE ( 'NONE', #2914, #3310 ) ;
#1263 = EDGE_CURVE ( 'NONE', #2885, #2685, #760, .T. ) ;
#1264 = PLANE ( 'NONE',  #3539 ) ;
#1265 = PLANE ( 'NONE',  #3508 ) ;
#1266 = ORIENTED_EDGE ( 'NONE', *, *, #217, .F. ) ;
#1267 = VERTEX_POINT ( 'NONE', #2415 ) ;
#1268 = CARTESIAN_POINT ( 'NONE',  ( 5.000000000000000000, 18.00000000000000355, 13.75000000000000178 ) ) ;
#1269 = PLANE ( 'NONE',  #2898 ) ;
#1270 = VERTEX_POINT ( 'NONE', #2157 ) ;
#1271 = CARTESIAN_POINT ( 'NONE',  ( 7.500000000000007105, -4.499999999999996447, 21.25000000000000711 ) ) ;
#1272 = EDGE_CURVE ( 'NONE', #2674, #358, #989, .T. ) ;
#1273 = ORIENTED_EDGE ( 'NONE', *, *, #2646, .F. ) ;
#1274 = DIRECTION ( 'NONE',  ( 0.000000000000000000, 0.000000000000000000, 1.000000000000000000 ) ) ;
#1275 = CARTESIAN_POINT ( 'NONE',  ( 5.323640290430618371, 2.770087550097080076, 10.02358595436693989 ) ) ;
#1276 = CARTESIAN_POINT ( 'NONE',  ( 5.000000000000000888, 8.000000000000003553, -9.750000000000000000 ) ) ;
#1277 = EDGE_LOOP ( 'NONE', ( #1920, #1623, #1664, #631 ) ) ;
#1278 = ORIENTED_EDGE ( 'NONE', *, *, #3373, .T. ) ;
#1279 = LINE ( 'NONE', #2405, #2252 ) ;
#1280 = DIRECTION ( 'NONE',  ( 0.000000000000000000, 0.000000000000000000, 1.000000000000000000 ) ) ;
#1281 = EDGE_CURVE ( 'NONE', #488, #2185, #745, .T. ) ;
#1282 = DIRECTION ( 'NONE',  ( 0.000000000000000000, 2.891205793294678326E-16, -1.000000000000000000 ) ) ;
#1283 = CARTESIAN_POINT ( 'NONE',  ( -4.623475382979808757, 3.824065295334236669, 9.050000000000000711 ) ) ;
#1284 = VECTOR ( 'NONE', #1769, 1000.000000000000000 ) ;
#1285 = VERTEX_POINT ( 'NONE', #2173 ) ;
#1286 = EDGE_LOOP ( 'NONE', ( #2652, #3093 ) ) ;
#1287 = EDGE_CURVE ( 'NONE', #1600, #2660, #2962, .T. ) ;
#1288 = CARTESIAN_POINT ( 'NONE',  ( -5.000000000000002665, 15.00000000000000178, -7.249999999999999112 ) ) ;
#1289 = DIRECTION ( 'NONE',  ( -1.000000000000000000, 3.336006684570784088E-16, 0.000000000000000000 ) ) ;
#1290 = ORIENTED_EDGE ( 'NONE', *, *, #2456, .F. ) ;
#1291 = DIRECTION ( 'NONE',  ( -0.000000000000000000, -0.000000000000000000, 1.000000000000000000 ) ) ;
#1292 = ORIENTED_EDGE ( 'NONE', *, *, #2299, .F. ) ;
#1293 = CARTESIAN_POINT ( 'NONE',  ( -1.500000000000000666, 5.809475019311125976, -9.750000000000000000 ) ) ;
#1294 = EDGE_CURVE ( 'NONE', #1989, #2201, #2115, .T. ) ;
#1295 = DIRECTION ( 'NONE',  ( 0.000000000000000000, 0.000000000000000000, 1.000000000000000000 ) ) ;
#1296 = LINE ( 'NONE', #1316, #2743 ) ;
#1297 = ORIENTED_EDGE ( 'NONE', *, *, #1577, .F. ) ;
#1298 = ORIENTED_EDGE ( 'NONE', *, *, #2016, .T. ) ;
#1299 = DIRECTION ( 'NONE',  ( 0.000000000000000000, 0.000000000000000000, 1.000000000000000000 ) ) ;
#1300 = FACE_OUTER_BOUND ( 'NONE', #1796, .T. ) ;
#1301 = VECTOR ( 'NONE', #2806, 1000.000000000000000 ) ;
#1302 = CARTESIAN_POINT ( 'NONE',  ( -7.499999999999996447, -7.299999999999999822, -9.750000000000000000 ) ) ;
#1303 = DIRECTION ( 'NONE',  ( -1.000000000000000000, 0.000000000000000000, 0.000000000000000000 ) ) ;
#1304 = ORIENTED_EDGE ( 'NONE', *, *, #156, .F. ) ;
#1305 = EDGE_LOOP ( 'NONE', ( #3194, #2548, #3536, #2022 ) ) ;
#1306 = DIRECTION ( 'NONE',  ( -1.000000000000000000, -9.912705577010324563E-16, -0.000000000000000000 ) ) ;
#1307 = EDGE_LOOP ( 'NONE', ( #1845, #3400 ) ) ;
#1308 = EDGE_CURVE ( 'NONE', #292, #789, #1344, .T. ) ;
#1309 = DIRECTION ( 'NONE',  ( 1.783268467025218707E-32, -1.541976423090495387E-16, -1.000000000000000000 ) ) ;
#1310 = VECTOR ( 'NONE', #642, 1000.000000000000000 ) ;
#1311 = ORIENTED_EDGE ( 'NONE', *, *, #558, .F. ) ;
#1312 = LINE ( 'NONE', #3281, #3066 ) ;
#1313 = CIRCLE ( 'NONE', #1948, 6.000000000000000888 ) ;
#1314 = AXIS2_PLACEMENT_3D ( 'NONE', #3138, #2568, #2583 ) ;
#1315 = DIRECTION ( 'NONE',  ( 0.000000000000000000, -1.000000000000000000, 0.000000000000000000 ) ) ;
#1316 = CARTESIAN_POINT ( 'NONE',  ( 1.500000000000000000, 0.000000000000000000, -9.750000000000000000 ) ) ;
#1317 = ORIENTED_EDGE ( 'NONE', *, *, #1566, .F. ) ;
#1318 = EDGE_CURVE ( 'NONE', #1605, #692, #1406, .T. ) ;
#1319 = VECTOR ( 'NONE', #702, 1000.000000000000000 ) ;
#1320 = CARTESIAN_POINT ( 'NONE',  ( 7.500000000000000888, 3.175426480542918206, 9.050000000000000711 ) ) ;
#1321 = VECTOR ( 'NONE', #186, 1000.000000000000000 ) ;
#1322 = DIRECTION ( 'NONE',  ( 0.8660254037844397068, -0.4999999999999979461, 0.000000000000000000 ) ) ;
#1323 = CARTESIAN_POINT ( 'NONE',  ( -7.499999999999996447, -7.500000000000000000, -9.750000000000000000 ) ) ;
#1324 = DIRECTION ( 'NONE',  ( -1.734723475976808080E-16, 1.000000000000000000, 0.000000000000000000 ) ) ;
#1325 = ORIENTED_EDGE ( 'NONE', *, *, #3062, .F. ) ;
#1326 = ORIENTED_EDGE ( 'NONE', *, *, #1523, .T. ) ;
#1327 = VERTEX_POINT ( 'NONE', #2533 ) ;
#1328 = LINE ( 'NONE', #162, #2723 ) ;
#1329 = VERTEX_POINT ( 'NONE', #3103 ) ;
#1330 = ADVANCED_FACE ( 'NONE', ( #1638 ), #1083, .T. ) ;
#1331 = DIRECTION ( 'NONE',  ( -1.000000000000000000, -0.000000000000000000, -0.000000000000000000 ) ) ;
#1332 = CARTESIAN_POINT ( 'NONE',  ( -5.000000000000006217, 15.00000000000000178, 16.75000000000000000 ) ) ;
#1333 = ORIENTED_EDGE ( 'NONE', *, *, #1935, .T. ) ;
#1334 = DIRECTION ( 'NONE',  ( 0.000000000000000000, 0.000000000000000000, 1.000000000000000000 ) ) ;
#1335 = CARTESIAN_POINT ( 'NONE',  ( 2.458595512252771176, 5.475055701512613560, 4.488403514356809509 ) ) ;
#1336 = CARTESIAN_POINT ( 'NONE',  ( -7.500000000000000000, 8.000000000000000000, 27.75000000000000355 ) ) ;
#1337 = LINE ( 'NONE', #3561, #1342 ) ;
#1338 = ORIENTED_EDGE ( 'NONE', *, *, #2515, .T. ) ;
#1339 = EDGE_LOOP ( 'NONE', ( #2526, #1354, #1437, #2174, #3166, #2892, #861, #2653 ) ) ;
#1340 = VECTOR ( 'NONE', #3092, 1000.000000000000000 ) ;
#1341 = EDGE_CURVE ( 'NONE', #262, #1928, #3325, .T. ) ;
#1342 = VECTOR ( 'NONE', #3012, 1000.000000000000000 ) ;
#1343 = VERTEX_POINT ( 'NONE', #3355 ) ;
#1344 = LINE ( 'NONE', #1271, #196 ) ;
#1345 = ORIENTED_EDGE ( 'NONE', *, *, #2921, .T. ) ;
#1346 = CARTESIAN_POINT ( 'NONE',  ( 5.614365709701921503, 2.116951429804747153, 9.312290378359318055 ) ) ;
#1347 = EDGE_CURVE ( 'NONE', #3362, #1044, #1687, .T. ) ;
#1348 = CARTESIAN_POINT ( 'NONE',  ( 5.614174886797631103, 2.117451801477852502, 8.786173967944048258 ) ) ;
#1349 = ORIENTED_EDGE ( 'NONE', *, *, #3099, .T. ) ;
#1350 = SURFACE_STYLE_FILL_AREA ( #222 ) ;
#1351 = CARTESIAN_POINT ( 'NONE',  ( 1.500000000000000000, 18.00000000000000000, -9.750000000000000000 ) ) ;
#1352 = CARTESIAN_POINT ( 'NONE',  ( -7.499999999999999112, 8.000000000000000000, -9.750000000000000000 ) ) ;
#1353 = LINE ( 'NONE', #3578, #2566 ) ;
#1354 = ORIENTED_EDGE ( 'NONE', *, *, #126, .F. ) ;
#1355 = ORIENTED_EDGE ( 'NONE', *, *, #2471, .F. ) ;
#1356 = ORIENTED_EDGE ( 'NONE', *, *, #1272, .F. ) ;
#1357 = DIRECTION ( 'NONE',  ( 1.000000000000000000, 1.734723475976808080E-16, -0.000000000000000000 ) ) ;
#1358 = DIRECTION ( 'NONE',  ( 0.000000000000000000, 1.000000000000000000, 0.000000000000000000 ) ) ;
#1359 = CARTESIAN_POINT ( 'NONE',  ( -5.000000000000006217, 15.00000000000000711, 23.65000000000000568 ) ) ;
#1360 = EDGE_LOOP ( 'NONE', ( #2153, #3207, #3475, #1175 ) ) ;
#1361 = CARTESIAN_POINT ( 'NONE',  ( -4.623475382979810533, 3.824065295334235781, 9.182393880016352483 ) ) ;
#1362 = LINE ( 'NONE', #1675, #1256 ) ;
#1363 = MECHANICAL_DESIGN_GEOMETRIC_PRESENTATION_REPRESENTATION (  '', ( #244 ), #1416 ) ;
#1364 = VECTOR ( 'NONE', #1668, 1000.000000000000000 ) ;
#1365 = FACE_BOUND ( 'NONE', #344, .T. ) ;
#1366 = CARTESIAN_POINT ( 'NONE',  ( -7.499999999999998224, 5.484827557301419354, 7.050000000000000711 ) ) ;
#1367 = AXIS2_PLACEMENT_3D ( 'NONE', #705, #2968, #474 ) ;
#1368 = VECTOR ( 'NONE', #2780, 1000.000000000000000 ) ;
#1369 = ORIENTED_EDGE ( 'NONE', *, *, #1843, .F. ) ;
#1370 = ORIENTED_EDGE ( 'NONE', *, *, #1246, .T. ) ;
#1371 = EDGE_CURVE ( 'NONE', #3195, #632, #1669, .T. ) ;
#1372 = VECTOR ( 'NONE', #1116, 1000.000000000000000 ) ;
#1373 = CYLINDRICAL_SURFACE ( 'NONE', #423, 6.000000000000000888 ) ;
#1374 = CARTESIAN_POINT ( 'NONE',  ( 7.500000000000000000, -2.499999999999999112, -9.750000000000001776 ) ) ;
#1375 = LINE ( 'NONE', #835, #1190 ) ;
#1376 = EDGE_CURVE ( 'NONE', #2547, #2325, #793, .T. ) ;
#1377 = LINE ( 'NONE', #1359, #1740 ) ;
#1378 = ORIENTED_EDGE ( 'NONE', *, *, #3295, .T. ) ;
#1379 = LINE ( 'NONE', #1726, #1778 ) ;
#1380 = DIRECTION ( 'NONE',  ( 1.000000000000000000, 0.000000000000000000, 0.000000000000000000 ) ) ;
#1381 = LINE ( 'NONE', #2284, #3153 ) ;
#1382 = ORIENTED_EDGE ( 'NONE', *, *, #2243, .F. ) ;
#1383 = EDGE_LOOP ( 'NONE', ( #3112, #1763, #2980, #580 ) ) ;
#1384 = CARTESIAN_POINT ( 'NONE',  ( -3.000497062966620554, 5.195865443934345684, 3.014460491287682231 ) ) ;
#1385 = EDGE_CURVE ( 'NONE', #632, #2703, #2261, .T. ) ;
#1386 = DIRECTION ( 'NONE',  ( 3.566536934050437414E-32, -3.083952846180990774E-16, -1.000000000000000000 ) ) ;
#1387 = VECTOR ( 'NONE', #1883, 1000.000000000000000 ) ;
#1388 = CARTESIAN_POINT ( 'NONE',  ( -6.000000000000000888, 7.347880794884120722E-16, -9.750000000000000000 ) ) ;
#1389 = VECTOR ( 'NONE', #1983, 1000.000000000000000 ) ;
#1390 = CARTESIAN_POINT ( 'NONE',  ( -6.200000000000001066, -4.499999999999998224, 10.75000000000000000 ) ) ;
#1391 = FACE_BOUND ( 'NONE', #3522, .T. ) ;
#1392 = EDGE_LOOP ( 'NONE', ( #1618, #2286, #899, #1356 ) ) ;
#1393 = CARTESIAN_POINT ( 'NONE',  ( -7.500000000000000000, -5.500000000000001776, 27.75000000000000355 ) ) ;
#1394 = FACE_OUTER_BOUND ( 'NONE', #2114, .T. ) ;
#1395 = EDGE_CURVE ( 'NONE', #687, #2244, #772, .T. ) ;
#1396 = LINE ( 'NONE', #2268, #3306 ) ;
#1397 = DIRECTION ( 'NONE',  ( 0.000000000000000000, 1.000000000000000000, 0.000000000000000000 ) ) ;
#1398 = ORIENTED_EDGE ( 'NONE', *, *, #1678, .T. ) ;
#1399 = EDGE_LOOP ( 'NONE', ( #343, #3492 ) ) ;
#1400 = EDGE_LOOP ( 'NONE', ( #2939, #1858, #1945, #2337, #515, #1632, #169, #140, #1805, #2287, #565, #2595, #1238, #1832, #1647, #263, #1244, #3543, #1058, #2431 ) ) ;
#1401 = DIRECTION ( 'NONE',  ( -8.673617379884034239E-17, 0.000000000000000000, 1.000000000000000000 ) ) ;
#1402 = CARTESIAN_POINT ( 'NONE',  ( -4.927154854575754861, 3.426029190787728496, -0.3762156912973804723 ) ) ;
#1403 = CARTESIAN_POINT ( 'NONE',  ( -5.000000000000002665, 15.00000000000000355, 9.849999999999999645 ) ) ;
#1404 = AXIS2_PLACEMENT_3D ( 'NONE', #3098, #845, #3080 ) ;
#1405 = ADVANCED_FACE ( 'NONE', ( #3083, #2755 ), #3049, .T. ) ;
#1406 = LINE ( 'NONE', #1704, #3414 ) ;
#1407 = EDGE_CURVE ( 'NONE', #2959, #221, #1148, .T. ) ;
#1408 = CARTESIAN_POINT ( 'NONE',  ( 7.500000000000000000, -7.300000000000000711, 21.75000000000000355 ) ) ;
#1409 = PLANE ( 'NONE',  #3101 ) ;
#1410 = ORIENTED_EDGE ( 'NONE', *, *, #1371, .F. ) ;
#1411 = CARTESIAN_POINT ( 'NONE',  ( -5.323031460260958525, 2.771297593536427684, 10.02408052783100700 ) ) ;
#1412 = DIRECTION ( 'NONE',  ( -0.8660254037844399289, -0.4999999999999980016, 0.000000000000000000 ) ) ;
#1413 = CARTESIAN_POINT ( 'NONE',  ( 6.200000000000000178, -5.500000000000000000, -9.750000000000001776 ) ) ;
#1414 = DIRECTION ( 'NONE',  ( 8.881784197001251337E-16, 1.000000000000000000, 0.000000000000000000 ) ) ;
#1415 = ORIENTED_EDGE ( 'NONE', *, *, #1919, .T. ) ;
#1416 =( GEOMETRIC_REPRESENTATION_CONTEXT ( 3 ) GLOBAL_UNCERTAINTY_ASSIGNED_CONTEXT ( ( #2788 ) ) GLOBAL_UNIT_ASSIGNED_CONTEXT ( ( #1139, #1709, #1433 ) ) REPRESENTATION_CONTEXT ( 'NONE', 'WORKASPACE' ) );
#1417 = VERTEX_POINT ( 'NONE', #1099 ) ;
#1418 = VECTOR ( 'NONE', #1833, 1000.000000000000000 ) ;
#1419 = ORIENTED_EDGE ( 'NONE', *, *, #3062, .T. ) ;
#1420 = VECTOR ( 'NONE', #3216, 1000.000000000000000 ) ;
#1421 = AXIS2_PLACEMENT_3D ( 'NONE', #1886, #767, #3028 ) ;
#1422 = EDGE_CURVE ( 'NONE', #984, #967, #520, .T. ) ;
#1423 = DIRECTION ( 'NONE',  ( -1.000000000000000000, -0.000000000000000000, -0.000000000000000000 ) ) ;
#1424 = FACE_OUTER_BOUND ( 'NONE', #3461, .T. ) ;
#1425 = VECTOR ( 'NONE', #340, 1000.000000000000000 ) ;
#1426 = DIRECTION ( 'NONE',  ( -1.000000000000000000, 0.000000000000000000, 0.000000000000000000 ) ) ;
#1427 = AXIS2_PLACEMENT_3D ( 'NONE', #3150, #615, #2872 ) ;
#1428 = DIRECTION ( 'NONE',  ( 1.000000000000000000, 1.734723475976808080E-16, -0.000000000000000000 ) ) ;
#1429 = FACE_OUTER_BOUND ( 'NONE', #1339, .T. ) ;
#1430 = LINE ( 'NONE', #3052, #510 ) ;
#1431 = EDGE_CURVE ( 'NONE', #566, #741, #2664, .T. ) ;
#1432 = DIRECTION ( 'NONE',  ( 1.000000000000000000, -0.000000000000000000, 3.566536934050437414E-32 ) ) ;
#1433 =( NAMED_UNIT ( * ) SI_UNIT ( $, .STERADIAN. ) SOLID_ANGLE_UNIT ( ) );
#1434 = FACE_BOUND ( 'NONE', #12, .T. ) ;
#1435 = EDGE_LOOP ( 'NONE', ( #2513, #1410, #2416, #2041 ) ) ;
#1436 = ORIENTED_EDGE ( 'NONE', *, *, #266, .T. ) ;
#1437 = ORIENTED_EDGE ( 'NONE', *, *, #3373, .F. ) ;
#1438 = FACE_OUTER_BOUND ( 'NONE', #898, .T. ) ;
#1439 = APPLICATION_CONTEXT ( 'automotive_design' ) ;
#1440 = FACE_OUTER_BOUND ( 'NONE', #1435, .T. ) ;
#1441 = FACE_OUTER_BOUND ( 'NONE', #2357, .T. ) ;
#1442 = CARTESIAN_POINT ( 'NONE',  ( -1.500000000000002220, 18.00000000000000000, 27.75000000000000355 ) ) ;
#1443 = ADVANCED_FACE ( 'NONE', ( #1134 ), #232, .T. ) ;
#1444 = DIRECTION ( 'NONE',  ( -1.000000000000000000, 1.387778780781445873E-15, 0.000000000000000000 ) ) ;
#1445 = VECTOR ( 'NONE', #1174, 1000.000000000000000 ) ;
#1446 = LINE ( 'NONE', #2572, #1847 ) ;
#1447 = DIRECTION ( 'NONE',  ( 0.000000000000000000, 0.000000000000000000, 1.000000000000000000 ) ) ;
#1448 = EDGE_CURVE ( 'NONE', #740, #2819, #1016, .T. ) ;
#1449 = DIRECTION ( 'NONE',  ( 0.000000000000000000, 0.000000000000000000, 1.000000000000000000 ) ) ;
#1450 = CARTESIAN_POINT ( 'NONE',  ( 5.476849456678177575, 2.452085243189720654, -0.4506819374182569615 ) ) ;
#1451 = ORIENTED_EDGE ( 'NONE', *, *, #3571, .T. ) ;
#1452 = ORIENTED_EDGE ( 'NONE', *, *, #2859, .T. ) ;
#1453 = ORIENTED_EDGE ( 'NONE', *, *, #388, .T. ) ;
#1454 = LINE ( 'NONE', #51, #777 ) ;
#1455 = CARTESIAN_POINT ( 'NONE',  ( -1.500000000000001776, 15.00000000000000178, 18.34999999999999787 ) ) ;
#1456 = DIRECTION ( 'NONE',  ( -1.000000000000000000, 0.000000000000000000, 0.000000000000000000 ) ) ;
#1457 = FACE_OUTER_BOUND ( 'NONE', #154, .T. ) ;
#1458 = FACE_OUTER_BOUND ( 'NONE', #1228, .T. ) ;
#1459 = AXIS2_PLACEMENT_3D ( 'NONE', #2531, #3154, #2857 ) ;
#1460 = DIRECTION ( 'NONE',  ( -1.000000000000000000, 0.000000000000000000, 0.000000000000000000 ) ) ;
#1461 = ORIENTED_EDGE ( 'NONE', *, *, #2663, .T. ) ;
#1462 = CYLINDRICAL_SURFACE ( 'NONE', #3409, 1.000000000000000666 ) ;
#1463 = CARTESIAN_POINT ( 'NONE',  ( 4.999999999999999112, 18.00000000000000711, 20.25000000000000355 ) ) ;
#1464 = DIRECTION ( 'NONE',  ( 0.000000000000000000, 0.000000000000000000, 1.000000000000000000 ) ) ;
#1465 = VERTEX_POINT ( 'NONE', #1374 ) ;
#1466 = ORIENTED_EDGE ( 'NONE', *, *, #3403, .T. ) ;
#1467 = ORIENTED_EDGE ( 'NONE', *, *, #1115, .T. ) ;
#1468 = DIRECTION ( 'NONE',  ( -3.566536934050437414E-32, 3.083952846180990774E-16, 1.000000000000000000 ) ) ;
#1469 = CARTESIAN_POINT ( 'NONE',  ( -5.623475382979803427, 2.092014487765355923, -1.380616955321384287 ) ) ;
#1470 = EDGE_CURVE ( 'NONE', #1971, #1033, #505, .T. ) ;
#1471 = DIRECTION ( 'NONE',  ( 0.000000000000000000, 0.000000000000000000, 1.000000000000000000 ) ) ;
#1472 = CARTESIAN_POINT ( 'NONE',  ( 1.500000000000000000, 18.00000000000000000, -9.750000000000000000 ) ) ;
#1473 = VECTOR ( 'NONE', #1811, 1000.000000000000000 ) ;
#1474 = EDGE_CURVE ( 'NONE', #1893, #73, #811, .T. ) ;
#1475 = CARTESIAN_POINT ( 'NONE',  ( -5.550487437025284798, 2.280544405040457079, -0.6360226105691723086 ) ) ;
#1476 = DIRECTION ( 'NONE',  ( -0.000000000000000000, -0.000000000000000000, 1.000000000000000000 ) ) ;
#1477 = AXIS2_PLACEMENT_3D ( 'NONE', #3412, #893, #1484 ) ;
#1478 = DIRECTION ( 'NONE',  ( 0.000000000000000000, 0.000000000000000000, 1.000000000000000000 ) ) ;
#1479 = AXIS2_PLACEMENT_3D ( 'NONE', #3488, #2665, #2113 ) ;
#1480 = VECTOR ( 'NONE', #2386, 1000.000000000000000 ) ;
#1481 = PLANE ( 'NONE',  #353 ) ;
#1482 = ORIENTED_EDGE ( 'NONE', *, *, #2638, .F. ) ;
#1483 = SHAPE_DEFINITION_REPRESENTATION ( #231, #2936 ) ;
#1484 = DIRECTION ( 'NONE',  ( 0.000000000000000000, 0.000000000000000000, 1.000000000000000000 ) ) ;
#1485 = EDGE_CURVE ( 'NONE', #30, #1044, #2434, .T. ) ;
#1486 = DIRECTION ( 'NONE',  ( -1.000000000000000000, -0.000000000000000000, -0.000000000000000000 ) ) ;
#1487 = CARTESIAN_POINT ( 'NONE',  ( 4.926281358851995584, 3.427316374287997736, -2.123037790270513980 ) ) ;
#1488 = VERTEX_POINT ( 'NONE', #3223 ) ;
#1489 = ORIENTED_EDGE ( 'NONE', *, *, #1538, .T. ) ;
#1490 = VERTEX_POINT ( 'NONE', #1760 ) ;
#1491 = CARTESIAN_POINT ( 'NONE',  ( -5.000000000000006217, 15.00000000000000711, 25.25000000000000355 ) ) ;
#1492 = PLANE ( 'NONE',  #424 ) ;
#1493 = LINE ( 'NONE', #1750, #1124 ) ;
#1494 = CARTESIAN_POINT ( 'NONE',  ( -2.723604765236089076, 5.348188429882251960, 4.034476787405385956 ) ) ;
#1495 = VERTEX_POINT ( 'NONE', #68 ) ;
#1496 = CYLINDRICAL_SURFACE ( 'NONE', #3307, 1.599999999999997202 ) ;
#1497 = EDGE_CURVE ( 'NONE', #114, #3226, #3451, .T. ) ;
#1498 = EDGE_CURVE ( 'NONE', #2318, #2058, #2037, .T. ) ;
#1499 = CARTESIAN_POINT ( 'NONE',  ( -7.499999999999998224, 7.999999999999996447, 13.75000000000000178 ) ) ;
#1500 = DIRECTION ( 'NONE',  ( 1.000000000000000000, 0.000000000000000000, 1.734723475976806848E-16 ) ) ;
#1501 = AXIS2_PLACEMENT_3D ( 'NONE', #454, #2200, #754 ) ;
#1502 = ORIENTED_EDGE ( 'NONE', *, *, #792, .T. ) ;
#1503 = DIRECTION ( 'NONE',  ( 1.000000000000000000, 0.000000000000000000, 0.000000000000000000 ) ) ;
#1504 = CARTESIAN_POINT ( 'NONE',  ( -6.200000000000000178, -5.500000000000001776, 27.75000000000000355 ) ) ;
#1505 = VECTOR ( 'NONE', #1324, 1000.000000000000000 ) ;
#1506 = CARTESIAN_POINT ( 'NONE',  ( -5.000000000000006217, 15.00000000000000711, 25.25000000000000355 ) ) ;
#1507 = CARTESIAN_POINT ( 'NONE',  ( 7.500000000000004441, 18.00000000000000711, 21.25000000000000000 ) ) ;
#1508 = ORIENTED_EDGE ( 'NONE', *, *, #2121, .T. ) ;
#1509 = EDGE_CURVE ( 'NONE', #3322, #3134, #2301, .T. ) ;
#1510 = ORIENTED_EDGE ( 'NONE', *, *, #2646, .T. ) ;
#1511 = ORIENTED_EDGE ( 'NONE', *, *, #2203, .T. ) ;
#1512 = CARTESIAN_POINT ( 'NONE',  ( 7.500000000000004441, 18.00000000000000711, 21.25000000000000000 ) ) ;
#1513 = CARTESIAN_POINT ( 'NONE',  ( -5.323555650562133756, 2.770288936447474981, -2.223778239432934622 ) ) ;
#1514 = CARTESIAN_POINT ( 'NONE',  ( 7.500000000000000888, 8.000000000000000000, -9.750000000000000000 ) ) ;
#1515 = LINE ( 'NONE', #3152, #34 ) ;
#1516 = ORIENTED_EDGE ( 'NONE', *, *, #1181, .T. ) ;
#1517 = ORIENTED_EDGE ( 'NONE', *, *, #2112, .F. ) ;
#1518 = LINE ( 'NONE', #941, #711 ) ;
#1519 = CARTESIAN_POINT ( 'NONE',  ( -1.500000000000000666, 5.809475019311125088, 13.75000000000000000 ) ) ;
#1520 = EDGE_CURVE ( 'NONE', #487, #2177, #486, .T. ) ;
#1521 = CARTESIAN_POINT ( 'NONE',  ( 4.999999999999999112, 18.00000000000000000, 27.75000000000000355 ) ) ;
#1522 = ORIENTED_EDGE ( 'NONE', *, *, #2859, .F. ) ;
#1523 = EDGE_CURVE ( 'NONE', #3369, #1581, #2320, .T. ) ;
#1524 = CARTESIAN_POINT ( 'NONE',  ( 7.500000000000000888, 3.175426480542918206, 9.050000000000000711 ) ) ;
#1525 = CYLINDRICAL_SURFACE ( 'NONE', #951, 1.599999999999997202 ) ;
#1526 = CARTESIAN_POINT ( 'NONE',  ( 2.500000000000002220, -7.500000000000000000, -7.250000000000000888 ) ) ;
#1527 = ORIENTED_EDGE ( 'NONE', *, *, #1385, .T. ) ;
#1528 = ORIENTED_EDGE ( 'NONE', *, *, #2738, .T. ) ;
#1529 = ORIENTED_EDGE ( 'NONE', *, *, #208, .T. ) ;
#1530 = CARTESIAN_POINT ( 'NONE',  ( 7.500000000000000888, 3.175426480542918206, 7.050000000000000711 ) ) ;
#1531 = LINE ( 'NONE', #3438, #1658 ) ;
#1532 = PLANE ( 'NONE',  #2014 ) ;
#1533 = ADVANCED_FACE ( 'NONE', ( #894 ), #1525, .F. ) ;
#1534 = LINE ( 'NONE', #1472, #3386 ) ;
#1535 = VERTEX_POINT ( 'NONE', #3432 ) ;
#1536 = ORIENTED_EDGE ( 'NONE', *, *, #2753, .T. ) ;
#1537 = DIRECTION ( 'NONE',  ( -1.000000000000000000, -0.000000000000000000, -0.000000000000000000 ) ) ;
#1538 = EDGE_CURVE ( 'NONE', #226, #2342, #1100, .T. ) ;
#1539 = AXIS2_PLACEMENT_3D ( 'NONE', #795, #3050, #254 ) ;
#1540 = LINE ( 'NONE', #1816, #1420 ) ;
#1541 = ORIENTED_EDGE ( 'NONE', *, *, #528, .T. ) ;
#1542 = VECTOR ( 'NONE', #46, 1000.000000000000000 ) ;
#1543 = CIRCLE ( 'NONE', #3357, 6.000000000000000888 ) ;
#1544 = CARTESIAN_POINT ( 'NONE',  ( 4.999999999999999112, 18.00000000000000000, -9.750000000000000000 ) ) ;
#1545 = VECTOR ( 'NONE', #2672, 1000.000000000000000 ) ;
#1546 = DIRECTION ( 'NONE',  ( 1.000000000000000000, 0.000000000000000000, 0.000000000000000000 ) ) ;
#1547 = VECTOR ( 'NONE', #2061, 1000.000000000000000 ) ;
#1548 = EDGE_CURVE ( 'NONE', #2647, #1142, #953, .T. ) ;
#1549 = ORIENTED_EDGE ( 'NONE', *, *, #217, .T. ) ;
#1550 = LINE ( 'NONE', #3061, #1364 ) ;
#1551 = VECTOR ( 'NONE', #1471, 1000.000000000000000 ) ;
#1552 = DIRECTION ( 'NONE',  ( -1.000000000000000000, -0.000000000000000000, -0.000000000000000000 ) ) ;
#1553 = EDGE_CURVE ( 'NONE', #2885, #2745, #1234, .T. ) ;
#1554 = DIRECTION ( 'NONE',  ( -1.204669080539449344E-16, 1.000000000000000000, 0.000000000000000000 ) ) ;
#1555 = ORIENTED_EDGE ( 'NONE', *, *, #3392, .F. ) ;
#1556 = ORIENTED_EDGE ( 'NONE', *, *, #178, .T. ) ;
#1557 = CARTESIAN_POINT ( 'NONE',  ( 0.000000000000000000, 18.00000000000000000, 2.750000000000000000 ) ) ;
#1558 = CARTESIAN_POINT ( 'NONE',  ( 1.499999999999998446, 18.00000000000000000, 5.348076211353305354 ) ) ;
#1559 = LINE ( 'NONE', #2347, #3354 ) ;
#1560 = LINE ( 'NONE', #209, #1802 ) ;
#1561 = VERTEX_POINT ( 'NONE', #3203 ) ;
#1562 = ORIENTED_EDGE ( 'NONE', *, *, #1294, .F. ) ;
#1563 = CARTESIAN_POINT ( 'NONE',  ( -1.500000000000001776, 15.00000000000000178, -7.249999999999999112 ) ) ;
#1564 = PLANE ( 'NONE',  #3067 ) ;
#1565 = ORIENTED_EDGE ( 'NONE', *, *, #2758, .F. ) ;
#1566 = EDGE_CURVE ( 'NONE', #443, #1327, #2834, .T. ) ;
#1567 = CARTESIAN_POINT ( 'NONE',  ( 0.000000000000000000, 0.000000000000000000, 13.75000000000000000 ) ) ;
#1568 = ORIENTED_EDGE ( 'NONE', *, *, #661, .F. ) ;
#1569 = ADVANCED_FACE ( 'NONE', ( #362 ), #1782, .F. ) ;
#1570 = CARTESIAN_POINT ( 'NONE',  ( 6.200000000000000178, -4.499999999999998224, 10.75000000000000000 ) ) ;
#1571 = PLANE ( 'NONE',  #57 ) ;
#1572 = CARTESIAN_POINT ( 'NONE',  ( 3.968626966596892292, -4.499999999999996447, 21.25000000000000711 ) ) ;
#1573 = ORIENTED_EDGE ( 'NONE', *, *, #1115, .F. ) ;
#1574 = EDGE_LOOP ( 'NONE', ( #2007, #1224, #756, #957 ) ) ;
#1575 = PLANE ( 'NONE',  #3130 ) ;
#1576 = VECTOR ( 'NONE', #2673, 1000.000000000000227 ) ;
#1577 = EDGE_CURVE ( 'NONE', #378, #914, #1742, .T. ) ;
#1578 = DIRECTION ( 'NONE',  ( 0.000000000000000000, 0.000000000000000000, -1.000000000000000000 ) ) ;
#1579 = DIRECTION ( 'NONE',  ( -1.000000000000000000, 0.000000000000000000, 0.000000000000000000 ) ) ;
#1580 = ORIENTED_EDGE ( 'NONE', *, *, #3263, .F. ) ;
#1581 = VERTEX_POINT ( 'NONE', #1463 ) ;
#1582 = EDGE_CURVE ( 'NONE', #2726, #2427, #2948, .T. ) ;
#1583 = VECTOR ( 'NONE', #813, 1000.000000000000000 ) ;
#1584 = CARTESIAN_POINT ( 'NONE',  ( -7.499999999999999112, 8.000000000000000000, 13.75000000000000000 ) ) ;
#1585 = ORIENTED_EDGE ( 'NONE', *, *, #3625, .T. ) ;
#1586 = EDGE_CURVE ( 'NONE', #3477, #449, #2546, .T. ) ;
#1587 = FACE_OUTER_BOUND ( 'NONE', #660, .T. ) ;
#1588 = DIRECTION ( 'NONE',  ( 0.000000000000000000, 0.000000000000000000, 1.000000000000000000 ) ) ;
#1589 = PLANE ( 'NONE',  #2772 ) ;
#1590 = CARTESIAN_POINT ( 'NONE',  ( 5.430605740617105326, 2.554026677048535365, 9.923784308702622070 ) ) ;
#1591 = PRODUCT ( 'S&KHolderV3', 'S&KHolderV3', '', ( #63 ) ) ;
#1592 = EDGE_CURVE ( 'NONE', #2685, #1535, #86, .T. ) ;
#1593 = LINE ( 'NONE', #2440, #2032 ) ;
#1594 = ORIENTED_EDGE ( 'NONE', *, *, #2501, .F. ) ;
#1595 = LINE ( 'NONE', #2711, #1480 ) ;
#1596 = CARTESIAN_POINT ( 'NONE',  ( 1.500000000000000000, 5.809475019311125976, 0.1519237886466917875 ) ) ;
#1597 = DIRECTION ( 'NONE',  ( 1.156482317317871478E-16, -1.000000000000000000, 0.000000000000000000 ) ) ;
#1598 = CARTESIAN_POINT ( 'NONE',  ( -5.000000000000002665, 17.99999999999999645, -9.750000000000000000 ) ) ;
#1599 = EDGE_CURVE ( 'NONE', #73, #1488, #3311, .T. ) ;
#1600 = VERTEX_POINT ( 'NONE', #401 ) ;
#1601 = VERTEX_POINT ( 'NONE', #2382 ) ;
#1602 = ORIENTED_EDGE ( 'NONE', *, *, #2335, .T. ) ;
#1603 = CARTESIAN_POINT ( 'NONE',  ( -2.499999999999999556, -7.299999999999999822, -7.250000000000001776 ) ) ;
#1604 = VECTOR ( 'NONE', #1874, 1000.000000000000000 ) ;
#1605 = VERTEX_POINT ( 'NONE', #3494 ) ;
#1606 = VECTOR ( 'NONE', #1233, 1000.000000000000000 ) ;
#1607 = AXIS2_PLACEMENT_3D ( 'NONE', #904, #298, #2858 ) ;
#1608 = LINE ( 'NONE', #202, #2494 ) ;
#1609 = FACE_OUTER_BOUND ( 'NONE', #2449, .T. ) ;
#1610 = VERTEX_POINT ( 'NONE', #972 ) ;
#1611 = VECTOR ( 'NONE', #414, 1000.000000000000227 ) ;
#1612 = LINE ( 'NONE', #1018, #2010 ) ;
#1613 = AXIS2_PLACEMENT_3D ( 'NONE', #25, #527, #1999 ) ;
#1614 = DIRECTION ( 'NONE',  ( -0.000000000000000000, 1.000000000000000000, -0.000000000000000000 ) ) ;
#1615 = EDGE_CURVE ( 'NONE', #914, #2398, #1848, .T. ) ;
#1616 = DIRECTION ( 'NONE',  ( 0.000000000000000000, 1.000000000000000000, 0.000000000000000000 ) ) ;
#1617 = FACE_OUTER_BOUND ( 'NONE', #18, .T. ) ;
#1618 = ORIENTED_EDGE ( 'NONE', *, *, #1127, .F. ) ;
#1619 = ORIENTED_EDGE ( 'NONE', *, *, #1615, .T. ) ;
#1620 = EDGE_LOOP ( 'NONE', ( #1369, #1522, #3095, #3640, #2214, #2634 ) ) ;
#1621 = EDGE_CURVE ( 'NONE', #121, #2271, #721, .T. ) ;
#1622 = DIRECTION ( 'NONE',  ( 0.000000000000000000, 0.000000000000000000, 1.000000000000000000 ) ) ;
#1623 = ORIENTED_EDGE ( 'NONE', *, *, #293, .T. ) ;
#1624 = CARTESIAN_POINT ( 'NONE',  ( 3.499999999999997780, -7.499999999999999112, 27.75000000000000355 ) ) ;
#1625 = CARTESIAN_POINT ( 'NONE',  ( 7.499999999999997335, -2.499999999999998668, 21.25000000000000711 ) ) ;
#1626 = ORIENTED_EDGE ( 'NONE', *, *, #2323, .F. ) ;
#1627 = CARTESIAN_POINT ( 'NONE',  ( -4.750963956218458684, 3.665643667583895482, 9.665193824488511609 ) ) ;
#1628 = PLANE ( 'NONE',  #66 ) ;
#1629 = PLANE ( 'NONE',  #1774 ) ;
#1630 = ADVANCED_FACE ( 'NONE', ( #712 ), #1571, .T. ) ;
#1631 = CARTESIAN_POINT ( 'NONE',  ( 1.500000000000000000, 5.809475019311124200, 13.75000000000000000 ) ) ;
#1632 = ORIENTED_EDGE ( 'NONE', *, *, #2793, .T. ) ;
#1633 = ORIENTED_EDGE ( 'NONE', *, *, #2611, .F. ) ;
#1634 = AXIS2_PLACEMENT_3D ( 'NONE', #1332, #3573, #782 ) ;
#1635 = VECTOR ( 'NONE', #52, 1000.000000000000000 ) ;
#1636 = EDGE_CURVE ( 'NONE', #1713, #358, #1013, .T. ) ;
#1637 = VERTEX_POINT ( 'NONE', #2401 ) ;
#1638 = FACE_OUTER_BOUND ( 'NONE', #2108, .T. ) ;
#1639 = DIRECTION ( 'NONE',  ( 0.000000000000000000, -0.000000000000000000, -1.000000000000000000 ) ) ;
#1640 = CARTESIAN_POINT ( 'NONE',  ( 1.499999999999999556, 15.00000000000000711, 25.25000000000000355 ) ) ;
#1641 = EDGE_CURVE ( 'NONE', #181, #2660, #1912, .T. ) ;
#1642 = ORIENTED_EDGE ( 'NONE', *, *, #2485, .T. ) ;
#1643 = CARTESIAN_POINT ( 'NONE',  ( -4.640516571639679455, 3.803707615835718148, 9.312290378359318055 ) ) ;
#1644 = DIRECTION ( 'NONE',  ( -1.000000000000000000, 0.000000000000000000, -8.673617379884034239E-17 ) ) ;
#1645 = DIRECTION ( 'NONE',  ( -0.000000000000000000, -0.000000000000000000, 1.000000000000000000 ) ) ;
#1646 = LINE ( 'NONE', #2799, #271 ) ;
#1647 = ORIENTED_EDGE ( 'NONE', *, *, #2882, .T. ) ;
#1648 = ORIENTED_EDGE ( 'NONE', *, *, #1431, .T. ) ;
#1649 = DIRECTION ( 'NONE',  ( -1.000000000000000000, 0.000000000000000000, -0.000000000000000000 ) ) ;
#1650 = EDGE_CURVE ( 'NONE', #967, #1267, #732, .T. ) ;
#1651 = CARTESIAN_POINT ( 'NONE',  ( -5.000000000000002665, 17.99999999999999645, -9.750000000000000000 ) ) ;
#1652 = DIRECTION ( 'NONE',  ( 0.4999999999999983902, -0.8660254037844397068, 0.000000000000000000 ) ) ;
#1653 = CARTESIAN_POINT ( 'NONE',  ( 7.500000000000000000, -7.300000000000000711, -9.750000000000000000 ) ) ;
#1654 = ORIENTED_EDGE ( 'NONE', *, *, #3645, .T. ) ;
#1655 = CARTESIAN_POINT ( 'NONE',  ( -5.623475382979806092, 2.092014487765356368, 9.180649613488549576 ) ) ;
#1656 = CARTESIAN_POINT ( 'NONE',  ( -3.499999999999996003, -7.299999999999999822, 27.75000000000000355 ) ) ;
#1657 = AXIS2_PLACEMENT_3D ( 'NONE', #2656, #3230, #1282 ) ;
#1658 = VECTOR ( 'NONE', #3457, 1000.000000000000000 ) ;
#1659 = ADVANCED_FACE ( 'NONE', ( #447 ), #2418, .T. ) ;
#1660 = FACE_OUTER_BOUND ( 'NONE', #1277, .T. ) ;
#1661 = CARTESIAN_POINT ( 'NONE',  ( 0.000000000000000000, 0.000000000000000000, 20.25000000000001066 ) ) ;
#1662 = VECTOR ( 'NONE', #2222, 1000.000000000000000 ) ;
#1663 = AXIS2_PLACEMENT_3D ( 'NONE', #600, #3168, #2042 ) ;
#1664 = ORIENTED_EDGE ( 'NONE', *, *, #1880, .F. ) ;
#1665 = ORIENTED_EDGE ( 'NONE', *, *, #2882, .F. ) ;
#1666 = AXIS2_PLACEMENT_3D ( 'NONE', #2505, #23, #2206 ) ;
#1667 = CARTESIAN_POINT ( 'NONE',  ( -2.963051596687680256, 5.217915844452762464, 2.211652230103910988 ) ) ;
#1668 = DIRECTION ( 'NONE',  ( -0.000000000000000000, -0.000000000000000000, 1.000000000000000000 ) ) ;
#1669 = LINE ( 'NONE', #22, #1662 ) ;
#1670 = EDGE_CURVE ( 'NONE', #2647, #575, #3570, .T. ) ;
#1671 = DIRECTION ( 'NONE',  ( 0.000000000000000000, -1.000000000000000000, 0.000000000000000000 ) ) ;
#1672 = DIRECTION ( 'NONE',  ( 0.000000000000000000, 1.000000000000000000, 0.000000000000000000 ) ) ;
#1673 = ORIENTED_EDGE ( 'NONE', *, *, #726, .T. ) ;
#1674 = CARTESIAN_POINT ( 'NONE',  ( -5.060786334306393464, 3.225363957074718790, 10.02358595436693989 ) ) ;
#1675 = CARTESIAN_POINT ( 'NONE',  ( 6.200000000000000178, 18.00000000000000711, 21.25000000000000000 ) ) ;
#1676 = CARTESIAN_POINT ( 'NONE',  ( 4.999999999999999112, 15.00000000000000355, 6.650000000000001243 ) ) ;
#1677 = LINE ( 'NONE', #2497, #791 ) ;
#1678 = EDGE_CURVE ( 'NONE', #3486, #1679, #3559, .T. ) ;
#1679 = VERTEX_POINT ( 'NONE', #2118 ) ;
#1680 = ORIENTED_EDGE ( 'NONE', *, *, #3099, .F. ) ;
#1681 = ADVANCED_FACE ( 'NONE', ( #2160 ), #3282, .F. ) ;
#1682 = CARTESIAN_POINT ( 'NONE',  ( 6.200000000000000178, -2.499999999999998668, -9.750000000000001776 ) ) ;
#1683 = EDGE_CURVE ( 'NONE', #2586, #1907, #1608, .T. ) ;
#1684 = CYLINDRICAL_SURFACE ( 'NONE', #3003, 2.999999999999993783 ) ;
#1685 = DIRECTION ( 'NONE',  ( -1.000000000000000000, 0.000000000000000000, 0.000000000000000000 ) ) ;
#1686 = CIRCLE ( 'NONE', #2688, 6.000000000000000888 ) ;
#1687 = LINE ( 'NONE', #3615, #3257 ) ;
#1688 = EDGE_CURVE ( 'NONE', #741, #566, #2130, .T. ) ;
#1689 = FACE_BOUND ( 'NONE', #862, .T. ) ;
#1690 = DIRECTION ( 'NONE',  ( -1.000000000000000000, -9.912705577010326536E-16, 0.000000000000000000 ) ) ;
#1691 = ORIENTED_EDGE ( 'NONE', *, *, #420, .T. ) ;
#1692 = DIRECTION ( 'NONE',  ( -0.000000000000000000, 1.000000000000000000, -0.000000000000000000 ) ) ;
#1693 = EDGE_CURVE ( 'NONE', #700, #567, #691, .T. ) ;
#1694 = CARTESIAN_POINT ( 'NONE',  ( 1.500000000000000000, 5.809475019311125976, 0.1519237886466917875 ) ) ;
#1695 = DIRECTION ( 'NONE',  ( -0.000000000000000000, -1.000000000000000000, -0.000000000000000000 ) ) ;
#1696 = VERTEX_POINT ( 'NONE', #2192 ) ;
#1697 = ORIENTED_EDGE ( 'NONE', *, *, #2016, .F. ) ;
#1698 = ORIENTED_EDGE ( 'NONE', *, *, #1566, .T. ) ;
#1699 = DIRECTION ( 'NONE',  ( -1.000000000000000000, -0.000000000000000000, -0.000000000000000000 ) ) ;
#1700 = ADVANCED_FACE ( 'NONE', ( #1429, #1689 ), #285, .T. ) ;
#1701 = CARTESIAN_POINT ( 'NONE',  ( -5.623475382979805204, 2.092014487765356368, -1.119350386511449580 ) ) ;
#1702 = DIRECTION ( 'NONE',  ( 1.678764654171103751E-16, -1.000000000000000000, -0.000000000000000000 ) ) ;
#1703 = EDGE_CURVE ( 'NONE', #2403, #2354, #1997, .T. ) ;
#1704 = CARTESIAN_POINT ( 'NONE',  ( 2.500000000000001332, -7.299999999999999822, -7.250000000000000888 ) ) ;
#1705 = DIRECTION ( 'NONE',  ( 0.000000000000000000, -1.000000000000000000, 3.083952846180990774E-16 ) ) ;
#1706 = CYLINDRICAL_SURFACE ( 'NONE', #2481, 1.599999999999998979 ) ;
#1707 = ORIENTED_EDGE ( 'NONE', *, *, #1599, .F. ) ;
#1708 = LINE ( 'NONE', #3380, #1954 ) ;
#1709 =( NAMED_UNIT ( * ) PLANE_ANGLE_UNIT ( ) SI_UNIT ( $, .RADIAN. ) );
#1710 = DIRECTION ( 'NONE',  ( -1.000000000000000000, -0.000000000000000000, -0.000000000000000000 ) ) ;
#1711 = VERTEX_POINT ( 'NONE', #1408 ) ;
#1712 = VECTOR ( 'NONE', #800, 1000.000000000000000 ) ;
#1713 = VERTEX_POINT ( 'NONE', #2809 ) ;
#1714 = VECTOR ( 'NONE', #2623, 1000.000000000000000 ) ;
#1715 = ORIENTED_EDGE ( 'NONE', *, *, #3535, .T. ) ;
#1716 = DIRECTION ( 'NONE',  ( 0.000000000000000000, -1.000000000000000000, 5.782411586589355667E-16 ) ) ;
#1717 = VECTOR ( 'NONE', #3238, 1000.000000000000000 ) ;
#1718 = DIRECTION ( 'NONE',  ( 5.595882180570345426E-17, 1.000000000000000000, -0.000000000000000000 ) ) ;
#1719 = CARTESIAN_POINT ( 'NONE',  ( -5.476508625121748963, 2.452885413325278208, -0.4497778261612083717 ) ) ;
#1720 = FACE_OUTER_BOUND ( 'NONE', #3485, .T. ) ;
#1721 = AXIS2_PLACEMENT_3D ( 'NONE', #2523, #1119, #2196 ) ;
#1722 = DIRECTION ( 'NONE',  ( 1.000000000000000000, 2.168404344971007882E-16, 0.000000000000000000 ) ) ;
#1723 = EDGE_CURVE ( 'NONE', #1956, #545, #3632, .T. ) ;
#1724 = EDGE_CURVE ( 'NONE', #2271, #30, #1375, .T. ) ;
#1725 = CARTESIAN_POINT ( 'NONE',  ( -7.499999999999998224, -7.300000000000000711, 21.75000000000000355 ) ) ;
#1726 = CARTESIAN_POINT ( 'NONE',  ( -7.499999999999998224, -7.300000000000000711, 21.75000000000000355 ) ) ;
#1727 = CARTESIAN_POINT ( 'NONE',  ( 7.500000000000001776, 7.999999999999996447, 10.75000000000000000 ) ) ;
#1728 = ORIENTED_EDGE ( 'NONE', *, *, #2451, .T. ) ;
#1729 = VERTEX_POINT ( 'NONE', #3069 ) ;
#1730 = ORIENTED_EDGE ( 'NONE', *, *, #661, .T. ) ;
#1731 = CYLINDRICAL_SURFACE ( 'NONE', #2600, 1.600000000000000755 ) ;
#1732 = LINE ( 'NONE', #535, #2924 ) ;
#1733 = CARTESIAN_POINT ( 'NONE',  ( -2.499999999999999556, -7.500000000000000000, -7.250000000000001776 ) ) ;
#1734 = DIRECTION ( 'NONE',  ( -1.000000000000000000, 0.000000000000000000, 0.000000000000000000 ) ) ;
#1735 = DIRECTION ( 'NONE',  ( 0.000000000000000000, 0.000000000000000000, 1.000000000000000000 ) ) ;
#1736 = VECTOR ( 'NONE', #1107, 1000.000000000000000 ) ;
#1737 = DIRECTION ( 'NONE',  ( 1.000000000000000000, -5.595882180570345426E-17, 0.000000000000000000 ) ) ;
#1738 = VECTOR ( 'NONE', #1718, 1000.000000000000000 ) ;
#1739 = ORIENTED_EDGE ( 'NONE', *, *, #1376, .F. ) ;
#1740 = VECTOR ( 'NONE', #853, 1000.000000000000000 ) ;
#1741 = CARTESIAN_POINT ( 'NONE',  ( 7.500000000000000000, -2.499999999999999112, 20.25000000000000711 ) ) ;
#1742 = LINE ( 'NONE', #2359, #1425 ) ;
#1743 = ADVANCED_FACE ( 'NONE', ( #543 ), #2520, .F. ) ;
#1744 = DIRECTION ( 'NONE',  ( 3.566536934050437414E-32, -3.083952846180990774E-16, -1.000000000000000000 ) ) ;
#1745 = ORIENTED_EDGE ( 'NONE', *, *, #3638, .T. ) ;
#1746 = ORIENTED_EDGE ( 'NONE', *, *, #1553, .T. ) ;
#1747 = ORIENTED_EDGE ( 'NONE', *, *, #3625, .F. ) ;
#1748 = DIRECTION ( 'NONE',  ( 0.000000000000000000, 0.000000000000000000, -1.000000000000000000 ) ) ;
#1749 = DIRECTION ( 'NONE',  ( 1.156482317317871478E-16, -1.000000000000000000, 1.541976423090495387E-16 ) ) ;
#1750 = CARTESIAN_POINT ( 'NONE',  ( -12.91922863405994271, 8.613620667976039869, -1.249999999999999334 ) ) ;
#1751 = LINE ( 'NONE', #2878, #3331 ) ;
#1752 = LINE ( 'NONE', #1733, #1301 ) ;
#1753 = CARTESIAN_POINT ( 'NONE',  ( 1.500000000000000000, 5.809475019311125976, -9.750000000000000000 ) ) ;
#1754 = FACE_OUTER_BOUND ( 'NONE', #3291, .T. ) ;
#1755 = EDGE_CURVE ( 'NONE', #2058, #914, #593, .T. ) ;
#1756 = CARTESIAN_POINT ( 'NONE',  ( 7.500000000000000000, -2.499999999999999112, 27.75000000000000355 ) ) ;
#1757 = AXIS2_PLACEMENT_3D ( 'NONE', #396, #925, #2049 ) ;
#1758 = EDGE_LOOP ( 'NONE', ( #3496, #3580 ) ) ;
#1759 = PLANE ( 'NONE',  #356 ) ;
#1760 = CARTESIAN_POINT ( 'NONE',  ( 3.499999999999997780, -7.299999999999999822, 21.75000000000000355 ) ) ;
#1761 = CARTESIAN_POINT ( 'NONE',  ( 4.623475382979809645, 3.824065295334236669, -1.249999999999999112 ) ) ;
#1762 = ORIENTED_EDGE ( 'NONE', *, *, #1294, .T. ) ;
#1763 = ORIENTED_EDGE ( 'NONE', *, *, #869, .F. ) ;
#1764 = ORIENTED_EDGE ( 'NONE', *, *, #2687, .F. ) ;
#1765 = CARTESIAN_POINT ( 'NONE',  ( 3.499999999999997780, -7.299999999999998934, 27.75000000000000355 ) ) ;
#1766 = CARTESIAN_POINT ( 'NONE',  ( -1.500000000000000666, 5.809475019311125088, 21.25000000000000000 ) ) ;
#1767 = EDGE_CURVE ( 'NONE', #393, #3114, #851, .T. ) ;
#1768 = LINE ( 'NONE', #2897, #2241 ) ;
#1769 = DIRECTION ( 'NONE',  ( 1.156482317317871478E-16, -1.000000000000000000, 1.541976423090495387E-16 ) ) ;
#1770 = AXIS2_PLACEMENT_3D ( 'NONE', #1940, #270, #3359 ) ;
#1771 = AXIS2_PLACEMENT_3D ( 'NONE', #646, #3394, #1503 ) ;
#1772 = ORIENTED_EDGE ( 'NONE', *, *, #1553, .F. ) ;
#1773 = DIRECTION ( 'NONE',  ( 0.000000000000000000, 0.000000000000000000, 1.000000000000000000 ) ) ;
#1774 = AXIS2_PLACEMENT_3D ( 'NONE', #2763, #1597, #172 ) ;
#1775 = AXIS2_PLACEMENT_3D ( 'NONE', #3353, #1821, #2706 ) ;
#1776 = FACE_OUTER_BOUND ( 'NONE', #2473, .T. ) ;
#1777 = CIRCLE ( 'NONE', #1479, 1.599999999999995426 ) ;
#1778 = VECTOR ( 'NONE', #13, 1000.000000000000000 ) ;
#1779 = CARTESIAN_POINT ( 'NONE',  ( -1.500000000000002220, 18.00000000000000000, 0.1519237886466917875 ) ) ;
#1780 = EDGE_CURVE ( 'NONE', #3336, #3226, #557, .T. ) ;
#1781 = ORIENTED_EDGE ( 'NONE', *, *, #151, .T. ) ;
#1782 = CYLINDRICAL_SURFACE ( 'NONE', #304, 1.599999999999997202 ) ;
#1783 = CARTESIAN_POINT ( 'NONE',  ( 4.703926418760564943, 3.724999774814814923, -1.753120489023770379 ) ) ;
#1784 = EDGE_LOOP ( 'NONE', ( #1157, #2912, #681, #827 ) ) ;
#1785 = ORIENTED_EDGE ( 'NONE', *, *, #28, .T. ) ;
#1786 = EDGE_LOOP ( 'NONE', ( #3148, #2074 ) ) ;
#1787 = CARTESIAN_POINT ( 'NONE',  ( 3.968626966596897621, -4.499999999999992006, -9.750000000000001776 ) ) ;
#1788 = CARTESIAN_POINT ( 'NONE',  ( -4.862159892297546193, 3.516816409734087046, -2.049520541027149978 ) ) ;
#1789 = CARTESIAN_POINT ( 'NONE',  ( -5.000000000000002665, 15.00000000000000178, -5.650000000000002132 ) ) ;
#1790 = LINE ( 'NONE', #2107, #3568 ) ;
#1791 = ORIENTED_EDGE ( 'NONE', *, *, #519, .T. ) ;
#1792 = ORIENTED_EDGE ( 'NONE', *, *, #1079, .T. ) ;
#1793 = DIRECTION ( 'NONE',  ( 1.000000000000000000, 1.204669080539449344E-16, -0.000000000000000000 ) ) ;
#1794 = DIRECTION ( 'NONE',  ( -1.000000000000000000, -0.000000000000000000, -0.000000000000000000 ) ) ;
#1795 = EDGE_CURVE ( 'NONE', #179, #2479, #2240, .T. ) ;
#1796 = EDGE_LOOP ( 'NONE', ( #147, #472, #2893, #2202 ) ) ;
#1797 = FACE_BOUND ( 'NONE', #1399, .T. ) ;
#1798 = AXIS2_PLACEMENT_3D ( 'NONE', #1215, #3164, #3146 ) ;
#1799 = ORIENTED_EDGE ( 'NONE', *, *, #347, .T. ) ;
#1800 = DIRECTION ( 'NONE',  ( -0.000000000000000000, -1.000000000000000000, -0.000000000000000000 ) ) ;
#1801 = EDGE_CURVE ( 'NONE', #308, #393, #3121, .T. ) ;
#1802 = VECTOR ( 'NONE', #739, 1000.000000000000000 ) ;
#1803 = DIRECTION ( 'NONE',  ( -0.000000000000000000, -0.000000000000000000, -1.000000000000000000 ) ) ;
#1804 = CARTESIAN_POINT ( 'NONE',  ( 4.999999999999999112, 15.00000000000000355, 9.849999999999999645 ) ) ;
#1805 = ORIENTED_EDGE ( 'NONE', *, *, #3314, .T. ) ;
#1806 = EDGE_LOOP ( 'NONE', ( #1934, #3448, #1349, #1654 ) ) ;
#1807 = ORIENTED_EDGE ( 'NONE', *, *, #3512, .T. ) ;
#1808 = CARTESIAN_POINT ( 'NONE',  ( -3.499999999999996003, -7.300000000000000711, 21.75000000000000355 ) ) ;
#1809 = DIRECTION ( 'NONE',  ( -0.000000000000000000, -0.000000000000000000, 1.000000000000000000 ) ) ;
#1810 = ADVANCED_FACE ( 'NONE', ( #1135 ), #1981, .F. ) ;
#1811 = DIRECTION ( 'NONE',  ( 0.000000000000000000, 0.000000000000000000, -1.000000000000000000 ) ) ;
#1812 = DIRECTION ( 'NONE',  ( -0.000000000000000000, -0.000000000000000000, 1.000000000000000000 ) ) ;
#1813 = EDGE_LOOP ( 'NONE', ( #336, #1973, #366, #2689 ) ) ;
#1814 = ORIENTED_EDGE ( 'NONE', *, *, #316, .F. ) ;
#1815 = CARTESIAN_POINT ( 'NONE',  ( 4.999999999999999112, 18.00000000000000000, 27.75000000000000355 ) ) ;
#1816 = CARTESIAN_POINT ( 'NONE',  ( -6.200000000000001066, -4.499999999999999112, 13.75000000000000178 ) ) ;
#1817 = EDGE_CURVE ( 'NONE', #279, #2632, #3261, .T. ) ;
#1818 = DIRECTION ( 'NONE',  ( -1.734723475976808080E-16, 1.000000000000000000, 0.000000000000000000 ) ) ;
#1819 = CARTESIAN_POINT ( 'NONE',  ( 6.000000000000001776, 1.649854759316170695E-47, 20.25000000000001066 ) ) ;
#1820 = EDGE_LOOP ( 'NONE', ( #2145, #2498, #1259, #3418 ) ) ;
#1821 = DIRECTION ( 'NONE',  ( -0.000000000000000000, -0.000000000000000000, 1.000000000000000000 ) ) ;
#1822 = DIRECTION ( 'NONE',  ( 1.000000000000000000, -1.387778780781446070E-15, 0.000000000000000000 ) ) ;
#1823 = FACE_BOUND ( 'NONE', #614, .T. ) ;
#1824 = EDGE_LOOP ( 'NONE', ( #1243, #3205 ) ) ;
#1825 = ORIENTED_EDGE ( 'NONE', *, *, #2291, .F. ) ;
#1826 = CARTESIAN_POINT ( 'NONE',  ( -7.499999999999996447, -7.500000000000000000, -9.750000000000000000 ) ) ;
#1827 = CARTESIAN_POINT ( 'NONE',  ( -5.130399987765579262, 3.113913095282820898, -2.250079611744763675 ) ) ;
#1828 = CARTESIAN_POINT ( 'NONE',  ( 7.500000000000000888, 3.175426480542920871, 0.7500000000000007772 ) ) ;
#1829 = EDGE_CURVE ( 'NONE', #3275, #312, #2825, .T. ) ;
#1830 = PLANE ( 'NONE',  #2748 ) ;
#1831 = ORIENTED_EDGE ( 'NONE', *, *, #577, .F. ) ;
#1832 = ORIENTED_EDGE ( 'NONE', *, *, #1993, .T. ) ;
#1833 = DIRECTION ( 'NONE',  ( 1.000000000000000000, 0.000000000000000000, -0.000000000000000000 ) ) ;
#1834 = AXIS2_PLACEMENT_3D ( 'NONE', #508, #3532, #1639 ) ;
#1835 = CARTESIAN_POINT ( 'NONE',  ( -7.499999999999999112, 8.000000000000000000, -9.750000000000000000 ) ) ;
#1836 = ORIENTED_EDGE ( 'NONE', *, *, #786, .T. ) ;
#1837 = VECTOR ( 'NONE', #1112, 1000.000000000000000 ) ;
#1838 = VECTOR ( 'NONE', #55, 1000.000000000000000 ) ;
#1839 = B_SPLINE_CURVE_WITH_KNOTS ( 'NONE', 3,
 ( #1901, #1053, #426, #734, #1868, #464, #3283, #3514, #2101, #2176, #3298, #219, #3224, #993, #146, #1348, #1849, #2472 ),
 .UNSPECIFIED., .F., .F.,
 ( 4, 2, 2, 2, 2, 2, 2, 2, 4 ),
 ( 0.003131918686235971288, 0.003523310662250261991, 0.003914702638264553128, 0.004306094614278843831, 0.004697486590293134534, 0.005088878566307425237, 0.005480270542321715940, 0.005871662518336006643, 0.006263054494350297347 ),
 .UNSPECIFIED. ) ;
#1840 = AXIS2_PLACEMENT_3D ( 'NONE', #1567, #2686, #1007 ) ;
#1841 = DIRECTION ( 'NONE',  ( -0.000000000000000000, 0.000000000000000000, -1.000000000000000000 ) ) ;
#1842 = VECTOR ( 'NONE', #1299, 1000.000000000000000 ) ;
#1843 = EDGE_CURVE ( 'NONE', #3436, #3362, #2280, .T. ) ;
#1844 = EDGE_CURVE ( 'NONE', #1158, #2578, #870, .T. ) ;
#1845 = ORIENTED_EDGE ( 'NONE', *, *, #2451, .F. ) ;
#1846 = LINE ( 'NONE', #3628, #1184 ) ;
#1847 = VECTOR ( 'NONE', #40, 1000.000000000000000 ) ;
#1848 = LINE ( 'NONE', #2691, #419 ) ;
#1849 = CARTESIAN_POINT ( 'NONE',  ( 5.623475382979806092, 2.092014487765355923, 8.917639214160891115 ) ) ;
#1850 = ADVANCED_FACE ( 'NONE', ( #2490, #3602 ), #3326, .T. ) ;
#1851 = ORIENTED_EDGE ( 'NONE', *, *, #2161, .T. ) ;
#1852 = VERTEX_POINT ( 'NONE', #3616 ) ;
#1853 = DIRECTION ( 'NONE',  ( 0.000000000000000000, 1.000000000000000000, 0.000000000000000000 ) ) ;
#1854 = CYLINDRICAL_SURFACE ( 'NONE', #1252, 1.599999999999997202 ) ;
#1855 = CARTESIAN_POINT ( 'NONE',  ( -5.000000000000002665, 15.00000000000000178, -8.849999999999996092 ) ) ;
#1856 = DIRECTION ( 'NONE',  ( 0.000000000000000000, 0.000000000000000000, 1.000000000000000000 ) ) ;
#1857 = ORIENTED_EDGE ( 'NONE', *, *, #2738, .F. ) ;
#1858 = ORIENTED_EDGE ( 'NONE', *, *, #2230, .T. ) ;
#1859 = DIRECTION ( 'NONE',  ( 0.000000000000000000, 0.000000000000000000, 1.000000000000000000 ) ) ;
#1860 = EDGE_CURVE ( 'NONE', #2616, #1015, #1101, .T. ) ;
#1861 = LINE ( 'NONE', #2375, #1319 ) ;
#1862 = ORIENTED_EDGE ( 'NONE', *, *, #303, .F. ) ;
#1863 = PLANE ( 'NONE',  #1367 ) ;
#1864 = CYLINDRICAL_SURFACE ( 'NONE', #3524, 1.599999999999997202 ) ;
#1865 = CARTESIAN_POINT ( 'NONE',  ( 0.000000000000000000, 0.000000000000000000, -9.750000000000000000 ) ) ;
#1866 = DIRECTION ( 'NONE',  ( 0.000000000000000000, -0.000000000000000000, -1.000000000000000000 ) ) ;
#1867 = EDGE_CURVE ( 'NONE', #137, #1285, #2001, .T. ) ;
#1868 = CARTESIAN_POINT ( 'NONE',  ( 4.750587202462470238, 3.666132190678204061, 8.435574784280621685 ) ) ;
#1869 = ORIENTED_EDGE ( 'NONE', *, *, #1108, .T. ) ;
#1870 = FACE_OUTER_BOUND ( 'NONE', #1902, .T. ) ;
#1871 = CARTESIAN_POINT ( 'NONE',  ( -2.499999999999999556, -7.299999999999999822, -7.250000000000001776 ) ) ;
#1872 = VECTOR ( 'NONE', #3347, 1000.000000000000000 ) ;
#1873 = ADVANCED_FACE ( 'NONE', ( #2585, #1797, #3220 ), #2317, .T. ) ;
#1874 = DIRECTION ( 'NONE',  ( 0.000000000000000000, 0.000000000000000000, 1.000000000000000000 ) ) ;
#1875 = CARTESIAN_POINT ( 'NONE',  ( -5.623475382979804316, 2.092014487765356368, 9.050000000000000711 ) ) ;
#1876 = ORIENTED_EDGE ( 'NONE', *, *, #886, .T. ) ;
#1877 = ORIENTED_EDGE ( 'NONE', *, *, #3229, .F. ) ;
#1878 = ORIENTED_EDGE ( 'NONE', *, *, #1448, .F. ) ;
#1879 = DIRECTION ( 'NONE',  ( 0.000000000000000000, 0.000000000000000000, 1.000000000000000000 ) ) ;
#1880 = EDGE_CURVE ( 'NONE', #2901, #308, #2051, .T. ) ;
#1881 = ORIENTED_EDGE ( 'NONE', *, *, #733, .F. ) ;
#1882 = DIRECTION ( 'NONE',  ( 0.000000000000000000, -1.000000000000000000, 0.000000000000000000 ) ) ;
#1883 = DIRECTION ( 'NONE',  ( -0.000000000000000000, -1.000000000000000000, -0.000000000000000000 ) ) ;
#1884 = ORIENTED_EDGE ( 'NONE', *, *, #3571, .F. ) ;
#1885 = CARTESIAN_POINT ( 'NONE',  ( 7.500000000000002665, -2.499999999999995559, 10.75000000000000000 ) ) ;
#1886 = CARTESIAN_POINT ( 'NONE',  ( 7.500000000000000000, -2.499999999999999112, -9.750000000000001776 ) ) ;
#1887 = VECTOR ( 'NONE', #603, 1000.000000000000227 ) ;
#1888 = LINE ( 'NONE', #469, #60 ) ;
#1889 = DIRECTION ( 'NONE',  ( 1.000000000000000000, 1.734723475976808080E-16, -0.000000000000000000 ) ) ;
#1890 = ORIENTED_EDGE ( 'NONE', *, *, #1203, .T. ) ;
#1891 = ORIENTED_EDGE ( 'NONE', *, *, #2814, .F. ) ;
#1892 = EDGE_CURVE ( 'NONE', #2305, #221, #2356, .T. ) ;
#1893 = VERTEX_POINT ( 'NONE', #907 ) ;
#1894 = LINE ( 'NONE', #2136, #888 ) ;
#1895 = VECTOR ( 'NONE', #2978, 1000.000000000000000 ) ;
#1896 = VECTOR ( 'NONE', #2047, 1000.000000000000000 ) ;
#1897 = ORIENTED_EDGE ( 'NONE', *, *, #3132, .F. ) ;
#1898 = EDGE_CURVE ( 'NONE', #1158, #3574, #83, .T. ) ;
#1899 = CIRCLE ( 'NONE', #1840, 6.000000000000000888 ) ;
#1900 = VECTOR ( 'NONE', #3558, 1000.000000000000000 ) ;
#1901 = CARTESIAN_POINT ( 'NONE',  ( 4.623475382979809645, 3.824065295334235337, 9.050000000000000711 ) ) ;
#1902 = EDGE_LOOP ( 'NONE', ( #3218, #475, #1908, #503, #613, #2428 ) ) ;
#1903 = VECTOR ( 'NONE', #406, 1000.000000000000000 ) ;
#1904 = LINE ( 'NONE', #737, #3020 ) ;
#1905 = PLANE ( 'NONE',  #884 ) ;
#1906 = DIRECTION ( 'NONE',  ( 1.000000000000000000, 3.336006684570784088E-16, -3.360775187855220502E-32 ) ) ;
#1907 = VERTEX_POINT ( 'NONE', #2033 ) ;
#1908 = ORIENTED_EDGE ( 'NONE', *, *, #1636, .F. ) ;
#1909 = ORIENTED_EDGE ( 'NONE', *, *, #2875, .F. ) ;
#1910 = EDGE_CURVE ( 'NONE', #3610, #1605, #3158, .T. ) ;
#1911 = CARTESIAN_POINT ( 'NONE',  ( -5.000000000000002665, 15.00000000000000355, 8.250000000000000000 ) ) ;
#1912 = LINE ( 'NONE', #762, #251 ) ;
#1913 = CARTESIAN_POINT ( 'NONE',  ( -4.623475382979808757, 3.824065295334236669, 9.050000000000000711 ) ) ;
#1914 = VERTEX_POINT ( 'NONE', #2627 ) ;
#1915 = CARTESIAN_POINT ( 'NONE',  ( -5.130604678571125454, 3.113515535319446137, 10.04995053646222836 ) ) ;
#1916 = CARTESIAN_POINT ( 'NONE',  ( 2.712652090285970985, 5.352086739526282777, 4.037933953748610527 ) ) ;
#1917 = CARTESIAN_POINT ( 'NONE',  ( -6.200000000000001066, -4.500000000000000888, 13.75000000000000178 ) ) ;
#1918 = CARTESIAN_POINT ( 'NONE',  ( 4.999999999999999112, 15.00000000000000711, 25.25000000000000355 ) ) ;
#1919 = EDGE_CURVE ( 'NONE', #2463, #32, #624, .T. ) ;
#1920 = ORIENTED_EDGE ( 'NONE', *, *, #3017, .T. ) ;
#1921 = ORIENTED_EDGE ( 'NONE', *, *, #3552, .T. ) ;
#1922 = CIRCLE ( 'NONE', #2569, 1.599999999999997202 ) ;
#1923 = DIRECTION ( 'NONE',  ( -0.000000000000000000, -0.000000000000000000, 1.000000000000000000 ) ) ;
#1924 = CARTESIAN_POINT ( 'NONE',  ( 5.000000000000000888, 8.000000000000003553, 10.75000000000000000 ) ) ;
#1925 = ADVANCED_FACE ( 'NONE', ( #398, #3446 ), #1481, .T. ) ;
#1926 = DIRECTION ( 'NONE',  ( -1.000000000000000000, -1.156482317317871478E-16, -0.000000000000000000 ) ) ;
#1927 = LINE ( 'NONE', #3038, #858 ) ;
#1928 = VERTEX_POINT ( 'NONE', #2379 ) ;
#1929 = CARTESIAN_POINT ( 'NONE',  ( -13.41922863405994093, 7.747595264191600606, -1.249999999999999334 ) ) ;
#1930 = DIRECTION ( 'NONE',  ( -0.000000000000000000, -0.000000000000000000, 1.000000000000000000 ) ) ;
#1931 = CARTESIAN_POINT ( 'NONE',  ( 1.500000000000000000, 18.00000000000000000, 0.1519237886466908993 ) ) ;
#1932 = CIRCLE ( 'NONE', #339, 1.599999999999995426 ) ;
#1933 = ORIENTED_EDGE ( 'NONE', *, *, #2211, .F. ) ;
#1934 = ORIENTED_EDGE ( 'NONE', *, *, #1108, .F. ) ;
#1935 = EDGE_CURVE ( 'NONE', #1092, #1267, #3466, .T. ) ;
#1936 = CARTESIAN_POINT ( 'NONE',  ( -2.814842471074493258, 5.299054226310689231, 1.704095083104290254 ) ) ;
#1937 = AXIS2_PLACEMENT_3D ( 'NONE', #2844, #2903, #1444 ) ;
#1938 = DIRECTION ( 'NONE',  ( 0.000000000000000000, 0.000000000000000000, 1.000000000000000000 ) ) ;
#1939 = CARTESIAN_POINT ( 'NONE',  ( -7.499999999999996447, -7.500000000000000000, -9.750000000000000000 ) ) ;
#1940 = CARTESIAN_POINT ( 'NONE',  ( 8.673617379884035472E-16, -7.299999999999999822, 0.5000000000000004441 ) ) ;
#1941 = VECTOR ( 'NONE', #665, 1000.000000000000000 ) ;
#1942 =( GEOMETRIC_REPRESENTATION_CONTEXT ( 3 ) GLOBAL_UNCERTAINTY_ASSIGNED_CONTEXT ( ( #3047 ) ) GLOBAL_UNIT_ASSIGNED_CONTEXT ( ( #3124, #42, #379 ) ) REPRESENTATION_CONTEXT ( 'NONE', 'WORKASPACE' ) );
#1943 = ADVANCED_FACE ( 'NONE', ( #926 ), #3141, .T. ) ;
#1944 = CARTESIAN_POINT ( 'NONE',  ( -4.927090769178841256, 3.426143741334921167, 8.176193172852894264 ) ) ;
#1945 = ORIENTED_EDGE ( 'NONE', *, *, #2719, .T. ) ;
#1946 = DIRECTION ( 'NONE',  ( 0.000000000000000000, 1.000000000000000000, -3.083952846180990774E-16 ) ) ;
#1947 = CARTESIAN_POINT ( 'NONE',  ( 1.500000000000000444, 18.00000000000000711, 21.25000000000000000 ) ) ;
#1948 = AXIS2_PLACEMENT_3D ( 'NONE', #2496, #3560, #2149 ) ;
#1949 = VECTOR ( 'NONE', #918, 1000.000000000000000 ) ;
#1950 = CARTESIAN_POINT ( 'NONE',  ( 0.000000000000000000, 0.000000000000000000, -9.750000000000000000 ) ) ;
#1951 = EDGE_CURVE ( 'NONE', #976, #3569, #3177, .T. ) ;
#1952 = CARTESIAN_POINT ( 'NONE',  ( 7.500000000000000000, -7.499999999999999112, 27.75000000000000355 ) ) ;
#1953 = VECTOR ( 'NONE', #2519, 1000.000000000000000 ) ;
#1954 = VECTOR ( 'NONE', #2282, 1000.000000000000000 ) ;
#1955 = EDGE_LOOP ( 'NONE', ( #927, #384, #3243, #2705 ) ) ;
#1956 = VERTEX_POINT ( 'NONE', #2077 ) ;
#1957 = CARTESIAN_POINT ( 'NONE',  ( -1.728060349100104309, 5.750590090378132402, 0.2835944925911169645 ) ) ;
#1958 = ORIENTED_EDGE ( 'NONE', *, *, #2753, .F. ) ;
#1959 = ADVANCED_FACE ( 'NONE', ( #2862 ), #100, .F. ) ;
#1960 = DIRECTION ( 'NONE',  ( -1.000000000000000000, -3.336006684570783594E-16, 0.000000000000000000 ) ) ;
#1961 = DIRECTION ( 'NONE',  ( -1.000000000000000000, 1.387778780781446070E-15, 0.000000000000000000 ) ) ;
#1962 = DIRECTION ( 'NONE',  ( -0.8660254037844399289, -0.4999999999999980016, 0.000000000000000000 ) ) ;
#1963 = CARTESIAN_POINT ( 'NONE',  ( -5.130399987765577485, 3.113913095282820898, 8.049920388255236148 ) ) ;
#1964 = VERTEX_POINT ( 'NONE', #2846 ) ;
#1965 = CARTESIAN_POINT ( 'NONE',  ( 7.500000000000000888, 5.484827557301420242, -1.249999999999999112 ) ) ;
#1966 =( BOUNDED_CURVE ( )  B_SPLINE_CURVE ( 3, ( #2422, #3537, #1530, #1320 ),
 .UNSPECIFIED., .F., .F. ) 
 B_SPLINE_CURVE_WITH_KNOTS ( ( 4, 4 ),
 ( 3.141592653589793116, 6.283185307179586232 ),
 .UNSPECIFIED. ) 
 CURVE ( )  GEOMETRIC_REPRESENTATION_ITEM ( )  RATIONAL_B_SPLINE_CURVE ( ( 1.000000000000000000, 0.3333333333333333703, 0.3333333333333333703, 1.000000000000000000 ) ) 
 REPRESENTATION_ITEM ( '' )  );
#1967 = FACE_OUTER_BOUND ( 'NONE', #3280, .T. ) ;
#1968 = EDGE_CURVE ( 'NONE', #273, #575, #1446, .T. ) ;
#1969 = PLANE ( 'NONE',  #1070 ) ;
#1970 = CARTESIAN_POINT ( 'NONE',  ( 2.500000000000001332, -7.500000000000000000, -7.250000000000000888 ) ) ;
#1971 = VERTEX_POINT ( 'NONE', #59 ) ;
#1972 = ORIENTED_EDGE ( 'NONE', *, *, #3440, .T. ) ;
#1973 = ORIENTED_EDGE ( 'NONE', *, *, #1817, .T. ) ;
#1974 = EDGE_CURVE ( 'NONE', #3584, #2403, #1022, .T. ) ;
#1975 = CARTESIAN_POINT ( 'NONE',  ( -3.968626966596895844, -4.500000000000000000, 10.75000000000000000 ) ) ;
#1976 = AXIS2_PLACEMENT_3D ( 'NONE', #69, #2613, #402 ) ;
#1977 = PLANE ( 'NONE',  #3171 ) ;
#1978 = LINE ( 'NONE', #3102, #2248 ) ;
#1979 = CIRCLE ( 'NONE', #392, 1.599999999999997202 ) ;
#1980 = DIRECTION ( 'NONE',  ( -1.000000000000000000, 0.000000000000000000, 0.000000000000000000 ) ) ;
#1981 = PLANE ( 'NONE',  #2605 ) ;
#1982 = ADVANCED_FACE ( 'NONE', ( #2017, #335, #416 ), #685, .T. ) ;
#1983 = DIRECTION ( 'NONE',  ( -1.000000000000000000, -0.000000000000000000, -0.000000000000000000 ) ) ;
#1984 = ORIENTED_EDGE ( 'NONE', *, *, #2518, .T. ) ;
#1985 = LINE ( 'NONE', #2495, #1133 ) ;
#1986 = DIRECTION ( 'NONE',  ( 0.000000000000000000, 0.000000000000000000, 1.000000000000000000 ) ) ;
#1987 = DIRECTION ( 'NONE',  ( 0.000000000000000000, 1.000000000000000000, -3.083952846180990774E-16 ) ) ;
#1988 = VERTEX_POINT ( 'NONE', #2943 ) ;
#1989 = VERTEX_POINT ( 'NONE', #1221 ) ;
#1990 = ORIENTED_EDGE ( 'NONE', *, *, #2161, .F. ) ;
#1991 = DIRECTION ( 'NONE',  ( -0.000000000000000000, -0.000000000000000000, 1.000000000000000000 ) ) ;
#1992 = EDGE_CURVE ( 'NONE', #2923, #1158, #2637, .T. ) ;
#1993 = EDGE_CURVE ( 'NONE', #789, #1270, #134, .T. ) ;
#1994 = CARTESIAN_POINT ( 'NONE',  ( -4.704317679169211175, 3.724510820481680806, -0.7456023935578672823 ) ) ;
#1995 = PLANE ( 'NONE',  #3597 ) ;
#1996 = CYLINDRICAL_SURFACE ( 'NONE', #2775, 1.599999999999997202 ) ;
#1997 = LINE ( 'NONE', #812, #1080 ) ;
#1998 = DIRECTION ( 'NONE',  ( -0.8660254037844397068, -0.4999999999999978906, 0.000000000000000000 ) ) ;
#1999 = DIRECTION ( 'NONE',  ( 5.595882180570345426E-17, 1.000000000000000000, 0.000000000000000000 ) ) ;
#2000 = ADVANCED_FACE ( 'NONE', ( #937 ), #2367, .T. ) ;
#2001 = CIRCLE ( 'NONE', #3063, 1.599999999999998979 ) ;
#2002 = DIRECTION ( 'NONE',  ( 0.000000000000000000, 1.000000000000000000, 0.000000000000000000 ) ) ;
#2003 = ORIENTED_EDGE ( 'NONE', *, *, #969, .T. ) ;
#2004 = VECTOR ( 'NONE', #609, 1000.000000000000000 ) ;
#2005 = EDGE_LOOP ( 'NONE', ( #1594, #2233, #1549, #940, #790, #3473 ) ) ;
#2006 = VECTOR ( 'NONE', #1749, 1000.000000000000000 ) ;
#2007 = ORIENTED_EDGE ( 'NONE', *, *, #522, .T. ) ;
#2008 = LINE ( 'NONE', #1765, #3415 ) ;
#2009 = VECTOR ( 'NONE', #727, 1000.000000000000000 ) ;
#2010 = VECTOR ( 'NONE', #2992, 1000.000000000000000 ) ;
#2011 = PLANE ( 'NONE',  #2756 ) ;
#2012 = CARTESIAN_POINT ( 'NONE',  ( -5.060786334306393464, 3.225363957074718790, -0.2764140456330617113 ) ) ;
#2013 = CARTESIAN_POINT ( 'NONE',  ( 5.000000000000000888, 8.000000000000003553, 13.75000000000000000 ) ) ;
#2014 = AXIS2_PLACEMENT_3D ( 'NONE', #2679, #2064, #3190 ) ;
#2015 = DIRECTION ( 'NONE',  ( -1.000000000000000000, 0.000000000000000000, 0.000000000000000000 ) ) ;
#2016 = EDGE_CURVE ( 'NONE', #3147, #2998, #1559, .T. ) ;
#2017 = FACE_OUTER_BOUND ( 'NONE', #716, .T. ) ;
#2018 = ORIENTED_EDGE ( 'NONE', *, *, #1910, .F. ) ;
#2019 = LINE ( 'NONE', #2339, #3469 ) ;
#2020 = CARTESIAN_POINT ( 'NONE',  ( 7.500000000000000888, 18.00000000000000355, 13.75000000000000178 ) ) ;
#2021 = DIRECTION ( 'NONE',  ( -1.000000000000000000, 3.336006684570783594E-16, 0.000000000000000000 ) ) ;
#2022 = ORIENTED_EDGE ( 'NONE', *, *, #1548, .T. ) ;
#2023 = ORIENTED_EDGE ( 'NONE', *, *, #3535, .F. ) ;
#2024 = ORIENTED_EDGE ( 'NONE', *, *, #1767, .T. ) ;
#2025 = LINE ( 'NONE', #1787, #2197 ) ;
#2026 = CARTESIAN_POINT ( 'NONE',  ( -5.431283726365791154, 2.552626615811528943, -2.123037790270512648 ) ) ;
#2027 = EDGE_CURVE ( 'NONE', #1465, #3195, #961, .T. ) ;
#2028 = CARTESIAN_POINT ( 'NONE',  ( -6.200000000000000178, -5.500000000000001776, -9.750000000000001776 ) ) ;
#2029 = DIRECTION ( 'NONE',  ( -1.355252715606884487E-16, 1.000000000000000000, 0.000000000000000000 ) ) ;
#2030 = DIRECTION ( 'NONE',  ( 0.000000000000000000, 0.000000000000000000, 1.000000000000000000 ) ) ;
#2031 = LINE ( 'NONE', #3139, #467 ) ;
#2032 = VECTOR ( 'NONE', #1014, 1000.000000000000000 ) ;
#2033 = CARTESIAN_POINT ( 'NONE',  ( -5.000000000000003553, 18.00000000000000711, 21.25000000000000000 ) ) ;
#2034 = EDGE_CURVE ( 'NONE', #554, #115, #1768, .T. ) ;
#2035 = ORIENTED_EDGE ( 'NONE', *, *, #3217, .F. ) ;
#2036 = DIRECTION ( 'NONE',  ( 0.000000000000000000, 1.000000000000000000, 0.000000000000000000 ) ) ;
#2037 = LINE ( 'NONE', #3471, #3191 ) ;
#2038 = CARTESIAN_POINT ( 'NONE',  ( 4.750587202462469349, 3.666132190678204950, -1.864425215719377693 ) ) ;
#2039 = ORIENTED_EDGE ( 'NONE', *, *, #1098, .F. ) ;
#2040 = ORIENTED_EDGE ( 'NONE', *, *, #794, .F. ) ;
#2041 = ORIENTED_EDGE ( 'NONE', *, *, #2299, .T. ) ;
#2042 = DIRECTION ( 'NONE',  ( 0.000000000000000000, 0.000000000000000000, 1.000000000000000000 ) ) ;
#2043 = CYLINDRICAL_SURFACE ( 'NONE', #773, 6.000000000000000888 ) ;
#2044 = DIRECTION ( 'NONE',  ( -1.000000000000000000, 0.000000000000000000, -0.000000000000000000 ) ) ;
#2045 = CARTESIAN_POINT ( 'NONE',  ( -2.826061271899065641, 5.293362533376016366, 3.791232695813893550 ) ) ;
#2046 = DIRECTION ( 'NONE',  ( 0.000000000000000000, 0.000000000000000000, -1.000000000000000000 ) ) ;
#2047 = DIRECTION ( 'NONE',  ( 0.000000000000000000, 0.000000000000000000, 1.000000000000000000 ) ) ;
#2048 = EDGE_CURVE ( 'NONE', #740, #16, #111, .T. ) ;
#2049 = DIRECTION ( 'NONE',  ( -1.000000000000000000, -9.912705577010326536E-16, 0.000000000000000000 ) ) ;
#2050 = EDGE_CURVE ( 'NONE', #700, #465, #1493, .T. ) ;
#2051 = LINE ( 'NONE', #1521, #2967 ) ;
#2052 = EDGE_LOOP ( 'NONE', ( #1118, #2853, #403, #2128 ) ) ;
#2053 = CARTESIAN_POINT ( 'NONE',  ( 4.999999999999999112, 18.00000000000000000, -9.750000000000000000 ) ) ;
#2054 = ADVANCED_FACE ( 'NONE', ( #348 ), #1264, .F. ) ;
#2055 = EDGE_CURVE ( 'NONE', #2561, #525, #3500, .T. ) ;
#2056 = CARTESIAN_POINT ( 'NONE',  ( -7.499999999999998224, 5.484827557301419354, 9.050000000000000711 ) ) ;
#2057 = CARTESIAN_POINT ( 'NONE',  ( 5.061529847579721242, 3.224231672961527906, -0.2759194721689923746 ) ) ;
#2058 = VERTEX_POINT ( 'NONE', #636 ) ;
#2059 = ORIENTED_EDGE ( 'NONE', *, *, #1693, .T. ) ;
#2060 = ORIENTED_EDGE ( 'NONE', *, *, #2048, .T. ) ;
#2061 = DIRECTION ( 'NONE',  ( 0.000000000000000000, -1.000000000000000000, 0.000000000000000000 ) ) ;
#2062 = DIRECTION ( 'NONE',  ( -1.000000000000000000, -1.156482317317871478E-16, -0.000000000000000000 ) ) ;
#2063 = EDGE_CURVE ( 'NONE', #2586, #3455, #408, .T. ) ;
#2064 = DIRECTION ( 'NONE',  ( 0.000000000000000000, -0.000000000000000000, 1.000000000000000000 ) ) ;
#2065 = LINE ( 'NONE', #2390, #215 ) ;
#2066 = AXIS2_PLACEMENT_3D ( 'NONE', #2283, #2002, #3127 ) ;
#2067 = VECTOR ( 'NONE', #2293, 1000.000000000000000 ) ;
#2068 = ORIENTED_EDGE ( 'NONE', *, *, #1919, .F. ) ;
#2069 = ORIENTED_EDGE ( 'NONE', *, *, #2527, .F. ) ;
#2070 = DIRECTION ( 'NONE',  ( -1.204669080539449344E-16, 1.000000000000000000, 0.000000000000000000 ) ) ;
#2071 = VECTOR ( 'NONE', #2867, 1000.000000000000000 ) ;
#2072 = VECTOR ( 'NONE', #2690, 1000.000000000000000 ) ;
#2073 = CARTESIAN_POINT ( 'NONE',  ( -7.499999999999998224, -7.300000000000000711, 21.75000000000000355 ) ) ;
#2074 = ORIENTED_EDGE ( 'NONE', *, *, #3582, .T. ) ;
#2075 = EDGE_CURVE ( 'NONE', #2127, #2084, #2106, .T. ) ;
#2076 = AXIS2_PLACEMENT_3D ( 'NONE', #284, #2205, #2823 ) ;
#2077 = CARTESIAN_POINT ( 'NONE',  ( -2.500000000000000000, -7.299999999999999822, -2.250000000000000888 ) ) ;
#2078 = EDGE_CURVE ( 'NONE', #198, #1852, #591, .T. ) ;
#2079 = ORIENTED_EDGE ( 'NONE', *, *, #693, .T. ) ;
#2080 = DIRECTION ( 'NONE',  ( -1.000000000000000000, -0.000000000000000000, -0.000000000000000000 ) ) ;
#2081 = DIRECTION ( 'NONE',  ( -1.000000000000000000, -1.156482317317871478E-16, -0.000000000000000000 ) ) ;
#2082 = PLANE ( 'NONE',  #389 ) ;
#2083 = ORIENTED_EDGE ( 'NONE', *, *, #2186, .T. ) ;
#2084 = VERTEX_POINT ( 'NONE', #3458 ) ;
#2085 = ORIENTED_EDGE ( 'NONE', *, *, #3643, .F. ) ;
#2086 = LINE ( 'NONE', #2934, #1903 ) ;
#2087 = CARTESIAN_POINT ( 'NONE',  ( -5.000000000000002665, 17.99999999999999645, -9.750000000000000000 ) ) ;
#2088 = CARTESIAN_POINT ( 'NONE',  ( 7.500000000000000888, 3.175426480542919982, -1.249999999999999334 ) ) ;
#2089 = DIRECTION ( 'NONE',  ( 0.000000000000000000, 0.000000000000000000, 1.000000000000000000 ) ) ;
#2090 = ORIENTED_EDGE ( 'NONE', *, *, #1431, .F. ) ;
#2091 = ORIENTED_EDGE ( 'NONE', *, *, #1032, .T. ) ;
#2092 = ADVANCED_FACE ( 'NONE', ( #3210 ), #1532, .F. ) ;
#2093 = DIRECTION ( 'NONE',  ( 1.000000000000000000, 1.204669080539449344E-16, -0.000000000000000000 ) ) ;
#2094 = LINE ( 'NONE', #159, #489 ) ;
#2095 = ORIENTED_EDGE ( 'NONE', *, *, #1509, .T. ) ;
#2096 = DIRECTION ( 'NONE',  ( 5.595882180570345426E-17, 1.000000000000000000, 0.000000000000000000 ) ) ;
#2097 = EDGE_LOOP ( 'NONE', ( #2003, #1715, #1933, #673 ) ) ;
#2098 = CARTESIAN_POINT ( 'NONE',  ( -7.499999999999997335, 3.175426480542917762, -1.249999999999999112 ) ) ;
#2099 = ADVANCED_FACE ( 'NONE', ( #999 ), #980, .F. ) ;
#2100 = DIRECTION ( 'NONE',  ( -1.000000000000000000, -0.000000000000000000, -0.000000000000000000 ) ) ;
#2101 = CARTESIAN_POINT ( 'NONE',  ( 5.129773055372377932, 3.114945777989466702, 8.050079976437386264 ) ) ;
#2102 = EDGE_LOOP ( 'NONE', ( #750, #3435, #1746, #438 ) ) ;
#2103 = ORIENTED_EDGE ( 'NONE', *, *, #3413, .T. ) ;
#2104 = DIRECTION ( 'NONE',  ( 0.000000000000000000, 0.000000000000000000, 1.000000000000000000 ) ) ;
#2105 = CARTESIAN_POINT ( 'NONE',  ( 7.500000000000000000, -5.500000000000000000, -9.750000000000001776 ) ) ;
#2106 = LINE ( 'NONE', #1241, #3601 ) ;
#2107 = CARTESIAN_POINT ( 'NONE',  ( -5.000000000000002665, 15.00000000000000178, -8.849999999999996092 ) ) ;
#2108 = EDGE_LOOP ( 'NONE', ( #1273, #313, #3264, #2132 ) ) ;
#2109 = ORIENTED_EDGE ( 'NONE', *, *, #1615, .F. ) ;
#2110 = DIRECTION ( 'NONE',  ( 1.000000000000000000, 0.000000000000000000, 0.000000000000000000 ) ) ;
#2111 = EDGE_CURVE ( 'NONE', #632, #2998, #3519, .T. ) ;
#2112 = EDGE_CURVE ( 'NONE', #1696, #3455, #76, .T. ) ;
#2113 = DIRECTION ( 'NONE',  ( 0.000000000000000000, 1.000000000000000000, 0.000000000000000000 ) ) ;
#2114 = EDGE_LOOP ( 'NONE', ( #2751, #1807, #2103, #2529 ) ) ;
#2115 = LINE ( 'NONE', #2739, #246 ) ;
#2116 = ORIENTED_EDGE ( 'NONE', *, *, #3143, .F. ) ;
#2117 = DIRECTION ( 'NONE',  ( -0.000000000000000000, -0.000000000000000000, 1.000000000000000000 ) ) ;
#2118 = CARTESIAN_POINT ( 'NONE',  ( 4.623475382979809645, 3.824065295334235337, 9.050000000000000711 ) ) ;
#2119 = DIRECTION ( 'NONE',  ( -0.000000000000000000, -0.000000000000000000, -1.000000000000000000 ) ) ;
#2120 = ORIENTED_EDGE ( 'NONE', *, *, #3360, .T. ) ;
#2121 = EDGE_CURVE ( 'NONE', #1601, #3013, #1888, .T. ) ;
#2122 = ORIENTED_EDGE ( 'NONE', *, *, #2063, .F. ) ;
#2123 = FACE_OUTER_BOUND ( 'NONE', #2448, .T. ) ;
#2124 = CARTESIAN_POINT ( 'NONE',  ( 2.301439138962427133, 5.544493594766114697, 0.8084007353911715210 ) ) ;
#2125 = CARTESIAN_POINT ( 'NONE',  ( 7.500000000000003553, -4.499999999999998224, 10.75000000000000000 ) ) ;
#2126 = CARTESIAN_POINT ( 'NONE',  ( 1.499999999999999556, 15.00000000000000178, -7.249999999999999112 ) ) ;
#2127 = VERTEX_POINT ( 'NONE', #720 ) ;
#2128 = ORIENTED_EDGE ( 'NONE', *, *, #778, .F. ) ;
#2129 = LINE ( 'NONE', #176, #3016 ) ;
#2130 = CIRCLE ( 'NONE', #881, 1.600000000000000755 ) ;
#2131 = CARTESIAN_POINT ( 'NONE',  ( -13.91922863405994093, 6.881569860407160455, 9.050000000000000711 ) ) ;
#2132 = ORIENTED_EDGE ( 'NONE', *, *, #1222, .T. ) ;
#2133 = VECTOR ( 'NONE', #1930, 1000.000000000000000 ) ;
#2134 = AXIS2_PLACEMENT_3D ( 'NONE', #555, #1685, #21 ) ;
#2135 = VECTOR ( 'NONE', #3, 1000.000000000000000 ) ;
#2136 = CARTESIAN_POINT ( 'NONE',  ( 6.200000000000000178, -2.499999999999998668, -9.750000000000001776 ) ) ;
#2137 = AXIS2_PLACEMENT_3D ( 'NONE', #2228, #817, #3345 ) ;
#2138 = ORIENTED_EDGE ( 'NONE', *, *, #1641, .T. ) ;
#2139 = EDGE_CURVE ( 'NONE', #3455, #2726, #3320, .T. ) ;
#2140 = LINE ( 'NONE', #1570, #2072 ) ;
#2141 = AXIS2_PLACEMENT_3D ( 'NONE', #2606, #1794, #3390 ) ;
#2142 = VECTOR ( 'NONE', #2925, 1000.000000000000000 ) ;
#2143 = CARTESIAN_POINT ( 'NONE',  ( 5.623475382979804316, 2.092014487765356368, 9.182393880016352483 ) ) ;
#2144 = LINE ( 'NONE', #2728, #158 ) ;
#2145 = ORIENTED_EDGE ( 'NONE', *, *, #839, .T. ) ;
#2146 = ORIENTED_EDGE ( 'NONE', *, *, #3613, .F. ) ;
#2147 = FACE_OUTER_BOUND ( 'NONE', #1123, .T. ) ;
#2148 = CARTESIAN_POINT ( 'NONE',  ( 1.500000000000000000, 18.00000000000000000, 5.348076211353308018 ) ) ;
#2149 = DIRECTION ( 'NONE',  ( 0.000000000000000000, -1.000000000000000000, 5.782411586589355667E-16 ) ) ;
#2150 = CARTESIAN_POINT ( 'NONE',  ( 1.500000000000000000, 18.00000000000000000, -9.750000000000000000 ) ) ;
#2151 = B_SPLINE_CURVE_WITH_KNOTS ( 'NONE', 3,
 ( #1761, #2302, #913, #1783, #2038, #325, #1487, #3472, #2341, #2650, #2361, #3128, #629, #2909, #3452, #2631, #1197, #931 ),
 .UNSPECIFIED., .F., .F.,
 ( 4, 2, 2, 2, 2, 2, 2, 2, 4 ),
 ( 0.003131918686235970421, 0.003523310662250261124, 0.003914702638264551393, 0.004306094614278842096, 0.004697486590293132799, 0.005088878566307423502, 0.005480270542321714206, 0.005871662518336004909, 0.006263054494350295612 ),
 .UNSPECIFIED. ) ;
#2152 = VERTEX_POINT ( 'NONE', #190 ) ;
#2153 = ORIENTED_EDGE ( 'NONE', *, *, #1498, .F. ) ;
#2154 = CARTESIAN_POINT ( 'NONE',  ( 5.623475382979807868, 2.092014487765358144, -1.249999999999999334 ) ) ;
#2155 = ADVANCED_FACE ( 'NONE', ( #1365, #787 ), #1905, .T. ) ;
#2156 = ORIENTED_EDGE ( 'NONE', *, *, #1140, .T. ) ;
#2157 = CARTESIAN_POINT ( 'NONE',  ( 3.968626966596892292, -4.499999999999996447, 20.25000000000000711 ) ) ;
#2158 = VERTEX_POINT ( 'NONE', #1917 ) ;
#2159 = DIRECTION ( 'NONE',  ( -0.8660254037844399289, -0.4999999999999980016, 0.000000000000000000 ) ) ;
#2160 = FACE_OUTER_BOUND ( 'NONE', #3239, .T. ) ;
#2161 = EDGE_CURVE ( 'NONE', #2452, #2726, #3540, .T. ) ;
#2162 = LINE ( 'NONE', #749, #1387 ) ;
#2163 = ORIENTED_EDGE ( 'NONE', *, *, #2515, .F. ) ;
#2164 = LINE ( 'NONE', #1885, #305 ) ;
#2165 = CARTESIAN_POINT ( 'NONE',  ( 2.461343243242200440, 5.473840684354001063, 1.015153328519790898 ) ) ;
#2166 = AXIS2_PLACEMENT_3D ( 'NONE', #153, #3030, #1000 ) ;
#2167 = DIRECTION ( 'NONE',  ( -1.000000000000000000, -0.000000000000000000, -0.000000000000000000 ) ) ;
#2168 = CARTESIAN_POINT ( 'NONE',  ( 5.000000000000000888, 8.000000000000003553, 27.75000000000000355 ) ) ;
#2169 = EDGE_LOOP ( 'NONE', ( #2852, #582, #1466, #1516 ) ) ;
#2170 = ORIENTED_EDGE ( 'NONE', *, *, #3156, .T. ) ;
#2171 = ORIENTED_EDGE ( 'NONE', *, *, #2112, .T. ) ;
#2172 = ADVANCED_FACE ( 'NONE', ( #3011 ), #3608, .T. ) ;
#2173 = CARTESIAN_POINT ( 'NONE',  ( 1.499999999999999556, 15.00000000000000355, 6.650000000000001243 ) ) ;
#2174 = ORIENTED_EDGE ( 'NONE', *, *, #3360, .F. ) ;
#2175 = DIRECTION ( 'NONE',  ( 0.000000000000000000, 1.000000000000000000, -3.083952846180990774E-16 ) ) ;
#2176 = CARTESIAN_POINT ( 'NONE',  ( 5.261927839574759069, 2.886100173338927988, 8.049920388255236148 ) ) ;
#2177 = VERTEX_POINT ( 'NONE', #1021 ) ;
#2178 =( NAMED_UNIT ( * ) PLANE_ANGLE_UNIT ( ) SI_UNIT ( $, .RADIAN. ) );
#2179 = FACE_OUTER_BOUND ( 'NONE', #2409, .T. ) ;
#2180 = LINE ( 'NONE', #3029, #2369 ) ;
#2181 = CARTESIAN_POINT ( 'NONE',  ( 4.999999999999999112, 15.00000000000000178, 15.15000000000000391 ) ) ;
#2182 = ORIENTED_EDGE ( 'NONE', *, *, #507, .T. ) ;
#2183 = ORIENTED_EDGE ( 'NONE', *, *, #869, .T. ) ;
#2184 = EDGE_CURVE ( 'NONE', #2404, #765, #2477, .T. ) ;
#2185 = VERTEX_POINT ( 'NONE', #2995 ) ;
#2186 = EDGE_CURVE ( 'NONE', #2244, #687, #3122, .T. ) ;
#2187 = CARTESIAN_POINT ( 'NONE',  ( -7.499999999999999112, 8.000000000000000000, -9.750000000000000000 ) ) ;
#2188 = AXIS2_PLACEMENT_3D ( 'NONE', #182, #2790, #3240 ) ;
#2189 = VECTOR ( 'NONE', #1773, 1000.000000000000000 ) ;
#2190 = ORIENTED_EDGE ( 'NONE', *, *, #2050, .T. ) ;
#2191 = VECTOR ( 'NONE', #2684, 1000.000000000000000 ) ;
#2192 = CARTESIAN_POINT ( 'NONE',  ( -5.000000000000002665, 17.99999999999999645, 27.75000000000000355 ) ) ;
#2193 = EDGE_CURVE ( 'NONE', #3254, #1038, #3590, .T. ) ;
#2194 = FACE_OUTER_BOUND ( 'NONE', #1813, .T. ) ;
#2195 = ORIENTED_EDGE ( 'NONE', *, *, #492, .T. ) ;
#2196 = DIRECTION ( 'NONE',  ( 0.000000000000000000, 0.000000000000000000, 1.000000000000000000 ) ) ;
#2197 = VECTOR ( 'NONE', #3421, 1000.000000000000000 ) ;
#2198 = CARTESIAN_POINT ( 'NONE',  ( 1.932211469086429378, 5.683725063533112021, 5.059333929319620005 ) ) ;
#2199 = DIRECTION ( 'NONE',  ( 1.000000000000000000, 1.734723475976808080E-16, -0.000000000000000000 ) ) ;
#2200 = DIRECTION ( 'NONE',  ( 0.8660254037844399289, -0.4999999999999980571, 0.000000000000000000 ) ) ;
#2201 = VERTEX_POINT ( 'NONE', #3288 ) ;
#2202 = ORIENTED_EDGE ( 'NONE', *, *, #2424, .T. ) ;
#2203 = EDGE_CURVE ( 'NONE', #3114, #3322, #1313, .T. ) ;
#2204 = ORIENTED_EDGE ( 'NONE', *, *, #2055, .F. ) ;
#2205 = DIRECTION ( 'NONE',  ( 0.000000000000000000, 1.000000000000000000, 0.000000000000000000 ) ) ;
#2206 = DIRECTION ( 'NONE',  ( -1.355252715606879803E-16, 1.000000000000000000, 0.000000000000000000 ) ) ;
#2207 = LINE ( 'NONE', #3604, #3215 ) ;
#2208 = ORIENTED_EDGE ( 'NONE', *, *, #622, .F. ) ;
#2209 = CARTESIAN_POINT ( 'NONE',  ( -1.500000000000002220, 5.809475019311124200, 27.75000000000000355 ) ) ;
#2210 = CARTESIAN_POINT ( 'NONE',  ( 7.500000000000000888, 8.000000000000000000, -9.750000000000000000 ) ) ;
#2211 = EDGE_CURVE ( 'NONE', #2717, #1696, #770, .T. ) ;
#2212 = SURFACE_STYLE_FILL_AREA ( #2849 ) ;
#2213 = CYLINDRICAL_SURFACE ( 'NONE', #676, 6.000000000000000888 ) ;
#2214 = ORIENTED_EDGE ( 'NONE', *, *, #3603, .F. ) ;
#2215 = EDGE_LOOP ( 'NONE', ( #2183, #491, #1054, #821, #3507, #2926, #1730, #3087, #3343, #2040, #1159, #504, #1198, #3411, #2918, #3317, #1921, #1266, #175, #1764, #1762, #479 ) ) ;
#2216 = AXIS2_PLACEMENT_3D ( 'NONE', #2990, #448, #690 ) ;
#2217 = EDGE_CURVE ( 'NONE', #2819, #1417, #1041, .T. ) ;
#2218 = VECTOR ( 'NONE', #436, 1000.000000000000227 ) ;
#2219 = CARTESIAN_POINT ( 'NONE',  ( -7.499999999999999112, 8.000000000000000000, -9.750000000000000000 ) ) ;
#2220 = LINE ( 'NONE', #2417, #1185 ) ;
#2221 = EDGE_CURVE ( 'NONE', #405, #2745, #453, .T. ) ;
#2222 = DIRECTION ( 'NONE',  ( 0.000000000000000000, 0.000000000000000000, 1.000000000000000000 ) ) ;
#2223 = ADVANCED_FACE ( 'NONE', ( #224 ), #513, .F. ) ;
#2224 = DIRECTION ( 'NONE',  ( -1.000000000000000000, -1.156482317317871478E-16, -0.000000000000000000 ) ) ;
#2225 = CARTESIAN_POINT ( 'NONE',  ( -5.477092881633352839, 2.451541876796812236, 8.251117577520593827 ) ) ;
#2226 = ORIENTED_EDGE ( 'NONE', *, *, #726, .F. ) ;
#2227 = CARTESIAN_POINT ( 'NONE',  ( 7.500000000000000888, 3.175426480542920871, -3.249999999999999556 ) ) ;
#2228 = CARTESIAN_POINT ( 'NONE',  ( -6.200000000000000178, -5.500000000000001776, -9.750000000000001776 ) ) ;
#2229 = DIRECTION ( 'NONE',  ( -1.000000000000000000, 1.387778780781445873E-15, 0.000000000000000000 ) ) ;
#2230 = EDGE_CURVE ( 'NONE', #121, #581, #2180, .T. ) ;
#2231 = CARTESIAN_POINT ( 'NONE',  ( 0.000000000000000000, 0.000000000000000000, 13.75000000000000000 ) ) ;
#2232 = EDGE_LOOP ( 'NONE', ( #3308, #779, #551, #2420, #2720, #2441, #1508, #1125, #3186, #2838 ) ) ;
#2233 = ORIENTED_EDGE ( 'NONE', *, *, #854, .T. ) ;
#2234 = UNCERTAINTY_MEASURE_WITH_UNIT (LENGTH_MEASURE( 1.000000000000000082E-05 ), #3635, 'distance_accuracy_value', 'NONE');
#2235 = CARTESIAN_POINT ( 'NONE',  ( -2.965197994853944419, 5.216695321138743680, 3.277625521249471152 ) ) ;
#2236 = ADVANCED_FACE ( 'NONE', ( #2697 ), #1629, .F. ) ;
#2237 = LINE ( 'NONE', #3553, #2721 ) ;
#2238 = DIRECTION ( 'NONE',  ( -1.000000000000000000, 0.000000000000000000, 0.000000000000000000 ) ) ;
#2239 = EDGE_CURVE ( 'NONE', #765, #976, #2749, .T. ) ;
#2240 = LINE ( 'NONE', #2262, #3593 ) ;
#2241 = VECTOR ( 'NONE', #370, 1000.000000000000000 ) ;
#2242 = CARTESIAN_POINT ( 'NONE',  ( -5.614314797661740464, 2.117077331662790662, 8.787601081944030668 ) ) ;
#2243 = EDGE_CURVE ( 'NONE', #2745, #179, #2425, .T. ) ;
#2244 = VERTEX_POINT ( 'NONE', #1676 ) ;
#2245 = CARTESIAN_POINT ( 'NONE',  ( 2.500000000000000888, -7.299999999999999822, -2.250000000000000444 ) ) ;
#2246 = CYLINDRICAL_SURFACE ( 'NONE', #1189, 2.999999999999993783 ) ;
#2247 = AXIS2_PLACEMENT_3D ( 'NONE', #1950, #563, #1380 ) ;
#2248 = VECTOR ( 'NONE', #1702, 1000.000000000000000 ) ;
#2249 = LINE ( 'NONE', #578, #2133 ) ;
#2250 = CARTESIAN_POINT ( 'NONE',  ( -5.000000000000002665, 15.00000000000000355, 6.650000000000001243 ) ) ;
#2251 = VECTOR ( 'NONE', #1879, 1000.000000000000000 ) ;
#2252 = VECTOR ( 'NONE', #3575, 1000.000000000000000 ) ;
#2253 = B_SPLINE_CURVE_WITH_KNOTS ( 'NONE', 3,
 ( #2582, #3646, #2567, #1994, #2879, #3100, #1402, #2012, #36, #2258, #585, #570, #1719, #1475, #1206, #1130, #1701, #2603 ),
 .UNSPECIFIED., .F., .F.,
 ( 4, 2, 2, 2, 2, 2, 2, 2, 4 ),
 ( 0.000000000000000000, 0.0003914898357794961399, 0.0007829796715589922799, 0.001174469507338488528, 0.001565959343117984560, 0.001957449178897480591, 0.002348939014676977056, 0.002740428850456473088, 0.003131918686235969120 ),
 .UNSPECIFIED. ) ;
#2254 = ORIENTED_EDGE ( 'NONE', *, *, #569, .T. ) ;
#2255 = EDGE_LOOP ( 'NONE', ( #2675, #1869, #943, #1680 ) ) ;
#2256 = EDGE_LOOP ( 'NONE', ( #550, #608, #2344, #932 ) ) ;
#2257 = CARTESIAN_POINT ( 'NONE',  ( -3.499999999999996003, -7.299999999999999822, 10.75000000000000000 ) ) ;
#2258 = CARTESIAN_POINT ( 'NONE',  ( -5.261322251207581679, 2.887138986159038634, -0.2499506792668795274 ) ) ;
#2259 = CARTESIAN_POINT ( 'NONE',  ( -7.499999999999999112, 8.000000000000000000, 10.75000000000000000 ) ) ;
#2260 = ADVANCED_FACE ( 'NONE', ( #323, #2815, #857 ), #1969, .T. ) ;
#2261 = LINE ( 'NONE', #1924, #589 ) ;
#2262 = CARTESIAN_POINT ( 'NONE',  ( 1.500000000000000000, 4.625929269271487689E-15, 20.25000000000001066 ) ) ;
#2263 = CARTESIAN_POINT ( 'NONE',  ( -7.499999999999996447, -7.500000000000000000, -9.750000000000000000 ) ) ;
#2264 = ORIENTED_EDGE ( 'NONE', *, *, #3001, .F. ) ;
#2265 = APPLICATION_PROTOCOL_DEFINITION ( 'draft international standard', 'automotive_design', 1998, #440 ) ;
#2266 = DIRECTION ( 'NONE',  ( 0.4999999999999987232, 0.8660254037844393737, 0.000000000000000000 ) ) ;
#2267 = ADVANCED_FACE ( 'NONE', ( #840 ), #3637, .F. ) ;
#2268 = CARTESIAN_POINT ( 'NONE',  ( 5.000000000000000888, 8.000000000000003553, -9.750000000000000000 ) ) ;
#2269 = FACE_OUTER_BOUND ( 'NONE', #2482, .T. ) ;
#2270 = ORIENTED_EDGE ( 'NONE', *, *, #363, .F. ) ;
#2271 = VERTEX_POINT ( 'NONE', #3396 ) ;
#2272 = ORIENTED_EDGE ( 'NONE', *, *, #807, .F. ) ;
#2273 = DIRECTION ( 'NONE',  ( -1.000000000000000000, -0.000000000000000000, -0.000000000000000000 ) ) ;
#2274 = AXIS2_PLACEMENT_3D ( 'NONE', #341, #2868, #1464 ) ;
#2275 = CARTESIAN_POINT ( 'NONE',  ( 7.500000000000000888, 3.175426480542918206, 11.05000000000000071 ) ) ;
#2276 = CARTESIAN_POINT ( 'NONE',  ( -5.000000000000006217, 15.00000000000000711, 23.65000000000000568 ) ) ;
#2277 = CIRCLE ( 'NONE', #1152, 6.000000000000000888 ) ;
#2278 = CYLINDRICAL_SURFACE ( 'NONE', #2141, 1.600000000000000755 ) ;
#2279 = ADVANCED_FACE ( 'NONE', ( #3332 ), #2798, .T. ) ;
#2280 = LINE ( 'NONE', #2777, #890 ) ;
#2281 = CARTESIAN_POINT ( 'NONE',  ( -1.500000000000001776, 15.00000000000000178, -7.249999999999999112 ) ) ;
#2282 = DIRECTION ( 'NONE',  ( 0.000000000000000000, 0.000000000000000000, 1.000000000000000000 ) ) ;
#2283 = CARTESIAN_POINT ( 'NONE',  ( 1.500000000000000000, 18.00000000000000000, -9.750000000000000000 ) ) ;
#2284 = CARTESIAN_POINT ( 'NONE',  ( -6.200000000000000178, 18.00000000000000711, 21.25000000000000000 ) ) ;
#2285 = ORIENTED_EDGE ( 'NONE', *, *, #2678, .F. ) ;
#2286 = ORIENTED_EDGE ( 'NONE', *, *, #3392, .T. ) ;
#2287 = ORIENTED_EDGE ( 'NONE', *, *, #1474, .T. ) ;
#2288 = DIRECTION ( 'NONE',  ( 0.000000000000000000, 2.891205793294678326E-16, -1.000000000000000000 ) ) ;
#2289 = VECTOR ( 'NONE', #352, 1000.000000000000000 ) ;
#2290 = DIRECTION ( 'NONE',  ( 1.734723475976806848E-16, 0.000000000000000000, -1.000000000000000000 ) ) ;
#2291 = EDGE_CURVE ( 'NONE', #842, #2325, #275, .T. ) ;
#2292 = FACE_OUTER_BOUND ( 'NONE', #185, .T. ) ;
#2293 = DIRECTION ( 'NONE',  ( -1.000000000000000000, -0.000000000000000000, -0.000000000000000000 ) ) ;
#2294 = DIRECTION ( 'NONE',  ( -1.000000000000000000, -0.000000000000000000, -0.000000000000000000 ) ) ;
#2295 = DIRECTION ( 'NONE',  ( 1.000000000000000000, 1.734723475976808080E-16, -0.000000000000000000 ) ) ;
#2296 = VERTEX_POINT ( 'NONE', #1694 ) ;
#2297 = SURFACE_STYLE_USAGE ( .BOTH. , #1068 ) ;
#2298 = DIRECTION ( 'NONE',  ( 1.000000000000000000, 1.204669080539449344E-16, -0.000000000000000000 ) ) ;
#2299 = EDGE_CURVE ( 'NONE', #554, #2703, #1396, .T. ) ;
#2300 = VECTOR ( 'NONE', #2883, 1000.000000000000000 ) ;
#2301 = LINE ( 'NONE', #104, #2071 ) ;
#2302 = CARTESIAN_POINT ( 'NONE',  ( 4.623475382979809645, 3.824065295334236669, -1.380616955321384509 ) ) ;
#2303 = ORIENTED_EDGE ( 'NONE', *, *, #552, .T. ) ;
#2304 = VECTOR ( 'NONE', #2886, 1000.000000000000000 ) ;
#2305 = VERTEX_POINT ( 'NONE', #3110 ) ;
#2306 = AXIS2_PLACEMENT_3D ( 'NONE', #1164, #3425, #571 ) ;
#2307 = ORIENTED_EDGE ( 'NONE', *, *, #1520, .T. ) ;
#2308 = CYLINDRICAL_SURFACE ( 'NONE', #1427, 1.000000000000000000 ) ;
#2309 = LINE ( 'NONE', #2953, #2006 ) ;
#2310 = VECTOR ( 'NONE', #3339, 1000.000000000000000 ) ;
#2311 = VECTOR ( 'NONE', #935, 1000.000000000000000 ) ;
#2312 = CARTESIAN_POINT ( 'NONE',  ( -1.500000000000000444, 18.00000000000000000, 0.1519237886466948129 ) ) ;
#2313 = DIRECTION ( 'NONE',  ( 1.000000000000000000, 1.156482317317871478E-16, 0.000000000000000000 ) ) ;
#2314 = LINE ( 'NONE', #3118, #2958 ) ;
#2315 = AXIS2_PLACEMENT_3D ( 'NONE', #2470, #477, #1065 ) ;
#2316 = LINE ( 'NONE', #905, #3161 ) ;
#2317 = PLANE ( 'NONE',  #2483 ) ;
#2318 = VERTEX_POINT ( 'NONE', #818 ) ;
#2319 = PLANE ( 'NONE',  #1477 ) ;
#2320 = LINE ( 'NONE', #3162, #1251 ) ;
#2321 = FACE_OUTER_BOUND ( 'NONE', #671, .T. ) ;
#2322 = EDGE_LOOP ( 'NONE', ( #1633, #497 ) ) ;
#2323 = EDGE_CURVE ( 'NONE', #1343, #2463, #2544, .T. ) ;
#2324 = ORIENTED_EDGE ( 'NONE', *, *, #1724, .T. ) ;
#2325 = VERTEX_POINT ( 'NONE', #14 ) ;
#2326 = CARTESIAN_POINT ( 'NONE',  ( -2.499999999999999556, -7.299999999999999822, -7.250000000000001776 ) ) ;
#2327 = DIRECTION ( 'NONE',  ( 0.000000000000000000, 0.000000000000000000, 1.000000000000000000 ) ) ;
#2328 = DIRECTION ( 'NONE',  ( 0.000000000000000000, -1.000000000000000000, 0.000000000000000000 ) ) ;
#2329 = CARTESIAN_POINT ( 'NONE',  ( -7.499999999999999112, 18.00000000000000355, 20.25000000000000355 ) ) ;
#2330 = CARTESIAN_POINT ( 'NONE',  ( 2.500000000000001332, -7.299999999999999822, -7.250000000000000888 ) ) ;
#2331 = CARTESIAN_POINT ( 'NONE',  ( -7.500000000000000000, -2.500000000000000888, -9.750000000000001776 ) ) ;
#2332 = MANIFOLD_SOLID_BREP ( 'Cut-Extrude11', #3051 ) ;
#2333 = DIRECTION ( 'NONE',  ( -0.000000000000000000, -0.000000000000000000, 1.000000000000000000 ) ) ;
#2334 = AXIS2_PLACEMENT_3D ( 'NONE', #1661, #3397, #1414 ) ;
#2335 = EDGE_CURVE ( 'NONE', #1033, #3521, #1155, .T. ) ;
#2336 = DIRECTION ( 'NONE',  ( 0.000000000000000000, 0.000000000000000000, 1.000000000000000000 ) ) ;
#2337 = ORIENTED_EDGE ( 'NONE', *, *, #2504, .T. ) ;
#2338 = EDGE_CURVE ( 'NONE', #314, #2364, #2249, .T. ) ;
#2339 = CARTESIAN_POINT ( 'NONE',  ( -7.499999999999998224, 14.63171219946130641, 21.75000000000000355 ) ) ;
#2340 = DIRECTION ( 'NONE',  ( 0.000000000000000000, 1.000000000000000000, 0.000000000000000000 ) ) ;
#2341 = CARTESIAN_POINT ( 'NONE',  ( 5.129773055372377044, 3.114945777989468034, -2.249920023562617111 ) ) ;
#2342 = VERTEX_POINT ( 'NONE', #874 ) ;
#2343 = ORIENTED_EDGE ( 'NONE', *, *, #2121, .F. ) ;
#2344 = ORIENTED_EDGE ( 'NONE', *, *, #188, .T. ) ;
#2345 = CARTESIAN_POINT ( 'NONE',  ( -5.000000000000006217, 15.00000000000000711, 25.25000000000000355 ) ) ;
#2346 = CARTESIAN_POINT ( 'NONE',  ( -5.550257211990467177, 2.281063104886619453, -1.864425215719377027 ) ) ;
#2347 = CARTESIAN_POINT ( 'NONE',  ( 7.500000000000004441, -2.499999999999999112, 10.75000000000000000 ) ) ;
#2348 = ADVANCED_FACE ( 'NONE', ( #1660 ), #260, .T. ) ;
#2349 = LINE ( 'NONE', #135, #2218 ) ;
#2350 = VERTEX_POINT ( 'NONE', #103 ) ;
#2351 = ORIENTED_EDGE ( 'NONE', *, *, #338, .T. ) ;
#2352 = CARTESIAN_POINT ( 'NONE',  ( 0.000000000000000000, 0.000000000000000000, -9.750000000000000000 ) ) ;
#2353 = DIRECTION ( 'NONE',  ( 1.000000000000000000, 0.000000000000000000, 0.000000000000000000 ) ) ;
#2354 = VERTEX_POINT ( 'NONE', #3144 ) ;
#2355 = VECTOR ( 'NONE', #2046, 1000.000000000000000 ) ;
#2356 = LINE ( 'NONE', #1779, #1310 ) ;
#2357 = EDGE_LOOP ( 'NONE', ( #1311, #278, #3027, #1673 ) ) ;
#2358 = DIRECTION ( 'NONE',  ( 0.4999999999999983902, -0.8660254037844397068, 0.000000000000000000 ) ) ;
#2359 = CARTESIAN_POINT ( 'NONE',  ( -5.000000000000002665, 17.99999999999999645, -9.750000000000000000 ) ) ;
#2360 = EDGE_CURVE ( 'NONE', #1581, #179, #2381, .T. ) ;
#2361 = CARTESIAN_POINT ( 'NONE',  ( 5.323126068186900817, 2.771103254338400657, -2.223980201222393926 ) ) ;
#2362 = ORIENTED_EDGE ( 'NONE', *, *, #1470, .F. ) ;
#2363 = EDGE_LOOP ( 'NONE', ( #2960, #3453, #2528, #3598 ) ) ;
#2364 = VERTEX_POINT ( 'NONE', #1741 ) ;
#2365 = CARTESIAN_POINT ( 'NONE',  ( -3.499999999999996003, -7.299999999999999822, 10.75000000000000000 ) ) ;
#2366 = DIRECTION ( 'NONE',  ( 0.000000000000000000, -1.000000000000000000, 0.000000000000000000 ) ) ;
#2367 = PLANE ( 'NONE',  #2588 ) ;
#2368 = CARTESIAN_POINT ( 'NONE',  ( 7.500000000000000000, -2.499999999999999112, -9.750000000000001776 ) ) ;
#2369 = VECTOR ( 'NONE', #1645, 1000.000000000000000 ) ;
#2370 = AXIS2_PLACEMENT_3D ( 'NONE', #2331, #3155, #1960 ) ;
#2371 = ORIENTED_EDGE ( 'NONE', *, *, #420, .F. ) ;
#2372 = ORIENTED_EDGE ( 'NONE', *, *, #668, .T. ) ;
#2373 = DIRECTION ( 'NONE',  ( -0.000000000000000000, -0.000000000000000000, 1.000000000000000000 ) ) ;
#2374 = CIRCLE ( 'NONE', #715, 6.000000000000000888 ) ;
#2375 = CARTESIAN_POINT ( 'NONE',  ( -6.200000000000001066, -4.500000000000000000, 10.75000000000000000 ) ) ;
#2376 = ORIENTED_EDGE ( 'NONE', *, *, #1974, .T. ) ;
#2377 = VECTOR ( 'NONE', #628, 1000.000000000000000 ) ;
#2378 = CIRCLE ( 'NONE', #1663, 1.599999999999997202 ) ;
#2379 = CARTESIAN_POINT ( 'NONE',  ( 6.200000000000000178, -2.499999999999998668, 20.25000000000000711 ) ) ;
#2380 = EDGE_LOOP ( 'NONE', ( #1109, #2083, #1536, #1211 ) ) ;
#2381 = LINE ( 'NONE', #2610, #2004 ) ;
#2382 = CARTESIAN_POINT ( 'NONE',  ( -1.500000000000002220, 18.00000000000000000, 21.24999999999999645 ) ) ;
#2383 = DIRECTION ( 'NONE',  ( 0.000000000000000000, -1.000000000000000000, 5.782411586589355667E-16 ) ) ;
#2384 = ORIENTED_EDGE ( 'NONE', *, *, #1795, .F. ) ;
#2385 = ORIENTED_EDGE ( 'NONE', *, *, #1287, .F. ) ;
#2386 = DIRECTION ( 'NONE',  ( 1.000000000000000000, -0.000000000000000000, -0.000000000000000000 ) ) ;
#2387 = CARTESIAN_POINT ( 'NONE',  ( 1.500000000000001554, 5.809475019311125976, 5.348076211353308018 ) ) ;
#2388 = EDGE_CURVE ( 'NONE', #2562, #1495, #1254, .T. ) ;
#2389 = CARTESIAN_POINT ( 'NONE',  ( 3.968626966596892292, -4.499999999999996447, -9.750000000000000000 ) ) ;
#2390 = CARTESIAN_POINT ( 'NONE',  ( -7.500000000000000000, -2.500000000000000888, -9.750000000000001776 ) ) ;
#2391 = ORIENTED_EDGE ( 'NONE', *, *, #2847, .T. ) ;
#2392 = VERTEX_POINT ( 'NONE', #2629 ) ;
#2393 = FACE_OUTER_BOUND ( 'NONE', #1360, .T. ) ;
#2394 = FACE_OUTER_BOUND ( 'NONE', #3549, .T. ) ;
#2395 = ORIENTED_EDGE ( 'NONE', *, *, #3572, .T. ) ;
#2396 = EDGE_CURVE ( 'NONE', #567, #700, #833, .T. ) ;
#2397 = LINE ( 'NONE', #2187, #2251 ) ;
#2398 = VERTEX_POINT ( 'NONE', #2906 ) ;
#2399 = CARTESIAN_POINT ( 'NONE',  ( 6.200000000000000178, -4.499999999999999112, 13.75000000000000178 ) ) ;
#2400 = VECTOR ( 'NONE', #1856, 1000.000000000000000 ) ;
#2401 = CARTESIAN_POINT ( 'NONE',  ( -3.499999999999997780, -7.500000000000000000, 21.75000000000000355 ) ) ;
#2402 = LINE ( 'NONE', #1625, #213 ) ;
#2403 = VERTEX_POINT ( 'NONE', #971 ) ;
#2404 = VERTEX_POINT ( 'NONE', #2864 ) ;
#2405 = CARTESIAN_POINT ( 'NONE',  ( 7.500000000000002665, -2.499999999999995559, 13.75000000000000178 ) ) ;
#2406 = FACE_OUTER_BOUND ( 'NONE', #2102, .T. ) ;
#2407 = CARTESIAN_POINT ( 'NONE',  ( 7.500000000000010658, -2.499999999999998668, 21.25000000000000711 ) ) ;
#2408 = LINE ( 'NONE', #191, #330 ) ;
#2409 = EDGE_LOOP ( 'NONE', ( #2621, #2264, #2644, #1697 ) ) ;
#2410 = ORIENTED_EDGE ( 'NONE', *, *, #476, .F. ) ;
#2411 = CARTESIAN_POINT ( 'NONE',  ( -1.500000000000002220, 18.00000000000000000, -9.750000000000000000 ) ) ;
#2412 = CARTESIAN_POINT ( 'NONE',  ( 3.499999999999996003, -7.500000000000000000, 21.75000000000000355 ) ) ;
#2413 = EDGE_CURVE ( 'NONE', #1327, #2447, #3493, .T. ) ;
#2414 = VERTEX_POINT ( 'NONE', #85 ) ;
#2415 = CARTESIAN_POINT ( 'NONE',  ( -5.000000000000002665, 8.000000000000000000, 20.25000000000000355 ) ) ;
#2416 = ORIENTED_EDGE ( 'NONE', *, *, #2571, .T. ) ;
#2417 = CARTESIAN_POINT ( 'NONE',  ( 7.500000000000007105, -4.499999999999996447, 20.25000000000000711 ) ) ;
#2418 = PLANE ( 'NONE',  #1834 ) ;
#2419 = DIRECTION ( 'NONE',  ( -0.000000000000000000, -1.000000000000000000, -0.000000000000000000 ) ) ;
#2420 = ORIENTED_EDGE ( 'NONE', *, *, #3143, .T. ) ;
#2421 = EDGE_LOOP ( 'NONE', ( #2109, #1297, #2633, #3420 ) ) ;
#2422 = CARTESIAN_POINT ( 'NONE',  ( 7.500000000000000888, 5.484827557301420242, 9.050000000000000711 ) ) ;
#2423 = PLANE ( 'NONE',  #2831 ) ;
#2424 = EDGE_CURVE ( 'NONE', #2885, #1581, #337, .T. ) ;
#2425 = LINE ( 'NONE', #290, #3356 ) ;
#2426 = LINE ( 'NONE', #3520, #982 ) ;
#2427 = VERTEX_POINT ( 'NONE', #322 ) ;
#2428 = ORIENTED_EDGE ( 'NONE', *, *, #2239, .T. ) ;
#2429 = CARTESIAN_POINT ( 'NONE',  ( 7.500000000000000000, -2.499999999999999112, 21.25000000000000711 ) ) ;
#2430 = AXIS2_PLACEMENT_3D ( 'NONE', #1229, #3199, #968 ) ;
#2431 = ORIENTED_EDGE ( 'NONE', *, *, #1724, .F. ) ;
#2432 = VECTOR ( 'NONE', #3487, 1000.000000000000000 ) ;
#2433 = ADVANCED_FACE ( 'NONE', ( #2648 ), #1462, .F. ) ;
#2434 = CIRCLE ( 'NONE', #1131, 6.000000000000000888 ) ;
#2435 = DIRECTION ( 'NONE',  ( 1.734723475976808327E-16, -1.000000000000000000, 0.000000000000000000 ) ) ;
#2436 = VECTOR ( 'NONE', #1432, 1000.000000000000000 ) ;
#2437 = EDGE_LOOP ( 'NONE', ( #1511, #2095, #1881, #2024 ) ) ;
#2438 = FACE_OUTER_BOUND ( 'NONE', #1077, .T. ) ;
#2439 = CARTESIAN_POINT ( 'NONE',  ( 4.862515393072875725, 3.516352886737362127, 9.850222173838792727 ) ) ;
#2440 = CARTESIAN_POINT ( 'NONE',  ( 5.000000000000000888, 8.000000000000003553, 27.75000000000000355 ) ) ;
#2441 = ORIENTED_EDGE ( 'NONE', *, *, #969, .F. ) ;
#2442 = CARTESIAN_POINT ( 'NONE',  ( 3.499999999999999556, -7.299999999999999822, 10.75000000000000000 ) ) ;
#2443 = DIRECTION ( 'NONE',  ( -1.734723475976808080E-16, 1.000000000000000000, 0.000000000000000000 ) ) ;
#2444 = CARTESIAN_POINT ( 'NONE',  ( 4.999999999999999112, 15.00000000000000355, 8.250000000000000000 ) ) ;
#2445 = ADVANCED_FACE ( 'NONE', ( #44 ), #2587, .F. ) ;
#2446 = CARTESIAN_POINT ( 'NONE',  ( 1.499999999999999556, 15.00000000000000178, 16.75000000000000000 ) ) ;
#2447 = VERTEX_POINT ( 'NONE', #122 ) ;
#2448 = EDGE_LOOP ( 'NONE', ( #3385, #2754, #3579, #1602 ) ) ;
#2449 = EDGE_LOOP ( 'NONE', ( #3008, #822, #3233, #860 ) ) ;
#2450 = FACE_OUTER_BOUND ( 'NONE', #2693, .T. ) ;
#2451 = EDGE_CURVE ( 'NONE', #312, #2951, #2536, .T. ) ;
#2452 = VERTEX_POINT ( 'NONE', #3202 ) ;
#2453 = CARTESIAN_POINT ( 'NONE',  ( -7.500000000000000000, 8.000000000000000000, 27.75000000000000355 ) ) ;
#2454 = CIRCLE ( 'NONE', #2216, 6.000000000000000888 ) ;
#2455 = CARTESIAN_POINT ( 'NONE',  ( -1.500000000000001776, 15.00000000000000711, 25.25000000000000355 ) ) ;
#2456 = EDGE_CURVE ( 'NONE', #3024, #2911, #3015, .T. ) ;
#2457 = ORIENTED_EDGE ( 'NONE', *, *, #2758, .T. ) ;
#2458 = CARTESIAN_POINT ( 'NONE',  ( -6.200000000000000178, -5.500000000000001776, -9.750000000000001776 ) ) ;
#2459 = FACE_OUTER_BOUND ( 'NONE', #2169, .T. ) ;
#2460 = VECTOR ( 'NONE', #1423, 1000.000000000000000 ) ;
#2461 = CARTESIAN_POINT ( 'NONE',  ( -0.000000000000000000, -7.299999999999999822, -9.750000000000000000 ) ) ;
#2462 = CARTESIAN_POINT ( 'NONE',  ( 5.000000000000000888, 8.000000000000003553, 27.75000000000000355 ) ) ;
#2463 = VERTEX_POINT ( 'NONE', #928 ) ;
#2464 = ORIENTED_EDGE ( 'NONE', *, *, #849, .T. ) ;
#2465 = ADVANCED_FACE ( 'NONE', ( #3449, #667 ), #2319, .T. ) ;
#2466 = ORIENTED_EDGE ( 'NONE', *, *, #269, .F. ) ;
#2467 = EDGE_CURVE ( 'NONE', #976, #2674, #2019, .T. ) ;
#2468 = CARTESIAN_POINT ( 'NONE',  ( 0.000000000000000000, 0.000000000000000000, 13.75000000000000000 ) ) ;
#2469 = ORIENTED_EDGE ( 'NONE', *, *, #3572, .F. ) ;
#2470 = CARTESIAN_POINT ( 'NONE',  ( 7.500000000000004441, 18.00000000000000711, 20.25000000000000355 ) ) ;
#2471 = EDGE_CURVE ( 'NONE', #3328, #984, #3431, .T. ) ;
#2472 = CARTESIAN_POINT ( 'NONE',  ( 5.623475382979806980, 2.092014487765355923, 9.050000000000000711 ) ) ;
#2473 = EDGE_LOOP ( 'NONE', ( #1565, #2376, #383, #1067 ) ) ;
#2474 = LINE ( 'NONE', #2209, #542 ) ;
#2475 = CARTESIAN_POINT ( 'NONE',  ( 2.297880571148145368, 5.545982026642663598, 4.695818398287926243 ) ) ;
#2476 = ADVANCED_FACE ( 'NONE', ( #1212 ), #1759, .F. ) ;
#2477 = LINE ( 'NONE', #2461, #1895 ) ;
#2478 = LINE ( 'NONE', #3592, #559 ) ;
#2479 = VERTEX_POINT ( 'NONE', #400 ) ;
#2480 = VERTEX_POINT ( 'NONE', #1524 ) ;
#2481 = AXIS2_PLACEMENT_3D ( 'NONE', #2827, #3316, #509 ) ;
#2482 = EDGE_LOOP ( 'NONE', ( #625, #1791, #3244, #2307 ) ) ;
#2483 = AXIS2_PLACEMENT_3D ( 'NONE', #606, #3429, #2096 ) ;
#2484 = CARTESIAN_POINT ( 'NONE',  ( 4.999999999999999112, 15.00000000000000178, -7.249999999999999112 ) ) ;
#2485 = EDGE_CURVE ( 'NONE', #2951, #312, #123, .T. ) ;
#2486 = VECTOR ( 'NONE', #2598, 1000.000000000000000 ) ;
#2487 = VECTOR ( 'NONE', #1809, 1000.000000000000000 ) ;
#2488 = AXIS2_PLACEMENT_3D ( 'NONE', #3375, #1428, #780 ) ;
#2489 = VECTOR ( 'NONE', #3344, 1000.000000000000000 ) ;
#2490 = FACE_BOUND ( 'NONE', #2765, .T. ) ;
#2491 = DIRECTION ( 'NONE',  ( 0.000000000000000000, 0.000000000000000000, -1.000000000000000000 ) ) ;
#2492 = ORIENTED_EDGE ( 'NONE', *, *, #220, .T. ) ;
#2493 = CARTESIAN_POINT ( 'NONE',  ( -4.704317679169211175, 3.724510820481680806, 9.554397606442130098 ) ) ;
#2494 = VECTOR ( 'NONE', #2175, 1000.000000000000000 ) ;
#2495 = CARTESIAN_POINT ( 'NONE',  ( -6.200000000000000178, -2.500000000000000444, -9.750000000000001776 ) ) ;
#2496 = CARTESIAN_POINT ( 'NONE',  ( 0.000000000000000000, 0.000000000000000000, 21.25000000000000355 ) ) ;
#2497 = CARTESIAN_POINT ( 'NONE',  ( 6.200000000000000178, -5.500000000000000000, 27.75000000000000355 ) ) ;
#2498 = ORIENTED_EDGE ( 'NONE', *, *, #3189, .T. ) ;
#2499 = VERTEX_POINT ( 'NONE', #446 ) ;
#2500 = ADVANCED_FACE ( 'NONE', ( #3614 ), #1373, .F. ) ;
#2501 = EDGE_CURVE ( 'NONE', #1711, #273, #709, .T. ) ;
#2502 = CARTESIAN_POINT ( 'NONE',  ( 7.500000000000003553, -4.499999999999998224, 10.75000000000000000 ) ) ;
#2503 = DIRECTION ( 'NONE',  ( -1.000000000000000000, -1.156482317317871478E-16, -0.000000000000000000 ) ) ;
#2504 = EDGE_CURVE ( 'NONE', #114, #3304, #3048, .T. ) ;
#2505 = CARTESIAN_POINT ( 'NONE',  ( -1.500000000000001776, 15.00000000000000355, 8.250000000000000000 ) ) ;
#2506 = CARTESIAN_POINT ( 'NONE',  ( -5.623475382979804316, 2.092014487765356368, 9.050000000000000711 ) ) ;
#2507 = ORIENTED_EDGE ( 'NONE', *, *, #2602, .T. ) ;
#2508 = CARTESIAN_POINT ( 'NONE',  ( 6.200000000000000178, -4.499999999999998224, 10.75000000000000000 ) ) ;
#2509 = FACE_OUTER_BOUND ( 'NONE', #3096, .T. ) ;
#2510 = ADVANCED_FACE ( 'NONE', ( #3531 ), #1589, .F. ) ;
#2511 = DIRECTION ( 'NONE',  ( -0.000000000000000000, -0.000000000000000000, 1.000000000000000000 ) ) ;
#2512 = CARTESIAN_POINT ( 'NONE',  ( 7.500000000000003553, -4.499999999999999112, 13.75000000000000178 ) ) ;
#2513 = ORIENTED_EDGE ( 'NONE', *, *, #1385, .F. ) ;
#2514 = ORIENTED_EDGE ( 'NONE', *, *, #1168, .F. ) ;
#2515 = EDGE_CURVE ( 'NONE', #3581, #1928, #1846, .T. ) ;
#2516 = DIRECTION ( 'NONE',  ( -0.000000000000000000, -1.000000000000000000, 1.541976423090495387E-16 ) ) ;
#2517 = DIRECTION ( 'NONE',  ( -1.000000000000000000, 1.387778780781445873E-15, -0.000000000000000000 ) ) ;
#2518 = EDGE_CURVE ( 'NONE', #1092, #984, #2237, .T. ) ;
#2519 = DIRECTION ( 'NONE',  ( -0.000000000000000000, -0.000000000000000000, 1.000000000000000000 ) ) ;
#2520 = CYLINDRICAL_SURFACE ( 'NONE', #820, 1.000000000000000666 ) ;
#2521 = PLANE ( 'NONE',  #3284 ) ;
#2522 = ORIENTED_EDGE ( 'NONE', *, *, #814, .F. ) ;
#2523 = CARTESIAN_POINT ( 'NONE',  ( 0.000000000000000000, 18.00000000000000000, 2.750000000000000000 ) ) ;
#2524 = CARTESIAN_POINT ( 'NONE',  ( -7.499999999999999112, 8.000000000000000000, 21.25000000000000355 ) ) ;
#2525 = DIRECTION ( 'NONE',  ( -1.783268467025218707E-32, 1.541976423090495387E-16, 1.000000000000000000 ) ) ;
#2526 = ORIENTED_EDGE ( 'NONE', *, *, #3189, .F. ) ;
#2527 = EDGE_CURVE ( 'NONE', #3322, #789, #2594, .T. ) ;
#2528 = ORIENTED_EDGE ( 'NONE', *, *, #2075, .T. ) ;
#2529 = ORIENTED_EDGE ( 'NONE', *, *, #220, .F. ) ;
#2530 = CARTESIAN_POINT ( 'NONE',  ( -7.500000000000000000, -5.500000000000001776, -9.750000000000001776 ) ) ;
#2531 = CARTESIAN_POINT ( 'NONE',  ( -2.499999999999999556, -7.299999999999999822, -7.250000000000001776 ) ) ;
#2532 = LINE ( 'NONE', #3405, #245 ) ;
#2533 = CARTESIAN_POINT ( 'NONE',  ( 4.999999999999999112, 15.00000000000000178, 18.34999999999999787 ) ) ;
#2534 = EDGE_CURVE ( 'NONE', #2084, #30, #885, .T. ) ;
#2535 = CARTESIAN_POINT ( 'NONE',  ( 1.500000000000000000, 18.00000000000000000, 27.75000000000000355 ) ) ;
#2536 = CIRCLE ( 'NONE', #945, 1.599999999999998979 ) ;
#2537 = CIRCLE ( 'NONE', #946, 1.600000000000000755 ) ;
#2538 = CARTESIAN_POINT ( 'NONE',  ( -5.623475382979803427, 2.092014487765356368, 8.919383044678616201 ) ) ;
#2539 = ORIENTED_EDGE ( 'NONE', *, *, #498, .F. ) ;
#2540 = CARTESIAN_POINT ( 'NONE',  ( -5.430831331669597972, 2.553590673115903265, 9.923647046844230601 ) ) ;
#2541 = LINE ( 'NONE', #3607, #3548 ) ;
#2542 = AXIS2_PLACEMENT_3D ( 'NONE', #2888, #1257, #1172 ) ;
#2543 = VECTOR ( 'NONE', #2062, 1000.000000000000000 ) ;
#2544 = LINE ( 'NONE', #1413, #2957 ) ;
#2545 = CARTESIAN_POINT ( 'NONE',  ( -5.000000000000002665, 15.00000000000000355, 6.649999999999999467 ) ) ;
#2546 = CIRCLE ( 'NONE', #1255, 1.600000000000000755 ) ;
#2547 = VERTEX_POINT ( 'NONE', #2947 ) ;
#2548 = ORIENTED_EDGE ( 'NONE', *, *, #1968, .T. ) ;
#2549 = ORIENTED_EDGE ( 'NONE', *, *, #1755, .F. ) ;
#2550 = B_SPLINE_CURVE_WITH_KNOTS ( 'NONE', 3,
 ( #3209, #1469, #407, #901, #2346, #75, #2026, #1513, #3188, #1827, #959, #3151, #1788, #93, #2895, #369, #2873, #2677 ),
 .UNSPECIFIED., .F., .F.,
 ( 4, 2, 2, 2, 2, 2, 2, 2, 4 ),
 ( 0.003131918686235969120, 0.003523310662250258522, 0.003914702638264547924, 0.004306094614278838627, 0.004697486590293129330, 0.005088878566307419166, 0.005480270542321709869, 0.005871662518336000572, 0.006263054494350291275 ),
 .UNSPECIFIED. ) ;
#2551 = ADVANCED_FACE ( 'NONE', ( #2438 ), #422, .F. ) ;
#2552 = PLANE ( 'NONE',  #45 ) ;
#2553 = DIRECTION ( 'NONE',  ( -0.000000000000000000, 1.000000000000000000, -0.000000000000000000 ) ) ;
#2554 = LINE ( 'NONE', #37, #3410 ) ;
#2555 = DIRECTION ( 'NONE',  ( 0.000000000000000000, 0.000000000000000000, 1.000000000000000000 ) ) ;
#2556 = CARTESIAN_POINT ( 'NONE',  ( -2.500000000000000000, -7.299999999999999822, -2.250000000000000888 ) ) ;
#2557 = CARTESIAN_POINT ( 'NONE',  ( -5.000000000000003553, 18.00000000000000355, 10.75000000000000000 ) ) ;
#2558 = PLANE ( 'NONE',  #1613 ) ;
#2559 = EDGE_CURVE ( 'NONE', #2127, #3147, #2140, .T. ) ;
#2560 = PLANE ( 'NONE',  #3617 ) ;
#2561 = VERTEX_POINT ( 'NONE', #1096 ) ;
#2562 = VERTEX_POINT ( 'NONE', #1010 ) ;
#2563 = ORIENTED_EDGE ( 'NONE', *, *, #228, .T. ) ;
#2564 = DIRECTION ( 'NONE',  ( 3.566536934050437414E-32, -3.083952846180990774E-16, -1.000000000000000000 ) ) ;
#2565 = LINE ( 'NONE', #296, #2877 ) ;
#2566 = VECTOR ( 'NONE', #470, 1000.000000000000000 ) ;
#2567 = CARTESIAN_POINT ( 'NONE',  ( -4.640516571639679455, 3.803707615835719036, -0.9877096216406818785 ) ) ;
#2568 = DIRECTION ( 'NONE',  ( -1.000000000000000000, 0.000000000000000000, 0.000000000000000000 ) ) ;
#2569 = AXIS2_PLACEMENT_3D ( 'NONE', #1918, #1889, #788 ) ;
#2570 = DIRECTION ( 'NONE',  ( 0.4999999999999987232, 0.8660254037844393737, 0.000000000000000000 ) ) ;
#2571 = EDGE_CURVE ( 'NONE', #3195, #554, #1312, .T. ) ;
#2572 = CARTESIAN_POINT ( 'NONE',  ( 7.500000000000000000, -7.500000000000000000, -9.750000000000000000 ) ) ;
#2573 = DIRECTION ( 'NONE',  ( -1.000000000000000000, -0.000000000000000000, -0.000000000000000000 ) ) ;
#2574 = DIRECTION ( 'NONE',  ( 1.387778780781445873E-15, 1.000000000000000000, -0.000000000000000000 ) ) ;
#2575 = CARTESIAN_POINT ( 'NONE',  ( 4.862515393072875725, 3.516352886737362127, -0.4497778261612085382 ) ) ;
#2576 = ORIENTED_EDGE ( 'NONE', *, *, #2221, .F. ) ;
#2577 = ORIENTED_EDGE ( 'NONE', *, *, #2048, .F. ) ;
#2578 = VERTEX_POINT ( 'NONE', #1034 ) ;
#2579 = PLANE ( 'NONE',  #3023 ) ;
#2580 = EDGE_CURVE ( 'NONE', #723, #2547, #2220, .T. ) ;
#2581 = CARTESIAN_POINT ( 'NONE',  ( -2.461343243242199996, 5.473840684354001063, 4.484846671480208435 ) ) ;
#2582 = CARTESIAN_POINT ( 'NONE',  ( -4.623475382979808757, 3.824065295334236669, -1.249999999999999334 ) ) ;
#2583 = DIRECTION ( 'NONE',  ( 0.000000000000000000, 0.000000000000000000, 1.000000000000000000 ) ) ;
#2584 = FACE_OUTER_BOUND ( 'NONE', #757, .T. ) ;
#2585 = FACE_OUTER_BOUND ( 'NONE', #1955, .T. ) ;
#2586 = VERTEX_POINT ( 'NONE', #731 ) ;
#2587 = CYLINDRICAL_SURFACE ( 'NONE', #482, 1.600000000000000755 ) ;
#2588 = AXIS2_PLACEMENT_3D ( 'NONE', #152, #618, #2044 ) ;
#2589 = CARTESIAN_POINT ( 'NONE',  ( -7.500000000000000000, 8.000000000000000000, 27.75000000000000355 ) ) ;
#2590 = CARTESIAN_POINT ( 'NONE',  ( -1.500000000000000000, 18.00000000000000000, 5.348076211353304465 ) ) ;
#2591 = EDGE_LOOP ( 'NONE', ( #31, #3323, #2614, #3260 ) ) ;
#2592 = VECTOR ( 'NONE', #207, 1000.000000000000000 ) ;
#2593 = ORIENTED_EDGE ( 'NONE', *, *, #376, .T. ) ;
#2594 = CIRCLE ( 'NONE', #1128, 6.000000000000000888 ) ;
#2595 = ORIENTED_EDGE ( 'NONE', *, *, #1509, .F. ) ;
#2596 = PLANE ( 'NONE',  #2666 ) ;
#2597 = CARTESIAN_POINT ( 'NONE',  ( 7.500000000000000000, -2.499999999999999112, 10.75000000000000178 ) ) ;
#2598 = DIRECTION ( 'NONE',  ( 1.156482317317871478E-16, -1.000000000000000000, -0.000000000000000000 ) ) ;
#2599 = AXIS2_PLACEMENT_3D ( 'NONE', #81, #1186, #2353 ) ;
#2600 = AXIS2_PLACEMENT_3D ( 'NONE', #1491, #2839, #33 ) ;
#2601 = LINE ( 'NONE', #2329, #1284 ) ;
#2602 = EDGE_CURVE ( 'NONE', #1601, #2717, #247, .T. ) ;
#2603 = CARTESIAN_POINT ( 'NONE',  ( -5.623475382979804316, 2.092014487765356368, -1.249999999999999112 ) ) ;
#2604 = CARTESIAN_POINT ( 'NONE',  ( -7.499999999999998224, -7.500000000000000000, 21.75000000000000355 ) ) ;
#2605 = AXIS2_PLACEMENT_3D ( 'NONE', #573, #3105, #1705 ) ;
#2606 = CARTESIAN_POINT ( 'NONE',  ( -5.000000000000006217, 15.00000000000000711, 25.25000000000000355 ) ) ;
#2607 = EDGE_CURVE ( 'NONE', #1465, #2998, #1550, .T. ) ;
#2608 = DIRECTION ( 'NONE',  ( 1.000000000000000000, 1.734723475976808080E-16, -0.000000000000000000 ) ) ;
#2609 = ORIENTED_EDGE ( 'NONE', *, *, #1497, .T. ) ;
#2610 = CARTESIAN_POINT ( 'NONE',  ( 7.500000000000004441, 18.00000000000000711, 20.25000000000000355 ) ) ;
#2611 = EDGE_CURVE ( 'NONE', #2447, #3587, #3185, .T. ) ;
#2612 = DIRECTION ( 'NONE',  ( 0.000000000000000000, 0.000000000000000000, 1.000000000000000000 ) ) ;
#2613 = DIRECTION ( 'NONE',  ( 0.000000000000000000, 0.000000000000000000, 1.000000000000000000 ) ) ;
#2614 = ORIENTED_EDGE ( 'NONE', *, *, #801, .F. ) ;
#2615 = ORIENTED_EDGE ( 'NONE', *, *, #998, .T. ) ;
#2616 = VERTEX_POINT ( 'NONE', #2399 ) ;
#2617 = CARTESIAN_POINT ( 'NONE',  ( 7.500000000000003553, -4.499999999999998224, 10.75000000000000000 ) ) ;
#2618 = CARTESIAN_POINT ( 'NONE',  ( -7.500000000000000000, -5.500000000000001776, -9.750000000000001776 ) ) ;
#2619 = DIRECTION ( 'NONE',  ( -1.000000000000000000, -1.156482317317871478E-16, -0.000000000000000000 ) ) ;
#2620 = FACE_BOUND ( 'NONE', #3299, .T. ) ;
#2621 = ORIENTED_EDGE ( 'NONE', *, *, #1246, .F. ) ;
#2622 = ORIENTED_EDGE ( 'NONE', *, *, #363, .T. ) ;
#2623 = DIRECTION ( 'NONE',  ( 0.000000000000000000, 0.000000000000000000, 1.000000000000000000 ) ) ;
#2624 = FACE_BOUND ( 'NONE', #3563, .T. ) ;
#2625 = ORIENTED_EDGE ( 'NONE', *, *, #1161, .F. ) ;
#2626 = CIRCLE ( 'NONE', #2334, 6.000000000000000888 ) ;
#2627 = CARTESIAN_POINT ( 'NONE',  ( 6.000000000000000888, 0.000000000000000000, 13.75000000000000000 ) ) ;
#2628 = ORIENTED_EDGE ( 'NONE', *, *, #909, .T. ) ;
#2629 = CARTESIAN_POINT ( 'NONE',  ( 7.500000000000000888, 5.484827557301420242, 9.050000000000000711 ) ) ;
#2630 = CARTESIAN_POINT ( 'NONE',  ( 5.000000000000000888, 8.000000000000003553, 13.75000000000000000 ) ) ;
#2631 = CARTESIAN_POINT ( 'NONE',  ( 5.614174886797631991, 2.117451801477854723, -1.513826032055953341 ) ) ;
#2632 = VERTEX_POINT ( 'NONE', #3511 ) ;
#2633 = ORIENTED_EDGE ( 'NONE', *, *, #397, .T. ) ;
#2634 = ORIENTED_EDGE ( 'NONE', *, *, #2678, .T. ) ;
#2635 = FACE_OUTER_BOUND ( 'NONE', #2232, .T. ) ;
#2636 = CARTESIAN_POINT ( 'NONE',  ( -1.500000000000001776, 15.00000000000000711, 23.65000000000000568 ) ) ;
#2637 = LINE ( 'NONE', #657, #2954 ) ;
#2638 = EDGE_CURVE ( 'NONE', #1059, #487, #164, .T. ) ;
#2639 = CARTESIAN_POINT ( 'NONE',  ( 1.500000000000000000, 18.00000000000000000, 27.75000000000000355 ) ) ;
#2640 = ORIENTED_EDGE ( 'NONE', *, *, #2866, .T. ) ;
#2641 = ORIENTED_EDGE ( 'NONE', *, *, #1844, .F. ) ;
#2642 = CARTESIAN_POINT ( 'NONE',  ( -1.500000000000000666, 5.809475019311125976, -9.750000000000000000 ) ) ;
#2643 = PLANE ( 'NONE',  #1757 ) ;
#2644 = ORIENTED_EDGE ( 'NONE', *, *, #2607, .T. ) ;
#2645 = CARTESIAN_POINT ( 'NONE',  ( 7.500000000000003553, -4.499999999999999112, 13.75000000000000178 ) ) ;
#2646 = EDGE_CURVE ( 'NONE', #2398, #1964, #351, .T. ) ;
#2647 = VERTEX_POINT ( 'NONE', #319 ) ;
#2648 = FACE_OUTER_BOUND ( 'NONE', #72, .T. ) ;
#2649 = DIRECTION ( 'NONE',  ( 0.000000000000000000, 0.000000000000000000, 1.000000000000000000 ) ) ;
#2650 = CARTESIAN_POINT ( 'NONE',  ( 5.261927839574757293, 2.886100173338929320, -2.250079611744764119 ) ) ;
#2651 = ORIENTED_EDGE ( 'NONE', *, *, #786, .F. ) ;
#2652 = ORIENTED_EDGE ( 'NONE', *, *, #3645, .F. ) ;
#2653 = ORIENTED_EDGE ( 'NONE', *, *, #854, .F. ) ;
#2654 = DIRECTION ( 'NONE',  ( -1.734723475976807094E-16, 0.000000000000000000, 1.000000000000000000 ) ) ;
#2655 = CARTESIAN_POINT ( 'NONE',  ( 0.000000000000000000, 0.000000000000000000, -9.750000000000000000 ) ) ;
#2656 = CARTESIAN_POINT ( 'NONE',  ( 7.500000000000003553, -4.499999999999998224, 10.75000000000000000 ) ) ;
#2657 = CARTESIAN_POINT ( 'NONE',  ( -7.499999999999998224, 5.484827557301419354, 9.050000000000000711 ) ) ;
#2658 = VECTOR ( 'NONE', #753, 1000.000000000000000 ) ;
#2659 = AXIS2_PLACEMENT_3D ( 'NONE', #2618, #2366, #150 ) ;
#2660 = VERTEX_POINT ( 'NONE', #883 ) ;
#2661 = ORIENTED_EDGE ( 'NONE', *, *, #126, .T. ) ;
#2662 = LINE ( 'NONE', #682, #1896 ) ;
#2663 = EDGE_CURVE ( 'NONE', #761, #2305, #2532, .T. ) ;
#2664 = CIRCLE ( 'NONE', #537, 1.600000000000000755 ) ;
#2665 = DIRECTION ( 'NONE',  ( 1.000000000000000000, 1.734723475976808080E-16, -0.000000000000000000 ) ) ;
#2666 = AXIS2_PLACEMENT_3D ( 'NONE', #315, #900, #2913 ) ;
#2667 = ADVANCED_FACE ( 'NONE', ( #1720 ), #1, .F. ) ;
#2668 = DIRECTION ( 'NONE',  ( 1.000000000000000000, 1.734723475976808080E-16, -0.000000000000000000 ) ) ;
#2669 = LINE ( 'NONE', #3509, #302 ) ;
#2670 = VERTEX_POINT ( 'NONE', #2807 ) ;
#2671 = CARTESIAN_POINT ( 'NONE',  ( 1.499999999999999556, 15.00000000000000178, 16.75000000000000000 ) ) ;
#2672 = DIRECTION ( 'NONE',  ( -1.000000000000000000, -1.156482317317871478E-16, -0.000000000000000000 ) ) ;
#2673 = DIRECTION ( 'NONE',  ( -0.8660254037844397068, -0.4999999999999978906, 0.000000000000000000 ) ) ;
#2674 = VERTEX_POINT ( 'NONE', #2843 ) ;
#2675 = ORIENTED_EDGE ( 'NONE', *, *, #601, .F. ) ;
#2676 = CARTESIAN_POINT ( 'NONE',  ( -5.000000000000002665, 8.000000000000000000, 27.75000000000000355 ) ) ;
#2677 = CARTESIAN_POINT ( 'NONE',  ( -4.623475382979808757, 3.824065295334236669, -1.249999999999999334 ) ) ;
#2678 = EDGE_CURVE ( 'NONE', #2945, #3362, #2314, .T. ) ;
#2679 = CARTESIAN_POINT ( 'NONE',  ( 7.500000000000003553, -4.499999999999999112, 13.75000000000000178 ) ) ;
#2680 = CARTESIAN_POINT ( 'NONE',  ( 0.000000000000000000, 0.000000000000000000, 10.75000000000000000 ) ) ;
#2681 = ORIENTED_EDGE ( 'NONE', *, *, #1407, .T. ) ;
#2682 = ORIENTED_EDGE ( 'NONE', *, *, #1422, .T. ) ;
#2683 = CARTESIAN_POINT ( 'NONE',  ( -7.500000000000000000, -2.500000000000000888, -9.750000000000001776 ) ) ;
#2684 = DIRECTION ( 'NONE',  ( -1.000000000000000000, -0.000000000000000000, -0.000000000000000000 ) ) ;
#2685 = VERTEX_POINT ( 'NONE', #2013 ) ;
#2686 = DIRECTION ( 'NONE',  ( -0.000000000000000000, 0.000000000000000000, -1.000000000000000000 ) ) ;
#2687 = EDGE_CURVE ( 'NONE', #1989, #765, #1978, .T. ) ;
#2688 = AXIS2_PLACEMENT_3D ( 'NONE', #611, #1744, #2383 ) ;
#2689 = ORIENTED_EDGE ( 'NONE', *, *, #1688, .T. ) ;
#2690 = DIRECTION ( 'NONE',  ( 0.000000000000000000, 1.000000000000000000, 0.000000000000000000 ) ) ;
#2691 = CARTESIAN_POINT ( 'NONE',  ( -5.000000000000002665, 8.000000000000000000, 10.75000000000000000 ) ) ;
#2692 = CARTESIAN_POINT ( 'NONE',  ( -5.000000000000002665, 15.00000000000000355, 9.850000000000001421 ) ) ;
#2693 = EDGE_LOOP ( 'NONE', ( #2563, #2622, #1781, #3641, #108, #877, #664, #3078, #3399, #101 ) ) ;
#2694 = ORIENTED_EDGE ( 'NONE', *, *, #744, .F. ) ;
#2695 = CARTESIAN_POINT ( 'NONE',  ( -5.000000000000002665, 17.99999999999999645, -9.750000000000000000 ) ) ;
#2696 = CARTESIAN_POINT ( 'NONE',  ( 2.723604765236090852, 5.348188429882250183, 1.465523212594614710 ) ) ;
#2697 = FACE_OUTER_BOUND ( 'NONE', #3142, .T. ) ;
#2698 = DIRECTION ( 'NONE',  ( 0.000000000000000000, 0.000000000000000000, 1.000000000000000000 ) ) ;
#2699 = ORIENTED_EDGE ( 'NONE', *, *, #3440, .F. ) ;
#2700 = ORIENTED_EDGE ( 'NONE', *, *, #1755, .T. ) ;
#2701 = EDGE_CURVE ( 'NONE', #2354, #412, #483, .T. ) ;
#2702 = FACE_OUTER_BOUND ( 'NONE', #2969, .T. ) ;
#2703 = VERTEX_POINT ( 'NONE', #604 ) ;
#2704 = CARTESIAN_POINT ( 'NONE',  ( -6.200000000000000178, -2.500000000000000444, -9.750000000000001776 ) ) ;
#2705 = ORIENTED_EDGE ( 'NONE', *, *, #2111, .T. ) ;
#2706 = DIRECTION ( 'NONE',  ( -1.000000000000000000, 1.776356839400250267E-15, 0.000000000000000000 ) ) ;
#2707 = EDGE_CURVE ( 'NONE', #273, #1142, #3374, .T. ) ;
#2708 = CARTESIAN_POINT ( 'NONE',  ( 4.926890059620190776, 3.426442560336368182, 9.923647046844230601 ) ) ;
#2709 = DIRECTION ( 'NONE',  ( -1.000000000000000000, 3.336006684570784088E-16, -1.385462424381131693E-31 ) ) ;
#2710 = EDGE_LOOP ( 'NONE', ( #1415, #1027, #174, #2863 ) ) ;
#2711 = CARTESIAN_POINT ( 'NONE',  ( 7.500000000000000000, -5.500000000000000000, -9.750000000000001776 ) ) ;
#2712 = CARTESIAN_POINT ( 'NONE',  ( 1.936539935486214059, 5.682239383466489713, 0.4443020811596529174 ) ) ;
#2713 = EDGE_CURVE ( 'NONE', #2479, #405, #586, .T. ) ;
#2714 = CARTESIAN_POINT ( 'NONE',  ( 5.000000000000000888, 8.000000000000003553, 21.25000000000000355 ) ) ;
#2715 = DIRECTION ( 'NONE',  ( -0.000000000000000000, -0.000000000000000000, 1.000000000000000000 ) ) ;
#2716 = ORIENTED_EDGE ( 'NONE', *, *, #3512, .F. ) ;
#2717 = VERTEX_POINT ( 'NONE', #1442 ) ;
#2718 = VECTOR ( 'NONE', #1671, 1000.000000000000000 ) ;
#2719 = EDGE_CURVE ( 'NONE', #581, #114, #1543, .T. ) ;
#2720 = ORIENTED_EDGE ( 'NONE', *, *, #1683, .T. ) ;
#2721 = VECTOR ( 'NONE', #462, 1000.000000000000000 ) ;
#2722 = EDGE_CURVE ( 'NONE', #2819, #740, #644, .T. ) ;
#2723 = VECTOR ( 'NONE', #3002, 1000.000000000000000 ) ;
#2724 = LINE ( 'NONE', #1603, #3474 ) ;
#2725 = AXIS2_PLACEMENT_3D ( 'NONE', #3538, #3518, #171 ) ;
#2726 = VERTEX_POINT ( 'NONE', #2822 ) ;
#2727 = CARTESIAN_POINT ( 'NONE',  ( 5.130996831873980035, 3.112869233962553661, 10.05004932073312318 ) ) ;
#2728 = CARTESIAN_POINT ( 'NONE',  ( 2.500000000000000888, -7.299999999999999822, -2.250000000000000444 ) ) ;
#2729 = ORIENTED_EDGE ( 'NONE', *, *, #507, .F. ) ;
#2730 = CARTESIAN_POINT ( 'NONE',  ( 1.499999999999998224, 18.00000000000000000, 0.1519237886466939524 ) ) ;
#2731 = CARTESIAN_POINT ( 'NONE',  ( 5.999999999999999112, 0.000000000000000000, 27.75000000000000355 ) ) ;
#2732 = DIRECTION ( 'NONE',  ( 0.000000000000000000, -1.000000000000000000, 0.000000000000000000 ) ) ;
#2733 = LINE ( 'NONE', #2150, #1150 ) ;
#2734 = ADVANCED_FACE ( 'NONE', ( #867 ), #2880, .F. ) ;
#2735 = EDGE_LOOP ( 'NONE', ( #471, #3014, #531, #130 ) ) ;
#2736 = ORIENTED_EDGE ( 'NONE', *, *, #601, .T. ) ;
#2737 = ORIENTED_EDGE ( 'NONE', *, *, #372, .F. ) ;
#2738 = EDGE_CURVE ( 'NONE', #3328, #1059, #2554, .T. ) ;
#2739 = CARTESIAN_POINT ( 'NONE',  ( -7.500000000000000000, -5.500000000000001776, -9.750000000000001776 ) ) ;
#2740 = ORIENTED_EDGE ( 'NONE', *, *, #238, .T. ) ;
#2741 = ADVANCED_FACE ( 'NONE', ( #332, #1457 ), #3082, .T. ) ;
#2742 = DIRECTION ( 'NONE',  ( 1.000000000000000000, 0.000000000000000000, 0.000000000000000000 ) ) ;
#2743 = VECTOR ( 'NONE', #2419, 1000.000000000000000 ) ;
#2744 = LINE ( 'NONE', #2973, #1576 ) ;
#2745 = VERTEX_POINT ( 'NONE', #283 ) ;
#2746 = FILL_AREA_STYLE_COLOUR ( '', #1023 ) ;
#2747 = FACE_OUTER_BOUND ( 'NONE', #759, .T. ) ;
#2748 = AXIS2_PLACEMENT_3D ( 'NONE', #349, #2938, #3251 ) ;
#2749 = LINE ( 'NONE', #1302, #2658 ) ;
#2750 = DIRECTION ( 'NONE',  ( 0.000000000000000000, 0.000000000000000000, 1.000000000000000000 ) ) ;
#2751 = ORIENTED_EDGE ( 'NONE', *, *, #1892, .T. ) ;
#2752 = ORIENTED_EDGE ( 'NONE', *, *, #1592, .T. ) ;
#2753 = EDGE_CURVE ( 'NONE', #687, #137, #1183, .T. ) ;
#2754 = ORIENTED_EDGE ( 'NONE', *, *, #1935, .F. ) ;
#2755 = FACE_OUTER_BOUND ( 'NONE', #1237, .T. ) ;
#2756 = AXIS2_PLACEMENT_3D ( 'NONE', #1162, #3627, #826 ) ;
#2757 = CARTESIAN_POINT ( 'NONE',  ( -7.499999999999997335, 3.175426480542917762, -1.249999999999999112 ) ) ;
#2758 = EDGE_CURVE ( 'NONE', #3584, #412, #1132, .T. ) ;
#2759 = CARTESIAN_POINT ( 'NONE',  ( -3.968626966596890515, -4.499999999999998224, 21.25000000000000711 ) ) ;
#2760 = ORIENTED_EDGE ( 'NONE', *, *, #3324, .T. ) ;
#2761 = CARTESIAN_POINT ( 'NONE',  ( 7.500000000000000888, 3.175426480542919982, -1.249999999999999334 ) ) ;
#2762 = PLANE ( 'NONE',  #2725 ) ;
#2763 = CARTESIAN_POINT ( 'NONE',  ( 7.500000000000007105, -4.499999999999996447, 20.25000000000000711 ) ) ;
#2764 = CARTESIAN_POINT ( 'NONE',  ( 0.000000000000000000, 0.000000000000000000, -9.750000000000000000 ) ) ;
#2765 = EDGE_LOOP ( 'NONE', ( #837, #3178 ) ) ;
#2766 = ORIENTED_EDGE ( 'NONE', *, *, #2884, .T. ) ;
#2767 = VECTOR ( 'NONE', #1998, 1000.000000000000227 ) ;
#2768 = ADVANCED_FACE ( 'NONE', ( #3389 ), #1995, .F. ) ;
#2769 = DIRECTION ( 'NONE',  ( 8.881784197001251337E-16, -1.000000000000000000, 5.782411586589355667E-16 ) ) ;
#2770 = VECTOR ( 'NONE', #697, 1000.000000000000000 ) ;
#2771 = DIRECTION ( 'NONE',  ( 0.000000000000000000, 0.000000000000000000, 1.000000000000000000 ) ) ;
#2772 = AXIS2_PLACEMENT_3D ( 'NONE', #2502, #2988, #1649 ) ;
#2773 = AXIS2_PLACEMENT_3D ( 'NONE', #97, #457, #2070 ) ;
#2774 = ADVANCED_FACE ( 'NONE', ( #2702, #116, #3505 ), #923, .F. ) ;
#2775 = AXIS2_PLACEMENT_3D ( 'NONE', #3119, #2294, #1735 ) ;
#2776 = VECTOR ( 'NONE', #1614, 1000.000000000000000 ) ;
#2777 = CARTESIAN_POINT ( 'NONE',  ( 7.500000000000000888, 18.00000000000000355, 10.75000000000000000 ) ) ;
#2778 = LINE ( 'NONE', #255, #1583 ) ;
#2779 = ORIENTED_EDGE ( 'NONE', *, *, #849, .F. ) ;
#2780 = DIRECTION ( 'NONE',  ( 1.000000000000000000, 0.000000000000000000, 0.000000000000000000 ) ) ;
#2781 = AXIS2_PLACEMENT_3D ( 'NONE', #748, #1295, #3554 ) ;
#2782 = DIRECTION ( 'NONE',  ( 0.000000000000000000, 1.000000000000000000, 0.000000000000000000 ) ) ;
#2783 = CARTESIAN_POINT ( 'NONE',  ( 5.000000000000000888, 8.000000000000003553, -9.750000000000000000 ) ) ;
#2784 = CARTESIAN_POINT ( 'NONE',  ( -7.499999999999997335, 3.175426480542917762, 9.050000000000000711 ) ) ;
#2785 = ORIENTED_EDGE ( 'NONE', *, *, #3156, .F. ) ;
#2786 = ORIENTED_EDGE ( 'NONE', *, *, #2139, .T. ) ;
#2787 = ADVANCED_FACE ( 'NONE', ( #2393, #985 ), #1003, .T. ) ;
#2788 = UNCERTAINTY_MEASURE_WITH_UNIT (LENGTH_MEASURE( 1.000000000000000082E-05 ), #1139, 'distance_accuracy_value', 'NONE');
#2789 = CARTESIAN_POINT ( 'NONE',  ( -2.858581274718201559, 5.275423511618438255, 1.830279190554650048 ) ) ;
#2790 = DIRECTION ( 'NONE',  ( -1.000000000000000000, -0.000000000000000000, -0.000000000000000000 ) ) ;
#2791 = DIRECTION ( 'NONE',  ( 0.000000000000000000, 0.000000000000000000, 1.000000000000000000 ) ) ;
#2792 = CARTESIAN_POINT ( 'NONE',  ( 1.500000000000000000, 5.809475019311125976, -9.750000000000000000 ) ) ;
#2793 = EDGE_CURVE ( 'NONE', #494, #2177, #3234, .T. ) ;
#2794 = DIRECTION ( 'NONE',  ( -1.000000000000000000, 0.000000000000000000, 0.000000000000000000 ) ) ;
#2795 = EDGE_LOOP ( 'NONE', ( #1878, #3624 ) ) ;
#2796 = DIRECTION ( 'NONE',  ( 0.000000000000000000, 1.000000000000000000, 0.000000000000000000 ) ) ;
#2797 = DIRECTION ( 'NONE',  ( -0.8660254037844397068, -0.4999999999999978906, 0.000000000000000000 ) ) ;
#2798 = PLANE ( 'NONE',  #2826 ) ;
#2799 = CARTESIAN_POINT ( 'NONE',  ( 7.500000000000003553, -4.499999999999999112, 13.75000000000000178 ) ) ;
#2800 = ORIENTED_EDGE ( 'NONE', *, *, #2611, .T. ) ;
#2801 = ORIENTED_EDGE ( 'NONE', *, *, #1140, .F. ) ;
#2802 = ORIENTED_EDGE ( 'NONE', *, *, #960, .T. ) ;
#2803 = AXIS2_PLACEMENT_3D ( 'NONE', #3327, #2794, #796 ) ;
#2804 = LINE ( 'NONE', #568, #810 ) ;
#2805 = EDGE_CURVE ( 'NONE', #2632, #279, #2537, .T. ) ;
#2806 = DIRECTION ( 'NONE',  ( 8.673617379884034239E-17, -0.000000000000000000, -1.000000000000000000 ) ) ;
#2807 = CARTESIAN_POINT ( 'NONE',  ( 6.200000000000000178, -2.499999999999998668, 21.25000000000000711 ) ) ;
#2808 = DIRECTION ( 'NONE',  ( 0.000000000000000000, 0.000000000000000000, 1.000000000000000000 ) ) ;
#2809 = CARTESIAN_POINT ( 'NONE',  ( -7.500000000000000000, -5.500000000000001776, 27.75000000000000355 ) ) ;
#2810 = CARTESIAN_POINT ( 'NONE',  ( -4.623475382979809645, 3.824065295334237558, 8.917639214160892891 ) ) ;
#2811 = ORIENTED_EDGE ( 'NONE', *, *, #3525, .F. ) ;
#2812 = DIRECTION ( 'NONE',  ( 1.000000000000000000, 1.204669080539449344E-16, -0.000000000000000000 ) ) ;
#2813 = LINE ( 'NONE', #547, #490 ) ;
#2814 = EDGE_CURVE ( 'NONE', #3254, #404, #2129, .T. ) ;
#2815 = FACE_BOUND ( 'NONE', #3551, .T. ) ;
#2816 = LINE ( 'NONE', #2250, #3037 ) ;
#2817 = ORIENTED_EDGE ( 'NONE', *, *, #2111, .F. ) ;
#2818 = ORIENTED_EDGE ( 'NONE', *, *, #1084, .F. ) ;
#2819 = VERTEX_POINT ( 'NONE', #725 ) ;
#2820 = CARTESIAN_POINT ( 'NONE',  ( 7.500000000000000888, 3.175426480542919982, -1.249999999999999334 ) ) ;
#2821 = CARTESIAN_POINT ( 'NONE',  ( 0.000000000000000000, 0.000000000000000000, 27.75000000000000355 ) ) ;
#2822 = CARTESIAN_POINT ( 'NONE',  ( -7.500000000000000000, 8.000000000000000000, 27.75000000000000355 ) ) ;
#2823 = DIRECTION ( 'NONE',  ( 0.000000000000000000, -0.000000000000000000, 1.000000000000000000 ) ) ;
#2824 = ADVANCED_FACE ( 'NONE', ( #3462 ), #1496, .F. ) ;
#2825 = LINE ( 'NONE', #306, #3247 ) ;
#2826 = AXIS2_PLACEMENT_3D ( 'NONE', #2783, #2574, #2229 ) ;
#2827 = CARTESIAN_POINT ( 'NONE',  ( -5.000000000000002665, 15.00000000000000355, 8.250000000000000000 ) ) ;
#2828 = ORIENTED_EDGE ( 'NONE', *, *, #607, .T. ) ;
#2829 = CARTESIAN_POINT ( 'NONE',  ( -1.500000000000001776, 15.00000000000000178, 15.15000000000000391 ) ) ;
#2830 = CIRCLE ( 'NONE', #1188, 5.999999999999999112 ) ;
#2831 = AXIS2_PLACEMENT_3D ( 'NONE', #1871, #1644, #3040 ) ;
#2832 = EDGE_CURVE ( 'NONE', #1033, #1092, #701, .T. ) ;
#2833 = FACE_OUTER_BOUND ( 'NONE', #3623, .T. ) ;
#2834 = CIRCLE ( 'NONE', #3482, 1.599999999999995426 ) ;
#2835 = AXIS2_PLACEMENT_3D ( 'NONE', #977, #2104, #149 ) ;
#2836 = ORIENTED_EDGE ( 'NONE', *, *, #1498, .T. ) ;
#2837 = ORIENTED_EDGE ( 'NONE', *, *, #558, .T. ) ;
#2838 = ORIENTED_EDGE ( 'NONE', *, *, #2291, .T. ) ;
#2839 = DIRECTION ( 'NONE',  ( -1.000000000000000000, -0.000000000000000000, -0.000000000000000000 ) ) ;
#2840 = EDGE_CURVE ( 'NONE', #2959, #378, #1518, .T. ) ;
#2841 = CARTESIAN_POINT ( 'NONE',  ( -1.932211469086429600, 5.683725063533112021, 0.4406660706803808281 ) ) ;
#2842 = PLANE ( 'NONE',  #177 ) ;
#2843 = CARTESIAN_POINT ( 'NONE',  ( -7.499999999999998224, -7.500000000000000000, 21.75000000000000355 ) ) ;
#2844 = CARTESIAN_POINT ( 'NONE',  ( 5.000000000000000888, 8.000000000000003553, -9.750000000000000000 ) ) ;
#2845 = B_SPLINE_CURVE_WITH_KNOTS ( 'NONE', 3,
 ( #1111, #1957, #2841, #2855, #265, #317, #806, #1936, #2789, #1667, #3060, #1384, #2235, #2045, #1494, #2581, #371, #1242, #3484, #410 ),
 .UNSPECIFIED., .F., .F.,
 ( 4, 2, 2, 2, 2, 2, 2, 2, 2, 4 ),
 ( 0.000000000000000000, 0.0007977365441685358143, 0.001595473088337071629, 0.001994341360421339211, 0.002393209632505607660, 0.003190946176674142390, 0.003988682720842677554, 0.004786419265011212718, 0.005584155809179749616, 0.006381892353348284780 ),
 .UNSPECIFIED. ) ;
#2846 = CARTESIAN_POINT ( 'NONE',  ( -7.499999999999998224, 7.999999999999996447, 10.75000000000000000 ) ) ;
#2847 = EDGE_CURVE ( 'NONE', #1610, #2318, #2961, .T. ) ;
#2848 = CARTESIAN_POINT ( 'NONE',  ( -7.499999999999998224, 5.484827557301419354, -1.249999999999999334 ) ) ;
#2849 = FILL_AREA_STYLE ('',( #310 ) ) ;
#2850 = CARTESIAN_POINT ( 'NONE',  ( 4.623475382979809645, 3.824065295334236669, -1.249999999999999112 ) ) ;
#2851 = ORIENTED_EDGE ( 'NONE', *, *, #2504, .F. ) ;
#2852 = ORIENTED_EDGE ( 'NONE', *, *, #67, .F. ) ;
#2853 = ORIENTED_EDGE ( 'NONE', *, *, #1898, .T. ) ;
#2854 = PLANE ( 'NONE',  #539 ) ;
#2855 = CARTESIAN_POINT ( 'NONE',  ( -2.297880571148146256, 5.545982026642664486, 0.8041816017120716475 ) ) ;
#2856 = AXIS2_PLACEMENT_3D ( 'NONE', #3267, #2119, #713 ) ;
#2857 = DIRECTION ( 'NONE',  ( -1.000000000000000000, 0.000000000000000000, -1.734723475976806848E-16 ) ) ;
#2858 = DIRECTION ( 'NONE',  ( 0.000000000000000000, 1.000000000000000000, 0.000000000000000000 ) ) ;
#2859 = EDGE_CURVE ( 'NONE', #115, #3436, #2662, .T. ) ;
#2860 = VECTOR ( 'NONE', #1991, 1000.000000000000000 ) ;
#2861 = CYLINDRICAL_SURFACE ( 'NONE', #3450, 6.000000000000000888 ) ;
#2862 = FACE_OUTER_BOUND ( 'NONE', #2256, .T. ) ;
#2863 = ORIENTED_EDGE ( 'NONE', *, *, #2323, .T. ) ;
#2864 = CARTESIAN_POINT ( 'NONE',  ( 7.500000000000000888, -7.299999999999999822, -9.750000000000000000 ) ) ;
#2865 = PRODUCT_RELATED_PRODUCT_CATEGORY ( 'part', '', ( #1591 ) ) ;
#2866 = EDGE_CURVE ( 'NONE', #3275, #3489, #1071, .T. ) ;
#2867 = DIRECTION ( 'NONE',  ( -0.000000000000000000, -0.000000000000000000, 1.000000000000000000 ) ) ;
#2868 = DIRECTION ( 'NONE',  ( -1.000000000000000000, -0.000000000000000000, -0.000000000000000000 ) ) ;
#2869 = EDGE_LOOP ( 'NONE', ( #3565, #3619, #455, #1082, #704, #2371, #2836, #2700, #1619, #1510 ) ) ;
#2870 = ORIENTED_EDGE ( 'NONE', *, *, #2413, .F. ) ;
#2871 = ORIENTED_EDGE ( 'NONE', *, *, #577, .T. ) ;
#2872 = DIRECTION ( 'NONE',  ( 0.4999999999999987232, 0.8660254037844393737, 0.000000000000000000 ) ) ;
#2873 = CARTESIAN_POINT ( 'NONE',  ( -4.623475382979806980, 3.824065295334236225, -1.382360785839108708 ) ) ;
#2874 = VECTOR ( 'NONE', #1401, 1000.000000000000000 ) ;
#2875 = EDGE_CURVE ( 'NONE', #3328, #502, #157, .T. ) ;
#2876 = DIRECTION ( 'NONE',  ( 0.8660254037844397068, -0.4999999999999979461, 0.000000000000000000 ) ) ;
#2877 = VECTOR ( 'NONE', #1699, 1000.000000000000000 ) ;
#2878 = CARTESIAN_POINT ( 'NONE',  ( -3.968626966596890515, -4.499999999999998224, -9.750000000000000000 ) ) ;
#2879 = CARTESIAN_POINT ( 'NONE',  ( -4.750963956218456907, 3.665643667583896814, -0.6348061755114881022 ) ) ;
#2880 = PLANE ( 'NONE',  #2370 ) ;
#2881 = CYLINDRICAL_SURFACE ( 'NONE', #755, 1.000000000000000000 ) ;
#2882 = EDGE_CURVE ( 'NONE', #1270, #1260, #357, .T. ) ;
#2883 = DIRECTION ( 'NONE',  ( 1.000000000000000000, -0.000000000000000000, -0.000000000000000000 ) ) ;
#2884 = EDGE_CURVE ( 'NONE', #1038, #2578, #662, .T. ) ;
#2885 = VERTEX_POINT ( 'NONE', #1268 ) ;
#2886 = DIRECTION ( 'NONE',  ( -1.000000000000000000, -1.156482317317871478E-16, -0.000000000000000000 ) ) ;
#2887 = AXIS2_PLACEMENT_3D ( 'NONE', #669, #1803, #2928 ) ;
#2888 = CARTESIAN_POINT ( 'NONE',  ( 0.000000000000000000, 0.000000000000000000, 20.25000000000001066 ) ) ;
#2889 = CARTESIAN_POINT ( 'NONE',  ( 5.430605740617105326, 2.554026677048535365, -0.3762156912973808609 ) ) ;
#2890 = ORIENTED_EDGE ( 'NONE', *, *, #1195, .T. ) ;
#2891 = VECTOR ( 'NONE', #688, 1000.000000000000000 ) ;
#2892 = ORIENTED_EDGE ( 'NONE', *, *, #2239, .F. ) ;
#2893 = ORIENTED_EDGE ( 'NONE', *, *, #1263, .F. ) ;
#2894 = CARTESIAN_POINT ( 'NONE',  ( -1.500000000000002220, 18.00000000000000000, 5.348076211353308018 ) ) ;
#2895 = CARTESIAN_POINT ( 'NONE',  ( -4.704356268519464201, 3.724458872101105822, -1.754289203620198689 ) ) ;
#2896 = EDGE_CURVE ( 'NONE', #2561, #1495, #639, .T. ) ;
#2897 = CARTESIAN_POINT ( 'NONE',  ( 4.999999999999999112, 18.00000000000000000, -9.750000000000000000 ) ) ;
#2898 = AXIS2_PLACEMENT_3D ( 'NONE', #1835, #1004, #2942 ) ;
#2899 = AXIS2_PLACEMENT_3D ( 'NONE', #1929, #3055, #2266 ) ;
#2900 = CARTESIAN_POINT ( 'NONE',  ( -1.500000000000001776, 15.00000000000000355, 6.650000000000001243 ) ) ;
#2901 = VERTEX_POINT ( 'NONE', #1815 ) ;
#2902 = CARTESIAN_POINT ( 'NONE',  ( -6.200000000000000178, -2.500000000000000444, -9.750000000000001776 ) ) ;
#2903 = DIRECTION ( 'NONE',  ( 1.387778780781445873E-15, 1.000000000000000000, -0.000000000000000000 ) ) ;
#2904 = CARTESIAN_POINT ( 'NONE',  ( -2.499999999999999556, -7.299999999999999822, -7.250000000000001776 ) ) ;
#2905 = ORIENTED_EDGE ( 'NONE', *, *, #2335, .F. ) ;
#2906 = CARTESIAN_POINT ( 'NONE',  ( -5.000000000000002665, 8.000000000000000000, 10.75000000000000000 ) ) ;
#2907 = EDGE_CURVE ( 'NONE', #525, #2452, #2919, .T. ) ;
#2908 = CARTESIAN_POINT ( 'NONE',  ( -5.000000000000002665, 15.00000000000000178, -7.249999999999999112 ) ) ;
#2909 = CARTESIAN_POINT ( 'NONE',  ( 5.549890778139961789, 2.281952854192837776, -1.865617326986053870 ) ) ;
#2910 = EDGE_LOOP ( 'NONE', ( #195, #516 ) ) ;
#2911 = VERTEX_POINT ( 'NONE', #965 ) ;
#2912 = ORIENTED_EDGE ( 'NONE', *, *, #873, .F. ) ;
#2913 = DIRECTION ( 'NONE',  ( 1.678764654171103751E-16, -1.000000000000000000, 0.000000000000000000 ) ) ;
#2914 = CARTESIAN_POINT ( 'NONE',  ( -1.500000000000002220, 18.00000000000000000, -9.750000000000000000 ) ) ;
#2915 = CARTESIAN_POINT ( 'NONE',  ( 7.500000000000000000, -5.500000000000000000, -9.750000000000001776 ) ) ;
#2916 = DIRECTION ( 'NONE',  ( -1.000000000000000000, -0.000000000000000000, -0.000000000000000000 ) ) ;
#2917 = VERTEX_POINT ( 'NONE', #2154 ) ;
#2918 = ORIENTED_EDGE ( 'NONE', *, *, #3001, .T. ) ;
#2919 = LINE ( 'NONE', #1245, #2432 ) ;
#2920 = CIRCLE ( 'NONE', #3566, 6.000000000000000888 ) ;
#2921 = EDGE_CURVE ( 'NONE', #1914, #1260, #3546, .T. ) ;
#2922 = CYLINDRICAL_SURFACE ( 'NONE', #2599, 6.000000000000000888 ) ;
#2923 = VERTEX_POINT ( 'NONE', #2429 ) ;
#2924 = VECTOR ( 'NONE', #3351, 1000.000000000000000 ) ;
#2925 = DIRECTION ( 'NONE',  ( -1.000000000000000000, 3.336006684570783101E-16, 0.000000000000000000 ) ) ;
#2926 = ORIENTED_EDGE ( 'NONE', *, *, #3034, .F. ) ;
#2927 = CARTESIAN_POINT ( 'NONE',  ( 7.500000000000000888, 18.00000000000000355, 13.75000000000000178 ) ) ;
#2928 = DIRECTION ( 'NONE',  ( -1.000000000000000000, 0.000000000000000000, 0.000000000000000000 ) ) ;
#2929 = CARTESIAN_POINT ( 'NONE',  ( 5.550022515458453043, 2.281633644757430357, -0.6348061755114881022 ) ) ;
#2930 = ORIENTED_EDGE ( 'NONE', *, *, #1448, .T. ) ;
#2931 = EDGE_CURVE ( 'NONE', #2670, #3574, #1028, .T. ) ;
#2932 = EDGE_LOOP ( 'NONE', ( #2170, #2270, #939, #1884 ) ) ;
#2933 = ORIENTED_EDGE ( 'NONE', *, *, #303, .T. ) ;
#2934 = CARTESIAN_POINT ( 'NONE',  ( 6.200000000000000178, -4.499999999999999112, 13.75000000000000178 ) ) ;
#2935 = FACE_OUTER_BOUND ( 'NONE', #896, .T. ) ;
#2936 = ADVANCED_BREP_SHAPE_REPRESENTATION ( 'S&KHolderV3', ( #2332, #1771 ), #834 ) ;
#2937 = DIRECTION ( 'NONE',  ( 0.000000000000000000, -1.000000000000000000, -0.000000000000000000 ) ) ;
#2938 = DIRECTION ( 'NONE',  ( 0.000000000000000000, 0.000000000000000000, 1.000000000000000000 ) ) ;
#2939 = ORIENTED_EDGE ( 'NONE', *, *, #1621, .F. ) ;
#2940 = ORIENTED_EDGE ( 'NONE', *, *, #3295, .F. ) ;
#2941 = DIRECTION ( 'NONE',  ( -0.000000000000000000, -0.000000000000000000, 1.000000000000000000 ) ) ;
#2942 = DIRECTION ( 'NONE',  ( 0.000000000000000000, -0.000000000000000000, 1.000000000000000000 ) ) ;
#2943 = CARTESIAN_POINT ( 'NONE',  ( 7.500000000000005329, 8.000000000000003553, 20.25000000000000355 ) ) ;
#2944 = DIRECTION ( 'NONE',  ( 0.000000000000000000, 0.000000000000000000, 1.000000000000000000 ) ) ;
#2945 = VERTEX_POINT ( 'NONE', #1558 ) ;
#2946 = ADVANCED_FACE ( 'NONE', ( #3422 ), #1240, .F. ) ;
#2947 = CARTESIAN_POINT ( 'NONE',  ( -6.200000000000001066, -4.499999999999998224, 20.25000000000000711 ) ) ;
#2948 = LINE ( 'NONE', #2589, #2377 ) ;
#2949 = PLANE ( 'NONE',  #850 ) ;
#2950 = ORIENTED_EDGE ( 'NONE', *, *, #1347, .T. ) ;
#2951 = VERTEX_POINT ( 'NONE', #617 ) ;
#2952 = DIRECTION ( 'NONE',  ( -1.000000000000000000, -1.678764654171103751E-16, 0.000000000000000000 ) ) ;
#2953 = CARTESIAN_POINT ( 'NONE',  ( 7.500000000000004441, 18.00000000000000711, 20.25000000000000355 ) ) ;
#2954 = VECTOR ( 'NONE', #677, 1000.000000000000000 ) ;
#2955 = DIRECTION ( 'NONE',  ( 0.000000000000000000, 0.000000000000000000, -1.000000000000000000 ) ) ;
#2956 = CARTESIAN_POINT ( 'NONE',  ( -5.000000000000002665, 8.000000000000000000, -9.750000000000000000 ) ) ;
#2957 = VECTOR ( 'NONE', #2511, 1000.000000000000000 ) ;
#2958 = VECTOR ( 'NONE', #2030, 1000.000000000000000 ) ;
#2959 = VERTEX_POINT ( 'NONE', #3479 ) ;
#2960 = ORIENTED_EDGE ( 'NONE', *, *, #1860, .F. ) ;
#2961 = LINE ( 'NONE', #2642, #3470 ) ;
#2962 = CIRCLE ( 'NONE', #828, 1.599999999999997202 ) ;
#2963 = AXIS2_PLACEMENT_3D ( 'NONE', #258, #2812, #3318 ) ;
#2964 = EDGE_CURVE ( 'NONE', #3201, #465, #2550, .T. ) ;
#2965 = CARTESIAN_POINT ( 'NONE',  ( 4.999999999999999112, 18.00000000000000000, 10.75000000000000000 ) ) ;
#2966 = EDGE_LOOP ( 'NONE', ( #3348, #1698, #3562, #2800 ) ) ;
#2967 = VECTOR ( 'NONE', #1460, 1000.000000000000000 ) ;
#2968 = DIRECTION ( 'NONE',  ( 1.000000000000000000, -5.595882180570345426E-17, 0.000000000000000000 ) ) ;
#2969 = EDGE_LOOP ( 'NONE', ( #3516, #1568, #1461, #2492, #2391, #1691 ) ) ;
#2970 = DIRECTION ( 'NONE',  ( -0.000000000000000000, -0.000000000000000000, 1.000000000000000000 ) ) ;
#2971 = DIRECTION ( 'NONE',  ( 0.000000000000000000, -1.000000000000000000, 1.541976423090495387E-16 ) ) ;
#2972 = EDGE_CURVE ( 'NONE', #1988, #2364, #2309, .T. ) ;
#2973 = CARTESIAN_POINT ( 'NONE',  ( 13.91922863405994448, 6.881569860407162231, -1.249999999999999334 ) ) ;
#2974 = ORIENTED_EDGE ( 'NONE', *, *, #2866, .F. ) ;
#2975 = ORIENTED_EDGE ( 'NONE', *, *, #1844, .T. ) ;
#2976 = CARTESIAN_POINT ( 'NONE',  ( -6.200000000000000178, -2.500000000000000444, -9.750000000000001776 ) ) ;
#2977 = CARTESIAN_POINT ( 'NONE',  ( 2.963051596687679368, 5.217915844452762464, 3.288347769896090345 ) ) ;
#2978 = DIRECTION ( 'NONE',  ( -1.000000000000000000, 0.000000000000000000, 0.000000000000000000 ) ) ;
#2979 = CARTESIAN_POINT ( 'NONE',  ( -5.000000000000006217, 15.00000000000000711, 23.65000000000000568 ) ) ;
#2980 = ORIENTED_EDGE ( 'NONE', *, *, #3525, .T. ) ;
#2981 = ORIENTED_EDGE ( 'NONE', *, *, #839, .F. ) ;
#2982 = DIRECTION ( 'NONE',  ( -1.355252715606884487E-16, 1.000000000000000000, 0.000000000000000000 ) ) ;
#2983 = ORIENTED_EDGE ( 'NONE', *, *, #3403, .F. ) ;
#2984 = ADVANCED_FACE ( 'NONE', ( #656 ), #1492, .T. ) ;
#2985 = CARTESIAN_POINT ( 'NONE',  ( -5.000000000000002665, 15.00000000000000355, 9.849999999999999645 ) ) ;
#2986 = AXIS2_PLACEMENT_3D ( 'NONE', #2455, #3555, #1036 ) ;
#2987 = ORIENTED_EDGE ( 'NONE', *, *, #1582, .F. ) ;
#2988 = DIRECTION ( 'NONE',  ( 0.000000000000000000, 0.000000000000000000, -1.000000000000000000 ) ) ;
#2989 = CARTESIAN_POINT ( 'NONE',  ( 5.623475382979806980, 2.092014487765355923, 9.050000000000000711 ) ) ;
#2990 = CARTESIAN_POINT ( 'NONE',  ( 0.000000000000000000, 0.000000000000000000, 13.75000000000000000 ) ) ;
#2991 = ORIENTED_EDGE ( 'NONE', *, *, #3043, .T. ) ;
#2992 = DIRECTION ( 'NONE',  ( -1.000000000000000000, -0.000000000000000000, -8.673617379884034239E-17 ) ) ;
#2993 = CARTESIAN_POINT ( 'NONE',  ( 2.654344813052514240, 5.381420381303159139, 4.153972322134797501 ) ) ;
#2994 = EDGE_CURVE ( 'NONE', #1729, #32, #346, .T. ) ;
#2995 = CARTESIAN_POINT ( 'NONE',  ( -7.500000000000000000, -2.500000000000000888, -9.750000000000001776 ) ) ;
#2996 = DIRECTION ( 'NONE',  ( 0.000000000000000000, 0.000000000000000000, 1.000000000000000000 ) ) ;
#2997 = EDGE_LOOP ( 'NONE', ( #2890, #3527, #2905, #2362 ) ) ;
#2998 = VERTEX_POINT ( 'NONE', #2597 ) ;
#2999 = ADVANCED_FACE ( 'NONE', ( #2935 ), #696, .F. ) ;
#3000 = ORIENTED_EDGE ( 'NONE', *, *, #3545, .F. ) ;
#3001 = EDGE_CURVE ( 'NONE', #1465, #204, #1531, .T. ) ;
#3002 = DIRECTION ( 'NONE',  ( 1.000000000000000000, 0.000000000000000000, 1.734723475976806848E-16 ) ) ;
#3003 = AXIS2_PLACEMENT_3D ( 'NONE', #3117, #2553, #3137 ) ;
#3004 = ORIENTED_EDGE ( 'NONE', *, *, #11, .F. ) ;
#3005 = CARTESIAN_POINT ( 'NONE',  ( 4.750253107736163827, 3.666590921330023622, 9.663977389430826292 ) ) ;
#3006 = ADVANCED_FACE ( 'NONE', ( #936 ), #2043, .F. ) ;
#3007 = DIRECTION ( 'NONE',  ( 0.000000000000000000, 0.000000000000000000, 1.000000000000000000 ) ) ;
#3008 = ORIENTED_EDGE ( 'NONE', *, *, #3629, .T. ) ;
#3009 = DIRECTION ( 'NONE',  ( 1.000000000000000000, 3.336006684570784088E-16, 0.000000000000000000 ) ) ;
#3010 = LINE ( 'NONE', #481, #3476 ) ;
#3011 = FACE_OUTER_BOUND ( 'NONE', #95, .T. ) ;
#3012 = DIRECTION ( 'NONE',  ( -1.204669080539449344E-16, 1.000000000000000000, -1.541976423090495387E-16 ) ) ;
#3013 = VERTEX_POINT ( 'NONE', #1766 ) ;
#3014 = ORIENTED_EDGE ( 'NONE', *, *, #897, .T. ) ;
#3015 = CIRCLE ( 'NONE', #3065, 1.599999999999997202 ) ;
#3016 = VECTOR ( 'NONE', #1226, 1000.000000000000000 ) ;
#3017 = EDGE_CURVE ( 'NONE', #2152, #3236, #387, .T. ) ;
#3018 = ORIENTED_EDGE ( 'NONE', *, *, #2805, .T. ) ;
#3019 = VECTOR ( 'NONE', #2435, 1000.000000000000000 ) ;
#3020 = VECTOR ( 'NONE', #1055, 1000.000000000000000 ) ;
#3021 = VECTOR ( 'NONE', #2081, 1000.000000000000000 ) ;
#3022 = CARTESIAN_POINT ( 'NONE',  ( -5.000000000000006217, 15.00000000000000178, 16.75000000000000000 ) ) ;
#3023 = AXIS2_PLACEMENT_3D ( 'NONE', #1512, #1468, #1239 ) ;
#3024 = VERTEX_POINT ( 'NONE', #2636 ) ;
#3025 = CARTESIAN_POINT ( 'NONE',  ( -5.000000000000002665, 15.00000000000000355, 8.250000000000000000 ) ) ;
#3026 = CARTESIAN_POINT ( 'NONE',  ( -1.500000000000002220, 18.00000000000000000, -9.750000000000000000 ) ) ;
#3027 = ORIENTED_EDGE ( 'NONE', *, *, #166, .T. ) ;
#3028 = DIRECTION ( 'NONE',  ( -1.000000000000000000, 3.336006684570783594E-16, 0.000000000000000000 ) ) ;
#3029 = CARTESIAN_POINT ( 'NONE',  ( -6.000000000000000888, 7.347880794884120722E-16, -9.750000000000000000 ) ) ;
#3030 = DIRECTION ( 'NONE',  ( -1.000000000000000000, -0.000000000000000000, -0.000000000000000000 ) ) ;
#3031 = ORIENTED_EDGE ( 'NONE', *, *, #1149, .T. ) ;
#3032 = ORIENTED_EDGE ( 'NONE', *, *, #794, .T. ) ;
#3033 = ORIENTED_EDGE ( 'NONE', *, *, #3043, .F. ) ;
#3034 = EDGE_CURVE ( 'NONE', #761, #2959, #1262, .T. ) ;
#3035 = DIRECTION ( 'NONE',  ( -1.000000000000000000, -0.000000000000000000, -0.000000000000000000 ) ) ;
#3036 = CARTESIAN_POINT ( 'NONE',  ( -7.499999999999996447, -7.500000000000000000, -9.750000000000000000 ) ) ;
#3037 = VECTOR ( 'NONE', #1710, 1000.000000000000000 ) ;
#3038 = CARTESIAN_POINT ( 'NONE',  ( -7.500000000000000000, -2.500000000000000888, -9.750000000000001776 ) ) ;
#3039 = VERTEX_POINT ( 'NONE', #2387 ) ;
#3040 = DIRECTION ( 'NONE',  ( -8.673617379884034239E-17, 0.000000000000000000, 1.000000000000000000 ) ) ;
#3041 = VECTOR ( 'NONE', #2273, 1000.000000000000000 ) ;
#3042 = DIRECTION ( 'NONE',  ( 0.000000000000000000, -0.000000000000000000, -1.000000000000000000 ) ) ;
#3043 = EDGE_CURVE ( 'NONE', #3039, #2296, #82, .T. ) ;
#3044 = LINE ( 'NONE', #2462, #1505 ) ;
#3045 = ORIENTED_EDGE ( 'NONE', *, *, #1209, .F. ) ;
#3046 = ORIENTED_EDGE ( 'NONE', *, *, #3564, .T. ) ;
#3047 = UNCERTAINTY_MEASURE_WITH_UNIT (LENGTH_MEASURE( 1.000000000000000082E-05 ), #3124, 'distance_accuracy_value', 'NONE');
#3048 = LINE ( 'NONE', #518, #710 ) ;
#3049 = PLANE ( 'NONE',  #65 ) ;
#3050 = DIRECTION ( 'NONE',  ( 1.000000000000000000, 1.204669080539449344E-16, -0.000000000000000000 ) ) ;
#3051 = CLOSED_SHELL ( 'NONE', ( #831, #1533, #3350, #2445, #2999, #441, #2824, #1569, #2433, #1743, #1031, #460, #2267, #2774, #523, #987, #1048, #2500, #3200, #1873, #1187, #1443, #3340, #863, #3104, #3491, #256, #865, #1850, #3109, #3140, #1024, #590, #1330, #2260, #2984, #2787, #3237, #1982, #117, #3006, #1943, #1659, #1630, #2000, #763, #2741, #3480, #1094, #2465, #1006, #2155, #1405, #2348, #1925, #2279, #3305, #53, #1700, #141, #3528, #3053, #1076, #26, #80, #2172, #3447, #3250, #3163, #2551, #1063, #6, #920, #708, #43, #2223, #627, #2099, #3366, #2510, #2092, #1681, #1810, #39, #2236, #1231, #3334, #2734, #161, #2768, #3268, #2946, #3094, #264, #683, #536, #2054, #1045, #1959, #3084, #2667, #2476, #334 ) ) ;
#3052 = CARTESIAN_POINT ( 'NONE',  ( -7.499999999999996447, -4.500000000000000000, 10.75000000000000000 ) ) ;
#3053 = ADVANCED_FACE ( 'NONE', ( #2459 ), #2423, .T. ) ;
#3054 = ORIENTED_EDGE ( 'NONE', *, *, #492, .F. ) ;
#3055 = DIRECTION ( 'NONE',  ( 0.8660254037844399289, -0.4999999999999980571, 0.000000000000000000 ) ) ;
#3056 = DIRECTION ( 'NONE',  ( 0.000000000000000000, -1.000000000000000000, 0.000000000000000000 ) ) ;
#3057 = ORIENTED_EDGE ( 'NONE', *, *, #2075, .F. ) ;
#3058 = ORIENTED_EDGE ( 'NONE', *, *, #569, .F. ) ;
#3059 = AXIS2_PLACEMENT_3D ( 'NONE', #2281, #375, #942 ) ;
#3060 = CARTESIAN_POINT ( 'NONE',  ( -2.999492559208428499, 5.196445393112070654, 2.474380037775350427 ) ) ;
#3061 = CARTESIAN_POINT ( 'NONE',  ( 7.500000000000000000, -2.499999999999999112, -9.750000000000001776 ) ) ;
#3062 = EDGE_CURVE ( 'NONE', #262, #1270, #512, .T. ) ;
#3063 = AXIS2_PLACEMENT_3D ( 'NONE', #1192, #120, #354 ) ;
#3064 = DIRECTION ( 'NONE',  ( -1.000000000000000000, -1.678764654171103751E-16, 0.000000000000000000 ) ) ;
#3065 = AXIS2_PLACEMENT_3D ( 'NONE', #1171, #2298, #1194 ) ;
#3066 = VECTOR ( 'NONE', #2517, 1000.000000000000000 ) ;
#3067 = AXIS2_PLACEMENT_3D ( 'NONE', #139, #3259, #3506 ) ;
#3068 = VECTOR ( 'NONE', #3227, 1000.000000000000000 ) ;
#3069 = CARTESIAN_POINT ( 'NONE',  ( 7.500000000000000000, -5.500000000000000000, -9.750000000000001776 ) ) ;
#3070 = CARTESIAN_POINT ( 'NONE',  ( -4.862159892297547970, 3.516816409734087490, 8.250479458972851177 ) ) ;
#3071 = ORIENTED_EDGE ( 'NONE', *, *, #1149, .F. ) ;
#3072 = CARTESIAN_POINT ( 'NONE',  ( -5.476508625121748963, 2.452885413325279096, 9.850222173838790951 ) ) ;
#3073 = CARTESIAN_POINT ( 'NONE',  ( -1.500000000000001776, 15.00000000000000178, -5.650000000000002132 ) ) ;
#3074 = EDGE_CURVE ( 'NONE', #115, #212, #1904, .T. ) ;
#3075 = SURFACE_SIDE_STYLE ('',( #2212 ) ) ;
#3076 =( BOUNDED_CURVE ( )  B_SPLINE_CURVE ( 3, ( #1965, #3363, #2227, #2761 ),
 .UNSPECIFIED., .F., .F. ) 
 B_SPLINE_CURVE_WITH_KNOTS ( ( 4, 4 ),
 ( 3.141592653589793116, 6.283185307179586232 ),
 .UNSPECIFIED. ) 
 CURVE ( )  GEOMETRIC_REPRESENTATION_ITEM ( )  RATIONAL_B_SPLINE_CURVE ( ( 1.000000000000000000, 0.3333333333333333703, 0.3333333333333333703, 1.000000000000000000 ) ) 
 REPRESENTATION_ITEM ( '' )  );
#3077 = CARTESIAN_POINT ( 'NONE',  ( 0.000000000000000000, 0.000000000000000000, 20.25000000000001066 ) ) ;
#3078 = ORIENTED_EDGE ( 'NONE', *, *, #316, .T. ) ;
#3079 = ORIENTED_EDGE ( 'NONE', *, *, #266, .F. ) ;
#3080 = DIRECTION ( 'NONE',  ( -1.000000000000000000, 1.387778780781445873E-15, 0.000000000000000000 ) ) ;
#3081 = CARTESIAN_POINT ( 'NONE',  ( -5.000000000000002665, 15.00000000000000178, -7.249999999999999112 ) ) ;
#3082 = PLANE ( 'NONE',  #2134 ) ;
#3083 = FACE_BOUND ( 'NONE', #1758, .T. ) ;
#3084 = ADVANCED_FACE ( 'NONE', ( #3576 ), #1854, .F. ) ;
#3085 = DIRECTION ( 'NONE',  ( 0.000000000000000000, 0.000000000000000000, -1.000000000000000000 ) ) ;
#3086 = CARTESIAN_POINT ( 'NONE',  ( -4.640854494767779670, 3.803292172516425929, 8.786173967944046481 ) ) ;
#3087 = ORIENTED_EDGE ( 'NONE', *, *, #1621, .T. ) ;
#3088 =( NAMED_UNIT ( * ) SI_UNIT ( $, .STERADIAN. ) SOLID_ANGLE_UNIT ( ) );
#3089 = CARTESIAN_POINT ( 'NONE',  ( -6.200000000000001066, -4.500000000000000000, 10.75000000000000000 ) ) ;
#3090 = VECTOR ( 'NONE', #3056, 1000.000000000000000 ) ;
#3091 = DIRECTION ( 'NONE',  ( 0.000000000000000000, 0.000000000000000000, 1.000000000000000000 ) ) ;
#3092 = DIRECTION ( 'NONE',  ( -1.000000000000000000, -1.156482317317871478E-16, -0.000000000000000000 ) ) ;
#3093 = ORIENTED_EDGE ( 'NONE', *, *, #906, .F. ) ;
#3094 = ADVANCED_FACE ( 'NONE', ( #2179 ), #499, .F. ) ;
#3095 = ORIENTED_EDGE ( 'NONE', *, *, #3074, .T. ) ;
#3096 = EDGE_LOOP ( 'NONE', ( #2811, #99, #3046, #654, #3398, #2539, #1739, #970, #2785, #2818, #2039, #3502 ) ) ;
#3097 = CIRCLE ( 'NONE', #852, 1.599999999999997202 ) ;
#3098 = CARTESIAN_POINT ( 'NONE',  ( 5.000000000000000888, 8.000000000000003553, -9.750000000000000000 ) ) ;
#3099 = EDGE_CURVE ( 'NONE', #226, #385, #3010, .T. ) ;
#3100 = CARTESIAN_POINT ( 'NONE',  ( -4.861992841186346226, 3.517048140591422012, -0.4506819374182570170 ) ) ;
#3101 = AXIS2_PLACEMENT_3D ( 'NONE', #3633, #574, #1690 ) ;
#3102 = CARTESIAN_POINT ( 'NONE',  ( -7.499999999999996447, -7.500000000000000000, -9.750000000000000000 ) ) ;
#3103 = CARTESIAN_POINT ( 'NONE',  ( -2.499999999999999556, -7.500000000000000000, -7.250000000000001776 ) ) ;
#3104 = ADVANCED_FACE ( 'NONE', ( #468, #2747 ), #2762, .T. ) ;
#3105 = DIRECTION ( 'NONE',  ( -3.566536934050437414E-32, 3.083952846180990774E-16, 1.000000000000000000 ) ) ;
#3106 = CARTESIAN_POINT ( 'NONE',  ( -3.499999999999996003, -7.500000000000000000, 27.75000000000000355 ) ) ;
#3107 = ORIENTED_EDGE ( 'NONE', *, *, #2559, .T. ) ;
#3108 = CYLINDRICAL_SURFACE ( 'NONE', #8, 1.000000000000000666 ) ;
#3109 = ADVANCED_FACE ( 'NONE', ( #2406 ), #1628, .T. ) ;
#3110 = CARTESIAN_POINT ( 'NONE',  ( -1.500000000000000888, 5.809475019311125976, 0.1519237886466917875 ) ) ;
#3111 = CARTESIAN_POINT ( 'NONE',  ( -6.000000000000000888, 7.347880794884120722E-16, 13.75000000000000000 ) ) ;
#3112 = ORIENTED_EDGE ( 'NONE', *, *, #3504, .F. ) ;
#3113 = ORIENTED_EDGE ( 'NONE', *, *, #89, .F. ) ;
#3114 = VERTEX_POINT ( 'NONE', #997 ) ;
#3115 = CARTESIAN_POINT ( 'NONE',  ( -3.499999999999996003, -7.500000000000000000, 10.75000000000000000 ) ) ;
#3116 = CARTESIAN_POINT ( 'NONE',  ( 7.500000000000000888, 8.000000000000000000, -9.750000000000000000 ) ) ;
#3117 = CARTESIAN_POINT ( 'NONE',  ( 0.000000000000000000, 18.00000000000000000, 2.750000000000000000 ) ) ;
#3118 = CARTESIAN_POINT ( 'NONE',  ( 1.500000000000000000, 18.00000000000000000, -9.750000000000000000 ) ) ;
#3119 = CARTESIAN_POINT ( 'NONE',  ( -5.000000000000002665, 15.00000000000000178, -7.249999999999999112 ) ) ;
#3120 = AXIS2_PLACEMENT_3D ( 'NONE', #1167, #2295, #3408 ) ;
#3121 = LINE ( 'NONE', #2535, #241 ) ;
#3122 = CIRCLE ( 'NONE', #192, 1.600000000000000755 ) ;
#3123 = AXIS2_PLACEMENT_3D ( 'NONE', #991, #2159, #809 ) ;
#3124 =( LENGTH_UNIT ( ) NAMED_UNIT ( * ) SI_UNIT ( .MILLI., .METRE. ) );
#3125 = FACE_OUTER_BOUND ( 'NONE', #2005, .T. ) ;
#3126 = VECTOR ( 'NONE', #1049, 1000.000000000000000 ) ;
#3127 = DIRECTION ( 'NONE',  ( 0.000000000000000000, -0.000000000000000000, 1.000000000000000000 ) ) ;
#3128 = CARTESIAN_POINT ( 'NONE',  ( 5.430672901602536129, 2.553913902193201135, -2.123806827147106446 ) ) ;
#3129 = VECTOR ( 'NONE', #2742, 1000.000000000000000 ) ;
#3130 = AXIS2_PLACEMENT_3D ( 'NONE', #3271, #187, #2443 ) ;
#3131 = EDGE_LOOP ( 'NONE', ( #694, #2285, #1897, #916 ) ) ;
#3132 = EDGE_CURVE ( 'NONE', #3039, #2945, #3246, .T. ) ;
#3133 = ORIENTED_EDGE ( 'NONE', *, *, #1395, .T. ) ;
#3134 = VERTEX_POINT ( 'NONE', #2731 ) ;
#3135 = CARTESIAN_POINT ( 'NONE',  ( 4.999999999999999112, 18.00000000000000355, 10.75000000000000000 ) ) ;
#3136 = CARTESIAN_POINT ( 'NONE',  ( 2.500000000000001332, -7.299999999999999822, -7.250000000000000888 ) ) ;
#3137 = DIRECTION ( 'NONE',  ( 0.000000000000000000, 0.000000000000000000, 1.000000000000000000 ) ) ;
#3138 = CARTESIAN_POINT ( 'NONE',  ( 1.499999999999999556, 15.00000000000000711, 25.25000000000000355 ) ) ;
#3139 = CARTESIAN_POINT ( 'NONE',  ( -1.500000000000000666, 5.809475019311125976, -9.750000000000000000 ) ) ;
#3140 = ADVANCED_FACE ( 'NONE', ( #452, #1300 ), #1575, .T. ) ;
#3141 = PLANE ( 'NONE',  #641 ) ;
#3142 = EDGE_LOOP ( 'NONE', ( #561, #1144, #1825, #1093 ) ) ;
#3143 = EDGE_CURVE ( 'NONE', #2452, #2586, #3621, .T. ) ;
#3144 = CARTESIAN_POINT ( 'NONE',  ( 1.499999999999999556, 15.00000000000000711, 26.85000000000000497 ) ) ;
#3145 = CARTESIAN_POINT ( 'NONE',  ( 4.999999999999999112, 15.00000000000000178, 16.75000000000000000 ) ) ;
#3146 = DIRECTION ( 'NONE',  ( 1.000000000000000000, 0.000000000000000000, -0.000000000000000000 ) ) ;
#3147 = VERTEX_POINT ( 'NONE', #1105 ) ;
#3148 = ORIENTED_EDGE ( 'NONE', *, *, #89, .T. ) ;
#3149 = ORIENTED_EDGE ( 'NONE', *, *, #1880, .T. ) ;
#3150 = CARTESIAN_POINT ( 'NONE',  ( -13.41922863405994093, 7.747595264191600606, 9.050000000000000711 ) ) ;
#3151 = CARTESIAN_POINT ( 'NONE',  ( -4.927090769178842145, 3.426143741334922055, -2.123806827147106446 ) ) ;
#3152 = CARTESIAN_POINT ( 'NONE',  ( -7.500000000000000000, -2.500000000000000888, 27.75000000000000355 ) ) ;
#3153 = VECTOR ( 'NONE', #1987, 1000.000000000000000 ) ;
#3154 = DIRECTION ( 'NONE',  ( 1.734723475976806848E-16, 0.000000000000000000, -1.000000000000000000 ) ) ;
#3155 = DIRECTION ( 'NONE',  ( -3.336006684570783594E-16, 1.000000000000000000, 0.000000000000000000 ) ) ;
#3156 = EDGE_CURVE ( 'NONE', #1561, #995, #1985, .T. ) ;
#3157 = CARTESIAN_POINT ( 'NONE',  ( -6.200000000000000178, -2.500000000000000444, 20.25000000000000711 ) ) ;
#3158 = LINE ( 'NONE', #2904, #3417 ) ;
#3159 = VERTEX_POINT ( 'NONE', #2829 ) ;
#3160 = DIRECTION ( 'NONE',  ( 0.000000000000000000, 0.000000000000000000, 1.000000000000000000 ) ) ;
#3161 = VECTOR ( 'NONE', #887, 1000.000000000000000 ) ;
#3162 = CARTESIAN_POINT ( 'NONE',  ( 4.999999999999999112, 18.00000000000000355, 20.25000000000000355 ) ) ;
#3163 = ADVANCED_FACE ( 'NONE', ( #309 ), #3108, .F. ) ;
#3164 = DIRECTION ( 'NONE',  ( 0.000000000000000000, -0.000000000000000000, 1.000000000000000000 ) ) ;
#3165 = ORIENTED_EDGE ( 'NONE', *, *, #2663, .F. ) ;
#3166 = ORIENTED_EDGE ( 'NONE', *, *, #1951, .F. ) ;
#3167 = ORIENTED_EDGE ( 'NONE', *, *, #1993, .F. ) ;
#3168 = DIRECTION ( 'NONE',  ( -1.000000000000000000, -0.000000000000000000, -0.000000000000000000 ) ) ;
#3169 = DIRECTION ( 'NONE',  ( -0.000000000000000000, -0.000000000000000000, 1.000000000000000000 ) ) ;
#3170 = DIRECTION ( 'NONE',  ( 1.000000000000000000, -3.336006684570784088E-16, 0.000000000000000000 ) ) ;
#3171 = AXIS2_PLACEMENT_3D ( 'NONE', #1163, #3424, #2313 ) ;
#3172 = LINE ( 'NONE', #1205, #1635 ) ;
#3173 = CARTESIAN_POINT ( 'NONE',  ( 6.000000000000000888, 0.000000000000000000, 10.75000000000000000 ) ) ;
#3174 = DIRECTION ( 'NONE',  ( -1.776356839400250267E-15, 1.000000000000000000, 0.000000000000000000 ) ) ;
#3175 = CARTESIAN_POINT ( 'NONE',  ( 4.623475382979809645, 3.824065295334236669, -1.249999999999999112 ) ) ;
#3176 = EDGE_CURVE ( 'NONE', #1044, #3039, #2541, .T. ) ;
#3177 = LINE ( 'NONE', #1725, #541 ) ;
#3178 = ORIENTED_EDGE ( 'NONE', *, *, #102, .F. ) ;
#3179 = CARTESIAN_POINT ( 'NONE',  ( -7.499999999999998224, 14.63171219946130641, 21.75000000000000355 ) ) ;
#3180 = VECTOR ( 'NONE', #390, 1000.000000000000000 ) ;
#3181 = CARTESIAN_POINT ( 'NONE',  ( 3.499999999999999556, -7.500000000000000000, 10.75000000000000000 ) ) ;
#3182 = LINE ( 'NONE', #1507, #1445 ) ;
#3183 = EDGE_LOOP ( 'NONE', ( #3255, #2079, #511, #1707 ) ) ;
#3184 = ORIENTED_EDGE ( 'NONE', *, *, #2964, .F. ) ;
#3185 = CIRCLE ( 'NONE', #825, 1.599999999999997202 ) ;
#3186 = ORIENTED_EDGE ( 'NONE', *, *, #3314, .F. ) ;
#3187 = DIRECTION ( 'NONE',  ( 0.000000000000000000, 0.000000000000000000, 1.000000000000000000 ) ) ;
#3188 = CARTESIAN_POINT ( 'NONE',  ( -5.262508702836164787, 2.885040892606637986, -2.249920023562616667 ) ) ;
#3189 = EDGE_CURVE ( 'NONE', #1490, #1711, #1379, .T. ) ;
#3190 = DIRECTION ( 'NONE',  ( 1.000000000000000000, 0.000000000000000000, -0.000000000000000000 ) ) ;
#3191 = VECTOR ( 'NONE', #425, 1000.000000000000000 ) ;
#3192 = AXIS2_PLACEMENT_3D ( 'NONE', #466, #1853, #3208 ) ;
#3193 = DIRECTION ( 'NONE',  ( 0.000000000000000000, 0.000000000000000000, 1.000000000000000000 ) ) ;
#3194 = ORIENTED_EDGE ( 'NONE', *, *, #2707, .F. ) ;
#3195 = VERTEX_POINT ( 'NONE', #2210 ) ;
#3196 = CARTESIAN_POINT ( 'NONE',  ( 0.000000000000000000, 0.000000000000000000, 20.25000000000001066 ) ) ;
#3197 = LINE ( 'NONE', #3445, #3292 ) ;
#3198 = ORIENTED_EDGE ( 'NONE', *, *, #269, .T. ) ;
#3199 = DIRECTION ( 'NONE',  ( -1.000000000000000000, -0.000000000000000000, -0.000000000000000000 ) ) ;
#3200 = ADVANCED_FACE ( 'NONE', ( #3125 ), #2558, .T. ) ;
#3201 = VERTEX_POINT ( 'NONE', #1154 ) ;
#3202 = CARTESIAN_POINT ( 'NONE',  ( -7.499999999999998224, 8.000000000000003553, 21.25000000000000355 ) ) ;
#3203 = CARTESIAN_POINT ( 'NONE',  ( -6.200000000000000178, -2.500000000000000444, 13.75000000000000178 ) ) ;
#3204 = DIRECTION ( 'NONE',  ( 3.336006684570783594E-16, 1.000000000000000000, 0.000000000000000000 ) ) ;
#3205 = ORIENTED_EDGE ( 'NONE', *, *, #924, .F. ) ;
#3206 = VERTEX_POINT ( 'NONE', #1656 ) ;
#3207 = ORIENTED_EDGE ( 'NONE', *, *, #2847, .F. ) ;
#3208 = DIRECTION ( 'NONE',  ( 0.000000000000000000, -0.000000000000000000, 1.000000000000000000 ) ) ;
#3209 = CARTESIAN_POINT ( 'NONE',  ( -5.623475382979804316, 2.092014487765356368, -1.249999999999999112 ) ) ;
#3210 = FACE_OUTER_BOUND ( 'NONE', #3274, .T. ) ;
#3211 = DIRECTION ( 'NONE',  ( -1.000000000000000000, -3.336006684570783101E-16, -0.000000000000000000 ) ) ;
#3212 = ORIENTED_EDGE ( 'NONE', *, *, #2211, .T. ) ;
#3213 = EDGE_LOOP ( 'NONE', ( #2514, #803, #532, #3642 ) ) ;
#3214 = DIRECTION ( 'NONE',  ( -1.355252715606879803E-16, 1.000000000000000000, 0.000000000000000000 ) ) ;
#3215 = VECTOR ( 'NONE', #1672, 1000.000000000000000 ) ;
#3216 = DIRECTION ( 'NONE',  ( 0.000000000000000000, 1.000000000000000000, 0.000000000000000000 ) ) ;
#3217 = EDGE_CURVE ( 'NONE', #714, #2058, #594, .T. ) ;
#3218 = ORIENTED_EDGE ( 'NONE', *, *, #2467, .T. ) ;
#3219 = VECTOR ( 'NONE', #981, 1000.000000000000000 ) ;
#3220 = FACE_BOUND ( 'NONE', #1786, .T. ) ;
#3221 = ORIENTED_EDGE ( 'NONE', *, *, #607, .F. ) ;
#3222 = CARTESIAN_POINT ( 'NONE',  ( -5.000000000000006217, 15.00000000000000178, 18.34999999999999787 ) ) ;
#3223 = CARTESIAN_POINT ( 'NONE',  ( -1.500000000000002220, 5.809475019311124200, 27.75000000000000355 ) ) ;
#3224 = CARTESIAN_POINT ( 'NONE',  ( 5.476732297424487861, 2.452345779124414982, 8.250479458972851177 ) ) ;
#3225 = ORIENTED_EDGE ( 'NONE', *, *, #2217, .T. ) ;
#3226 = VERTEX_POINT ( 'NONE', #3089 ) ;
#3227 = DIRECTION ( 'NONE',  ( -0.000000000000000000, -0.000000000000000000, 1.000000000000000000 ) ) ;
#3228 = CARTESIAN_POINT ( 'NONE',  ( 7.500000000000004441, 18.00000000000000711, 21.25000000000000000 ) ) ;
#3229 = EDGE_CURVE ( 'NONE', #2670, #292, #1362, .T. ) ;
#3230 = DIRECTION ( 'NONE',  ( 1.156482317317871478E-16, -1.000000000000000000, -2.891205793294678326E-16 ) ) ;
#3231 = CARTESIAN_POINT ( 'NONE',  ( -5.000000000000002665, 15.00000000000000178, -5.650000000000000355 ) ) ;
#3232 = ORIENTED_EDGE ( 'NONE', *, *, #1395, .F. ) ;
#3233 = ORIENTED_EDGE ( 'NONE', *, *, #1287, .T. ) ;
#3234 = LINE ( 'NONE', #395, #769 ) ;
#3235 = LINE ( 'NONE', #442, #2191 ) ;
#3236 = VERTEX_POINT ( 'NONE', #1947 ) ;
#3237 = ADVANCED_FACE ( 'NONE', ( #1120 ), #799, .T. ) ;
#3238 = DIRECTION ( 'NONE',  ( -1.000000000000000000, -0.000000000000000000, -0.000000000000000000 ) ) ;
#3239 = EDGE_LOOP ( 'NONE', ( #1325, #373, #1876, #1216, #3031, #1326, #168, #3352, #1232, #1665 ) ) ;
#3240 = DIRECTION ( 'NONE',  ( 0.000000000000000000, 0.000000000000000000, 1.000000000000000000 ) ) ;
#3241 = CARTESIAN_POINT ( 'NONE',  ( -7.499999999999998224, 3.175426480542918650, 0.7500000000000007772 ) ) ;
#3242 = CARTESIAN_POINT ( 'NONE',  ( 4.999999999999999112, 15.00000000000000178, -5.650000000000002132 ) ) ;
#3243 = ORIENTED_EDGE ( 'NONE', *, *, #1371, .T. ) ;
#3244 = ORIENTED_EDGE ( 'NONE', *, *, #2638, .T. ) ;
#3245 = CARTESIAN_POINT ( 'NONE',  ( -7.499999999999998224, 8.000000000000003553, 20.25000000000000355 ) ) ;
#3246 = LINE ( 'NONE', #2148, #2776 ) ;
#3247 = VECTOR ( 'NONE', #1151, 1000.000000000000000 ) ;
#3248 = PRESENTATION_LAYER_ASSIGNMENT (  '', '', ( #58 ) ) ;
#3249 = CARTESIAN_POINT ( 'NONE',  ( 7.500000000000003553, -4.499999999999998224, 10.75000000000000000 ) ) ;
#3250 = ADVANCED_FACE ( 'NONE', ( #1967 ), #3364, .F. ) ;
#3251 = DIRECTION ( 'NONE',  ( 1.000000000000000000, 0.000000000000000000, -0.000000000000000000 ) ) ;
#3252 = AXIS2_PLACEMENT_3D ( 'NONE', #3249, #1578, #738 ) ;
#3253 = VECTOR ( 'NONE', #3276, 1000.000000000000000 ) ;
#3254 = VERTEX_POINT ( 'NONE', #259 ) ;
#3255 = ORIENTED_EDGE ( 'NONE', *, *, #1474, .F. ) ;
#3256 = DIRECTION ( 'NONE',  ( -3.336006684570783594E-16, 1.000000000000000000, 0.000000000000000000 ) ) ;
#3257 = VECTOR ( 'NONE', #540, 1000.000000000000000 ) ;
#3258 = CIRCLE ( 'NONE', #649, 6.000000000000000888 ) ;
#3259 = DIRECTION ( 'NONE',  ( -8.673617379884034239E-17, 0.000000000000000000, 1.000000000000000000 ) ) ;
#3260 = ORIENTED_EDGE ( 'NONE', *, *, #2884, .F. ) ;
#3261 = CIRCLE ( 'NONE', #1666, 1.600000000000000755 ) ;
#3262 = CARTESIAN_POINT ( 'NONE',  ( 4.999999999999999112, 18.00000000000000000, 13.75000000000000000 ) ) ;
#3263 = EDGE_CURVE ( 'NONE', #1535, #1988, #1708, .T. ) ;
#3264 = ORIENTED_EDGE ( 'NONE', *, *, #199, .T. ) ;
#3265 = DIRECTION ( 'NONE',  ( -1.000000000000000000, -1.156482317317871478E-16, -0.000000000000000000 ) ) ;
#3266 = CARTESIAN_POINT ( 'NONE',  ( 5.550022515458454819, 2.281633644757429913, 9.665193824488511609 ) ) ;
#3267 = CARTESIAN_POINT ( 'NONE',  ( 0.000000000000000000, 0.000000000000000000, 27.75000000000000355 ) ) ;
#3268 = ADVANCED_FACE ( 'NONE', ( #2509 ), #3395, .F. ) ;
#3269 = ORIENTED_EDGE ( 'NONE', *, *, #3376, .F. ) ;
#3270 = DIRECTION ( 'NONE',  ( -0.000000000000000000, 1.000000000000000000, -0.000000000000000000 ) ) ;
#3271 = CARTESIAN_POINT ( 'NONE',  ( 4.999999999999999112, 18.00000000000000000, -9.750000000000000000 ) ) ;
#3272 = CARTESIAN_POINT ( 'NONE',  ( 1.500000000000000000, 0.000000000000000000, 13.75000000000000000 ) ) ;
#3273 = DIRECTION ( 'NONE',  ( -1.000000000000000000, -8.881784197001251337E-16, 0.000000000000000000 ) ) ;
#3274 = EDGE_LOOP ( 'NONE', ( #707, #1451, #365, #1199, #1984, #1355, #1528, #730, #3454, #2254 ) ) ;
#3275 = VERTEX_POINT ( 'NONE', #3073 ) ;
#3276 = DIRECTION ( 'NONE',  ( -0.000000000000000000, -0.000000000000000000, 1.000000000000000000 ) ) ;
#3277 = ORIENTED_EDGE ( 'NONE', *, *, #1867, .F. ) ;
#3278 = CARTESIAN_POINT ( 'NONE',  ( -7.499999999999996447, -7.500000000000000000, -9.750000000000000000 ) ) ;
#3279 = VECTOR ( 'NONE', #2491, 1000.000000000000000 ) ;
#3280 = EDGE_LOOP ( 'NONE', ( #975, #1087, #2190, #1785 ) ) ;
#3281 = CARTESIAN_POINT ( 'NONE',  ( 5.000000000000000888, 8.000000000000003553, -9.750000000000000000 ) ) ;
#3282 = PLANE ( 'NONE',  #2315 ) ;
#3283 = CARTESIAN_POINT ( 'NONE',  ( 4.926281358851998249, 3.427316374287996403, 8.176962209729486730 ) ) ;
#3284 = AXIS2_PLACEMENT_3D ( 'NONE', #2263, #524, #3618 ) ;
#3285 = ORIENTED_EDGE ( 'NONE', *, *, #1586, .F. ) ;
#3286 = LINE ( 'NONE', #2976, #1075 ) ;
#3287 = CARTESIAN_POINT ( 'NONE',  ( 2.965197994853944863, 5.216695321138744568, 2.222374478750529736 ) ) ;
#3288 = CARTESIAN_POINT ( 'NONE',  ( -6.200000000000000178, -5.500000000000001776, -9.750000000000001776 ) ) ;
#3289 = CARTESIAN_POINT ( 'NONE',  ( 4.999999999999999112, 18.00000000000000000, -9.750000000000000000 ) ) ;
#3290 = ORIENTED_EDGE ( 'NONE', *, *, #1683, .F. ) ;
#3291 = EDGE_LOOP ( 'NONE', ( #3071, #1580, #427, #1502 ) ) ;
#3292 = VECTOR ( 'NONE', #1722, 1000.000000000000000 ) ;
#3293 = ORIENTED_EDGE ( 'NONE', *, *, #635, .F. ) ;
#3294 = CARTESIAN_POINT ( 'NONE',  ( 7.500000000000000000, -2.499999999999999112, 27.75000000000000355 ) ) ;
#3295 = EDGE_CURVE ( 'NONE', #1852, #1029, #2813, .T. ) ;
#3296 = ORIENTED_EDGE ( 'NONE', *, *, #2078, .F. ) ;
#3297 = DIRECTION ( 'NONE',  ( 0.000000000000000000, 0.000000000000000000, 1.000000000000000000 ) ) ;
#3298 = CARTESIAN_POINT ( 'NONE',  ( 5.323126068186900817, 2.771103254338400657, 8.076019798777606340 ) ) ;
#3299 = EDGE_LOOP ( 'NONE', ( #1078, #2385 ) ) ;
#3300 = CARTESIAN_POINT ( 'NONE',  ( 2.999492559208428055, 5.196445393112069766, 3.025619962224650017 ) ) ;
#3301 = DIRECTION ( 'NONE',  ( 1.204669080539449344E-16, -1.000000000000000000, 3.083952846180990774E-16 ) ) ;
#3302 = FACE_OUTER_BOUND ( 'NONE', #2255, .T. ) ;
#3303 = ORIENTED_EDGE ( 'NONE', *, *, #2896, .T. ) ;
#3304 = VERTEX_POINT ( 'NONE', #274 ) ;
#3305 = ADVANCED_FACE ( 'NONE', ( #1394 ), #2246, .F. ) ;
#3306 = VECTOR ( 'NONE', #1986, 1000.000000000000000 ) ;
#3307 = AXIS2_PLACEMENT_3D ( 'NONE', #1288, #1537, #1859 ) ;
#3308 = ORIENTED_EDGE ( 'NONE', *, *, #498, .T. ) ;
#3309 = VECTOR ( 'NONE', #125, 1000.000000000000000 ) ;
#3310 = VECTOR ( 'NONE', #110, 1000.000000000000000 ) ;
#3311 = CIRCLE ( 'NONE', #2887, 5.999999999999999112 ) ;
#3312 = DIRECTION ( 'NONE',  ( 1.678764654171103751E-16, -1.000000000000000000, 0.000000000000000000 ) ) ;
#3313 = VECTOR ( 'NONE', #3437, 1000.000000000000000 ) ;
#3314 = EDGE_CURVE ( 'NONE', #842, #1893, #3258, .T. ) ;
#3315 = CARTESIAN_POINT ( 'NONE',  ( -7.499999999999998224, 5.484827557301419354, -1.249999999999999334 ) ) ;
#3316 = DIRECTION ( 'NONE',  ( -1.000000000000000000, -0.000000000000000000, -0.000000000000000000 ) ) ;
#3317 = ORIENTED_EDGE ( 'NONE', *, *, #814, .T. ) ;
#3318 = DIRECTION ( 'NONE',  ( -1.355252715606884487E-16, 1.000000000000000000, 0.000000000000000000 ) ) ;
#3319 = CARTESIAN_POINT ( 'NONE',  ( 2.826061271899064309, 5.293362533376014589, 1.708767304186105118 ) ) ;
#3320 = LINE ( 'NONE', #1336, #3542 ) ;
#3321 = DIRECTION ( 'NONE',  ( 0.000000000000000000, 1.000000000000000000, 0.000000000000000000 ) ) ;
#3322 = VERTEX_POINT ( 'NONE', #345 ) ;
#3323 = ORIENTED_EDGE ( 'NONE', *, *, #2814, .T. ) ;
#3324 = EDGE_CURVE ( 'NONE', #2660, #1600, #2378, .T. ) ;
#3325 = LINE ( 'NONE', #848, #2310 ) ;
#3326 = PLANE ( 'NONE',  #1539 ) ;
#3327 = CARTESIAN_POINT ( 'NONE',  ( 1.499999999999999556, 15.00000000000000355, 8.250000000000000000 ) ) ;
#3328 = VERTEX_POINT ( 'NONE', #109 ) ;
#3329 = CARTESIAN_POINT ( 'NONE',  ( -5.614393221328954908, 2.116876123164674883, 9.311943240031467894 ) ) ;
#3330 = CARTESIAN_POINT ( 'NONE',  ( 1.500000000000000000, 18.00000000000000000, -9.750000000000000000 ) ) ;
#3331 = VECTOR ( 'NONE', #1812, 1000.000000000000000 ) ;
#3332 = FACE_OUTER_BOUND ( 'NONE', #2591, .T. ) ;
#3333 = LINE ( 'NONE', #1931, #3090 ) ;
#3334 = ADVANCED_FACE ( 'NONE', ( #2635 ), #2579, .F. ) ;
#3335 = ORIENTED_EDGE ( 'NONE', *, *, #1263, .T. ) ;
#3336 = VERTEX_POINT ( 'NONE', #329 ) ;
#3337 = FACE_OUTER_BOUND ( 'NONE', #2932, .T. ) ;
#3338 = CARTESIAN_POINT ( 'NONE',  ( 7.500000000000000000, 14.63171219946130641, 21.75000000000000355 ) ) ;
#3339 = DIRECTION ( 'NONE',  ( 0.000000000000000000, 1.000000000000000000, -1.541976423090495387E-16 ) ) ;
#3340 = ADVANCED_FACE ( 'NONE', ( #917 ), #2596, .T. ) ;
#3341 = DIRECTION ( 'NONE',  ( -1.000000000000000000, -0.000000000000000000, -0.000000000000000000 ) ) ;
#3342 = CARTESIAN_POINT ( 'NONE',  ( -5.323555650562133756, 2.770288936447474537, 8.076221760567062091 ) ) ;
#3343 = ORIENTED_EDGE ( 'NONE', *, *, #3463, .T. ) ;
#3344 = DIRECTION ( 'NONE',  ( 0.000000000000000000, 2.891205793294678326E-16, -1.000000000000000000 ) ) ;
#3345 = DIRECTION ( 'NONE',  ( 0.000000000000000000, 0.000000000000000000, -1.000000000000000000 ) ) ;
#3346 = SURFACE_STYLE_USAGE ( .BOTH. , #3075 ) ;
#3347 = DIRECTION ( 'NONE',  ( -0.000000000000000000, -1.000000000000000000, 0.000000000000000000 ) ) ;
#3348 = ORIENTED_EDGE ( 'NONE', *, *, #909, .F. ) ;
#3349 = ORIENTED_EDGE ( 'NONE', *, *, #1577, .T. ) ;
#3350 = ADVANCED_FACE ( 'NONE', ( #92 ), #1731, .F. ) ;
#3351 = DIRECTION ( 'NONE',  ( -1.000000000000000000, -0.000000000000000000, -0.000000000000000000 ) ) ;
#3352 = ORIENTED_EDGE ( 'NONE', *, *, #1795, .T. ) ;
#3353 = CARTESIAN_POINT ( 'NONE',  ( 0.000000000000000000, 0.000000000000000000, 10.75000000000000000 ) ) ;
#3354 = VECTOR ( 'NONE', #3170, 1000.000000000000000 ) ;
#3355 = CARTESIAN_POINT ( 'NONE',  ( 6.200000000000000178, -5.500000000000000000, -9.750000000000001776 ) ) ;
#3356 = VECTOR ( 'NONE', #1449, 1000.000000000000000 ) ;
#3357 = AXIS2_PLACEMENT_3D ( 'NONE', #1207, #79, #1734 ) ;
#3358 = VECTOR ( 'NONE', #2944, 1000.000000000000000 ) ;
#3359 = DIRECTION ( 'NONE',  ( 0.000000000000000000, -0.000000000000000000, -1.000000000000000000 ) ) ;
#3360 = EDGE_CURVE ( 'NONE', #3569, #3206, #74, .T. ) ;
#3361 = CARTESIAN_POINT ( 'NONE',  ( -5.262508702836165675, 2.885040892606638874, 8.050079976437386264 ) ) ;
#3362 = VERTEX_POINT ( 'NONE', #3478 ) ;
#3363 = CARTESIAN_POINT ( 'NONE',  ( 7.500000000000000888, 5.484827557301421130, -3.249999999999999556 ) ) ;
#3364 = CYLINDRICAL_SURFACE ( 'NONE', #2899, 1.000000000000000000 ) ;
#3365 = CARTESIAN_POINT ( 'NONE',  ( 7.500000000000007105, -4.499999999999996447, 21.25000000000000711 ) ) ;
#3366 = ADVANCED_FACE ( 'NONE', ( #1438 ), #2854, .F. ) ;
#3367 = PLANE ( 'NONE',  #3381 ) ;
#3368 = ORIENTED_EDGE ( 'NONE', *, *, #3603, .T. ) ;
#3369 = VERTEX_POINT ( 'NONE', #1201 ) ;
#3370 = ORIENTED_EDGE ( 'NONE', *, *, #1098, .T. ) ;
#3371 = DIRECTION ( 'NONE',  ( 1.000000000000000000, -0.000000000000000000, 1.734723475976807094E-16 ) ) ;
#3372 = FACE_OUTER_BOUND ( 'NONE', #3510, .T. ) ;
#3373 = EDGE_CURVE ( 'NONE', #3206, #2350, #958, .T. ) ;
#3374 = LINE ( 'NONE', #2604, #61 ) ;
#3375 = CARTESIAN_POINT ( 'NONE',  ( 4.999999999999999112, 15.00000000000000355, 8.250000000000000000 ) ) ;
#3376 = EDGE_CURVE ( 'NONE', #449, #3477, #197, .T. ) ;
#3377 = DIRECTION ( 'NONE',  ( 0.000000000000000000, -1.000000000000000000, 1.541976423090495387E-16 ) ) ;
#3378 = CARTESIAN_POINT ( 'NONE',  ( -5.577907643461235132, 2.211219888771973618, 8.546879510976229000 ) ) ;
#3379 = EDGE_LOOP ( 'NONE', ( #1573, #1317 ) ) ;
#3380 = CARTESIAN_POINT ( 'NONE',  ( 7.500000000000000888, 8.000000000000000000, -9.750000000000000000 ) ) ;
#3381 = AXIS2_PLACEMENT_3D ( 'NONE', #549, #3382, #3609 ) ;
#3382 = DIRECTION ( 'NONE',  ( -1.000000000000000000, 0.000000000000000000, 0.000000000000000000 ) ) ;
#3383 = ORIENTED_EDGE ( 'NONE', *, *, #1688, .F. ) ;
#3384 = ORIENTED_EDGE ( 'NONE', *, *, #744, .T. ) ;
#3385 = ORIENTED_EDGE ( 'NONE', *, *, #230, .F. ) ;
#3386 = VECTOR ( 'NONE', #2089, 1000.000000000000000 ) ;
#3387 = CARTESIAN_POINT ( 'NONE',  ( 1.500000000000000000, 18.00000000000000000, -9.750000000000000000 ) ) ;
#3388 = LINE ( 'NONE', #620, #2355 ) ;
#3389 = FACE_OUTER_BOUND ( 'NONE', #3605, .T. ) ;
#3390 = DIRECTION ( 'NONE',  ( 0.000000000000000000, 0.000000000000000000, 1.000000000000000000 ) ) ;
#3391 = CARTESIAN_POINT ( 'NONE',  ( 7.500000000000000000, -7.499999999999999112, 27.75000000000000355 ) ) ;
#3392 = EDGE_CURVE ( 'NONE', #1637, #915, #655, .T. ) ;
#3393 = DIRECTION ( 'NONE',  ( 0.000000000000000000, 0.000000000000000000, 1.000000000000000000 ) ) ;
#3394 = DIRECTION ( 'NONE',  ( 0.000000000000000000, 0.000000000000000000, 1.000000000000000000 ) ) ;
#3395 = PLANE ( 'NONE',  #2137 ) ;
#3396 = CARTESIAN_POINT ( 'NONE',  ( 6.000000000000000888, 0.000000000000000000, -9.750000000000000000 ) ) ;
#3397 = DIRECTION ( 'NONE',  ( -1.783268467025218707E-32, 1.541976423090495387E-16, 1.000000000000000000 ) ) ;
#3398 = ORIENTED_EDGE ( 'NONE', *, *, #2896, .F. ) ;
#3399 = ORIENTED_EDGE ( 'NONE', *, *, #1650, .T. ) ;
#3400 = ORIENTED_EDGE ( 'NONE', *, *, #2485, .F. ) ;
#3401 = LINE ( 'NONE', #2326, #3313 ) ;
#3402 = FACE_OUTER_BOUND ( 'NONE', #878, .T. ) ;
#3403 = EDGE_CURVE ( 'NONE', #1956, #3610, #3401, .T. ) ;
#3404 = DIRECTION ( 'NONE',  ( 1.000000000000000000, -0.000000000000000000, 8.673617379884034239E-17 ) ) ;
#3405 = CARTESIAN_POINT ( 'NONE',  ( -1.500000000000000666, 5.809475019311125976, -9.750000000000000000 ) ) ;
#3406 = FACE_OUTER_BOUND ( 'NONE', #2097, .T. ) ;
#3407 = VECTOR ( 'NONE', #3585, 1000.000000000000000 ) ;
#3408 = DIRECTION ( 'NONE',  ( 0.000000000000000000, 1.000000000000000000, 0.000000000000000000 ) ) ;
#3409 = AXIS2_PLACEMENT_3D ( 'NONE', #3468, #950, #2358 ) ;
#3410 = VECTOR ( 'NONE', #621, 1000.000000000000000 ) ;
#3411 = ORIENTED_EDGE ( 'NONE', *, *, #2027, .F. ) ;
#3412 = CARTESIAN_POINT ( 'NONE',  ( -5.000000000000002665, 8.000000000000000000, -9.750000000000000000 ) ) ;
#3413 = EDGE_CURVE ( 'NONE', #714, #1610, #879, .T. ) ;
#3414 = VECTOR ( 'NONE', #556, 1000.000000000000000 ) ;
#3415 = VECTOR ( 'NONE', #368, 1000.000000000000000 ) ;
#3416 = CARTESIAN_POINT ( 'NONE',  ( 7.500000000000000000, -2.499999999999999112, -9.750000000000001776 ) ) ;
#3417 = VECTOR ( 'NONE', #1500, 1000.000000000000000 ) ;
#3418 = ORIENTED_EDGE ( 'NONE', *, *, #2707, .T. ) ;
#3419 = ORIENTED_EDGE ( 'NONE', *, *, #2713, .F. ) ;
#3420 = ORIENTED_EDGE ( 'NONE', *, *, #355, .T. ) ;
#3421 = DIRECTION ( 'NONE',  ( 0.000000000000000000, 0.000000000000000000, -1.000000000000000000 ) ) ;
#3422 = FACE_OUTER_BOUND ( 'NONE', #775, .T. ) ;
#3423 = CARTESIAN_POINT ( 'NONE',  ( 6.200000000000000178, -4.499999999999996447, 20.25000000000000711 ) ) ;
#3424 = DIRECTION ( 'NONE',  ( 1.156482317317871478E-16, -1.000000000000000000, 0.000000000000000000 ) ) ;
#3425 = DIRECTION ( 'NONE',  ( -1.000000000000000000, -0.000000000000000000, -0.000000000000000000 ) ) ;
#3426 = EDGE_CURVE ( 'NONE', #2350, #2647, #2008, .T. ) ;
#3427 = FACE_BOUND ( 'NONE', #598, .T. ) ;
#3428 = EDGE_CURVE ( 'NONE', #1015, #2084, #2025, .T. ) ;
#3429 = DIRECTION ( 'NONE',  ( 1.000000000000000000, -5.595882180570345426E-17, 0.000000000000000000 ) ) ;
#3430 = ORIENTED_EDGE ( 'NONE', *, *, #409, .T. ) ;
#3431 = LINE ( 'NONE', #2927, #2304 ) ;
#3432 = CARTESIAN_POINT ( 'NONE',  ( 7.500000000000001776, 7.999999999999996447, 13.75000000000000178 ) ) ;
#3433 = CARTESIAN_POINT ( 'NONE',  ( 4.704146129788366437, 3.724726158273432564, -0.7461020498401579326 ) ) ;
#3434 = ORIENTED_EDGE ( 'NONE', *, *, #2063, .T. ) ;
#3435 = ORIENTED_EDGE ( 'NONE', *, *, #2424, .F. ) ;
#3436 = VERTEX_POINT ( 'NONE', #3135 ) ;
#3437 = DIRECTION ( 'NONE',  ( 8.673617379884034239E-17, -0.000000000000000000, -1.000000000000000000 ) ) ;
#3438 = CARTESIAN_POINT ( 'NONE',  ( 7.500000000000000000, -2.499999999999999112, -9.750000000000001776 ) ) ;
#3439 = DIRECTION ( 'NONE',  ( 5.595882180570345426E-17, 1.000000000000000000, -0.000000000000000000 ) ) ;
#3440 = EDGE_CURVE ( 'NONE', #292, #262, #1454, .T. ) ;
#3441 = PLANE ( 'NONE',  #616 ) ;
#3442 = CIRCLE ( 'NONE', #2856, 5.999999999999999112 ) ;
#3443 = PLANE ( 'NONE',  #1459 ) ;
#3444 = DIRECTION ( 'NONE',  ( -1.783268467025218707E-32, 1.541976423090495387E-16, 1.000000000000000000 ) ) ;
#3445 = CARTESIAN_POINT ( 'NONE',  ( -7.499999999999998224, -7.500000000000000888, 27.75000000000000355 ) ) ;
#3446 = FACE_OUTER_BOUND ( 'NONE', #746, .T. ) ;
#3447 = ADVANCED_FACE ( 'NONE', ( #1178 ), #2308, .F. ) ;
#3448 = ORIENTED_EDGE ( 'NONE', *, *, #1538, .F. ) ;
#3449 = FACE_BOUND ( 'NONE', #699, .T. ) ;
#3450 = AXIS2_PLACEMENT_3D ( 'NONE', #320, #640, #588 ) ;
#3451 = LINE ( 'NONE', #1196, #1545 ) ;
#3452 = CARTESIAN_POINT ( 'NONE',  ( 5.577654132849636959, 2.211862600939843659, -1.754289203620196691 ) ) ;
#3453 = ORIENTED_EDGE ( 'NONE', *, *, #3613, .T. ) ;
#3454 = ORIENTED_EDGE ( 'NONE', *, *, #758, .F. ) ;
#3455 = VERTEX_POINT ( 'NONE', #2676 ) ;
#3456 = DIRECTION ( 'NONE',  ( -1.734723475976807094E-16, -0.000000000000000000, 1.000000000000000000 ) ) ;
#3457 = DIRECTION ( 'NONE',  ( -1.000000000000000000, 3.336006684570783101E-16, 0.000000000000000000 ) ) ;
#3458 = CARTESIAN_POINT ( 'NONE',  ( 3.968626966596897621, -4.499999999999998224, 10.75000000000000000 ) ) ;
#3459 = FACE_OUTER_BOUND ( 'NONE', #106, .T. ) ;
#3460 = EDGE_LOOP ( 'NONE', ( #411, #3184 ) ) ;
#3461 = EDGE_LOOP ( 'NONE', ( #1001, #3368, #2828, #3033 ) ) ;
#3462 = FACE_OUTER_BOUND ( 'NONE', #724, .T. ) ;
#3463 = EDGE_CURVE ( 'NONE', #2271, #367, #3599, .T. ) ;
#3464 = FACE_OUTER_BOUND ( 'NONE', #1103, .T. ) ;
#3465 = ORIENTED_EDGE ( 'NONE', *, *, #1636, .T. ) ;
#3466 = LINE ( 'NONE', #1210, #530 ) ;
#3467 = ORIENTED_EDGE ( 'NONE', *, *, #1230, .T. ) ;
#3468 = CARTESIAN_POINT ( 'NONE',  ( 13.41922863405994448, 7.747595264191602382, -1.249999999999999334 ) ) ;
#3469 = VECTOR ( 'NONE', #1800, 1000.000000000000000 ) ;
#3470 = VECTOR ( 'NONE', #439, 1000.000000000000000 ) ;
#3471 = CARTESIAN_POINT ( 'NONE',  ( -1.500000000000002220, 18.00000000000000000, 10.75000000000000000 ) ) ;
#3472 = CARTESIAN_POINT ( 'NONE',  ( 5.060918420067568313, 3.225189963623240175, -2.223778239432934622 ) ) ;
#3473 = ORIENTED_EDGE ( 'NONE', *, *, #1968, .F. ) ;
#3474 = VECTOR ( 'NONE', #214, 1000.000000000000000 ) ;
#3475 = ORIENTED_EDGE ( 'NONE', *, *, #3413, .F. ) ;
#3476 = VECTOR ( 'NONE', #1322, 1000.000000000000227 ) ;
#3477 = VERTEX_POINT ( 'NONE', #695 ) ;
#3478 = CARTESIAN_POINT ( 'NONE',  ( 1.499999999999998668, 18.00000000000000355, 10.75000000000000000 ) ) ;
#3479 = CARTESIAN_POINT ( 'NONE',  ( -1.500000000000002220, 18.00000000000000000, -9.750000000000000000 ) ) ;
#3480 = ADVANCED_FACE ( 'NONE', ( #1870 ), #205, .T. ) ;
#3481 = CARTESIAN_POINT ( 'NONE',  ( -5.000000000000002665, 8.000000000000000000, -9.750000000000000000 ) ) ;
#3482 = AXIS2_PLACEMENT_3D ( 'NONE', #3145, #650, #2340 ) ;
#3483 = AXIS2_PLACEMENT_3D ( 'NONE', #2442, #1261, #2654 ) ;
#3484 = CARTESIAN_POINT ( 'NONE',  ( -1.728131600908008991, 5.750571693240437376, 5.216364370158407482 ) ) ;
#3485 = EDGE_LOOP ( 'NONE', ( #1304, #211, #2138, #2760 ) ) ;
#3486 = VERTEX_POINT ( 'NONE', #430 ) ;
#3487 = DIRECTION ( 'NONE',  ( -1.156482317317871478E-16, 1.000000000000000000, -3.083952846180990774E-16 ) ) ;
#3488 = CARTESIAN_POINT ( 'NONE',  ( 4.999999999999999112, 15.00000000000000178, 16.75000000000000000 ) ) ;
#3489 = VERTEX_POINT ( 'NONE', #674 ) ;
#3490 = DIRECTION ( 'NONE',  ( 5.595882180570345426E-17, 1.000000000000000000, 0.000000000000000000 ) ) ;
#3491 = ADVANCED_FACE ( 'NONE', ( #2123 ), #751, .T. ) ;
#3492 = ORIENTED_EDGE ( 'NONE', *, *, #3631, .T. ) ;
#3493 = LINE ( 'NONE', #3222, #1606 ) ;
#3494 = CARTESIAN_POINT ( 'NONE',  ( 2.500000000000001332, -7.299999999999999822, -7.250000000000000888 ) ) ;
#3495 = CYLINDRICAL_SURFACE ( 'NONE', #2274, 1.599999999999998979 ) ;
#3496 = ORIENTED_EDGE ( 'NONE', *, *, #1037, .F. ) ;
#3497 = ORIENTED_EDGE ( 'NONE', *, *, #376, .F. ) ;
#3498 = LINE ( 'NONE', #2695, #1842 ) ;
#3499 = CARTESIAN_POINT ( 'NONE',  ( 1.500000000000001554, 5.809475019311125976, 5.348076211353308018 ) ) ;
#3500 = LINE ( 'NONE', #2407, #3180 ) ;
#3501 = CARTESIAN_POINT ( 'NONE',  ( -2.500000000000000000, -7.299999999999999822, -2.250000000000000888 ) ) ;
#3502 = ORIENTED_EDGE ( 'NONE', *, *, #1780, .F. ) ;
#3503 = ORIENTED_EDGE ( 'NONE', *, *, #2471, .T. ) ;
#3504 = EDGE_CURVE ( 'NONE', #2185, #1248, #3557, .T. ) ;
#3505 = FACE_BOUND ( 'NONE', #3460, .T. ) ;
#3506 = DIRECTION ( 'NONE',  ( 1.000000000000000000, 0.000000000000000000, 8.673617379884034239E-17 ) ) ;
#3507 = ORIENTED_EDGE ( 'NONE', *, *, #2840, .F. ) ;
#3508 = AXIS2_PLACEMENT_3D ( 'NONE', #2956, #94, #3193 ) ;
#3509 = CARTESIAN_POINT ( 'NONE',  ( -7.500000000000000000, -2.500000000000000888, -9.750000000000001776 ) ) ;
#3510 = EDGE_LOOP ( 'NONE', ( #3544, #1972, #1419, #3167 ) ) ;
#3511 = CARTESIAN_POINT ( 'NONE',  ( -1.500000000000001776, 15.00000000000000355, 9.849999999999999645 ) ) ;
#3512 = EDGE_CURVE ( 'NONE', #221, #714, #952, .T. ) ;
#3513 = CARTESIAN_POINT ( 'NONE',  ( 5.261685887949722584, 2.886476220758140698, 10.04995053646222836 ) ) ;
#3514 = CARTESIAN_POINT ( 'NONE',  ( 5.060918420067570977, 3.225189963623238398, 8.076221760567062091 ) ) ;
#3515 = VERTEX_POINT ( 'NONE', #2730 ) ;
#3516 = ORIENTED_EDGE ( 'NONE', *, *, #2230, .F. ) ;
#3517 = PLANE ( 'NONE',  #3483 ) ;
#3518 = DIRECTION ( 'NONE',  ( -1.000000000000000000, 0.000000000000000000, 0.000000000000000000 ) ) ;
#3519 = LINE ( 'NONE', #2125, #2486 ) ;
#3520 = CARTESIAN_POINT ( 'NONE',  ( -5.000000000000002665, 8.000000000000000000, -9.750000000000000000 ) ) ;
#3521 = VERTEX_POINT ( 'NONE', #3245 ) ;
#3522 = EDGE_LOOP ( 'NONE', ( #2059, #612 ) ) ;
#3523 = DIRECTION ( 'NONE',  ( -1.000000000000000000, -3.336006684570783594E-16, 0.000000000000000000 ) ) ;
#3524 = AXIS2_PLACEMENT_3D ( 'NONE', #3081, #461, #1588 ) ;
#3525 = EDGE_CURVE ( 'NONE', #1200, #3336, #3286, .T. ) ;
#3526 = LINE ( 'NONE', #459, #360 ) ;
#3527 = ORIENTED_EDGE ( 'NONE', *, *, #228, .F. ) ;
#3528 = ADVANCED_FACE ( 'NONE', ( #2147 ), #3517, .T. ) ;
#3529 = LINE ( 'NONE', #2985, #1717 ) ;
#3530 = ORIENTED_EDGE ( 'NONE', *, *, #778, .T. ) ;
#3531 = FACE_OUTER_BOUND ( 'NONE', #2869, .T. ) ;
#3532 = DIRECTION ( 'NONE',  ( 0.000000000000000000, -1.000000000000000000, 0.000000000000000000 ) ) ;
#3533 = LINE ( 'NONE', #1276, #1097 ) ;
#3534 = ORIENTED_EDGE ( 'NONE', *, *, #1860, .T. ) ;
#3535 = EDGE_CURVE ( 'NONE', #1907, #1696, #3498, .T. ) ;
#3536 = ORIENTED_EDGE ( 'NONE', *, *, #1670, .F. ) ;
#3537 = CARTESIAN_POINT ( 'NONE',  ( 7.500000000000000888, 5.484827557301419354, 7.050000000000000711 ) ) ;
#3538 = CARTESIAN_POINT ( 'NONE',  ( 1.500000000000000000, 0.000000000000000000, -9.750000000000000000 ) ) ;
#3539 = AXIS2_PLACEMENT_3D ( 'NONE', #2915, #2937, #2955 ) ;
#3540 = LINE ( 'NONE', #1352, #1604 ) ;
#3541 = CYLINDRICAL_SURFACE ( 'NONE', #2166, 1.599999999999998979 ) ;
#3542 = VECTOR ( 'NONE', #239, 1000.000000000000000 ) ;
#3543 = ORIENTED_EDGE ( 'NONE', *, *, #3428, .T. ) ;
#3544 = ORIENTED_EDGE ( 'NONE', *, *, #1308, .F. ) ;
#3545 = EDGE_CURVE ( 'NONE', #1176, #545, #1612, .T. ) ;
#3546 = LINE ( 'NONE', #742, #3253 ) ;
#3547 = VECTOR ( 'NONE', #3600, 1000.000000000000000 ) ;
#3548 = VECTOR ( 'NONE', #1089, 1000.000000000000000 ) ;
#3549 = EDGE_LOOP ( 'NONE', ( #3000, #2226, #3198, #599 ) ) ;
#3550 = DIRECTION ( 'NONE',  ( -0.000000000000000000, -0.000000000000000000, -1.000000000000000000 ) ) ;
#3551 = EDGE_LOOP ( 'NONE', ( #3383, #2090 ) ) ;
#3552 = EDGE_CURVE ( 'NONE', #1343, #1729, #1595, .T. ) ;
#3553 = CARTESIAN_POINT ( 'NONE',  ( -5.000000000000002665, 8.000000000000000000, 13.75000000000000000 ) ) ;
#3554 = DIRECTION ( 'NONE',  ( 1.000000000000000000, 0.000000000000000000, 0.000000000000000000 ) ) ;
#3555 = DIRECTION ( 'NONE',  ( 1.000000000000000000, 1.204669080539449344E-16, -0.000000000000000000 ) ) ;
#3556 = ORIENTED_EDGE ( 'NONE', *, *, #3426, .F. ) ;
#3557 = LINE ( 'NONE', #451, #3068 ) ;
#3558 = DIRECTION ( 'NONE',  ( -1.000000000000000000, -1.156482317317871478E-16, -0.000000000000000000 ) ) ;
#3559 = B_SPLINE_CURVE_WITH_KNOTS ( 'NONE', 3,
 ( #2989, #2143, #1346, #145, #3266, #463, #1590, #1275, #3513, #2727, #1052, #2708, #2439, #3005, #183, #218, #992, #1035 ),
 .UNSPECIFIED., .F., .F.,
 ( 4, 2, 2, 2, 2, 2, 2, 2, 4 ),
 ( 0.000000000000000000, 0.0003914898357794964110, 0.0007829796715589928220, 0.001174469507338489179, 0.001565959343117985644, 0.001957449178897481892, 0.002348939014676978358, 0.002740428850456474823, 0.003131918686235971288 ),
 .UNSPECIFIED. ) ;
#3560 = DIRECTION ( 'NONE',  ( 3.566536934050437414E-32, -3.083952846180990774E-16, -1.000000000000000000 ) ) ;
#3561 = CARTESIAN_POINT ( 'NONE',  ( -1.500000000000002220, 18.00000000000000355, 20.25000000000000355 ) ) ;
#3562 = ORIENTED_EDGE ( 'NONE', *, *, #2413, .T. ) ;
#3563 = EDGE_LOOP ( 'NONE', ( #2208, #934 ) ) ;
#3564 = EDGE_CURVE ( 'NONE', #2201, #2562, #132, .T. ) ;
#3565 = ORIENTED_EDGE ( 'NONE', *, *, #873, .T. ) ;
#3566 = AXIS2_PLACEMENT_3D ( 'NONE', #3077, #2525, #1397 ) ;
#3567 = PLANE ( 'NONE',  #7 ) ;
#3568 = VECTOR ( 'NONE', #2916, 1000.000000000000000 ) ;
#3569 = VERTEX_POINT ( 'NONE', #1808 ) ;
#3570 = LINE ( 'NONE', #1624, #3129 ) ;
#3571 = EDGE_CURVE ( 'NONE', #1561, #1971, #1279, .T. ) ;
#3572 = EDGE_CURVE ( 'NONE', #3581, #2616, #2086, .T. ) ;
#3573 = DIRECTION ( 'NONE',  ( -1.000000000000000000, -0.000000000000000000, -0.000000000000000000 ) ) ;
#3574 = VERTEX_POINT ( 'NONE', #996 ) ;
#3575 = DIRECTION ( 'NONE',  ( -1.000000000000000000, -3.336006684570784088E-16, 0.000000000000000000 ) ) ;
#3576 = FACE_OUTER_BOUND ( 'NONE', #2966, .T. ) ;
#3577 = DIRECTION ( 'NONE',  ( -1.000000000000000000, -9.912705577010324563E-16, 0.000000000000000000 ) ) ;
#3578 = CARTESIAN_POINT ( 'NONE',  ( 4.999999999999999112, 18.00000000000001066, 21.24999999999999645 ) ) ;
#3579 = ORIENTED_EDGE ( 'NONE', *, *, #2832, .F. ) ;
#3580 = ORIENTED_EDGE ( 'NONE', *, *, #388, .F. ) ;
#3581 = VERTEX_POINT ( 'NONE', #480 ) ;
#3582 = EDGE_CURVE ( 'NONE', #2392, #2480, #1966, .T. ) ;
#3583 = DIRECTION ( 'NONE',  ( 1.000000000000000000, 8.881784197001251337E-16, 0.000000000000000000 ) ) ;
#3584 = VERTEX_POINT ( 'NONE', #170 ) ;
#3585 = DIRECTION ( 'NONE',  ( 1.119176436114069085E-16, -1.000000000000000000, 0.000000000000000000 ) ) ;
#3586 = FACE_OUTER_BOUND ( 'NONE', #672, .T. ) ;
#3587 = VERTEX_POINT ( 'NONE', #1039 ) ;
#3588 = CARTESIAN_POINT ( 'NONE',  ( -4.927154854575753973, 3.426029190787727163, 9.923784308702620294 ) ) ;
#3589 = DIRECTION ( 'NONE',  ( 0.000000000000000000, 1.000000000000000000, 0.000000000000000000 ) ) ;
#3590 = LINE ( 'NONE', #2714, #2592 ) ;
#3591 =( BOUNDED_CURVE ( )  B_SPLINE_CURVE ( 3, ( #2784, #1091, #1366, #802 ),
 .UNSPECIFIED., .F., .T. ) 
 B_SPLINE_CURVE_WITH_KNOTS ( ( 4, 4 ),
 ( 0.000000000000000000, 3.141592653589793116 ),
 .UNSPECIFIED. ) 
 CURVE ( )  GEOMETRIC_REPRESENTATION_ITEM ( )  RATIONAL_B_SPLINE_CURVE ( ( 1.000000000000000000, 0.3333333333333333703, 0.3333333333333333703, 1.000000000000000000 ) ) 
 REPRESENTATION_ITEM ( '' )  );
#3592 = CARTESIAN_POINT ( 'NONE',  ( -3.499999999999996003, -7.500000000000000000, 27.75000000000000355 ) ) ;
#3593 = VECTOR ( 'NONE', #3377, 1000.000000000000000 ) ;
#3594 = ORIENTED_EDGE ( 'NONE', *, *, #2186, .F. ) ;
#3595 = ORIENTED_EDGE ( 'NONE', *, *, #3263, .T. ) ;
#3596 = EDGE_CURVE ( 'NONE', #1248, #3336, #2164, .T. ) ;
#3597 = AXIS2_PLACEMENT_3D ( 'NONE', #2683, #3256, #3523 ) ;
#3598 = ORIENTED_EDGE ( 'NONE', *, *, #3428, .F. ) ;
#3599 = CIRCLE ( 'NONE', #2835, 6.000000000000000888 ) ;
#3600 = DIRECTION ( 'NONE',  ( -1.156482317317871478E-16, 1.000000000000000000, 0.000000000000000000 ) ) ;
#3601 = VECTOR ( 'NONE', #2619, 1000.000000000000000 ) ;
#3602 = FACE_OUTER_BOUND ( 'NONE', #62, .T. ) ;
#3603 = EDGE_CURVE ( 'NONE', #2945, #3515, #431, .T. ) ;
#3604 = CARTESIAN_POINT ( 'NONE',  ( 3.499999999999997780, -7.299999999999999822, 21.75000000000000355 ) ) ;
#3605 = EDGE_LOOP ( 'NONE', ( #3303, #2933, #3079, #2204 ) ) ;
#3606 = CARTESIAN_POINT ( 'NONE',  ( -5.261322251207581679, 2.887138986159037746, 10.05004932073312141 ) ) ;
#3607 = CARTESIAN_POINT ( 'NONE',  ( 1.500000000000000000, 5.809475019311125976, -9.750000000000000000 ) ) ;
#3608 = PLANE ( 'NONE',  #2 ) ;
#3609 = DIRECTION ( 'NONE',  ( 0.000000000000000000, 0.000000000000000000, 1.000000000000000000 ) ) ;
#3610 = VERTEX_POINT ( 'NONE', #1104 ) ;
#3611 = VERTEX_POINT ( 'NONE', #2245 ) ;
#3612 = LINE ( 'NONE', #2219, #2460 ) ;
#3613 = EDGE_CURVE ( 'NONE', #2616, #2127, #784, .T. ) ;
#3614 = FACE_OUTER_BOUND ( 'NONE', #2437, .T. ) ;
#3615 = CARTESIAN_POINT ( 'NONE',  ( 1.500000000000000000, 0.000000000000000000, 10.75000000000000000 ) ) ;
#3616 = CARTESIAN_POINT ( 'NONE',  ( 7.500000000000000888, 5.484827557301420242, -1.249999999999999112 ) ) ;
#3617 = AXIS2_PLACEMENT_3D ( 'NONE', #29, #1156, #875 ) ;
#3618 = DIRECTION ( 'NONE',  ( 1.678764654171103751E-16, -1.000000000000000000, 0.000000000000000000 ) ) ;
#3619 = ORIENTED_EDGE ( 'NONE', *, *, #3596, .T. ) ;
#3620 = LINE ( 'NONE', #1393, #1368 ) ;
#3621 = LINE ( 'NONE', #2524, #2436 ) ;
#3622 = LINE ( 'NONE', #1970, #1736 ) ;
#3623 = EDGE_LOOP ( 'NONE', ( #2146, #2469, #1338, #399, #2699, #1877, #797, #2871, #1626, #2522, #1370, #327 ) ) ;
#3624 = ORIENTED_EDGE ( 'NONE', *, *, #2722, .F. ) ;
#3625 = EDGE_CURVE ( 'NONE', #1713, #2562, #3620, .T. ) ;
#3626 = B_SPLINE_CURVE_WITH_KNOTS ( 'NONE', 3,
 ( #261, #651, #974, #47, #2929, #1450, #2889, #1235, #105, #87, #2057, #382, #2575, #364, #3433, #670, #895, #2850 ),
 .UNSPECIFIED., .F., .F.,
 ( 4, 2, 2, 2, 2, 2, 2, 2, 4 ),
 ( 0.000000000000000000, 0.0003914898357794963026, 0.0007829796715589926051, 0.001174469507338488962, 0.001565959343117985210, 0.001957449178897481459, 0.002348939014676977924, 0.002740428850456473955, 0.003131918686235970421 ),
 .UNSPECIFIED. ) ;
#3627 = DIRECTION ( 'NONE',  ( -3.336006684570783594E-16, 1.000000000000000000, 0.000000000000000000 ) ) ;
#3628 = CARTESIAN_POINT ( 'NONE',  ( 6.200000000000000178, -2.499999999999998668, -9.750000000000001776 ) ) ;
#3629 = EDGE_CURVE ( 'NONE', #181, #3159, #889, .T. ) ;
#3630 = CARTESIAN_POINT ( 'NONE',  ( 0.000000000000000000, 0.000000000000000000, 10.75000000000000000 ) ) ;
#3631 = EDGE_CURVE ( 'NONE', #1852, #198, #3076, .T. ) ;
#3632 = LINE ( 'NONE', #2556, #1372 ) ;
#3633 = CARTESIAN_POINT ( 'NONE',  ( -5.000000000000002665, 17.99999999999999645, -9.750000000000000000 ) ) ;
#3634 = ORIENTED_EDGE ( 'NONE', *, *, #3631, .F. ) ;
#3635 =( LENGTH_UNIT ( ) NAMED_UNIT ( * ) SI_UNIT ( .MILLI., .METRE. ) );
#3636 = CARTESIAN_POINT ( 'NONE',  ( 13.41922863405994448, 7.747595264191600606, 9.050000000000000711 ) ) ;
#3637 = CYLINDRICAL_SURFACE ( 'NONE', #2247, 6.000000000000000888 ) ;
#3638 = EDGE_CURVE ( 'NONE', #3114, #3236, #236, .T. ) ;
#3639 = DIRECTION ( 'NONE',  ( 1.000000000000000000, 0.000000000000000000, 0.000000000000000000 ) ) ;
#3640 = ORIENTED_EDGE ( 'NONE', *, *, #473, .T. ) ;
#3641 = ORIENTED_EDGE ( 'NONE', *, *, #2580, .F. ) ;
#3642 = ORIENTED_EDGE ( 'NONE', *, *, #1318, .T. ) ;
#3643 = EDGE_CURVE ( 'NONE', #1488, #2717, #2474, .T. ) ;
#3644 = LINE ( 'NONE', #584, #929 ) ;
#3645 = EDGE_CURVE ( 'NONE', #385, #421, #249, .T. ) ;
#3646 = CARTESIAN_POINT ( 'NONE',  ( -4.623475382979810533, 3.824065295334235781, -1.117606119983649782 ) ) ;
ENDSEC;
END-ISO-10303-21;
