ISO-10303-21;
HEADER;
FILE_DESCRIPTION(('FreeCAD Model'),'2;1');
FILE_NAME('Open CASCADE Shape Model','2026-01-15T17:18:07',(''),(''),
  'Open CASCADE STEP processor 7.8','FreeCAD','Unknown');
FILE_SCHEMA(('AUTOMOTIVE_DESIGN { 1 0 10303 214 1 1 1 1 }'));
ENDSEC;
DATA;
#1 = APPLICATION_PROTOCOL_DEFINITION('international standard',
  'automotive_design',2000,#2);
#2 = APPLICATION_CONTEXT(
  'core data for automotive mechanical design processes');
#3 = SHAPE_DEFINITION_REPRESENTATION(#4,#10);
#4 = PRODUCT_DEFINITION_SHAPE('','',#5);
#5 = PRODUCT_DEFINITION('design','',#6,#9);
#6 = PRODUCT_DEFINITION_FORMATION('','',#7);
#7 = PRODUCT('S&KHolderAssembly','S&KHolderAssembly','',(#8));
#8 = PRODUCT_CONTEXT('',#2,'mechanical');
#9 = PRODUCT_DEFINITION_CONTEXT('part definition',#2,'design');
#10 = SHAPE_REPRESENTATION('',(#11,#15,#19),#23);
#11 = AXIS2_PLACEMENT_3D('',#12,#13,#14);
#12 = CARTESIAN_POINT('',(0.,0.,0.));
#13 = DIRECTION('',(0.,0.,1.));
#14 = DIRECTION('',(1.,0.,-0.));
#15 = AXIS2_PLACEMENT_3D('',#16,#17,#18);
#16 = CARTESIAN_POINT('',(0.,0.,0.));
#17 = DIRECTION('',(1.,0.,-2.22044604925E-16));
#18 = DIRECTION('',(-2.22044604925E-16,0.,-1.));
#19 = AXIS2_PLACEMENT_3D('',#20,#21,#22);
#20 = CARTESIAN_POINT('',(0.,0.,0.));
#21 = DIRECTION('',(1.,0.,-2.22044604925E-16));
#22 = DIRECTION('',(-2.22044604925E-16,0.,-1.));
#23 = ( GEOMETRIC_REPRESENTATION_CONTEXT(3) 
GLOBAL_UNCERTAINTY_ASSIGNED_CONTEXT((#27)) GLOBAL_UNIT_ASSIGNED_CONTEXT(
(#24,#25,#26)) REPRESENTATION_CONTEXT('Context #1',
  '3D Context with UNIT and UNCERTAINTY') );
#24 = ( LENGTH_UNIT() NAMED_UNIT(*) SI_UNIT(.MILLI.,.METRE.) );
#25 = ( NAMED_UNIT(*) PLANE_ANGLE_UNIT() SI_UNIT($,.RADIAN.) );
#26 = ( NAMED_UNIT(*) SI_UNIT($,.STERADIAN.) SOLID_ANGLE_UNIT() );
#27 = UNCERTAINTY_MEASURE_WITH_UNIT(LENGTH_MEASURE(5.E-05),#24,
  'distance_accuracy_value','confusion accuracy');
#28 = PRODUCT_RELATED_PRODUCT_CATEGORY('part',$,(#7));
#29 = SHAPE_DEFINITION_REPRESENTATION(#30,#36);
#30 = PRODUCT_DEFINITION_SHAPE('','',#31);
#31 = PRODUCT_DEFINITION('design','',#32,#35);
#32 = PRODUCT_DEFINITION_FORMATION('','',#33);
#33 = PRODUCT('S&KHolder','S&KHolder','',(#34));
#34 = PRODUCT_CONTEXT('',#2,'mechanical');
#35 = PRODUCT_DEFINITION_CONTEXT('part definition',#2,'design');
#36 = ADVANCED_BREP_SHAPE_REPRESENTATION('',(#11,#37),#2768);
#37 = MANIFOLD_SOLID_BREP('',#38);
#38 = CLOSED_SHELL('',(#39,#104,#169,#234,#299,#374,#449,#491,#533,#566,
    #608,#664,#720,#792,#864,#896,#1207,#1258,#1348,#1468,#1557,#1597,
    #1628,#1755,#1799,#1858,#1926,#1960,#1993,#2026,#2059,#2092,#2117,
    #2141,#2153,#2167,#2179,#2191,#2265,#2282,#2294,#2311,#2323,#2354,
    #2378,#2402,#2419,#2431,#2449,#2466,#2483,#2495,#2512,#2529,#2546,
    #2558,#2575,#2592,#2609,#2627,#2644,#2661,#2678,#2690,#2703,#2716,
    #2729,#2742,#2755));
#39 = ADVANCED_FACE('',(#40),#99,.F.);
#40 = FACE_BOUND('',#41,.F.);
#41 = EDGE_LOOP('',(#42,#53,#61,#84,#92));
#42 = ORIENTED_EDGE('',*,*,#43,.F.);
#43 = EDGE_CURVE('',#44,#46,#48,.T.);
#44 = VERTEX_POINT('',#45);
#45 = CARTESIAN_POINT('',(5.856406460551,8.143593539449,-1.25));
#46 = VERTEX_POINT('',#47);
#47 = CARTESIAN_POINT('',(5.,9.,-2.235465966079));
#48 = ( BOUNDED_CURVE() B_SPLINE_CURVE(3,(#49,#50,#51,#52),
.UNSPECIFIED.,.F.,.F.) B_SPLINE_CURVE_WITH_KNOTS((4,4),(0.,
1.741497102245),.PIECEWISE_BEZIER_KNOTS.) CURVE() 
GEOMETRIC_REPRESENTATION_ITEM() RATIONAL_B_SPLINE_CURVE((1.,
0.762836151568,0.762836151568,1.)) REPRESENTATION_ITEM('') );
#49 = CARTESIAN_POINT('',(5.856406460551,8.143593539449,-1.25));
#50 = CARTESIAN_POINT('',(5.856406460551,8.143593539449,-1.918392906224)
  );
#51 = CARTESIAN_POINT('',(5.482186099341,8.517813900659,-2.34900786159)
  );
#52 = CARTESIAN_POINT('',(5.,9.,-2.235465966079));
#53 = ORIENTED_EDGE('',*,*,#54,.T.);
#54 = EDGE_CURVE('',#44,#55,#57,.T.);
#55 = VERTEX_POINT('',#56);
#56 = CARTESIAN_POINT('',(4.126971986205,5.14812516152,-1.25));
#57 = LINE('',#58,#59);
#58 = CARTESIAN_POINT('',(7.013139720814,10.14711431703,-1.25));
#59 = VECTOR('',#60,1.);
#60 = DIRECTION('',(-0.5,-0.866025403784,-0.));
#61 = ORIENTED_EDGE('',*,*,#62,.T.);
#62 = EDGE_CURVE('',#55,#63,#65,.T.);
#63 = VERTEX_POINT('',#64);
#64 = CARTESIAN_POINT('',(2.382437205231,6.126502285302,-1.25));
#65 = B_SPLINE_CURVE_WITH_KNOTS('',3,(#66,#67,#68,#69,#70,#71,#72,#73,
    #74,#75,#76,#77,#78,#79,#80,#81,#82,#83),.UNSPECIFIED.,.F.,.F.,(4,2,
    2,2,2,2,2,2,4),(0.,3.914418987353E-04,7.828837974706E-04,
    1.174325696206E-03,1.565767594941E-03,1.957209493677E-03,
    2.348651392412E-03,2.740093291147E-03,3.131535189882E-03),
  .UNSPECIFIED.);
#66 = CARTESIAN_POINT('',(4.126971986205,5.14812516152,-1.25));
#67 = CARTESIAN_POINT('',(4.126971986205,5.14812516152,-1.382373780107)
  );
#68 = CARTESIAN_POINT('',(4.106347863932,5.164672375538,-1.512254162313)
  );
#69 = CARTESIAN_POINT('',(4.026100729505,5.226732272738,-1.754449562355)
  );
#70 = CARTESIAN_POINT('',(3.966460123935,5.272132876666,-1.865309537279)
  );
#71 = CARTESIAN_POINT('',(3.816005857549,5.38036977994,-2.049555371587)
  );
#72 = CARTESIAN_POINT('',(3.723913533281,5.443950288333,-2.124040154494)
  );
#73 = CARTESIAN_POINT('',(3.521200649689,5.574463284648,-2.223768907886)
  );
#74 = CARTESIAN_POINT('',(3.408376027065,5.642703309223,-2.250038119526)
  );
#75 = CARTESIAN_POINT('',(3.180413811469,5.770583556498,-2.249961795195)
  );
#76 = CARTESIAN_POINT('',(3.063942740688,5.831021688339,-2.22391755523)
  );
#77 = CARTESIAN_POINT('',(2.845301251165,5.936742512287,-2.123443646595)
  );
#78 = CARTESIAN_POINT('',(2.744287746638,5.981619591663,-2.050067039216)
  );
#79 = CARTESIAN_POINT('',(2.571393141485,6.05445060266,-1.863839609302)
  );
#80 = CARTESIAN_POINT('',(2.502257596392,6.081365714863,-1.753845636782)
  );
#81 = CARTESIAN_POINT('',(2.407341595325,6.117522289853,-1.51188973842)
  );
#82 = CARTESIAN_POINT('',(2.382437205231,6.126502285302,-1.380648909804)
  );
#83 = CARTESIAN_POINT('',(2.382437205231,6.126502285302,-1.25));
#84 = ORIENTED_EDGE('',*,*,#85,.F.);
#85 = EDGE_CURVE('',#86,#63,#88,.T.);
#86 = VERTEX_POINT('',#87);
#87 = CARTESIAN_POINT('',(4.041451884327,9.,-1.25));
#88 = LINE('',#89,#90);
#89 = CARTESIAN_POINT('',(5.281088913246,11.14711431703,-1.25));
#90 = VECTOR('',#91,1.);
#91 = DIRECTION('',(-0.5,-0.866025403784,-0.));
#92 = ORIENTED_EDGE('',*,*,#93,.F.);
#93 = EDGE_CURVE('',#46,#86,#94,.T.);
#94 = ( BOUNDED_CURVE() B_SPLINE_CURVE(3,(#95,#96,#97,#98),
.UNSPECIFIED.,.F.,.F.) B_SPLINE_CURVE_WITH_KNOTS((4,4),(4.883089755835,
6.28318530718),.PIECEWISE_BEZIER_KNOTS.) CURVE() 
GEOMETRIC_REPRESENTATION_ITEM() RATIONAL_B_SPLINE_CURVE((1.,
0.843207605652,0.843207605652,1.)) REPRESENTATION_ITEM('') );
#95 = CARTESIAN_POINT('',(5.,9.,-2.235465966079));
#96 = CARTESIAN_POINT('',(4.420381149689,9.,-2.148938136366));
#97 = CARTESIAN_POINT('',(4.041451884327,9.,-1.759367818027));
#98 = CARTESIAN_POINT('',(4.041451884327,9.,-1.25));
#99 = CYLINDRICAL_SURFACE('',#100,1.);
#100 = AXIS2_PLACEMENT_3D('',#101,#102,#103);
#101 = CARTESIAN_POINT('',(6.14711431703,10.64711431703,-1.25));
#102 = DIRECTION('',(-0.5,-0.866025403784,-0.));
#103 = DIRECTION('',(0.866025403784,-0.5,0.));
#104 = ADVANCED_FACE('',(#105),#164,.F.);
#105 = FACE_BOUND('',#106,.F.);
#106 = EDGE_LOOP('',(#107,#118,#126,#149,#157));
#107 = ORIENTED_EDGE('',*,*,#108,.F.);
#108 = EDGE_CURVE('',#109,#111,#113,.T.);
#109 = VERTEX_POINT('',#110);
#110 = CARTESIAN_POINT('',(5.856406460551,8.143593539449,9.05));
#111 = VERTEX_POINT('',#112);
#112 = CARTESIAN_POINT('',(5.,9.,8.064534033921));
#113 = ( BOUNDED_CURVE() B_SPLINE_CURVE(3,(#114,#115,#116,#117),
.UNSPECIFIED.,.F.,.F.) B_SPLINE_CURVE_WITH_KNOTS((4,4),(0.,
1.741497102245),.PIECEWISE_BEZIER_KNOTS.) CURVE() 
GEOMETRIC_REPRESENTATION_ITEM() RATIONAL_B_SPLINE_CURVE((1.,
0.762836151568,0.762836151568,1.)) REPRESENTATION_ITEM('') );
#114 = CARTESIAN_POINT('',(5.856406460551,8.143593539449,9.05));
#115 = CARTESIAN_POINT('',(5.856406460551,8.143593539449,8.381607093776)
  );
#116 = CARTESIAN_POINT('',(5.482186099341,8.517813900659,7.95099213841)
  );
#117 = CARTESIAN_POINT('',(5.,9.,8.064534033921));
#118 = ORIENTED_EDGE('',*,*,#119,.T.);
#119 = EDGE_CURVE('',#109,#120,#122,.T.);
#120 = VERTEX_POINT('',#121);
#121 = CARTESIAN_POINT('',(4.126971986205,5.14812516152,9.05));
#122 = LINE('',#123,#124);
#123 = CARTESIAN_POINT('',(7.013139720814,10.14711431703,9.05));
#124 = VECTOR('',#125,1.);
#125 = DIRECTION('',(-0.5,-0.866025403784,-0.));
#126 = ORIENTED_EDGE('',*,*,#127,.T.);
#127 = EDGE_CURVE('',#120,#128,#130,.T.);
#128 = VERTEX_POINT('',#129);
#129 = CARTESIAN_POINT('',(2.382437205231,6.126502285302,9.05));
#130 = B_SPLINE_CURVE_WITH_KNOTS('',3,(#131,#132,#133,#134,#135,#136,
    #137,#138,#139,#140,#141,#142,#143,#144,#145,#146,#147,#148),
  .UNSPECIFIED.,.F.,.F.,(4,2,2,2,2,2,2,2,4),(0.,3.914418987353E-04,
    7.828837974706E-04,1.174325696206E-03,1.565767594941E-03,
    1.957209493677E-03,2.348651392412E-03,2.740093291147E-03,
    3.131535189882E-03),.UNSPECIFIED.);
#131 = CARTESIAN_POINT('',(4.126971986205,5.14812516152,9.05));
#132 = CARTESIAN_POINT('',(4.126971986205,5.14812516152,8.917626219893)
  );
#133 = CARTESIAN_POINT('',(4.106347863932,5.164672375538,8.787745837687)
  );
#134 = CARTESIAN_POINT('',(4.026100729505,5.226732272738,8.545550437645)
  );
#135 = CARTESIAN_POINT('',(3.966460123935,5.272132876666,8.434690462721)
  );
#136 = CARTESIAN_POINT('',(3.816005857549,5.38036977994,8.250444628413)
  );
#137 = CARTESIAN_POINT('',(3.723913533281,5.443950288333,8.175959845506)
  );
#138 = CARTESIAN_POINT('',(3.521200649689,5.574463284648,8.076231092114)
  );
#139 = CARTESIAN_POINT('',(3.408376027065,5.642703309223,8.049961880474)
  );
#140 = CARTESIAN_POINT('',(3.180413811469,5.770583556498,8.050038204805)
  );
#141 = CARTESIAN_POINT('',(3.063942740688,5.831021688339,8.07608244477)
  );
#142 = CARTESIAN_POINT('',(2.845301251165,5.936742512287,8.176556353405)
  );
#143 = CARTESIAN_POINT('',(2.744287746638,5.981619591663,8.249932960784)
  );
#144 = CARTESIAN_POINT('',(2.571393141485,6.05445060266,8.436160390698)
  );
#145 = CARTESIAN_POINT('',(2.502257596392,6.081365714863,8.546154363218)
  );
#146 = CARTESIAN_POINT('',(2.407341595325,6.117522289853,8.78811026158)
  );
#147 = CARTESIAN_POINT('',(2.382437205231,6.126502285302,8.919351090196)
  );
#148 = CARTESIAN_POINT('',(2.382437205231,6.126502285302,9.05));
#149 = ORIENTED_EDGE('',*,*,#150,.F.);
#150 = EDGE_CURVE('',#151,#128,#153,.T.);
#151 = VERTEX_POINT('',#152);
#152 = CARTESIAN_POINT('',(4.041451884327,9.,9.05));
#153 = LINE('',#154,#155);
#154 = CARTESIAN_POINT('',(5.281088913246,11.14711431703,9.05));
#155 = VECTOR('',#156,1.);
#156 = DIRECTION('',(-0.5,-0.866025403784,-0.));
#157 = ORIENTED_EDGE('',*,*,#158,.F.);
#158 = EDGE_CURVE('',#111,#151,#159,.T.);
#159 = ( BOUNDED_CURVE() B_SPLINE_CURVE(3,(#160,#161,#162,#163),
.UNSPECIFIED.,.F.,.F.) B_SPLINE_CURVE_WITH_KNOTS((4,4),(4.883089755835,
6.28318530718),.PIECEWISE_BEZIER_KNOTS.) CURVE() 
GEOMETRIC_REPRESENTATION_ITEM() RATIONAL_B_SPLINE_CURVE((1.,
0.843207605652,0.843207605652,1.)) REPRESENTATION_ITEM('') );
#160 = CARTESIAN_POINT('',(5.,9.,8.064534033921));
#161 = CARTESIAN_POINT('',(4.420381149689,9.,8.151061863634));
#162 = CARTESIAN_POINT('',(4.041451884327,9.,8.540632181973));
#163 = CARTESIAN_POINT('',(4.041451884327,9.,9.05));
#164 = CYLINDRICAL_SURFACE('',#165,1.);
#165 = AXIS2_PLACEMENT_3D('',#166,#167,#168);
#166 = CARTESIAN_POINT('',(6.14711431703,10.64711431703,9.05));
#167 = DIRECTION('',(-0.5,-0.866025403784,-0.));
#168 = DIRECTION('',(0.866025403784,-0.5,0.));
#169 = ADVANCED_FACE('',(#170),#229,.F.);
#170 = FACE_BOUND('',#171,.F.);
#171 = EDGE_LOOP('',(#172,#183,#191,#214,#222));
#172 = ORIENTED_EDGE('',*,*,#173,.T.);
#173 = EDGE_CURVE('',#174,#176,#178,.T.);
#174 = VERTEX_POINT('',#175);
#175 = CARTESIAN_POINT('',(9.,5.,-2.235465966079));
#176 = VERTEX_POINT('',#177);
#177 = CARTESIAN_POINT('',(9.,4.041451884327,-1.25));
#178 = ( BOUNDED_CURVE() B_SPLINE_CURVE(3,(#179,#180,#181,#182),
.UNSPECIFIED.,.F.,.F.) B_SPLINE_CURVE_WITH_KNOTS((4,4),(4.883089755835,
6.28318530718),.PIECEWISE_BEZIER_KNOTS.) CURVE() 
GEOMETRIC_REPRESENTATION_ITEM() RATIONAL_B_SPLINE_CURVE((1.,
0.843207605652,0.843207605652,1.)) REPRESENTATION_ITEM('') );
#179 = CARTESIAN_POINT('',(9.,5.,-2.235465966079));
#180 = CARTESIAN_POINT('',(9.,4.420381149689,-2.148938136366));
#181 = CARTESIAN_POINT('',(9.,4.041451884327,-1.759367818027));
#182 = CARTESIAN_POINT('',(9.,4.041451884327,-1.25));
#183 = ORIENTED_EDGE('',*,*,#184,.T.);
#184 = EDGE_CURVE('',#176,#185,#187,.T.);
#185 = VERTEX_POINT('',#186);
#186 = CARTESIAN_POINT('',(6.126502285302,2.382437205231,-1.25));
#187 = LINE('',#188,#189);
#188 = CARTESIAN_POINT('',(11.14711431703,5.281088913246,-1.25));
#189 = VECTOR('',#190,1.);
#190 = DIRECTION('',(-0.866025403784,-0.5,0.));
#191 = ORIENTED_EDGE('',*,*,#192,.F.);
#192 = EDGE_CURVE('',#193,#185,#195,.T.);
#193 = VERTEX_POINT('',#194);
#194 = CARTESIAN_POINT('',(5.14812516152,4.126971986205,-1.25));
#195 = B_SPLINE_CURVE_WITH_KNOTS('',3,(#196,#197,#198,#199,#200,#201,
    #202,#203,#204,#205,#206,#207,#208,#209,#210,#211,#212,#213),
  .UNSPECIFIED.,.F.,.F.,(4,2,2,2,2,2,2,2,4),(3.131525559123E-03,
    3.522872979326E-03,3.914220399529E-03,4.305567819732E-03,
    4.696915239935E-03,5.088262660138E-03,5.479610080341E-03,
    5.870957500544E-03,6.262304920747E-03),.UNSPECIFIED.);
#196 = CARTESIAN_POINT('',(5.14812516152,4.126971986205,-1.25));
#197 = CARTESIAN_POINT('',(5.14812516152,4.126971986205,-1.380605506274)
  );
#198 = CARTESIAN_POINT('',(5.164758124108,4.106233788175,-1.512380168786
    ));
#199 = CARTESIAN_POINT('',(5.226347666461,4.026601230554,-1.753156222476
    ));
#200 = CARTESIAN_POINT('',(5.271775217031,3.966941792263,-1.864554501894
    ));
#201 = CARTESIAN_POINT('',(5.380011168947,3.816519736078,-2.049090174169
    ));
#202 = CARTESIAN_POINT('',(5.443105687742,3.725200837381,-2.123297690565
    ));
#203 = CARTESIAN_POINT('',(5.574563838134,3.521068861651,-2.223942276037
    ));
#204 = CARTESIAN_POINT('',(5.641867126353,3.409856007852,-2.250005894429
    ));
#205 = CARTESIAN_POINT('',(5.771177623781,3.179365411533,-2.24999410358)
  );
#206 = CARTESIAN_POINT('',(5.831100621854,3.063776058629,-2.223829398846
    ));
#207 = CARTESIAN_POINT('',(5.936595822453,2.845608058023,-2.123596188121
    ));
#208 = CARTESIAN_POINT('',(5.981851410566,2.7437198434,-2.049339328386)
  );
#209 = CARTESIAN_POINT('',(6.053859544457,2.572813760648,-1.865485215951
    ));
#210 = CARTESIAN_POINT('',(6.08124779255,2.502556384232,-1.754194422735)
  );
#211 = CARTESIAN_POINT('',(6.117301982367,2.407930606789,-1.513800232099
    ));
#212 = CARTESIAN_POINT('',(6.126502285302,2.382437205231,-1.38234623638)
  );
#213 = CARTESIAN_POINT('',(6.126502285302,2.382437205231,-1.25));
#214 = ORIENTED_EDGE('',*,*,#215,.F.);
#215 = EDGE_CURVE('',#216,#193,#218,.T.);
#216 = VERTEX_POINT('',#217);
#217 = CARTESIAN_POINT('',(8.143593539449,5.856406460551,-1.25));
#218 = LINE('',#219,#220);
#219 = CARTESIAN_POINT('',(10.14711431703,7.013139720814,-1.25));
#220 = VECTOR('',#221,1.);
#221 = DIRECTION('',(-0.866025403784,-0.5,0.));
#222 = ORIENTED_EDGE('',*,*,#223,.T.);
#223 = EDGE_CURVE('',#216,#174,#224,.T.);
#224 = ( BOUNDED_CURVE() B_SPLINE_CURVE(3,(#225,#226,#227,#228),
.UNSPECIFIED.,.F.,.F.) B_SPLINE_CURVE_WITH_KNOTS((4,4),(0.,
1.741497102245),.PIECEWISE_BEZIER_KNOTS.) CURVE() 
GEOMETRIC_REPRESENTATION_ITEM() RATIONAL_B_SPLINE_CURVE((1.,
0.762836151568,0.762836151568,1.)) REPRESENTATION_ITEM('') );
#225 = CARTESIAN_POINT('',(8.143593539449,5.856406460551,-1.25));
#226 = CARTESIAN_POINT('',(8.143593539449,5.856406460551,-1.918392906224
    ));
#227 = CARTESIAN_POINT('',(8.517813900659,5.482186099341,-2.34900786159)
  );
#228 = CARTESIAN_POINT('',(9.,5.,-2.235465966079));
#229 = CYLINDRICAL_SURFACE('',#230,1.);
#230 = AXIS2_PLACEMENT_3D('',#231,#232,#233);
#231 = CARTESIAN_POINT('',(10.64711431703,6.14711431703,-1.25));
#232 = DIRECTION('',(-0.866025403784,-0.5,0.));
#233 = DIRECTION('',(0.5,-0.866025403784,0.));
#234 = ADVANCED_FACE('',(#235),#294,.F.);
#235 = FACE_BOUND('',#236,.F.);
#236 = EDGE_LOOP('',(#237,#248,#256,#279,#287));
#237 = ORIENTED_EDGE('',*,*,#238,.T.);
#238 = EDGE_CURVE('',#239,#241,#243,.T.);
#239 = VERTEX_POINT('',#240);
#240 = CARTESIAN_POINT('',(9.,5.,8.064534033921));
#241 = VERTEX_POINT('',#242);
#242 = CARTESIAN_POINT('',(9.,4.041451884327,9.05));
#243 = ( BOUNDED_CURVE() B_SPLINE_CURVE(3,(#244,#245,#246,#247),
.UNSPECIFIED.,.F.,.F.) B_SPLINE_CURVE_WITH_KNOTS((4,4),(4.883089755835,
6.28318530718),.PIECEWISE_BEZIER_KNOTS.) CURVE() 
GEOMETRIC_REPRESENTATION_ITEM() RATIONAL_B_SPLINE_CURVE((1.,
0.843207605652,0.843207605652,1.)) REPRESENTATION_ITEM('') );
#244 = CARTESIAN_POINT('',(9.,5.,8.064534033921));
#245 = CARTESIAN_POINT('',(9.,4.420381149689,8.151061863634));
#246 = CARTESIAN_POINT('',(9.,4.041451884327,8.540632181973));
#247 = CARTESIAN_POINT('',(9.,4.041451884327,9.05));
#248 = ORIENTED_EDGE('',*,*,#249,.T.);
#249 = EDGE_CURVE('',#241,#250,#252,.T.);
#250 = VERTEX_POINT('',#251);
#251 = CARTESIAN_POINT('',(6.126502285302,2.382437205231,9.05));
#252 = LINE('',#253,#254);
#253 = CARTESIAN_POINT('',(11.14711431703,5.281088913246,9.05));
#254 = VECTOR('',#255,1.);
#255 = DIRECTION('',(-0.866025403784,-0.5,0.));
#256 = ORIENTED_EDGE('',*,*,#257,.F.);
#257 = EDGE_CURVE('',#258,#250,#260,.T.);
#258 = VERTEX_POINT('',#259);
#259 = CARTESIAN_POINT('',(5.14812516152,4.126971986205,9.05));
#260 = B_SPLINE_CURVE_WITH_KNOTS('',3,(#261,#262,#263,#264,#265,#266,
    #267,#268,#269,#270,#271,#272,#273,#274,#275,#276,#277,#278),
  .UNSPECIFIED.,.F.,.F.,(4,2,2,2,2,2,2,2,4),(3.131525559123E-03,
    3.522872979326E-03,3.914220399529E-03,4.305567819732E-03,
    4.696915239935E-03,5.088262660138E-03,5.479610080341E-03,
    5.870957500544E-03,6.262304920747E-03),.UNSPECIFIED.);
#261 = CARTESIAN_POINT('',(5.14812516152,4.126971986205,9.05));
#262 = CARTESIAN_POINT('',(5.14812516152,4.126971986205,8.919394493726)
  );
#263 = CARTESIAN_POINT('',(5.164758124108,4.106233788175,8.787619831214)
  );
#264 = CARTESIAN_POINT('',(5.226347666461,4.026601230554,8.546843777524)
  );
#265 = CARTESIAN_POINT('',(5.271775217031,3.966941792263,8.435445498106)
  );
#266 = CARTESIAN_POINT('',(5.380011168947,3.816519736078,8.250909825831)
  );
#267 = CARTESIAN_POINT('',(5.443105687742,3.725200837381,8.176702309435)
  );
#268 = CARTESIAN_POINT('',(5.574563838134,3.521068861651,8.076057723963)
  );
#269 = CARTESIAN_POINT('',(5.641867126353,3.409856007852,8.049994105571)
  );
#270 = CARTESIAN_POINT('',(5.771177623781,3.179365411533,8.05000589642)
  );
#271 = CARTESIAN_POINT('',(5.831100621854,3.063776058629,8.076170601154)
  );
#272 = CARTESIAN_POINT('',(5.936595822453,2.845608058023,8.176403811879)
  );
#273 = CARTESIAN_POINT('',(5.981851410566,2.7437198434,8.250660671614));
#274 = CARTESIAN_POINT('',(6.053859544457,2.572813760648,8.434514784049)
  );
#275 = CARTESIAN_POINT('',(6.08124779255,2.502556384232,8.545805577265)
  );
#276 = CARTESIAN_POINT('',(6.117301982367,2.407930606789,8.786199767901)
  );
#277 = CARTESIAN_POINT('',(6.126502285302,2.382437205231,8.91765376362)
  );
#278 = CARTESIAN_POINT('',(6.126502285302,2.382437205231,9.05));
#279 = ORIENTED_EDGE('',*,*,#280,.F.);
#280 = EDGE_CURVE('',#281,#258,#283,.T.);
#281 = VERTEX_POINT('',#282);
#282 = CARTESIAN_POINT('',(8.143593539449,5.856406460551,9.05));
#283 = LINE('',#284,#285);
#284 = CARTESIAN_POINT('',(10.14711431703,7.013139720814,9.05));
#285 = VECTOR('',#286,1.);
#286 = DIRECTION('',(-0.866025403784,-0.5,0.));
#287 = ORIENTED_EDGE('',*,*,#288,.T.);
#288 = EDGE_CURVE('',#281,#239,#289,.T.);
#289 = ( BOUNDED_CURVE() B_SPLINE_CURVE(3,(#290,#291,#292,#293),
.UNSPECIFIED.,.F.,.F.) B_SPLINE_CURVE_WITH_KNOTS((4,4),(0.,
1.741497102245),.PIECEWISE_BEZIER_KNOTS.) CURVE() 
GEOMETRIC_REPRESENTATION_ITEM() RATIONAL_B_SPLINE_CURVE((1.,
0.762836151568,0.762836151568,1.)) REPRESENTATION_ITEM('') );
#290 = CARTESIAN_POINT('',(8.143593539449,5.856406460551,9.05));
#291 = CARTESIAN_POINT('',(8.143593539449,5.856406460551,8.381607093776)
  );
#292 = CARTESIAN_POINT('',(8.517813900659,5.482186099341,7.95099213841)
  );
#293 = CARTESIAN_POINT('',(9.,5.,8.064534033921));
#294 = CYLINDRICAL_SURFACE('',#295,1.);
#295 = AXIS2_PLACEMENT_3D('',#296,#297,#298);
#296 = CARTESIAN_POINT('',(10.64711431703,6.14711431703,9.05));
#297 = DIRECTION('',(-0.866025403784,-0.5,0.));
#298 = DIRECTION('',(0.5,-0.866025403784,0.));
#299 = ADVANCED_FACE('',(#300),#369,.F.);
#300 = FACE_BOUND('',#301,.F.);
#301 = EDGE_LOOP('',(#302,#323,#331,#354,#362));
#302 = ORIENTED_EDGE('',*,*,#303,.T.);
#303 = EDGE_CURVE('',#304,#306,#308,.T.);
#304 = VERTEX_POINT('',#305);
#305 = CARTESIAN_POINT('',(-9.,5.,-2.235465966079));
#306 = VERTEX_POINT('',#307);
#307 = CARTESIAN_POINT('',(-8.803745679471,6.237545476299,-1.25));
#308 = B_SPLINE_CURVE_WITH_KNOTS('',3,(#309,#310,#311,#312,#313,#314,
    #315,#316,#317,#318,#319,#320,#321,#322),.UNSPECIFIED.,.F.,.F.,(4,2,
    2,2,2,2,4),(0.,4.532100540825E-04,6.798150811238E-04,
    9.064201081651E-04,1.359630162248E-03,1.586235189289E-03,
    1.81284021633E-03),.UNSPECIFIED.);
#309 = CARTESIAN_POINT('',(-9.,5.,-2.235465966079));
#310 = CARTESIAN_POINT('',(-9.,5.151384593879,-2.258065266211));
#311 = CARTESIAN_POINT('',(-8.991157106792,5.304447159541,
    -2.254961942117));
#312 = CARTESIAN_POINT('',(-8.966008607047,5.52562487559,-2.205770139397
    ));
#313 = CARTESIAN_POINT('',(-8.955873118666,5.596500893754,
    -2.182273981588));
#314 = CARTESIAN_POINT('',(-8.93298771772,5.732361290277,-2.120200500997
    ));
#315 = CARTESIAN_POINT('',(-8.920070315872,5.797940861864,
    -2.080976988732));
#316 = CARTESIAN_POINT('',(-8.881178621101,5.975241566367,
    -1.944707876348));
#317 = CARTESIAN_POINT('',(-8.85415199993,6.072450497691,-1.825099509669
    ));
#318 = CARTESIAN_POINT('',(-8.825096698024,6.170382278535,
    -1.622301252296));
#319 = CARTESIAN_POINT('',(-8.817137676687,6.195728337818,
    -1.549524851398));
#320 = CARTESIAN_POINT('',(-8.806528242758,6.229084634082,
    -1.401974397422));
#321 = CARTESIAN_POINT('',(-8.803745679471,6.237545476299,-1.32674209436
    ));
#322 = CARTESIAN_POINT('',(-8.803745679471,6.237545476299,-1.25));
#323 = ORIENTED_EDGE('',*,*,#324,.T.);
#324 = EDGE_CURVE('',#306,#325,#327,.T.);
#325 = VERTEX_POINT('',#326);
#326 = CARTESIAN_POINT('',(-4.853936440417,3.957122048883,-1.25));
#327 = LINE('',#328,#329);
#328 = CARTESIAN_POINT('',(-10.14711431703,7.013139720814,-1.25));
#329 = VECTOR('',#330,1.);
#330 = DIRECTION('',(0.866025403784,-0.5,0.));
#331 = ORIENTED_EDGE('',*,*,#332,.F.);
#332 = EDGE_CURVE('',#333,#325,#335,.T.);
#333 = VERTEX_POINT('',#334);
#334 = CARTESIAN_POINT('',(-5.773155234913,2.178432190571,-1.25));
#335 = B_SPLINE_CURVE_WITH_KNOTS('',3,(#336,#337,#338,#339,#340,#341,
    #342,#343,#344,#345,#346,#347,#348,#349,#350,#351,#352,#353),
  .UNSPECIFIED.,.F.,.F.,(4,2,2,2,2,2,2,2,4),(3.133164034372E-03,
    3.524695803668E-03,3.916227572964E-03,4.30775934226E-03,
    4.699291111556E-03,5.090822880852E-03,5.482354650148E-03,
    5.873886419444E-03,6.26541818874E-03),.UNSPECIFIED.);
#336 = CARTESIAN_POINT('',(-5.773155234913,2.178432190571,-1.25));
#337 = CARTESIAN_POINT('',(-5.773155234913,2.178432190571,
    -1.380697020139));
#338 = CARTESIAN_POINT('',(-5.764893720936,2.204051472448,
    -1.512483469621));
#339 = CARTESIAN_POINT('',(-5.731999605641,2.300164355385,
    -1.753071031658));
#340 = CARTESIAN_POINT('',(-5.707006996114,2.371401506808,-1.86417833854
    ));
#341 = CARTESIAN_POINT('',(-5.640681843342,2.545203235526,
    -2.048306863995));
#342 = CARTESIAN_POINT('',(-5.599087214375,2.648210917521,
    -2.122330180529));
#343 = CARTESIAN_POINT('',(-5.500882213841,2.870367855672,
    -2.223187703904));
#344 = CARTESIAN_POINT('',(-5.445100836877,2.987597146605,
    -2.249584670192));
#345 = CARTESIAN_POINT('',(-5.323641937456,3.222563379143,
    -2.250405674439));
#346 = CARTESIAN_POINT('',(-5.260049013189,3.33622611734,-2.224689291119
    ));
#347 = CARTESIAN_POINT('',(-5.135667600149,3.544663853503,
    -2.124803742218));
#348 = CARTESIAN_POINT('',(-5.075439292267,3.638526086018,
    -2.050533632111));
#349 = CARTESIAN_POINT('',(-4.972378314864,3.792556474311,
    -1.866291190873));
#350 = CARTESIAN_POINT('',(-4.928923930208,3.853846160748,
    -1.754741325418));
#351 = CARTESIAN_POINT('',(-4.870025100198,3.935600453565,
    -1.513936519275));
#352 = CARTESIAN_POINT('',(-4.853936440417,3.957122048883,
    -1.382399059021));
#353 = CARTESIAN_POINT('',(-4.853936440417,3.957122048883,-1.25));
#354 = ORIENTED_EDGE('',*,*,#355,.F.);
#355 = EDGE_CURVE('',#356,#333,#358,.T.);
#356 = VERTEX_POINT('',#357);
#357 = CARTESIAN_POINT('',(-9.,4.041451884327,-1.25));
#358 = LINE('',#359,#360);
#359 = CARTESIAN_POINT('',(-11.14711431703,5.281088913246,-1.25));
#360 = VECTOR('',#361,1.);
#361 = DIRECTION('',(0.866025403784,-0.5,0.));
#362 = ORIENTED_EDGE('',*,*,#363,.T.);
#363 = EDGE_CURVE('',#356,#304,#364,.T.);
#364 = ( BOUNDED_CURVE() B_SPLINE_CURVE(3,(#365,#366,#367,#368),
.UNSPECIFIED.,.F.,.F.) B_SPLINE_CURVE_WITH_KNOTS((4,4),(0.,
1.400095551345),.PIECEWISE_BEZIER_KNOTS.) CURVE() 
GEOMETRIC_REPRESENTATION_ITEM() RATIONAL_B_SPLINE_CURVE((1.,
0.843207605652,0.843207605652,1.)) REPRESENTATION_ITEM('') );
#365 = CARTESIAN_POINT('',(-9.,4.041451884327,-1.25));
#366 = CARTESIAN_POINT('',(-9.,4.041451884327,-1.759367818027));
#367 = CARTESIAN_POINT('',(-9.,4.420381149689,-2.148938136366));
#368 = CARTESIAN_POINT('',(-9.,5.,-2.235465966079));
#369 = CYLINDRICAL_SURFACE('',#370,1.);
#370 = AXIS2_PLACEMENT_3D('',#371,#372,#373);
#371 = CARTESIAN_POINT('',(-10.64711431703,6.14711431703,-1.25));
#372 = DIRECTION('',(0.866025403784,-0.5,0.));
#373 = DIRECTION('',(0.5,0.866025403784,0.));
#374 = ADVANCED_FACE('',(#375),#444,.F.);
#375 = FACE_BOUND('',#376,.F.);
#376 = EDGE_LOOP('',(#377,#398,#406,#429,#437));
#377 = ORIENTED_EDGE('',*,*,#378,.T.);
#378 = EDGE_CURVE('',#379,#381,#383,.T.);
#379 = VERTEX_POINT('',#380);
#380 = CARTESIAN_POINT('',(-9.,5.,8.064534033921));
#381 = VERTEX_POINT('',#382);
#382 = CARTESIAN_POINT('',(-8.803745679471,6.237545476299,9.05));
#383 = B_SPLINE_CURVE_WITH_KNOTS('',3,(#384,#385,#386,#387,#388,#389,
    #390,#391,#392,#393,#394,#395,#396,#397),.UNSPECIFIED.,.F.,.F.,(4,2,
    2,2,2,2,4),(0.,4.532100540825E-04,6.798150811238E-04,
    9.064201081651E-04,1.359630162248E-03,1.586235189289E-03,
    1.81284021633E-03),.UNSPECIFIED.);
#384 = CARTESIAN_POINT('',(-9.,5.,8.064534033921));
#385 = CARTESIAN_POINT('',(-9.,5.151384593879,8.041934733789));
#386 = CARTESIAN_POINT('',(-8.991157106792,5.304447159541,8.045038057883
    ));
#387 = CARTESIAN_POINT('',(-8.966008607047,5.52562487559,8.094229860603)
  );
#388 = CARTESIAN_POINT('',(-8.955873118666,5.596500893754,8.117726018412
    ));
#389 = CARTESIAN_POINT('',(-8.93298771772,5.732361290277,8.179799499003)
  );
#390 = CARTESIAN_POINT('',(-8.920070315872,5.797940861864,8.219023011268
    ));
#391 = CARTESIAN_POINT('',(-8.881178621101,5.975241566367,8.355292123652
    ));
#392 = CARTESIAN_POINT('',(-8.85415199993,6.072450497691,8.474900490331)
  );
#393 = CARTESIAN_POINT('',(-8.825096698024,6.170382278535,8.677698747704
    ));
#394 = CARTESIAN_POINT('',(-8.817137676687,6.195728337818,8.750475148602
    ));
#395 = CARTESIAN_POINT('',(-8.806528242758,6.229084634082,8.898025602578
    ));
#396 = CARTESIAN_POINT('',(-8.803745679471,6.237545476299,8.97325790564)
  );
#397 = CARTESIAN_POINT('',(-8.803745679471,6.237545476299,9.05));
#398 = ORIENTED_EDGE('',*,*,#399,.T.);
#399 = EDGE_CURVE('',#381,#400,#402,.T.);
#400 = VERTEX_POINT('',#401);
#401 = CARTESIAN_POINT('',(-4.853936440417,3.957122048883,9.05));
#402 = LINE('',#403,#404);
#403 = CARTESIAN_POINT('',(-10.14711431703,7.013139720814,9.05));
#404 = VECTOR('',#405,1.);
#405 = DIRECTION('',(0.866025403784,-0.5,0.));
#406 = ORIENTED_EDGE('',*,*,#407,.F.);
#407 = EDGE_CURVE('',#408,#400,#410,.T.);
#408 = VERTEX_POINT('',#409);
#409 = CARTESIAN_POINT('',(-5.773155234913,2.178432190571,9.05));
#410 = B_SPLINE_CURVE_WITH_KNOTS('',3,(#411,#412,#413,#414,#415,#416,
    #417,#418,#419,#420,#421,#422,#423,#424,#425,#426,#427,#428),
  .UNSPECIFIED.,.F.,.F.,(4,2,2,2,2,2,2,2,4),(3.133164034372E-03,
    3.524695803668E-03,3.916227572964E-03,4.30775934226E-03,
    4.699291111556E-03,5.090822880852E-03,5.482354650148E-03,
    5.873886419444E-03,6.26541818874E-03),.UNSPECIFIED.);
#411 = CARTESIAN_POINT('',(-5.773155234913,2.178432190571,9.05));
#412 = CARTESIAN_POINT('',(-5.773155234913,2.178432190571,8.919302979861
    ));
#413 = CARTESIAN_POINT('',(-5.764893720936,2.204051472448,8.787516530379
    ));
#414 = CARTESIAN_POINT('',(-5.731999605641,2.300164355385,8.546928968342
    ));
#415 = CARTESIAN_POINT('',(-5.707006996114,2.371401506808,8.43582166146)
  );
#416 = CARTESIAN_POINT('',(-5.640681843342,2.545203235526,8.251693136005
    ));
#417 = CARTESIAN_POINT('',(-5.599087214375,2.648210917521,8.177669819471
    ));
#418 = CARTESIAN_POINT('',(-5.500882213841,2.870367855672,8.076812296096
    ));
#419 = CARTESIAN_POINT('',(-5.445100836877,2.987597146605,8.050415329808
    ));
#420 = CARTESIAN_POINT('',(-5.323641937456,3.222563379143,8.049594325561
    ));
#421 = CARTESIAN_POINT('',(-5.260049013189,3.33622611734,8.075310708881)
  );
#422 = CARTESIAN_POINT('',(-5.135667600149,3.544663853503,8.175196257782
    ));
#423 = CARTESIAN_POINT('',(-5.075439292267,3.638526086018,8.249466367889
    ));
#424 = CARTESIAN_POINT('',(-4.972378314864,3.792556474311,8.433708809127
    ));
#425 = CARTESIAN_POINT('',(-4.928923930208,3.853846160748,8.545258674582
    ));
#426 = CARTESIAN_POINT('',(-4.870025100198,3.935600453565,8.786063480725
    ));
#427 = CARTESIAN_POINT('',(-4.853936440417,3.957122048883,8.917600940979
    ));
#428 = CARTESIAN_POINT('',(-4.853936440417,3.957122048883,9.05));
#429 = ORIENTED_EDGE('',*,*,#430,.F.);
#430 = EDGE_CURVE('',#431,#408,#433,.T.);
#431 = VERTEX_POINT('',#432);
#432 = CARTESIAN_POINT('',(-9.,4.041451884327,9.05));
#433 = LINE('',#434,#435);
#434 = CARTESIAN_POINT('',(-11.14711431703,5.281088913246,9.05));
#435 = VECTOR('',#436,1.);
#436 = DIRECTION('',(0.866025403784,-0.5,0.));
#437 = ORIENTED_EDGE('',*,*,#438,.T.);
#438 = EDGE_CURVE('',#431,#379,#439,.T.);
#439 = ( BOUNDED_CURVE() B_SPLINE_CURVE(3,(#440,#441,#442,#443),
.UNSPECIFIED.,.F.,.F.) B_SPLINE_CURVE_WITH_KNOTS((4,4),(0.,
1.400095551345),.PIECEWISE_BEZIER_KNOTS.) CURVE() 
GEOMETRIC_REPRESENTATION_ITEM() RATIONAL_B_SPLINE_CURVE((1.,
0.843207605652,0.843207605652,1.)) REPRESENTATION_ITEM('') );
#440 = CARTESIAN_POINT('',(-9.,4.041451884327,9.05));
#441 = CARTESIAN_POINT('',(-9.,4.041451884327,8.540632181973));
#442 = CARTESIAN_POINT('',(-9.,4.420381149689,8.151061863634));
#443 = CARTESIAN_POINT('',(-9.,5.,8.064534033921));
#444 = CYLINDRICAL_SURFACE('',#445,1.);
#445 = AXIS2_PLACEMENT_3D('',#446,#447,#448);
#446 = CARTESIAN_POINT('',(-10.64711431703,6.14711431703,9.05));
#447 = DIRECTION('',(0.866025403784,-0.5,0.));
#448 = DIRECTION('',(0.5,0.866025403784,0.));
#449 = ADVANCED_FACE('',(#450),#486,.F.);
#450 = FACE_BOUND('',#451,.F.);
#451 = EDGE_LOOP('',(#452,#462,#471,#479));
#452 = ORIENTED_EDGE('',*,*,#453,.T.);
#453 = EDGE_CURVE('',#454,#456,#458,.T.);
#454 = VERTEX_POINT('',#455);
#455 = CARTESIAN_POINT('',(-5.935042533589,1.591350955053,10.55));
#456 = VERTEX_POINT('',#457);
#457 = CARTESIAN_POINT('',(-6.130190932571,1.635135682695,10.75));
#458 = LINE('',#459,#460);
#459 = CARTESIAN_POINT('',(-5.935042533589,1.591350955053,10.55));
#460 = VECTOR('',#461,1.);
#461 = DIRECTION('',(-0.689953781291,0.154802389137,0.707106781187));
#462 = ORIENTED_EDGE('',*,*,#463,.T.);
#463 = EDGE_CURVE('',#456,#464,#466,.T.);
#464 = VERTEX_POINT('',#465);
#465 = CARTESIAN_POINT('',(6.712132034356,0.212132034356,10.75));
#466 = CIRCLE('',#467,6.5);
#467 = AXIS2_PLACEMENT_3D('',#468,#469,#470);
#468 = CARTESIAN_POINT('',(0.212132034356,0.212132034356,10.75));
#469 = DIRECTION('',(0.,0.,-1.));
#470 = DIRECTION('',(1.,0.,0.));
#471 = ORIENTED_EDGE('',*,*,#472,.F.);
#472 = EDGE_CURVE('',#473,#464,#475,.T.);
#473 = VERTEX_POINT('',#474);
#474 = CARTESIAN_POINT('',(6.512132034356,0.212132034356,10.55));
#475 = LINE('',#476,#477);
#476 = CARTESIAN_POINT('',(6.512132034356,0.212132034356,10.55));
#477 = VECTOR('',#478,1.);
#478 = DIRECTION('',(0.707106781187,0.,0.707106781187));
#479 = ORIENTED_EDGE('',*,*,#480,.T.);
#480 = EDGE_CURVE('',#473,#454,#481,.T.);
#481 = CIRCLE('',#482,6.3);
#482 = AXIS2_PLACEMENT_3D('',#483,#484,#485);
#483 = CARTESIAN_POINT('',(0.212132034356,0.212132034356,10.55));
#484 = DIRECTION('',(0.,0.,1.));
#485 = DIRECTION('',(1.,0.,-0.));
#486 = CONICAL_SURFACE('',#487,6.3,0.785398163397);
#487 = AXIS2_PLACEMENT_3D('',#488,#489,#490);
#488 = CARTESIAN_POINT('',(0.212132034356,0.212132034356,10.55));
#489 = DIRECTION('',(0.,0.,1.));
#490 = DIRECTION('',(1.,0.,-0.));
#491 = ADVANCED_FACE('',(#492),#528,.F.);
#492 = FACE_BOUND('',#493,.F.);
#493 = EDGE_LOOP('',(#494,#504,#513,#521));
#494 = ORIENTED_EDGE('',*,*,#495,.F.);
#495 = EDGE_CURVE('',#496,#498,#500,.T.);
#496 = VERTEX_POINT('',#497);
#497 = CARTESIAN_POINT('',(-6.2534375,-0.635034986118,-10.75));
#498 = VERTEX_POINT('',#499);
#499 = CARTESIAN_POINT('',(-6.05625,-0.668457880124,-10.55));
#500 = LINE('',#501,#502);
#501 = CARTESIAN_POINT('',(-6.2534375,-0.635034986118,-10.75));
#502 = VECTOR('',#503,1.);
#503 = DIRECTION('',(0.697163092076,-0.118167774993,0.707106781187));
#504 = ORIENTED_EDGE('',*,*,#505,.T.);
#505 = EDGE_CURVE('',#496,#506,#508,.T.);
#506 = VERTEX_POINT('',#507);
#507 = CARTESIAN_POINT('',(-6.3125,-1.336915760248,-10.75));
#508 = CIRCLE('',#509,4.2);
#509 = AXIS2_PLACEMENT_3D('',#510,#511,#512);
#510 = CARTESIAN_POINT('',(-2.1125,-1.336915760248,-10.75));
#511 = DIRECTION('',(0.,0.,1.));
#512 = DIRECTION('',(1.,0.,-0.));
#513 = ORIENTED_EDGE('',*,*,#514,.F.);
#514 = EDGE_CURVE('',#515,#506,#517,.T.);
#515 = VERTEX_POINT('',#516);
#516 = CARTESIAN_POINT('',(-6.1125,-1.336915760248,-10.55));
#517 = LINE('',#518,#519);
#518 = CARTESIAN_POINT('',(-6.3125,-1.336915760248,-10.75));
#519 = VECTOR('',#520,1.);
#520 = DIRECTION('',(-0.707106781187,0.,-0.707106781187));
#521 = ORIENTED_EDGE('',*,*,#522,.T.);
#522 = EDGE_CURVE('',#515,#498,#523,.T.);
#523 = CIRCLE('',#524,4.);
#524 = AXIS2_PLACEMENT_3D('',#525,#526,#527);
#525 = CARTESIAN_POINT('',(-2.1125,-1.336915760248,-10.55));
#526 = DIRECTION('',(0.,0.,-1.));
#527 = DIRECTION('',(1.,0.,0.));
#528 = CONICAL_SURFACE('',#529,4.2,0.785398163397);
#529 = AXIS2_PLACEMENT_3D('',#530,#531,#532);
#530 = CARTESIAN_POINT('',(-2.1125,-1.336915760248,-10.75));
#531 = DIRECTION('',(-0.,-0.,-1.));
#532 = DIRECTION('',(-1.,0.,0.));
#533 = ADVANCED_FACE('',(#534),#561,.T.);
#534 = FACE_BOUND('',#535,.T.);
#535 = EDGE_LOOP('',(#536,#545,#553,#560));
#536 = ORIENTED_EDGE('',*,*,#537,.F.);
#537 = EDGE_CURVE('',#538,#496,#540,.T.);
#538 = VERTEX_POINT('',#539);
#539 = CARTESIAN_POINT('',(-6.2,-3.719247132494E-14,-10.75));
#540 = CIRCLE('',#541,3.8);
#541 = AXIS2_PLACEMENT_3D('',#542,#543,#544);
#542 = CARTESIAN_POINT('',(-10.,-3.719247132494E-14,-10.75));
#543 = DIRECTION('',(0.,0.,-1.));
#544 = DIRECTION('',(1.,0.,0.));
#545 = ORIENTED_EDGE('',*,*,#546,.T.);
#546 = EDGE_CURVE('',#538,#547,#549,.T.);
#547 = VERTEX_POINT('',#548);
#548 = CARTESIAN_POINT('',(-6.,-3.719247132494E-14,-10.55));
#549 = LINE('',#550,#551);
#550 = CARTESIAN_POINT('',(-6.2,-3.719247132494E-14,-10.75));
#551 = VECTOR('',#552,1.);
#552 = DIRECTION('',(0.707106781187,0.,0.707106781187));
#553 = ORIENTED_EDGE('',*,*,#554,.F.);
#554 = EDGE_CURVE('',#498,#547,#555,.T.);
#555 = CIRCLE('',#556,4.);
#556 = AXIS2_PLACEMENT_3D('',#557,#558,#559);
#557 = CARTESIAN_POINT('',(-10.,-3.719247132494E-14,-10.55));
#558 = DIRECTION('',(0.,0.,1.));
#559 = DIRECTION('',(1.,0.,-0.));
#560 = ORIENTED_EDGE('',*,*,#495,.F.);
#561 = CONICAL_SURFACE('',#562,3.8,0.785398163397);
#562 = AXIS2_PLACEMENT_3D('',#563,#564,#565);
#563 = CARTESIAN_POINT('',(-10.,-3.719247132494E-14,-10.75));
#564 = DIRECTION('',(0.,0.,1.));
#565 = DIRECTION('',(1.,0.,-0.));
#566 = ADVANCED_FACE('',(#567),#603,.F.);
#567 = FACE_BOUND('',#568,.F.);
#568 = EDGE_LOOP('',(#569,#579,#588,#596));
#569 = ORIENTED_EDGE('',*,*,#570,.F.);
#570 = EDGE_CURVE('',#571,#573,#575,.T.);
#571 = VERTEX_POINT('',#572);
#572 = CARTESIAN_POINT('',(-6.130190932571,1.635135682695,-10.75));
#573 = VERTEX_POINT('',#574);
#574 = CARTESIAN_POINT('',(-5.935042533589,1.591350955053,-10.55));
#575 = LINE('',#576,#577);
#576 = CARTESIAN_POINT('',(-6.130190932571,1.635135682695,-10.75));
#577 = VECTOR('',#578,1.);
#578 = DIRECTION('',(0.689953781291,-0.154802389137,0.707106781187));
#579 = ORIENTED_EDGE('',*,*,#580,.T.);
#580 = EDGE_CURVE('',#571,#581,#583,.T.);
#581 = VERTEX_POINT('',#582);
#582 = CARTESIAN_POINT('',(-6.232074553941,0.71565640223,-10.75));
#583 = CIRCLE('',#584,4.2);
#584 = AXIS2_PLACEMENT_3D('',#585,#586,#587);
#585 = CARTESIAN_POINT('',(-2.032074553941,0.71565640223,-10.75));
#586 = DIRECTION('',(0.,0.,1.));
#587 = DIRECTION('',(1.,0.,-0.));
#588 = ORIENTED_EDGE('',*,*,#589,.F.);
#589 = EDGE_CURVE('',#590,#581,#592,.T.);
#590 = VERTEX_POINT('',#591);
#591 = CARTESIAN_POINT('',(-6.032074553941,0.71565640223,-10.55));
#592 = LINE('',#593,#594);
#593 = CARTESIAN_POINT('',(-6.232074553941,0.71565640223,-10.75));
#594 = VECTOR('',#595,1.);
#595 = DIRECTION('',(-0.707106781187,0.,-0.707106781187));
#596 = ORIENTED_EDGE('',*,*,#597,.T.);
#597 = EDGE_CURVE('',#590,#573,#598,.T.);
#598 = CIRCLE('',#599,4.);
#599 = AXIS2_PLACEMENT_3D('',#600,#601,#602);
#600 = CARTESIAN_POINT('',(-2.032074553941,0.71565640223,-10.55));
#601 = DIRECTION('',(0.,0.,-1.));
#602 = DIRECTION('',(1.,0.,0.));
#603 = CONICAL_SURFACE('',#604,4.2,0.785398163397);
#604 = AXIS2_PLACEMENT_3D('',#605,#606,#607);
#605 = CARTESIAN_POINT('',(-2.032074553941,0.71565640223,-10.75));
#606 = DIRECTION('',(-0.,-0.,-1.));
#607 = DIRECTION('',(-1.,0.,0.));
#608 = ADVANCED_FACE('',(#609),#659,.F.);
#609 = FACE_BOUND('',#610,.F.);
#610 = EDGE_LOOP('',(#611,#621,#630,#638));
#611 = ORIENTED_EDGE('',*,*,#612,.T.);
#612 = EDGE_CURVE('',#613,#615,#617,.T.);
#613 = VERTEX_POINT('',#614);
#614 = CARTESIAN_POINT('',(3.694454004253,5.462220957219,6.));
#615 = VERTEX_POINT('',#616);
#616 = CARTESIAN_POINT('',(6.116116523517,7.883883476483,6.));
#617 = LINE('',#618,#619);
#618 = CARTESIAN_POINT('',(6.116116523517,7.883883476483,6.));
#619 = VECTOR('',#620,1.);
#620 = DIRECTION('',(0.707106781187,0.707106781187,-0.));
#621 = ORIENTED_EDGE('',*,*,#622,.F.);
#622 = EDGE_CURVE('',#623,#615,#625,.T.);
#623 = VERTEX_POINT('',#624);
#624 = CARTESIAN_POINT('',(7.883883476483,6.116116523517,6.));
#625 = CIRCLE('',#626,1.25);
#626 = AXIS2_PLACEMENT_3D('',#627,#628,#629);
#627 = CARTESIAN_POINT('',(7.,7.,6.));
#628 = DIRECTION('',(0.707106781187,0.707106781187,-0.));
#629 = DIRECTION('',(-0.707106781187,0.707106781187,0.));
#630 = ORIENTED_EDGE('',*,*,#631,.F.);
#631 = EDGE_CURVE('',#632,#623,#634,.T.);
#632 = VERTEX_POINT('',#633);
#633 = CARTESIAN_POINT('',(5.462220957219,3.694454004253,6.));
#634 = LINE('',#635,#636);
#635 = CARTESIAN_POINT('',(7.883883476483,6.116116523517,6.));
#636 = VECTOR('',#637,1.);
#637 = DIRECTION('',(0.707106781187,0.707106781187,-0.));
#638 = ORIENTED_EDGE('',*,*,#639,.T.);
#639 = EDGE_CURVE('',#632,#613,#640,.T.);
#640 = B_SPLINE_CURVE_WITH_KNOTS('',3,(#641,#642,#643,#644,#645,#646,
    #647,#648,#649,#650,#651,#652,#653,#654,#655,#656,#657,#658),
  .UNSPECIFIED.,.F.,.F.,(4,2,2,2,2,2,2,2,4),(3.917792916975E-03,
    4.407390235159E-03,4.896987553343E-03,5.386584871528E-03,
    5.876182189712E-03,6.365779507896E-03,6.855376826081E-03,
    7.344974144265E-03,7.834571462449E-03),.UNSPECIFIED.);
#641 = CARTESIAN_POINT('',(5.462220957219,3.694454004253,6.));
#642 = CARTESIAN_POINT('',(5.462220957219,3.694454004253,5.83665823859)
  );
#643 = CARTESIAN_POINT('',(5.443830091635,3.722596575743,5.671808000264)
  );
#644 = CARTESIAN_POINT('',(5.372065639016,3.827254584751,5.370864243494)
  );
#645 = CARTESIAN_POINT('',(5.318041015073,3.9044509469,5.231930247373));
#646 = CARTESIAN_POINT('',(5.178287022722,4.090382942023,5.001359954279)
  );
#647 = CARTESIAN_POINT('',(5.092338948223,4.199200380991,4.908841511006)
  );
#648 = CARTESIAN_POINT('',(4.89425074515,4.430057816174,4.782733570418)
  );
#649 = CARTESIAN_POINT('',(4.784049610006,4.54973662589,4.750082950611)
  );
#650 = CARTESIAN_POINT('',(4.550646575943,4.783186123237,4.749917363897)
  );
#651 = CARTESIAN_POINT('',(4.43054140385,4.893794172097,4.782658107419)
  );
#652 = CARTESIAN_POINT('',(4.200702704877,5.091091143312,4.907833775734)
  );
#653 = CARTESIAN_POINT('',(4.091083842916,5.177735144905,5.000752902869)
  );
#654 = CARTESIAN_POINT('',(3.905479076637,5.317293051396,5.230395596739)
  );
#655 = CARTESIAN_POINT('',(3.827950858229,5.371579913543,5.369437939898)
  );
#656 = CARTESIAN_POINT('',(3.723010739806,5.443554298018,5.670047315522)
  );
#657 = CARTESIAN_POINT('',(3.694454004253,5.462220957219,5.834418145375)
  );
#658 = CARTESIAN_POINT('',(3.694454004253,5.462220957219,6.));
#659 = CYLINDRICAL_SURFACE('',#660,1.25);
#660 = AXIS2_PLACEMENT_3D('',#661,#662,#663);
#661 = CARTESIAN_POINT('',(7.,7.,6.));
#662 = DIRECTION('',(0.707106781187,0.707106781187,-0.));
#663 = DIRECTION('',(-0.707106781187,0.707106781187,0.));
#664 = ADVANCED_FACE('',(#665),#715,.F.);
#665 = FACE_BOUND('',#666,.F.);
#666 = EDGE_LOOP('',(#667,#677,#686,#694));
#667 = ORIENTED_EDGE('',*,*,#668,.T.);
#668 = EDGE_CURVE('',#669,#671,#673,.T.);
#669 = VERTEX_POINT('',#670);
#670 = CARTESIAN_POINT('',(3.694454004253,5.462220957219,-5.));
#671 = VERTEX_POINT('',#672);
#672 = CARTESIAN_POINT('',(6.116116523517,7.883883476483,-5.));
#673 = LINE('',#674,#675);
#674 = CARTESIAN_POINT('',(6.116116523517,7.883883476483,-5.));
#675 = VECTOR('',#676,1.);
#676 = DIRECTION('',(0.707106781187,0.707106781187,-0.));
#677 = ORIENTED_EDGE('',*,*,#678,.F.);
#678 = EDGE_CURVE('',#679,#671,#681,.T.);
#679 = VERTEX_POINT('',#680);
#680 = CARTESIAN_POINT('',(7.883883476483,6.116116523517,-5.));
#681 = CIRCLE('',#682,1.25);
#682 = AXIS2_PLACEMENT_3D('',#683,#684,#685);
#683 = CARTESIAN_POINT('',(7.,7.,-5.));
#684 = DIRECTION('',(0.707106781187,0.707106781187,-0.));
#685 = DIRECTION('',(-0.707106781187,0.707106781187,0.));
#686 = ORIENTED_EDGE('',*,*,#687,.F.);
#687 = EDGE_CURVE('',#688,#679,#690,.T.);
#688 = VERTEX_POINT('',#689);
#689 = CARTESIAN_POINT('',(5.462220957219,3.694454004253,-5.));
#690 = LINE('',#691,#692);
#691 = CARTESIAN_POINT('',(7.883883476483,6.116116523517,-5.));
#692 = VECTOR('',#693,1.);
#693 = DIRECTION('',(0.707106781187,0.707106781187,-0.));
#694 = ORIENTED_EDGE('',*,*,#695,.T.);
#695 = EDGE_CURVE('',#688,#669,#696,.T.);
#696 = B_SPLINE_CURVE_WITH_KNOTS('',3,(#697,#698,#699,#700,#701,#702,
    #703,#704,#705,#706,#707,#708,#709,#710,#711,#712,#713,#714),
  .UNSPECIFIED.,.F.,.F.,(4,2,2,2,2,2,2,2,4),(3.917792916975E-03,
    4.407390235159E-03,4.896987553343E-03,5.386584871528E-03,
    5.876182189712E-03,6.365779507896E-03,6.855376826081E-03,
    7.344974144265E-03,7.834571462449E-03),.UNSPECIFIED.);
#697 = CARTESIAN_POINT('',(5.462220957219,3.694454004253,-5.));
#698 = CARTESIAN_POINT('',(5.462220957219,3.694454004253,-5.16334176141)
  );
#699 = CARTESIAN_POINT('',(5.443830091635,3.722596575743,-5.328191999736
    ));
#700 = CARTESIAN_POINT('',(5.372065639016,3.827254584751,-5.629135756506
    ));
#701 = CARTESIAN_POINT('',(5.318041015073,3.9044509469,-5.768069752627)
  );
#702 = CARTESIAN_POINT('',(5.178287022722,4.090382942023,-5.998640045721
    ));
#703 = CARTESIAN_POINT('',(5.092338948223,4.199200380991,-6.091158488994
    ));
#704 = CARTESIAN_POINT('',(4.89425074515,4.430057816174,-6.217266429582)
  );
#705 = CARTESIAN_POINT('',(4.784049610006,4.54973662589,-6.249917049389)
  );
#706 = CARTESIAN_POINT('',(4.550646575943,4.783186123237,-6.250082636103
    ));
#707 = CARTESIAN_POINT('',(4.43054140385,4.893794172097,-6.217341892581)
  );
#708 = CARTESIAN_POINT('',(4.200702704877,5.091091143312,-6.092166224266
    ));
#709 = CARTESIAN_POINT('',(4.091083842916,5.177735144905,-5.999247097131
    ));
#710 = CARTESIAN_POINT('',(3.905479076637,5.317293051396,-5.769604403261
    ));
#711 = CARTESIAN_POINT('',(3.827950858229,5.371579913543,-5.630562060102
    ));
#712 = CARTESIAN_POINT('',(3.723010739806,5.443554298018,-5.329952684478
    ));
#713 = CARTESIAN_POINT('',(3.694454004253,5.462220957219,-5.165581854625
    ));
#714 = CARTESIAN_POINT('',(3.694454004253,5.462220957219,-5.));
#715 = CYLINDRICAL_SURFACE('',#716,1.25);
#716 = AXIS2_PLACEMENT_3D('',#717,#718,#719);
#717 = CARTESIAN_POINT('',(7.,7.,-5.));
#718 = DIRECTION('',(0.707106781187,0.707106781187,-0.));
#719 = DIRECTION('',(-0.707106781187,0.707106781187,0.));
#720 = ADVANCED_FACE('',(#721),#787,.F.);
#721 = FACE_BOUND('',#722,.F.);
#722 = EDGE_LOOP('',(#723,#733,#742,#750));
#723 = ORIENTED_EDGE('',*,*,#724,.T.);
#724 = EDGE_CURVE('',#725,#727,#729,.T.);
#725 = VERTEX_POINT('',#726);
#726 = CARTESIAN_POINT('',(6.508559592901,2.920558888921E-17,-0.25));
#727 = VERTEX_POINT('',#728);
#728 = CARTESIAN_POINT('',(9.,0.,-0.25));
#729 = LINE('',#730,#731);
#730 = CARTESIAN_POINT('',(9.,0.,-0.25));
#731 = VECTOR('',#732,1.);
#732 = DIRECTION('',(1.,-0.,-0.));
#733 = ORIENTED_EDGE('',*,*,#734,.F.);
#734 = EDGE_CURVE('',#735,#727,#737,.T.);
#735 = VERTEX_POINT('',#736);
#736 = CARTESIAN_POINT('',(9.,3.673940397442E-16,5.75));
#737 = CIRCLE('',#738,3.);
#738 = AXIS2_PLACEMENT_3D('',#739,#740,#741);
#739 = CARTESIAN_POINT('',(9.,0.,2.75));
#740 = DIRECTION('',(1.,-0.,0.));
#741 = DIRECTION('',(0.,0.,-1.));
#742 = ORIENTED_EDGE('',*,*,#743,.F.);
#743 = EDGE_CURVE('',#744,#735,#746,.T.);
#744 = VERTEX_POINT('',#745);
#745 = CARTESIAN_POINT('',(6.508559592901,3.998708906088E-16,5.75));
#746 = LINE('',#747,#748);
#747 = CARTESIAN_POINT('',(9.,3.673940397442E-16,5.75));
#748 = VECTOR('',#749,1.);
#749 = DIRECTION('',(1.,-0.,-0.));
#750 = ORIENTED_EDGE('',*,*,#751,.T.);
#751 = EDGE_CURVE('',#744,#725,#752,.T.);
#752 = B_SPLINE_CURVE_WITH_KNOTS('',3,(#753,#754,#755,#756,#757,#758,
    #759,#760,#761,#762,#763,#764,#765,#766,#767,#768,#769,#770,#771,
    #772,#773,#774,#775,#776,#777,#778,#779,#780,#781,#782,#783,#784,
    #785,#786),.UNSPECIFIED.,.F.,.F.,(4,2,2,2,2,2,2,2,2,2,2,2,2,2,2,2,4)
  ,(9.492756303324E-03,1.009003725398E-02,1.068731820464E-02,
    1.12845991553E-02,1.188188010596E-02,1.247916105662E-02,
    1.307644200728E-02,1.367372295794E-02,1.42710039086E-02,
    1.486828485926E-02,1.546556580992E-02,1.606284676058E-02,
    1.666012771124E-02,1.72574086619E-02,1.785468961256E-02,
    1.845197056322E-02,1.904925151389E-02),.UNSPECIFIED.);
#753 = CARTESIAN_POINT('',(6.508559592901,3.998708906088E-16,5.75));
#754 = CARTESIAN_POINT('',(6.501847643076,-0.19922170631,5.75));
#755 = CARTESIAN_POINT('',(6.485235918671,-0.401547877851,5.729616668823
    ));
#756 = CARTESIAN_POINT('',(6.434940851092,-0.79040764486,5.650795054167)
  );
#757 = CARTESIAN_POINT('',(6.40140566372,-0.978540866077,5.592789358227)
  );
#758 = CARTESIAN_POINT('',(6.320096875129,-1.342723431226,5.439997648524
    ));
#759 = CARTESIAN_POINT('',(6.273220519047,-1.514555962139,5.346820081716
    ));
#760 = CARTESIAN_POINT('',(6.172541148927,-1.835248790851,5.131011586476
    ));
#761 = CARTESIAN_POINT('',(6.117970731964,-1.986182866011,5.006600297161
    ));
#762 = CARTESIAN_POINT('',(6.00925115942,-2.258683412649,4.733813630311)
  );
#763 = CARTESIAN_POINT('',(5.95511725919,-2.380628092875,4.585754561859)
  );
#764 = CARTESIAN_POINT('',(5.852645902159,-2.596584340992,4.264970193795
    ));
#765 = CARTESIAN_POINT('',(5.804193289314,-2.690656334467,4.091024938212
    ));
#766 = CARTESIAN_POINT('',(5.723249843336,-2.841539508053,3.731647910039
    ));
#767 = CARTESIAN_POINT('',(5.69013166959,-2.899721936615,3.544580970799)
  );
#768 = CARTESIAN_POINT('',(5.644116545795,-2.979365953698,3.153887042111
    ));
#769 = CARTESIAN_POINT('',(5.631874823538,-2.999781439356,2.952249505008
    ));
#770 = CARTESIAN_POINT('',(5.631617858195,-3.000214999934,2.554287199315
    ));
#771 = CARTESIAN_POINT('',(5.643511041175,-2.98039132297,2.353418264883)
  );
#772 = CARTESIAN_POINT('',(5.689197835248,-2.901360139311,1.96125488738)
  );
#773 = CARTESIAN_POINT('',(5.722323242574,-2.843226614819,1.77290564598)
  );
#774 = CARTESIAN_POINT('',(5.803818532429,-2.691394396294,1.410206298169
    ));
#775 = CARTESIAN_POINT('',(5.852155965117,-2.597560851292,1.236717008239
    ));
#776 = CARTESIAN_POINT('',(5.954525767384,-2.381930082499,0.91594523762)
  );
#777 = CARTESIAN_POINT('',(6.009367422172,-2.258454854333,0.765838112875
    ));
#778 = CARTESIAN_POINT('',(6.11859437901,-1.984556447765,0.491891847362)
  );
#779 = CARTESIAN_POINT('',(6.172215928137,-1.836181652498,0.36971955277)
  );
#780 = CARTESIAN_POINT('',(6.272854008664,-1.515825757605,0.153931753397
    ));
#781 = CARTESIAN_POINT('',(6.320338636993,-1.341592026582,
    5.955466397978E-02));
#782 = CARTESIAN_POINT('',(6.401007077797,-0.980374592337,
    -9.204696136474E-02));
#783 = CARTESIAN_POINT('',(6.434492832059,-0.793153845881,
    -0.150036377367));
#784 = CARTESIAN_POINT('',(6.484928693803,-0.404630210785,
    -0.229190897846));
#785 = CARTESIAN_POINT('',(6.501753409354,-0.202018718103,-0.25));
#786 = CARTESIAN_POINT('',(6.508559592901,2.920558888921E-17,-0.25));
#787 = CYLINDRICAL_SURFACE('',#788,3.);
#788 = AXIS2_PLACEMENT_3D('',#789,#790,#791);
#789 = CARTESIAN_POINT('',(9.,0.,2.75));
#790 = DIRECTION('',(1.,-0.,-0.));
#791 = DIRECTION('',(0.,0.,-1.));
#792 = ADVANCED_FACE('',(#793),#859,.F.);
#793 = FACE_BOUND('',#794,.F.);
#794 = EDGE_LOOP('',(#795,#805,#814,#822));
#795 = ORIENTED_EDGE('',*,*,#796,.T.);
#796 = EDGE_CURVE('',#797,#799,#801,.T.);
#797 = VERTEX_POINT('',#798);
#798 = CARTESIAN_POINT('',(0.,6.508559592901,5.75));
#799 = VERTEX_POINT('',#800);
#800 = CARTESIAN_POINT('',(0.,9.,5.75));
#801 = LINE('',#802,#803);
#802 = CARTESIAN_POINT('',(0.,9.,5.75));
#803 = VECTOR('',#804,1.);
#804 = DIRECTION('',(-0.,1.,-0.));
#805 = ORIENTED_EDGE('',*,*,#806,.F.);
#806 = EDGE_CURVE('',#807,#799,#809,.T.);
#807 = VERTEX_POINT('',#808);
#808 = CARTESIAN_POINT('',(3.673940397442E-16,9.,-0.25));
#809 = CIRCLE('',#810,3.);
#810 = AXIS2_PLACEMENT_3D('',#811,#812,#813);
#811 = CARTESIAN_POINT('',(0.,9.,2.75));
#812 = DIRECTION('',(-0.,1.,0.));
#813 = DIRECTION('',(0.,0.,1.));
#814 = ORIENTED_EDGE('',*,*,#815,.F.);
#815 = EDGE_CURVE('',#816,#807,#818,.T.);
#816 = VERTEX_POINT('',#817);
#817 = CARTESIAN_POINT('',(3.998377634395E-16,6.508559592901,-0.25));
#818 = LINE('',#819,#820);
#819 = CARTESIAN_POINT('',(3.673940397442E-16,9.,-0.25));
#820 = VECTOR('',#821,1.);
#821 = DIRECTION('',(-0.,1.,-0.));
#822 = ORIENTED_EDGE('',*,*,#823,.T.);
#823 = EDGE_CURVE('',#816,#797,#824,.T.);
#824 = B_SPLINE_CURVE_WITH_KNOTS('',3,(#825,#826,#827,#828,#829,#830,
    #831,#832,#833,#834,#835,#836,#837,#838,#839,#840,#841,#842,#843,
    #844,#845,#846,#847,#848,#849,#850,#851,#852,#853,#854,#855,#856,
    #857,#858),.UNSPECIFIED.,.F.,.F.,(4,2,2,2,2,2,2,2,2,2,2,2,2,2,2,2,4)
  ,(9.492756303324E-03,1.009003725398E-02,1.068731820464E-02,
    1.12845991553E-02,1.188188010596E-02,1.247916105662E-02,
    1.307644200728E-02,1.367372295794E-02,1.42710039086E-02,
    1.486828485926E-02,1.546556580992E-02,1.606284676058E-02,
    1.666012771124E-02,1.72574086619E-02,1.785468961256E-02,
    1.845197056322E-02,1.904925151389E-02),.UNSPECIFIED.);
#825 = CARTESIAN_POINT('',(3.998377634395E-16,6.508559592901,-0.25));
#826 = CARTESIAN_POINT('',(-0.19922170631,6.501847643076,-0.25));
#827 = CARTESIAN_POINT('',(-0.401547877851,6.485235918671,
    -0.229616668823));
#828 = CARTESIAN_POINT('',(-0.79040764486,6.434940851092,-0.150795054167
    ));
#829 = CARTESIAN_POINT('',(-0.978540866077,6.40140566372,
    -9.278935822654E-02));
#830 = CARTESIAN_POINT('',(-1.342723431226,6.320096875129,
    6.000235147613E-02));
#831 = CARTESIAN_POINT('',(-1.514555962139,6.273220519047,0.153179918284
    ));
#832 = CARTESIAN_POINT('',(-1.835248790851,6.172541148927,0.368988413524
    ));
#833 = CARTESIAN_POINT('',(-1.986182866011,6.117970731964,0.493399702839
    ));
#834 = CARTESIAN_POINT('',(-2.258683412649,6.00925115942,0.766186369689)
  );
#835 = CARTESIAN_POINT('',(-2.380628092875,5.95511725919,0.914245438141)
  );
#836 = CARTESIAN_POINT('',(-2.596584340992,5.852645902159,1.235029806205
    ));
#837 = CARTESIAN_POINT('',(-2.690656334467,5.804193289314,1.408975061788
    ));
#838 = CARTESIAN_POINT('',(-2.841539508053,5.723249843336,1.768352089961
    ));
#839 = CARTESIAN_POINT('',(-2.899721936615,5.69013166959,1.955419029201)
  );
#840 = CARTESIAN_POINT('',(-2.979365953698,5.644116545795,2.346112957889
    ));
#841 = CARTESIAN_POINT('',(-2.999781439356,5.631874823538,2.547750494992
    ));
#842 = CARTESIAN_POINT('',(-3.000214999934,5.631617858195,2.945712800685
    ));
#843 = CARTESIAN_POINT('',(-2.98039132297,5.643511041175,3.146581735117)
  );
#844 = CARTESIAN_POINT('',(-2.901360139311,5.689197835248,3.53874511262)
  );
#845 = CARTESIAN_POINT('',(-2.843226614819,5.722323242574,3.72709435402)
  );
#846 = CARTESIAN_POINT('',(-2.691394396294,5.803818532429,4.089793701831
    ));
#847 = CARTESIAN_POINT('',(-2.597560851292,5.852155965117,4.263282991761
    ));
#848 = CARTESIAN_POINT('',(-2.381930082499,5.954525767384,4.58405476238)
  );
#849 = CARTESIAN_POINT('',(-2.258454854333,6.009367422172,4.734161887125
    ));
#850 = CARTESIAN_POINT('',(-1.984556447765,6.11859437901,5.008108152638)
  );
#851 = CARTESIAN_POINT('',(-1.836181652498,6.172215928137,5.13028044723)
  );
#852 = CARTESIAN_POINT('',(-1.515825757605,6.272854008664,5.346068246603
    ));
#853 = CARTESIAN_POINT('',(-1.341592026582,6.320338636993,5.44044533602)
  );
#854 = CARTESIAN_POINT('',(-0.980374592337,6.401007077797,5.592046961365
    ));
#855 = CARTESIAN_POINT('',(-0.793153845881,6.434492832059,5.650036377367
    ));
#856 = CARTESIAN_POINT('',(-0.404630210785,6.484928693803,5.729190897846
    ));
#857 = CARTESIAN_POINT('',(-0.202018718103,6.501753409354,5.75));
#858 = CARTESIAN_POINT('',(0.,6.508559592901,5.75));
#859 = CYLINDRICAL_SURFACE('',#860,3.);
#860 = AXIS2_PLACEMENT_3D('',#861,#862,#863);
#861 = CARTESIAN_POINT('',(0.,9.,2.75));
#862 = DIRECTION('',(-0.,1.,-0.));
#863 = DIRECTION('',(0.,0.,1.));
#864 = ADVANCED_FACE('',(#865),#891,.T.);
#865 = FACE_BOUND('',#866,.T.);
#866 = EDGE_LOOP('',(#867,#868,#876,#885));
#867 = ORIENTED_EDGE('',*,*,#554,.T.);
#868 = ORIENTED_EDGE('',*,*,#869,.T.);
#869 = EDGE_CURVE('',#547,#870,#872,.T.);
#870 = VERTEX_POINT('',#871);
#871 = CARTESIAN_POINT('',(-6.,-3.719247132494E-14,10.55));
#872 = LINE('',#873,#874);
#873 = CARTESIAN_POINT('',(-6.,-3.719247132494E-14,-10.75));
#874 = VECTOR('',#875,1.);
#875 = DIRECTION('',(-0.,-0.,1.));
#876 = ORIENTED_EDGE('',*,*,#877,.T.);
#877 = EDGE_CURVE('',#870,#878,#880,.T.);
#878 = VERTEX_POINT('',#879);
#879 = CARTESIAN_POINT('',(-6.05625,-0.668457880124,10.55));
#880 = CIRCLE('',#881,4.);
#881 = AXIS2_PLACEMENT_3D('',#882,#883,#884);
#882 = CARTESIAN_POINT('',(-10.,-3.719247132494E-14,10.55));
#883 = DIRECTION('',(0.,0.,-1.));
#884 = DIRECTION('',(1.,0.,0.));
#885 = ORIENTED_EDGE('',*,*,#886,.F.);
#886 = EDGE_CURVE('',#498,#878,#887,.T.);
#887 = LINE('',#888,#889);
#888 = CARTESIAN_POINT('',(-6.05625,-0.668457880124,-10.75));
#889 = VECTOR('',#890,1.);
#890 = DIRECTION('',(-0.,-0.,1.));
#891 = CYLINDRICAL_SURFACE('',#892,4.);
#892 = AXIS2_PLACEMENT_3D('',#893,#894,#895);
#893 = CARTESIAN_POINT('',(-10.,-3.719247132494E-14,-10.75));
#894 = DIRECTION('',(-0.,-0.,1.));
#895 = DIRECTION('',(1.,0.,0.));
#896 = ADVANCED_FACE('',(#897,#921,#945,#971,#997,#1037,#1061,#1085,
    #1109,#1133),#1202,.F.);
#897 = FACE_BOUND('',#898,.F.);
#898 = EDGE_LOOP('',(#899,#920));
#899 = ORIENTED_EDGE('',*,*,#900,.F.);
#900 = EDGE_CURVE('',#63,#55,#901,.T.);
#901 = B_SPLINE_CURVE_WITH_KNOTS('',3,(#902,#903,#904,#905,#906,#907,
    #908,#909,#910,#911,#912,#913,#914,#915,#916,#917,#918,#919),
  .UNSPECIFIED.,.F.,.F.,(4,2,2,2,2,2,2,2,4),(3.131535189882E-03,
    3.522876063782E-03,3.914216937682E-03,4.305557811582E-03,
    4.696898685482E-03,5.088239559382E-03,5.479580433282E-03,
    5.870921307182E-03,6.262262181082E-03),.UNSPECIFIED.);
#902 = CARTESIAN_POINT('',(2.382437205231,6.126502285302,-1.25));
#903 = CARTESIAN_POINT('',(2.382437205231,6.126502285302,-1.119384808571
    ));
#904 = CARTESIAN_POINT('',(2.407553129836,6.117441112686,-0.987631370908
    ));
#905 = CARTESIAN_POINT('',(2.501916080021,6.081496405504,-0.746964681257
    ));
#906 = CARTESIAN_POINT('',(2.571938578338,6.054213559033,-0.635687147791
    ));
#907 = CARTESIAN_POINT('',(2.742904342034,5.982209589527,-0.45130935007)
  );
#908 = CARTESIAN_POINT('',(2.844354544227,5.937176697431,-0.377155434196
    ));
#909 = CARTESIAN_POINT('',(3.06291422441,5.831542380695,-0.2763925281));
#910 = CARTESIAN_POINT('',(3.178239047804,5.771779314114,-0.250171998265
    ));
#911 = CARTESIAN_POINT('',(3.408800917996,5.64248899674,-0.249829679031)
  );
#912 = CARTESIAN_POINT('',(3.520187402599,5.575103501623,-0.275816464881
    ));
#913 = CARTESIAN_POINT('',(3.724036313944,5.443883329009,-0.375936755127
    ));
#914 = CARTESIAN_POINT('',(3.815748541215,5.380548872293,-0.450218576467
    ));
#915 = CARTESIAN_POINT('',(3.966178814961,5.27234125021,-0.634257234145)
  );
#916 = CARTESIAN_POINT('',(4.026046580673,5.226771079475,-0.745656618654
    ));
#917 = CARTESIAN_POINT('',(4.105924031181,5.165003202164,-0.986198661404
    ));
#918 = CARTESIAN_POINT('',(4.126971986205,5.14812516152,-1.117660383429)
  );
#919 = CARTESIAN_POINT('',(4.126971986205,5.14812516152,-1.25));
#920 = ORIENTED_EDGE('',*,*,#62,.F.);
#921 = FACE_BOUND('',#922,.F.);
#922 = EDGE_LOOP('',(#923,#944));
#923 = ORIENTED_EDGE('',*,*,#924,.F.);
#924 = EDGE_CURVE('',#128,#120,#925,.T.);
#925 = B_SPLINE_CURVE_WITH_KNOTS('',3,(#926,#927,#928,#929,#930,#931,
    #932,#933,#934,#935,#936,#937,#938,#939,#940,#941,#942,#943),
  .UNSPECIFIED.,.F.,.F.,(4,2,2,2,2,2,2,2,4),(3.131535189882E-03,
    3.522876063782E-03,3.914216937682E-03,4.305557811582E-03,
    4.696898685482E-03,5.088239559382E-03,5.479580433282E-03,
    5.870921307182E-03,6.262262181082E-03),.UNSPECIFIED.);
#926 = CARTESIAN_POINT('',(2.382437205231,6.126502285302,9.05));
#927 = CARTESIAN_POINT('',(2.382437205231,6.126502285302,9.180615191429)
  );
#928 = CARTESIAN_POINT('',(2.407553129836,6.117441112686,9.312368629092)
  );
#929 = CARTESIAN_POINT('',(2.501916080021,6.081496405504,9.553035318743)
  );
#930 = CARTESIAN_POINT('',(2.571938578338,6.054213559033,9.664312852209)
  );
#931 = CARTESIAN_POINT('',(2.742904342034,5.982209589527,9.84869064993)
  );
#932 = CARTESIAN_POINT('',(2.844354544227,5.937176697431,9.922844565804)
  );
#933 = CARTESIAN_POINT('',(3.06291422441,5.831542380695,10.0236074719));
#934 = CARTESIAN_POINT('',(3.178239047804,5.771779314114,10.049828001735
    ));
#935 = CARTESIAN_POINT('',(3.408800917996,5.64248899674,10.050170320969)
  );
#936 = CARTESIAN_POINT('',(3.520187402599,5.575103501623,10.024183535119
    ));
#937 = CARTESIAN_POINT('',(3.724036313944,5.443883329009,9.924063244873)
  );
#938 = CARTESIAN_POINT('',(3.815748541215,5.380548872293,9.849781423533)
  );
#939 = CARTESIAN_POINT('',(3.966178814961,5.27234125021,9.665742765855)
  );
#940 = CARTESIAN_POINT('',(4.026046580673,5.226771079475,9.554343381346)
  );
#941 = CARTESIAN_POINT('',(4.105924031181,5.165003202164,9.313801338596)
  );
#942 = CARTESIAN_POINT('',(4.126971986205,5.14812516152,9.182339616571)
  );
#943 = CARTESIAN_POINT('',(4.126971986205,5.14812516152,9.05));
#944 = ORIENTED_EDGE('',*,*,#127,.F.);
#945 = FACE_BOUND('',#946,.F.);
#946 = EDGE_LOOP('',(#947,#948));
#947 = ORIENTED_EDGE('',*,*,#639,.F.);
#948 = ORIENTED_EDGE('',*,*,#949,.F.);
#949 = EDGE_CURVE('',#613,#632,#950,.T.);
#950 = B_SPLINE_CURVE_WITH_KNOTS('',3,(#951,#952,#953,#954,#955,#956,
    #957,#958,#959,#960,#961,#962,#963,#964,#965,#966,#967,#968,#969,
    #970),.UNSPECIFIED.,.F.,.F.,(4,2,2,2,2,2,2,2,2,4),(0.,
    4.897241146218E-04,9.794482292437E-04,1.469172343866E-03,
    1.958896458487E-03,2.203758515798E-03,2.448620573109E-03,
    2.938344687731E-03,3.428068802353E-03,3.917792916975E-03),
  .UNSPECIFIED.);
#951 = CARTESIAN_POINT('',(3.694454004253,5.462220957219,6.));
#952 = CARTESIAN_POINT('',(3.694454004253,5.462220957219,6.165624737191)
  );
#953 = CARTESIAN_POINT('',(3.722477177793,5.443915764366,6.328113487484)
  );
#954 = CARTESIAN_POINT('',(3.827884959744,5.371629568632,6.630682293713)
  );
#955 = CARTESIAN_POINT('',(3.905137308148,5.317541875466,6.769096331459)
  );
#956 = CARTESIAN_POINT('',(4.090861471191,5.177910478244,6.999056918342)
  );
#957 = CARTESIAN_POINT('',(4.200768345563,5.091016823454,7.092120536552)
  );
#958 = CARTESIAN_POINT('',(4.429612669749,4.89460931657,7.216917212375)
  );
#959 = CARTESIAN_POINT('',(4.550928585327,4.782863097907,7.249936462721)
  );
#960 = CARTESIAN_POINT('',(4.724378414014,4.609439972262,7.250031627512)
  );
#961 = CARTESIAN_POINT('',(4.78195897659,4.549542573685,7.241847971666)
  );
#962 = CARTESIAN_POINT('',(4.891029119675,4.431654582423,7.209827505953)
  );
#963 = CARTESIAN_POINT('',(4.942972444546,4.373253085322,7.186146393488)
  );
#964 = CARTESIAN_POINT('',(5.091521300921,4.200198976527,7.091881688052)
  );
#965 = CARTESIAN_POINT('',(5.177389485325,4.091563531335,6.999997658098)
  );
#966 = CARTESIAN_POINT('',(5.318415598458,3.903966057866,6.767574469312)
  );
#967 = CARTESIAN_POINT('',(5.371866497858,3.827543906407,6.629915207255)
  );
#968 = CARTESIAN_POINT('',(5.443959928664,3.72240832302,6.327703121923)
  );
#969 = CARTESIAN_POINT('',(5.462220957219,3.694454004253,6.163384063835)
  );
#970 = CARTESIAN_POINT('',(5.462220957219,3.694454004253,6.));
#971 = FACE_BOUND('',#972,.F.);
#972 = EDGE_LOOP('',(#973,#974));
#973 = ORIENTED_EDGE('',*,*,#695,.F.);
#974 = ORIENTED_EDGE('',*,*,#975,.F.);
#975 = EDGE_CURVE('',#669,#688,#976,.T.);
#976 = B_SPLINE_CURVE_WITH_KNOTS('',3,(#977,#978,#979,#980,#981,#982,
    #983,#984,#985,#986,#987,#988,#989,#990,#991,#992,#993,#994,#995,
    #996),.UNSPECIFIED.,.F.,.F.,(4,2,2,2,2,2,2,2,2,4),(0.,
    4.897241146218E-04,9.794482292437E-04,1.469172343866E-03,
    1.958896458487E-03,2.203758515798E-03,2.448620573109E-03,
    2.938344687731E-03,3.428068802353E-03,3.917792916975E-03),
  .UNSPECIFIED.);
#977 = CARTESIAN_POINT('',(3.694454004253,5.462220957219,-5.));
#978 = CARTESIAN_POINT('',(3.694454004253,5.462220957219,-4.834375262809
    ));
#979 = CARTESIAN_POINT('',(3.722477177793,5.443915764366,-4.671886512516
    ));
#980 = CARTESIAN_POINT('',(3.827884959744,5.371629568632,-4.369317706287
    ));
#981 = CARTESIAN_POINT('',(3.905137308148,5.317541875466,-4.230903668541
    ));
#982 = CARTESIAN_POINT('',(4.090861471191,5.177910478244,-4.000943081658
    ));
#983 = CARTESIAN_POINT('',(4.200768345563,5.091016823454,-3.907879463448
    ));
#984 = CARTESIAN_POINT('',(4.429612669749,4.89460931657,-3.783082787625)
  );
#985 = CARTESIAN_POINT('',(4.550928585327,4.782863097907,-3.750063537279
    ));
#986 = CARTESIAN_POINT('',(4.724378414014,4.609439972262,-3.749968372488
    ));
#987 = CARTESIAN_POINT('',(4.78195897659,4.549542573685,-3.758152028334)
  );
#988 = CARTESIAN_POINT('',(4.891029119675,4.431654582423,-3.790172494047
    ));
#989 = CARTESIAN_POINT('',(4.942972444546,4.373253085322,-3.813853606512
    ));
#990 = CARTESIAN_POINT('',(5.091521300921,4.200198976527,-3.908118311948
    ));
#991 = CARTESIAN_POINT('',(5.177389485325,4.091563531335,-4.000002341902
    ));
#992 = CARTESIAN_POINT('',(5.318415598458,3.903966057866,-4.232425530688
    ));
#993 = CARTESIAN_POINT('',(5.371866497858,3.827543906407,-4.370084792745
    ));
#994 = CARTESIAN_POINT('',(5.443959928664,3.72240832302,-4.672296878077)
  );
#995 = CARTESIAN_POINT('',(5.462220957219,3.694454004253,-4.836615936165
    ));
#996 = CARTESIAN_POINT('',(5.462220957219,3.694454004253,-5.));
#997 = FACE_BOUND('',#998,.F.);
#998 = EDGE_LOOP('',(#999,#1000));
#999 = ORIENTED_EDGE('',*,*,#823,.F.);
#1000 = ORIENTED_EDGE('',*,*,#1001,.F.);
#1001 = EDGE_CURVE('',#797,#816,#1002,.T.);
#1002 = B_SPLINE_CURVE_WITH_KNOTS('',3,(#1003,#1004,#1005,#1006,#1007,
    #1008,#1009,#1010,#1011,#1012,#1013,#1014,#1015,#1016,#1017,#1018,
    #1019,#1020,#1021,#1022,#1023,#1024,#1025,#1026,#1027,#1028,#1029,
    #1030,#1031,#1032,#1033,#1034,#1035,#1036),.UNSPECIFIED.,.F.,.F.,(4,
    2,2,2,2,2,2,2,2,2,2,2,2,2,2,2,4),(0.,5.932972689577E-04,
    1.186594537915E-03,1.779891806873E-03,2.373189075831E-03,
    2.966486344789E-03,3.559783613746E-03,4.153080882704E-03,
    4.746378151662E-03,5.33967542062E-03,5.932972689577E-03,
    6.526269958535E-03,7.119567227493E-03,7.712864496451E-03,
    8.306161765408E-03,8.899459034366E-03,9.492756303324E-03),
  .UNSPECIFIED.);
#1003 = CARTESIAN_POINT('',(0.,6.508559592901,5.75));
#1004 = CARTESIAN_POINT('',(0.200671314892,6.515320381279,5.75));
#1005 = CARTESIAN_POINT('',(0.397789366553,6.51238637912,5.730070280222)
  );
#1006 = CARTESIAN_POINT('',(0.785277800884,6.489008437793,5.652136115114
    ));
#1007 = CARTESIAN_POINT('',(0.977630615635,6.468144291903,5.593049510492
    ));
#1008 = CARTESIAN_POINT('',(1.340489304756,6.412977727876,5.441055659694
    ));
#1009 = CARTESIAN_POINT('',(1.512230572092,6.378787619184,5.348365000461
    ));
#1010 = CARTESIAN_POINT('',(1.837153894668,6.301237162634,5.129749471288
    ));
#1011 = CARTESIAN_POINT('',(1.988067465148,6.258333487295,5.004976499274
    ));
#1012 = CARTESIAN_POINT('',(2.260903579786,6.171413351637,4.731324370508
    ));
#1013 = CARTESIAN_POINT('',(2.384990835421,6.126708388846,4.58025529468)
  );
#1014 = CARTESIAN_POINT('',(2.601830831118,6.042472374612,4.25615140507)
  );
#1015 = CARTESIAN_POINT('',(2.69347443978,6.003478152248,4.085367604729)
  );
#1016 = CARTESIAN_POINT('',(2.843654839465,5.936801257671,3.72551952902)
  );
#1017 = CARTESIAN_POINT('',(2.902507857074,5.90895009229,3.533860248242)
  );
#1018 = CARTESIAN_POINT('',(2.980208550231,5.871602897866,3.146668307628
    ));
#1019 = CARTESIAN_POINT('',(2.999878796741,5.861775209541,2.950549821837
    ));
#1020 = CARTESIAN_POINT('',(3.000120097506,5.861656136246,2.553092847479
    ));
#1021 = CARTESIAN_POINT('',(2.98003294107,5.871688855054,2.352144488577)
  );
#1022 = CARTESIAN_POINT('',(2.902314655527,5.909041398287,1.965490613092
    ));
#1023 = CARTESIAN_POINT('',(2.844224545906,5.936552322656,1.775733311684
    ));
#1024 = CARTESIAN_POINT('',(2.692396673517,6.003952641573,1.412162565956
    ));
#1025 = CARTESIAN_POINT('',(2.600135295709,6.043161745816,1.241011154524
    ));
#1026 = CARTESIAN_POINT('',(2.383769870916,6.12715157608,0.918227062576)
  );
#1027 = CARTESIAN_POINT('',(2.258712487162,6.172172494108,0.766163110168
    ));
#1028 = CARTESIAN_POINT('',(1.985340946743,6.259139888222,0.492609420082
    ));
#1029 = CARTESIAN_POINT('',(1.836138370084,6.301512864637,0.369454552238
    ));
#1030 = CARTESIAN_POINT('',(1.510861397926,6.379080835414,0.150827327934
    ));
#1031 = CARTESIAN_POINT('',(1.337179674067,6.413547730046,
    5.738525575984E-02));
#1032 = CARTESIAN_POINT('',(0.97640070762,6.46826360406,
    -9.33897551684E-02));
#1033 = CARTESIAN_POINT('',(0.786911935957,6.488929958697,
    -0.151852023768));
#1034 = CARTESIAN_POINT('',(0.394867395663,6.512542489717,
    -0.230613242713));
#1035 = CARTESIAN_POINT('',(0.197892958314,6.515226776068,-0.25));
#1036 = CARTESIAN_POINT('',(3.998377634395E-16,6.508559592901,-0.25));
#1037 = FACE_BOUND('',#1038,.F.);
#1038 = EDGE_LOOP('',(#1039,#1040));
#1039 = ORIENTED_EDGE('',*,*,#407,.T.);
#1040 = ORIENTED_EDGE('',*,*,#1041,.T.);
#1041 = EDGE_CURVE('',#400,#408,#1042,.T.);
#1042 = B_SPLINE_CURVE_WITH_KNOTS('',3,(#1043,#1044,#1045,#1046,#1047,
    #1048,#1049,#1050,#1051,#1052,#1053,#1054,#1055,#1056,#1057,#1058,
    #1059,#1060),.UNSPECIFIED.,.F.,.F.,(4,2,2,2,2,2,2,2,4),(0.,
    3.916455042965E-04,7.832910085931E-04,1.17493651289E-03,
    1.566582017186E-03,1.958227521483E-03,2.349873025779E-03,
    2.741518530076E-03,3.133164034372E-03),.UNSPECIFIED.);
#1043 = CARTESIAN_POINT('',(-4.853936440417,3.957122048883,9.05));
#1044 = CARTESIAN_POINT('',(-4.853936440417,3.957122048883,
    9.182437519264));
#1045 = CARTESIAN_POINT('',(-4.869710011633,3.936033626772,9.31238757171
    ));
#1046 = CARTESIAN_POINT('',(-4.928884149071,3.853905538037,
    9.554837849208));
#1047 = CARTESIAN_POINT('',(-4.972173475065,3.792853290329,
    9.665841453256));
#1048 = CARTESIAN_POINT('',(-5.075252639852,3.638814341622,
    9.850283181207));
#1049 = CARTESIAN_POINT('',(-5.135727054497,3.54454343969,9.92477404761)
  );
#1050 = CARTESIAN_POINT('',(-5.259421082109,3.337299086263,
    10.024262110601));
#1051 = CARTESIAN_POINT('',(-5.323851876993,3.222112994244,
    10.050276397374));
#1052 = CARTESIAN_POINT('',(-5.443995134112,2.989780086166,
    10.049719052308));
#1053 = CARTESIAN_POINT('',(-5.500436594688,2.871327825437,
    10.023473924869));
#1054 = CARTESIAN_POINT('',(-5.598720672202,2.649087803245,
    9.922876646084));
#1055 = CARTESIAN_POINT('',(-5.640165962523,2.546538163471,
    9.849619298582));
#1056 = CARTESIAN_POINT('',(-5.707235434048,2.370819736161,
    9.663663376118));
#1057 = CARTESIAN_POINT('',(-5.731880907759,2.300509580968,
    9.553879979507));
#1058 = CARTESIAN_POINT('',(-5.764971172104,2.203826763109,
    9.311976126471));
#1059 = CARTESIAN_POINT('',(-5.773155234913,2.178432190571,
    9.180734985961));
#1060 = CARTESIAN_POINT('',(-5.773155234913,2.178432190571,9.05));
#1061 = FACE_BOUND('',#1062,.F.);
#1062 = EDGE_LOOP('',(#1063,#1064));
#1063 = ORIENTED_EDGE('',*,*,#332,.T.);
#1064 = ORIENTED_EDGE('',*,*,#1065,.T.);
#1065 = EDGE_CURVE('',#325,#333,#1066,.T.);
#1066 = B_SPLINE_CURVE_WITH_KNOTS('',3,(#1067,#1068,#1069,#1070,#1071,
    #1072,#1073,#1074,#1075,#1076,#1077,#1078,#1079,#1080,#1081,#1082,
    #1083,#1084),.UNSPECIFIED.,.F.,.F.,(4,2,2,2,2,2,2,2,4),(0.,
    3.916455042965E-04,7.832910085931E-04,1.17493651289E-03,
    1.566582017186E-03,1.958227521483E-03,2.349873025779E-03,
    2.741518530076E-03,3.133164034372E-03),.UNSPECIFIED.);
#1067 = CARTESIAN_POINT('',(-4.853936440417,3.957122048883,-1.25));
#1068 = CARTESIAN_POINT('',(-4.853936440417,3.957122048883,
    -1.117562480736));
#1069 = CARTESIAN_POINT('',(-4.869710011633,3.936033626772,
    -0.98761242829));
#1070 = CARTESIAN_POINT('',(-4.928884149071,3.853905538037,
    -0.745162150792));
#1071 = CARTESIAN_POINT('',(-4.972173475065,3.792853290329,
    -0.634158546744));
#1072 = CARTESIAN_POINT('',(-5.075252639852,3.638814341622,
    -0.449716818793));
#1073 = CARTESIAN_POINT('',(-5.135727054497,3.54454343969,-0.37522595239
    ));
#1074 = CARTESIAN_POINT('',(-5.259421082109,3.337299086263,
    -0.275737889399));
#1075 = CARTESIAN_POINT('',(-5.323851876993,3.222112994244,
    -0.249723602626));
#1076 = CARTESIAN_POINT('',(-5.443995134112,2.989780086166,
    -0.250280947692));
#1077 = CARTESIAN_POINT('',(-5.500436594688,2.871327825437,
    -0.276526075131));
#1078 = CARTESIAN_POINT('',(-5.598720672202,2.649087803245,
    -0.377123353916));
#1079 = CARTESIAN_POINT('',(-5.640165962523,2.546538163471,
    -0.450380701418));
#1080 = CARTESIAN_POINT('',(-5.707235434048,2.370819736161,
    -0.636336623882));
#1081 = CARTESIAN_POINT('',(-5.731880907759,2.300509580968,
    -0.746120020493));
#1082 = CARTESIAN_POINT('',(-5.764971172104,2.203826763109,
    -0.988023873529));
#1083 = CARTESIAN_POINT('',(-5.773155234913,2.178432190571,
    -1.119265014039));
#1084 = CARTESIAN_POINT('',(-5.773155234913,2.178432190571,-1.25));
#1085 = FACE_BOUND('',#1086,.F.);
#1086 = EDGE_LOOP('',(#1087,#1088));
#1087 = ORIENTED_EDGE('',*,*,#257,.T.);
#1088 = ORIENTED_EDGE('',*,*,#1089,.T.);
#1089 = EDGE_CURVE('',#250,#258,#1090,.T.);
#1090 = B_SPLINE_CURVE_WITH_KNOTS('',3,(#1091,#1092,#1093,#1094,#1095,
    #1096,#1097,#1098,#1099,#1100,#1101,#1102,#1103,#1104,#1105,#1106,
    #1107,#1108),.UNSPECIFIED.,.F.,.F.,(4,2,2,2,2,2,2,2,4),(0.,
    3.914406948904E-04,7.828813897808E-04,1.174322084671E-03,
    1.565762779562E-03,1.957203474452E-03,2.348644169342E-03,
    2.740084864233E-03,3.131525559123E-03),.UNSPECIFIED.);
#1091 = CARTESIAN_POINT('',(6.126502285302,2.382437205231,9.05));
#1092 = CARTESIAN_POINT('',(6.126502285302,2.382437205231,9.182377780101
    ));
#1093 = CARTESIAN_POINT('',(6.117491363044,2.407426746209,9.312259115415
    ));
#1094 = CARTESIAN_POINT('',(6.081272008549,2.502499610999,9.554309731034
    ));
#1095 = CARTESIAN_POINT('',(6.053986025391,2.572501759145,9.665071683923
    ));
#1096 = CARTESIAN_POINT('',(5.981966335729,2.74345884553,9.849136189407)
  );
#1097 = CARTESIAN_POINT('',(5.936521100591,2.845740715042,9.923583606661
    ));
#1098 = CARTESIAN_POINT('',(5.831607734518,3.062749111394,10.02343081302
    ));
#1099 = CARTESIAN_POINT('',(5.770930650097,3.179763213858,
    10.049863392018));
#1100 = CARTESIAN_POINT('',(5.643089362395,3.407719518519,
    10.050135523662));
#1101 = CARTESIAN_POINT('',(5.575188686476,3.520057670133,
    10.024258812575));
#1102 = CARTESIAN_POINT('',(5.443719055167,3.724288908609,9.923927616754
    ));
#1103 = CARTESIAN_POINT('',(5.38090814923,3.815260757103,9.850502513265)
  );
#1104 = CARTESIAN_POINT('',(5.271445039527,3.967412987104,9.664107922604
    ));
#1105 = CARTESIAN_POINT('',(5.226571335094,4.026311074496,9.553967730364
    ));
#1106 = CARTESIAN_POINT('',(5.16462403694,4.106408117965,9.311918776711)
  );
#1107 = CARTESIAN_POINT('',(5.14812516152,4.126971986205,9.180636635105)
  );
#1108 = CARTESIAN_POINT('',(5.14812516152,4.126971986205,9.05));
#1109 = FACE_BOUND('',#1110,.F.);
#1110 = EDGE_LOOP('',(#1111,#1112));
#1111 = ORIENTED_EDGE('',*,*,#192,.T.);
#1112 = ORIENTED_EDGE('',*,*,#1113,.T.);
#1113 = EDGE_CURVE('',#185,#193,#1114,.T.);
#1114 = B_SPLINE_CURVE_WITH_KNOTS('',3,(#1115,#1116,#1117,#1118,#1119,
    #1120,#1121,#1122,#1123,#1124,#1125,#1126,#1127,#1128,#1129,#1130,
    #1131,#1132),.UNSPECIFIED.,.F.,.F.,(4,2,2,2,2,2,2,2,4),(0.,
    3.914406948904E-04,7.828813897808E-04,1.174322084671E-03,
    1.565762779562E-03,1.957203474452E-03,2.348644169342E-03,
    2.740084864233E-03,3.131525559123E-03),.UNSPECIFIED.);
#1115 = CARTESIAN_POINT('',(6.126502285302,2.382437205231,-1.25));
#1116 = CARTESIAN_POINT('',(6.126502285302,2.382437205231,
    -1.117622219899));
#1117 = CARTESIAN_POINT('',(6.117491363044,2.407426746209,
    -0.987740884585));
#1118 = CARTESIAN_POINT('',(6.081272008549,2.502499610999,
    -0.745690268966));
#1119 = CARTESIAN_POINT('',(6.053986025391,2.572501759145,
    -0.634928316077));
#1120 = CARTESIAN_POINT('',(5.981966335729,2.74345884553,-0.450863810593
    ));
#1121 = CARTESIAN_POINT('',(5.936521100591,2.845740715042,
    -0.376416393339));
#1122 = CARTESIAN_POINT('',(5.831607734518,3.062749111394,-0.27656918698
    ));
#1123 = CARTESIAN_POINT('',(5.770930650097,3.179763213858,
    -0.250136607982));
#1124 = CARTESIAN_POINT('',(5.643089362395,3.407719518519,
    -0.249864476338));
#1125 = CARTESIAN_POINT('',(5.575188686476,3.520057670133,
    -0.275741187425));
#1126 = CARTESIAN_POINT('',(5.443719055167,3.724288908609,
    -0.376072383246));
#1127 = CARTESIAN_POINT('',(5.38090814923,3.815260757103,-0.449497486735
    ));
#1128 = CARTESIAN_POINT('',(5.271445039527,3.967412987104,
    -0.635892077396));
#1129 = CARTESIAN_POINT('',(5.226571335094,4.026311074496,
    -0.746032269636));
#1130 = CARTESIAN_POINT('',(5.16462403694,4.106408117965,-0.988081223289
    ));
#1131 = CARTESIAN_POINT('',(5.14812516152,4.126971986205,-1.119363364895
    ));
#1132 = CARTESIAN_POINT('',(5.14812516152,4.126971986205,-1.25));
#1133 = FACE_BOUND('',#1134,.F.);
#1134 = EDGE_LOOP('',(#1135,#1141,#1142,#1150,#1187,#1195));
#1135 = ORIENTED_EDGE('',*,*,#1136,.T.);
#1136 = EDGE_CURVE('',#573,#454,#1137,.T.);
#1137 = LINE('',#1138,#1139);
#1138 = CARTESIAN_POINT('',(-5.935042533589,1.591350955053,-10.75));
#1139 = VECTOR('',#1140,1.);
#1140 = DIRECTION('',(-0.,-0.,1.));
#1141 = ORIENTED_EDGE('',*,*,#480,.F.);
#1142 = ORIENTED_EDGE('',*,*,#1143,.F.);
#1143 = EDGE_CURVE('',#1144,#473,#1146,.T.);
#1144 = VERTEX_POINT('',#1145);
#1145 = CARTESIAN_POINT('',(6.512132034356,0.212132034356,5.742490601489
    ));
#1146 = LINE('',#1147,#1148);
#1147 = CARTESIAN_POINT('',(6.512132034356,0.212132034356,-10.75));
#1148 = VECTOR('',#1149,1.);
#1149 = DIRECTION('',(-0.,-0.,1.));
#1150 = ORIENTED_EDGE('',*,*,#1151,.F.);
#1151 = EDGE_CURVE('',#1152,#1144,#1154,.T.);
#1152 = VERTEX_POINT('',#1153);
#1153 = CARTESIAN_POINT('',(6.512132034356,0.212132034356,
    -0.242490601489));
#1154 = B_SPLINE_CURVE_WITH_KNOTS('',3,(#1155,#1156,#1157,#1158,#1159,
    #1160,#1161,#1162,#1163,#1164,#1165,#1166,#1167,#1168,#1169,#1170,
    #1171,#1172,#1173,#1174,#1175,#1176,#1177,#1178,#1179,#1180,#1181,
    #1182,#1183,#1184,#1185,#1186),.UNSPECIFIED.,.F.,.F.,(4,2,2,2,2,2,2,
    2,2,2,2,2,2,2,2,4),(2.103786729982E-04,7.772553016675E-04,
    1.344131930337E-03,2.477885187675E-03,3.044761816345E-03,
    3.611638445014E-03,4.178515073683E-03,4.745391702353E-03,
    5.312268331022E-03,5.879144959691E-03,6.44602158836E-03,
    7.01289821703E-03,7.579774845699E-03,8.146651474368E-03,
    8.713528103038E-03,9.280404731707E-03),.UNSPECIFIED.);
#1155 = CARTESIAN_POINT('',(6.512132034356,0.212132034356,
    -0.242490601489));
#1156 = CARTESIAN_POINT('',(6.512132034356,0.401476818097,
    -0.229068305643));
#1157 = CARTESIAN_POINT('',(6.503614972169,0.587673565202,
    -0.197970885342));
#1158 = CARTESIAN_POINT('',(6.471015882844,0.953861074721,
    -0.100621267407));
#1159 = CARTESIAN_POINT('',(6.44680053449,1.133086452915,
    -3.407393180347E-02));
#1160 = CARTESIAN_POINT('',(6.358081137219,1.638421982277,0.209255290649
    ));
#1161 = CARTESIAN_POINT('',(6.275283951788,1.94375393975,0.435214048126)
  );
#1162 = CARTESIAN_POINT('',(6.150055823282,2.321312556781,0.84065158783)
  );
#1163 = CARTESIAN_POINT('',(6.107500248286,2.436104698578,0.989338499274
    ));
#1164 = CARTESIAN_POINT('',(6.02867880926,2.634776127983,1.303455919101)
  );
#1165 = CARTESIAN_POINT('',(5.992416712312,2.718926041388,1.468484023856
    ));
#1166 = CARTESIAN_POINT('',(5.930643424551,2.856812474809,1.815406773284
    ));
#1167 = CARTESIAN_POINT('',(5.905041186995,2.910713345922,1.999464686956
    ));
#1168 = CARTESIAN_POINT('',(5.870806100598,2.981782468503,2.369830631449
    ));
#1169 = CARTESIAN_POINT('',(5.861803891026,2.999820673955,2.557317055669
    ));
#1170 = CARTESIAN_POINT('',(5.861628210297,3.000176689205,2.937057815871
    ));
#1171 = CARTESIAN_POINT('',(5.870746421668,2.981903304116,3.129201353163
    ));
#1172 = CARTESIAN_POINT('',(5.904917319265,2.910973521181,3.499515937336
    ));
#1173 = CARTESIAN_POINT('',(5.930004516058,2.858215961259,3.68073995562)
  );
#1174 = CARTESIAN_POINT('',(5.99243377801,2.718910368697,4.03187431255)
  );
#1175 = CARTESIAN_POINT('',(6.028924521055,2.634180102123,4.197588448988
    ));
#1176 = CARTESIAN_POINT('',(6.107629422578,2.435755703361,4.511110809009
    ));
#1177 = CARTESIAN_POINT('',(6.15025692572,2.320772147382,4.660052662595)
  );
#1178 = CARTESIAN_POINT('',(6.233961090963,2.068274584026,4.930945845045
    ));
#1179 = CARTESIAN_POINT('',(6.275203760805,1.93057262489,5.053795403773)
  );
#1180 = CARTESIAN_POINT('',(6.352159609238,1.631264939672,5.274590782488
    ));
#1181 = CARTESIAN_POINT('',(6.387894547604,1.468765659671,5.372513458882
    ));
#1182 = CARTESIAN_POINT('',(6.446908446947,1.132313415017,5.534369899137
    ));
#1183 = CARTESIAN_POINT('',(6.470666228034,0.956842643509,5.599634916235
    ));
#1184 = CARTESIAN_POINT('',(6.503457749508,0.590371232075,5.697444453862
    ));
#1185 = CARTESIAN_POINT('',(6.512132034356,0.400578845357,5.729131961243
    ));
#1186 = CARTESIAN_POINT('',(6.512132034356,0.212132034356,5.742490601489
    ));
#1187 = ORIENTED_EDGE('',*,*,#1188,.F.);
#1188 = EDGE_CURVE('',#1189,#1152,#1191,.T.);
#1189 = VERTEX_POINT('',#1190);
#1190 = CARTESIAN_POINT('',(6.512132034356,0.212132034356,-10.55));
#1191 = LINE('',#1192,#1193);
#1192 = CARTESIAN_POINT('',(6.512132034356,0.212132034356,-10.75));
#1193 = VECTOR('',#1194,1.);
#1194 = DIRECTION('',(-0.,-0.,1.));
#1195 = ORIENTED_EDGE('',*,*,#1196,.F.);
#1196 = EDGE_CURVE('',#573,#1189,#1197,.T.);
#1197 = CIRCLE('',#1198,6.3);
#1198 = AXIS2_PLACEMENT_3D('',#1199,#1200,#1201);
#1199 = CARTESIAN_POINT('',(0.212132034356,0.212132034356,-10.55));
#1200 = DIRECTION('',(0.,0.,-1.));
#1201 = DIRECTION('',(1.,0.,0.));
#1202 = CYLINDRICAL_SURFACE('',#1203,6.3);
#1203 = AXIS2_PLACEMENT_3D('',#1204,#1205,#1206);
#1204 = CARTESIAN_POINT('',(0.212132034356,0.212132034356,-10.75));
#1205 = DIRECTION('',(-0.,-0.,1.));
#1206 = DIRECTION('',(1.,0.,0.));
#1207 = ADVANCED_FACE('',(#1208),#1253,.F.);
#1208 = FACE_BOUND('',#1209,.F.);
#1209 = EDGE_LOOP('',(#1210,#1218,#1219,#1227,#1228,#1237,#1245,#1252));
#1210 = ORIENTED_EDGE('',*,*,#1211,.F.);
#1211 = EDGE_CURVE('',#725,#1152,#1212,.T.);
#1212 = B_SPLINE_CURVE_WITH_KNOTS('',3,(#1213,#1214,#1215,#1216,#1217),
  .UNSPECIFIED.,.F.,.F.,(4,1,4),(6.240059870215E-20,1.051893364991E-04,
    2.103786729982E-04),.UNSPECIFIED.);
#1213 = CARTESIAN_POINT('',(6.508559592901,2.920558888921E-17,-0.25));
#1214 = CARTESIAN_POINT('',(6.509758254821,3.557825658796E-02,-0.25));
#1215 = CARTESIAN_POINT('',(6.511544266535,0.106509340302,
    -0.248734649322));
#1216 = CARTESIAN_POINT('',(6.512132034356,0.176997313388,
    -0.244981235823));
#1217 = CARTESIAN_POINT('',(6.512132034356,0.212132034356,
    -0.242490601489));
#1218 = ORIENTED_EDGE('',*,*,#751,.F.);
#1219 = ORIENTED_EDGE('',*,*,#1220,.F.);
#1220 = EDGE_CURVE('',#1144,#744,#1221,.T.);
#1221 = B_SPLINE_CURVE_WITH_KNOTS('',3,(#1222,#1223,#1224,#1225,#1226),
  .UNSPECIFIED.,.F.,.F.,(4,1,4),(9.280404731707E-03,9.386580517515E-03,
    9.492756303324E-03),.UNSPECIFIED.);
#1222 = CARTESIAN_POINT('',(6.512132034356,0.212132034356,5.742490601489
    ));
#1223 = CARTESIAN_POINT('',(6.512132034356,0.176836015382,5.744992669935
    ));
#1224 = CARTESIAN_POINT('',(6.511538834224,0.106184631017,5.748746194888
    ));
#1225 = CARTESIAN_POINT('',(6.509752744208,3.541469252309E-02,5.75));
#1226 = CARTESIAN_POINT('',(6.508559592901,3.998708906088E-16,5.75));
#1227 = ORIENTED_EDGE('',*,*,#1143,.T.);
#1228 = ORIENTED_EDGE('',*,*,#1229,.F.);
#1229 = EDGE_CURVE('',#1230,#473,#1232,.T.);
#1230 = VERTEX_POINT('',#1231);
#1231 = CARTESIAN_POINT('',(1.591350955053,-5.935042533589,10.55));
#1232 = CIRCLE('',#1233,6.3);
#1233 = AXIS2_PLACEMENT_3D('',#1234,#1235,#1236);
#1234 = CARTESIAN_POINT('',(0.212132034356,0.212132034356,10.55));
#1235 = DIRECTION('',(0.,0.,1.));
#1236 = DIRECTION('',(1.,0.,-0.));
#1237 = ORIENTED_EDGE('',*,*,#1238,.F.);
#1238 = EDGE_CURVE('',#1239,#1230,#1241,.T.);
#1239 = VERTEX_POINT('',#1240);
#1240 = CARTESIAN_POINT('',(1.591350955053,-5.935042533589,-10.55));
#1241 = LINE('',#1242,#1243);
#1242 = CARTESIAN_POINT('',(1.591350955053,-5.935042533589,-10.75));
#1243 = VECTOR('',#1244,1.);
#1244 = DIRECTION('',(-0.,-0.,1.));
#1245 = ORIENTED_EDGE('',*,*,#1246,.F.);
#1246 = EDGE_CURVE('',#1189,#1239,#1247,.T.);
#1247 = CIRCLE('',#1248,6.3);
#1248 = AXIS2_PLACEMENT_3D('',#1249,#1250,#1251);
#1249 = CARTESIAN_POINT('',(0.212132034356,0.212132034356,-10.55));
#1250 = DIRECTION('',(0.,0.,-1.));
#1251 = DIRECTION('',(1.,0.,0.));
#1252 = ORIENTED_EDGE('',*,*,#1188,.T.);
#1253 = CYLINDRICAL_SURFACE('',#1254,6.3);
#1254 = AXIS2_PLACEMENT_3D('',#1255,#1256,#1257);
#1255 = CARTESIAN_POINT('',(0.212132034356,0.212132034356,-10.75));
#1256 = DIRECTION('',(-0.,-0.,1.));
#1257 = DIRECTION('',(1.,0.,0.));
#1258 = ADVANCED_FACE('',(#1259),#1343,.T.);
#1259 = FACE_BOUND('',#1260,.T.);
#1260 = EDGE_LOOP('',(#1261,#1269,#1270,#1287,#1293,#1294,#1311,#1319,
    #1328,#1336));
#1261 = ORIENTED_EDGE('',*,*,#1262,.T.);
#1262 = EDGE_CURVE('',#1263,#304,#1265,.T.);
#1263 = VERTEX_POINT('',#1264);
#1264 = CARTESIAN_POINT('',(-9.,5.,-10.75));
#1265 = LINE('',#1266,#1267);
#1266 = CARTESIAN_POINT('',(-9.,5.,-10.75));
#1267 = VECTOR('',#1268,1.);
#1268 = DIRECTION('',(0.,0.,1.));
#1269 = ORIENTED_EDGE('',*,*,#303,.T.);
#1270 = ORIENTED_EDGE('',*,*,#1271,.T.);
#1271 = EDGE_CURVE('',#306,#1272,#1274,.T.);
#1272 = VERTEX_POINT('',#1273);
#1273 = CARTESIAN_POINT('',(-9.,5.,-0.264534033921));
#1274 = B_SPLINE_CURVE_WITH_KNOTS('',3,(#1275,#1276,#1277,#1278,#1279,
    #1280,#1281,#1282,#1283,#1284,#1285,#1286),.UNSPECIFIED.,.F.,.F.,(4,
    2,2,2,2,4),(1.81284021633E-03,2.038941455142E-03,2.265042693953E-03,
    2.717245171577E-03,3.1694476492E-03,3.621650126823E-03),
  .UNSPECIFIED.);
#1275 = CARTESIAN_POINT('',(-8.803745679471,6.237545476299,-1.25));
#1276 = CARTESIAN_POINT('',(-8.803745679471,6.237545476299,
    -1.173428518642));
#1277 = CARTESIAN_POINT('',(-8.806517316804,6.229117368715,
    -1.098334607218));
#1278 = CARTESIAN_POINT('',(-8.817080618762,6.19590933564,
    -0.951112634636));
#1279 = CARTESIAN_POINT('',(-8.825005687977,6.170676022217,
    -0.878475885977));
#1280 = CARTESIAN_POINT('',(-8.853964044071,6.073109777796,
    -0.67593124702));
#1281 = CARTESIAN_POINT('',(-8.880880602906,5.976436955953,
    -0.556487553557));
#1282 = CARTESIAN_POINT('',(-8.932839204728,5.739891324938,
    -0.374133446654));
#1283 = CARTESIAN_POINT('',(-8.957545631809,5.599936540963,
    -0.310808291269));
#1284 = CARTESIAN_POINT('',(-8.991155511736,5.304579976638,
    -0.245016836086));
#1285 = CARTESIAN_POINT('',(-9.,5.15119284422,-0.241963358948));
#1286 = CARTESIAN_POINT('',(-9.,5.,-0.264534033921));
#1287 = ORIENTED_EDGE('',*,*,#1288,.T.);
#1288 = EDGE_CURVE('',#1272,#379,#1289,.T.);
#1289 = LINE('',#1290,#1291);
#1290 = CARTESIAN_POINT('',(-9.,5.,-10.75));
#1291 = VECTOR('',#1292,1.);
#1292 = DIRECTION('',(0.,0.,1.));
#1293 = ORIENTED_EDGE('',*,*,#378,.T.);
#1294 = ORIENTED_EDGE('',*,*,#1295,.T.);
#1295 = EDGE_CURVE('',#381,#1296,#1298,.T.);
#1296 = VERTEX_POINT('',#1297);
#1297 = CARTESIAN_POINT('',(-9.,5.,10.035465966079));
#1298 = B_SPLINE_CURVE_WITH_KNOTS('',3,(#1299,#1300,#1301,#1302,#1303,
    #1304,#1305,#1306,#1307,#1308,#1309,#1310),.UNSPECIFIED.,.F.,.F.,(4,
    2,2,2,2,4),(1.81284021633E-03,2.038941455142E-03,2.265042693953E-03,
    2.717245171577E-03,3.1694476492E-03,3.621650126823E-03),
  .UNSPECIFIED.);
#1299 = CARTESIAN_POINT('',(-8.803745679471,6.237545476299,9.05));
#1300 = CARTESIAN_POINT('',(-8.803745679471,6.237545476299,
    9.126571481358));
#1301 = CARTESIAN_POINT('',(-8.806517316804,6.229117368715,
    9.201665392782));
#1302 = CARTESIAN_POINT('',(-8.817080618762,6.19590933564,9.348887365364
    ));
#1303 = CARTESIAN_POINT('',(-8.825005687977,6.170676022217,
    9.421524114023));
#1304 = CARTESIAN_POINT('',(-8.853964044071,6.073109777796,9.62406875298
    ));
#1305 = CARTESIAN_POINT('',(-8.880880602906,5.976436955953,
    9.743512446443));
#1306 = CARTESIAN_POINT('',(-8.932839204728,5.739891324938,
    9.925866553346));
#1307 = CARTESIAN_POINT('',(-8.957545631809,5.599936540963,
    9.989191708731));
#1308 = CARTESIAN_POINT('',(-8.991155511736,5.304579976638,
    10.054983163914));
#1309 = CARTESIAN_POINT('',(-9.,5.15119284422,10.058036641052));
#1310 = CARTESIAN_POINT('',(-9.,5.,10.035465966079));
#1311 = ORIENTED_EDGE('',*,*,#1312,.T.);
#1312 = EDGE_CURVE('',#1296,#1313,#1315,.T.);
#1313 = VERTEX_POINT('',#1314);
#1314 = CARTESIAN_POINT('',(-9.,5.,10.75));
#1315 = LINE('',#1316,#1317);
#1316 = CARTESIAN_POINT('',(-9.,5.,-10.75));
#1317 = VECTOR('',#1318,1.);
#1318 = DIRECTION('',(0.,0.,1.));
#1319 = ORIENTED_EDGE('',*,*,#1320,.F.);
#1320 = EDGE_CURVE('',#1321,#1313,#1323,.T.);
#1321 = VERTEX_POINT('',#1322);
#1322 = CARTESIAN_POINT('',(-5.,9.,10.75));
#1323 = CIRCLE('',#1324,4.);
#1324 = AXIS2_PLACEMENT_3D('',#1325,#1326,#1327);
#1325 = CARTESIAN_POINT('',(-5.,5.,10.75));
#1326 = DIRECTION('',(0.,0.,1.));
#1327 = DIRECTION('',(1.,0.,-0.));
#1328 = ORIENTED_EDGE('',*,*,#1329,.F.);
#1329 = EDGE_CURVE('',#1330,#1321,#1332,.T.);
#1330 = VERTEX_POINT('',#1331);
#1331 = CARTESIAN_POINT('',(-5.,9.,-10.75));
#1332 = LINE('',#1333,#1334);
#1333 = CARTESIAN_POINT('',(-5.,9.,-10.75));
#1334 = VECTOR('',#1335,1.);
#1335 = DIRECTION('',(0.,0.,1.));
#1336 = ORIENTED_EDGE('',*,*,#1337,.T.);
#1337 = EDGE_CURVE('',#1330,#1263,#1338,.T.);
#1338 = CIRCLE('',#1339,4.);
#1339 = AXIS2_PLACEMENT_3D('',#1340,#1341,#1342);
#1340 = CARTESIAN_POINT('',(-5.,5.,-10.75));
#1341 = DIRECTION('',(0.,0.,1.));
#1342 = DIRECTION('',(1.,0.,-0.));
#1343 = CYLINDRICAL_SURFACE('',#1344,4.);
#1344 = AXIS2_PLACEMENT_3D('',#1345,#1346,#1347);
#1345 = CARTESIAN_POINT('',(-5.,5.,-10.75));
#1346 = DIRECTION('',(0.,0.,1.));
#1347 = DIRECTION('',(1.,0.,-0.));
#1348 = ADVANCED_FACE('',(#1349,#1422),#1463,.F.);
#1349 = FACE_BOUND('',#1350,.T.);
#1350 = EDGE_LOOP('',(#1351,#1352,#1361,#1370,#1379,#1388,#1397,#1404,
    #1405,#1414,#1421));
#1351 = ORIENTED_EDGE('',*,*,#505,.T.);
#1352 = ORIENTED_EDGE('',*,*,#1353,.T.);
#1353 = EDGE_CURVE('',#506,#1354,#1356,.T.);
#1354 = VERTEX_POINT('',#1355);
#1355 = CARTESIAN_POINT('',(-5.6615,-3.582934237465,-10.75));
#1356 = CIRCLE('',#1357,4.2);
#1357 = AXIS2_PLACEMENT_3D('',#1358,#1359,#1360);
#1358 = CARTESIAN_POINT('',(-2.1125,-1.336915760248,-10.75));
#1359 = DIRECTION('',(0.,0.,1.));
#1360 = DIRECTION('',(1.,0.,-0.));
#1361 = ORIENTED_EDGE('',*,*,#1362,.T.);
#1362 = EDGE_CURVE('',#1354,#1363,#1365,.T.);
#1363 = VERTEX_POINT('',#1364);
#1364 = CARTESIAN_POINT('',(-3.582934237465,-5.6615,-10.75));
#1365 = CIRCLE('',#1366,6.7);
#1366 = AXIS2_PLACEMENT_3D('',#1367,#1368,#1369);
#1367 = CARTESIAN_POINT('',(0.,0.,-10.75));
#1368 = DIRECTION('',(0.,0.,1.));
#1369 = DIRECTION('',(1.,0.,-0.));
#1370 = ORIENTED_EDGE('',*,*,#1371,.T.);
#1371 = EDGE_CURVE('',#1363,#1372,#1374,.T.);
#1372 = VERTEX_POINT('',#1373);
#1373 = CARTESIAN_POINT('',(-0.635034986118,-6.2534375,-10.75));
#1374 = CIRCLE('',#1375,4.2);
#1375 = AXIS2_PLACEMENT_3D('',#1376,#1377,#1378);
#1376 = CARTESIAN_POINT('',(-1.336915760248,-2.1125,-10.75));
#1377 = DIRECTION('',(0.,0.,1.));
#1378 = DIRECTION('',(1.,0.,-0.));
#1379 = ORIENTED_EDGE('',*,*,#1380,.T.);
#1380 = EDGE_CURVE('',#1372,#1381,#1383,.T.);
#1381 = VERTEX_POINT('',#1382);
#1382 = CARTESIAN_POINT('',(0.339936791059,-6.215235413122,-10.75));
#1383 = CIRCLE('',#1384,3.8);
#1384 = AXIS2_PLACEMENT_3D('',#1385,#1386,#1387);
#1385 = CARTESIAN_POINT('',(2.277657936511E-15,-10.,-10.75));
#1386 = DIRECTION('',(0.,0.,-1.));
#1387 = DIRECTION('',(1.,4.565061778886E-15,0.));
#1388 = ORIENTED_EDGE('',*,*,#1389,.T.);
#1389 = EDGE_CURVE('',#1381,#1390,#1392,.T.);
#1390 = VERTEX_POINT('',#1391);
#1391 = CARTESIAN_POINT('',(1.635135682695,-6.130190932571,-10.75));
#1392 = CIRCLE('',#1393,4.2);
#1393 = AXIS2_PLACEMENT_3D('',#1394,#1395,#1396);
#1394 = CARTESIAN_POINT('',(0.71565640223,-2.032074553941,-10.75));
#1395 = DIRECTION('',(0.,0.,1.));
#1396 = DIRECTION('',(1.,0.,-0.));
#1397 = ORIENTED_EDGE('',*,*,#1398,.T.);
#1398 = EDGE_CURVE('',#1390,#571,#1399,.T.);
#1399 = CIRCLE('',#1400,6.5);
#1400 = AXIS2_PLACEMENT_3D('',#1401,#1402,#1403);
#1401 = CARTESIAN_POINT('',(0.212132034356,0.212132034356,-10.75));
#1402 = DIRECTION('',(0.,0.,1.));
#1403 = DIRECTION('',(1.,0.,-0.));
#1404 = ORIENTED_EDGE('',*,*,#580,.T.);
#1405 = ORIENTED_EDGE('',*,*,#1406,.T.);
#1406 = EDGE_CURVE('',#581,#1407,#1409,.T.);
#1407 = VERTEX_POINT('',#1408);
#1408 = CARTESIAN_POINT('',(-6.215235413122,0.339936791059,-10.75));
#1409 = CIRCLE('',#1410,4.2);
#1410 = AXIS2_PLACEMENT_3D('',#1411,#1412,#1413);
#1411 = CARTESIAN_POINT('',(-2.032074553941,0.71565640223,-10.75));
#1412 = DIRECTION('',(0.,0.,1.));
#1413 = DIRECTION('',(1.,0.,-0.));
#1414 = ORIENTED_EDGE('',*,*,#1415,.T.);
#1415 = EDGE_CURVE('',#1407,#538,#1416,.T.);
#1416 = CIRCLE('',#1417,3.8);
#1417 = AXIS2_PLACEMENT_3D('',#1418,#1419,#1420);
#1418 = CARTESIAN_POINT('',(-10.,-3.719247132494E-14,-10.75));
#1419 = DIRECTION('',(0.,0.,-1.));
#1420 = DIRECTION('',(1.,7.993605777301E-15,0.));
#1421 = ORIENTED_EDGE('',*,*,#537,.T.);
#1422 = FACE_BOUND('',#1423,.T.);
#1423 = EDGE_LOOP('',(#1424,#1434,#1440,#1441,#1449,#1457));
#1424 = ORIENTED_EDGE('',*,*,#1425,.F.);
#1425 = EDGE_CURVE('',#1426,#1428,#1430,.T.);
#1426 = VERTEX_POINT('',#1427);
#1427 = CARTESIAN_POINT('',(-9.,-7.3,-10.75));
#1428 = VERTEX_POINT('',#1429);
#1429 = CARTESIAN_POINT('',(9.,-7.3,-10.75));
#1430 = LINE('',#1431,#1432);
#1431 = CARTESIAN_POINT('',(-5.,-7.3,-10.75));
#1432 = VECTOR('',#1433,1.);
#1433 = DIRECTION('',(1.,0.,-0.));
#1434 = ORIENTED_EDGE('',*,*,#1435,.F.);
#1435 = EDGE_CURVE('',#1263,#1426,#1436,.T.);
#1436 = LINE('',#1437,#1438);
#1437 = CARTESIAN_POINT('',(-9.,5.,-10.75));
#1438 = VECTOR('',#1439,1.);
#1439 = DIRECTION('',(1.387778780781E-16,-1.,0.));
#1440 = ORIENTED_EDGE('',*,*,#1337,.F.);
#1441 = ORIENTED_EDGE('',*,*,#1442,.F.);
#1442 = EDGE_CURVE('',#1443,#1330,#1445,.T.);
#1443 = VERTEX_POINT('',#1444);
#1444 = CARTESIAN_POINT('',(5.,9.,-10.75));
#1445 = LINE('',#1446,#1447);
#1446 = CARTESIAN_POINT('',(5.,9.,-10.75));
#1447 = VECTOR('',#1448,1.);
#1448 = DIRECTION('',(-1.,0.,0.));
#1449 = ORIENTED_EDGE('',*,*,#1450,.F.);
#1450 = EDGE_CURVE('',#1451,#1443,#1453,.T.);
#1451 = VERTEX_POINT('',#1452);
#1452 = CARTESIAN_POINT('',(9.,5.,-10.75));
#1453 = LINE('',#1454,#1455);
#1454 = CARTESIAN_POINT('',(9.,5.,-10.75));
#1455 = VECTOR('',#1456,1.);
#1456 = DIRECTION('',(-0.707106781187,0.707106781187,0.));
#1457 = ORIENTED_EDGE('',*,*,#1458,.F.);
#1458 = EDGE_CURVE('',#1428,#1451,#1459,.T.);
#1459 = LINE('',#1460,#1461);
#1460 = CARTESIAN_POINT('',(9.,-7.5,-10.75));
#1461 = VECTOR('',#1462,1.);
#1462 = DIRECTION('',(0.,1.,0.));
#1463 = PLANE('',#1464);
#1464 = AXIS2_PLACEMENT_3D('',#1465,#1466,#1467);
#1465 = CARTESIAN_POINT('',(-5.,5.,-10.75));
#1466 = DIRECTION('',(0.,0.,1.));
#1467 = DIRECTION('',(1.,0.,-0.));
#1468 = ADVANCED_FACE('',(#1469,#1542),#1552,.T.);
#1469 = FACE_BOUND('',#1470,.T.);
#1470 = EDGE_LOOP('',(#1471,#1477,#1478,#1487,#1493,#1494,#1503,#1511,
    #1519,#1527,#1535,#1541));
#1471 = ORIENTED_EDGE('',*,*,#1472,.T.);
#1472 = EDGE_CURVE('',#1451,#174,#1473,.T.);
#1473 = LINE('',#1474,#1475);
#1474 = CARTESIAN_POINT('',(9.,5.,-10.75));
#1475 = VECTOR('',#1476,1.);
#1476 = DIRECTION('',(0.,0.,1.));
#1477 = ORIENTED_EDGE('',*,*,#173,.T.);
#1478 = ORIENTED_EDGE('',*,*,#1479,.T.);
#1479 = EDGE_CURVE('',#176,#1480,#1482,.T.);
#1480 = VERTEX_POINT('',#1481);
#1481 = CARTESIAN_POINT('',(9.,5.,-0.264534033921));
#1482 = ( BOUNDED_CURVE() B_SPLINE_CURVE(3,(#1483,#1484,#1485,#1486),
.UNSPECIFIED.,.F.,.F.) B_SPLINE_CURVE_WITH_KNOTS((4,4),(0.,
1.400095551345),.PIECEWISE_BEZIER_KNOTS.) CURVE() 
GEOMETRIC_REPRESENTATION_ITEM() RATIONAL_B_SPLINE_CURVE((1.,
0.843207605652,0.843207605652,1.)) REPRESENTATION_ITEM('') );
#1483 = CARTESIAN_POINT('',(9.,4.041451884327,-1.25));
#1484 = CARTESIAN_POINT('',(9.,4.041451884327,-0.740632181973));
#1485 = CARTESIAN_POINT('',(9.,4.420381149689,-0.351061863634));
#1486 = CARTESIAN_POINT('',(9.,5.,-0.264534033921));
#1487 = ORIENTED_EDGE('',*,*,#1488,.T.);
#1488 = EDGE_CURVE('',#1480,#239,#1489,.T.);
#1489 = LINE('',#1490,#1491);
#1490 = CARTESIAN_POINT('',(9.,5.,-10.75));
#1491 = VECTOR('',#1492,1.);
#1492 = DIRECTION('',(0.,0.,1.));
#1493 = ORIENTED_EDGE('',*,*,#238,.T.);
#1494 = ORIENTED_EDGE('',*,*,#1495,.T.);
#1495 = EDGE_CURVE('',#241,#1496,#1498,.T.);
#1496 = VERTEX_POINT('',#1497);
#1497 = CARTESIAN_POINT('',(9.,5.,10.035465966079));
#1498 = ( BOUNDED_CURVE() B_SPLINE_CURVE(3,(#1499,#1500,#1501,#1502),
.UNSPECIFIED.,.F.,.F.) B_SPLINE_CURVE_WITH_KNOTS((4,4),(0.,
1.400095551345),.PIECEWISE_BEZIER_KNOTS.) CURVE() 
GEOMETRIC_REPRESENTATION_ITEM() RATIONAL_B_SPLINE_CURVE((1.,
0.843207605652,0.843207605652,1.)) REPRESENTATION_ITEM('') );
#1499 = CARTESIAN_POINT('',(9.,4.041451884327,9.05));
#1500 = CARTESIAN_POINT('',(9.,4.041451884327,9.559367818027));
#1501 = CARTESIAN_POINT('',(9.,4.420381149689,9.948938136366));
#1502 = CARTESIAN_POINT('',(9.,5.,10.035465966079));
#1503 = ORIENTED_EDGE('',*,*,#1504,.T.);
#1504 = EDGE_CURVE('',#1496,#1505,#1507,.T.);
#1505 = VERTEX_POINT('',#1506);
#1506 = CARTESIAN_POINT('',(9.,5.,10.75));
#1507 = LINE('',#1508,#1509);
#1508 = CARTESIAN_POINT('',(9.,5.,-10.75));
#1509 = VECTOR('',#1510,1.);
#1510 = DIRECTION('',(0.,0.,1.));
#1511 = ORIENTED_EDGE('',*,*,#1512,.F.);
#1512 = EDGE_CURVE('',#1513,#1505,#1515,.T.);
#1513 = VERTEX_POINT('',#1514);
#1514 = CARTESIAN_POINT('',(9.,-7.5,10.75));
#1515 = LINE('',#1516,#1517);
#1516 = CARTESIAN_POINT('',(9.,-7.5,10.75));
#1517 = VECTOR('',#1518,1.);
#1518 = DIRECTION('',(0.,1.,0.));
#1519 = ORIENTED_EDGE('',*,*,#1520,.F.);
#1520 = EDGE_CURVE('',#1521,#1513,#1523,.T.);
#1521 = VERTEX_POINT('',#1522);
#1522 = CARTESIAN_POINT('',(9.,-7.5,5.75));
#1523 = LINE('',#1524,#1525);
#1524 = CARTESIAN_POINT('',(9.,-7.5,-10.75));
#1525 = VECTOR('',#1526,1.);
#1526 = DIRECTION('',(0.,0.,1.));
#1527 = ORIENTED_EDGE('',*,*,#1528,.F.);
#1528 = EDGE_CURVE('',#1529,#1521,#1531,.T.);
#1529 = VERTEX_POINT('',#1530);
#1530 = CARTESIAN_POINT('',(9.,-7.3,5.75));
#1531 = LINE('',#1532,#1533);
#1532 = CARTESIAN_POINT('',(9.,-7.3,5.75));
#1533 = VECTOR('',#1534,1.);
#1534 = DIRECTION('',(-0.,-1.,-0.));
#1535 = ORIENTED_EDGE('',*,*,#1536,.T.);
#1536 = EDGE_CURVE('',#1529,#1428,#1537,.T.);
#1537 = LINE('',#1538,#1539);
#1538 = CARTESIAN_POINT('',(9.,-7.3,-10.75));
#1539 = VECTOR('',#1540,1.);
#1540 = DIRECTION('',(0.,0.,-1.));
#1541 = ORIENTED_EDGE('',*,*,#1458,.T.);
#1542 = FACE_BOUND('',#1543,.T.);
#1543 = EDGE_LOOP('',(#1544,#1551));
#1544 = ORIENTED_EDGE('',*,*,#1545,.F.);
#1545 = EDGE_CURVE('',#727,#735,#1546,.T.);
#1546 = CIRCLE('',#1547,3.);
#1547 = AXIS2_PLACEMENT_3D('',#1548,#1549,#1550);
#1548 = CARTESIAN_POINT('',(9.,0.,2.75));
#1549 = DIRECTION('',(1.,-0.,0.));
#1550 = DIRECTION('',(0.,0.,-1.));
#1551 = ORIENTED_EDGE('',*,*,#734,.F.);
#1552 = PLANE('',#1553);
#1553 = AXIS2_PLACEMENT_3D('',#1554,#1555,#1556);
#1554 = CARTESIAN_POINT('',(9.,-7.5,-10.75));
#1555 = DIRECTION('',(1.,0.,0.));
#1556 = DIRECTION('',(0.,0.,-1.));
#1557 = ADVANCED_FACE('',(#1558),#1592,.T.);
#1558 = FACE_BOUND('',#1559,.T.);
#1559 = EDGE_LOOP('',(#1560,#1570,#1578,#1586));
#1560 = ORIENTED_EDGE('',*,*,#1561,.T.);
#1561 = EDGE_CURVE('',#1562,#1564,#1566,.T.);
#1562 = VERTEX_POINT('',#1563);
#1563 = CARTESIAN_POINT('',(-9.,-7.5,5.75));
#1564 = VERTEX_POINT('',#1565);
#1565 = CARTESIAN_POINT('',(-4.,-7.5,5.75));
#1566 = LINE('',#1567,#1568);
#1567 = CARTESIAN_POINT('',(-9.,-7.5,5.75));
#1568 = VECTOR('',#1569,1.);
#1569 = DIRECTION('',(1.,0.,0.));
#1570 = ORIENTED_EDGE('',*,*,#1571,.T.);
#1571 = EDGE_CURVE('',#1564,#1572,#1574,.T.);
#1572 = VERTEX_POINT('',#1573);
#1573 = CARTESIAN_POINT('',(-4.,-7.5,10.75));
#1574 = LINE('',#1575,#1576);
#1575 = CARTESIAN_POINT('',(-4.,-7.5,10.75));
#1576 = VECTOR('',#1577,1.);
#1577 = DIRECTION('',(-3.469446951954E-16,-0.,1.));
#1578 = ORIENTED_EDGE('',*,*,#1579,.F.);
#1579 = EDGE_CURVE('',#1580,#1572,#1582,.T.);
#1580 = VERTEX_POINT('',#1581);
#1581 = CARTESIAN_POINT('',(-9.,-7.5,10.75));
#1582 = LINE('',#1583,#1584);
#1583 = CARTESIAN_POINT('',(-9.,-7.5,10.75));
#1584 = VECTOR('',#1585,1.);
#1585 = DIRECTION('',(1.,0.,0.));
#1586 = ORIENTED_EDGE('',*,*,#1587,.F.);
#1587 = EDGE_CURVE('',#1562,#1580,#1588,.T.);
#1588 = LINE('',#1589,#1590);
#1589 = CARTESIAN_POINT('',(-9.,-7.5,-10.75));
#1590 = VECTOR('',#1591,1.);
#1591 = DIRECTION('',(0.,0.,1.));
#1592 = PLANE('',#1593);
#1593 = AXIS2_PLACEMENT_3D('',#1594,#1595,#1596);
#1594 = CARTESIAN_POINT('',(-9.,-7.5,-10.75));
#1595 = DIRECTION('',(0.,-1.,0.));
#1596 = DIRECTION('',(0.,-0.,-1.));
#1597 = ADVANCED_FACE('',(#1598),#1623,.T.);
#1598 = FACE_BOUND('',#1599,.T.);
#1599 = EDGE_LOOP('',(#1600,#1610,#1616,#1617));
#1600 = ORIENTED_EDGE('',*,*,#1601,.T.);
#1601 = EDGE_CURVE('',#1602,#1604,#1606,.T.);
#1602 = VERTEX_POINT('',#1603);
#1603 = CARTESIAN_POINT('',(4.,-7.5,10.75));
#1604 = VERTEX_POINT('',#1605);
#1605 = CARTESIAN_POINT('',(4.,-7.5,5.75));
#1606 = LINE('',#1607,#1608);
#1607 = CARTESIAN_POINT('',(4.,-7.5,10.75));
#1608 = VECTOR('',#1609,1.);
#1609 = DIRECTION('',(1.734723475977E-16,0.,-1.));
#1610 = ORIENTED_EDGE('',*,*,#1611,.T.);
#1611 = EDGE_CURVE('',#1604,#1521,#1612,.T.);
#1612 = LINE('',#1613,#1614);
#1613 = CARTESIAN_POINT('',(9.,-7.5,5.75));
#1614 = VECTOR('',#1615,1.);
#1615 = DIRECTION('',(1.,-0.,1.734723475977E-16));
#1616 = ORIENTED_EDGE('',*,*,#1520,.T.);
#1617 = ORIENTED_EDGE('',*,*,#1618,.F.);
#1618 = EDGE_CURVE('',#1602,#1513,#1619,.T.);
#1619 = LINE('',#1620,#1621);
#1620 = CARTESIAN_POINT('',(-9.,-7.5,10.75));
#1621 = VECTOR('',#1622,1.);
#1622 = DIRECTION('',(1.,0.,0.));
#1623 = PLANE('',#1624);
#1624 = AXIS2_PLACEMENT_3D('',#1625,#1626,#1627);
#1625 = CARTESIAN_POINT('',(-9.,-7.5,-10.75));
#1626 = DIRECTION('',(0.,-1.,0.));
#1627 = DIRECTION('',(0.,-0.,-1.));
#1628 = ADVANCED_FACE('',(#1629,#1702),#1750,.T.);
#1629 = FACE_BOUND('',#1630,.T.);
#1630 = EDGE_LOOP('',(#1631,#1642,#1651,#1660,#1669,#1676,#1677,#1686,
    #1695));
#1631 = ORIENTED_EDGE('',*,*,#1632,.T.);
#1632 = EDGE_CURVE('',#1633,#1635,#1637,.T.);
#1633 = VERTEX_POINT('',#1634);
#1634 = CARTESIAN_POINT('',(-0.635034986118,-6.2534375,10.75));
#1635 = VERTEX_POINT('',#1636);
#1636 = CARTESIAN_POINT('',(-3.582934237465,-5.6615,10.75));
#1637 = CIRCLE('',#1638,4.2);
#1638 = AXIS2_PLACEMENT_3D('',#1639,#1640,#1641);
#1639 = CARTESIAN_POINT('',(-1.336915760248,-2.1125,10.75));
#1640 = DIRECTION('',(0.,0.,-1.));
#1641 = DIRECTION('',(1.,0.,0.));
#1642 = ORIENTED_EDGE('',*,*,#1643,.T.);
#1643 = EDGE_CURVE('',#1635,#1644,#1646,.T.);
#1644 = VERTEX_POINT('',#1645);
#1645 = CARTESIAN_POINT('',(-5.6615,-3.582934237465,10.75));
#1646 = CIRCLE('',#1647,6.7);
#1647 = AXIS2_PLACEMENT_3D('',#1648,#1649,#1650);
#1648 = CARTESIAN_POINT('',(0.,0.,10.75));
#1649 = DIRECTION('',(0.,0.,-1.));
#1650 = DIRECTION('',(1.,2.6645352591E-15,0.));
#1651 = ORIENTED_EDGE('',*,*,#1652,.T.);
#1652 = EDGE_CURVE('',#1644,#1653,#1655,.T.);
#1653 = VERTEX_POINT('',#1654);
#1654 = CARTESIAN_POINT('',(-6.2534375,-0.635034986118,10.75));
#1655 = CIRCLE('',#1656,4.2);
#1656 = AXIS2_PLACEMENT_3D('',#1657,#1658,#1659);
#1657 = CARTESIAN_POINT('',(-2.1125,-1.336915760248,10.75));
#1658 = DIRECTION('',(0.,0.,-1.));
#1659 = DIRECTION('',(1.,1.755374945929E-15,0.));
#1660 = ORIENTED_EDGE('',*,*,#1661,.T.);
#1661 = EDGE_CURVE('',#1653,#1662,#1664,.T.);
#1662 = VERTEX_POINT('',#1663);
#1663 = CARTESIAN_POINT('',(-6.215235413122,0.339936791059,10.75));
#1664 = CIRCLE('',#1665,3.8);
#1665 = AXIS2_PLACEMENT_3D('',#1666,#1667,#1668);
#1666 = CARTESIAN_POINT('',(-10.,-3.719247132494E-14,10.75));
#1667 = DIRECTION('',(0.,0.,1.));
#1668 = DIRECTION('',(1.,0.,-0.));
#1669 = ORIENTED_EDGE('',*,*,#1670,.T.);
#1670 = EDGE_CURVE('',#1662,#456,#1671,.T.);
#1671 = CIRCLE('',#1672,4.2);
#1672 = AXIS2_PLACEMENT_3D('',#1673,#1674,#1675);
#1673 = CARTESIAN_POINT('',(-2.032074553941,0.71565640223,10.75));
#1674 = DIRECTION('',(0.,0.,-1.));
#1675 = DIRECTION('',(1.,5.317753512667E-15,0.));
#1676 = ORIENTED_EDGE('',*,*,#463,.T.);
#1677 = ORIENTED_EDGE('',*,*,#1678,.T.);
#1678 = EDGE_CURVE('',#464,#1679,#1681,.T.);
#1679 = VERTEX_POINT('',#1680);
#1680 = CARTESIAN_POINT('',(1.635135682695,-6.130190932571,10.75));
#1681 = CIRCLE('',#1682,6.5);
#1682 = AXIS2_PLACEMENT_3D('',#1683,#1684,#1685);
#1683 = CARTESIAN_POINT('',(0.212132034356,0.212132034356,10.75));
#1684 = DIRECTION('',(0.,0.,-1.));
#1685 = DIRECTION('',(1.,0.,0.));
#1686 = ORIENTED_EDGE('',*,*,#1687,.T.);
#1687 = EDGE_CURVE('',#1679,#1688,#1690,.T.);
#1688 = VERTEX_POINT('',#1689);
#1689 = CARTESIAN_POINT('',(0.339936791059,-6.215235413122,10.75));
#1690 = CIRCLE('',#1691,4.2);
#1691 = AXIS2_PLACEMENT_3D('',#1692,#1693,#1694);
#1692 = CARTESIAN_POINT('',(0.71565640223,-2.032074553941,10.75));
#1693 = DIRECTION('',(0.,0.,-1.));
#1694 = DIRECTION('',(1.,0.,0.));
#1695 = ORIENTED_EDGE('',*,*,#1696,.T.);
#1696 = EDGE_CURVE('',#1688,#1633,#1697,.T.);
#1697 = CIRCLE('',#1698,3.8);
#1698 = AXIS2_PLACEMENT_3D('',#1699,#1700,#1701);
#1699 = CARTESIAN_POINT('',(2.277657936511E-15,-10.,10.75));
#1700 = DIRECTION('',(0.,0.,1.));
#1701 = DIRECTION('',(1.,0.,-0.));
#1702 = FACE_BOUND('',#1703,.T.);
#1703 = EDGE_LOOP('',(#1704,#1705,#1713,#1719,#1720,#1726,#1727,#1735,
    #1743,#1749));
#1704 = ORIENTED_EDGE('',*,*,#1512,.T.);
#1705 = ORIENTED_EDGE('',*,*,#1706,.T.);
#1706 = EDGE_CURVE('',#1505,#1707,#1709,.T.);
#1707 = VERTEX_POINT('',#1708);
#1708 = CARTESIAN_POINT('',(5.,9.,10.75));
#1709 = LINE('',#1710,#1711);
#1710 = CARTESIAN_POINT('',(9.,5.,10.75));
#1711 = VECTOR('',#1712,1.);
#1712 = DIRECTION('',(-0.707106781187,0.707106781187,0.));
#1713 = ORIENTED_EDGE('',*,*,#1714,.T.);
#1714 = EDGE_CURVE('',#1707,#1321,#1715,.T.);
#1715 = LINE('',#1716,#1717);
#1716 = CARTESIAN_POINT('',(5.,9.,10.75));
#1717 = VECTOR('',#1718,1.);
#1718 = DIRECTION('',(-1.,0.,0.));
#1719 = ORIENTED_EDGE('',*,*,#1320,.T.);
#1720 = ORIENTED_EDGE('',*,*,#1721,.T.);
#1721 = EDGE_CURVE('',#1313,#1580,#1722,.T.);
#1722 = LINE('',#1723,#1724);
#1723 = CARTESIAN_POINT('',(-9.,5.,10.75));
#1724 = VECTOR('',#1725,1.);
#1725 = DIRECTION('',(1.387778780781E-16,-1.,0.));
#1726 = ORIENTED_EDGE('',*,*,#1579,.T.);
#1727 = ORIENTED_EDGE('',*,*,#1728,.F.);
#1728 = EDGE_CURVE('',#1729,#1572,#1731,.T.);
#1729 = VERTEX_POINT('',#1730);
#1730 = CARTESIAN_POINT('',(-4.,-7.3,10.75));
#1731 = LINE('',#1732,#1733);
#1732 = CARTESIAN_POINT('',(-4.,-7.3,10.75));
#1733 = VECTOR('',#1734,1.);
#1734 = DIRECTION('',(-0.,-1.,-0.));
#1735 = ORIENTED_EDGE('',*,*,#1736,.T.);
#1736 = EDGE_CURVE('',#1729,#1737,#1739,.T.);
#1737 = VERTEX_POINT('',#1738);
#1738 = CARTESIAN_POINT('',(4.,-7.3,10.75));
#1739 = LINE('',#1740,#1741);
#1740 = CARTESIAN_POINT('',(-5.,-7.3,10.75));
#1741 = VECTOR('',#1742,1.);
#1742 = DIRECTION('',(1.,0.,-0.));
#1743 = ORIENTED_EDGE('',*,*,#1744,.T.);
#1744 = EDGE_CURVE('',#1737,#1602,#1745,.T.);
#1745 = LINE('',#1746,#1747);
#1746 = CARTESIAN_POINT('',(4.,-7.3,10.75));
#1747 = VECTOR('',#1748,1.);
#1748 = DIRECTION('',(-0.,-1.,-0.));
#1749 = ORIENTED_EDGE('',*,*,#1618,.T.);
#1750 = PLANE('',#1751);
#1751 = AXIS2_PLACEMENT_3D('',#1752,#1753,#1754);
#1752 = CARTESIAN_POINT('',(-5.,5.,10.75));
#1753 = DIRECTION('',(0.,0.,1.));
#1754 = DIRECTION('',(1.,0.,-0.));
#1755 = ADVANCED_FACE('',(#1756),#1794,.T.);
#1756 = FACE_BOUND('',#1757,.T.);
#1757 = EDGE_LOOP('',(#1758,#1759,#1766,#1767,#1768,#1769,#1777,#1783,
    #1784,#1785,#1786,#1793));
#1758 = ORIENTED_EDGE('',*,*,#1288,.F.);
#1759 = ORIENTED_EDGE('',*,*,#1760,.T.);
#1760 = EDGE_CURVE('',#1272,#356,#1761,.T.);
#1761 = ( BOUNDED_CURVE() B_SPLINE_CURVE(3,(#1762,#1763,#1764,#1765),
.UNSPECIFIED.,.F.,.F.) B_SPLINE_CURVE_WITH_KNOTS((4,4),(4.883089755835,
6.28318530718),.PIECEWISE_BEZIER_KNOTS.) CURVE() 
GEOMETRIC_REPRESENTATION_ITEM() RATIONAL_B_SPLINE_CURVE((1.,
0.843207605652,0.843207605652,1.)) REPRESENTATION_ITEM('') );
#1762 = CARTESIAN_POINT('',(-9.,5.,-0.264534033921));
#1763 = CARTESIAN_POINT('',(-9.,4.420381149689,-0.351061863634));
#1764 = CARTESIAN_POINT('',(-9.,4.041451884327,-0.740632181973));
#1765 = CARTESIAN_POINT('',(-9.,4.041451884327,-1.25));
#1766 = ORIENTED_EDGE('',*,*,#363,.T.);
#1767 = ORIENTED_EDGE('',*,*,#1262,.F.);
#1768 = ORIENTED_EDGE('',*,*,#1435,.T.);
#1769 = ORIENTED_EDGE('',*,*,#1770,.T.);
#1770 = EDGE_CURVE('',#1426,#1771,#1773,.T.);
#1771 = VERTEX_POINT('',#1772);
#1772 = CARTESIAN_POINT('',(-9.,-7.3,5.75));
#1773 = LINE('',#1774,#1775);
#1774 = CARTESIAN_POINT('',(-9.,-7.3,-10.75));
#1775 = VECTOR('',#1776,1.);
#1776 = DIRECTION('',(0.,0.,1.));
#1777 = ORIENTED_EDGE('',*,*,#1778,.T.);
#1778 = EDGE_CURVE('',#1771,#1562,#1779,.T.);
#1779 = LINE('',#1780,#1781);
#1780 = CARTESIAN_POINT('',(-9.,-7.3,5.75));
#1781 = VECTOR('',#1782,1.);
#1782 = DIRECTION('',(-0.,-1.,-0.));
#1783 = ORIENTED_EDGE('',*,*,#1587,.T.);
#1784 = ORIENTED_EDGE('',*,*,#1721,.F.);
#1785 = ORIENTED_EDGE('',*,*,#1312,.F.);
#1786 = ORIENTED_EDGE('',*,*,#1787,.T.);
#1787 = EDGE_CURVE('',#1296,#431,#1788,.T.);
#1788 = ( BOUNDED_CURVE() B_SPLINE_CURVE(3,(#1789,#1790,#1791,#1792),
.UNSPECIFIED.,.F.,.F.) B_SPLINE_CURVE_WITH_KNOTS((4,4),(4.883089755835,
6.28318530718),.PIECEWISE_BEZIER_KNOTS.) CURVE() 
GEOMETRIC_REPRESENTATION_ITEM() RATIONAL_B_SPLINE_CURVE((1.,
0.843207605652,0.843207605652,1.)) REPRESENTATION_ITEM('') );
#1789 = CARTESIAN_POINT('',(-9.,5.,10.035465966079));
#1790 = CARTESIAN_POINT('',(-9.,4.420381149689,9.948938136366));
#1791 = CARTESIAN_POINT('',(-9.,4.041451884327,9.559367818027));
#1792 = CARTESIAN_POINT('',(-9.,4.041451884327,9.05));
#1793 = ORIENTED_EDGE('',*,*,#438,.T.);
#1794 = PLANE('',#1795);
#1795 = AXIS2_PLACEMENT_3D('',#1796,#1797,#1798);
#1796 = CARTESIAN_POINT('',(-9.,5.,-10.75));
#1797 = DIRECTION('',(-1.,-1.387778780781E-16,0.));
#1798 = DIRECTION('',(1.387778780781E-16,-1.,0.));
#1799 = ADVANCED_FACE('',(#1800,#1843),#1853,.T.);
#1800 = FACE_BOUND('',#1801,.T.);
#1801 = EDGE_LOOP('',(#1802,#1803,#1809,#1810,#1811,#1812,#1820,#1827,
    #1828,#1836));
#1802 = ORIENTED_EDGE('',*,*,#93,.F.);
#1803 = ORIENTED_EDGE('',*,*,#1804,.F.);
#1804 = EDGE_CURVE('',#1443,#46,#1805,.T.);
#1805 = LINE('',#1806,#1807);
#1806 = CARTESIAN_POINT('',(5.,9.,-10.75));
#1807 = VECTOR('',#1808,1.);
#1808 = DIRECTION('',(0.,0.,1.));
#1809 = ORIENTED_EDGE('',*,*,#1442,.T.);
#1810 = ORIENTED_EDGE('',*,*,#1329,.T.);
#1811 = ORIENTED_EDGE('',*,*,#1714,.F.);
#1812 = ORIENTED_EDGE('',*,*,#1813,.F.);
#1813 = EDGE_CURVE('',#1814,#1707,#1816,.T.);
#1814 = VERTEX_POINT('',#1815);
#1815 = CARTESIAN_POINT('',(5.,9.,10.035465966079));
#1816 = LINE('',#1817,#1818);
#1817 = CARTESIAN_POINT('',(5.,9.,-10.75));
#1818 = VECTOR('',#1819,1.);
#1819 = DIRECTION('',(0.,0.,1.));
#1820 = ORIENTED_EDGE('',*,*,#1821,.F.);
#1821 = EDGE_CURVE('',#151,#1814,#1822,.T.);
#1822 = ( BOUNDED_CURVE() B_SPLINE_CURVE(3,(#1823,#1824,#1825,#1826),
.UNSPECIFIED.,.F.,.F.) B_SPLINE_CURVE_WITH_KNOTS((4,4),(0.,
1.400095551345),.PIECEWISE_BEZIER_KNOTS.) CURVE() 
GEOMETRIC_REPRESENTATION_ITEM() RATIONAL_B_SPLINE_CURVE((1.,
0.843207605652,0.843207605652,1.)) REPRESENTATION_ITEM('') );
#1823 = CARTESIAN_POINT('',(4.041451884327,9.,9.05));
#1824 = CARTESIAN_POINT('',(4.041451884327,9.,9.559367818027));
#1825 = CARTESIAN_POINT('',(4.420381149689,9.,9.948938136366));
#1826 = CARTESIAN_POINT('',(5.,9.,10.035465966079));
#1827 = ORIENTED_EDGE('',*,*,#158,.F.);
#1828 = ORIENTED_EDGE('',*,*,#1829,.F.);
#1829 = EDGE_CURVE('',#1830,#111,#1832,.T.);
#1830 = VERTEX_POINT('',#1831);
#1831 = CARTESIAN_POINT('',(5.,9.,-0.264534033921));
#1832 = LINE('',#1833,#1834);
#1833 = CARTESIAN_POINT('',(5.,9.,-10.75));
#1834 = VECTOR('',#1835,1.);
#1835 = DIRECTION('',(0.,0.,1.));
#1836 = ORIENTED_EDGE('',*,*,#1837,.F.);
#1837 = EDGE_CURVE('',#86,#1830,#1838,.T.);
#1838 = ( BOUNDED_CURVE() B_SPLINE_CURVE(3,(#1839,#1840,#1841,#1842),
.UNSPECIFIED.,.F.,.F.) B_SPLINE_CURVE_WITH_KNOTS((4,4),(
2.168404344971E-16,1.400095551345),.PIECEWISE_BEZIER_KNOTS.) CURVE() 
GEOMETRIC_REPRESENTATION_ITEM() RATIONAL_B_SPLINE_CURVE((1.,
0.843207605652,0.843207605652,1.)) REPRESENTATION_ITEM('') );
#1839 = CARTESIAN_POINT('',(4.041451884327,9.,-1.25));
#1840 = CARTESIAN_POINT('',(4.041451884327,9.,-0.740632181973));
#1841 = CARTESIAN_POINT('',(4.420381149689,9.,-0.351061863634));
#1842 = CARTESIAN_POINT('',(5.,9.,-0.264534033921));
#1843 = FACE_BOUND('',#1844,.T.);
#1844 = EDGE_LOOP('',(#1845,#1852));
#1845 = ORIENTED_EDGE('',*,*,#1846,.F.);
#1846 = EDGE_CURVE('',#799,#807,#1847,.T.);
#1847 = CIRCLE('',#1848,3.);
#1848 = AXIS2_PLACEMENT_3D('',#1849,#1850,#1851);
#1849 = CARTESIAN_POINT('',(0.,9.,2.75));
#1850 = DIRECTION('',(-0.,1.,0.));
#1851 = DIRECTION('',(0.,0.,1.));
#1852 = ORIENTED_EDGE('',*,*,#806,.F.);
#1853 = PLANE('',#1854);
#1854 = AXIS2_PLACEMENT_3D('',#1855,#1856,#1857);
#1855 = CARTESIAN_POINT('',(5.,9.,-10.75));
#1856 = DIRECTION('',(0.,1.,-0.));
#1857 = DIRECTION('',(0.,0.,1.));
#1858 = ADVANCED_FACE('',(#1859,#1901,#1911),#1921,.T.);
#1859 = FACE_BOUND('',#1860,.T.);
#1860 = EDGE_LOOP('',(#1861,#1868,#1869,#1870,#1877,#1878,#1879,#1880,
    #1887,#1888,#1889,#1896,#1897,#1898,#1899,#1900));
#1861 = ORIENTED_EDGE('',*,*,#1862,.F.);
#1862 = EDGE_CURVE('',#1830,#44,#1863,.T.);
#1863 = ( BOUNDED_CURVE() B_SPLINE_CURVE(3,(#1864,#1865,#1866,#1867),
.UNSPECIFIED.,.F.,.F.) B_SPLINE_CURVE_WITH_KNOTS((4,4),(4.541688204934,
6.28318530718),.PIECEWISE_BEZIER_KNOTS.) CURVE() 
GEOMETRIC_REPRESENTATION_ITEM() RATIONAL_B_SPLINE_CURVE((1.,
0.762836151568,0.762836151568,1.)) REPRESENTATION_ITEM('') );
#1864 = CARTESIAN_POINT('',(5.,9.,-0.264534033921));
#1865 = CARTESIAN_POINT('',(5.482186099341,8.517813900659,-0.15099213841
    ));
#1866 = CARTESIAN_POINT('',(5.856406460551,8.143593539449,
    -0.581607093776));
#1867 = CARTESIAN_POINT('',(5.856406460551,8.143593539449,-1.25));
#1868 = ORIENTED_EDGE('',*,*,#1829,.T.);
#1869 = ORIENTED_EDGE('',*,*,#108,.F.);
#1870 = ORIENTED_EDGE('',*,*,#1871,.F.);
#1871 = EDGE_CURVE('',#1814,#109,#1872,.T.);
#1872 = ( BOUNDED_CURVE() B_SPLINE_CURVE(3,(#1873,#1874,#1875,#1876),
.UNSPECIFIED.,.F.,.F.) B_SPLINE_CURVE_WITH_KNOTS((4,4),(4.541688204934,
6.28318530718),.PIECEWISE_BEZIER_KNOTS.) CURVE() 
GEOMETRIC_REPRESENTATION_ITEM() RATIONAL_B_SPLINE_CURVE((1.,
0.762836151568,0.762836151568,1.)) REPRESENTATION_ITEM('') );
#1873 = CARTESIAN_POINT('',(5.,9.,10.035465966079));
#1874 = CARTESIAN_POINT('',(5.482186099341,8.517813900659,10.14900786159
    ));
#1875 = CARTESIAN_POINT('',(5.856406460551,8.143593539449,9.718392906224
    ));
#1876 = CARTESIAN_POINT('',(5.856406460551,8.143593539449,9.05));
#1877 = ORIENTED_EDGE('',*,*,#1813,.T.);
#1878 = ORIENTED_EDGE('',*,*,#1706,.F.);
#1879 = ORIENTED_EDGE('',*,*,#1504,.F.);
#1880 = ORIENTED_EDGE('',*,*,#1881,.T.);
#1881 = EDGE_CURVE('',#1496,#281,#1882,.T.);
#1882 = ( BOUNDED_CURVE() B_SPLINE_CURVE(3,(#1883,#1884,#1885,#1886),
.UNSPECIFIED.,.F.,.F.) B_SPLINE_CURVE_WITH_KNOTS((4,4),(4.541688204934,
6.28318530718),.PIECEWISE_BEZIER_KNOTS.) CURVE() 
GEOMETRIC_REPRESENTATION_ITEM() RATIONAL_B_SPLINE_CURVE((1.,
0.762836151568,0.762836151568,1.)) REPRESENTATION_ITEM('') );
#1883 = CARTESIAN_POINT('',(9.,5.,10.035465966079));
#1884 = CARTESIAN_POINT('',(8.517813900659,5.482186099341,10.14900786159
    ));
#1885 = CARTESIAN_POINT('',(8.143593539449,5.856406460551,9.718392906224
    ));
#1886 = CARTESIAN_POINT('',(8.143593539449,5.856406460551,9.05));
#1887 = ORIENTED_EDGE('',*,*,#288,.T.);
#1888 = ORIENTED_EDGE('',*,*,#1488,.F.);
#1889 = ORIENTED_EDGE('',*,*,#1890,.T.);
#1890 = EDGE_CURVE('',#1480,#216,#1891,.T.);
#1891 = ( BOUNDED_CURVE() B_SPLINE_CURVE(3,(#1892,#1893,#1894,#1895),
.UNSPECIFIED.,.F.,.F.) B_SPLINE_CURVE_WITH_KNOTS((4,4),(4.541688204934,
6.28318530718),.PIECEWISE_BEZIER_KNOTS.) CURVE() 
GEOMETRIC_REPRESENTATION_ITEM() RATIONAL_B_SPLINE_CURVE((1.,
0.762836151568,0.762836151568,1.)) REPRESENTATION_ITEM('') );
#1892 = CARTESIAN_POINT('',(9.,5.,-0.264534033921));
#1893 = CARTESIAN_POINT('',(8.517813900659,5.482186099341,-0.15099213841
    ));
#1894 = CARTESIAN_POINT('',(8.143593539449,5.856406460551,
    -0.581607093776));
#1895 = CARTESIAN_POINT('',(8.143593539449,5.856406460551,-1.25));
#1896 = ORIENTED_EDGE('',*,*,#223,.T.);
#1897 = ORIENTED_EDGE('',*,*,#1472,.F.);
#1898 = ORIENTED_EDGE('',*,*,#1450,.T.);
#1899 = ORIENTED_EDGE('',*,*,#1804,.T.);
#1900 = ORIENTED_EDGE('',*,*,#43,.F.);
#1901 = FACE_BOUND('',#1902,.T.);
#1902 = EDGE_LOOP('',(#1903,#1910));
#1903 = ORIENTED_EDGE('',*,*,#1904,.F.);
#1904 = EDGE_CURVE('',#615,#623,#1905,.T.);
#1905 = CIRCLE('',#1906,1.25);
#1906 = AXIS2_PLACEMENT_3D('',#1907,#1908,#1909);
#1907 = CARTESIAN_POINT('',(7.,7.,6.));
#1908 = DIRECTION('',(0.707106781187,0.707106781187,-0.));
#1909 = DIRECTION('',(-0.707106781187,0.707106781187,0.));
#1910 = ORIENTED_EDGE('',*,*,#622,.F.);
#1911 = FACE_BOUND('',#1912,.T.);
#1912 = EDGE_LOOP('',(#1913,#1920));
#1913 = ORIENTED_EDGE('',*,*,#1914,.F.);
#1914 = EDGE_CURVE('',#671,#679,#1915,.T.);
#1915 = CIRCLE('',#1916,1.25);
#1916 = AXIS2_PLACEMENT_3D('',#1917,#1918,#1919);
#1917 = CARTESIAN_POINT('',(7.,7.,-5.));
#1918 = DIRECTION('',(0.707106781187,0.707106781187,-0.));
#1919 = DIRECTION('',(-0.707106781187,0.707106781187,0.));
#1920 = ORIENTED_EDGE('',*,*,#678,.F.);
#1921 = PLANE('',#1922);
#1922 = AXIS2_PLACEMENT_3D('',#1923,#1924,#1925);
#1923 = CARTESIAN_POINT('',(9.,5.,-10.75));
#1924 = DIRECTION('',(0.707106781187,0.707106781187,-0.));
#1925 = DIRECTION('',(-0.707106781187,0.707106781187,0.));
#1926 = ADVANCED_FACE('',(#1927),#1955,.F.);
#1927 = FACE_BOUND('',#1928,.F.);
#1928 = EDGE_LOOP('',(#1929,#1938,#1939,#1940,#1949));
#1929 = ORIENTED_EDGE('',*,*,#1930,.F.);
#1930 = EDGE_CURVE('',#454,#1931,#1933,.T.);
#1931 = VERTEX_POINT('',#1932);
#1932 = CARTESIAN_POINT('',(-6.016037276971,0.357828201115,10.55));
#1933 = CIRCLE('',#1934,4.);
#1934 = AXIS2_PLACEMENT_3D('',#1935,#1936,#1937);
#1935 = CARTESIAN_POINT('',(-2.032074553941,0.71565640223,10.55));
#1936 = DIRECTION('',(0.,0.,1.));
#1937 = DIRECTION('',(1.,0.,-0.));
#1938 = ORIENTED_EDGE('',*,*,#1136,.F.);
#1939 = ORIENTED_EDGE('',*,*,#597,.F.);
#1940 = ORIENTED_EDGE('',*,*,#1941,.F.);
#1941 = EDGE_CURVE('',#1942,#590,#1944,.T.);
#1942 = VERTEX_POINT('',#1943);
#1943 = CARTESIAN_POINT('',(-6.016037276971,0.357828201115,-10.55));
#1944 = CIRCLE('',#1945,4.);
#1945 = AXIS2_PLACEMENT_3D('',#1946,#1947,#1948);
#1946 = CARTESIAN_POINT('',(-2.032074553941,0.71565640223,-10.55));
#1947 = DIRECTION('',(0.,0.,-1.));
#1948 = DIRECTION('',(1.,1.599198204416E-14,0.));
#1949 = ORIENTED_EDGE('',*,*,#1950,.T.);
#1950 = EDGE_CURVE('',#1942,#1931,#1951,.T.);
#1951 = LINE('',#1952,#1953);
#1952 = CARTESIAN_POINT('',(-6.016037276971,0.357828201115,-10.75));
#1953 = VECTOR('',#1954,1.);
#1954 = DIRECTION('',(-0.,-0.,1.));
#1955 = CYLINDRICAL_SURFACE('',#1956,4.);
#1956 = AXIS2_PLACEMENT_3D('',#1957,#1958,#1959);
#1957 = CARTESIAN_POINT('',(-2.032074553941,0.71565640223,-10.75));
#1958 = DIRECTION('',(-0.,-0.,1.));
#1959 = DIRECTION('',(1.,0.,0.));
#1960 = ADVANCED_FACE('',(#1961),#1988,.F.);
#1961 = FACE_BOUND('',#1962,.F.);
#1962 = EDGE_LOOP('',(#1963,#1972,#1980,#1987));
#1963 = ORIENTED_EDGE('',*,*,#1964,.F.);
#1964 = EDGE_CURVE('',#1965,#1230,#1967,.T.);
#1965 = VERTEX_POINT('',#1966);
#1966 = CARTESIAN_POINT('',(0.357828201115,-6.016037276971,10.55));
#1967 = CIRCLE('',#1968,4.);
#1968 = AXIS2_PLACEMENT_3D('',#1969,#1970,#1971);
#1969 = CARTESIAN_POINT('',(0.71565640223,-2.032074553941,10.55));
#1970 = DIRECTION('',(0.,0.,1.));
#1971 = DIRECTION('',(1.,0.,-0.));
#1972 = ORIENTED_EDGE('',*,*,#1973,.F.);
#1973 = EDGE_CURVE('',#1974,#1965,#1976,.T.);
#1974 = VERTEX_POINT('',#1975);
#1975 = CARTESIAN_POINT('',(0.357828201115,-6.016037276971,-10.55));
#1976 = LINE('',#1977,#1978);
#1977 = CARTESIAN_POINT('',(0.357828201115,-6.016037276971,-10.75));
#1978 = VECTOR('',#1979,1.);
#1979 = DIRECTION('',(-0.,-0.,1.));
#1980 = ORIENTED_EDGE('',*,*,#1981,.F.);
#1981 = EDGE_CURVE('',#1239,#1974,#1982,.T.);
#1982 = CIRCLE('',#1983,4.);
#1983 = AXIS2_PLACEMENT_3D('',#1984,#1985,#1986);
#1984 = CARTESIAN_POINT('',(0.71565640223,-2.032074553941,-10.55));
#1985 = DIRECTION('',(0.,0.,-1.));
#1986 = DIRECTION('',(1.,0.,0.));
#1987 = ORIENTED_EDGE('',*,*,#1238,.T.);
#1988 = CYLINDRICAL_SURFACE('',#1989,4.);
#1989 = AXIS2_PLACEMENT_3D('',#1990,#1991,#1992);
#1990 = CARTESIAN_POINT('',(0.71565640223,-2.032074553941,-10.75));
#1991 = DIRECTION('',(-0.,-0.,1.));
#1992 = DIRECTION('',(1.,0.,0.));
#1993 = ADVANCED_FACE('',(#1994),#2021,.T.);
#1994 = FACE_BOUND('',#1995,.T.);
#1995 = EDGE_LOOP('',(#1996,#1997,#2006,#2014));
#1996 = ORIENTED_EDGE('',*,*,#1973,.F.);
#1997 = ORIENTED_EDGE('',*,*,#1998,.T.);
#1998 = EDGE_CURVE('',#1974,#1999,#2001,.T.);
#1999 = VERTEX_POINT('',#2000);
#2000 = CARTESIAN_POINT('',(-0.668457880124,-6.05625,-10.55));
#2001 = CIRCLE('',#2002,4.);
#2002 = AXIS2_PLACEMENT_3D('',#2003,#2004,#2005);
#2003 = CARTESIAN_POINT('',(2.277657936511E-15,-10.,-10.55));
#2004 = DIRECTION('',(0.,0.,1.));
#2005 = DIRECTION('',(1.,0.,-0.));
#2006 = ORIENTED_EDGE('',*,*,#2007,.T.);
#2007 = EDGE_CURVE('',#1999,#2008,#2010,.T.);
#2008 = VERTEX_POINT('',#2009);
#2009 = CARTESIAN_POINT('',(-0.668457880124,-6.05625,10.55));
#2010 = LINE('',#2011,#2012);
#2011 = CARTESIAN_POINT('',(-0.668457880124,-6.05625,-10.75));
#2012 = VECTOR('',#2013,1.);
#2013 = DIRECTION('',(-0.,-0.,1.));
#2014 = ORIENTED_EDGE('',*,*,#2015,.T.);
#2015 = EDGE_CURVE('',#2008,#1965,#2016,.T.);
#2016 = CIRCLE('',#2017,4.);
#2017 = AXIS2_PLACEMENT_3D('',#2018,#2019,#2020);
#2018 = CARTESIAN_POINT('',(2.277657936511E-15,-10.,10.55));
#2019 = DIRECTION('',(0.,0.,-1.));
#2020 = DIRECTION('',(1.,4.336808689942E-15,0.));
#2021 = CYLINDRICAL_SURFACE('',#2022,4.);
#2022 = AXIS2_PLACEMENT_3D('',#2023,#2024,#2025);
#2023 = CARTESIAN_POINT('',(2.277657936511E-15,-10.,-10.75));
#2024 = DIRECTION('',(-0.,-0.,1.));
#2025 = DIRECTION('',(1.,0.,0.));
#2026 = ADVANCED_FACE('',(#2027),#2054,.F.);
#2027 = FACE_BOUND('',#2028,.F.);
#2028 = EDGE_LOOP('',(#2029,#2038,#2046,#2053));
#2029 = ORIENTED_EDGE('',*,*,#2030,.F.);
#2030 = EDGE_CURVE('',#2031,#2008,#2033,.T.);
#2031 = VERTEX_POINT('',#2032);
#2032 = CARTESIAN_POINT('',(-3.475980976645,-5.4925,10.55));
#2033 = CIRCLE('',#2034,4.);
#2034 = AXIS2_PLACEMENT_3D('',#2035,#2036,#2037);
#2035 = CARTESIAN_POINT('',(-1.336915760248,-2.1125,10.55));
#2036 = DIRECTION('',(0.,0.,1.));
#2037 = DIRECTION('',(1.,0.,-0.));
#2038 = ORIENTED_EDGE('',*,*,#2039,.F.);
#2039 = EDGE_CURVE('',#2040,#2031,#2042,.T.);
#2040 = VERTEX_POINT('',#2041);
#2041 = CARTESIAN_POINT('',(-3.475980976645,-5.4925,-10.55));
#2042 = LINE('',#2043,#2044);
#2043 = CARTESIAN_POINT('',(-3.475980976645,-5.4925,-10.75));
#2044 = VECTOR('',#2045,1.);
#2045 = DIRECTION('',(-0.,-0.,1.));
#2046 = ORIENTED_EDGE('',*,*,#2047,.F.);
#2047 = EDGE_CURVE('',#1999,#2040,#2048,.T.);
#2048 = CIRCLE('',#2049,4.);
#2049 = AXIS2_PLACEMENT_3D('',#2050,#2051,#2052);
#2050 = CARTESIAN_POINT('',(-1.336915760248,-2.1125,-10.55));
#2051 = DIRECTION('',(0.,0.,-1.));
#2052 = DIRECTION('',(1.,0.,0.));
#2053 = ORIENTED_EDGE('',*,*,#2007,.T.);
#2054 = CYLINDRICAL_SURFACE('',#2055,4.);
#2055 = AXIS2_PLACEMENT_3D('',#2056,#2057,#2058);
#2056 = CARTESIAN_POINT('',(-1.336915760248,-2.1125,-10.75));
#2057 = DIRECTION('',(-0.,-0.,1.));
#2058 = DIRECTION('',(1.,0.,0.));
#2059 = ADVANCED_FACE('',(#2060),#2087,.F.);
#2060 = FACE_BOUND('',#2061,.F.);
#2061 = EDGE_LOOP('',(#2062,#2071,#2079,#2086));
#2062 = ORIENTED_EDGE('',*,*,#2063,.F.);
#2063 = EDGE_CURVE('',#2064,#2031,#2066,.T.);
#2064 = VERTEX_POINT('',#2065);
#2065 = CARTESIAN_POINT('',(-5.4925,-3.475980976645,10.55));
#2066 = CIRCLE('',#2067,6.5);
#2067 = AXIS2_PLACEMENT_3D('',#2068,#2069,#2070);
#2068 = CARTESIAN_POINT('',(0.,0.,10.55));
#2069 = DIRECTION('',(0.,0.,1.));
#2070 = DIRECTION('',(1.,0.,-0.));
#2071 = ORIENTED_EDGE('',*,*,#2072,.F.);
#2072 = EDGE_CURVE('',#2073,#2064,#2075,.T.);
#2073 = VERTEX_POINT('',#2074);
#2074 = CARTESIAN_POINT('',(-5.4925,-3.475980976645,-10.55));
#2075 = LINE('',#2076,#2077);
#2076 = CARTESIAN_POINT('',(-5.4925,-3.475980976645,-10.75));
#2077 = VECTOR('',#2078,1.);
#2078 = DIRECTION('',(-0.,-0.,1.));
#2079 = ORIENTED_EDGE('',*,*,#2080,.F.);
#2080 = EDGE_CURVE('',#2040,#2073,#2081,.T.);
#2081 = CIRCLE('',#2082,6.5);
#2082 = AXIS2_PLACEMENT_3D('',#2083,#2084,#2085);
#2083 = CARTESIAN_POINT('',(0.,0.,-10.55));
#2084 = DIRECTION('',(0.,0.,-1.));
#2085 = DIRECTION('',(1.,0.,0.));
#2086 = ORIENTED_EDGE('',*,*,#2039,.T.);
#2087 = CYLINDRICAL_SURFACE('',#2088,6.5);
#2088 = AXIS2_PLACEMENT_3D('',#2089,#2090,#2091);
#2089 = CARTESIAN_POINT('',(0.,0.,-10.75));
#2090 = DIRECTION('',(-0.,-0.,1.));
#2091 = DIRECTION('',(1.,0.,0.));
#2092 = ADVANCED_FACE('',(#2093),#2112,.F.);
#2093 = FACE_BOUND('',#2094,.F.);
#2094 = EDGE_LOOP('',(#2095,#2102,#2103,#2104,#2111));
#2095 = ORIENTED_EDGE('',*,*,#2096,.F.);
#2096 = EDGE_CURVE('',#878,#2064,#2097,.T.);
#2097 = CIRCLE('',#2098,4.);
#2098 = AXIS2_PLACEMENT_3D('',#2099,#2100,#2101);
#2099 = CARTESIAN_POINT('',(-2.1125,-1.336915760248,10.55));
#2100 = DIRECTION('',(0.,0.,1.));
#2101 = DIRECTION('',(1.,0.,-0.));
#2102 = ORIENTED_EDGE('',*,*,#886,.F.);
#2103 = ORIENTED_EDGE('',*,*,#522,.F.);
#2104 = ORIENTED_EDGE('',*,*,#2105,.F.);
#2105 = EDGE_CURVE('',#2073,#515,#2106,.T.);
#2106 = CIRCLE('',#2107,4.);
#2107 = AXIS2_PLACEMENT_3D('',#2108,#2109,#2110);
#2108 = CARTESIAN_POINT('',(-2.1125,-1.336915760248,-10.55));
#2109 = DIRECTION('',(0.,0.,-1.));
#2110 = DIRECTION('',(1.,2.656295322589E-15,0.));
#2111 = ORIENTED_EDGE('',*,*,#2072,.T.);
#2112 = CYLINDRICAL_SURFACE('',#2113,4.);
#2113 = AXIS2_PLACEMENT_3D('',#2114,#2115,#2116);
#2114 = CARTESIAN_POINT('',(-2.1125,-1.336915760248,-10.75));
#2115 = DIRECTION('',(-0.,-0.,1.));
#2116 = DIRECTION('',(1.,0.,0.));
#2117 = ADVANCED_FACE('',(#2118),#2136,.T.);
#2118 = FACE_BOUND('',#2119,.T.);
#2119 = EDGE_LOOP('',(#2120,#2121,#2128,#2129));
#2120 = ORIENTED_EDGE('',*,*,#869,.F.);
#2121 = ORIENTED_EDGE('',*,*,#2122,.T.);
#2122 = EDGE_CURVE('',#547,#1942,#2123,.T.);
#2123 = CIRCLE('',#2124,4.);
#2124 = AXIS2_PLACEMENT_3D('',#2125,#2126,#2127);
#2125 = CARTESIAN_POINT('',(-10.,-3.719247132494E-14,-10.55));
#2126 = DIRECTION('',(0.,0.,1.));
#2127 = DIRECTION('',(1.,0.,-0.));
#2128 = ORIENTED_EDGE('',*,*,#1950,.T.);
#2129 = ORIENTED_EDGE('',*,*,#2130,.T.);
#2130 = EDGE_CURVE('',#1931,#870,#2131,.T.);
#2131 = CIRCLE('',#2132,4.);
#2132 = AXIS2_PLACEMENT_3D('',#2133,#2134,#2135);
#2133 = CARTESIAN_POINT('',(-10.,-3.719247132494E-14,10.55));
#2134 = DIRECTION('',(0.,0.,-1.));
#2135 = DIRECTION('',(1.,7.993605777301E-15,0.));
#2136 = CYLINDRICAL_SURFACE('',#2137,4.);
#2137 = AXIS2_PLACEMENT_3D('',#2138,#2139,#2140);
#2138 = CARTESIAN_POINT('',(-10.,-3.719247132494E-14,-10.75));
#2139 = DIRECTION('',(-0.,-0.,1.));
#2140 = DIRECTION('',(1.,0.,0.));
#2141 = ADVANCED_FACE('',(#2142),#2148,.F.);
#2142 = FACE_BOUND('',#2143,.F.);
#2143 = EDGE_LOOP('',(#2144,#2145,#2146,#2147));
#2144 = ORIENTED_EDGE('',*,*,#1846,.F.);
#2145 = ORIENTED_EDGE('',*,*,#796,.F.);
#2146 = ORIENTED_EDGE('',*,*,#1001,.T.);
#2147 = ORIENTED_EDGE('',*,*,#815,.T.);
#2148 = CYLINDRICAL_SURFACE('',#2149,3.);
#2149 = AXIS2_PLACEMENT_3D('',#2150,#2151,#2152);
#2150 = CARTESIAN_POINT('',(0.,9.,2.75));
#2151 = DIRECTION('',(-0.,1.,-0.));
#2152 = DIRECTION('',(0.,0.,1.));
#2153 = ADVANCED_FACE('',(#2154),#2162,.F.);
#2154 = FACE_BOUND('',#2155,.F.);
#2155 = EDGE_LOOP('',(#2156,#2157,#2158,#2159,#2160,#2161));
#2156 = ORIENTED_EDGE('',*,*,#1545,.F.);
#2157 = ORIENTED_EDGE('',*,*,#724,.F.);
#2158 = ORIENTED_EDGE('',*,*,#1211,.T.);
#2159 = ORIENTED_EDGE('',*,*,#1151,.T.);
#2160 = ORIENTED_EDGE('',*,*,#1220,.T.);
#2161 = ORIENTED_EDGE('',*,*,#743,.T.);
#2162 = CYLINDRICAL_SURFACE('',#2163,3.);
#2163 = AXIS2_PLACEMENT_3D('',#2164,#2165,#2166);
#2164 = CARTESIAN_POINT('',(9.,0.,2.75));
#2165 = DIRECTION('',(1.,-0.,-0.));
#2166 = DIRECTION('',(0.,0.,-1.));
#2167 = ADVANCED_FACE('',(#2168),#2174,.F.);
#2168 = FACE_BOUND('',#2169,.F.);
#2169 = EDGE_LOOP('',(#2170,#2171,#2172,#2173));
#2170 = ORIENTED_EDGE('',*,*,#1914,.F.);
#2171 = ORIENTED_EDGE('',*,*,#668,.F.);
#2172 = ORIENTED_EDGE('',*,*,#975,.T.);
#2173 = ORIENTED_EDGE('',*,*,#687,.T.);
#2174 = CYLINDRICAL_SURFACE('',#2175,1.25);
#2175 = AXIS2_PLACEMENT_3D('',#2176,#2177,#2178);
#2176 = CARTESIAN_POINT('',(7.,7.,-5.));
#2177 = DIRECTION('',(0.707106781187,0.707106781187,-0.));
#2178 = DIRECTION('',(-0.707106781187,0.707106781187,0.));
#2179 = ADVANCED_FACE('',(#2180),#2186,.F.);
#2180 = FACE_BOUND('',#2181,.F.);
#2181 = EDGE_LOOP('',(#2182,#2183,#2184,#2185));
#2182 = ORIENTED_EDGE('',*,*,#1904,.F.);
#2183 = ORIENTED_EDGE('',*,*,#612,.F.);
#2184 = ORIENTED_EDGE('',*,*,#949,.T.);
#2185 = ORIENTED_EDGE('',*,*,#631,.T.);
#2186 = CYLINDRICAL_SURFACE('',#2187,1.25);
#2187 = AXIS2_PLACEMENT_3D('',#2188,#2189,#2190);
#2188 = CARTESIAN_POINT('',(7.,7.,6.));
#2189 = DIRECTION('',(0.707106781187,0.707106781187,-0.));
#2190 = DIRECTION('',(-0.707106781187,0.707106781187,0.));
#2191 = ADVANCED_FACE('',(#2192,#2226),#2260,.T.);
#2192 = FACE_BOUND('',#2193,.T.);
#2193 = EDGE_LOOP('',(#2194,#2204,#2212,#2220));
#2194 = ORIENTED_EDGE('',*,*,#2195,.F.);
#2195 = EDGE_CURVE('',#2196,#2198,#2200,.T.);
#2196 = VERTEX_POINT('',#2197);
#2197 = CARTESIAN_POINT('',(2.5,-7.3,-2.25));
#2198 = VERTEX_POINT('',#2199);
#2199 = CARTESIAN_POINT('',(-2.5,-7.3,-2.25));
#2200 = LINE('',#2201,#2202);
#2201 = CARTESIAN_POINT('',(-2.5,-7.3,-2.25));
#2202 = VECTOR('',#2203,1.);
#2203 = DIRECTION('',(-1.,-0.,-8.673617379884E-17));
#2204 = ORIENTED_EDGE('',*,*,#2205,.F.);
#2205 = EDGE_CURVE('',#2206,#2196,#2208,.T.);
#2206 = VERTEX_POINT('',#2207);
#2207 = CARTESIAN_POINT('',(2.5,-7.3,-7.25));
#2208 = LINE('',#2209,#2210);
#2209 = CARTESIAN_POINT('',(2.5,-7.3,-7.25));
#2210 = VECTOR('',#2211,1.);
#2211 = DIRECTION('',(-8.673617379884E-17,0.,1.));
#2212 = ORIENTED_EDGE('',*,*,#2213,.F.);
#2213 = EDGE_CURVE('',#2214,#2206,#2216,.T.);
#2214 = VERTEX_POINT('',#2215);
#2215 = CARTESIAN_POINT('',(-2.5,-7.3,-7.25));
#2216 = LINE('',#2217,#2218);
#2217 = CARTESIAN_POINT('',(-2.5,-7.3,-7.25));
#2218 = VECTOR('',#2219,1.);
#2219 = DIRECTION('',(1.,0.,1.734723475977E-16));
#2220 = ORIENTED_EDGE('',*,*,#2221,.F.);
#2221 = EDGE_CURVE('',#2198,#2214,#2222,.T.);
#2222 = LINE('',#2223,#2224);
#2223 = CARTESIAN_POINT('',(-2.5,-7.3,-7.25));
#2224 = VECTOR('',#2225,1.);
#2225 = DIRECTION('',(8.673617379884E-17,-0.,-1.));
#2226 = FACE_BOUND('',#2227,.T.);
#2227 = EDGE_LOOP('',(#2228,#2236,#2242,#2243,#2244,#2245,#2253,#2259));
#2228 = ORIENTED_EDGE('',*,*,#2229,.F.);
#2229 = EDGE_CURVE('',#2230,#1729,#2232,.T.);
#2230 = VERTEX_POINT('',#2231);
#2231 = CARTESIAN_POINT('',(-4.,-7.3,5.75));
#2232 = LINE('',#2233,#2234);
#2233 = CARTESIAN_POINT('',(-4.,-7.3,10.75));
#2234 = VECTOR('',#2235,1.);
#2235 = DIRECTION('',(-3.469446951954E-16,-0.,1.));
#2236 = ORIENTED_EDGE('',*,*,#2237,.F.);
#2237 = EDGE_CURVE('',#1771,#2230,#2238,.T.);
#2238 = LINE('',#2239,#2240);
#2239 = CARTESIAN_POINT('',(-9.,-7.3,5.75));
#2240 = VECTOR('',#2241,1.);
#2241 = DIRECTION('',(1.,0.,0.));
#2242 = ORIENTED_EDGE('',*,*,#1770,.F.);
#2243 = ORIENTED_EDGE('',*,*,#1425,.T.);
#2244 = ORIENTED_EDGE('',*,*,#1536,.F.);
#2245 = ORIENTED_EDGE('',*,*,#2246,.F.);
#2246 = EDGE_CURVE('',#2247,#1529,#2249,.T.);
#2247 = VERTEX_POINT('',#2248);
#2248 = CARTESIAN_POINT('',(4.,-7.3,5.75));
#2249 = LINE('',#2250,#2251);
#2250 = CARTESIAN_POINT('',(9.,-7.3,5.75));
#2251 = VECTOR('',#2252,1.);
#2252 = DIRECTION('',(1.,-0.,1.734723475977E-16));
#2253 = ORIENTED_EDGE('',*,*,#2254,.F.);
#2254 = EDGE_CURVE('',#1737,#2247,#2255,.T.);
#2255 = LINE('',#2256,#2257);
#2256 = CARTESIAN_POINT('',(4.,-7.3,10.75));
#2257 = VECTOR('',#2258,1.);
#2258 = DIRECTION('',(1.734723475977E-16,0.,-1.));
#2259 = ORIENTED_EDGE('',*,*,#1736,.F.);
#2260 = PLANE('',#2261);
#2261 = AXIS2_PLACEMENT_3D('',#2262,#2263,#2264);
#2262 = CARTESIAN_POINT('',(0.,-7.3,1.734723475977E-15));
#2263 = DIRECTION('',(0.,-1.,0.));
#2264 = DIRECTION('',(0.,-0.,-1.));
#2265 = ADVANCED_FACE('',(#2266),#2277,.T.);
#2266 = FACE_BOUND('',#2267,.T.);
#2267 = EDGE_LOOP('',(#2268,#2269,#2275,#2276));
#2268 = ORIENTED_EDGE('',*,*,#1571,.F.);
#2269 = ORIENTED_EDGE('',*,*,#2270,.F.);
#2270 = EDGE_CURVE('',#2230,#1564,#2271,.T.);
#2271 = LINE('',#2272,#2273);
#2272 = CARTESIAN_POINT('',(-4.,-7.3,5.75));
#2273 = VECTOR('',#2274,1.);
#2274 = DIRECTION('',(-0.,-1.,-0.));
#2275 = ORIENTED_EDGE('',*,*,#2229,.T.);
#2276 = ORIENTED_EDGE('',*,*,#1728,.T.);
#2277 = PLANE('',#2278);
#2278 = AXIS2_PLACEMENT_3D('',#2279,#2280,#2281);
#2279 = CARTESIAN_POINT('',(-4.,-7.3,10.75));
#2280 = DIRECTION('',(1.,-0.,3.469446951954E-16));
#2281 = DIRECTION('',(3.469446951954E-16,0.,-1.));
#2282 = ADVANCED_FACE('',(#2283),#2289,.T.);
#2283 = FACE_BOUND('',#2284,.T.);
#2284 = EDGE_LOOP('',(#2285,#2286,#2287,#2288));
#2285 = ORIENTED_EDGE('',*,*,#1561,.F.);
#2286 = ORIENTED_EDGE('',*,*,#1778,.F.);
#2287 = ORIENTED_EDGE('',*,*,#2237,.T.);
#2288 = ORIENTED_EDGE('',*,*,#2270,.T.);
#2289 = PLANE('',#2290);
#2290 = AXIS2_PLACEMENT_3D('',#2291,#2292,#2293);
#2291 = CARTESIAN_POINT('',(-9.,-7.3,5.75));
#2292 = DIRECTION('',(0.,0.,-1.));
#2293 = DIRECTION('',(-1.,0.,-0.));
#2294 = ADVANCED_FACE('',(#2295),#2306,.T.);
#2295 = FACE_BOUND('',#2296,.T.);
#2296 = EDGE_LOOP('',(#2297,#2298,#2304,#2305));
#2297 = ORIENTED_EDGE('',*,*,#1611,.F.);
#2298 = ORIENTED_EDGE('',*,*,#2299,.F.);
#2299 = EDGE_CURVE('',#2247,#1604,#2300,.T.);
#2300 = LINE('',#2301,#2302);
#2301 = CARTESIAN_POINT('',(4.,-7.3,5.75));
#2302 = VECTOR('',#2303,1.);
#2303 = DIRECTION('',(-0.,-1.,-0.));
#2304 = ORIENTED_EDGE('',*,*,#2246,.T.);
#2305 = ORIENTED_EDGE('',*,*,#1528,.T.);
#2306 = PLANE('',#2307);
#2307 = AXIS2_PLACEMENT_3D('',#2308,#2309,#2310);
#2308 = CARTESIAN_POINT('',(9.,-7.3,5.75));
#2309 = DIRECTION('',(1.734723475977E-16,0.,-1.));
#2310 = DIRECTION('',(-1.,0.,-1.734723475977E-16));
#2311 = ADVANCED_FACE('',(#2312),#2318,.T.);
#2312 = FACE_BOUND('',#2313,.T.);
#2313 = EDGE_LOOP('',(#2314,#2315,#2316,#2317));
#2314 = ORIENTED_EDGE('',*,*,#1601,.F.);
#2315 = ORIENTED_EDGE('',*,*,#1744,.F.);
#2316 = ORIENTED_EDGE('',*,*,#2254,.T.);
#2317 = ORIENTED_EDGE('',*,*,#2299,.T.);
#2318 = PLANE('',#2319);
#2319 = AXIS2_PLACEMENT_3D('',#2320,#2321,#2322);
#2320 = CARTESIAN_POINT('',(4.,-7.3,10.75));
#2321 = DIRECTION('',(-1.,0.,-1.734723475977E-16));
#2322 = DIRECTION('',(-1.734723475977E-16,0.,1.));
#2323 = ADVANCED_FACE('',(#2324),#2349,.T.);
#2324 = FACE_BOUND('',#2325,.T.);
#2325 = EDGE_LOOP('',(#2326,#2336,#2342,#2343));
#2326 = ORIENTED_EDGE('',*,*,#2327,.F.);
#2327 = EDGE_CURVE('',#2328,#2330,#2332,.T.);
#2328 = VERTEX_POINT('',#2329);
#2329 = CARTESIAN_POINT('',(-2.5,-7.5,-2.25));
#2330 = VERTEX_POINT('',#2331);
#2331 = CARTESIAN_POINT('',(-2.5,-7.5,-7.25));
#2332 = LINE('',#2333,#2334);
#2333 = CARTESIAN_POINT('',(-2.5,-7.5,-7.25));
#2334 = VECTOR('',#2335,1.);
#2335 = DIRECTION('',(8.673617379884E-17,-0.,-1.));
#2336 = ORIENTED_EDGE('',*,*,#2337,.F.);
#2337 = EDGE_CURVE('',#2198,#2328,#2338,.T.);
#2338 = LINE('',#2339,#2340);
#2339 = CARTESIAN_POINT('',(-2.5,-7.3,-2.25));
#2340 = VECTOR('',#2341,1.);
#2341 = DIRECTION('',(-0.,-1.,-0.));
#2342 = ORIENTED_EDGE('',*,*,#2221,.T.);
#2343 = ORIENTED_EDGE('',*,*,#2344,.T.);
#2344 = EDGE_CURVE('',#2214,#2330,#2345,.T.);
#2345 = LINE('',#2346,#2347);
#2346 = CARTESIAN_POINT('',(-2.5,-7.3,-7.25));
#2347 = VECTOR('',#2348,1.);
#2348 = DIRECTION('',(-0.,-1.,-0.));
#2349 = PLANE('',#2350);
#2350 = AXIS2_PLACEMENT_3D('',#2351,#2352,#2353);
#2351 = CARTESIAN_POINT('',(-2.5,-7.3,-7.25));
#2352 = DIRECTION('',(-1.,0.,-8.673617379884E-17));
#2353 = DIRECTION('',(-8.673617379884E-17,0.,1.));
#2354 = ADVANCED_FACE('',(#2355),#2373,.T.);
#2355 = FACE_BOUND('',#2356,.T.);
#2356 = EDGE_LOOP('',(#2357,#2365,#2371,#2372));
#2357 = ORIENTED_EDGE('',*,*,#2358,.F.);
#2358 = EDGE_CURVE('',#2359,#2328,#2361,.T.);
#2359 = VERTEX_POINT('',#2360);
#2360 = CARTESIAN_POINT('',(2.5,-7.5,-2.25));
#2361 = LINE('',#2362,#2363);
#2362 = CARTESIAN_POINT('',(-2.5,-7.5,-2.25));
#2363 = VECTOR('',#2364,1.);
#2364 = DIRECTION('',(-1.,-0.,-8.673617379884E-17));
#2365 = ORIENTED_EDGE('',*,*,#2366,.F.);
#2366 = EDGE_CURVE('',#2196,#2359,#2367,.T.);
#2367 = LINE('',#2368,#2369);
#2368 = CARTESIAN_POINT('',(2.5,-7.3,-2.25));
#2369 = VECTOR('',#2370,1.);
#2370 = DIRECTION('',(-0.,-1.,-0.));
#2371 = ORIENTED_EDGE('',*,*,#2195,.T.);
#2372 = ORIENTED_EDGE('',*,*,#2337,.T.);
#2373 = PLANE('',#2374);
#2374 = AXIS2_PLACEMENT_3D('',#2375,#2376,#2377);
#2375 = CARTESIAN_POINT('',(-2.5,-7.3,-2.25));
#2376 = DIRECTION('',(-8.673617379884E-17,0.,1.));
#2377 = DIRECTION('',(1.,0.,8.673617379884E-17));
#2378 = ADVANCED_FACE('',(#2379),#2397,.T.);
#2379 = FACE_BOUND('',#2380,.T.);
#2380 = EDGE_LOOP('',(#2381,#2389,#2395,#2396));
#2381 = ORIENTED_EDGE('',*,*,#2382,.F.);
#2382 = EDGE_CURVE('',#2383,#2359,#2385,.T.);
#2383 = VERTEX_POINT('',#2384);
#2384 = CARTESIAN_POINT('',(2.5,-7.5,-7.25));
#2385 = LINE('',#2386,#2387);
#2386 = CARTESIAN_POINT('',(2.5,-7.5,-7.25));
#2387 = VECTOR('',#2388,1.);
#2388 = DIRECTION('',(-8.673617379884E-17,0.,1.));
#2389 = ORIENTED_EDGE('',*,*,#2390,.F.);
#2390 = EDGE_CURVE('',#2206,#2383,#2391,.T.);
#2391 = LINE('',#2392,#2393);
#2392 = CARTESIAN_POINT('',(2.5,-7.3,-7.25));
#2393 = VECTOR('',#2394,1.);
#2394 = DIRECTION('',(-0.,-1.,-0.));
#2395 = ORIENTED_EDGE('',*,*,#2205,.T.);
#2396 = ORIENTED_EDGE('',*,*,#2366,.T.);
#2397 = PLANE('',#2398);
#2398 = AXIS2_PLACEMENT_3D('',#2399,#2400,#2401);
#2399 = CARTESIAN_POINT('',(2.5,-7.3,-7.25));
#2400 = DIRECTION('',(1.,-0.,8.673617379884E-17));
#2401 = DIRECTION('',(8.673617379884E-17,0.,-1.));
#2402 = ADVANCED_FACE('',(#2403),#2414,.T.);
#2403 = FACE_BOUND('',#2404,.T.);
#2404 = EDGE_LOOP('',(#2405,#2411,#2412,#2413));
#2405 = ORIENTED_EDGE('',*,*,#2406,.F.);
#2406 = EDGE_CURVE('',#2330,#2383,#2407,.T.);
#2407 = LINE('',#2408,#2409);
#2408 = CARTESIAN_POINT('',(-2.5,-7.5,-7.25));
#2409 = VECTOR('',#2410,1.);
#2410 = DIRECTION('',(1.,0.,1.734723475977E-16));
#2411 = ORIENTED_EDGE('',*,*,#2344,.F.);
#2412 = ORIENTED_EDGE('',*,*,#2213,.T.);
#2413 = ORIENTED_EDGE('',*,*,#2390,.T.);
#2414 = PLANE('',#2415);
#2415 = AXIS2_PLACEMENT_3D('',#2416,#2417,#2418);
#2416 = CARTESIAN_POINT('',(-2.5,-7.3,-7.25));
#2417 = DIRECTION('',(1.734723475977E-16,0.,-1.));
#2418 = DIRECTION('',(-1.,0.,-1.734723475977E-16));
#2419 = ADVANCED_FACE('',(#2420),#2426,.T.);
#2420 = FACE_BOUND('',#2421,.T.);
#2421 = EDGE_LOOP('',(#2422,#2423,#2424,#2425));
#2422 = ORIENTED_EDGE('',*,*,#2358,.T.);
#2423 = ORIENTED_EDGE('',*,*,#2327,.T.);
#2424 = ORIENTED_EDGE('',*,*,#2406,.T.);
#2425 = ORIENTED_EDGE('',*,*,#2382,.T.);
#2426 = PLANE('',#2427);
#2427 = AXIS2_PLACEMENT_3D('',#2428,#2429,#2430);
#2428 = CARTESIAN_POINT('',(-9.,-7.5,-10.75));
#2429 = DIRECTION('',(0.,-1.,0.));
#2430 = DIRECTION('',(0.,-0.,-1.));
#2431 = ADVANCED_FACE('',(#2432),#2444,.F.);
#2432 = FACE_BOUND('',#2433,.F.);
#2433 = EDGE_LOOP('',(#2434,#2435,#2436,#2437,#2438));
#2434 = ORIENTED_EDGE('',*,*,#1398,.T.);
#2435 = ORIENTED_EDGE('',*,*,#570,.T.);
#2436 = ORIENTED_EDGE('',*,*,#1196,.T.);
#2437 = ORIENTED_EDGE('',*,*,#1246,.T.);
#2438 = ORIENTED_EDGE('',*,*,#2439,.T.);
#2439 = EDGE_CURVE('',#1239,#1390,#2440,.T.);
#2440 = LINE('',#2441,#2442);
#2441 = CARTESIAN_POINT('',(1.591350955053,-5.935042533589,-10.55));
#2442 = VECTOR('',#2443,1.);
#2443 = DIRECTION('',(0.154802389137,-0.689953781291,-0.707106781187));
#2444 = CONICAL_SURFACE('',#2445,6.5,0.785398163397);
#2445 = AXIS2_PLACEMENT_3D('',#2446,#2447,#2448);
#2446 = CARTESIAN_POINT('',(0.212132034356,0.212132034356,-10.75));
#2447 = DIRECTION('',(-0.,-0.,-1.));
#2448 = DIRECTION('',(-1.,0.,0.));
#2449 = ADVANCED_FACE('',(#2450),#2461,.F.);
#2450 = FACE_BOUND('',#2451,.F.);
#2451 = EDGE_LOOP('',(#2452,#2453,#2459,#2460));
#2452 = ORIENTED_EDGE('',*,*,#1406,.T.);
#2453 = ORIENTED_EDGE('',*,*,#2454,.T.);
#2454 = EDGE_CURVE('',#1407,#1942,#2455,.T.);
#2455 = LINE('',#2456,#2457);
#2456 = CARTESIAN_POINT('',(-6.215235413122,0.339936791059,-10.75));
#2457 = VECTOR('',#2458,1.);
#2458 = DIRECTION('',(0.704271764362,6.325568687698E-02,0.707106781187)
  );
#2459 = ORIENTED_EDGE('',*,*,#1941,.T.);
#2460 = ORIENTED_EDGE('',*,*,#589,.T.);
#2461 = CONICAL_SURFACE('',#2462,4.2,0.785398163397);
#2462 = AXIS2_PLACEMENT_3D('',#2463,#2464,#2465);
#2463 = CARTESIAN_POINT('',(-2.032074553941,0.71565640223,-10.75));
#2464 = DIRECTION('',(-0.,-0.,-1.));
#2465 = DIRECTION('',(-1.,0.,0.));
#2466 = ADVANCED_FACE('',(#2467),#2478,.F.);
#2467 = FACE_BOUND('',#2468,.F.);
#2468 = EDGE_LOOP('',(#2469,#2470,#2476,#2477));
#2469 = ORIENTED_EDGE('',*,*,#1981,.T.);
#2470 = ORIENTED_EDGE('',*,*,#2471,.T.);
#2471 = EDGE_CURVE('',#1974,#1381,#2472,.T.);
#2472 = LINE('',#2473,#2474);
#2473 = CARTESIAN_POINT('',(0.357828201115,-6.016037276971,-10.55));
#2474 = VECTOR('',#2475,1.);
#2475 = DIRECTION('',(-6.325568687698E-02,-0.704271764362,
    -0.707106781187));
#2476 = ORIENTED_EDGE('',*,*,#1389,.T.);
#2477 = ORIENTED_EDGE('',*,*,#2439,.F.);
#2478 = CONICAL_SURFACE('',#2479,4.2,0.785398163397);
#2479 = AXIS2_PLACEMENT_3D('',#2480,#2481,#2482);
#2480 = CARTESIAN_POINT('',(0.71565640223,-2.032074553941,-10.75));
#2481 = DIRECTION('',(-0.,-0.,-1.));
#2482 = DIRECTION('',(-1.,0.,0.));
#2483 = ADVANCED_FACE('',(#2484),#2490,.T.);
#2484 = FACE_BOUND('',#2485,.T.);
#2485 = EDGE_LOOP('',(#2486,#2487,#2488,#2489));
#2486 = ORIENTED_EDGE('',*,*,#546,.F.);
#2487 = ORIENTED_EDGE('',*,*,#1415,.F.);
#2488 = ORIENTED_EDGE('',*,*,#2454,.T.);
#2489 = ORIENTED_EDGE('',*,*,#2122,.F.);
#2490 = CONICAL_SURFACE('',#2491,3.8,0.785398163397);
#2491 = AXIS2_PLACEMENT_3D('',#2492,#2493,#2494);
#2492 = CARTESIAN_POINT('',(-10.,-3.719247132494E-14,-10.75));
#2493 = DIRECTION('',(0.,0.,1.));
#2494 = DIRECTION('',(1.,0.,-0.));
#2495 = ADVANCED_FACE('',(#2496),#2507,.T.);
#2496 = FACE_BOUND('',#2497,.T.);
#2497 = EDGE_LOOP('',(#2498,#2499,#2500,#2506));
#2498 = ORIENTED_EDGE('',*,*,#2471,.T.);
#2499 = ORIENTED_EDGE('',*,*,#1380,.F.);
#2500 = ORIENTED_EDGE('',*,*,#2501,.F.);
#2501 = EDGE_CURVE('',#1999,#1372,#2502,.T.);
#2502 = LINE('',#2503,#2504);
#2503 = CARTESIAN_POINT('',(-0.668457880124,-6.05625,-10.55));
#2504 = VECTOR('',#2505,1.);
#2505 = DIRECTION('',(0.118167774993,-0.697163092076,-0.707106781187));
#2506 = ORIENTED_EDGE('',*,*,#1998,.F.);
#2507 = CONICAL_SURFACE('',#2508,3.8,0.785398163397);
#2508 = AXIS2_PLACEMENT_3D('',#2509,#2510,#2511);
#2509 = CARTESIAN_POINT('',(2.277657936511E-15,-10.,-10.75));
#2510 = DIRECTION('',(0.,0.,1.));
#2511 = DIRECTION('',(1.,0.,-0.));
#2512 = ADVANCED_FACE('',(#2513),#2524,.F.);
#2513 = FACE_BOUND('',#2514,.F.);
#2514 = EDGE_LOOP('',(#2515,#2516,#2522,#2523));
#2515 = ORIENTED_EDGE('',*,*,#1353,.T.);
#2516 = ORIENTED_EDGE('',*,*,#2517,.T.);
#2517 = EDGE_CURVE('',#1354,#2073,#2518,.T.);
#2518 = LINE('',#2519,#2520);
#2519 = CARTESIAN_POINT('',(-5.6615,-3.582934237465,-10.75));
#2520 = VECTOR('',#2521,1.);
#2521 = DIRECTION('',(0.597505230103,0.378136879979,0.707106781187));
#2522 = ORIENTED_EDGE('',*,*,#2105,.T.);
#2523 = ORIENTED_EDGE('',*,*,#514,.T.);
#2524 = CONICAL_SURFACE('',#2525,4.2,0.785398163397);
#2525 = AXIS2_PLACEMENT_3D('',#2526,#2527,#2528);
#2526 = CARTESIAN_POINT('',(-2.1125,-1.336915760248,-10.75));
#2527 = DIRECTION('',(-0.,-0.,-1.));
#2528 = DIRECTION('',(-1.,0.,0.));
#2529 = ADVANCED_FACE('',(#2530),#2541,.F.);
#2530 = FACE_BOUND('',#2531,.F.);
#2531 = EDGE_LOOP('',(#2532,#2533,#2539,#2540));
#2532 = ORIENTED_EDGE('',*,*,#2047,.T.);
#2533 = ORIENTED_EDGE('',*,*,#2534,.T.);
#2534 = EDGE_CURVE('',#2040,#1363,#2535,.T.);
#2535 = LINE('',#2536,#2537);
#2536 = CARTESIAN_POINT('',(-3.475980976645,-5.4925,-10.55));
#2537 = VECTOR('',#2538,1.);
#2538 = DIRECTION('',(-0.378136879979,-0.597505230103,-0.707106781187));
#2539 = ORIENTED_EDGE('',*,*,#1371,.T.);
#2540 = ORIENTED_EDGE('',*,*,#2501,.F.);
#2541 = CONICAL_SURFACE('',#2542,4.2,0.785398163397);
#2542 = AXIS2_PLACEMENT_3D('',#2543,#2544,#2545);
#2543 = CARTESIAN_POINT('',(-1.336915760248,-2.1125,-10.75));
#2544 = DIRECTION('',(-0.,-0.,-1.));
#2545 = DIRECTION('',(-1.,0.,0.));
#2546 = ADVANCED_FACE('',(#2547),#2553,.F.);
#2547 = FACE_BOUND('',#2548,.F.);
#2548 = EDGE_LOOP('',(#2549,#2550,#2551,#2552));
#2549 = ORIENTED_EDGE('',*,*,#1362,.T.);
#2550 = ORIENTED_EDGE('',*,*,#2534,.F.);
#2551 = ORIENTED_EDGE('',*,*,#2080,.T.);
#2552 = ORIENTED_EDGE('',*,*,#2517,.F.);
#2553 = CONICAL_SURFACE('',#2554,6.7,0.785398163397);
#2554 = AXIS2_PLACEMENT_3D('',#2555,#2556,#2557);
#2555 = CARTESIAN_POINT('',(0.,0.,-10.75));
#2556 = DIRECTION('',(-0.,-0.,-1.));
#2557 = DIRECTION('',(-1.,0.,0.));
#2558 = ADVANCED_FACE('',(#2559),#2570,.F.);
#2559 = FACE_BOUND('',#2560,.F.);
#2560 = EDGE_LOOP('',(#2561,#2562,#2568,#2569));
#2561 = ORIENTED_EDGE('',*,*,#1678,.T.);
#2562 = ORIENTED_EDGE('',*,*,#2563,.T.);
#2563 = EDGE_CURVE('',#1679,#1230,#2564,.T.);
#2564 = LINE('',#2565,#2566);
#2565 = CARTESIAN_POINT('',(1.635135682695,-6.130190932571,10.75));
#2566 = VECTOR('',#2567,1.);
#2567 = DIRECTION('',(-0.154802389137,0.689953781291,-0.707106781187));
#2568 = ORIENTED_EDGE('',*,*,#1229,.T.);
#2569 = ORIENTED_EDGE('',*,*,#472,.T.);
#2570 = CONICAL_SURFACE('',#2571,6.3,0.785398163397);
#2571 = AXIS2_PLACEMENT_3D('',#2572,#2573,#2574);
#2572 = CARTESIAN_POINT('',(0.212132034356,0.212132034356,10.55));
#2573 = DIRECTION('',(0.,0.,1.));
#2574 = DIRECTION('',(1.,0.,-0.));
#2575 = ADVANCED_FACE('',(#2576),#2587,.F.);
#2576 = FACE_BOUND('',#2577,.F.);
#2577 = EDGE_LOOP('',(#2578,#2579,#2585,#2586));
#2578 = ORIENTED_EDGE('',*,*,#1930,.T.);
#2579 = ORIENTED_EDGE('',*,*,#2580,.T.);
#2580 = EDGE_CURVE('',#1931,#1662,#2581,.T.);
#2581 = LINE('',#2582,#2583);
#2582 = CARTESIAN_POINT('',(-6.016037276971,0.357828201115,10.55));
#2583 = VECTOR('',#2584,1.);
#2584 = DIRECTION('',(-0.704271764362,-6.325568687698E-02,0.707106781187
    ));
#2585 = ORIENTED_EDGE('',*,*,#1670,.T.);
#2586 = ORIENTED_EDGE('',*,*,#453,.F.);
#2587 = CONICAL_SURFACE('',#2588,4.,0.785398163397);
#2588 = AXIS2_PLACEMENT_3D('',#2589,#2590,#2591);
#2589 = CARTESIAN_POINT('',(-2.032074553941,0.71565640223,10.55));
#2590 = DIRECTION('',(0.,0.,1.));
#2591 = DIRECTION('',(1.,0.,-0.));
#2592 = ADVANCED_FACE('',(#2593),#2604,.F.);
#2593 = FACE_BOUND('',#2594,.F.);
#2594 = EDGE_LOOP('',(#2595,#2596,#2602,#2603));
#2595 = ORIENTED_EDGE('',*,*,#1687,.T.);
#2596 = ORIENTED_EDGE('',*,*,#2597,.T.);
#2597 = EDGE_CURVE('',#1688,#1965,#2598,.T.);
#2598 = LINE('',#2599,#2600);
#2599 = CARTESIAN_POINT('',(0.339936791059,-6.215235413122,10.75));
#2600 = VECTOR('',#2601,1.);
#2601 = DIRECTION('',(6.325568687698E-02,0.704271764362,-0.707106781187)
  );
#2602 = ORIENTED_EDGE('',*,*,#1964,.T.);
#2603 = ORIENTED_EDGE('',*,*,#2563,.F.);
#2604 = CONICAL_SURFACE('',#2605,4.,0.785398163397);
#2605 = AXIS2_PLACEMENT_3D('',#2606,#2607,#2608);
#2606 = CARTESIAN_POINT('',(0.71565640223,-2.032074553941,10.55));
#2607 = DIRECTION('',(0.,0.,1.));
#2608 = DIRECTION('',(1.,0.,-0.));
#2609 = ADVANCED_FACE('',(#2610),#2622,.T.);
#2610 = FACE_BOUND('',#2611,.T.);
#2611 = EDGE_LOOP('',(#2612,#2613,#2614,#2620,#2621));
#2612 = ORIENTED_EDGE('',*,*,#2580,.T.);
#2613 = ORIENTED_EDGE('',*,*,#1661,.F.);
#2614 = ORIENTED_EDGE('',*,*,#2615,.F.);
#2615 = EDGE_CURVE('',#878,#1653,#2616,.T.);
#2616 = LINE('',#2617,#2618);
#2617 = CARTESIAN_POINT('',(-6.05625,-0.668457880124,10.55));
#2618 = VECTOR('',#2619,1.);
#2619 = DIRECTION('',(-0.697163092076,0.118167774993,0.707106781187));
#2620 = ORIENTED_EDGE('',*,*,#877,.F.);
#2621 = ORIENTED_EDGE('',*,*,#2130,.F.);
#2622 = CONICAL_SURFACE('',#2623,4.,0.785398163397);
#2623 = AXIS2_PLACEMENT_3D('',#2624,#2625,#2626);
#2624 = CARTESIAN_POINT('',(-10.,-3.719247132494E-14,10.55));
#2625 = DIRECTION('',(-0.,-0.,-1.));
#2626 = DIRECTION('',(-1.,0.,0.));
#2627 = ADVANCED_FACE('',(#2628),#2639,.T.);
#2628 = FACE_BOUND('',#2629,.T.);
#2629 = EDGE_LOOP('',(#2630,#2631,#2632,#2638));
#2630 = ORIENTED_EDGE('',*,*,#2597,.T.);
#2631 = ORIENTED_EDGE('',*,*,#2015,.F.);
#2632 = ORIENTED_EDGE('',*,*,#2633,.F.);
#2633 = EDGE_CURVE('',#1633,#2008,#2634,.T.);
#2634 = LINE('',#2635,#2636);
#2635 = CARTESIAN_POINT('',(-0.635034986118,-6.2534375,10.75));
#2636 = VECTOR('',#2637,1.);
#2637 = DIRECTION('',(-0.118167774993,0.697163092076,-0.707106781187));
#2638 = ORIENTED_EDGE('',*,*,#1696,.F.);
#2639 = CONICAL_SURFACE('',#2640,4.,0.785398163397);
#2640 = AXIS2_PLACEMENT_3D('',#2641,#2642,#2643);
#2641 = CARTESIAN_POINT('',(2.277657936511E-15,-10.,10.55));
#2642 = DIRECTION('',(-0.,-0.,-1.));
#2643 = DIRECTION('',(-1.,0.,0.));
#2644 = ADVANCED_FACE('',(#2645),#2656,.F.);
#2645 = FACE_BOUND('',#2646,.F.);
#2646 = EDGE_LOOP('',(#2647,#2648,#2654,#2655));
#2647 = ORIENTED_EDGE('',*,*,#2096,.T.);
#2648 = ORIENTED_EDGE('',*,*,#2649,.T.);
#2649 = EDGE_CURVE('',#2064,#1644,#2650,.T.);
#2650 = LINE('',#2651,#2652);
#2651 = CARTESIAN_POINT('',(-5.4925,-3.475980976645,10.55));
#2652 = VECTOR('',#2653,1.);
#2653 = DIRECTION('',(-0.597505230103,-0.378136879979,0.707106781187));
#2654 = ORIENTED_EDGE('',*,*,#1652,.T.);
#2655 = ORIENTED_EDGE('',*,*,#2615,.F.);
#2656 = CONICAL_SURFACE('',#2657,4.,0.785398163397);
#2657 = AXIS2_PLACEMENT_3D('',#2658,#2659,#2660);
#2658 = CARTESIAN_POINT('',(-2.1125,-1.336915760248,10.55));
#2659 = DIRECTION('',(0.,0.,1.));
#2660 = DIRECTION('',(1.,0.,-0.));
#2661 = ADVANCED_FACE('',(#2662),#2673,.F.);
#2662 = FACE_BOUND('',#2663,.F.);
#2663 = EDGE_LOOP('',(#2664,#2665,#2671,#2672));
#2664 = ORIENTED_EDGE('',*,*,#1632,.T.);
#2665 = ORIENTED_EDGE('',*,*,#2666,.T.);
#2666 = EDGE_CURVE('',#1635,#2031,#2667,.T.);
#2667 = LINE('',#2668,#2669);
#2668 = CARTESIAN_POINT('',(-3.582934237465,-5.6615,10.75));
#2669 = VECTOR('',#2670,1.);
#2670 = DIRECTION('',(0.378136879979,0.597505230103,-0.707106781187));
#2671 = ORIENTED_EDGE('',*,*,#2030,.T.);
#2672 = ORIENTED_EDGE('',*,*,#2633,.F.);
#2673 = CONICAL_SURFACE('',#2674,4.,0.785398163397);
#2674 = AXIS2_PLACEMENT_3D('',#2675,#2676,#2677);
#2675 = CARTESIAN_POINT('',(-1.336915760248,-2.1125,10.55));
#2676 = DIRECTION('',(0.,0.,1.));
#2677 = DIRECTION('',(1.,0.,-0.));
#2678 = ADVANCED_FACE('',(#2679),#2685,.F.);
#2679 = FACE_BOUND('',#2680,.F.);
#2680 = EDGE_LOOP('',(#2681,#2682,#2683,#2684));
#2681 = ORIENTED_EDGE('',*,*,#2063,.T.);
#2682 = ORIENTED_EDGE('',*,*,#2666,.F.);
#2683 = ORIENTED_EDGE('',*,*,#1643,.T.);
#2684 = ORIENTED_EDGE('',*,*,#2649,.F.);
#2685 = CONICAL_SURFACE('',#2686,6.5,0.785398163397);
#2686 = AXIS2_PLACEMENT_3D('',#2687,#2688,#2689);
#2687 = CARTESIAN_POINT('',(0.,0.,10.55));
#2688 = DIRECTION('',(0.,0.,1.));
#2689 = DIRECTION('',(1.,0.,-0.));
#2690 = ADVANCED_FACE('',(#2691),#2698,.F.);
#2691 = FACE_BOUND('',#2692,.F.);
#2692 = EDGE_LOOP('',(#2693,#2694,#2695,#2696,#2697));
#2693 = ORIENTED_EDGE('',*,*,#1041,.F.);
#2694 = ORIENTED_EDGE('',*,*,#399,.F.);
#2695 = ORIENTED_EDGE('',*,*,#1295,.T.);
#2696 = ORIENTED_EDGE('',*,*,#1787,.T.);
#2697 = ORIENTED_EDGE('',*,*,#430,.T.);
#2698 = CYLINDRICAL_SURFACE('',#2699,1.);
#2699 = AXIS2_PLACEMENT_3D('',#2700,#2701,#2702);
#2700 = CARTESIAN_POINT('',(-10.64711431703,6.14711431703,9.05));
#2701 = DIRECTION('',(0.866025403784,-0.5,0.));
#2702 = DIRECTION('',(0.5,0.866025403784,0.));
#2703 = ADVANCED_FACE('',(#2704),#2711,.F.);
#2704 = FACE_BOUND('',#2705,.F.);
#2705 = EDGE_LOOP('',(#2706,#2707,#2708,#2709,#2710));
#2706 = ORIENTED_EDGE('',*,*,#1065,.F.);
#2707 = ORIENTED_EDGE('',*,*,#324,.F.);
#2708 = ORIENTED_EDGE('',*,*,#1271,.T.);
#2709 = ORIENTED_EDGE('',*,*,#1760,.T.);
#2710 = ORIENTED_EDGE('',*,*,#355,.T.);
#2711 = CYLINDRICAL_SURFACE('',#2712,1.);
#2712 = AXIS2_PLACEMENT_3D('',#2713,#2714,#2715);
#2713 = CARTESIAN_POINT('',(-10.64711431703,6.14711431703,-1.25));
#2714 = DIRECTION('',(0.866025403784,-0.5,0.));
#2715 = DIRECTION('',(0.5,0.866025403784,0.));
#2716 = ADVANCED_FACE('',(#2717),#2724,.F.);
#2717 = FACE_BOUND('',#2718,.F.);
#2718 = EDGE_LOOP('',(#2719,#2720,#2721,#2722,#2723));
#2719 = ORIENTED_EDGE('',*,*,#1089,.F.);
#2720 = ORIENTED_EDGE('',*,*,#249,.F.);
#2721 = ORIENTED_EDGE('',*,*,#1495,.T.);
#2722 = ORIENTED_EDGE('',*,*,#1881,.T.);
#2723 = ORIENTED_EDGE('',*,*,#280,.T.);
#2724 = CYLINDRICAL_SURFACE('',#2725,1.);
#2725 = AXIS2_PLACEMENT_3D('',#2726,#2727,#2728);
#2726 = CARTESIAN_POINT('',(10.64711431703,6.14711431703,9.05));
#2727 = DIRECTION('',(-0.866025403784,-0.5,0.));
#2728 = DIRECTION('',(0.5,-0.866025403784,0.));
#2729 = ADVANCED_FACE('',(#2730),#2737,.F.);
#2730 = FACE_BOUND('',#2731,.F.);
#2731 = EDGE_LOOP('',(#2732,#2733,#2734,#2735,#2736));
#2732 = ORIENTED_EDGE('',*,*,#1113,.F.);
#2733 = ORIENTED_EDGE('',*,*,#184,.F.);
#2734 = ORIENTED_EDGE('',*,*,#1479,.T.);
#2735 = ORIENTED_EDGE('',*,*,#1890,.T.);
#2736 = ORIENTED_EDGE('',*,*,#215,.T.);
#2737 = CYLINDRICAL_SURFACE('',#2738,1.);
#2738 = AXIS2_PLACEMENT_3D('',#2739,#2740,#2741);
#2739 = CARTESIAN_POINT('',(10.64711431703,6.14711431703,-1.25));
#2740 = DIRECTION('',(-0.866025403784,-0.5,0.));
#2741 = DIRECTION('',(0.5,-0.866025403784,0.));
#2742 = ADVANCED_FACE('',(#2743),#2750,.F.);
#2743 = FACE_BOUND('',#2744,.F.);
#2744 = EDGE_LOOP('',(#2745,#2746,#2747,#2748,#2749));
#2745 = ORIENTED_EDGE('',*,*,#924,.T.);
#2746 = ORIENTED_EDGE('',*,*,#119,.F.);
#2747 = ORIENTED_EDGE('',*,*,#1871,.F.);
#2748 = ORIENTED_EDGE('',*,*,#1821,.F.);
#2749 = ORIENTED_EDGE('',*,*,#150,.T.);
#2750 = CYLINDRICAL_SURFACE('',#2751,1.);
#2751 = AXIS2_PLACEMENT_3D('',#2752,#2753,#2754);
#2752 = CARTESIAN_POINT('',(6.14711431703,10.64711431703,9.05));
#2753 = DIRECTION('',(-0.5,-0.866025403784,-0.));
#2754 = DIRECTION('',(0.866025403784,-0.5,0.));
#2755 = ADVANCED_FACE('',(#2756),#2763,.F.);
#2756 = FACE_BOUND('',#2757,.F.);
#2757 = EDGE_LOOP('',(#2758,#2759,#2760,#2761,#2762));
#2758 = ORIENTED_EDGE('',*,*,#900,.T.);
#2759 = ORIENTED_EDGE('',*,*,#54,.F.);
#2760 = ORIENTED_EDGE('',*,*,#1862,.F.);
#2761 = ORIENTED_EDGE('',*,*,#1837,.F.);
#2762 = ORIENTED_EDGE('',*,*,#85,.T.);
#2763 = CYLINDRICAL_SURFACE('',#2764,1.);
#2764 = AXIS2_PLACEMENT_3D('',#2765,#2766,#2767);
#2765 = CARTESIAN_POINT('',(6.14711431703,10.64711431703,-1.25));
#2766 = DIRECTION('',(-0.5,-0.866025403784,-0.));
#2767 = DIRECTION('',(0.866025403784,-0.5,0.));
#2768 = ( GEOMETRIC_REPRESENTATION_CONTEXT(3) 
GLOBAL_UNCERTAINTY_ASSIGNED_CONTEXT((#2772)) 
GLOBAL_UNIT_ASSIGNED_CONTEXT((#2769,#2770,#2771)) REPRESENTATION_CONTEXT
('Context #1','3D Context with UNIT and UNCERTAINTY') );
#2769 = ( LENGTH_UNIT() NAMED_UNIT(*) SI_UNIT(.MILLI.,.METRE.) );
#2770 = ( NAMED_UNIT(*) PLANE_ANGLE_UNIT() SI_UNIT($,.RADIAN.) );
#2771 = ( NAMED_UNIT(*) SI_UNIT($,.STERADIAN.) SOLID_ANGLE_UNIT() );
#2772 = UNCERTAINTY_MEASURE_WITH_UNIT(LENGTH_MEASURE(2.E-05),#2769,
  'distance_accuracy_value','confusion accuracy');
#2773 = CONTEXT_DEPENDENT_SHAPE_REPRESENTATION(#2774,#2776);
#2774 = ( REPRESENTATION_RELATIONSHIP('','',#36,#10) 
REPRESENTATION_RELATIONSHIP_WITH_TRANSFORMATION(#2775) 
SHAPE_REPRESENTATION_RELATIONSHIP() );
#2775 = ITEM_DEFINED_TRANSFORMATION('','',#11,#15);
#2776 = PRODUCT_DEFINITION_SHAPE('Placement','Placement of an item',
  #2777);
#2777 = NEXT_ASSEMBLY_USAGE_OCCURRENCE('1','S&KHolder','',#5,#31,$);
#2778 = PRODUCT_RELATED_PRODUCT_CATEGORY('part',$,(#33));
#2779 = SHAPE_DEFINITION_REPRESENTATION(#2780,#2786);
#2780 = PRODUCT_DEFINITION_SHAPE('','',#2781);
#2781 = PRODUCT_DEFINITION('design','',#2782,#2785);
#2782 = PRODUCT_DEFINITION_FORMATION('','',#2783);
#2783 = PRODUCT('S&K60FC_part','S&K60FC_part','',(#2784));
#2784 = PRODUCT_CONTEXT('',#2,'mechanical');
#2785 = PRODUCT_DEFINITION_CONTEXT('part definition',#2,'design');
#2786 = ADVANCED_BREP_SHAPE_REPRESENTATION('',(#11,#2787),#6997);
#2787 = BREP_WITH_VOIDS('',#2788,(#6835));
#2788 = CLOSED_SHELL('',(#2789,#2845,#2892,#2939,#3208,#3274,#3340,#3424
    ,#3490,#3556,#3588,#3620,#3661,#3694,#3727,#3760,#3793,#3825,#3887,
    #3929,#3970,#4036,#4094,#4126,#4174,#4222,#4259,#4293,#4327,#4369,
    #4445,#4478,#4520,#4553,#4659,#4701,#4717,#4735,#4767,#4799,#4819,
    #4837,#4887,#4904,#4921,#4938,#4963,#4988,#5013,#5036,#5060,#5094,
    #5127,#5158,#5172,#5194,#5217,#5240,#5270,#5295,#5312,#5334,#5376,
    #5388,#5400,#5413,#5437,#5478,#5499,#5515,#5541,#5567,#5579,#5600,
    #5626,#5662,#5681,#5699,#5717,#5742,#5766,#5791,#5815,#5840,#5865,
    #5889,#5914,#5939,#5963,#5981,#6001,#6021,#6054,#6080,#6105,#6131,
    #6150,#6183,#6209,#6234,#6260,#6279,#6313,#6346,#6377,#6401,#6415,
    #6441,#6467,#6492,#6525,#6544,#6577,#6603,#6629,#6655,#6673,#6692,
    #6710,#6722,#6738,#6754,#6786,#6802,#6818));
#2789 = ADVANCED_FACE('',(#2790),#2828,.T.);
#2790 = FACE_BOUND('',#2791,.T.);
#2791 = EDGE_LOOP('',(#2792,#2803,#2812,#2821));
#2792 = ORIENTED_EDGE('',*,*,#2793,.F.);
#2793 = EDGE_CURVE('',#2794,#2796,#2798,.T.);
#2794 = VERTEX_POINT('',#2795);
#2795 = CARTESIAN_POINT('',(-2.571150440325E-02,-4.009358222334,9.05));
#2796 = VERTEX_POINT('',#2797);
#2797 = CARTESIAN_POINT('',(1.680513367353E-15,-4.009358222334,
    9.02428849565));
#2798 = CIRCLE('',#2799,2.57115043496E-02);
#2799 = AXIS2_PLACEMENT_3D('',#2800,#2801,#2802);
#2800 = CARTESIAN_POINT('',(1.67310609811E-15,-4.009358222334,9.05));
#2801 = DIRECTION('',(1.755519727298E-31,-1.,-3.061475439229E-16));
#2802 = DIRECTION('',(1.,1.755519727298E-31,5.374480528205E-47));
#2803 = ORIENTED_EDGE('',*,*,#2804,.T.);
#2804 = EDGE_CURVE('',#2794,#2805,#2807,.T.);
#2805 = VERTEX_POINT('',#2806);
#2806 = CARTESIAN_POINT('',(1.678004685307E-15,-4.,9.05));
#2807 = CIRCLE('',#2808,4.E-02);
#2808 = AXIS2_PLACEMENT_3D('',#2809,#2810,#2811);
#2809 = CARTESIAN_POINT('',(1.67310609811E-15,-4.04,9.05));
#2810 = DIRECTION('',(9.957992500946E-17,-2.566139328652E-47,-1.));
#2811 = DIRECTION('',(-2.55535961911E-63,-1.,2.566139328652E-47));
#2812 = ORIENTED_EDGE('',*,*,#2813,.F.);
#2813 = EDGE_CURVE('',#2814,#2805,#2816,.T.);
#2814 = VERTEX_POINT('',#2815);
#2815 = CARTESIAN_POINT('',(2.571150440325E-02,-4.009358222334,9.05));
#2816 = CIRCLE('',#2817,4.E-02);
#2817 = AXIS2_PLACEMENT_3D('',#2818,#2819,#2820);
#2818 = CARTESIAN_POINT('',(1.67310609811E-15,-4.04,9.05));
#2819 = DIRECTION('',(-2.220446049242E-16,0.,1.));
#2820 = DIRECTION('',(0.,-1.,0.));
#2821 = ORIENTED_EDGE('',*,*,#2822,.F.);
#2822 = EDGE_CURVE('',#2796,#2814,#2823,.T.);
#2823 = CIRCLE('',#2824,2.57115043496E-02);
#2824 = AXIS2_PLACEMENT_3D('',#2825,#2826,#2827);
#2825 = CARTESIAN_POINT('',(1.67310609811E-15,-4.009358222334,9.05));
#2826 = DIRECTION('',(1.755519727298E-31,-1.,-3.061475439229E-16));
#2827 = DIRECTION('',(1.,1.755519727298E-31,5.374480528205E-47));
#2828 = ( BOUNDED_SURFACE() B_SPLINE_SURFACE(3,3,(
    (#2829,#2830,#2831,#2832)
    ,(#2833,#2834,#2835,#2836)
    ,(#2837,#2838,#2839,#2840)
    ,(#2841,#2842,#2843,#2844
)),.UNSPECIFIED.,.F.,.F.,.F.) B_SPLINE_SURFACE_WITH_KNOTS((4,4),(4,4),(
    0.,1.),(0.,1.),.PIECEWISE_BEZIER_KNOTS.) 
GEOMETRIC_REPRESENTATION_ITEM() RATIONAL_B_SPLINE_SURFACE((
    (1.,0.333333333333,0.333333333333,1.)
    ,(0.959795080383,0.319931693461,0.319931693461,0.959795080383)
    ,(0.959795080383,0.319931693461,0.319931693461,0.959795080383)
,(1.,0.333333333333,0.333333333333,1.
))) REPRESENTATION_ITEM('') SURFACE() );
#2829 = CARTESIAN_POINT('',(-2.571150442541E-02,-4.009358222307,9.05));
#2830 = CARTESIAN_POINT('',(-2.571150442541E-02,-4.009358222307,
    8.998576991149));
#2831 = CARTESIAN_POINT('',(2.571150442542E-02,-4.009358222307,
    8.998576991149));
#2832 = CARTESIAN_POINT('',(2.571150442542E-02,-4.009358222307,9.05));
#2833 = CARTESIAN_POINT('',(-1.84320997342E-02,-4.0032500765,9.05));
#2834 = CARTESIAN_POINT('',(-1.84320997342E-02,-4.0032500765,
    9.013135800532));
#2835 = CARTESIAN_POINT('',(1.84320997342E-02,-4.0032500765,
    9.013135800532));
#2836 = CARTESIAN_POINT('',(1.84320997342E-02,-4.0032500765,9.05));
#2837 = CARTESIAN_POINT('',(-9.502587955786E-03,-4.,9.05));
#2838 = CARTESIAN_POINT('',(-9.502587955786E-03,-4.,9.030994824088));
#2839 = CARTESIAN_POINT('',(9.50258795579E-03,-4.,9.030994824088));
#2840 = CARTESIAN_POINT('',(9.50258795579E-03,-4.,9.05));
#2841 = CARTESIAN_POINT('',(1.668207510913E-15,-4.,9.05));
#2842 = CARTESIAN_POINT('',(1.668207510913E-15,-4.,9.05));
#2843 = CARTESIAN_POINT('',(1.678004685307E-15,-4.,9.05));
#2844 = CARTESIAN_POINT('',(1.678004685307E-15,-4.,9.05));
#2845 = ADVANCED_FACE('',(#2846),#2875,.T.);
#2846 = FACE_BOUND('',#2847,.T.);
#2847 = EDGE_LOOP('',(#2848,#2859,#2868));
#2848 = ORIENTED_EDGE('',*,*,#2849,.F.);
#2849 = EDGE_CURVE('',#2850,#2852,#2854,.T.);
#2850 = VERTEX_POINT('',#2851);
#2851 = CARTESIAN_POINT('',(3.48506182558,1.982412295168,9.05));
#2852 = VERTEX_POINT('',#2853);
#2853 = CARTESIAN_POINT('',(3.459350321184,2.02694592712,9.05));
#2854 = CIRCLE('',#2855,2.571150440013E-02);
#2855 = AXIS2_PLACEMENT_3D('',#2856,#2857,#2858);
#2856 = CARTESIAN_POINT('',(3.47220607338,2.004679111148,9.05));
#2857 = DIRECTION('',(0.866025403784,0.5,-7.952554495246E-15));
#2858 = DIRECTION('',(-0.5,0.866025403784,5.719241562852E-29));
#2859 = ORIENTED_EDGE('',*,*,#2860,.T.);
#2860 = EDGE_CURVE('',#2850,#2861,#2863,.T.);
#2861 = VERTEX_POINT('',#2862);
#2862 = CARTESIAN_POINT('',(3.464101615138,2.,9.05));
#2863 = CIRCLE('',#2864,4.E-02);
#2864 = AXIS2_PLACEMENT_3D('',#2865,#2866,#2867);
#2865 = CARTESIAN_POINT('',(3.498742631289,2.02,9.05));
#2866 = DIRECTION('',(-4.978996250511E-17,-1.120828777012E-14,-1.));
#2867 = DIRECTION('',(0.866025403784,0.5,-5.647263257445E-15));
#2868 = ORIENTED_EDGE('',*,*,#2869,.F.);
#2869 = EDGE_CURVE('',#2852,#2861,#2870,.T.);
#2870 = CIRCLE('',#2871,4.E-02);
#2871 = AXIS2_PLACEMENT_3D('',#2872,#2873,#2874);
#2872 = CARTESIAN_POINT('',(3.498742631289,2.02,9.05));
#2873 = DIRECTION('',(1.110223024625E-16,1.110223024625E-14,1.));
#2874 = DIRECTION('',(0.866025403784,0.5,-5.647263257446E-15));
#2875 = ( BOUNDED_SURFACE() B_SPLINE_SURFACE(3,3,(
    (#2876,#2877,#2878,#2879)
    ,(#2880,#2881,#2882,#2883)
    ,(#2884,#2885,#2886,#2887)
    ,(#2888,#2889,#2890,#2891
)),.UNSPECIFIED.,.F.,.F.,.F.) B_SPLINE_SURFACE_WITH_KNOTS((4,4),(4,4),(
    0.,1.),(0.,1.),.PIECEWISE_BEZIER_KNOTS.) 
GEOMETRIC_REPRESENTATION_ITEM() RATIONAL_B_SPLINE_SURFACE((
    (1.,0.333333333333,0.333333333333,1.)
    ,(0.95979508046,0.319931693487,0.319931693487,0.95979508046)
    ,(0.95979508046,0.319931693487,0.319931693487,0.95979508046)
,(1.,0.333333333333,0.333333333333,1.
))) REPRESENTATION_ITEM('') SURFACE() );
#2876 = CARTESIAN_POINT('',(3.485061825577,1.982412295161,9.05));
#2877 = CARTESIAN_POINT('',(3.485061825577,1.982412295161,8.99857699119)
  );
#2878 = CARTESIAN_POINT('',(3.459350321172,2.026945927129,8.99857699119)
  );
#2879 = CARTESIAN_POINT('',(3.459350321172,2.026945927129,9.05));
#2880 = CARTESIAN_POINT('',(3.476132313804,1.985662371647,9.05));
#2881 = CARTESIAN_POINT('',(3.476132313804,1.985662371647,9.013135800566
    ));
#2882 = CARTESIAN_POINT('',(3.457700214087,2.017587704847,9.013135800566
    ));
#2883 = CARTESIAN_POINT('',(3.457700214087,2.017587704847,9.05));
#2884 = CARTESIAN_POINT('',(3.468852909111,1.991770517437,9.05));
#2885 = CARTESIAN_POINT('',(3.468852909111,1.991770517437,9.030994824108
    ));
#2886 = CARTESIAN_POINT('',(3.459350321165,2.008229482563,9.030994824108
    ));
#2887 = CARTESIAN_POINT('',(3.459350321165,2.008229482563,9.05));
#2888 = CARTESIAN_POINT('',(3.464101615138,2.,9.05));
#2889 = CARTESIAN_POINT('',(3.464101615138,2.,9.05));
#2890 = CARTESIAN_POINT('',(3.464101615138,2.,9.05));
#2891 = CARTESIAN_POINT('',(3.464101615138,2.,9.05));
#2892 = ADVANCED_FACE('',(#2893),#2922,.T.);
#2893 = FACE_BOUND('',#2894,.T.);
#2894 = EDGE_LOOP('',(#2895,#2906,#2915));
#2895 = ORIENTED_EDGE('',*,*,#2896,.F.);
#2896 = EDGE_CURVE('',#2897,#2899,#2901,.T.);
#2897 = VERTEX_POINT('',#2898);
#2898 = CARTESIAN_POINT('',(-3.45935032115,2.026945927073,9.05));
#2899 = VERTEX_POINT('',#2900);
#2900 = CARTESIAN_POINT('',(-3.485061825529,1.982412295149,9.05));
#2901 = CIRCLE('',#2902,2.571150439087E-02);
#2902 = AXIS2_PLACEMENT_3D('',#2903,#2904,#2905);
#2903 = CARTESIAN_POINT('',(-3.472206073334,2.004679111121,9.05));
#2904 = DIRECTION('',(-0.866025403784,0.5,-7.760258226606E-15));
#2905 = DIRECTION('',(-0.5,-0.866025403784,-2.366582715663E-29));
#2906 = ORIENTED_EDGE('',*,*,#2907,.T.);
#2907 = EDGE_CURVE('',#2897,#2908,#2910,.T.);
#2908 = VERTEX_POINT('',#2909);
#2909 = CARTESIAN_POINT('',(-3.464101615138,2.,9.05));
#2910 = CIRCLE('',#2911,4.E-02);
#2911 = AXIS2_PLACEMENT_3D('',#2912,#2913,#2914);
#2912 = CARTESIAN_POINT('',(-3.498742631289,2.02,9.05));
#2913 = DIRECTION('',(-4.978996250511E-17,-1.099617272238E-14,-1.));
#2914 = DIRECTION('',(-0.866025403784,0.5,-5.454966988809E-15));
#2915 = ORIENTED_EDGE('',*,*,#2916,.F.);
#2916 = EDGE_CURVE('',#2899,#2908,#2917,.T.);
#2917 = CIRCLE('',#2918,4.E-02);
#2918 = AXIS2_PLACEMENT_3D('',#2919,#2920,#2921);
#2919 = CARTESIAN_POINT('',(-3.498742631289,2.02,9.05));
#2920 = DIRECTION('',(1.110223024625E-16,1.110223024625E-14,1.));
#2921 = DIRECTION('',(-0.866025403784,0.5,-5.454966988808E-15));
#2922 = ( BOUNDED_SURFACE() B_SPLINE_SURFACE(3,3,(
    (#2923,#2924,#2925,#2926)
    ,(#2927,#2928,#2929,#2930)
    ,(#2931,#2932,#2933,#2934)
    ,(#2935,#2936,#2937,#2938
)),.UNSPECIFIED.,.F.,.F.,.F.) B_SPLINE_SURFACE_WITH_KNOTS((4,4),(4,4),(
    0.,1.),(0.,1.),.PIECEWISE_BEZIER_KNOTS.) 
GEOMETRIC_REPRESENTATION_ITEM() RATIONAL_B_SPLINE_SURFACE((
    (1.,0.333333333333,0.333333333333,1.)
    ,(0.959795080577,0.319931693526,0.319931693526,0.959795080577)
    ,(0.959795080577,0.319931693526,0.319931693526,0.959795080577)
,(1.,0.333333333333,0.333333333333,1.
))) REPRESENTATION_ITEM('') SURFACE() );
#2923 = CARTESIAN_POINT('',(-3.459350321165,2.026945927088,9.05));
#2924 = CARTESIAN_POINT('',(-3.459350321165,2.026945927088,
    8.998576991254));
#2925 = CARTESIAN_POINT('',(-3.485061825539,1.982412295175,
    8.998576991254));
#2926 = CARTESIAN_POINT('',(-3.485061825539,1.982412295175,9.05));
#2927 = CARTESIAN_POINT('',(-3.457700214092,2.017587704819,9.05));
#2928 = CARTESIAN_POINT('',(-3.457700214092,2.017587704819,9.01313580062
    ));
#2929 = CARTESIAN_POINT('',(-3.476132313782,1.985662371665,9.01313580062
    ));
#2930 = CARTESIAN_POINT('',(-3.476132313782,1.985662371665,9.05));
#2931 = CARTESIAN_POINT('',(-3.459350321172,2.00822948255,9.05));
#2932 = CARTESIAN_POINT('',(-3.459350321172,2.00822948255,9.030994824137
    ));
#2933 = CARTESIAN_POINT('',(-3.468852909103,1.99177051745,9.030994824137
    ));
#2934 = CARTESIAN_POINT('',(-3.468852909103,1.99177051745,9.05));
#2935 = CARTESIAN_POINT('',(-3.464101615138,2.,9.05));
#2936 = CARTESIAN_POINT('',(-3.464101615138,2.,9.05));
#2937 = CARTESIAN_POINT('',(-3.464101615138,2.,9.05));
#2938 = CARTESIAN_POINT('',(-3.464101615138,2.,9.05));
#2939 = ADVANCED_FACE('',(#2940,#2978,#3014,#3048,#3086,#3158),#3203,.T.
  );
#2940 = FACE_BOUND('',#2941,.T.);
#2941 = EDGE_LOOP('',(#2942,#2963));
#2942 = ORIENTED_EDGE('',*,*,#2943,.T.);
#2943 = EDGE_CURVE('',#2944,#2946,#2948,.T.);
#2944 = VERTEX_POINT('',#2945);
#2945 = CARTESIAN_POINT('',(-4.863934395289,3.513138511121,9.05));
#2946 = VERTEX_POINT('',#2947);
#2947 = CARTESIAN_POINT('',(-5.474434395291,2.455721493096,9.05));
#2948 = B_SPLINE_CURVE_WITH_KNOTS('',3,(#2949,#2950,#2951,#2952,#2953,
    #2954,#2955,#2956,#2957,#2958,#2959,#2960,#2961,#2962),
  .UNSPECIFIED.,.F.,.F.,(4,2,2,2,2,2,4),(0.,4.774840085701E-04,
    9.549680171401E-04,1.193710021425E-03,1.43245202571E-03,
    1.671194029995E-03,1.90993603428E-03),.UNSPECIFIED.);
#2949 = CARTESIAN_POINT('',(-4.863934395289,3.513138511121,9.05));
#2950 = CARTESIAN_POINT('',(-4.863934395289,3.513138511121,
    9.211461123888));
#2951 = CARTESIAN_POINT('',(-4.903557781526,3.459460202821,
    9.369219225763));
#2952 = CARTESIAN_POINT('',(-5.030219025199,3.272558688578,
    9.594324526482));
#2953 = CARTESIAN_POINT('',(-5.116341087013,3.138225504187,9.66044209211
    ));
#2954 = CARTESIAN_POINT('',(-5.235891851379,2.931175170322,
    9.660528893593));
#2955 = CARTESIAN_POINT('',(-5.274472012574,2.861017587807,
    9.644699962885));
#2956 = CARTESIAN_POINT('',(-5.343432669915,2.730055668159,9.58348762195
    ));
#2957 = CARTESIAN_POINT('',(-5.373556071515,2.669861919895,
    9.538750487138));
#2958 = CARTESIAN_POINT('',(-5.42344787457,2.566998378816,9.424756334822
    ));
#2959 = CARTESIAN_POINT('',(-5.442339344576,2.526240139919,
    9.357604552943));
#2960 = CARTESIAN_POINT('',(-5.467963117303,2.470288674198,
    9.209716039215));
#2961 = CARTESIAN_POINT('',(-5.474434395289,2.455721493101,
    9.129714304026));
#2962 = CARTESIAN_POINT('',(-5.474434395291,2.455721493096,9.05));
#2963 = ORIENTED_EDGE('',*,*,#2964,.T.);
#2964 = EDGE_CURVE('',#2946,#2944,#2965,.T.);
#2965 = B_SPLINE_CURVE_WITH_KNOTS('',3,(#2966,#2967,#2968,#2969,#2970,
    #2971,#2972,#2973,#2974,#2975,#2976,#2977),.UNSPECIFIED.,.F.,.F.,(4,
    2,2,2,2,4),(1.90993603428E-03,2.387357285467E-03,2.864778536653E-03,
    3.342199787839E-03,3.580910413432E-03,3.819621039025E-03),
  .UNSPECIFIED.);
#2966 = CARTESIAN_POINT('',(-5.474434395291,2.455721493096,9.05));
#2967 = CARTESIAN_POINT('',(-5.474434395289,2.455721493101,
    8.890592346205));
#2968 = CARTESIAN_POINT('',(-5.44786007054,2.516652858244,8.731203906079
    ));
#2969 = CARTESIAN_POINT('',(-5.349429314354,2.71961890121,8.505941978846
    ));
#2970 = CARTESIAN_POINT('',(-5.277002406566,2.859944052644,
    8.439596646307));
#2971 = CARTESIAN_POINT('',(-5.115667682785,3.139423281826,
    8.439403572231));
#2972 = CARTESIAN_POINT('',(-5.030162706188,3.272647900393,
    8.505686097657));
#2973 = CARTESIAN_POINT('',(-4.935097987175,3.412916368686,
    8.674771630947));
#2974 = CARTESIAN_POINT('',(-4.90897960913,3.450053498115,8.742293013535
    ));
#2975 = CARTESIAN_POINT('',(-4.873276620401,3.500303547376,
    8.890452308843));
#2976 = CARTESIAN_POINT('',(-4.863934395289,3.513138511121,
    8.969280048755));
#2977 = CARTESIAN_POINT('',(-4.863934395289,3.513138511121,9.05));
#2978 = FACE_BOUND('',#2979,.T.);
#2979 = EDGE_LOOP('',(#2980,#3001));
#2980 = ORIENTED_EDGE('',*,*,#2981,.T.);
#2981 = EDGE_CURVE('',#2982,#2984,#2986,.T.);
#2982 = VERTEX_POINT('',#2983);
#2983 = CARTESIAN_POINT('',(5.474434395289,2.455721493101,9.05));
#2984 = VERTEX_POINT('',#2985);
#2985 = CARTESIAN_POINT('',(4.863934395286,3.513138511126,9.05));
#2986 = B_SPLINE_CURVE_WITH_KNOTS('',3,(#2987,#2988,#2989,#2990,#2991,
    #2992,#2993,#2994,#2995,#2996,#2997,#2998,#2999,#3000),
  .UNSPECIFIED.,.F.,.F.,(4,2,2,2,2,2,4),(0.,4.774840085701E-04,
    9.549680171401E-04,1.193710021425E-03,1.43245202571E-03,
    1.671194029995E-03,1.90993603428E-03),.UNSPECIFIED.);
#2987 = CARTESIAN_POINT('',(5.474434395289,2.455721493101,9.05));
#2988 = CARTESIAN_POINT('',(5.474434395289,2.455721493101,9.211461123888
    ));
#2989 = CARTESIAN_POINT('',(5.447759309788,2.516875506316,9.369219225763
    ));
#2990 = CARTESIAN_POINT('',(5.349228472284,2.720018118133,9.594324526482
    ));
#2991 = CARTESIAN_POINT('',(5.275953552937,2.861768603686,9.66044209211)
  );
#2992 = CARTESIAN_POINT('',(5.15641808613,3.068827769601,9.660528893593)
  );
#2993 = CARTESIAN_POINT('',(5.114949918002,3.137317960536,9.644699962885
    ));
#2994 = CARTESIAN_POINT('',(5.036013897329,3.262520601479,9.58348762195)
  );
#2995 = CARTESIAN_POINT('',(4.998946282983,3.318705106645,9.538750487138
    ));
#2996 = CARTESIAN_POINT('',(4.934809744813,3.41334444607,9.424756334822)
  );
#2997 = CARTESIAN_POINT('',(4.908957809518,3.450084058459,9.357604552943
    ));
#2998 = CARTESIAN_POINT('',(4.873314305188,3.500250629442,9.209716039215
    ));
#2999 = CARTESIAN_POINT('',(4.863934395289,3.513138511121,9.129714304026
    ));
#3000 = CARTESIAN_POINT('',(4.863934395286,3.513138511126,9.05));
#3001 = ORIENTED_EDGE('',*,*,#3002,.T.);
#3002 = EDGE_CURVE('',#2984,#2982,#3003,.T.);
#3003 = B_SPLINE_CURVE_WITH_KNOTS('',3,(#3004,#3005,#3006,#3007,#3008,
    #3009,#3010,#3011,#3012,#3013),.UNSPECIFIED.,.F.,.F.,(4,2,2,2,4),(
    1.90993603428E-03,2.387206760412E-03,2.864477486544E-03,
    3.341748212675E-03,3.819018938807E-03),.UNSPECIFIED.);
#3004 = CARTESIAN_POINT('',(4.863934395286,3.513138511126,9.05));
#3005 = CARTESIAN_POINT('',(4.863934395289,3.513138511122,8.89064260548)
  );
#3006 = CARTESIAN_POINT('',(4.903390184199,3.459692334498,8.731301152747
    ));
#3007 = CARTESIAN_POINT('',(5.029879180099,3.273075278921,8.506057823932
    ));
#3008 = CARTESIAN_POINT('',(5.116494522853,3.137966145556,8.439526458057
    ));
#3009 = CARTESIAN_POINT('',(5.275708898241,2.86220952309,8.439473558792)
  );
#3010 = CARTESIAN_POINT('',(5.34867694315,2.721149297261,8.504491901278)
  );
#3011 = CARTESIAN_POINT('',(5.448192289867,2.515988734634,8.731693598249
    ));
#3012 = CARTESIAN_POINT('',(5.474434395289,2.455721493101,8.888610997527
    ));
#3013 = CARTESIAN_POINT('',(5.474434395289,2.455721493101,9.05));
#3014 = FACE_BOUND('',#3015,.T.);
#3015 = EDGE_LOOP('',(#3016,#3035));
#3016 = ORIENTED_EDGE('',*,*,#3017,.T.);
#3017 = EDGE_CURVE('',#3018,#3020,#3022,.T.);
#3018 = VERTEX_POINT('',#3019);
#3019 = CARTESIAN_POINT('',(5.474434395289,2.4557214931,-1.25));
#3020 = VERTEX_POINT('',#3021);
#3021 = CARTESIAN_POINT('',(4.863934395289,3.513138511121,-1.25));
#3022 = B_SPLINE_CURVE_WITH_KNOTS('',3,(#3023,#3024,#3025,#3026,#3027,
    #3028,#3029,#3030,#3031,#3032,#3033,#3034),.UNSPECIFIED.,.F.,.F.,(4,
    2,2,2,2,4),(0.,4.773827733163E-04,9.547655466327E-04,
    1.193456933291E-03,1.432148319949E-03,1.909531093265E-03),
  .UNSPECIFIED.);
#3023 = CARTESIAN_POINT('',(5.474434395289,2.4557214931,-1.25));
#3024 = CARTESIAN_POINT('',(5.474434395289,2.4557214931,-1.088573108793)
  );
#3025 = CARTESIAN_POINT('',(5.447771308971,2.516847672167,
    -0.930848209577));
#3026 = CARTESIAN_POINT('',(5.349279138411,2.719916752237,
    -0.705751229909));
#3027 = CARTESIAN_POINT('',(5.276031894249,2.861622123192,
    -0.639610926881));
#3028 = CARTESIAN_POINT('',(5.156530971719,3.068637607958,
    -0.639444757838));
#3029 = CARTESIAN_POINT('',(5.114515112503,3.138015290045,
    -0.655589045554));
#3030 = CARTESIAN_POINT('',(5.036091675904,3.262389527397,
    -0.716500452262));
#3031 = CARTESIAN_POINT('',(4.998573941141,3.319254516549,
    -0.761911514719));
#3032 = CARTESIAN_POINT('',(4.903487623855,3.459563135055,
    -0.930914134779));
#3033 = CARTESIAN_POINT('',(4.863934395289,3.513138511121,
    -1.088975415865));
#3034 = CARTESIAN_POINT('',(4.863934395289,3.513138511121,-1.25));
#3035 = ORIENTED_EDGE('',*,*,#3036,.T.);
#3036 = EDGE_CURVE('',#3020,#3018,#3037,.T.);
#3037 = B_SPLINE_CURVE_WITH_KNOTS('',3,(#3038,#3039,#3040,#3041,#3042,
    #3043,#3044,#3045,#3046,#3047),.UNSPECIFIED.,.F.,.F.,(4,2,2,2,4),(
    1.909531093265E-03,2.386906969623E-03,2.86428284598E-03,
    3.341658722337E-03,3.819034598694E-03),.UNSPECIFIED.);
#3038 = CARTESIAN_POINT('',(4.863934395289,3.513138511121,-1.25));
#3039 = CARTESIAN_POINT('',(4.863934395289,3.513138511121,
    -1.411022257742));
#3040 = CARTESIAN_POINT('',(4.903555104018,3.459459229103,
    -1.569142335267));
#3041 = CARTESIAN_POINT('',(5.030056839687,3.272802927994,
    -1.794108324663));
#3042 = CARTESIAN_POINT('',(5.11612108565,3.138590345788,-1.860362426526
    ));
#3043 = CARTESIAN_POINT('',(5.275658054026,2.86232011115,-1.860637120854
    ));
#3044 = CARTESIAN_POINT('',(5.348625160017,2.721253417386,
    -1.795592286381));
#3045 = CARTESIAN_POINT('',(5.448191270399,2.515993470809,
    -1.568342748716));
#3046 = CARTESIAN_POINT('',(5.474434395289,2.4557214931,-1.411424559001)
  );
#3047 = CARTESIAN_POINT('',(5.474434395289,2.4557214931,-1.25));
#3048 = FACE_BOUND('',#3049,.T.);
#3049 = EDGE_LOOP('',(#3050,#3071));
#3050 = ORIENTED_EDGE('',*,*,#3051,.T.);
#3051 = EDGE_CURVE('',#3052,#3054,#3056,.T.);
#3052 = VERTEX_POINT('',#3053);
#3053 = CARTESIAN_POINT('',(-5.474434395289,2.4557214931,-1.25));
#3054 = VERTEX_POINT('',#3055);
#3055 = CARTESIAN_POINT('',(-4.863934395286,3.513138511125,-1.25));
#3056 = B_SPLINE_CURVE_WITH_KNOTS('',3,(#3057,#3058,#3059,#3060,#3061,
    #3062,#3063,#3064,#3065,#3066,#3067,#3068,#3069,#3070),
  .UNSPECIFIED.,.F.,.F.,(4,2,2,2,2,2,4),(0.,4.774840085701E-04,
    9.549680171401E-04,1.193710021425E-03,1.43245202571E-03,
    1.671194029995E-03,1.90993603428E-03),.UNSPECIFIED.);
#3057 = CARTESIAN_POINT('',(-5.474434395289,2.4557214931,-1.25));
#3058 = CARTESIAN_POINT('',(-5.474434395289,2.4557214931,-1.411461123888
    ));
#3059 = CARTESIAN_POINT('',(-5.447759309788,2.516875506315,
    -1.569219225763));
#3060 = CARTESIAN_POINT('',(-5.349228472284,2.720018118133,
    -1.794324526482));
#3061 = CARTESIAN_POINT('',(-5.275953552937,2.861768603685,
    -1.86044209211));
#3062 = CARTESIAN_POINT('',(-5.156418086131,3.0688277696,-1.860528893593
    ));
#3063 = CARTESIAN_POINT('',(-5.114949918002,3.137317960535,
    -1.844699962885));
#3064 = CARTESIAN_POINT('',(-5.036013897329,3.262520601479,
    -1.78348762195));
#3065 = CARTESIAN_POINT('',(-4.998946282984,3.318705106644,
    -1.738750487138));
#3066 = CARTESIAN_POINT('',(-4.934809744814,3.41334444607,
    -1.624756334822));
#3067 = CARTESIAN_POINT('',(-4.908957809518,3.450084058459,
    -1.557604552943));
#3068 = CARTESIAN_POINT('',(-4.873314305189,3.500250629442,
    -1.409716039215));
#3069 = CARTESIAN_POINT('',(-4.86393439529,3.513138511121,
    -1.329714304026));
#3070 = CARTESIAN_POINT('',(-4.863934395286,3.513138511125,-1.25));
#3071 = ORIENTED_EDGE('',*,*,#3072,.T.);
#3072 = EDGE_CURVE('',#3054,#3052,#3073,.T.);
#3073 = B_SPLINE_CURVE_WITH_KNOTS('',3,(#3074,#3075,#3076,#3077,#3078,
    #3079,#3080,#3081,#3082,#3083,#3084,#3085),.UNSPECIFIED.,.F.,.F.,(4,
    2,2,2,2,4),(1.90993603428E-03,2.387357285467E-03,2.864778536653E-03,
    3.342199787839E-03,3.580910413432E-03,3.819621039025E-03),
  .UNSPECIFIED.);
#3074 = CARTESIAN_POINT('',(-4.863934395286,3.513138511125,-1.25));
#3075 = CARTESIAN_POINT('',(-4.863934395289,3.513138511121,
    -1.090592346205));
#3076 = CARTESIAN_POINT('',(-4.903415343016,3.459658788228,
    -0.931203906079));
#3077 = CARTESIAN_POINT('',(-5.029973714238,3.272932231374,
    -0.705941978846));
#3078 = CARTESIAN_POINT('',(-5.115285406275,3.140046113595,
    -0.639596646307));
#3079 = CARTESIAN_POINT('',(-5.276654156686,2.860586529697,
    -0.639403572231));
#3080 = CARTESIAN_POINT('',(-5.349277572476,2.719924738531,
    -0.705686097657));
#3081 = CARTESIAN_POINT('',(-5.423221269862,2.567462042716,
    -0.874771630947));
#3082 = CARTESIAN_POINT('',(-5.442323778349,2.526274299108,
    -0.942293013535));
#3083 = CARTESIAN_POINT('',(-5.467990103185,2.470229579247,
    -1.090452308843));
#3084 = CARTESIAN_POINT('',(-5.474434395289,2.4557214931,-1.169280048755
    ));
#3085 = CARTESIAN_POINT('',(-5.474434395289,2.4557214931,-1.25));
#3086 = FACE_BOUND('',#3087,.T.);
#3087 = EDGE_LOOP('',(#3088,#3125));
#3088 = ORIENTED_EDGE('',*,*,#3089,.T.);
#3089 = EDGE_CURVE('',#3090,#3092,#3094,.T.);
#3090 = VERTEX_POINT('',#3091);
#3091 = CARTESIAN_POINT('',(9.736655925963E-16,6.,4.75));
#3092 = VERTEX_POINT('',#3093);
#3093 = CARTESIAN_POINT('',(1.218594952426E-15,6.,0.75));
#3094 = B_SPLINE_CURVE_WITH_KNOTS('',3,(#3095,#3096,#3097,#3098,#3099,
    #3100,#3101,#3102,#3103,#3104,#3105,#3106,#3107,#3108,#3109,#3110,
    #3111,#3112,#3113,#3114,#3115,#3116,#3117,#3118,#3119,#3120,#3121,
    #3122,#3123,#3124),.UNSPECIFIED.,.F.,.F.,(4,2,2,2,2,2,2,2,2,2,2,2,2,
    2,4),(6.295914728048E-03,6.68926020151E-03,7.082605674972E-03,
    7.475951148434E-03,7.869296621897E-03,8.655987568821E-03,
    9.049333042283E-03,9.442678515745E-03,9.836023989207E-03,
    1.022936946267E-02,1.062271493613E-02,1.101606040959E-02,
    1.180275135652E-02,1.219609682998E-02,1.258944230344E-02),
  .UNSPECIFIED.);
#3095 = CARTESIAN_POINT('',(9.736655925963E-16,6.,4.75));
#3096 = CARTESIAN_POINT('',(-0.133088276044,6.,4.75));
#3097 = CARTESIAN_POINT('',(-0.263771359277,5.995580283235,4.73684964013
    ));
#3098 = CARTESIAN_POINT('',(-0.52057884759,5.978758727875,4.685495927638
    ));
#3099 = CARTESIAN_POINT('',(-0.648069679307,5.966142458445,
    4.646614191885));
#3100 = CARTESIAN_POINT('',(-0.889782334022,5.934908385287,
    4.545947410187));
#3101 = CARTESIAN_POINT('',(-1.004266461503,5.91638387357,4.484484860325
    ));
#3102 = CARTESIAN_POINT('',(-1.220890766576,5.875506361262,
    4.339469909273));
#3103 = CARTESIAN_POINT('',(-1.322659529251,5.853155963432,
    4.255759449192));
#3104 = CARTESIAN_POINT('',(-1.597132800067,5.786589554243,
    3.981310608882));
#3105 = CARTESIAN_POINT('',(-1.74566613153,5.741404410797,3.760089676121
    ));
#3106 = CARTESIAN_POINT('',(-1.895866597256,5.692842748415,
    3.400075145313));
#3107 = CARTESIAN_POINT('',(-1.93481832307,5.679545391816,3.27338452801)
  );
#3108 = CARTESIAN_POINT('',(-1.986851631019,5.661552648991,
    3.014336724208));
#3109 = CARTESIAN_POINT('',(-2.000002663052,5.656853307961,2.88305313577
    ));
#3110 = CARTESIAN_POINT('',(-1.999997336147,5.656855191307,
    2.616866816458));
#3111 = CARTESIAN_POINT('',(-1.986843841153,5.661553609793,
    2.486202805012));
#3112 = CARTESIAN_POINT('',(-1.9355054432,5.679309500726,2.229465574094)
  );
#3113 = CARTESIAN_POINT('',(-1.896642815206,5.692586378833,
    2.102030856728));
#3114 = CARTESIAN_POINT('',(-1.796062409245,5.725116022496,
    1.860462029364));
#3115 = CARTESIAN_POINT('',(-1.734657314281,5.744271089005,1.74603828757
    ));
#3116 = CARTESIAN_POINT('',(-1.589744524848,5.786052081314,
    1.529472464986));
#3117 = CARTESIAN_POINT('',(-1.506110955872,5.808656013055,
    1.427742190253));
#3118 = CARTESIAN_POINT('',(-1.23176857452,5.875216228906,1.153225161095
    ));
#3119 = CARTESIAN_POINT('',(-1.01042508757,5.91926283823,1.004505837305)
  );
#3120 = CARTESIAN_POINT('',(-0.650221855933,5.965892170454,
    0.854178615886));
#3121 = CARTESIAN_POINT('',(-0.523461664964,5.978531767438,
    0.815201114999));
#3122 = CARTESIAN_POINT('',(-0.264374328535,5.995578406072,0.76315198002
    ));
#3123 = CARTESIAN_POINT('',(-0.133071219369,6.000000108901,
    0.749999891098));
#3124 = CARTESIAN_POINT('',(1.218594952426E-15,6.,0.75));
#3125 = ORIENTED_EDGE('',*,*,#3126,.T.);
#3126 = EDGE_CURVE('',#3092,#3090,#3127,.T.);
#3127 = B_SPLINE_CURVE_WITH_KNOTS('',3,(#3128,#3129,#3130,#3131,#3132,
    #3133,#3134,#3135,#3136,#3137,#3138,#3139,#3140,#3141,#3142,#3143,
    #3144,#3145,#3146,#3147,#3148,#3149,#3150,#3151,#3152,#3153,#3154,
    #3155,#3156,#3157),.UNSPECIFIED.,.F.,.F.,(4,2,2,2,2,2,2,2,2,2,2,2,2,
    2,4),(2.344756168961E-11,3.934946924851E-04,7.869893615226E-04,
    1.18048403056E-03,1.573978699598E-03,2.360968037673E-03,
    2.75446270671E-03,3.147957375748E-03,3.541452044785E-03,
    3.934946713823E-03,4.32844138286E-03,4.721936051898E-03,
    5.115430720935E-03,5.508925389973E-03,6.295914728048E-03),
  .UNSPECIFIED.);
#3128 = CARTESIAN_POINT('',(1.218594952426E-15,6.,0.75));
#3129 = CARTESIAN_POINT('',(0.133121693159,6.000000108901,0.749999891098
    ));
#3130 = CARTESIAN_POINT('',(0.263836993345,5.995578066827,0.763156900139
    ));
#3131 = CARTESIAN_POINT('',(0.52070664106,5.97874827271,0.814536216697)
  );
#3132 = CARTESIAN_POINT('',(0.648227844655,5.966125777269,0.853437703569
    ));
#3133 = CARTESIAN_POINT('',(0.889988247601,5.934878014577,0.954152344445
    ));
#3134 = CARTESIAN_POINT('',(1.004493368156,5.916345706747,1.015643962655
    ));
#3135 = CARTESIAN_POINT('',(1.221153267308,5.875452165251,1.160728944236
    ));
#3136 = CARTESIAN_POINT('',(1.322930549591,5.853094806183,1.244475936575
    ));
#3137 = CARTESIAN_POINT('',(1.597417499034,5.786511343687,1.519045446756
    ));
#3138 = CARTESIAN_POINT('',(1.745936189471,5.74132147213,1.740359377483)
  );
#3139 = CARTESIAN_POINT('',(1.896070792413,5.692774534985,2.100513748226
    ));
#3140 = CARTESIAN_POINT('',(1.93502717651,5.67947376358,2.227458588865)
  );
#3141 = CARTESIAN_POINT('',(1.986874534336,5.66154413476,2.48597484023)
  );
#3142 = CARTESIAN_POINT('',(1.999854528649,5.656905681347,2.616338137543
    ));
#3143 = CARTESIAN_POINT('',(2.000143062943,5.656803669138,2.879272413902
    ));
#3144 = CARTESIAN_POINT('',(1.98698862279,5.661502849464,3.01284208748)
  );
#3145 = CARTESIAN_POINT('',(1.935630613134,5.679266892046,3.270138327319
    ));
#3146 = CARTESIAN_POINT('',(1.897620927459,5.692262607473,3.395280653827
    ));
#3147 = CARTESIAN_POINT('',(1.796593512834,5.724951574154,3.638596678012
    ));
#3148 = CARTESIAN_POINT('',(1.734626583262,5.744275671749,3.753941408822
    ));
#3149 = CARTESIAN_POINT('',(1.590405344474,5.785865813919,3.969605910111
    ));
#3150 = CARTESIAN_POINT('',(1.506915957866,5.808456003856,4.071415634302
    ));
#3151 = CARTESIAN_POINT('',(1.322973191727,5.853093095686,4.255548709481
    ));
#3152 = CARTESIAN_POINT('',(1.223086958763,5.87504239366,4.337753600671)
  );
#3153 = CARTESIAN_POINT('',(1.007234523251,5.915872163187,4.482738243449
    ));
#3154 = CARTESIAN_POINT('',(0.890289532693,5.934821728938,4.54565760111)
  );
#3155 = CARTESIAN_POINT('',(0.529266787143,5.981536114846,4.69624853444)
  );
#3156 = CARTESIAN_POINT('',(0.266277512608,6.,4.75));
#3157 = CARTESIAN_POINT('',(9.736655925963E-16,6.,4.75));
#3158 = FACE_BOUND('',#3159,.T.);
#3159 = EDGE_LOOP('',(#3160,#3171,#3179,#3188,#3196));
#3160 = ORIENTED_EDGE('',*,*,#3161,.T.);
#3161 = EDGE_CURVE('',#3162,#3164,#3166,.T.);
#3162 = VERTEX_POINT('',#3163);
#3163 = CARTESIAN_POINT('',(1.110650759774E-15,5.999999999926,
    -2.634529946162));
#3164 = VERTEX_POINT('',#3165);
#3165 = CARTESIAN_POINT('',(-6.,7.347880794887E-16,-2.634529946162));
#3166 = CIRCLE('',#3167,6.);
#3167 = AXIS2_PLACEMENT_3D('',#3168,#3169,#3170);
#3168 = CARTESIAN_POINT('',(3.75862680295E-16,2.103354406075E-28,
    -2.634529946162));
#3169 = DIRECTION('',(1.110223024625E-16,1.883405411215E-29,1.));
#3170 = DIRECTION('',(1.,6.316562657795E-46,-1.110223024625E-16));
#3171 = ORIENTED_EDGE('',*,*,#3172,.T.);
#3172 = EDGE_CURVE('',#3164,#3173,#3175,.T.);
#3173 = VERTEX_POINT('',#3174);
#3174 = CARTESIAN_POINT('',(-5.999999999985,0.,10.45));
#3175 = LINE('',#3176,#3177);
#3176 = CARTESIAN_POINT('',(-6.,7.347880794886E-16,-3.75));
#3177 = VECTOR('',#3178,1.);
#3178 = DIRECTION('',(1.110223024625E-16,1.883405411215E-29,1.));
#3179 = ORIENTED_EDGE('',*,*,#3180,.T.);
#3180 = EDGE_CURVE('',#3173,#3181,#3183,.T.);
#3181 = VERTEX_POINT('',#3182);
#3182 = CARTESIAN_POINT('',(5.999999999985,7.347880794865E-16,10.45));
#3183 = CIRCLE('',#3184,6.);
#3184 = AXIS2_PLACEMENT_3D('',#3185,#3186,#3187);
#3185 = CARTESIAN_POINT('',(1.828537321557E-15,4.567701856455E-28,10.45)
  );
#3186 = DIRECTION('',(-1.110223024625E-16,-1.883405411215E-29,-1.));
#3187 = DIRECTION('',(1.,-2.091000052234E-45,-1.110223024625E-16));
#3188 = ORIENTED_EDGE('',*,*,#3189,.F.);
#3189 = EDGE_CURVE('',#3190,#3181,#3192,.T.);
#3190 = VERTEX_POINT('',#3191);
#3191 = CARTESIAN_POINT('',(6.,3.335528131265E-28,-2.634529946162));
#3192 = LINE('',#3193,#3194);
#3193 = CARTESIAN_POINT('',(6.,1.89326617253E-28,-3.75));
#3194 = VECTOR('',#3195,1.);
#3195 = DIRECTION('',(1.110223024625E-16,1.883405411215E-29,1.));
#3196 = ORIENTED_EDGE('',*,*,#3197,.T.);
#3197 = EDGE_CURVE('',#3190,#3162,#3198,.T.);
#3198 = CIRCLE('',#3199,6.);
#3199 = AXIS2_PLACEMENT_3D('',#3200,#3201,#3202);
#3200 = CARTESIAN_POINT('',(3.75862680295E-16,2.103354406075E-28,
    -2.634529946162));
#3201 = DIRECTION('',(1.110223024625E-16,1.883405411215E-29,1.));
#3202 = DIRECTION('',(1.,6.316562657795E-46,-1.110223024625E-16));
#3203 = CYLINDRICAL_SURFACE('',#3204,6.);
#3204 = AXIS2_PLACEMENT_3D('',#3205,#3206,#3207);
#3205 = CARTESIAN_POINT('',(2.520206265899E-16,1.89326617253E-28,-3.75)
  );
#3206 = DIRECTION('',(1.110223024625E-16,1.883405411215E-29,1.));
#3207 = DIRECTION('',(1.,6.316562657795E-46,-1.110223024625E-16));
#3208 = ADVANCED_FACE('',(#3209),#3269,.F.);
#3209 = FACE_BOUND('',#3210,.F.);
#3210 = EDGE_LOOP('',(#3211,#3221,#3230,#3238,#3247,#3253,#3254,#3262));
#3211 = ORIENTED_EDGE('',*,*,#3212,.T.);
#3212 = EDGE_CURVE('',#3213,#3215,#3217,.T.);
#3213 = VERTEX_POINT('',#3214);
#3214 = CARTESIAN_POINT('',(-4.90805280502,2.978003175472,
    -1.847566105128));
#3215 = VERTEX_POINT('',#3216);
#3216 = CARTESIAN_POINT('',(-4.614037180436,2.808253175473,
    -1.84756610513));
#3217 = LINE('',#3218,#3219);
#3218 = CARTESIAN_POINT('',(-7.73172863406,4.608253175473,-1.84756610513
    ));
#3219 = VECTOR('',#3220,1.);
#3220 = DIRECTION('',(0.866025403784,-0.5,-3.104542462384E-16));
#3221 = ORIENTED_EDGE('',*,*,#3222,.T.);
#3222 = EDGE_CURVE('',#3215,#3223,#3225,.T.);
#3223 = VERTEX_POINT('',#3224);
#3224 = CARTESIAN_POINT('',(-4.739037180436,2.591746824527,
    -1.84756610513));
#3225 = CIRCLE('',#3226,0.6105);
#3226 = AXIS2_PLACEMENT_3D('',#3227,#3228,#3229);
#3227 = CARTESIAN_POINT('',(-4.676537180436,2.699999999999,-1.25));
#3228 = DIRECTION('',(-0.866025403784,0.5,3.104542462384E-16));
#3229 = DIRECTION('',(-0.5,-0.866025403784,2.465190328816E-32));
#3230 = ORIENTED_EDGE('',*,*,#3231,.T.);
#3231 = EDGE_CURVE('',#3223,#3232,#3234,.T.);
#3232 = VERTEX_POINT('',#3233);
#3233 = CARTESIAN_POINT('',(-5.03305280502,2.761496824526,
    -1.847566105129));
#3234 = LINE('',#3235,#3236);
#3235 = CARTESIAN_POINT('',(-7.85672863406,4.391746824528,-1.84756610513
    ));
#3236 = VECTOR('',#3237,1.);
#3237 = DIRECTION('',(-0.866025403784,0.5,3.104542462384E-16));
#3238 = ORIENTED_EDGE('',*,*,#3239,.T.);
#3239 = EDGE_CURVE('',#3232,#3240,#3242,.T.);
#3240 = VERTEX_POINT('',#3241);
#3241 = CARTESIAN_POINT('',(-5.275802805021,2.341041490989,-1.25));
#3242 = CIRCLE('',#3243,0.6105);
#3243 = AXIS2_PLACEMENT_3D('',#3244,#3245,#3246);
#3244 = CARTESIAN_POINT('',(-4.970552805021,2.869749999999,-1.25));
#3245 = DIRECTION('',(-0.866025403784,0.5,3.104542462384E-16));
#3246 = DIRECTION('',(-0.5,-0.866025403784,2.465190328816E-32));
#3247 = ORIENTED_EDGE('',*,*,#3248,.T.);
#3248 = EDGE_CURVE('',#3240,#3052,#3249,.T.);
#3249 = LINE('',#3250,#3251);
#3250 = CARTESIAN_POINT('',(-8.09947863406,3.97129149099,-1.25));
#3251 = VECTOR('',#3252,1.);
#3252 = DIRECTION('',(-0.866025403784,0.5,3.104542462384E-16));
#3253 = ORIENTED_EDGE('',*,*,#3051,.T.);
#3254 = ORIENTED_EDGE('',*,*,#3255,.F.);
#3255 = EDGE_CURVE('',#3256,#3054,#3258,.T.);
#3256 = VERTEX_POINT('',#3257);
#3257 = CARTESIAN_POINT('',(-4.665302805024,3.398458509006,-1.25));
#3258 = LINE('',#3259,#3260);
#3259 = CARTESIAN_POINT('',(-7.48897863406,5.02870850901,-1.25));
#3260 = VECTOR('',#3261,1.);
#3261 = DIRECTION('',(-0.866025403784,0.5,3.104542462384E-16));
#3262 = ORIENTED_EDGE('',*,*,#3263,.T.);
#3263 = EDGE_CURVE('',#3256,#3213,#3264,.T.);
#3264 = CIRCLE('',#3265,0.6105);
#3265 = AXIS2_PLACEMENT_3D('',#3266,#3267,#3268);
#3266 = CARTESIAN_POINT('',(-4.970552805021,2.869749999999,-1.25));
#3267 = DIRECTION('',(-0.866025403784,0.5,3.104542462384E-16));
#3268 = DIRECTION('',(-0.5,-0.866025403784,2.465190328816E-32));
#3269 = CYLINDRICAL_SURFACE('',#3270,0.6105);
#3270 = AXIS2_PLACEMENT_3D('',#3271,#3272,#3273);
#3271 = CARTESIAN_POINT('',(-7.79422863406,4.5,-1.25));
#3272 = DIRECTION('',(-0.866025403784,0.5,3.104542462384E-16));
#3273 = DIRECTION('',(-0.5,-0.866025403784,2.465190328816E-32));
#3274 = ADVANCED_FACE('',(#3275),#3335,.F.);
#3275 = FACE_BOUND('',#3276,.F.);
#3276 = EDGE_LOOP('',(#3277,#3285,#3294,#3302,#3311,#3319,#3328,#3334));
#3277 = ORIENTED_EDGE('',*,*,#3278,.T.);
#3278 = EDGE_CURVE('',#3018,#3279,#3281,.T.);
#3279 = VERTEX_POINT('',#3280);
#3280 = CARTESIAN_POINT('',(5.275802805008,2.341041491012,-1.25));
#3281 = LINE('',#3282,#3283);
#3282 = CARTESIAN_POINT('',(8.09947863406,3.97129149099,-1.25));
#3283 = VECTOR('',#3284,1.);
#3284 = DIRECTION('',(-0.866025403784,-0.5,-1.181579775997E-16));
#3285 = ORIENTED_EDGE('',*,*,#3286,.T.);
#3286 = EDGE_CURVE('',#3279,#3287,#3289,.T.);
#3287 = VERTEX_POINT('',#3288);
#3288 = CARTESIAN_POINT('',(5.033052805015,2.761496824524,
    -1.847566105124));
#3289 = CIRCLE('',#3290,0.6105);
#3290 = AXIS2_PLACEMENT_3D('',#3291,#3292,#3293);
#3291 = CARTESIAN_POINT('',(4.970552805021,2.869749999999,-1.25));
#3292 = DIRECTION('',(0.866025403784,0.5,1.181579775997E-16));
#3293 = DIRECTION('',(0.5,-0.866025403784,-1.848892746612E-32));
#3294 = ORIENTED_EDGE('',*,*,#3295,.T.);
#3295 = EDGE_CURVE('',#3287,#3296,#3298,.T.);
#3296 = VERTEX_POINT('',#3297);
#3297 = CARTESIAN_POINT('',(4.739037180436,2.591746824527,-1.84756610513
    ));
#3298 = LINE('',#3299,#3300);
#3299 = CARTESIAN_POINT('',(7.85672863406,4.391746824528,-1.84756610513)
  );
#3300 = VECTOR('',#3301,1.);
#3301 = DIRECTION('',(-0.866025403784,-0.5,-1.181579775997E-16));
#3302 = ORIENTED_EDGE('',*,*,#3303,.T.);
#3303 = EDGE_CURVE('',#3296,#3304,#3306,.T.);
#3304 = VERTEX_POINT('',#3305);
#3305 = CARTESIAN_POINT('',(4.614037180436,2.808253175473,-1.84756610513
    ));
#3306 = CIRCLE('',#3307,0.6105);
#3307 = AXIS2_PLACEMENT_3D('',#3308,#3309,#3310);
#3308 = CARTESIAN_POINT('',(4.676537180436,2.699999999999,-1.25));
#3309 = DIRECTION('',(0.866025403784,0.5,1.181579775997E-16));
#3310 = DIRECTION('',(0.5,-0.866025403784,1.775924934458E-15));
#3311 = ORIENTED_EDGE('',*,*,#3312,.T.);
#3312 = EDGE_CURVE('',#3304,#3313,#3315,.T.);
#3313 = VERTEX_POINT('',#3314);
#3314 = CARTESIAN_POINT('',(4.908052805015,2.97800317547,-1.847566105123
    ));
#3315 = LINE('',#3316,#3317);
#3316 = CARTESIAN_POINT('',(7.73172863406,4.608253175474,-1.84756610513)
  );
#3317 = VECTOR('',#3318,1.);
#3318 = DIRECTION('',(0.866025403784,0.5,1.181579775997E-16));
#3319 = ORIENTED_EDGE('',*,*,#3320,.T.);
#3320 = EDGE_CURVE('',#3313,#3321,#3323,.T.);
#3321 = VERTEX_POINT('',#3322);
#3322 = CARTESIAN_POINT('',(4.665302805021,3.39845850901,-1.25));
#3323 = CIRCLE('',#3324,0.6105);
#3324 = AXIS2_PLACEMENT_3D('',#3325,#3326,#3327);
#3325 = CARTESIAN_POINT('',(4.970552805021,2.869749999999,-1.25));
#3326 = DIRECTION('',(0.866025403784,0.5,1.181579775997E-16));
#3327 = DIRECTION('',(0.5,-0.866025403784,1.775924934458E-15));
#3328 = ORIENTED_EDGE('',*,*,#3329,.F.);
#3329 = EDGE_CURVE('',#3020,#3321,#3330,.T.);
#3330 = LINE('',#3331,#3332);
#3331 = CARTESIAN_POINT('',(7.48897863406,5.02870850901,-1.25));
#3332 = VECTOR('',#3333,1.);
#3333 = DIRECTION('',(-0.866025403784,-0.5,-1.181579775997E-16));
#3334 = ORIENTED_EDGE('',*,*,#3036,.T.);
#3335 = CYLINDRICAL_SURFACE('',#3336,0.6105);
#3336 = AXIS2_PLACEMENT_3D('',#3337,#3338,#3339);
#3337 = CARTESIAN_POINT('',(7.79422863406,4.5,-1.25));
#3338 = DIRECTION('',(-0.866025403784,-0.5,-1.181579775997E-16));
#3339 = DIRECTION('',(0.5,-0.866025403784,-1.848892746612E-32));
#3340 = ADVANCED_FACE('',(#3341),#3419,.F.);
#3341 = FACE_BOUND('',#3342,.F.);
#3342 = EDGE_LOOP('',(#3343,#3353,#3362,#3370,#3379,#3387,#3396,#3404));
#3343 = ORIENTED_EDGE('',*,*,#3344,.T.);
#3344 = EDGE_CURVE('',#3345,#3347,#3349,.T.);
#3345 = VERTEX_POINT('',#3346);
#3346 = CARTESIAN_POINT('',(7.947136663904E-13,-6.000000000001,
    9.660500000007));
#3347 = VERTEX_POINT('',#3348);
#3348 = CARTESIAN_POINT('',(1.67310609811E-15,-5.1,9.6605));
#3349 = LINE('',#3350,#3351);
#3350 = CARTESIAN_POINT('',(1.67310609811E-15,-5.4,9.6605));
#3351 = VECTOR('',#3352,1.);
#3352 = DIRECTION('',(4.758551595405E-32,1.,4.286122238378E-16));
#3353 = ORIENTED_EDGE('',*,*,#3354,.T.);
#3354 = EDGE_CURVE('',#3347,#3355,#3357,.T.);
#3355 = VERTEX_POINT('',#3356);
#3356 = CARTESIAN_POINT('',(-0.125,-5.1,9.64756610513));
#3357 = CIRCLE('',#3358,0.6105);
#3358 = AXIS2_PLACEMENT_3D('',#3359,#3360,#3361);
#3359 = CARTESIAN_POINT('',(1.67310609811E-15,-5.1,9.05));
#3360 = DIRECTION('',(-4.758551595405E-32,-1.,-4.286122238378E-16));
#3361 = DIRECTION('',(-2.039573381553E-47,-4.286122238378E-16,1.));
#3362 = ORIENTED_EDGE('',*,*,#3363,.T.);
#3363 = EDGE_CURVE('',#3355,#3364,#3366,.T.);
#3364 = VERTEX_POINT('',#3365);
#3365 = CARTESIAN_POINT('',(-0.125,-5.439500000004,9.647566105134));
#3366 = LINE('',#3367,#3368);
#3367 = CARTESIAN_POINT('',(-0.125,-5.4,9.64756610513));
#3368 = VECTOR('',#3369,1.);
#3369 = DIRECTION('',(-4.758551595405E-32,-1.,-4.286122238378E-16));
#3370 = ORIENTED_EDGE('',*,*,#3371,.T.);
#3371 = EDGE_CURVE('',#3364,#3372,#3374,.T.);
#3372 = VERTEX_POINT('',#3373);
#3373 = CARTESIAN_POINT('',(-0.125,-5.439500000004,8.452433894866));
#3374 = CIRCLE('',#3375,0.6105);
#3375 = AXIS2_PLACEMENT_3D('',#3376,#3377,#3378);
#3376 = CARTESIAN_POINT('',(1.67310609811E-15,-5.4395,9.05));
#3377 = DIRECTION('',(-4.758551595405E-32,-1.,-4.286122238378E-16));
#3378 = DIRECTION('',(-2.039573381553E-47,-4.286122238378E-16,1.));
#3379 = ORIENTED_EDGE('',*,*,#3380,.T.);
#3380 = EDGE_CURVE('',#3372,#3381,#3383,.T.);
#3381 = VERTEX_POINT('',#3382);
#3382 = CARTESIAN_POINT('',(-0.125,-5.1,8.45243389487));
#3383 = LINE('',#3384,#3385);
#3384 = CARTESIAN_POINT('',(-0.125,-5.4,8.45243389487));
#3385 = VECTOR('',#3386,1.);
#3386 = DIRECTION('',(4.758551595405E-32,1.,4.286122238378E-16));
#3387 = ORIENTED_EDGE('',*,*,#3388,.T.);
#3388 = EDGE_CURVE('',#3381,#3389,#3391,.T.);
#3389 = VERTEX_POINT('',#3390);
#3390 = CARTESIAN_POINT('',(1.747870785198E-15,-5.1,8.4395));
#3391 = CIRCLE('',#3392,0.6105);
#3392 = AXIS2_PLACEMENT_3D('',#3393,#3394,#3395);
#3393 = CARTESIAN_POINT('',(1.67310609811E-15,-5.1,9.05));
#3394 = DIRECTION('',(-4.758551595405E-32,-1.,-4.286122238378E-16));
#3395 = DIRECTION('',(7.105427357601E-15,-4.286122238378E-16,1.));
#3396 = ORIENTED_EDGE('',*,*,#3397,.F.);
#3397 = EDGE_CURVE('',#3398,#3389,#3400,.T.);
#3398 = VERTEX_POINT('',#3399);
#3399 = CARTESIAN_POINT('',(2.088572041173E-14,-6.,8.4395));
#3400 = LINE('',#3401,#3402);
#3401 = CARTESIAN_POINT('',(1.747870785198E-15,-5.4,8.4395));
#3402 = VECTOR('',#3403,1.);
#3403 = DIRECTION('',(4.758551595405E-32,1.,4.286122238378E-16));
#3404 = ORIENTED_EDGE('',*,*,#3405,.T.);
#3405 = EDGE_CURVE('',#3398,#3345,#3406,.T.);
#3406 = B_SPLINE_CURVE_WITH_KNOTS('',3,(#3407,#3408,#3409,#3410,#3411,
    #3412,#3413,#3414,#3415,#3416,#3417,#3418),.UNSPECIFIED.,.F.,.F.,(4,
    2,2,2,2,4),(2.865138775679E-03,3.342556676749E-03,3.581265627285E-03
    ,3.81997457782E-03,4.297392478891E-03,4.774810379961E-03),
  .UNSPECIFIED.);
#3407 = CARTESIAN_POINT('',(2.088572041173E-14,-6.,8.4395));
#3408 = CARTESIAN_POINT('',(-0.161366953504,-6.,8.4395));
#3409 = CARTESIAN_POINT('',(-0.319429394127,-5.992554718068,
    8.505868918677));
#3410 = CARTESIAN_POINT('',(-0.48834493488,-5.980360024388,
    8.675059531458));
#3411 = CARTESIAN_POINT('',(-0.533522324627,-5.976311682185,
    8.742600529388));
#3412 = CARTESIAN_POINT('',(-0.594809106336,-5.970523387486,
    8.890806305316));
#3413 = CARTESIAN_POINT('',(-0.6105473073,-5.968855165593,8.969647375547
    ));
#3414 = CARTESIAN_POINT('',(-0.610405069394,-5.968869713802,
    9.211781136377));
#3415 = CARTESIAN_POINT('',(-0.544032625496,-5.976351734795,
    9.369493959937));
#3416 = CARTESIAN_POINT('',(-0.318771582434,-5.992590110614,
    9.59445621153));
#3417 = CARTESIAN_POINT('',(-0.159371967732,-6.,9.6605));
#3418 = CARTESIAN_POINT('',(7.947136663904E-13,-6.000000000001,
    9.660500000007));
#3419 = CYLINDRICAL_SURFACE('',#3420,0.6105);
#3420 = AXIS2_PLACEMENT_3D('',#3421,#3422,#3423);
#3421 = CARTESIAN_POINT('',(1.67310609811E-15,-5.4,9.05));
#3422 = DIRECTION('',(4.758551595405E-32,1.,4.286122238378E-16));
#3423 = DIRECTION('',(-2.039573381553E-47,-4.286122238378E-16,1.));
#3424 = ADVANCED_FACE('',(#3425),#3485,.F.);
#3425 = FACE_BOUND('',#3426,.F.);
#3426 = EDGE_LOOP('',(#3427,#3435,#3444,#3452,#3461,#3469,#3478,#3484));
#3427 = ORIENTED_EDGE('',*,*,#3428,.T.);
#3428 = EDGE_CURVE('',#2982,#3429,#3431,.T.);
#3429 = VERTEX_POINT('',#3430);
#3430 = CARTESIAN_POINT('',(5.015995183888,2.191041490985,9.05));
#3431 = LINE('',#3432,#3433);
#3432 = CARTESIAN_POINT('',(4.981787180436,2.17129149099,9.05));
#3433 = VECTOR('',#3434,1.);
#3434 = DIRECTION('',(-0.866025403784,-0.5,8.07501917516E-15));
#3435 = ORIENTED_EDGE('',*,*,#3436,.T.);
#3436 = EDGE_CURVE('',#3429,#3437,#3439,.T.);
#3437 = VERTEX_POINT('',#3438);
#3438 = CARTESIAN_POINT('',(4.773245183889,2.611496824529,8.452433894872
    ));
#3439 = CIRCLE('',#3440,0.6105);
#3440 = AXIS2_PLACEMENT_3D('',#3441,#3442,#3443);
#3441 = CARTESIAN_POINT('',(4.710745183885,2.71975,9.05));
#3442 = DIRECTION('',(0.866025403784,0.5,-8.07501917516E-15));
#3443 = DIRECTION('',(0.5,-0.866025403784,2.366582715663E-30));
#3444 = ORIENTED_EDGE('',*,*,#3445,.T.);
#3445 = EDGE_CURVE('',#3437,#3446,#3448,.T.);
#3446 = VERTEX_POINT('',#3447);
#3447 = CARTESIAN_POINT('',(4.479229559301,2.441746824527,8.45243389487)
  );
#3448 = LINE('',#3449,#3450);
#3449 = CARTESIAN_POINT('',(4.739037180436,2.591746824527,8.45243389487)
  );
#3450 = VECTOR('',#3451,1.);
#3451 = DIRECTION('',(-0.866025403784,-0.5,8.07501917516E-15));
#3452 = ORIENTED_EDGE('',*,*,#3453,.T.);
#3453 = EDGE_CURVE('',#3446,#3454,#3456,.T.);
#3454 = VERTEX_POINT('',#3455);
#3455 = CARTESIAN_POINT('',(4.354229559301,2.658253175473,8.45243389487)
  );
#3456 = CIRCLE('',#3457,0.6105);
#3457 = AXIS2_PLACEMENT_3D('',#3458,#3459,#3460);
#3458 = CARTESIAN_POINT('',(4.416729559301,2.55,9.05));
#3459 = DIRECTION('',(0.866025403784,0.5,-8.07501917516E-15));
#3460 = DIRECTION('',(0.5,-0.866025403784,-2.841479895132E-15));
#3461 = ORIENTED_EDGE('',*,*,#3462,.T.);
#3462 = EDGE_CURVE('',#3454,#3463,#3465,.T.);
#3463 = VERTEX_POINT('',#3464);
#3464 = CARTESIAN_POINT('',(4.648245183886,2.828003175474,8.452433894869
    ));
#3465 = LINE('',#3466,#3467);
#3466 = CARTESIAN_POINT('',(4.614037180436,2.808253175473,8.45243389487)
  );
#3467 = VECTOR('',#3468,1.);
#3468 = DIRECTION('',(0.866025403784,0.5,-8.07501917516E-15));
#3469 = ORIENTED_EDGE('',*,*,#3470,.T.);
#3470 = EDGE_CURVE('',#3463,#3471,#3473,.T.);
#3471 = VERTEX_POINT('',#3472);
#3472 = CARTESIAN_POINT('',(4.405495183885,3.24845850901,9.05));
#3473 = CIRCLE('',#3474,0.6105);
#3474 = AXIS2_PLACEMENT_3D('',#3475,#3476,#3477);
#3475 = CARTESIAN_POINT('',(4.710745183885,2.71975,9.05));
#3476 = DIRECTION('',(0.866025403784,0.5,-8.07501917516E-15));
#3477 = DIRECTION('',(0.5,-0.866025403784,2.366582715663E-30));
#3478 = ORIENTED_EDGE('',*,*,#3479,.F.);
#3479 = EDGE_CURVE('',#2984,#3471,#3480,.T.);
#3480 = LINE('',#3481,#3482);
#3481 = CARTESIAN_POINT('',(4.371287180436,3.22870850901,9.05));
#3482 = VECTOR('',#3483,1.);
#3483 = DIRECTION('',(-0.866025403784,-0.5,8.07501917516E-15));
#3484 = ORIENTED_EDGE('',*,*,#3002,.T.);
#3485 = CYLINDRICAL_SURFACE('',#3486,0.6105);
#3486 = AXIS2_PLACEMENT_3D('',#3487,#3488,#3489);
#3487 = CARTESIAN_POINT('',(4.676537180436,2.7,9.05));
#3488 = DIRECTION('',(-0.866025403784,-0.5,8.07501917516E-15));
#3489 = DIRECTION('',(0.5,-0.866025403784,-3.944304526105E-31));
#3490 = ADVANCED_FACE('',(#3491),#3551,.F.);
#3491 = FACE_BOUND('',#3492,.F.);
#3492 = EDGE_LOOP('',(#3493,#3501,#3510,#3518,#3527,#3535,#3544,#3550));
#3493 = ORIENTED_EDGE('',*,*,#3494,.T.);
#3494 = EDGE_CURVE('',#2944,#3495,#3497,.T.);
#3495 = VERTEX_POINT('',#3496);
#3496 = CARTESIAN_POINT('',(-4.405495183885,3.248458509011,9.05));
#3497 = LINE('',#3498,#3499);
#3498 = CARTESIAN_POINT('',(-4.371287180436,3.22870850901,9.05));
#3499 = VECTOR('',#3500,1.);
#3500 = DIRECTION('',(0.866025403784,-0.5,7.882722906521E-15));
#3501 = ORIENTED_EDGE('',*,*,#3502,.T.);
#3502 = EDGE_CURVE('',#3495,#3503,#3505,.T.);
#3503 = VERTEX_POINT('',#3504);
#3504 = CARTESIAN_POINT('',(-4.648245183885,2.828003175473,8.45243389487
    ));
#3505 = CIRCLE('',#3506,0.6105);
#3506 = AXIS2_PLACEMENT_3D('',#3507,#3508,#3509);
#3507 = CARTESIAN_POINT('',(-4.710745183885,2.71975,9.05));
#3508 = DIRECTION('',(-0.866025403784,0.5,-7.882722906521E-15));
#3509 = DIRECTION('',(0.5,0.866025403784,-2.841479895132E-15));
#3510 = ORIENTED_EDGE('',*,*,#3511,.T.);
#3511 = EDGE_CURVE('',#3503,#3512,#3514,.T.);
#3512 = VERTEX_POINT('',#3513);
#3513 = CARTESIAN_POINT('',(-4.354229559301,2.658253175473,8.45243389487
    ));
#3514 = LINE('',#3515,#3516);
#3515 = CARTESIAN_POINT('',(-4.614037180436,2.808253175473,8.45243389487
    ));
#3516 = VECTOR('',#3517,1.);
#3517 = DIRECTION('',(0.866025403784,-0.5,7.882722906521E-15));
#3518 = ORIENTED_EDGE('',*,*,#3519,.T.);
#3519 = EDGE_CURVE('',#3512,#3520,#3522,.T.);
#3520 = VERTEX_POINT('',#3521);
#3521 = CARTESIAN_POINT('',(-4.479229559301,2.441746824527,8.45243389487
    ));
#3522 = CIRCLE('',#3523,0.6105);
#3523 = AXIS2_PLACEMENT_3D('',#3524,#3525,#3526);
#3524 = CARTESIAN_POINT('',(-4.416729559301,2.55,9.05));
#3525 = DIRECTION('',(-0.866025403784,0.5,-7.882722906521E-15));
#3526 = DIRECTION('',(0.5,0.866025403784,-2.841479895132E-15));
#3527 = ORIENTED_EDGE('',*,*,#3528,.T.);
#3528 = EDGE_CURVE('',#3520,#3529,#3531,.T.);
#3529 = VERTEX_POINT('',#3530);
#3530 = CARTESIAN_POINT('',(-4.773245183885,2.611496824527,8.45243389487
    ));
#3531 = LINE('',#3532,#3533);
#3532 = CARTESIAN_POINT('',(-4.739037180436,2.591746824527,8.45243389487
    ));
#3533 = VECTOR('',#3534,1.);
#3534 = DIRECTION('',(-0.866025403784,0.5,-7.882722906521E-15));
#3535 = ORIENTED_EDGE('',*,*,#3536,.T.);
#3536 = EDGE_CURVE('',#3529,#3537,#3539,.T.);
#3537 = VERTEX_POINT('',#3538);
#3538 = CARTESIAN_POINT('',(-5.015995183885,2.191041490989,9.05));
#3539 = CIRCLE('',#3540,0.6105);
#3540 = AXIS2_PLACEMENT_3D('',#3541,#3542,#3543);
#3541 = CARTESIAN_POINT('',(-4.710745183885,2.71975,9.05));
#3542 = DIRECTION('',(-0.866025403784,0.5,-7.882722906521E-15));
#3543 = DIRECTION('',(0.5,0.866025403784,-4.338734978716E-30));
#3544 = ORIENTED_EDGE('',*,*,#3545,.F.);
#3545 = EDGE_CURVE('',#2946,#3537,#3546,.T.);
#3546 = LINE('',#3547,#3548);
#3547 = CARTESIAN_POINT('',(-4.981787180436,2.17129149099,9.05));
#3548 = VECTOR('',#3549,1.);
#3549 = DIRECTION('',(0.866025403784,-0.5,7.882722906521E-15));
#3550 = ORIENTED_EDGE('',*,*,#2964,.T.);
#3551 = CYLINDRICAL_SURFACE('',#3552,0.6105);
#3552 = AXIS2_PLACEMENT_3D('',#3553,#3554,#3555);
#3553 = CARTESIAN_POINT('',(-4.676537180436,2.7,9.05));
#3554 = DIRECTION('',(0.866025403784,-0.5,7.882722906521E-15));
#3555 = DIRECTION('',(0.5,0.866025403784,-1.183291357832E-30));
#3556 = ADVANCED_FACE('',(#3557),#3583,.F.);
#3557 = FACE_BOUND('',#3558,.F.);
#3558 = EDGE_LOOP('',(#3559,#3567,#3568,#3576));
#3559 = ORIENTED_EDGE('',*,*,#3560,.T.);
#3560 = EDGE_CURVE('',#3561,#3090,#3563,.T.);
#3561 = VERTEX_POINT('',#3562);
#3562 = CARTESIAN_POINT('',(9.736655925963E-16,4.8,4.75));
#3563 = LINE('',#3564,#3565);
#3564 = CARTESIAN_POINT('',(9.736655925963E-16,9.9,4.75));
#3565 = VECTOR('',#3566,1.);
#3566 = DIRECTION('',(4.758551595405E-32,1.,4.286122238378E-16));
#3567 = ORIENTED_EDGE('',*,*,#3089,.T.);
#3568 = ORIENTED_EDGE('',*,*,#3569,.F.);
#3569 = EDGE_CURVE('',#3570,#3092,#3572,.T.);
#3570 = VERTEX_POINT('',#3571);
#3571 = CARTESIAN_POINT('',(1.218594952426E-15,4.8,0.75));
#3572 = LINE('',#3573,#3574);
#3573 = CARTESIAN_POINT('',(1.218594952426E-15,9.9,0.75));
#3574 = VECTOR('',#3575,1.);
#3575 = DIRECTION('',(4.758551595405E-32,1.,4.286122238378E-16));
#3576 = ORIENTED_EDGE('',*,*,#3577,.T.);
#3577 = EDGE_CURVE('',#3570,#3561,#3578,.T.);
#3578 = CIRCLE('',#3579,2.);
#3579 = AXIS2_PLACEMENT_3D('',#3580,#3581,#3582);
#3580 = CARTESIAN_POINT('',(9.736655925963E-16,4.8,2.75));
#3581 = DIRECTION('',(4.758551595405E-32,1.,4.286122238378E-16));
#3582 = DIRECTION('',(2.411940949554E-49,-4.286122238378E-16,1.));
#3583 = CYLINDRICAL_SURFACE('',#3584,2.);
#3584 = AXIS2_PLACEMENT_3D('',#3585,#3586,#3587);
#3585 = CARTESIAN_POINT('',(9.736655925963E-16,9.9,2.75));
#3586 = DIRECTION('',(4.758551595405E-32,1.,4.286122238378E-16));
#3587 = DIRECTION('',(-2.039573381553E-47,-4.286122238378E-16,1.));
#3588 = ADVANCED_FACE('',(#3589),#3615,.T.);
#3589 = FACE_BOUND('',#3590,.T.);
#3590 = EDGE_LOOP('',(#3591,#3602,#3608,#3609));
#3591 = ORIENTED_EDGE('',*,*,#3592,.T.);
#3592 = EDGE_CURVE('',#3593,#3595,#3597,.T.);
#3593 = VERTEX_POINT('',#3594);
#3594 = CARTESIAN_POINT('',(-5.919615242277,0.,10.749999999973));
#3595 = VERTEX_POINT('',#3596);
#3596 = CARTESIAN_POINT('',(5.919615242277,7.298659326752E-16,
    10.749999999973));
#3597 = CIRCLE('',#3598,5.919615242277);
#3598 = AXIS2_PLACEMENT_3D('',#3599,#3600,#3601);
#3599 = CARTESIAN_POINT('',(1.871905408452E-15,0.,10.749999999973));
#3600 = DIRECTION('',(-1.445602896654E-16,0.,-1.));
#3601 = DIRECTION('',(-1.,0.,1.445602896654E-16));
#3602 = ORIENTED_EDGE('',*,*,#3603,.T.);
#3603 = EDGE_CURVE('',#3595,#3181,#3604,.T.);
#3604 = LINE('',#3605,#3606);
#3605 = CARTESIAN_POINT('',(5.999999999972,7.34788079485E-16,
    10.450000000048));
#3606 = VECTOR('',#3607,1.);
#3607 = DIRECTION('',(0.258819045059,3.169619150897E-17,-0.965925826301)
  );
#3608 = ORIENTED_EDGE('',*,*,#3180,.F.);
#3609 = ORIENTED_EDGE('',*,*,#3610,.F.);
#3610 = EDGE_CURVE('',#3593,#3173,#3611,.T.);
#3611 = LINE('',#3612,#3613);
#3612 = CARTESIAN_POINT('',(-5.999999999972,0.,10.450000000048));
#3613 = VECTOR('',#3614,1.);
#3614 = DIRECTION('',(-0.258819045059,0.,-0.965925826301));
#3615 = CONICAL_SURFACE('',#3616,5.999999999972,0.261799387754);
#3616 = AXIS2_PLACEMENT_3D('',#3617,#3618,#3619);
#3617 = CARTESIAN_POINT('',(1.828537321563E-15,0.,10.450000000048));
#3618 = DIRECTION('',(-1.445602896654E-16,0.,-1.));
#3619 = DIRECTION('',(-1.,0.,1.445602896654E-16));
#3620 = ADVANCED_FACE('',(#3621),#3656,.T.);
#3621 = FACE_BOUND('',#3622,.T.);
#3622 = EDGE_LOOP('',(#3623,#3634,#3640,#3641,#3650));
#3623 = ORIENTED_EDGE('',*,*,#3624,.T.);
#3624 = EDGE_CURVE('',#3625,#3627,#3629,.T.);
#3625 = VERTEX_POINT('',#3626);
#3626 = CARTESIAN_POINT('',(8.401912373856E-16,-5.799999999965,
    -2.749999999992));
#3627 = VERTEX_POINT('',#3628);
#3628 = CARTESIAN_POINT('',(3.630429290446E-16,5.799999999965,
    -2.749999999992));
#3629 = CIRCLE('',#3630,5.799999999965);
#3630 = AXIS2_PLACEMENT_3D('',#3631,#3632,#3633);
#3631 = CARTESIAN_POINT('',(3.630429290533E-16,-4.687782042851E-15,
    -2.749999999992));
#3632 = DIRECTION('',(1.110223024625E-16,-4.286122238378E-16,1.));
#3633 = DIRECTION('',(-1.504842527633E-27,1.,4.286122238378E-16));
#3634 = ORIENTED_EDGE('',*,*,#3635,.T.);
#3635 = EDGE_CURVE('',#3627,#3162,#3636,.T.);
#3636 = LINE('',#3637,#3638);
#3637 = CARTESIAN_POINT('',(1.110650759783E-15,5.999999999972,
    -2.634529946135));
#3638 = VECTOR('',#3639,1.);
#3639 = DIRECTION('',(1.602676324988E-16,0.866025403757,0.500000000047)
  );
#3640 = ORIENTED_EDGE('',*,*,#3197,.F.);
#3641 = ORIENTED_EDGE('',*,*,#3642,.F.);
#3642 = EDGE_CURVE('',#3643,#3190,#3645,.T.);
#3643 = VERTEX_POINT('',#3644);
#3644 = CARTESIAN_POINT('',(3.758626802951E-16,-5.999999999926,
    -2.634529946162));
#3645 = CIRCLE('',#3646,6.);
#3646 = AXIS2_PLACEMENT_3D('',#3647,#3648,#3649);
#3647 = CARTESIAN_POINT('',(3.75862680295E-16,2.103354406075E-28,
    -2.634529946162));
#3648 = DIRECTION('',(1.110223024625E-16,1.883405411215E-29,1.));
#3649 = DIRECTION('',(1.,6.316562657795E-46,-1.110223024625E-16));
#3650 = ORIENTED_EDGE('',*,*,#3651,.F.);
#3651 = EDGE_CURVE('',#3625,#3643,#3652,.T.);
#3652 = LINE('',#3653,#3654);
#3653 = CARTESIAN_POINT('',(3.758626802979E-16,-5.999999999972,
    -2.634529946135));
#3654 = VECTOR('',#3655,1.);
#3655 = DIRECTION('',(5.421010862969E-17,-0.866025403757,0.500000000047)
  );
#3656 = CONICAL_SURFACE('',#3657,5.999999999972,1.047197551142);
#3657 = AXIS2_PLACEMENT_3D('',#3658,#3659,#3660);
#3658 = CARTESIAN_POINT('',(3.758626802979E-16,-4.770489558936E-15,
    -2.634529946135));
#3659 = DIRECTION('',(1.084202172491E-16,-4.336808689962E-16,1.));
#3660 = DIRECTION('',(0.,-1.,-4.336808689962E-16));
#3661 = ADVANCED_FACE('',(#3662),#3689,.T.);
#3662 = FACE_BOUND('',#3663,.T.);
#3663 = EDGE_LOOP('',(#3664,#3675,#3681,#3682));
#3664 = ORIENTED_EDGE('',*,*,#3665,.T.);
#3665 = EDGE_CURVE('',#3666,#3668,#3670,.T.);
#3666 = VERTEX_POINT('',#3667);
#3667 = CARTESIAN_POINT('',(-4.960447341961,3.00825317548,
    -1.785607132167));
#3668 = VERTEX_POINT('',#3669);
#3669 = CARTESIAN_POINT('',(-4.747947341942,3.376313972112,-1.25));
#3670 = CIRCLE('',#3671,0.550000000031);
#3671 = AXIS2_PLACEMENT_3D('',#3672,#3673,#3674);
#3672 = CARTESIAN_POINT('',(-5.022947341957,2.900000000004,-1.25));
#3673 = DIRECTION('',(0.866025403784,-0.5,-7.545392348512E-16));
#3674 = DIRECTION('',(0.5,0.866025403784,1.479114197289E-31));
#3675 = ORIENTED_EDGE('',*,*,#3676,.T.);
#3676 = EDGE_CURVE('',#3668,#3256,#3677,.T.);
#3677 = LINE('',#3678,#3679);
#3678 = CARTESIAN_POINT('',(-4.665302805122,3.398458508979,-1.25));
#3679 = VECTOR('',#3680,1.);
#3680 = DIRECTION('',(0.965925826384,0.258819044749,-5.335398098293E-16)
  );
#3681 = ORIENTED_EDGE('',*,*,#3263,.T.);
#3682 = ORIENTED_EDGE('',*,*,#3683,.T.);
#3683 = EDGE_CURVE('',#3213,#3666,#3684,.T.);
#3684 = B_SPLINE_CURVE_WITH_KNOTS('',3,(#3685,#3686,#3687,#3688),
  .UNSPECIFIED.,.F.,.F.,(4,4),(1.951563910474E-18,8.659771551325E-05),
  .PIECEWISE_BEZIER_KNOTS.);
#3685 = CARTESIAN_POINT('',(-4.90805280502,2.978003175472,
    -1.847566105128));
#3686 = CARTESIAN_POINT('',(-4.925539235979,2.988098971094,
    -1.826937481215));
#3687 = CARTESIAN_POINT('',(-4.943006545702,2.998183727064,
    -1.806287202659));
#3688 = CARTESIAN_POINT('',(-4.960447341961,3.00825317548,
    -1.785607132167));
#3689 = CONICAL_SURFACE('',#3690,0.610499999923,0.785398163031);
#3690 = AXIS2_PLACEMENT_3D('',#3691,#3692,#3693);
#3691 = CARTESIAN_POINT('',(-4.970552805083,2.869750000036,-1.25));
#3692 = DIRECTION('',(0.866025403784,-0.5,-7.545392348512E-16));
#3693 = DIRECTION('',(0.5,0.866025403784,-5.916456789158E-31));
#3694 = ADVANCED_FACE('',(#3695),#3722,.T.);
#3695 = FACE_BOUND('',#3696,.T.);
#3696 = EDGE_LOOP('',(#3697,#3708,#3714,#3715));
#3697 = ORIENTED_EDGE('',*,*,#3698,.T.);
#3698 = EDGE_CURVE('',#3699,#3701,#3703,.T.);
#3699 = VERTEX_POINT('',#3700);
#3700 = CARTESIAN_POINT('',(5.085447341953,2.791746824529,
    -1.785607132127));
#3701 = VERTEX_POINT('',#3702);
#3702 = CARTESIAN_POINT('',(5.297947341949,2.423686027941,-1.25));
#3703 = CIRCLE('',#3704,0.54999999998);
#3704 = AXIS2_PLACEMENT_3D('',#3705,#3706,#3707);
#3705 = CARTESIAN_POINT('',(5.022947341959,2.900000000005,-1.25));
#3706 = DIRECTION('',(-0.866025403784,-0.5,0.));
#3707 = DIRECTION('',(0.5,-0.866025403784,0.));
#3708 = ORIENTED_EDGE('',*,*,#3709,.T.);
#3709 = EDGE_CURVE('',#3701,#3279,#3710,.T.);
#3710 = LINE('',#3711,#3712);
#3711 = CARTESIAN_POINT('',(5.275802805028,2.341041491086,-1.25));
#3712 = VECTOR('',#3713,1.);
#3713 = DIRECTION('',(-0.258819045225,-0.965925826256,0.));
#3714 = ORIENTED_EDGE('',*,*,#3286,.T.);
#3715 = ORIENTED_EDGE('',*,*,#3716,.T.);
#3716 = EDGE_CURVE('',#3287,#3699,#3717,.T.);
#3717 = B_SPLINE_CURVE_WITH_KNOTS('',3,(#3718,#3719,#3720,#3721),
  .UNSPECIFIED.,.F.,.F.,(4,4),(2.26055502961E-17,8.659771553622E-05),
  .PIECEWISE_BEZIER_KNOTS.);
#3718 = CARTESIAN_POINT('',(5.033052805015,2.761496824524,
    -1.847566105124));
#3719 = CARTESIAN_POINT('',(5.050539235967,2.771592620141,
    -1.826937481198));
#3720 = CARTESIAN_POINT('',(5.068006545687,2.78167737611,-1.806287202636
    ));
#3721 = CARTESIAN_POINT('',(5.085447341953,2.791746824529,
    -1.785607132127));
#3722 = CONICAL_SURFACE('',#3723,0.61049999992,0.785398163271);
#3723 = AXIS2_PLACEMENT_3D('',#3724,#3725,#3726);
#3724 = CARTESIAN_POINT('',(4.970552805068,2.869750000027,-1.25));
#3725 = DIRECTION('',(-0.866025403784,-0.5,-0.));
#3726 = DIRECTION('',(0.5,-0.866025403784,0.));
#3727 = ADVANCED_FACE('',(#3728),#3755,.T.);
#3728 = FACE_BOUND('',#3729,.T.);
#3729 = EDGE_LOOP('',(#3730,#3741,#3747,#3748));
#3730 = ORIENTED_EDGE('',*,*,#3731,.T.);
#3731 = EDGE_CURVE('',#3732,#3734,#3736,.T.);
#3732 = VERTEX_POINT('',#3733);
#3733 = CARTESIAN_POINT('',(4.825639720844,2.641746824544,8.514392867846
    ));
#3734 = VERTEX_POINT('',#3735);
#3735 = CARTESIAN_POINT('',(5.038139720853,2.273686027934,9.05));
#3736 = CIRCLE('',#3737,0.550000000006);
#3737 = AXIS2_PLACEMENT_3D('',#3738,#3739,#3740);
#3738 = CARTESIAN_POINT('',(4.763139720849,2.75000000002,9.05));
#3739 = DIRECTION('',(-0.866025403784,-0.5,8.118252429315E-15));
#3740 = DIRECTION('',(0.5,-0.866025403784,0.));
#3741 = ORIENTED_EDGE('',*,*,#3742,.T.);
#3742 = EDGE_CURVE('',#3734,#3429,#3743,.T.);
#3743 = LINE('',#3744,#3745);
#3744 = CARTESIAN_POINT('',(5.015995183896,2.191041491017,9.05));
#3745 = VECTOR('',#3746,1.);
#3746 = DIRECTION('',(-0.258819045434,-0.9659258262,5.74047134612E-15));
#3747 = ORIENTED_EDGE('',*,*,#3436,.T.);
#3748 = ORIENTED_EDGE('',*,*,#3749,.T.);
#3749 = EDGE_CURVE('',#3437,#3732,#3750,.T.);
#3750 = B_SPLINE_CURVE_WITH_KNOTS('',3,(#3751,#3752,#3753,#3754),
  .UNSPECIFIED.,.F.,.F.,(4,4),(4.604450730594E-15,8.659771552866E-05),
  .PIECEWISE_BEZIER_KNOTS.);
#3751 = CARTESIAN_POINT('',(4.773245183889,2.611496824529,8.452433894872
    ));
#3752 = CARTESIAN_POINT('',(4.790731614853,2.621592620153,8.473062518787
    ));
#3753 = CARTESIAN_POINT('',(4.808198924575,2.631677376123,8.493712797342
    ));
#3754 = CARTESIAN_POINT('',(4.825639720844,2.641746824544,8.514392867846
    ));
#3755 = CONICAL_SURFACE('',#3756,0.610499999982,0.785398163054);
#3756 = AXIS2_PLACEMENT_3D('',#3757,#3758,#3759);
#3757 = CARTESIAN_POINT('',(4.710745183905,2.719750000012,9.05));
#3758 = DIRECTION('',(-0.866025403784,-0.5,8.118252429315E-15));
#3759 = DIRECTION('',(0.5,-0.866025403784,0.));
#3760 = ADVANCED_FACE('',(#3761),#3788,.T.);
#3761 = FACE_BOUND('',#3762,.T.);
#3762 = EDGE_LOOP('',(#3763,#3774,#3780,#3781));
#3763 = ORIENTED_EDGE('',*,*,#3764,.T.);
#3764 = EDGE_CURVE('',#3765,#3767,#3769,.T.);
#3765 = VERTEX_POINT('',#3766);
#3766 = CARTESIAN_POINT('',(-4.700639720816,2.858253175473,
    8.514392867863));
#3767 = VERTEX_POINT('',#3768);
#3768 = CARTESIAN_POINT('',(-4.48813972082,3.226313972078,9.05));
#3769 = CIRCLE('',#3770,0.549999999994);
#3770 = AXIS2_PLACEMENT_3D('',#3771,#3772,#3773);
#3771 = CARTESIAN_POINT('',(-4.763139720817,2.750000000002,9.05));
#3772 = DIRECTION('',(0.866025403784,-0.5,7.515804553211E-15));
#3773 = DIRECTION('',(0.5,0.866025403784,2.761013168274E-30));
#3774 = ORIENTED_EDGE('',*,*,#3775,.T.);
#3775 = EDGE_CURVE('',#3767,#3495,#3776,.T.);
#3776 = LINE('',#3777,#3778);
#3777 = CARTESIAN_POINT('',(-4.405495183903,3.248458509006,9.05));
#3778 = VECTOR('',#3779,1.);
#3779 = DIRECTION('',(0.965925826283,0.258819045124,5.31447636553E-15));
#3780 = ORIENTED_EDGE('',*,*,#3502,.T.);
#3781 = ORIENTED_EDGE('',*,*,#3782,.T.);
#3782 = EDGE_CURVE('',#3503,#3765,#3783,.T.);
#3783 = B_SPLINE_CURVE_WITH_KNOTS('',3,(#3784,#3785,#3786,#3787),
  .UNSPECIFIED.,.F.,.F.,(4,4),(3.162006443756E-17,8.659771552737E-05),
  .PIECEWISE_BEZIER_KNOTS.);
#3784 = CARTESIAN_POINT('',(-4.648245183885,2.828003175473,8.45243389487
    ));
#3785 = CARTESIAN_POINT('',(-4.66573161484,2.838098971091,8.473062518791
    ));
#3786 = CARTESIAN_POINT('',(-4.683198924557,2.848183727058,
    8.493712797356));
#3787 = CARTESIAN_POINT('',(-4.700639720816,2.858253175473,
    8.514392867863));
#3788 = CONICAL_SURFACE('',#3789,0.610499999987,0.78539816342);
#3789 = AXIS2_PLACEMENT_3D('',#3790,#3791,#3792);
#3790 = CARTESIAN_POINT('',(-4.710745183897,2.719750000007,9.05));
#3791 = DIRECTION('',(0.866025403784,-0.5,7.515804553211E-15));
#3792 = DIRECTION('',(0.5,0.866025403784,-2.761013168274E-30));
#3793 = ADVANCED_FACE('',(#3794),#3820,.T.);
#3794 = FACE_BOUND('',#3795,.T.);
#3795 = EDGE_LOOP('',(#3796,#3797,#3805,#3814));
#3796 = ORIENTED_EDGE('',*,*,#3624,.F.);
#3797 = ORIENTED_EDGE('',*,*,#3798,.T.);
#3798 = EDGE_CURVE('',#3625,#3799,#3801,.T.);
#3799 = VERTEX_POINT('',#3800);
#3800 = CARTESIAN_POINT('',(6.148173111771E-16,-5.8,-6.95));
#3801 = LINE('',#3802,#3803);
#3802 = CARTESIAN_POINT('',(8.401912373866E-16,-5.8,-4.85));
#3803 = VECTOR('',#3804,1.);
#3804 = DIRECTION('',(-1.110223024625E-16,4.286122238378E-16,-1.));
#3805 = ORIENTED_EDGE('',*,*,#3806,.T.);
#3806 = EDGE_CURVE('',#3799,#3807,#3809,.T.);
#3807 = VERTEX_POINT('',#3808);
#3808 = CARTESIAN_POINT('',(-1.032507412902E-16,5.8,-6.95));
#3809 = CIRCLE('',#3810,5.8);
#3810 = AXIS2_PLACEMENT_3D('',#3811,#3812,#3813);
#3811 = CARTESIAN_POINT('',(-1.032507412902E-16,-2.887610702729E-15,
    -6.95));
#3812 = DIRECTION('',(1.110223024625E-16,-4.286122238378E-16,1.));
#3813 = DIRECTION('',(-2.223017090445E-33,1.,4.286122238378E-16));
#3814 = ORIENTED_EDGE('',*,*,#3815,.F.);
#3815 = EDGE_CURVE('',#3627,#3807,#3816,.T.);
#3816 = LINE('',#3817,#3818);
#3817 = CARTESIAN_POINT('',(1.298960938811E-16,5.8,-4.85));
#3818 = VECTOR('',#3819,1.);
#3819 = DIRECTION('',(-1.110223024625E-16,4.286122238378E-16,-1.));
#3820 = CYLINDRICAL_SURFACE('',#3821,5.8);
#3821 = AXIS2_PLACEMENT_3D('',#3822,#3823,#3824);
#3822 = CARTESIAN_POINT('',(1.298960938811E-16,-3.787696372788E-15,-4.85
    ));
#3823 = DIRECTION('',(-1.110223024625E-16,4.286122238378E-16,-1.));
#3824 = DIRECTION('',(-2.223017090445E-33,1.,4.286122238378E-16));
#3825 = ADVANCED_FACE('',(#3826),#3882,.F.);
#3826 = FACE_BOUND('',#3827,.F.);
#3827 = EDGE_LOOP('',(#3828,#3838,#3867,#3875));
#3828 = ORIENTED_EDGE('',*,*,#3829,.T.);
#3829 = EDGE_CURVE('',#3830,#3832,#3834,.T.);
#3830 = VERTEX_POINT('',#3831);
#3831 = CARTESIAN_POINT('',(9.736655925963E-16,4.8,1.2));
#3832 = VERTEX_POINT('',#3833);
#3833 = CARTESIAN_POINT('',(9.736654513198E-16,4.,1.2));
#3834 = LINE('',#3835,#3836);
#3835 = CARTESIAN_POINT('',(9.736655925963E-16,15.,1.2));
#3836 = VECTOR('',#3837,1.);
#3837 = DIRECTION('',(-4.758551595405E-32,-1.,-4.286122238378E-16));
#3838 = ORIENTED_EDGE('',*,*,#3839,.T.);
#3839 = EDGE_CURVE('',#3832,#3840,#3842,.T.);
#3840 = VERTEX_POINT('',#3841);
#3841 = CARTESIAN_POINT('',(1.216565261811E-15,4.,4.3));
#3842 = B_SPLINE_CURVE_WITH_KNOTS('',3,(#3843,#3844,#3845,#3846,#3847,
    #3848,#3849,#3850,#3851,#3852,#3853,#3854,#3855,#3856,#3857,#3858,
    #3859,#3860,#3861,#3862,#3863,#3864,#3865,#3866),.UNSPECIFIED.,.F.,
  .F.,(4,2,2,2,2,2,2,2,2,2,2,4),(1.786325063458E-03,2.397770833972E-03,
    2.703493719228E-03,3.009216604485E-03,3.620662374998E-03,
    3.926385260255E-03,4.232108145511E-03,4.843553916025E-03,
    5.454999686538E-03,6.066445457051E-03,6.372168342308E-03,
    6.677891227565E-03),.UNSPECIFIED.);
#3843 = CARTESIAN_POINT('',(9.736654513198E-16,4.,1.2));
#3844 = CARTESIAN_POINT('',(-0.204088885207,4.,1.2));
#3845 = CARTESIAN_POINT('',(-0.409706292493,3.983442370058,
    1.241496513601));
#3846 = CARTESIAN_POINT('',(-0.689845743342,3.941196638181,
    1.358293007117));
#3847 = CARTESIAN_POINT('',(-0.780246594976,3.924100510408,
    1.406914023205));
#3848 = CARTESIAN_POINT('',(-0.947658674082,3.887067352413,
    1.519305997629));
#3849 = CARTESIAN_POINT('',(-1.024976367528,3.867155679311,
    1.582934094962));
#3850 = CARTESIAN_POINT('',(-1.238353981383,3.806357553473,
    1.796345482071));
#3851 = CARTESIAN_POINT('',(-1.352835220505,3.765216424686,
    1.966543894168));
#3852 = CARTESIAN_POINT('',(-1.470177012662,3.720259939316,
    2.248555883132));
#3853 = CARTESIAN_POINT('',(-1.499762023158,3.708258749559,
    2.345508054117));
#3854 = CARTESIAN_POINT('',(-1.539830107261,3.691800688087,
    2.545493029058));
#3855 = CARTESIAN_POINT('',(-1.550089250054,3.687441298023,
    2.649270465646));
#3856 = CARTESIAN_POINT('',(-1.549819699096,3.687554601398,
    2.955551427119));
#3857 = CARTESIAN_POINT('',(-1.507741419561,3.705896487478,
    3.162208798564));
#3858 = CARTESIAN_POINT('',(-1.351991649041,3.765510794711,
    3.534422630216));
#3859 = CARTESIAN_POINT('',(-1.236941918271,3.806787739327,
    3.705247468091));
#3860 = CARTESIAN_POINT('',(-0.953859113309,3.887391283807,
    3.988012853902));
#3861 = CARTESIAN_POINT('',(-0.783082727304,3.927141115464,
    4.102849762376));
#3862 = CARTESIAN_POINT('',(-0.503006854814,3.969369985105,
    4.219596666896));
#3863 = CARTESIAN_POINT('',(-0.403780354773,3.980827833487,
    4.249943675816));
#3864 = CARTESIAN_POINT('',(-0.204071400815,3.996046005507,
    4.289878069488));
#3865 = CARTESIAN_POINT('',(-0.10277942124,4.,4.3));
#3866 = CARTESIAN_POINT('',(1.216565261811E-15,4.,4.3));
#3867 = ORIENTED_EDGE('',*,*,#3868,.F.);
#3868 = EDGE_CURVE('',#3869,#3840,#3871,.T.);
#3869 = VERTEX_POINT('',#3870);
#3870 = CARTESIAN_POINT('',(1.163485846464E-15,4.8,4.3));
#3871 = LINE('',#3872,#3873);
#3872 = CARTESIAN_POINT('',(1.163485846464E-15,15.,4.3));
#3873 = VECTOR('',#3874,1.);
#3874 = DIRECTION('',(-4.758551595405E-32,-1.,-4.286122238378E-16));
#3875 = ORIENTED_EDGE('',*,*,#3876,.T.);
#3876 = EDGE_CURVE('',#3869,#3830,#3877,.T.);
#3877 = CIRCLE('',#3878,1.55);
#3878 = AXIS2_PLACEMENT_3D('',#3879,#3880,#3881);
#3879 = CARTESIAN_POINT('',(9.736655925963E-16,4.8,2.75));
#3880 = DIRECTION('',(-4.758551595405E-32,-1.,-4.286122238378E-16));
#3881 = DIRECTION('',(-6.232560262517E-48,4.286122238378E-16,-1.));
#3882 = CYLINDRICAL_SURFACE('',#3883,1.55);
#3883 = AXIS2_PLACEMENT_3D('',#3884,#3885,#3886);
#3884 = CARTESIAN_POINT('',(9.736655925963E-16,15.,2.75));
#3885 = DIRECTION('',(-4.758551595405E-32,-1.,-4.286122238378E-16));
#3886 = DIRECTION('',(2.039573381553E-47,4.286122238378E-16,-1.));
#3887 = ADVANCED_FACE('',(#3888),#3924,.F.);
#3888 = FACE_BOUND('',#3889,.F.);
#3889 = EDGE_LOOP('',(#3890,#3900,#3909,#3917));
#3890 = ORIENTED_EDGE('',*,*,#3891,.T.);
#3891 = EDGE_CURVE('',#3892,#3894,#3896,.T.);
#3892 = VERTEX_POINT('',#3893);
#3893 = CARTESIAN_POINT('',(3.999999999962,4.273382783099E-28,
    10.449999999992));
#3894 = VERTEX_POINT('',#3895);
#3895 = CARTESIAN_POINT('',(4.080384757687,0.,10.749999999973));
#3896 = LINE('',#3897,#3898);
#3897 = CARTESIAN_POINT('',(4.080384757657,0.,10.749999999859));
#3898 = VECTOR('',#3899,1.);
#3899 = DIRECTION('',(0.258819045099,0.,0.96592582629));
#3900 = ORIENTED_EDGE('',*,*,#3901,.T.);
#3901 = EDGE_CURVE('',#3894,#3902,#3904,.T.);
#3902 = VERTEX_POINT('',#3903);
#3903 = CARTESIAN_POINT('',(-4.080384757687,4.997030132792E-16,
    10.749999999973));
#3904 = CIRCLE('',#3905,4.080384757687);
#3905 = AXIS2_PLACEMENT_3D('',#3906,#3907,#3908);
#3906 = CARTESIAN_POINT('',(1.861844012305E-15,0.,10.749999999973));
#3907 = DIRECTION('',(-2.125686153397E-16,0.,-1.));
#3908 = DIRECTION('',(1.,0.,-2.125686153397E-16));
#3909 = ORIENTED_EDGE('',*,*,#3910,.F.);
#3910 = EDGE_CURVE('',#3911,#3902,#3913,.T.);
#3911 = VERTEX_POINT('',#3912);
#3912 = CARTESIAN_POINT('',(-3.999999999962,4.898587196571E-16,
    10.449999999992));
#3913 = LINE('',#3914,#3915);
#3914 = CARTESIAN_POINT('',(-4.080384757657,4.997030132754E-16,
    10.749999999859));
#3915 = VECTOR('',#3916,1.);
#3916 = DIRECTION('',(-0.258819045099,3.169619151384E-17,0.96592582629)
  );
#3917 = ORIENTED_EDGE('',*,*,#3918,.T.);
#3918 = EDGE_CURVE('',#3911,#3892,#3919,.T.);
#3919 = CIRCLE('',#3920,3.999999999962);
#3920 = AXIS2_PLACEMENT_3D('',#3921,#3922,#3923);
#3921 = CARTESIAN_POINT('',(1.828537321557E-15,4.569674008717E-28,
    10.449999999992));
#3922 = DIRECTION('',(1.110223024625E-16,1.696050946225E-29,1.));
#3923 = DIRECTION('',(-6.044531130516E-28,-1.,1.696050946225E-29));
#3924 = CONICAL_SURFACE('',#3925,4.080384757657,0.261799387795);
#3925 = AXIS2_PLACEMENT_3D('',#3926,#3927,#3928);
#3926 = CARTESIAN_POINT('',(1.861844012281E-15,0.,10.749999999859));
#3927 = DIRECTION('',(2.125686153397E-16,-0.,1.));
#3928 = DIRECTION('',(1.,0.,-2.125686153397E-16));
#3929 = ADVANCED_FACE('',(#3930),#3965,.T.);
#3930 = FACE_BOUND('',#3931,.T.);
#3931 = EDGE_LOOP('',(#3932,#3933,#3941,#3950,#3959));
#3932 = ORIENTED_EDGE('',*,*,#3806,.F.);
#3933 = ORIENTED_EDGE('',*,*,#3934,.T.);
#3934 = EDGE_CURVE('',#3799,#3935,#3937,.T.);
#3935 = VERTEX_POINT('',#3936);
#3936 = CARTESIAN_POINT('',(6.187175869547E-16,-6.000000000055,
    -7.065470053874));
#3937 = LINE('',#3938,#3939);
#3938 = CARTESIAN_POINT('',(6.18717586947E-16,-5.999999999858,
    -7.06547005376));
#3939 = VECTOR('',#3940,1.);
#3940 = DIRECTION('',(3.377737904502E-17,-0.866025403802,-0.499999999969
    ));
#3941 = ORIENTED_EDGE('',*,*,#3942,.T.);
#3942 = EDGE_CURVE('',#3935,#3943,#3945,.T.);
#3943 = VERTEX_POINT('',#3944);
#3944 = CARTESIAN_POINT('',(6.000000000029,1.362518398456E-26,
    -7.065470053874));
#3945 = CIRCLE('',#3946,6.000000000029);
#3946 = AXIS2_PLACEMENT_3D('',#3947,#3948,#3949);
#3947 = CARTESIAN_POINT('',(-1.160704925367E-16,-2.838118826152E-15,
    -7.065470053874));
#3948 = DIRECTION('',(1.110223024625E-16,-4.286122238378E-16,1.));
#3949 = DIRECTION('',(8.881784196997E-16,1.,4.286122238378E-16));
#3950 = ORIENTED_EDGE('',*,*,#3951,.T.);
#3951 = EDGE_CURVE('',#3943,#3952,#3954,.T.);
#3952 = VERTEX_POINT('',#3953);
#3953 = CARTESIAN_POINT('',(-1.160704925405E-16,6.000000000055,
    -7.065470053874));
#3954 = CIRCLE('',#3955,6.000000000029);
#3955 = AXIS2_PLACEMENT_3D('',#3956,#3957,#3958);
#3956 = CARTESIAN_POINT('',(-1.160704925367E-16,-2.838118826152E-15,
    -7.065470053874));
#3957 = DIRECTION('',(1.110223024625E-16,-4.286122238378E-16,1.));
#3958 = DIRECTION('',(-1.776356839401E-15,1.,4.286122238378E-16));
#3959 = ORIENTED_EDGE('',*,*,#3960,.F.);
#3960 = EDGE_CURVE('',#3807,#3952,#3961,.T.);
#3961 = LINE('',#3962,#3963);
#3962 = CARTESIAN_POINT('',(-1.16070492524E-16,5.999999999858,
    -7.06547005376));
#3963 = VECTOR('',#3964,1.);
#3964 = DIRECTION('',(-7.22801448297E-17,0.866025403802,-0.499999999969)
  );
#3965 = CONICAL_SURFACE('',#3966,5.999999999858,1.047197551232);
#3966 = AXIS2_PLACEMENT_3D('',#3967,#3968,#3969);
#3967 = CARTESIAN_POINT('',(-1.16070492524E-16,-3.035766082959E-15,
    -7.06547005376));
#3968 = DIRECTION('',(-1.445602896682E-16,4.336808690045E-16,-1.));
#3969 = DIRECTION('',(2.189528850508E-47,1.,4.336808690045E-16));
#3970 = ADVANCED_FACE('',(#3971,#4005),#4031,.F.);
#3971 = FACE_BOUND('',#3972,.F.);
#3972 = EDGE_LOOP('',(#3973,#3990));
#3973 = ORIENTED_EDGE('',*,*,#3974,.T.);
#3974 = EDGE_CURVE('',#3975,#3977,#3979,.T.);
#3975 = VERTEX_POINT('',#3976);
#3976 = CARTESIAN_POINT('',(1.747870785292E-15,-4.,8.4395));
#3977 = VERTEX_POINT('',#3978);
#3978 = CARTESIAN_POINT('',(6.248230116723E-13,-4.000000000001,
    9.660500000005));
#3979 = B_SPLINE_CURVE_WITH_KNOTS('',3,(#3980,#3981,#3982,#3983,#3984,
    #3985,#3986,#3987,#3988,#3989),.UNSPECIFIED.,.F.,.F.,(4,2,2,2,4),(
    2.867392458392E-03,3.345166853001E-03,3.822941247611E-03,
    4.300715642221E-03,4.778490036831E-03),.UNSPECIFIED.);
#3980 = CARTESIAN_POINT('',(1.747870785292E-15,-4.,8.4395));
#3981 = CARTESIAN_POINT('',(-0.161366564046,-4.,8.4395));
#3982 = CARTESIAN_POINT('',(-0.319288870881,-3.988839072966,
    8.50591164552));
#3983 = CARTESIAN_POINT('',(-0.544087915688,-3.964435757216,
    8.730710381391));
#3984 = CARTESIAN_POINT('',(-0.610614137154,-3.953119070921,
    8.888881836826));
#3985 = CARTESIAN_POINT('',(-0.610385557293,-3.953154371489,
    9.211981969505));
#3986 = CARTESIAN_POINT('',(-0.543893582631,-3.964466001495,
    9.369650348844));
#3987 = CARTESIAN_POINT('',(-0.318843219937,-3.988878276826,
    9.594367133325));
#3988 = CARTESIAN_POINT('',(-0.159507748762,-4.,9.6605));
#3989 = CARTESIAN_POINT('',(6.248230116723E-13,-4.000000000001,
    9.660500000005));
#3990 = ORIENTED_EDGE('',*,*,#3991,.T.);
#3991 = EDGE_CURVE('',#3977,#3975,#3992,.T.);
#3992 = B_SPLINE_CURVE_WITH_KNOTS('',3,(#3993,#3994,#3995,#3996,#3997,
    #3998,#3999,#4000,#4001,#4002,#4003,#4004),.UNSPECIFIED.,.F.,.F.,(4,
    2,2,2,2,4),(9.559745388542E-04,1.433829018739E-03,1.672756258681E-03
    ,1.911683498623E-03,2.389537978507E-03,2.867392458392E-03),
  .UNSPECIFIED.);
#3993 = CARTESIAN_POINT('',(6.248230116723E-13,-4.000000000001,
    9.660500000005));
#3994 = CARTESIAN_POINT('',(0.159534485697,-4.,9.6605));
#3995 = CARTESIAN_POINT('',(0.318092193651,-3.988972932788,
    9.595357047112));
#3996 = CARTESIAN_POINT('',(0.488691532215,-3.970447394423,
    9.424649852482));
#3997 = CARTESIAN_POINT('',(0.533464601915,-3.964387774748,
    9.357441818463));
#3998 = CARTESIAN_POINT('',(0.594650274484,-3.955672630681,
    9.209674682688));
#3999 = CARTESIAN_POINT('',(0.610524874999,-3.953132856058,
    9.129553673128));
#4000 = CARTESIAN_POINT('',(0.610450160684,-3.953144394512,
    8.890320662195));
#4001 = CARTESIAN_POINT('',(0.544313092782,-3.964409070435,
    8.730976401513));
#4002 = CARTESIAN_POINT('',(0.319220257804,-3.988848762203,
    8.505802217596));
#4003 = CARTESIAN_POINT('',(0.161393612556,-4.,8.4395));
#4004 = CARTESIAN_POINT('',(1.747870785292E-15,-4.,8.4395));
#4005 = FACE_BOUND('',#4006,.F.);
#4006 = EDGE_LOOP('',(#4007,#4015,#4016,#4024));
#4007 = ORIENTED_EDGE('',*,*,#4008,.T.);
#4008 = EDGE_CURVE('',#4009,#3892,#4011,.T.);
#4009 = VERTEX_POINT('',#4010);
#4010 = CARTESIAN_POINT('',(4.,3.972037917304E-28,7.25));
#4011 = LINE('',#4012,#4013);
#4012 = CARTESIAN_POINT('',(4.,3.618899402701E-28,5.375));
#4013 = VECTOR('',#4014,1.);
#4014 = DIRECTION('',(1.110223024625E-16,1.883405411215E-29,1.));
#4015 = ORIENTED_EDGE('',*,*,#3918,.F.);
#4016 = ORIENTED_EDGE('',*,*,#4017,.F.);
#4017 = EDGE_CURVE('',#4018,#3911,#4020,.T.);
#4018 = VERTEX_POINT('',#4019);
#4019 = CARTESIAN_POINT('',(-4.,4.898587196594E-16,7.25));
#4020 = LINE('',#4021,#4022);
#4021 = CARTESIAN_POINT('',(-4.,4.898587196593E-16,5.375));
#4022 = VECTOR('',#4023,1.);
#4023 = DIRECTION('',(1.110223024625E-16,1.883405411215E-29,1.));
#4024 = ORIENTED_EDGE('',*,*,#4025,.T.);
#4025 = EDGE_CURVE('',#4018,#4009,#4026,.T.);
#4026 = CIRCLE('',#4027,4.);
#4027 = AXIS2_PLACEMENT_3D('',#4028,#4029,#4030);
#4028 = CARTESIAN_POINT('',(1.473265953677E-15,3.972037917304E-28,7.25)
  );
#4029 = DIRECTION('',(1.110223024625E-16,1.883405411215E-29,1.));
#4030 = DIRECTION('',(1.,1.992984424786E-45,-1.110223024625E-16));
#4031 = CYLINDRICAL_SURFACE('',#4032,4.);
#4032 = AXIS2_PLACEMENT_3D('',#4033,#4034,#4035);
#4033 = CARTESIAN_POINT('',(1.26509913656E-15,3.618899402701E-28,5.375)
  );
#4034 = DIRECTION('',(1.110223024625E-16,1.883405411215E-29,1.));
#4035 = DIRECTION('',(1.,1.992984424786E-45,-1.110223024625E-16));
#4036 = ADVANCED_FACE('',(#4037),#4089,.T.);
#4037 = FACE_BOUND('',#4038,.T.);
#4038 = EDGE_LOOP('',(#4039,#4050,#4058,#4065,#4066,#4074,#4083));
#4039 = ORIENTED_EDGE('',*,*,#4040,.T.);
#4040 = EDGE_CURVE('',#4041,#4043,#4045,.T.);
#4041 = VERTEX_POINT('',#4042);
#4042 = CARTESIAN_POINT('',(-3.3,5.010987926547,-10.77951033623));
#4043 = VERTEX_POINT('',#4044);
#4044 = CARTESIAN_POINT('',(-6.,7.347880794885E-16,-10.4510728354));
#4045 = ( BOUNDED_CURVE() B_SPLINE_CURVE(3,(#4046,#4047,#4048,#4049),
.UNSPECIFIED.,.F.,.F.) B_SPLINE_CURVE_WITH_KNOTS((4,4),(3.723956891459,
4.712388980385),.PIECEWISE_BEZIER_KNOTS.) CURVE() 
GEOMETRIC_REPRESENTATION_ITEM() RATIONAL_B_SPLINE_CURVE((1.,
0.920227228722,0.920227228722,1.)) REPRESENTATION_ITEM('') );
#4046 = CARTESIAN_POINT('',(-3.3,5.010987926547,-10.77951033623));
#4047 = CARTESIAN_POINT('',(-5.021980689215,3.876972766721,
    -10.70518305577));
#4048 = CARTESIAN_POINT('',(-6.,2.061845745139,-10.58621334533));
#4049 = CARTESIAN_POINT('',(-6.,7.347880794885E-16,-10.4510728354));
#4050 = ORIENTED_EDGE('',*,*,#4051,.T.);
#4051 = EDGE_CURVE('',#4043,#4052,#4054,.T.);
#4052 = VERTEX_POINT('',#4053);
#4053 = CARTESIAN_POINT('',(-6.000000000029,7.347880795055E-16,
    -7.065470053874));
#4054 = LINE('',#4055,#4056);
#4055 = CARTESIAN_POINT('',(-6.,7.347880794886E-16,-3.75));
#4056 = VECTOR('',#4057,1.);
#4057 = DIRECTION('',(1.110223024625E-16,1.883405411215E-29,1.));
#4058 = ORIENTED_EDGE('',*,*,#4059,.F.);
#4059 = EDGE_CURVE('',#3952,#4052,#4060,.T.);
#4060 = CIRCLE('',#4061,6.000000000029);
#4061 = AXIS2_PLACEMENT_3D('',#4062,#4063,#4064);
#4062 = CARTESIAN_POINT('',(-1.160704925367E-16,-2.838118826152E-15,
    -7.065470053874));
#4063 = DIRECTION('',(1.110223024625E-16,-4.286122238378E-16,1.));
#4064 = DIRECTION('',(-4.080489449897E-28,1.,4.286122238378E-16));
#4065 = ORIENTED_EDGE('',*,*,#3951,.F.);
#4066 = ORIENTED_EDGE('',*,*,#4067,.F.);
#4067 = EDGE_CURVE('',#4068,#3943,#4070,.T.);
#4068 = VERTEX_POINT('',#4069);
#4069 = CARTESIAN_POINT('',(6.,2.348187069786E-29,-12.55557874409));
#4070 = LINE('',#4071,#4072);
#4071 = CARTESIAN_POINT('',(6.,1.89326617253E-28,-3.75));
#4072 = VECTOR('',#4073,1.);
#4073 = DIRECTION('',(1.110223024625E-16,1.883405411215E-29,1.));
#4074 = ORIENTED_EDGE('',*,*,#4075,.T.);
#4075 = EDGE_CURVE('',#4068,#4076,#4078,.T.);
#4076 = VERTEX_POINT('',#4077);
#4077 = CARTESIAN_POINT('',(-3.3,5.010987926547,-12.88401624492));
#4078 = ( BOUNDED_CURVE() B_SPLINE_CURVE(3,(#4079,#4080,#4081,#4082),
.UNSPECIFIED.,.F.,.F.) B_SPLINE_CURVE_WITH_KNOTS((4,4),(1.570796326795,
3.723956891459),.PIECEWISE_BEZIER_KNOTS.) CURVE() 
GEOMETRIC_REPRESENTATION_ITEM() RATIONAL_B_SPLINE_CURVE((1.,
0.64956109935,0.64956109935,1.)) REPRESENTATION_ITEM('') );
#4079 = CARTESIAN_POINT('',(6.,2.348187069786E-29,-12.55557874409));
#4080 = CARTESIAN_POINT('',(6.,5.421142639014,-12.91089920507));
#4081 = CARTESIAN_POINT('',(1.227546718698,7.992616378005,
    -13.07944249846));
#4082 = CARTESIAN_POINT('',(-3.3,5.010987926547,-12.88401624492));
#4083 = ORIENTED_EDGE('',*,*,#4084,.T.);
#4084 = EDGE_CURVE('',#4076,#4041,#4085,.T.);
#4085 = LINE('',#4086,#4087);
#4086 = CARTESIAN_POINT('',(-3.3,5.010987926547,-3.75));
#4087 = VECTOR('',#4088,1.);
#4088 = DIRECTION('',(1.110223024625E-16,1.883405411215E-29,1.));
#4089 = CYLINDRICAL_SURFACE('',#4090,6.);
#4090 = AXIS2_PLACEMENT_3D('',#4091,#4092,#4093);
#4091 = CARTESIAN_POINT('',(2.520206265899E-16,1.89326617253E-28,-3.75)
  );
#4092 = DIRECTION('',(1.110223024625E-16,1.883405411215E-29,1.));
#4093 = DIRECTION('',(1.,6.316562657795E-46,-1.110223024625E-16));
#4094 = ADVANCED_FACE('',(#4095),#4121,.F.);
#4095 = FACE_BOUND('',#4096,.F.);
#4096 = EDGE_LOOP('',(#4097,#4105,#4106,#4114));
#4097 = ORIENTED_EDGE('',*,*,#4098,.T.);
#4098 = EDGE_CURVE('',#4099,#3977,#4101,.T.);
#4099 = VERTEX_POINT('',#4100);
#4100 = CARTESIAN_POINT('',(1.755278054429E-15,-4.50005403326,
    9.660499999904));
#4101 = LINE('',#4102,#4103);
#4102 = CARTESIAN_POINT('',(1.67310609811E-15,-5.4,9.6605));
#4103 = VECTOR('',#4104,1.);
#4104 = DIRECTION('',(4.758551595405E-32,1.,4.286122238378E-16));
#4105 = ORIENTED_EDGE('',*,*,#3974,.F.);
#4106 = ORIENTED_EDGE('',*,*,#4107,.F.);
#4107 = EDGE_CURVE('',#4108,#3975,#4110,.T.);
#4108 = VERTEX_POINT('',#4109);
#4109 = CARTESIAN_POINT('',(1.680513367353E-15,-4.50005403326,
    8.439500000096));
#4110 = LINE('',#4111,#4112);
#4111 = CARTESIAN_POINT('',(1.747870785198E-15,-5.4,8.4395));
#4112 = VECTOR('',#4113,1.);
#4113 = DIRECTION('',(4.758551595405E-32,1.,4.286122238378E-16));
#4114 = ORIENTED_EDGE('',*,*,#4115,.T.);
#4115 = EDGE_CURVE('',#4108,#4099,#4116,.T.);
#4116 = CIRCLE('',#4117,0.6105);
#4117 = AXIS2_PLACEMENT_3D('',#4118,#4119,#4120);
#4118 = CARTESIAN_POINT('',(1.67310609811E-15,-4.50005403326,9.05));
#4119 = DIRECTION('',(4.758551595405E-32,1.,4.286122238378E-16));
#4120 = DIRECTION('',(-2.039573381553E-47,-4.286122238378E-16,1.));
#4121 = CYLINDRICAL_SURFACE('',#4122,0.6105);
#4122 = AXIS2_PLACEMENT_3D('',#4123,#4124,#4125);
#4123 = CARTESIAN_POINT('',(1.67310609811E-15,-5.4,9.05));
#4124 = DIRECTION('',(4.758551595405E-32,1.,4.286122238378E-16));
#4125 = DIRECTION('',(-2.039573381553E-47,-4.286122238378E-16,1.));
#4126 = ADVANCED_FACE('',(#4127),#4169,.F.);
#4127 = FACE_BOUND('',#4128,.F.);
#4128 = EDGE_LOOP('',(#4129,#4139,#4154,#4162));
#4129 = ORIENTED_EDGE('',*,*,#4130,.T.);
#4130 = EDGE_CURVE('',#4131,#4133,#4135,.T.);
#4131 = VERTEX_POINT('',#4132);
#4132 = CARTESIAN_POINT('',(4.202411111199,1.721318507631,9.05));
#4133 = VERTEX_POINT('',#4134);
#4134 = CARTESIAN_POINT('',(3.728766804764,1.447859839795,9.05));
#4135 = LINE('',#4136,#4137);
#4136 = CARTESIAN_POINT('',(4.981787180436,2.17129149099,9.05));
#4137 = VECTOR('',#4138,1.);
#4138 = DIRECTION('',(-0.866025403784,-0.5,8.07501917516E-15));
#4139 = ORIENTED_EDGE('',*,*,#4140,.F.);
#4140 = EDGE_CURVE('',#4141,#4133,#4143,.T.);
#4141 = VERTEX_POINT('',#4142);
#4142 = CARTESIAN_POINT('',(3.118266804758,2.505276857823,9.049999999999
    ));
#4143 = B_SPLINE_CURVE_WITH_KNOTS('',3,(#4144,#4145,#4146,#4147,#4148,
    #4149,#4150,#4151,#4152,#4153),.UNSPECIFIED.,.F.,.F.,(4,2,2,2,4),(
    1.911493080023E-03,2.389248684511E-03,2.867004289E-03,
    3.344759893488E-03,3.822515497977E-03),.UNSPECIFIED.);
#4144 = CARTESIAN_POINT('',(3.118266804758,2.505276857823,9.049999999999
    ));
#4145 = CARTESIAN_POINT('',(3.118266804764,2.505276857816,8.89054172038)
  );
#4146 = CARTESIAN_POINT('',(3.161043529473,2.45369145086,8.731207428958)
  );
#4147 = CARTESIAN_POINT('',(3.294670325093,2.271111045326,8.505980243229
    ));
#4148 = CARTESIAN_POINT('',(3.383202523955,2.140089560324,8.439604097944
    ));
#4149 = CARTESIAN_POINT('',(3.544607343566,1.8605916866,8.439396155468)
  );
#4150 = CARTESIAN_POINT('',(3.613926758184,1.718235274239,8.505700516114
    ));
#4151 = CARTESIAN_POINT('',(3.705266367018,1.511224741924,8.730347255323
    ));
#4152 = CARTESIAN_POINT('',(3.728766804764,1.447859839795,8.88843651264)
  );
#4153 = CARTESIAN_POINT('',(3.728766804764,1.447859839795,9.05));
#4154 = ORIENTED_EDGE('',*,*,#4155,.F.);
#4155 = EDGE_CURVE('',#4156,#4141,#4158,.T.);
#4156 = VERTEX_POINT('',#4157);
#4157 = CARTESIAN_POINT('',(3.591911111212,2.778735525629,9.05));
#4158 = LINE('',#4159,#4160);
#4159 = CARTESIAN_POINT('',(4.371287180436,3.22870850901,9.05));
#4160 = VECTOR('',#4161,1.);
#4161 = DIRECTION('',(-0.866025403784,-0.5,8.07501917516E-15));
#4162 = ORIENTED_EDGE('',*,*,#4163,.T.);
#4163 = EDGE_CURVE('',#4156,#4131,#4164,.T.);
#4164 = CIRCLE('',#4165,0.6105);
#4165 = AXIS2_PLACEMENT_3D('',#4166,#4167,#4168);
#4166 = CARTESIAN_POINT('',(3.897161111206,2.25002701663,9.05));
#4167 = DIRECTION('',(-0.866025403784,-0.5,8.07501917516E-15));
#4168 = DIRECTION('',(0.5,-0.866025403784,2.366582715663E-30));
#4169 = CYLINDRICAL_SURFACE('',#4170,0.6105);
#4170 = AXIS2_PLACEMENT_3D('',#4171,#4172,#4173);
#4171 = CARTESIAN_POINT('',(4.676537180436,2.7,9.05));
#4172 = DIRECTION('',(-0.866025403784,-0.5,8.07501917516E-15));
#4173 = DIRECTION('',(0.5,-0.866025403784,-3.944304526105E-31));
#4174 = ADVANCED_FACE('',(#4175),#4217,.F.);
#4175 = FACE_BOUND('',#4176,.F.);
#4176 = EDGE_LOOP('',(#4177,#4187,#4202,#4210));
#4177 = ORIENTED_EDGE('',*,*,#4178,.T.);
#4178 = EDGE_CURVE('',#4179,#4181,#4183,.T.);
#4179 = VERTEX_POINT('',#4180);
#4180 = CARTESIAN_POINT('',(-3.591911111185,2.778735525676,9.05));
#4181 = VERTEX_POINT('',#4182);
#4182 = CARTESIAN_POINT('',(-3.118266804764,2.505276857816,9.05));
#4183 = LINE('',#4184,#4185);
#4184 = CARTESIAN_POINT('',(-4.371287180436,3.22870850901,9.05));
#4185 = VECTOR('',#4186,1.);
#4186 = DIRECTION('',(0.866025403784,-0.5,7.882722906521E-15));
#4187 = ORIENTED_EDGE('',*,*,#4188,.F.);
#4188 = EDGE_CURVE('',#4189,#4181,#4191,.T.);
#4189 = VERTEX_POINT('',#4190);
#4190 = CARTESIAN_POINT('',(-3.728766804767,1.447859839786,
    9.049999999999));
#4191 = B_SPLINE_CURVE_WITH_KNOTS('',3,(#4192,#4193,#4194,#4195,#4196,
    #4197,#4198,#4199,#4200,#4201),.UNSPECIFIED.,.F.,.F.,(4,2,2,2,4),(
    1.911493080023E-03,2.389248684511E-03,2.867004289E-03,
    3.344759893488E-03,3.822515497977E-03),.UNSPECIFIED.);
#4192 = CARTESIAN_POINT('',(-3.728766804767,1.447859839786,
    9.049999999999));
#4193 = CARTESIAN_POINT('',(-3.728766804764,1.447859839795,8.89054172038
    ));
#4194 = CARTESIAN_POINT('',(-3.70548089423,1.510698273562,8.731207428958
    ));
#4195 = CARTESIAN_POINT('',(-3.614175022614,1.717712675962,
    8.505980243229));
#4196 = CARTESIAN_POINT('',(-3.544973187592,1.85989455173,8.439604097944
    ));
#4197 = CARTESIAN_POINT('',(-3.383623338449,2.139424162668,
    8.439396155468));
#4198 = CARTESIAN_POINT('',(-3.294998776262,2.270634742884,
    8.505700516114));
#4199 = CARTESIAN_POINT('',(-3.161392200843,2.453242430663,
    8.730347255323));
#4200 = CARTESIAN_POINT('',(-3.118266804764,2.505276857816,8.88843651264
    ));
#4201 = CARTESIAN_POINT('',(-3.118266804764,2.505276857816,9.05));
#4202 = ORIENTED_EDGE('',*,*,#4203,.F.);
#4203 = EDGE_CURVE('',#4204,#4189,#4206,.T.);
#4204 = VERTEX_POINT('',#4205);
#4205 = CARTESIAN_POINT('',(-4.202411111226,1.721318507584,9.05));
#4206 = LINE('',#4207,#4208);
#4207 = CARTESIAN_POINT('',(-4.981787180436,2.17129149099,9.05));
#4208 = VECTOR('',#4209,1.);
#4209 = DIRECTION('',(0.866025403784,-0.5,7.882722906521E-15));
#4210 = ORIENTED_EDGE('',*,*,#4211,.T.);
#4211 = EDGE_CURVE('',#4204,#4179,#4212,.T.);
#4212 = CIRCLE('',#4213,0.6105);
#4213 = AXIS2_PLACEMENT_3D('',#4214,#4215,#4216);
#4214 = CARTESIAN_POINT('',(-3.897161111206,2.25002701663,9.05));
#4215 = DIRECTION('',(0.866025403784,-0.5,7.882722906521E-15));
#4216 = DIRECTION('',(0.5,0.866025403784,-1.183291357832E-30));
#4217 = CYLINDRICAL_SURFACE('',#4218,0.6105);
#4218 = AXIS2_PLACEMENT_3D('',#4219,#4220,#4221);
#4219 = CARTESIAN_POINT('',(-4.676537180436,2.7,9.05));
#4220 = DIRECTION('',(0.866025403784,-0.5,7.882722906521E-15));
#4221 = DIRECTION('',(0.5,0.866025403784,-1.183291357832E-30));
#4222 = ADVANCED_FACE('',(#4223),#4254,.T.);
#4223 = FACE_BOUND('',#4224,.T.);
#4224 = EDGE_LOOP('',(#4225,#4226,#4235,#4241,#4248));
#4225 = ORIENTED_EDGE('',*,*,#2822,.T.);
#4226 = ORIENTED_EDGE('',*,*,#4227,.T.);
#4227 = EDGE_CURVE('',#2814,#4228,#4230,.T.);
#4228 = VERTEX_POINT('',#4229);
#4229 = CARTESIAN_POINT('',(1.719470086472E-15,-4.009358222334,
    9.07571150435));
#4230 = CIRCLE('',#4231,2.57115043496E-02);
#4231 = AXIS2_PLACEMENT_3D('',#4232,#4233,#4234);
#4232 = CARTESIAN_POINT('',(1.67310609811E-15,-4.009358222334,9.05));
#4233 = DIRECTION('',(1.755519727298E-31,-1.,-3.061475439229E-16));
#4234 = DIRECTION('',(1.,1.755519727298E-31,5.374480528205E-47));
#4235 = ORIENTED_EDGE('',*,*,#4236,.T.);
#4236 = EDGE_CURVE('',#4228,#4099,#4237,.T.);
#4237 = LINE('',#4238,#4239);
#4238 = CARTESIAN_POINT('',(1.755278054412E-15,-4.500054033144,
    9.660499999766));
#4239 = VECTOR('',#4240,1.);
#4240 = DIRECTION('',(9.381338752559E-17,-0.6427876097,0.766044443108));
#4241 = ORIENTED_EDGE('',*,*,#4242,.T.);
#4242 = EDGE_CURVE('',#4099,#4108,#4243,.T.);
#4243 = CIRCLE('',#4244,0.6105);
#4244 = AXIS2_PLACEMENT_3D('',#4245,#4246,#4247);
#4245 = CARTESIAN_POINT('',(1.67310609811E-15,-4.50005403326,9.05));
#4246 = DIRECTION('',(4.758551595405E-32,1.,4.286122238378E-16));
#4247 = DIRECTION('',(-2.039573381553E-47,-4.286122238378E-16,1.));
#4248 = ORIENTED_EDGE('',*,*,#4249,.F.);
#4249 = EDGE_CURVE('',#2796,#4108,#4250,.T.);
#4250 = LINE('',#4251,#4252);
#4251 = CARTESIAN_POINT('',(1.680513367353E-15,-4.500054033144,
    8.439500000234));
#4252 = VECTOR('',#4253,1.);
#4253 = DIRECTION('',(0.,-0.6427876097,-0.766044443108));
#4254 = CONICAL_SURFACE('',#4255,0.610499999766,0.872664625979);
#4255 = AXIS2_PLACEMENT_3D('',#4256,#4257,#4258);
#4256 = CARTESIAN_POINT('',(1.680513367353E-15,-4.500054033144,9.05));
#4257 = DIRECTION('',(0.,-1.,0.));
#4258 = DIRECTION('',(0.,0.,-1.));
#4259 = ADVANCED_FACE('',(#4260),#4288,.T.);
#4260 = FACE_BOUND('',#4261,.T.);
#4261 = EDGE_LOOP('',(#4262,#4269,#4275,#4282));
#4262 = ORIENTED_EDGE('',*,*,#4263,.T.);
#4263 = EDGE_CURVE('',#2852,#2850,#4264,.T.);
#4264 = CIRCLE('',#4265,2.571150440013E-02);
#4265 = AXIS2_PLACEMENT_3D('',#4266,#4267,#4268);
#4266 = CARTESIAN_POINT('',(3.47220607338,2.004679111148,9.05));
#4267 = DIRECTION('',(0.866025403784,0.5,-7.952554495246E-15));
#4268 = DIRECTION('',(-0.5,0.866025403784,5.719241562852E-29));
#4269 = ORIENTED_EDGE('',*,*,#4270,.T.);
#4270 = EDGE_CURVE('',#2850,#4131,#4271,.T.);
#4271 = LINE('',#4272,#4273);
#4272 = CARTESIAN_POINT('',(4.20241111114,1.721318507652,9.05));
#4273 = VECTOR('',#4274,1.);
#4274 = DIRECTION('',(0.939692620784,-0.342020143332,-4.745448563155E-15
    ));
#4275 = ORIENTED_EDGE('',*,*,#4276,.T.);
#4276 = EDGE_CURVE('',#4131,#4156,#4277,.T.);
#4277 = CIRCLE('',#4278,0.6105);
#4278 = AXIS2_PLACEMENT_3D('',#4279,#4280,#4281);
#4279 = CARTESIAN_POINT('',(3.897161111206,2.25002701663,9.05));
#4280 = DIRECTION('',(-0.866025403784,-0.5,8.07501917516E-15));
#4281 = DIRECTION('',(0.5,-0.866025403784,2.366582715663E-30));
#4282 = ORIENTED_EDGE('',*,*,#4283,.F.);
#4283 = EDGE_CURVE('',#2852,#4156,#4284,.T.);
#4284 = LINE('',#4285,#4286);
#4285 = CARTESIAN_POINT('',(3.591911111201,2.778735525567,9.05));
#4286 = VECTOR('',#4287,1.);
#4287 = DIRECTION('',(0.17364817766,0.984807753013,-4.839261950691E-15)
  );
#4288 = CONICAL_SURFACE('',#4289,0.610499999939,0.872664626004);
#4289 = AXIS2_PLACEMENT_3D('',#4290,#4291,#4292);
#4290 = CARTESIAN_POINT('',(3.89716111117,2.25002701661,9.05));
#4291 = DIRECTION('',(0.866025403784,0.5,-7.528555121168E-15));
#4292 = DIRECTION('',(-0.5,0.866025403784,-2.761013168274E-30));
#4293 = ADVANCED_FACE('',(#4294),#4322,.T.);
#4294 = FACE_BOUND('',#4295,.T.);
#4295 = EDGE_LOOP('',(#4296,#4303,#4309,#4316));
#4296 = ORIENTED_EDGE('',*,*,#4297,.T.);
#4297 = EDGE_CURVE('',#2899,#2897,#4298,.T.);
#4298 = CIRCLE('',#4299,2.571150439087E-02);
#4299 = AXIS2_PLACEMENT_3D('',#4300,#4301,#4302);
#4300 = CARTESIAN_POINT('',(-3.472206073334,2.004679111121,9.05));
#4301 = DIRECTION('',(-0.866025403784,0.5,-7.760258226606E-15));
#4302 = DIRECTION('',(-0.5,-0.866025403784,-2.366582715663E-29));
#4303 = ORIENTED_EDGE('',*,*,#4304,.T.);
#4304 = EDGE_CURVE('',#2897,#4179,#4305,.T.);
#4305 = LINE('',#4306,#4307);
#4306 = CARTESIAN_POINT('',(-3.591911111145,2.778735525449,9.05));
#4307 = VECTOR('',#4308,1.);
#4308 = DIRECTION('',(-0.173648177649,0.984807753015,-4.729056750251E-15
    ));
#4309 = ORIENTED_EDGE('',*,*,#4310,.T.);
#4310 = EDGE_CURVE('',#4179,#4204,#4311,.T.);
#4311 = CIRCLE('',#4312,0.6105);
#4312 = AXIS2_PLACEMENT_3D('',#4313,#4314,#4315);
#4313 = CARTESIAN_POINT('',(-3.897161111206,2.25002701663,9.05));
#4314 = DIRECTION('',(0.866025403784,-0.5,7.882722906521E-15));
#4315 = DIRECTION('',(0.5,0.866025403784,-1.183291357832E-30));
#4316 = ORIENTED_EDGE('',*,*,#4317,.F.);
#4317 = EDGE_CURVE('',#2899,#4204,#4318,.T.);
#4318 = LINE('',#4319,#4320);
#4319 = CARTESIAN_POINT('',(-4.202411111009,1.721318507663,9.05));
#4320 = VECTOR('',#4321,1.);
#4321 = DIRECTION('',(-0.93969262078,-0.342020143343,-4.822870137771E-15
    ));
#4322 = CONICAL_SURFACE('',#4323,0.610499999865,0.872664626016);
#4323 = AXIS2_PLACEMENT_3D('',#4324,#4325,#4326);
#4324 = CARTESIAN_POINT('',(-3.897161111077,2.250027016556,9.05));
#4325 = DIRECTION('',(-0.866025403784,0.5,-7.503053987361E-15));
#4326 = DIRECTION('',(-0.5,-0.866025403784,3.944304526105E-31));
#4327 = ADVANCED_FACE('',(#4328),#4364,.T.);
#4328 = FACE_BOUND('',#4329,.T.);
#4329 = EDGE_LOOP('',(#4330,#4341,#4349,#4358));
#4330 = ORIENTED_EDGE('',*,*,#4331,.T.);
#4331 = EDGE_CURVE('',#4332,#4334,#4336,.T.);
#4332 = VERTEX_POINT('',#4333);
#4333 = CARTESIAN_POINT('',(-7.243575961729E-16,3.322458095338,
    -12.77334415272));
#4334 = VERTEX_POINT('',#4335);
#4335 = CARTESIAN_POINT('',(-2.957312164713E-16,-3.662554367333,
    -12.3155222481));
#4336 = CIRCLE('',#4337,3.5);
#4337 = AXIS2_PLACEMENT_3D('',#4338,#4339,#4340);
#4338 = CARTESIAN_POINT('',(-7.243575961729E-16,-0.170048135998,
    -12.54443320041));
#4339 = DIRECTION('',(-1.107845951907E-16,-6.540312923005E-02,
    -0.997858923239));
#4340 = DIRECTION('',(2.465190328816E-32,0.997858923239,
    -6.540312923005E-02));
#4341 = ORIENTED_EDGE('',*,*,#4342,.T.);
#4342 = EDGE_CURVE('',#4334,#4343,#4345,.T.);
#4343 = VERTEX_POINT('',#4344);
#4344 = CARTESIAN_POINT('',(-4.065158116621E-16,-3.727957496563,
    -13.31338117134));
#4345 = LINE('',#4346,#4347);
#4346 = CARTESIAN_POINT('',(-3.511235140673E-16,-3.695255931948,
    -12.81445170973));
#4347 = VECTOR('',#4348,1.);
#4348 = DIRECTION('',(-1.107845951907E-16,-6.540312923005E-02,
    -0.997858923239));
#4349 = ORIENTED_EDGE('',*,*,#4350,.T.);
#4350 = EDGE_CURVE('',#4343,#4351,#4353,.T.);
#4351 = VERTEX_POINT('',#4352);
#4352 = CARTESIAN_POINT('',(-8.351421913637E-16,3.257054966107,
    -13.77120307596));
#4353 = CIRCLE('',#4354,3.5);
#4354 = AXIS2_PLACEMENT_3D('',#4355,#4356,#4357);
#4355 = CARTESIAN_POINT('',(-8.351421913637E-16,-0.235451265228,
    -13.54229212365));
#4356 = DIRECTION('',(1.107845951907E-16,6.540312923005E-02,
    0.997858923239));
#4357 = DIRECTION('',(2.465190328816E-32,0.997858923239,
    -6.540312923005E-02));
#4358 = ORIENTED_EDGE('',*,*,#4359,.F.);
#4359 = EDGE_CURVE('',#4332,#4351,#4360,.T.);
#4360 = LINE('',#4361,#4362);
#4361 = CARTESIAN_POINT('',(-7.797498937689E-16,3.289756530722,
    -13.27227361434));
#4362 = VECTOR('',#4363,1.);
#4363 = DIRECTION('',(-1.107845951907E-16,-6.540312923005E-02,
    -0.997858923239));
#4364 = CYLINDRICAL_SURFACE('',#4365,3.5);
#4365 = AXIS2_PLACEMENT_3D('',#4366,#4367,#4368);
#4366 = CARTESIAN_POINT('',(-7.797498937689E-16,-0.202749700613,
    -13.04336266204));
#4367 = DIRECTION('',(-1.107845951907E-16,-6.540312923005E-02,
    -0.997858923239));
#4368 = DIRECTION('',(2.465190328816E-32,0.997858923239,
    -6.540312923005E-02));
#4369 = ADVANCED_FACE('',(#4370),#4440,.F.);
#4370 = FACE_BOUND('',#4371,.F.);
#4371 = EDGE_LOOP('',(#4372,#4382,#4391,#4399,#4408,#4416,#4425,#4433));
#4372 = ORIENTED_EDGE('',*,*,#4373,.T.);
#4373 = EDGE_CURVE('',#4374,#4376,#4378,.T.);
#4374 = VERTEX_POINT('',#4375);
#4375 = CARTESIAN_POINT('',(-2.35,-0.249265945537,-12.44349805928));
#4376 = VERTEX_POINT('',#4377);
#4377 = CARTESIAN_POINT('',(-2.689500000008,-0.249265945537,
    -12.44349805928));
#4378 = LINE('',#4379,#4380);
#4379 = CARTESIAN_POINT('',(-1.8,-0.249265945537,-12.44349805928));
#4380 = VECTOR('',#4381,1.);
#4381 = DIRECTION('',(-1.,-7.364805613938E-49,1.110223024625E-16));
#4382 = ORIENTED_EDGE('',*,*,#4383,.T.);
#4383 = EDGE_CURVE('',#4376,#4384,#4386,.T.);
#4384 = VERTEX_POINT('',#4385);
#4385 = CARTESIAN_POINT('',(-2.689500000008,-0.249265945537,
    -11.24836584901));
#4386 = CIRCLE('',#4387,0.6105);
#4387 = AXIS2_PLACEMENT_3D('',#4388,#4389,#4390);
#4388 = CARTESIAN_POINT('',(-2.6895,-0.124265945537,-11.84593195415));
#4389 = DIRECTION('',(-1.,-7.364805613938E-49,1.110223024625E-16));
#4390 = DIRECTION('',(1.110223024625E-16,8.176576764481E-65,1.));
#4391 = ORIENTED_EDGE('',*,*,#4392,.T.);
#4392 = EDGE_CURVE('',#4384,#4393,#4395,.T.);
#4393 = VERTEX_POINT('',#4394);
#4394 = CARTESIAN_POINT('',(-2.35,-0.249265945537,-11.24836584902));
#4395 = LINE('',#4396,#4397);
#4396 = CARTESIAN_POINT('',(-1.8,-0.249265945537,-11.24836584902));
#4397 = VECTOR('',#4398,1.);
#4398 = DIRECTION('',(1.,7.364805613938E-49,-1.110223024625E-16));
#4399 = ORIENTED_EDGE('',*,*,#4400,.T.);
#4400 = EDGE_CURVE('',#4393,#4401,#4403,.T.);
#4401 = VERTEX_POINT('',#4402);
#4402 = CARTESIAN_POINT('',(-2.35,-0.124265945537,-11.23543195415));
#4403 = CIRCLE('',#4404,0.6105);
#4404 = AXIS2_PLACEMENT_3D('',#4405,#4406,#4407);
#4405 = CARTESIAN_POINT('',(-2.35,-0.124265945537,-11.84593195415));
#4406 = DIRECTION('',(-1.,-7.364805613938E-49,1.110223024625E-16));
#4407 = DIRECTION('',(1.110223024625E-16,8.176576764481E-65,1.));
#4408 = ORIENTED_EDGE('',*,*,#4409,.T.);
#4409 = EDGE_CURVE('',#4401,#4410,#4412,.T.);
#4410 = VERTEX_POINT('',#4411);
#4411 = CARTESIAN_POINT('',(-3.3,-0.124265945537,-11.23543195415));
#4412 = LINE('',#4413,#4414);
#4413 = CARTESIAN_POINT('',(-1.8,-0.124265945537,-11.23543195415));
#4414 = VECTOR('',#4415,1.);
#4415 = DIRECTION('',(-1.,-7.364805613938E-49,1.110223024625E-16));
#4416 = ORIENTED_EDGE('',*,*,#4417,.T.);
#4417 = EDGE_CURVE('',#4410,#4418,#4420,.T.);
#4418 = VERTEX_POINT('',#4419);
#4419 = CARTESIAN_POINT('',(-3.3,-0.124265945537,-12.45643195415));
#4420 = CIRCLE('',#4421,0.6105);
#4421 = AXIS2_PLACEMENT_3D('',#4422,#4423,#4424);
#4422 = CARTESIAN_POINT('',(-3.3,-0.124265945537,-11.84593195415));
#4423 = DIRECTION('',(1.,7.364805613938E-49,-1.110223024625E-16));
#4424 = DIRECTION('',(1.110223024625E-16,8.176576764481E-65,1.));
#4425 = ORIENTED_EDGE('',*,*,#4426,.F.);
#4426 = EDGE_CURVE('',#4427,#4418,#4429,.T.);
#4427 = VERTEX_POINT('',#4428);
#4428 = CARTESIAN_POINT('',(-2.35,-0.124265945537,-12.45643195415));
#4429 = LINE('',#4430,#4431);
#4430 = CARTESIAN_POINT('',(-1.8,-0.124265945537,-12.45643195415));
#4431 = VECTOR('',#4432,1.);
#4432 = DIRECTION('',(-1.,-7.364805613938E-49,1.110223024625E-16));
#4433 = ORIENTED_EDGE('',*,*,#4434,.T.);
#4434 = EDGE_CURVE('',#4427,#4374,#4435,.T.);
#4435 = CIRCLE('',#4436,0.6105);
#4436 = AXIS2_PLACEMENT_3D('',#4437,#4438,#4439);
#4437 = CARTESIAN_POINT('',(-2.35,-0.124265945537,-11.84593195415));
#4438 = DIRECTION('',(-1.,-7.364805613938E-49,1.110223024625E-16));
#4439 = DIRECTION('',(1.110223024625E-16,8.176576764481E-65,1.));
#4440 = CYLINDRICAL_SURFACE('',#4441,0.6105);
#4441 = AXIS2_PLACEMENT_3D('',#4442,#4443,#4444);
#4442 = CARTESIAN_POINT('',(-1.8,-0.124265945537,-11.84593195415));
#4443 = DIRECTION('',(-1.,-7.364805613938E-49,1.110223024625E-16));
#4444 = DIRECTION('',(1.110223024625E-16,8.176576764481E-65,1.));
#4445 = ADVANCED_FACE('',(#4446),#4473,.F.);
#4446 = FACE_BOUND('',#4447,.F.);
#4447 = EDGE_LOOP('',(#4448,#4459,#4467));
#4448 = ORIENTED_EDGE('',*,*,#4449,.T.);
#4449 = EDGE_CURVE('',#4450,#4452,#4454,.T.);
#4450 = VERTEX_POINT('',#4451);
#4451 = CARTESIAN_POINT('',(-3.299999999967,-2.61672066378,
    -11.40268739287));
#4452 = VERTEX_POINT('',#4453);
#4453 = CARTESIAN_POINT('',(-3.299999999967,-1.983148612006,
    -11.40268739287));
#4454 = CIRCLE('',#4455,0.316786025887);
#4455 = AXIS2_PLACEMENT_3D('',#4456,#4457,#4458);
#4456 = CARTESIAN_POINT('',(-3.299999999967,-2.299934637893,
    -11.40268739287));
#4457 = DIRECTION('',(1.,6.830356922345E-16,-4.476852448296E-17));
#4458 = DIRECTION('',(6.830356922345E-16,-1.,-3.057850011054E-32));
#4459 = ORIENTED_EDGE('',*,*,#4460,.F.);
#4460 = EDGE_CURVE('',#4461,#4452,#4463,.T.);
#4461 = VERTEX_POINT('',#4462);
#4462 = CARTESIAN_POINT('',(-3.109655752371,-2.299934637893,
    -11.40268739287));
#4463 = LINE('',#4464,#4465);
#4464 = CARTESIAN_POINT('',(-3.299999999967,-1.983148612006,
    -11.40268739287));
#4465 = VECTOR('',#4466,1.);
#4466 = DIRECTION('',(-0.515038074874,0.857167300724,1.280302137812E-16)
  );
#4467 = ORIENTED_EDGE('',*,*,#4468,.T.);
#4468 = EDGE_CURVE('',#4461,#4450,#4469,.T.);
#4469 = LINE('',#4470,#4471);
#4470 = CARTESIAN_POINT('',(-3.299999999967,-2.61672066378,
    -11.40268739287));
#4471 = VECTOR('',#4472,1.);
#4472 = DIRECTION('',(-0.515038074874,-0.857167300724,2.305749466467E-17
    ));
#4473 = CONICAL_SURFACE('',#4474,0.316786025887,1.029744258718);
#4474 = AXIS2_PLACEMENT_3D('',#4475,#4476,#4477);
#4475 = CARTESIAN_POINT('',(-3.299999999967,-2.299934637893,
    -11.40268739287));
#4476 = DIRECTION('',(-1.,-6.830356922345E-16,4.476852448296E-17));
#4477 = DIRECTION('',(6.830356922345E-16,-1.,-3.057850011054E-32));
#4478 = ADVANCED_FACE('',(#4479),#4515,.T.);
#4479 = FACE_BOUND('',#4480,.T.);
#4480 = EDGE_LOOP('',(#4481,#4492,#4500,#4509));
#4481 = ORIENTED_EDGE('',*,*,#4482,.T.);
#4482 = EDGE_CURVE('',#4483,#4485,#4487,.T.);
#4483 = VERTEX_POINT('',#4484);
#4484 = CARTESIAN_POINT('',(-8.351421913651E-16,3.755984427726,
    -13.80390464057));
#4485 = VERTEX_POINT('',#4486);
#4486 = CARTESIAN_POINT('',(-3.452834717061E-16,-4.226886958183,
    -13.28067960673));
#4487 = CIRCLE('',#4488,4.);
#4488 = AXIS2_PLACEMENT_3D('',#4489,#4490,#4491);
#4489 = CARTESIAN_POINT('',(-8.351421913651E-16,-0.235451265229,
    -13.54229212365));
#4490 = DIRECTION('',(-1.107845951907E-16,-6.540312923005E-02,
    -0.997858923239));
#4491 = DIRECTION('',(-1.54074395551E-32,0.997858923239,
    -6.540312923005E-02));
#4492 = ORIENTED_EDGE('',*,*,#4493,.T.);
#4493 = EDGE_CURVE('',#4485,#4494,#4496,.T.);
#4494 = VERTEX_POINT('',#4495);
#4495 = CARTESIAN_POINT('',(-7.330295548733E-16,-4.455797910489,
    -16.77318583807));
#4496 = LINE('',#4497,#4498);
#4497 = CARTESIAN_POINT('',(-4.837642156938E-16,-4.30864086972,
    -14.52800326078));
#4498 = VECTOR('',#4499,1.);
#4499 = DIRECTION('',(-1.107845951907E-16,-6.540312923005E-02,
    -0.997858923239));
#4500 = ORIENTED_EDGE('',*,*,#4501,.T.);
#4501 = EDGE_CURVE('',#4494,#4502,#4504,.T.);
#4502 = VERTEX_POINT('',#4503);
#4503 = CARTESIAN_POINT('',(-1.222888274532E-15,3.52707347542,
    -17.29641087191));
#4504 = CIRCLE('',#4505,4.);
#4505 = AXIS2_PLACEMENT_3D('',#4506,#4507,#4508);
#4506 = CARTESIAN_POINT('',(-1.222888274532E-15,-0.464362217534,
    -17.03479835499));
#4507 = DIRECTION('',(1.107845951907E-16,6.540312923005E-02,
    0.997858923239));
#4508 = DIRECTION('',(-1.54074395551E-32,0.997858923239,
    -6.540312923005E-02));
#4509 = ORIENTED_EDGE('',*,*,#4510,.F.);
#4510 = EDGE_CURVE('',#4483,#4502,#4511,.T.);
#4511 = LINE('',#4512,#4513);
#4512 = CARTESIAN_POINT('',(-9.736229353527E-16,3.674230516188,
    -15.05122829462));
#4513 = VECTOR('',#4514,1.);
#4514 = DIRECTION('',(-1.107845951907E-16,-6.540312923005E-02,
    -0.997858923239));
#4515 = CYLINDRICAL_SURFACE('',#4516,4.);
#4516 = AXIS2_PLACEMENT_3D('',#4517,#4518,#4519);
#4517 = CARTESIAN_POINT('',(-9.736229353527E-16,-0.317205176766,
    -14.7896157777));
#4518 = DIRECTION('',(-1.107845951907E-16,-6.540312923005E-02,
    -0.997858923239));
#4519 = DIRECTION('',(-1.54074395551E-32,0.997858923239,
    -6.540312923005E-02));
#4520 = ADVANCED_FACE('',(#4521),#4548,.T.);
#4521 = FACE_BOUND('',#4522,.T.);
#4522 = EDGE_LOOP('',(#4523,#4532,#4533,#4542));
#4523 = ORIENTED_EDGE('',*,*,#4524,.T.);
#4524 = EDGE_CURVE('',#4525,#4483,#4527,.T.);
#4525 = VERTEX_POINT('',#4526);
#4526 = CARTESIAN_POINT('',(-3.6,1.504375217294,-13.65632637602));
#4527 = CIRCLE('',#4528,4.);
#4528 = AXIS2_PLACEMENT_3D('',#4529,#4530,#4531);
#4529 = CARTESIAN_POINT('',(-8.351421913651E-16,-0.235451265229,
    -13.54229212365));
#4530 = DIRECTION('',(-1.107845951907E-16,-6.540312923005E-02,
    -0.997858923239));
#4531 = DIRECTION('',(-1.54074395551E-32,0.997858923239,
    -6.540312923005E-02));
#4532 = ORIENTED_EDGE('',*,*,#4510,.T.);
#4533 = ORIENTED_EDGE('',*,*,#4534,.T.);
#4534 = EDGE_CURVE('',#4502,#4535,#4537,.T.);
#4535 = VERTEX_POINT('',#4536);
#4536 = CARTESIAN_POINT('',(-3.6,1.275464264989,-17.14883260735));
#4537 = CIRCLE('',#4538,4.);
#4538 = AXIS2_PLACEMENT_3D('',#4539,#4540,#4541);
#4539 = CARTESIAN_POINT('',(-1.222888274532E-15,-0.464362217534,
    -17.03479835499));
#4540 = DIRECTION('',(1.107845951907E-16,6.540312923005E-02,
    0.997858923239));
#4541 = DIRECTION('',(-1.54074395551E-32,0.997858923239,
    -6.540312923005E-02));
#4542 = ORIENTED_EDGE('',*,*,#4543,.T.);
#4543 = EDGE_CURVE('',#4535,#4525,#4544,.T.);
#4544 = LINE('',#4545,#4546);
#4545 = CARTESIAN_POINT('',(-3.6,1.275464264989,-17.14883260735));
#4546 = VECTOR('',#4547,1.);
#4547 = DIRECTION('',(2.478176394254E-16,6.540312923004E-02,
    0.997858923239));
#4548 = CYLINDRICAL_SURFACE('',#4549,4.);
#4549 = AXIS2_PLACEMENT_3D('',#4550,#4551,#4552);
#4550 = CARTESIAN_POINT('',(-9.736229353527E-16,-0.317205176766,
    -14.7896157777));
#4551 = DIRECTION('',(-1.107845951907E-16,-6.540312923005E-02,
    -0.997858923239));
#4552 = DIRECTION('',(-1.54074395551E-32,0.997858923239,
    -6.540312923005E-02));
#4553 = ADVANCED_FACE('',(#4554),#4654,.F.);
#4554 = FACE_BOUND('',#4555,.F.);
#4555 = EDGE_LOOP('',(#4556,#4566,#4581,#4590,#4605,#4613,#4622,#4630,
    #4639,#4647));
#4556 = ORIENTED_EDGE('',*,*,#4557,.F.);
#4557 = EDGE_CURVE('',#4558,#4560,#4562,.T.);
#4558 = VERTEX_POINT('',#4559);
#4559 = CARTESIAN_POINT('',(-2.791057147391,0.780439638796,
    -14.86155921986));
#4560 = VERTEX_POINT('',#4561);
#4561 = CARTESIAN_POINT('',(-2.791057147391,0.633282598028,
    -17.10674179714));
#4562 = LINE('',#4563,#4564);
#4563 = CARTESIAN_POINT('',(-2.791057147391,0.780439638796,
    -14.86155921986));
#4564 = VECTOR('',#4565,1.);
#4565 = DIRECTION('',(-0.,-6.540312923005E-02,-0.997858923239));
#4566 = ORIENTED_EDGE('',*,*,#4567,.T.);
#4567 = EDGE_CURVE('',#4558,#4568,#4570,.T.);
#4568 = VERTEX_POINT('',#4569);
#4569 = CARTESIAN_POINT('',(-2.998332870113,-0.152016155212,
    -13.79829716739));
#4570 = B_SPLINE_CURVE_WITH_KNOTS('',3,(#4571,#4572,#4573,#4574,#4575,
    #4576,#4577,#4578,#4579,#4580),.UNSPECIFIED.,.F.,.F.,(4,2,2,2,4),(
    4.715618913078E-17,3.945017332715E-04,7.890034665429E-04,
    1.183505199814E-03,1.578006933086E-03),.UNSPECIFIED.);
#4571 = CARTESIAN_POINT('',(-2.791057147391,0.780439638796,
    -14.86155921986));
#4572 = CARTESIAN_POINT('',(-2.79105714739,0.789170458526,
    -14.72835265196));
#4573 = CARTESIAN_POINT('',(-2.801956323778,0.771059816656,
    -14.59603667541));
#4574 = CARTESIAN_POINT('',(-2.838531072016,0.686233873228,
    -14.3483283511));
#4575 = CARTESIAN_POINT('',(-2.863943904336,0.619393974603,
    -14.23364315541));
#4576 = CARTESIAN_POINT('',(-2.914960225143,0.449037345843,
    -14.03951033947));
#4577 = CARTESIAN_POINT('',(-2.940842079583,0.343736966431,
    -13.9583074119));
#4578 = CARTESIAN_POINT('',(-2.980152579448,0.110960379115,
    -13.84271309658));
#4579 = CARTESIAN_POINT('',(-2.993884105368,-1.891297514864E-02,
    -13.80702121072));
#4580 = CARTESIAN_POINT('',(-2.998332870113,-0.152016155212,
    -13.79829716739));
#4581 = ORIENTED_EDGE('',*,*,#4582,.F.);
#4582 = EDGE_CURVE('',#4583,#4568,#4585,.T.);
#4583 = VERTEX_POINT('',#4584);
#4584 = CARTESIAN_POINT('',(-2.998332870113,-0.35158793986,
    -13.78521654154));
#4585 = CIRCLE('',#4586,3.);
#4586 = AXIS2_PLACEMENT_3D('',#4587,#4588,#4589);
#4587 = CARTESIAN_POINT('',(-8.628383401626E-16,-0.251802047536,
    -13.79175685446));
#4588 = DIRECTION('',(-1.107845951907E-16,-6.540312923005E-02,
    -0.997858923239));
#4589 = DIRECTION('',(-1.54074395551E-32,-0.997858923239,
    6.540312923005E-02));
#4590 = ORIENTED_EDGE('',*,*,#4591,.T.);
#4591 = EDGE_CURVE('',#4583,#4592,#4594,.T.);
#4592 = VERTEX_POINT('',#4593);
#4593 = CARTESIAN_POINT('',(-2.791057147391,-1.414849992328,
    -14.71767233555));
#4594 = B_SPLINE_CURVE_WITH_KNOTS('',3,(#4595,#4596,#4597,#4598,#4599,
    #4600,#4601,#4602,#4603,#4604),.UNSPECIFIED.,.F.,.F.,(4,2,2,2,4),(
    2.092441937606E-16,3.945098790644E-04,7.890197581286E-04,
    1.183529637193E-03,1.578039516257E-03),.UNSPECIFIED.);
#4595 = CARTESIAN_POINT('',(-2.998332870113,-0.35158793986,
    -13.78521654154));
#4596 = CARTESIAN_POINT('',(-2.993883610685,-0.484705920393,
    -13.77649152813));
#4597 = CARTESIAN_POINT('',(-2.980364367351,-0.616617977034,
    -13.7945161496));
#4598 = CARTESIAN_POINT('',(-2.940850142687,-0.864103461534,
    -13.87908933074));
#4599 = CARTESIAN_POINT('',(-2.915030502814,-0.978689453527,
    -13.94571269023));
#4600 = CARTESIAN_POINT('',(-2.864006744112,-1.173010232236,
    -14.11590493468));
#4601 = CARTESIAN_POINT('',(-2.838545783622,-1.254411319184,
    -14.2212474775));
#4602 = CARTESIAN_POINT('',(-2.802148583411,-1.370282662439,
    -14.4542008677));
#4603 = CARTESIAN_POINT('',(-2.791057147391,-1.406118442151,
    -14.58445462316));
#4604 = CARTESIAN_POINT('',(-2.791057147391,-1.414849992328,
    -14.71767233555));
#4605 = ORIENTED_EDGE('',*,*,#4606,.F.);
#4606 = EDGE_CURVE('',#4607,#4592,#4609,.T.);
#4607 = VERTEX_POINT('',#4608);
#4608 = CARTESIAN_POINT('',(-2.791057147391,-1.562007033096,
    -16.96285491284));
#4609 = LINE('',#4610,#4611);
#4610 = CARTESIAN_POINT('',(-2.791057147391,-1.562007033096,
    -16.96285491284));
#4611 = VECTOR('',#4612,1.);
#4612 = DIRECTION('',(-0.,6.540312923005E-02,0.997858923239));
#4613 = ORIENTED_EDGE('',*,*,#4614,.F.);
#4614 = EDGE_CURVE('',#4615,#4607,#4617,.T.);
#4615 = VERTEX_POINT('',#4616);
#4616 = CARTESIAN_POINT('',(-1.222888274532E-15,-3.45793898725,
    -16.8385889673));
#4617 = CIRCLE('',#4618,3.);
#4618 = AXIS2_PLACEMENT_3D('',#4619,#4620,#4621);
#4619 = CARTESIAN_POINT('',(-1.222888274532E-15,-0.464362217534,
    -17.03479835499));
#4620 = DIRECTION('',(-1.107845951907E-16,-6.540312923005E-02,
    -0.997858923239));
#4621 = DIRECTION('',(4.77630626208E-32,-0.997858923239,
    6.540312923005E-02));
#4622 = ORIENTED_EDGE('',*,*,#4623,.T.);
#4623 = EDGE_CURVE('',#4615,#4624,#4626,.T.);
#4624 = VERTEX_POINT('',#4625);
#4625 = CARTESIAN_POINT('',(-7.797498937699E-16,-3.19632647033,
    -12.84715327435));
#4626 = LINE('',#4627,#4628);
#4627 = CARTESIAN_POINT('',(-1.222888274532E-15,-3.45793898725,
    -16.8385889673));
#4628 = VECTOR('',#4629,1.);
#4629 = DIRECTION('',(1.107845951907E-16,6.540312923005E-02,
    0.997858923239));
#4630 = ORIENTED_EDGE('',*,*,#4631,.T.);
#4631 = EDGE_CURVE('',#4624,#4632,#4634,.T.);
#4632 = VERTEX_POINT('',#4633);
#4633 = CARTESIAN_POINT('',(-4.123558540257E-16,2.790827069102,
    -13.23957204973));
#4634 = CIRCLE('',#4635,3.);
#4635 = AXIS2_PLACEMENT_3D('',#4636,#4637,#4638);
#4636 = CARTESIAN_POINT('',(-7.797498937699E-16,-0.202749700614,
    -13.04336266204));
#4637 = DIRECTION('',(-1.107845951907E-16,-6.540312923005E-02,
    -0.997858923239));
#4638 = DIRECTION('',(-1.54074395551E-32,-0.997858923239,
    6.540312923005E-02));
#4639 = ORIENTED_EDGE('',*,*,#4640,.F.);
#4640 = EDGE_CURVE('',#4641,#4632,#4643,.T.);
#4641 = VERTEX_POINT('',#4642);
#4642 = CARTESIAN_POINT('',(-8.554942347881E-16,2.529214552182,
    -17.23100774268));
#4643 = LINE('',#4644,#4645);
#4644 = CARTESIAN_POINT('',(-8.554942347878E-16,2.529214552182,
    -17.23100774268));
#4645 = VECTOR('',#4646,1.);
#4646 = DIRECTION('',(1.107845951907E-16,6.540312923005E-02,
    0.997858923239));
#4647 = ORIENTED_EDGE('',*,*,#4648,.F.);
#4648 = EDGE_CURVE('',#4560,#4641,#4649,.T.);
#4649 = CIRCLE('',#4650,3.);
#4650 = AXIS2_PLACEMENT_3D('',#4651,#4652,#4653);
#4651 = CARTESIAN_POINT('',(-1.222888274532E-15,-0.464362217534,
    -17.03479835499));
#4652 = DIRECTION('',(-1.107845951907E-16,-6.540312923005E-02,
    -0.997858923239));
#4653 = DIRECTION('',(4.77630626208E-32,-0.997858923239,
    6.540312923005E-02));
#4654 = CYLINDRICAL_SURFACE('',#4655,3.);
#4655 = AXIS2_PLACEMENT_3D('',#4656,#4657,#4658);
#4656 = CARTESIAN_POINT('',(-1.222888274532E-15,-0.464362217534,
    -17.03479835499));
#4657 = DIRECTION('',(1.107845951907E-16,6.540312923005E-02,
    0.997858923239));
#4658 = DIRECTION('',(4.77630626208E-32,-0.997858923239,
    6.540312923005E-02));
#4659 = ADVANCED_FACE('',(#4660),#4696,.T.);
#4660 = FACE_BOUND('',#4661,.T.);
#4661 = EDGE_LOOP('',(#4662,#4673,#4681,#4690));
#4662 = ORIENTED_EDGE('',*,*,#4663,.T.);
#4663 = EDGE_CURVE('',#4664,#4666,#4668,.T.);
#4664 = VERTEX_POINT('',#4665);
#4665 = CARTESIAN_POINT('',(-1.101025219823E-15,-2.388136621858,
    -15.80634728097));
#4666 = VERTEX_POINT('',#4667);
#4667 = CARTESIAN_POINT('',(-8.560958599931E-16,1.603299071096,
    -16.06795979789));
#4668 = CIRCLE('',#4669,2.);
#4669 = AXIS2_PLACEMENT_3D('',#4670,#4671,#4672);
#4670 = CARTESIAN_POINT('',(-1.101025219823E-15,-0.392418775381,
    -15.93715353943));
#4671 = DIRECTION('',(1.107845951907E-16,6.540312923005E-02,
    0.997858923239));
#4672 = DIRECTION('',(-7.8577941731E-32,-0.997858923239,
    6.540312923005E-02));
#4673 = ORIENTED_EDGE('',*,*,#4674,.T.);
#4674 = EDGE_CURVE('',#4666,#4675,#4677,.T.);
#4675 = VERTEX_POINT('',#4676);
#4676 = CARTESIAN_POINT('',(-5.348205339404E-16,1.792968145863,
    -13.1741689205));
#4677 = LINE('',#4678,#4679);
#4678 = CARTESIAN_POINT('',(-9.779589147025E-16,1.531355628943,
    -17.16560461345));
#4679 = VECTOR('',#4680,1.);
#4680 = DIRECTION('',(1.107845951907E-16,6.540312923005E-02,
    0.997858923239));
#4681 = ORIENTED_EDGE('',*,*,#4682,.T.);
#4682 = EDGE_CURVE('',#4675,#4683,#4685,.T.);
#4683 = VERTEX_POINT('',#4684);
#4684 = CARTESIAN_POINT('',(-7.797498937699E-16,-2.198467547091,
    -12.91255640358));
#4685 = CIRCLE('',#4686,2.);
#4686 = AXIS2_PLACEMENT_3D('',#4687,#4688,#4689);
#4687 = CARTESIAN_POINT('',(-7.797498937699E-16,-0.202749700614,
    -13.04336266204));
#4688 = DIRECTION('',(-1.107845951907E-16,-6.540312923005E-02,
    -0.997858923239));
#4689 = DIRECTION('',(1.54074395551E-32,-0.997858923239,
    6.540312923005E-02));
#4690 = ORIENTED_EDGE('',*,*,#4691,.F.);
#4691 = EDGE_CURVE('',#4664,#4683,#4692,.T.);
#4692 = LINE('',#4693,#4694);
#4693 = CARTESIAN_POINT('',(-1.222888274532E-15,-2.460080064011,
    -16.90399209653));
#4694 = VECTOR('',#4695,1.);
#4695 = DIRECTION('',(1.107845951907E-16,6.540312923005E-02,
    0.997858923239));
#4696 = CYLINDRICAL_SURFACE('',#4697,2.);
#4697 = AXIS2_PLACEMENT_3D('',#4698,#4699,#4700);
#4698 = CARTESIAN_POINT('',(-1.222888274532E-15,-0.464362217534,
    -17.03479835499));
#4699 = DIRECTION('',(1.107845951907E-16,6.540312923005E-02,
    0.997858923239));
#4700 = DIRECTION('',(-7.8577941731E-32,-0.997858923239,
    6.540312923005E-02));
#4701 = ADVANCED_FACE('',(#4702),#4712,.F.);
#4702 = FACE_BOUND('',#4703,.T.);
#4703 = EDGE_LOOP('',(#4704,#4705));
#4704 = ORIENTED_EDGE('',*,*,#4663,.F.);
#4705 = ORIENTED_EDGE('',*,*,#4706,.F.);
#4706 = EDGE_CURVE('',#4666,#4664,#4707,.T.);
#4707 = CIRCLE('',#4708,2.);
#4708 = AXIS2_PLACEMENT_3D('',#4709,#4710,#4711);
#4709 = CARTESIAN_POINT('',(-1.101025219823E-15,-0.392418775381,
    -15.93715353943));
#4710 = DIRECTION('',(1.107845951907E-16,6.540312923005E-02,
    0.997858923239));
#4711 = DIRECTION('',(-7.8577941731E-32,-0.997858923239,
    6.540312923005E-02));
#4712 = PLANE('',#4713);
#4713 = AXIS2_PLACEMENT_3D('',#4714,#4715,#4716);
#4714 = CARTESIAN_POINT('',(-1.101025219822E-15,-0.392418775381,
    -15.93715353943));
#4715 = DIRECTION('',(1.107845951907E-16,6.540312923005E-02,
    0.997858923239));
#4716 = DIRECTION('',(-6.162975822039E-33,-0.997858923239,
    6.540312923005E-02));
#4717 = ADVANCED_FACE('',(#4718),#4730,.T.);
#4718 = FACE_BOUND('',#4719,.T.);
#4719 = EDGE_LOOP('',(#4720,#4721,#4722,#4723));
#4720 = ORIENTED_EDGE('',*,*,#4674,.F.);
#4721 = ORIENTED_EDGE('',*,*,#4706,.T.);
#4722 = ORIENTED_EDGE('',*,*,#4691,.T.);
#4723 = ORIENTED_EDGE('',*,*,#4724,.T.);
#4724 = EDGE_CURVE('',#4683,#4675,#4725,.T.);
#4725 = CIRCLE('',#4726,2.);
#4726 = AXIS2_PLACEMENT_3D('',#4727,#4728,#4729);
#4727 = CARTESIAN_POINT('',(-7.797498937699E-16,-0.202749700614,
    -13.04336266204));
#4728 = DIRECTION('',(-1.107845951907E-16,-6.540312923005E-02,
    -0.997858923239));
#4729 = DIRECTION('',(1.54074395551E-32,-0.997858923239,
    6.540312923005E-02));
#4730 = CYLINDRICAL_SURFACE('',#4731,2.);
#4731 = AXIS2_PLACEMENT_3D('',#4732,#4733,#4734);
#4732 = CARTESIAN_POINT('',(-1.222888274532E-15,-0.464362217534,
    -17.03479835499));
#4733 = DIRECTION('',(1.107845951907E-16,6.540312923005E-02,
    0.997858923239));
#4734 = DIRECTION('',(-7.8577941731E-32,-0.997858923239,
    6.540312923005E-02));
#4735 = ADVANCED_FACE('',(#4736),#4762,.F.);
#4736 = FACE_BOUND('',#4737,.F.);
#4737 = EDGE_LOOP('',(#4738,#4749,#4755,#4756));
#4738 = ORIENTED_EDGE('',*,*,#4739,.T.);
#4739 = EDGE_CURVE('',#4740,#4742,#4744,.T.);
#4740 = VERTEX_POINT('',#4741);
#4741 = CARTESIAN_POINT('',(-3.6,0.780439638796,-14.86155921986));
#4742 = VERTEX_POINT('',#4743);
#4743 = CARTESIAN_POINT('',(-3.6,-0.152016155202,-13.79829716739));
#4744 = CIRCLE('',#4745,1.);
#4745 = AXIS2_PLACEMENT_3D('',#4746,#4747,#4748);
#4746 = CARTESIAN_POINT('',(-3.6,-0.217419284442,-14.79615609063));
#4747 = DIRECTION('',(1.,7.364805613938E-49,-1.110223024625E-16));
#4748 = DIRECTION('',(-1.110223024625E-16,-8.176576764481E-65,-1.));
#4749 = ORIENTED_EDGE('',*,*,#4750,.T.);
#4750 = EDGE_CURVE('',#4742,#4568,#4751,.T.);
#4751 = LINE('',#4752,#4753);
#4752 = CARTESIAN_POINT('',(-10.,-0.152016155212,-13.79829716739));
#4753 = VECTOR('',#4754,1.);
#4754 = DIRECTION('',(1.,7.364805613938E-49,-1.110223024625E-16));
#4755 = ORIENTED_EDGE('',*,*,#4567,.F.);
#4756 = ORIENTED_EDGE('',*,*,#4757,.T.);
#4757 = EDGE_CURVE('',#4558,#4740,#4758,.T.);
#4758 = LINE('',#4759,#4760);
#4759 = CARTESIAN_POINT('',(-10.,0.780439638797,-14.86155921986));
#4760 = VECTOR('',#4761,1.);
#4761 = DIRECTION('',(-1.,-7.364805613938E-49,1.110223024625E-16));
#4762 = CYLINDRICAL_SURFACE('',#4763,1.);
#4763 = AXIS2_PLACEMENT_3D('',#4764,#4765,#4766);
#4764 = CARTESIAN_POINT('',(-10.,-0.217419284442,-14.79615609063));
#4765 = DIRECTION('',(1.,7.364805613938E-49,-1.110223024625E-16));
#4766 = DIRECTION('',(-1.110223024625E-16,-8.176576764481E-65,-1.));
#4767 = ADVANCED_FACE('',(#4768),#4794,.F.);
#4768 = FACE_BOUND('',#4769,.F.);
#4769 = EDGE_LOOP('',(#4770,#4781,#4787,#4788));
#4770 = ORIENTED_EDGE('',*,*,#4771,.T.);
#4771 = EDGE_CURVE('',#4772,#4774,#4776,.T.);
#4772 = VERTEX_POINT('',#4773);
#4773 = CARTESIAN_POINT('',(-3.6,-0.35158793985,-13.78521654154));
#4774 = VERTEX_POINT('',#4775);
#4775 = CARTESIAN_POINT('',(-3.6,-1.414849992329,-14.71767233555));
#4776 = CIRCLE('',#4777,1.);
#4777 = AXIS2_PLACEMENT_3D('',#4778,#4779,#4780);
#4778 = CARTESIAN_POINT('',(-3.6,-0.41699106909,-14.78307546478));
#4779 = DIRECTION('',(1.,7.364805613938E-49,-1.110223024625E-16));
#4780 = DIRECTION('',(-1.110223024625E-16,-8.176576764481E-65,-1.));
#4781 = ORIENTED_EDGE('',*,*,#4782,.T.);
#4782 = EDGE_CURVE('',#4774,#4592,#4783,.T.);
#4783 = LINE('',#4784,#4785);
#4784 = CARTESIAN_POINT('',(-10.,-1.414849992329,-14.71767233555));
#4785 = VECTOR('',#4786,1.);
#4786 = DIRECTION('',(1.,7.364805613938E-49,-1.110223024625E-16));
#4787 = ORIENTED_EDGE('',*,*,#4591,.F.);
#4788 = ORIENTED_EDGE('',*,*,#4789,.T.);
#4789 = EDGE_CURVE('',#4583,#4772,#4790,.T.);
#4790 = LINE('',#4791,#4792);
#4791 = CARTESIAN_POINT('',(-10.,-0.35158793986,-13.78521654154));
#4792 = VECTOR('',#4793,1.);
#4793 = DIRECTION('',(-1.,-7.364805613938E-49,1.110223024625E-16));
#4794 = CYLINDRICAL_SURFACE('',#4795,1.);
#4795 = AXIS2_PLACEMENT_3D('',#4796,#4797,#4798);
#4796 = CARTESIAN_POINT('',(-10.,-0.41699106909,-14.78307546478));
#4797 = DIRECTION('',(1.,7.364805613938E-49,-1.110223024625E-16));
#4798 = DIRECTION('',(-1.110223024625E-16,-8.176576764481E-65,-1.));
#4799 = ADVANCED_FACE('',(#4800,#4804),#4814,.F.);
#4800 = FACE_BOUND('',#4801,.T.);
#4801 = EDGE_LOOP('',(#4802,#4803));
#4802 = ORIENTED_EDGE('',*,*,#4724,.F.);
#4803 = ORIENTED_EDGE('',*,*,#4682,.F.);
#4804 = FACE_BOUND('',#4805,.T.);
#4805 = EDGE_LOOP('',(#4806,#4807));
#4806 = ORIENTED_EDGE('',*,*,#4631,.T.);
#4807 = ORIENTED_EDGE('',*,*,#4808,.T.);
#4808 = EDGE_CURVE('',#4632,#4624,#4809,.T.);
#4809 = CIRCLE('',#4810,3.);
#4810 = AXIS2_PLACEMENT_3D('',#4811,#4812,#4813);
#4811 = CARTESIAN_POINT('',(-7.797498937699E-16,-0.202749700614,
    -13.04336266204));
#4812 = DIRECTION('',(-1.107845951907E-16,-6.540312923005E-02,
    -0.997858923239));
#4813 = DIRECTION('',(-1.54074395551E-32,-0.997858923239,
    6.540312923005E-02));
#4814 = PLANE('',#4815);
#4815 = AXIS2_PLACEMENT_3D('',#4816,#4817,#4818);
#4816 = CARTESIAN_POINT('',(-7.797498937689E-16,-0.202749700613,
    -13.04336266204));
#4817 = DIRECTION('',(1.107845951907E-16,6.540312923005E-02,
    0.997858923239));
#4818 = DIRECTION('',(-6.162975822039E-33,-0.997858923239,
    6.540312923005E-02));
#4819 = ADVANCED_FACE('',(#4820),#4832,.F.);
#4820 = FACE_BOUND('',#4821,.F.);
#4821 = EDGE_LOOP('',(#4822,#4823,#4824,#4831));
#4822 = ORIENTED_EDGE('',*,*,#4808,.T.);
#4823 = ORIENTED_EDGE('',*,*,#4623,.F.);
#4824 = ORIENTED_EDGE('',*,*,#4825,.F.);
#4825 = EDGE_CURVE('',#4641,#4615,#4826,.T.);
#4826 = CIRCLE('',#4827,3.);
#4827 = AXIS2_PLACEMENT_3D('',#4828,#4829,#4830);
#4828 = CARTESIAN_POINT('',(-1.222888274532E-15,-0.464362217534,
    -17.03479835499));
#4829 = DIRECTION('',(-1.107845951907E-16,-6.540312923005E-02,
    -0.997858923239));
#4830 = DIRECTION('',(4.77630626208E-32,-0.997858923239,
    6.540312923005E-02));
#4831 = ORIENTED_EDGE('',*,*,#4640,.T.);
#4832 = CYLINDRICAL_SURFACE('',#4833,3.);
#4833 = AXIS2_PLACEMENT_3D('',#4834,#4835,#4836);
#4834 = CARTESIAN_POINT('',(-1.222888274532E-15,-0.464362217534,
    -17.03479835499));
#4835 = DIRECTION('',(1.107845951907E-16,6.540312923005E-02,
    0.997858923239));
#4836 = DIRECTION('',(4.77630626208E-32,-0.997858923239,
    6.540312923005E-02));
#4837 = ADVANCED_FACE('',(#4838),#4882,.F.);
#4838 = FACE_BOUND('',#4839,.T.);
#4839 = EDGE_LOOP('',(#4840,#4849,#4857,#4863,#4864,#4865,#4866,#4874,
    #4880,#4881));
#4840 = ORIENTED_EDGE('',*,*,#4841,.F.);
#4841 = EDGE_CURVE('',#4842,#4494,#4844,.T.);
#4842 = VERTEX_POINT('',#4843);
#4843 = CARTESIAN_POINT('',(-3.6,-2.204188700057,-16.92076410262));
#4844 = CIRCLE('',#4845,4.);
#4845 = AXIS2_PLACEMENT_3D('',#4846,#4847,#4848);
#4846 = CARTESIAN_POINT('',(-1.222888274532E-15,-0.464362217534,
    -17.03479835499));
#4847 = DIRECTION('',(1.107845951907E-16,6.540312923005E-02,
    0.997858923239));
#4848 = DIRECTION('',(-1.54074395551E-32,0.997858923239,
    -6.540312923005E-02));
#4849 = ORIENTED_EDGE('',*,*,#4850,.F.);
#4850 = EDGE_CURVE('',#4851,#4842,#4853,.T.);
#4851 = VERTEX_POINT('',#4852);
#4852 = CARTESIAN_POINT('',(-3.6,-1.562007033096,-16.96285491283));
#4853 = LINE('',#4854,#4855);
#4854 = CARTESIAN_POINT('',(-3.6,2.155017455967,-17.20648156922));
#4855 = VECTOR('',#4856,1.);
#4856 = DIRECTION('',(0.,-0.997858923239,6.540312923005E-02));
#4857 = ORIENTED_EDGE('',*,*,#4858,.T.);
#4858 = EDGE_CURVE('',#4851,#4607,#4859,.T.);
#4859 = LINE('',#4860,#4861);
#4860 = CARTESIAN_POINT('',(-10.,-1.562007033096,-16.96285491284));
#4861 = VECTOR('',#4862,1.);
#4862 = DIRECTION('',(1.,7.245659195965E-18,-4.749055940824E-19));
#4863 = ORIENTED_EDGE('',*,*,#4614,.F.);
#4864 = ORIENTED_EDGE('',*,*,#4825,.F.);
#4865 = ORIENTED_EDGE('',*,*,#4648,.F.);
#4866 = ORIENTED_EDGE('',*,*,#4867,.T.);
#4867 = EDGE_CURVE('',#4560,#4868,#4870,.T.);
#4868 = VERTEX_POINT('',#4869);
#4869 = CARTESIAN_POINT('',(-3.6,0.633282598028,-17.10674179714));
#4870 = LINE('',#4871,#4872);
#4871 = CARTESIAN_POINT('',(-10.,0.633282598029,-17.10674179714));
#4872 = VECTOR('',#4873,1.);
#4873 = DIRECTION('',(-1.,-7.245659195965E-18,4.749055940824E-19));
#4874 = ORIENTED_EDGE('',*,*,#4875,.F.);
#4875 = EDGE_CURVE('',#4535,#4868,#4876,.T.);
#4876 = LINE('',#4877,#4878);
#4877 = CARTESIAN_POINT('',(-3.6,2.155017455967,-17.20648156922));
#4878 = VECTOR('',#4879,1.);
#4879 = DIRECTION('',(0.,-0.997858923239,6.540312923005E-02));
#4880 = ORIENTED_EDGE('',*,*,#4534,.F.);
#4881 = ORIENTED_EDGE('',*,*,#4501,.F.);
#4882 = PLANE('',#4883);
#4883 = AXIS2_PLACEMENT_3D('',#4884,#4885,#4886);
#4884 = CARTESIAN_POINT('',(-1.24194894027E-15,2.155017455967,
    -17.20648156922));
#4885 = DIRECTION('',(1.107845951907E-16,6.540312923005E-02,
    0.997858923239));
#4886 = DIRECTION('',(-6.162975822039E-33,-0.997858923239,
    6.540312923005E-02));
#4887 = ADVANCED_FACE('',(#4888),#4899,.F.);
#4888 = FACE_BOUND('',#4889,.T.);
#4889 = EDGE_LOOP('',(#4890,#4891,#4892,#4893));
#4890 = ORIENTED_EDGE('',*,*,#4782,.T.);
#4891 = ORIENTED_EDGE('',*,*,#4606,.F.);
#4892 = ORIENTED_EDGE('',*,*,#4858,.F.);
#4893 = ORIENTED_EDGE('',*,*,#4894,.T.);
#4894 = EDGE_CURVE('',#4851,#4774,#4895,.T.);
#4895 = LINE('',#4896,#4897);
#4896 = CARTESIAN_POINT('',(-3.6,-1.562007033096,-16.96285491284));
#4897 = VECTOR('',#4898,1.);
#4898 = DIRECTION('',(1.927470528858E-16,6.540312922965E-02,
    0.997858923239));
#4899 = PLANE('',#4900);
#4900 = AXIS2_PLACEMENT_3D('',#4901,#4902,#4903);
#4901 = CARTESIAN_POINT('',(-10.,-1.562007033096,-16.96285491284));
#4902 = DIRECTION('',(7.261205995375E-18,-0.997858923239,
    6.540312923005E-02));
#4903 = DIRECTION('',(-1.925929944387E-34,-6.540312923005E-02,
    -0.997858923239));
#4904 = ADVANCED_FACE('',(#4905),#4916,.F.);
#4905 = FACE_BOUND('',#4906,.T.);
#4906 = EDGE_LOOP('',(#4907,#4908,#4909,#4910));
#4907 = ORIENTED_EDGE('',*,*,#4750,.T.);
#4908 = ORIENTED_EDGE('',*,*,#4582,.F.);
#4909 = ORIENTED_EDGE('',*,*,#4789,.T.);
#4910 = ORIENTED_EDGE('',*,*,#4911,.T.);
#4911 = EDGE_CURVE('',#4772,#4742,#4912,.T.);
#4912 = LINE('',#4913,#4914);
#4913 = CARTESIAN_POINT('',(-3.6,-0.35158793986,-13.78521654154));
#4914 = VECTOR('',#4915,1.);
#4915 = DIRECTION('',(2.168404344967E-15,0.997858923237,
    -6.540312924986E-02));
#4916 = PLANE('',#4917);
#4917 = AXIS2_PLACEMENT_3D('',#4918,#4919,#4920);
#4918 = CARTESIAN_POINT('',(-10.,-0.35158793986,-13.78521654154));
#4919 = DIRECTION('',(1.107845951907E-16,6.540312923005E-02,
    0.997858923239));
#4920 = DIRECTION('',(-6.162975822039E-33,-0.997858923239,
    6.540312923005E-02));
#4921 = ADVANCED_FACE('',(#4922),#4933,.F.);
#4922 = FACE_BOUND('',#4923,.T.);
#4923 = EDGE_LOOP('',(#4924,#4925,#4926,#4927));
#4924 = ORIENTED_EDGE('',*,*,#4867,.F.);
#4925 = ORIENTED_EDGE('',*,*,#4557,.F.);
#4926 = ORIENTED_EDGE('',*,*,#4757,.T.);
#4927 = ORIENTED_EDGE('',*,*,#4928,.T.);
#4928 = EDGE_CURVE('',#4740,#4868,#4929,.T.);
#4929 = LINE('',#4930,#4931);
#4930 = CARTESIAN_POINT('',(-3.6,0.780439638796,-14.86155921986));
#4931 = VECTOR('',#4932,1.);
#4932 = DIRECTION('',(-1.927470528867E-16,-6.540312923036E-02,
    -0.997858923239));
#4933 = PLANE('',#4934);
#4934 = AXIS2_PLACEMENT_3D('',#4935,#4936,#4937);
#4935 = CARTESIAN_POINT('',(-10.,0.780439638796,-14.86155921986));
#4936 = DIRECTION('',(-7.261205995375E-18,0.997858923239,
    -6.540312923005E-02));
#4937 = DIRECTION('',(1.925929944387E-34,6.540312923005E-02,
    0.997858923239));
#4938 = ADVANCED_FACE('',(#4939),#4958,.T.);
#4939 = FACE_BOUND('',#4940,.T.);
#4940 = EDGE_LOOP('',(#4941,#4951));
#4941 = ORIENTED_EDGE('',*,*,#4942,.T.);
#4942 = EDGE_CURVE('',#4943,#4945,#4947,.T.);
#4943 = VERTEX_POINT('',#4944);
#4944 = CARTESIAN_POINT('',(-2.750000000048,7.340544627413E-04,
    -12.38153908633));
#4945 = VERTEX_POINT('',#4946);
#4946 = CARTESIAN_POINT('',(-2.750000000024,7.340544627408E-04,
    -11.31032482194));
#4947 = LINE('',#4948,#4949);
#4948 = CARTESIAN_POINT('',(-2.75,7.340544627411E-04,-11.84593195415));
#4949 = VECTOR('',#4950,1.);
#4950 = DIRECTION('',(0.,-4.286122238376E-16,1.));
#4951 = ORIENTED_EDGE('',*,*,#4952,.F.);
#4952 = EDGE_CURVE('',#4943,#4945,#4953,.T.);
#4953 = CIRCLE('',#4954,0.55000000004);
#4954 = AXIS2_PLACEMENT_3D('',#4955,#4956,#4957);
#4955 = CARTESIAN_POINT('',(-2.750000000049,-0.124265945537,
    -11.84593195415));
#4956 = DIRECTION('',(1.,-0.,0.));
#4957 = DIRECTION('',(0.,0.,-1.));
#4958 = PLANE('',#4959);
#4959 = AXIS2_PLACEMENT_3D('',#4960,#4961,#4962);
#4960 = CARTESIAN_POINT('',(-2.75,0.275734054463,-11.84593195415));
#4961 = DIRECTION('',(-1.,0.,1.110223024634E-16));
#4962 = DIRECTION('',(1.110223024634E-16,0.,1.));
#4963 = ADVANCED_FACE('',(#4964),#4983,.T.);
#4964 = FACE_BOUND('',#4965,.T.);
#4965 = EDGE_LOOP('',(#4966,#4976));
#4966 = ORIENTED_EDGE('',*,*,#4967,.T.);
#4967 = EDGE_CURVE('',#4968,#4970,#4972,.T.);
#4968 = VERTEX_POINT('',#4969);
#4969 = CARTESIAN_POINT('',(-2.750000000048,-0.249265945537,
    -11.31032482196));
#4970 = VERTEX_POINT('',#4971);
#4971 = CARTESIAN_POINT('',(-2.750000000024,-0.249265945537,
    -12.38153908635));
#4972 = LINE('',#4973,#4974);
#4973 = CARTESIAN_POINT('',(-2.75,-0.249265945537,-11.84593195415));
#4974 = VECTOR('',#4975,1.);
#4975 = DIRECTION('',(0.,4.286122238376E-16,-1.));
#4976 = ORIENTED_EDGE('',*,*,#4977,.F.);
#4977 = EDGE_CURVE('',#4968,#4970,#4978,.T.);
#4978 = CIRCLE('',#4979,0.55000000004);
#4979 = AXIS2_PLACEMENT_3D('',#4980,#4981,#4982);
#4980 = CARTESIAN_POINT('',(-2.750000000049,-0.124265945537,
    -11.84593195415));
#4981 = DIRECTION('',(1.,-0.,0.));
#4982 = DIRECTION('',(0.,0.,-1.));
#4983 = PLANE('',#4984);
#4984 = AXIS2_PLACEMENT_3D('',#4985,#4986,#4987);
#4985 = CARTESIAN_POINT('',(-2.75,0.275734054463,-11.84593195415));
#4986 = DIRECTION('',(-1.,0.,1.110223024634E-16));
#4987 = DIRECTION('',(1.110223024634E-16,0.,1.));
#4988 = ADVANCED_FACE('',(#4989),#5008,.T.);
#4989 = FACE_BOUND('',#4990,.T.);
#4990 = EDGE_LOOP('',(#4991,#4992,#5001,#5007));
#4991 = ORIENTED_EDGE('',*,*,#4493,.F.);
#4992 = ORIENTED_EDGE('',*,*,#4993,.T.);
#4993 = EDGE_CURVE('',#4485,#4994,#4996,.T.);
#4994 = VERTEX_POINT('',#4995);
#4995 = CARTESIAN_POINT('',(-3.6,-1.975277747752,-13.42825787129));
#4996 = CIRCLE('',#4997,4.);
#4997 = AXIS2_PLACEMENT_3D('',#4998,#4999,#5000);
#4998 = CARTESIAN_POINT('',(-8.351421913651E-16,-0.235451265229,
    -13.54229212365));
#4999 = DIRECTION('',(-1.107845951907E-16,-6.540312923005E-02,
    -0.997858923239));
#5000 = DIRECTION('',(-1.54074395551E-32,0.997858923239,
    -6.540312923005E-02));
#5001 = ORIENTED_EDGE('',*,*,#5002,.T.);
#5002 = EDGE_CURVE('',#4994,#4842,#5003,.T.);
#5003 = LINE('',#5004,#5005);
#5004 = CARTESIAN_POINT('',(-3.6,-1.975277747751,-13.42825787129));
#5005 = VECTOR('',#5006,1.);
#5006 = DIRECTION('',(-1.239088197125E-16,-6.540312923013E-02,
    -0.997858923239));
#5007 = ORIENTED_EDGE('',*,*,#4841,.T.);
#5008 = CYLINDRICAL_SURFACE('',#5009,4.);
#5009 = AXIS2_PLACEMENT_3D('',#5010,#5011,#5012);
#5010 = CARTESIAN_POINT('',(-9.736229353527E-16,-0.317205176766,
    -14.7896157777));
#5011 = DIRECTION('',(-1.107845951907E-16,-6.540312923005E-02,
    -0.997858923239));
#5012 = DIRECTION('',(-1.54074395551E-32,0.997858923239,
    -6.540312923005E-02));
#5013 = ADVANCED_FACE('',(#5014),#5031,.F.);
#5014 = FACE_BOUND('',#5015,.T.);
#5015 = EDGE_LOOP('',(#5016,#5017,#5018,#5019,#5020,#5021,#5022,#5028,
    #5029,#5030));
#5016 = ORIENTED_EDGE('',*,*,#4739,.T.);
#5017 = ORIENTED_EDGE('',*,*,#4911,.F.);
#5018 = ORIENTED_EDGE('',*,*,#4771,.T.);
#5019 = ORIENTED_EDGE('',*,*,#4894,.F.);
#5020 = ORIENTED_EDGE('',*,*,#4850,.T.);
#5021 = ORIENTED_EDGE('',*,*,#5002,.F.);
#5022 = ORIENTED_EDGE('',*,*,#5023,.T.);
#5023 = EDGE_CURVE('',#4994,#4525,#5024,.T.);
#5024 = LINE('',#5025,#5026);
#5025 = CARTESIAN_POINT('',(-3.6,3.506519696916,-13.78755385827));
#5026 = VECTOR('',#5027,1.);
#5027 = DIRECTION('',(0.,0.997858923239,-6.540312923005E-02));
#5028 = ORIENTED_EDGE('',*,*,#4543,.F.);
#5029 = ORIENTED_EDGE('',*,*,#4875,.T.);
#5030 = ORIENTED_EDGE('',*,*,#4928,.F.);
#5031 = PLANE('',#5032);
#5032 = AXIS2_PLACEMENT_3D('',#5033,#5034,#5035);
#5033 = CARTESIAN_POINT('',(-3.6,3.52707347542,-17.29641087191));
#5034 = DIRECTION('',(1.,-2.942715809753E-16,-9.173472403728E-17));
#5035 = DIRECTION('',(2.942715809753E-16,1.,0.));
#5036 = ADVANCED_FACE('',(#5037),#5055,.T.);
#5037 = FACE_BOUND('',#5038,.T.);
#5038 = EDGE_LOOP('',(#5039,#5040,#5047,#5048));
#5039 = ORIENTED_EDGE('',*,*,#4977,.T.);
#5040 = ORIENTED_EDGE('',*,*,#5041,.T.);
#5041 = EDGE_CURVE('',#4970,#4376,#5042,.T.);
#5042 = B_SPLINE_CURVE_WITH_KNOTS('',3,(#5043,#5044,#5045,#5046),
  .UNSPECIFIED.,.F.,.F.,(4,4),(2.899571095794E-14,8.659771552229E-05),
  .PIECEWISE_BEZIER_KNOTS.);
#5043 = CARTESIAN_POINT('',(-2.750000000024,-0.249265945537,
    -12.38153908635));
#5044 = CARTESIAN_POINT('',(-2.729861103207,-0.249265945537,
    -12.40221915683));
#5045 = CARTESIAN_POINT('',(-2.709691591263,-0.249265945537,
    -12.42286943538));
#5046 = CARTESIAN_POINT('',(-2.689500000008,-0.249265945537,
    -12.44349805928));
#5047 = ORIENTED_EDGE('',*,*,#4383,.T.);
#5048 = ORIENTED_EDGE('',*,*,#5049,.T.);
#5049 = EDGE_CURVE('',#4384,#4968,#5050,.T.);
#5050 = B_SPLINE_CURVE_WITH_KNOTS('',3,(#5051,#5052,#5053,#5054),
  .UNSPECIFIED.,.F.,.F.,(4,4),(1.686901515937E-17,8.659771552665E-05),
  .PIECEWISE_BEZIER_KNOTS.);
#5051 = CARTESIAN_POINT('',(-2.689500000008,-0.249265945537,
    -11.24836584901));
#5052 = CARTESIAN_POINT('',(-2.709691591263,-0.249265945537,
    -11.26899447291));
#5053 = CARTESIAN_POINT('',(-2.729861103208,-0.249265945537,
    -11.28964475147));
#5054 = CARTESIAN_POINT('',(-2.750000000048,-0.249265945537,
    -11.31032482196));
#5055 = CONICAL_SURFACE('',#5056,0.610500000001,0.785398162928);
#5056 = AXIS2_PLACEMENT_3D('',#5057,#5058,#5059);
#5057 = CARTESIAN_POINT('',(-2.689500000031,-0.124265945537,
    -11.84593195415));
#5058 = DIRECTION('',(1.,-0.,0.));
#5059 = DIRECTION('',(0.,0.,-1.));
#5060 = ADVANCED_FACE('',(#5061),#5089,.T.);
#5061 = FACE_BOUND('',#5062,.T.);
#5062 = EDGE_LOOP('',(#5063,#5064,#5073,#5082));
#5063 = ORIENTED_EDGE('',*,*,#4952,.T.);
#5064 = ORIENTED_EDGE('',*,*,#5065,.T.);
#5065 = EDGE_CURVE('',#4945,#5066,#5068,.T.);
#5066 = VERTEX_POINT('',#5067);
#5067 = CARTESIAN_POINT('',(-2.689500000008,7.340544627264E-04,
    -11.24836584901));
#5068 = B_SPLINE_CURVE_WITH_KNOTS('',3,(#5069,#5070,#5071,#5072),
  .UNSPECIFIED.,.F.,.F.,(4,4),(2.902669224372E-14,8.659771552234E-05),
  .PIECEWISE_BEZIER_KNOTS.);
#5069 = CARTESIAN_POINT('',(-2.750000000024,7.340544627408E-04,
    -11.31032482194));
#5070 = CARTESIAN_POINT('',(-2.729861103207,7.340544627408E-04,
    -11.28964475146));
#5071 = CARTESIAN_POINT('',(-2.709691591263,7.340544627408E-04,
    -11.26899447291));
#5072 = CARTESIAN_POINT('',(-2.689500000008,7.340544627264E-04,
    -11.24836584901));
#5073 = ORIENTED_EDGE('',*,*,#5074,.T.);
#5074 = EDGE_CURVE('',#5066,#5075,#5077,.T.);
#5075 = VERTEX_POINT('',#5076);
#5076 = CARTESIAN_POINT('',(-2.689500000008,7.340544627413E-04,
    -12.44349805928));
#5077 = CIRCLE('',#5078,0.6105);
#5078 = AXIS2_PLACEMENT_3D('',#5079,#5080,#5081);
#5079 = CARTESIAN_POINT('',(-2.6895,-0.124265945537,-11.84593195415));
#5080 = DIRECTION('',(-1.,-7.364805613938E-49,1.110223024625E-16));
#5081 = DIRECTION('',(1.110223024625E-16,8.176576764481E-65,1.));
#5082 = ORIENTED_EDGE('',*,*,#5083,.T.);
#5083 = EDGE_CURVE('',#5075,#4943,#5084,.T.);
#5084 = B_SPLINE_CURVE_WITH_KNOTS('',3,(#5085,#5086,#5087,#5088),
  .UNSPECIFIED.,.F.,.F.,(4,4),(1.657092273689E-17,8.659771552666E-05),
  .PIECEWISE_BEZIER_KNOTS.);
#5085 = CARTESIAN_POINT('',(-2.689500000008,7.340544627413E-04,
    -12.44349805928));
#5086 = CARTESIAN_POINT('',(-2.709691591263,7.340544627413E-04,
    -12.42286943538));
#5087 = CARTESIAN_POINT('',(-2.729861103208,7.340544627413E-04,
    -12.40221915682));
#5088 = CARTESIAN_POINT('',(-2.750000000048,7.340544627413E-04,
    -12.38153908633));
#5089 = CONICAL_SURFACE('',#5090,0.610500000001,0.785398162928);
#5090 = AXIS2_PLACEMENT_3D('',#5091,#5092,#5093);
#5091 = CARTESIAN_POINT('',(-2.689500000031,-0.124265945537,
    -11.84593195415));
#5092 = DIRECTION('',(1.,-0.,0.));
#5093 = DIRECTION('',(0.,0.,-1.));
#5094 = ADVANCED_FACE('',(#5095),#5122,.F.);
#5095 = FACE_BOUND('',#5096,.T.);
#5096 = EDGE_LOOP('',(#5097,#5098,#5099,#5100,#5108,#5116));
#5097 = ORIENTED_EDGE('',*,*,#5065,.F.);
#5098 = ORIENTED_EDGE('',*,*,#4942,.F.);
#5099 = ORIENTED_EDGE('',*,*,#5083,.F.);
#5100 = ORIENTED_EDGE('',*,*,#5101,.T.);
#5101 = EDGE_CURVE('',#5075,#5102,#5104,.T.);
#5102 = VERTEX_POINT('',#5103);
#5103 = CARTESIAN_POINT('',(-2.35,7.340544627268E-04,-12.44349805928));
#5104 = LINE('',#5105,#5106);
#5105 = CARTESIAN_POINT('',(-1.8,7.340544627124E-04,-12.44349805928));
#5106 = VECTOR('',#5107,1.);
#5107 = DIRECTION('',(1.,7.364805613938E-49,-1.110223024625E-16));
#5108 = ORIENTED_EDGE('',*,*,#5109,.T.);
#5109 = EDGE_CURVE('',#5102,#5110,#5112,.T.);
#5110 = VERTEX_POINT('',#5111);
#5111 = CARTESIAN_POINT('',(-2.35,7.340544627267E-04,-11.24836584902));
#5112 = LINE('',#5113,#5114);
#5113 = CARTESIAN_POINT('',(-2.35,7.340544627413E-04,-11.84593195415));
#5114 = VECTOR('',#5115,1.);
#5115 = DIRECTION('',(1.110223024634E-16,-0.,1.));
#5116 = ORIENTED_EDGE('',*,*,#5117,.T.);
#5117 = EDGE_CURVE('',#5110,#5066,#5118,.T.);
#5118 = LINE('',#5119,#5120);
#5119 = CARTESIAN_POINT('',(-1.8,7.340544627121E-04,-11.24836584902));
#5120 = VECTOR('',#5121,1.);
#5121 = DIRECTION('',(-1.,-7.364805613938E-49,1.110223024625E-16));
#5122 = PLANE('',#5123);
#5123 = AXIS2_PLACEMENT_3D('',#5124,#5125,#5126);
#5124 = CARTESIAN_POINT('',(-2.35,7.34054462741E-04,-11.84593195415));
#5125 = DIRECTION('',(1.394839642603E-16,1.,4.286122238376E-16));
#5126 = DIRECTION('',(0.,-4.286122238376E-16,1.));
#5127 = ADVANCED_FACE('',(#5128),#5153,.F.);
#5128 = FACE_BOUND('',#5129,.T.);
#5129 = EDGE_LOOP('',(#5130,#5131,#5138,#5139,#5146,#5147));
#5130 = ORIENTED_EDGE('',*,*,#4400,.T.);
#5131 = ORIENTED_EDGE('',*,*,#5132,.T.);
#5132 = EDGE_CURVE('',#4401,#5110,#5133,.T.);
#5133 = CIRCLE('',#5134,0.6105);
#5134 = AXIS2_PLACEMENT_3D('',#5135,#5136,#5137);
#5135 = CARTESIAN_POINT('',(-2.35,-0.124265945537,-11.84593195415));
#5136 = DIRECTION('',(-1.,-7.364805613938E-49,1.110223024625E-16));
#5137 = DIRECTION('',(1.110223024625E-16,8.176576764481E-65,1.));
#5138 = ORIENTED_EDGE('',*,*,#5109,.F.);
#5139 = ORIENTED_EDGE('',*,*,#5140,.T.);
#5140 = EDGE_CURVE('',#5102,#4427,#5141,.T.);
#5141 = CIRCLE('',#5142,0.6105);
#5142 = AXIS2_PLACEMENT_3D('',#5143,#5144,#5145);
#5143 = CARTESIAN_POINT('',(-2.35,-0.124265945537,-11.84593195415));
#5144 = DIRECTION('',(-1.,-7.364805613938E-49,1.110223024625E-16));
#5145 = DIRECTION('',(1.110223024625E-16,8.176576764481E-65,1.));
#5146 = ORIENTED_EDGE('',*,*,#4434,.T.);
#5147 = ORIENTED_EDGE('',*,*,#5148,.T.);
#5148 = EDGE_CURVE('',#4374,#4393,#5149,.T.);
#5149 = LINE('',#5150,#5151);
#5150 = CARTESIAN_POINT('',(-2.35,-0.249265945537,-11.84593195415));
#5151 = VECTOR('',#5152,1.);
#5152 = DIRECTION('',(-0.,-4.286122238376E-16,1.));
#5153 = PLANE('',#5154);
#5154 = AXIS2_PLACEMENT_3D('',#5155,#5156,#5157);
#5155 = CARTESIAN_POINT('',(-2.35,-0.249265945537,-11.84593195415));
#5156 = DIRECTION('',(1.,0.,-1.110223024634E-16));
#5157 = DIRECTION('',(-1.110223024634E-16,0.,-1.));
#5158 = ADVANCED_FACE('',(#5159),#5167,.F.);
#5159 = FACE_BOUND('',#5160,.T.);
#5160 = EDGE_LOOP('',(#5161,#5162,#5163,#5164,#5165,#5166));
#5161 = ORIENTED_EDGE('',*,*,#5148,.F.);
#5162 = ORIENTED_EDGE('',*,*,#4373,.T.);
#5163 = ORIENTED_EDGE('',*,*,#5041,.F.);
#5164 = ORIENTED_EDGE('',*,*,#4967,.F.);
#5165 = ORIENTED_EDGE('',*,*,#5049,.F.);
#5166 = ORIENTED_EDGE('',*,*,#4392,.T.);
#5167 = PLANE('',#5168);
#5168 = AXIS2_PLACEMENT_3D('',#5169,#5170,#5171);
#5169 = CARTESIAN_POINT('',(-2.971836167754,-0.249265945537,
    -11.84593195415));
#5170 = DIRECTION('',(-4.758551595441E-32,-1.,-4.286122238376E-16));
#5171 = DIRECTION('',(0.,4.286122238376E-16,-1.));
#5172 = ADVANCED_FACE('',(#5173,#5183),#5189,.F.);
#5173 = FACE_BOUND('',#5174,.T.);
#5174 = EDGE_LOOP('',(#5175,#5182));
#5175 = ORIENTED_EDGE('',*,*,#5176,.F.);
#5176 = EDGE_CURVE('',#4351,#4343,#5177,.T.);
#5177 = CIRCLE('',#5178,3.5);
#5178 = AXIS2_PLACEMENT_3D('',#5179,#5180,#5181);
#5179 = CARTESIAN_POINT('',(-8.351421913637E-16,-0.235451265228,
    -13.54229212365));
#5180 = DIRECTION('',(1.107845951907E-16,6.540312923005E-02,
    0.997858923239));
#5181 = DIRECTION('',(2.465190328816E-32,0.997858923239,
    -6.540312923005E-02));
#5182 = ORIENTED_EDGE('',*,*,#4350,.F.);
#5183 = FACE_BOUND('',#5184,.T.);
#5184 = EDGE_LOOP('',(#5185,#5186,#5187,#5188));
#5185 = ORIENTED_EDGE('',*,*,#4524,.F.);
#5186 = ORIENTED_EDGE('',*,*,#5023,.F.);
#5187 = ORIENTED_EDGE('',*,*,#4993,.F.);
#5188 = ORIENTED_EDGE('',*,*,#4482,.F.);
#5189 = PLANE('',#5190);
#5190 = AXIS2_PLACEMENT_3D('',#5191,#5192,#5193);
#5191 = CARTESIAN_POINT('',(-8.62371713847E-16,3.506519696916,
    -13.78755385827));
#5192 = DIRECTION('',(-1.107845951907E-16,-6.540312923005E-02,
    -0.997858923239));
#5193 = DIRECTION('',(6.162975822039E-33,0.997858923239,
    -6.540312923005E-02));
#5194 = ADVANCED_FACE('',(#5195),#5200,.T.);
#5195 = FACE_BOUND('',#5196,.T.);
#5196 = EDGE_LOOP('',(#5197,#5198,#5199));
#5197 = ORIENTED_EDGE('',*,*,#2907,.F.);
#5198 = ORIENTED_EDGE('',*,*,#4297,.F.);
#5199 = ORIENTED_EDGE('',*,*,#2916,.T.);
#5200 = ( BOUNDED_SURFACE() B_SPLINE_SURFACE(3,3,(
    (#5201,#5202,#5203,#5204)
    ,(#5205,#5206,#5207,#5208)
    ,(#5209,#5210,#5211,#5212)
    ,(#5213,#5214,#5215,#5216
)),.UNSPECIFIED.,.F.,.F.,.F.) B_SPLINE_SURFACE_WITH_KNOTS((4,4),(4,4),(
    0.,1.),(0.,1.),.PIECEWISE_BEZIER_KNOTS.) 
GEOMETRIC_REPRESENTATION_ITEM() RATIONAL_B_SPLINE_SURFACE((
    (1.,0.333333333333,0.333333333333,1.)
    ,(0.959795080577,0.319931693526,0.319931693526,0.959795080577)
    ,(0.959795080577,0.319931693526,0.319931693526,0.959795080577)
,(1.,0.333333333333,0.333333333333,1.
))) REPRESENTATION_ITEM('') SURFACE() );
#5201 = CARTESIAN_POINT('',(-3.485061825539,1.982412295175,9.05));
#5202 = CARTESIAN_POINT('',(-3.485061825539,1.982412295175,
    9.101423008746));
#5203 = CARTESIAN_POINT('',(-3.459350321165,2.026945927088,
    9.101423008746));
#5204 = CARTESIAN_POINT('',(-3.459350321165,2.026945927088,9.05));
#5205 = CARTESIAN_POINT('',(-3.476132313782,1.985662371665,9.05));
#5206 = CARTESIAN_POINT('',(-3.476132313782,1.985662371665,9.08686419938
    ));
#5207 = CARTESIAN_POINT('',(-3.457700214092,2.017587704819,9.08686419938
    ));
#5208 = CARTESIAN_POINT('',(-3.457700214092,2.017587704819,9.05));
#5209 = CARTESIAN_POINT('',(-3.468852909103,1.99177051745,9.05));
#5210 = CARTESIAN_POINT('',(-3.468852909103,1.99177051745,9.069005175863
    ));
#5211 = CARTESIAN_POINT('',(-3.459350321172,2.00822948255,9.069005175863
    ));
#5212 = CARTESIAN_POINT('',(-3.459350321172,2.00822948255,9.05));
#5213 = CARTESIAN_POINT('',(-3.464101615138,2.,9.05));
#5214 = CARTESIAN_POINT('',(-3.464101615138,2.,9.05));
#5215 = CARTESIAN_POINT('',(-3.464101615138,2.,9.05));
#5216 = CARTESIAN_POINT('',(-3.464101615138,2.,9.05));
#5217 = ADVANCED_FACE('',(#5218),#5223,.T.);
#5218 = FACE_BOUND('',#5219,.T.);
#5219 = EDGE_LOOP('',(#5220,#5221,#5222));
#5220 = ORIENTED_EDGE('',*,*,#2860,.F.);
#5221 = ORIENTED_EDGE('',*,*,#4263,.F.);
#5222 = ORIENTED_EDGE('',*,*,#2869,.T.);
#5223 = ( BOUNDED_SURFACE() B_SPLINE_SURFACE(3,3,(
    (#5224,#5225,#5226,#5227)
    ,(#5228,#5229,#5230,#5231)
    ,(#5232,#5233,#5234,#5235)
    ,(#5236,#5237,#5238,#5239
)),.UNSPECIFIED.,.F.,.F.,.F.) B_SPLINE_SURFACE_WITH_KNOTS((4,4),(4,4),(
    0.,1.),(0.,1.),.PIECEWISE_BEZIER_KNOTS.) 
GEOMETRIC_REPRESENTATION_ITEM() RATIONAL_B_SPLINE_SURFACE((
    (1.,0.333333333333,0.333333333333,1.)
    ,(0.95979508046,0.319931693487,0.319931693487,0.95979508046)
    ,(0.95979508046,0.319931693487,0.319931693487,0.95979508046)
,(1.,0.333333333333,0.333333333333,1.
))) REPRESENTATION_ITEM('') SURFACE() );
#5224 = CARTESIAN_POINT('',(3.459350321172,2.026945927129,9.05));
#5225 = CARTESIAN_POINT('',(3.459350321172,2.026945927129,9.10142300881)
  );
#5226 = CARTESIAN_POINT('',(3.485061825577,1.982412295161,9.10142300881)
  );
#5227 = CARTESIAN_POINT('',(3.485061825577,1.982412295161,9.05));
#5228 = CARTESIAN_POINT('',(3.457700214087,2.017587704847,9.05));
#5229 = CARTESIAN_POINT('',(3.457700214087,2.017587704847,9.086864199434
    ));
#5230 = CARTESIAN_POINT('',(3.476132313804,1.985662371647,9.086864199434
    ));
#5231 = CARTESIAN_POINT('',(3.476132313804,1.985662371647,9.05));
#5232 = CARTESIAN_POINT('',(3.459350321165,2.008229482563,9.05));
#5233 = CARTESIAN_POINT('',(3.459350321165,2.008229482563,9.069005175892
    ));
#5234 = CARTESIAN_POINT('',(3.468852909111,1.991770517437,9.069005175892
    ));
#5235 = CARTESIAN_POINT('',(3.468852909111,1.991770517437,9.05));
#5236 = CARTESIAN_POINT('',(3.464101615138,2.,9.05));
#5237 = CARTESIAN_POINT('',(3.464101615138,2.,9.05));
#5238 = CARTESIAN_POINT('',(3.464101615138,2.,9.05));
#5239 = CARTESIAN_POINT('',(3.464101615138,2.,9.05));
#5240 = ADVANCED_FACE('',(#5241),#5253,.T.);
#5241 = FACE_BOUND('',#5242,.T.);
#5242 = EDGE_LOOP('',(#5243,#5244,#5251,#5252));
#5243 = ORIENTED_EDGE('',*,*,#2804,.F.);
#5244 = ORIENTED_EDGE('',*,*,#5245,.F.);
#5245 = EDGE_CURVE('',#4228,#2794,#5246,.T.);
#5246 = CIRCLE('',#5247,2.57115043496E-02);
#5247 = AXIS2_PLACEMENT_3D('',#5248,#5249,#5250);
#5248 = CARTESIAN_POINT('',(1.67310609811E-15,-4.009358222334,9.05));
#5249 = DIRECTION('',(1.755519727298E-31,-1.,-3.061475439229E-16));
#5250 = DIRECTION('',(1.,1.755519727298E-31,5.374480528205E-47));
#5251 = ORIENTED_EDGE('',*,*,#4227,.F.);
#5252 = ORIENTED_EDGE('',*,*,#2813,.T.);
#5253 = ( BOUNDED_SURFACE() B_SPLINE_SURFACE(3,3,(
    (#5254,#5255,#5256,#5257)
    ,(#5258,#5259,#5260,#5261)
    ,(#5262,#5263,#5264,#5265)
    ,(#5266,#5267,#5268,#5269
)),.UNSPECIFIED.,.F.,.F.,.F.) B_SPLINE_SURFACE_WITH_KNOTS((4,4),(4,4),(
    0.,1.),(0.,1.),.PIECEWISE_BEZIER_KNOTS.) 
GEOMETRIC_REPRESENTATION_ITEM() RATIONAL_B_SPLINE_SURFACE((
    (1.,0.333333333333,0.333333333333,1.)
    ,(0.959795080383,0.319931693461,0.319931693461,0.959795080383)
    ,(0.959795080383,0.319931693461,0.319931693461,0.959795080383)
,(1.,0.333333333333,0.333333333333,1.
))) REPRESENTATION_ITEM('') SURFACE() );
#5254 = CARTESIAN_POINT('',(2.571150442542E-02,-4.009358222307,9.05));
#5255 = CARTESIAN_POINT('',(2.571150442542E-02,-4.009358222307,
    9.101423008851));
#5256 = CARTESIAN_POINT('',(-2.571150442541E-02,-4.009358222307,
    9.101423008851));
#5257 = CARTESIAN_POINT('',(-2.571150442541E-02,-4.009358222307,9.05));
#5258 = CARTESIAN_POINT('',(1.84320997342E-02,-4.0032500765,9.05));
#5259 = CARTESIAN_POINT('',(1.84320997342E-02,-4.0032500765,
    9.086864199468));
#5260 = CARTESIAN_POINT('',(-1.84320997342E-02,-4.0032500765,
    9.086864199468));
#5261 = CARTESIAN_POINT('',(-1.84320997342E-02,-4.0032500765,9.05));
#5262 = CARTESIAN_POINT('',(9.50258795579E-03,-4.,9.05));
#5263 = CARTESIAN_POINT('',(9.50258795579E-03,-4.,9.069005175912));
#5264 = CARTESIAN_POINT('',(-9.502587955786E-03,-4.,9.069005175912));
#5265 = CARTESIAN_POINT('',(-9.502587955786E-03,-4.,9.05));
#5266 = CARTESIAN_POINT('',(1.678004685307E-15,-4.,9.05));
#5267 = CARTESIAN_POINT('',(1.678004685307E-15,-4.,9.05));
#5268 = CARTESIAN_POINT('',(1.668207510913E-15,-4.,9.05));
#5269 = CARTESIAN_POINT('',(1.668207510913E-15,-4.,9.05));
#5270 = ADVANCED_FACE('',(#5271),#5290,.F.);
#5271 = FACE_BOUND('',#5272,.T.);
#5272 = EDGE_LOOP('',(#5273,#5283));
#5273 = ORIENTED_EDGE('',*,*,#5274,.F.);
#5274 = EDGE_CURVE('',#5275,#5277,#5279,.T.);
#5275 = VERTEX_POINT('',#5276);
#5276 = CARTESIAN_POINT('',(-3.3,0.934782523544,-13.51877873139));
#5277 = VERTEX_POINT('',#5278);
#5278 = CARTESIAN_POINT('',(-3.3,-1.392604428155,-13.36623373127));
#5279 = LINE('',#5280,#5281);
#5280 = CARTESIAN_POINT('',(-3.3,0.934782523544,-13.51877873139));
#5281 = VECTOR('',#5282,1.);
#5282 = DIRECTION('',(0.,-0.997858923239,6.540312922782E-02));
#5283 = ORIENTED_EDGE('',*,*,#5284,.F.);
#5284 = EDGE_CURVE('',#5277,#5275,#5285,.T.);
#5285 = CIRCLE('',#5286,3.5);
#5286 = AXIS2_PLACEMENT_3D('',#5287,#5288,#5289);
#5287 = CARTESIAN_POINT('',(-8.240637318449E-16,-0.228910952305,
    -13.44250623133));
#5288 = DIRECTION('',(-1.107845951907E-16,-6.540312923005E-02,
    -0.997858923239));
#5289 = DIRECTION('',(2.465190328816E-32,0.997858923239,
    -6.540312923005E-02));
#5290 = PLANE('',#5291);
#5291 = AXIS2_PLACEMENT_3D('',#5292,#5293,#5294);
#5292 = CARTESIAN_POINT('',(-10.,6.756101510365,-13.90032813594));
#5293 = DIRECTION('',(-1.107845951907E-16,-6.540312923005E-02,
    -0.997858923239));
#5294 = DIRECTION('',(6.162975822039E-33,0.997858923239,
    -6.540312923005E-02));
#5295 = ADVANCED_FACE('',(#5296),#5307,.F.);
#5296 = FACE_BOUND('',#5297,.F.);
#5297 = EDGE_LOOP('',(#5298,#5305,#5306));
#5298 = ORIENTED_EDGE('',*,*,#5299,.T.);
#5299 = EDGE_CURVE('',#4452,#4450,#5300,.T.);
#5300 = CIRCLE('',#5301,0.316786025887);
#5301 = AXIS2_PLACEMENT_3D('',#5302,#5303,#5304);
#5302 = CARTESIAN_POINT('',(-3.299999999967,-2.299934637893,
    -11.40268739287));
#5303 = DIRECTION('',(1.,6.830356922345E-16,-4.476852448296E-17));
#5304 = DIRECTION('',(6.830356922345E-16,-1.,-3.057850011054E-32));
#5305 = ORIENTED_EDGE('',*,*,#4468,.F.);
#5306 = ORIENTED_EDGE('',*,*,#4460,.T.);
#5307 = CONICAL_SURFACE('',#5308,0.316786025887,1.029744258718);
#5308 = AXIS2_PLACEMENT_3D('',#5309,#5310,#5311);
#5309 = CARTESIAN_POINT('',(-3.299999999967,-2.299934637893,
    -11.40268739287));
#5310 = DIRECTION('',(-1.,-6.830356922345E-16,4.476852448296E-17));
#5311 = DIRECTION('',(6.830356922345E-16,-1.,-3.057850011054E-32));
#5312 = ADVANCED_FACE('',(#5313),#5329,.F.);
#5313 = FACE_BOUND('',#5314,.F.);
#5314 = EDGE_LOOP('',(#5315,#5322,#5323,#5324,#5325,#5326,#5327,#5328));
#5315 = ORIENTED_EDGE('',*,*,#5316,.T.);
#5316 = EDGE_CURVE('',#4418,#4410,#5317,.T.);
#5317 = CIRCLE('',#5318,0.6105);
#5318 = AXIS2_PLACEMENT_3D('',#5319,#5320,#5321);
#5319 = CARTESIAN_POINT('',(-3.3,-0.124265945537,-11.84593195415));
#5320 = DIRECTION('',(1.,7.364805613938E-49,-1.110223024625E-16));
#5321 = DIRECTION('',(1.110223024625E-16,8.176576764481E-65,1.));
#5322 = ORIENTED_EDGE('',*,*,#4409,.F.);
#5323 = ORIENTED_EDGE('',*,*,#5132,.T.);
#5324 = ORIENTED_EDGE('',*,*,#5117,.T.);
#5325 = ORIENTED_EDGE('',*,*,#5074,.T.);
#5326 = ORIENTED_EDGE('',*,*,#5101,.T.);
#5327 = ORIENTED_EDGE('',*,*,#5140,.T.);
#5328 = ORIENTED_EDGE('',*,*,#4426,.T.);
#5329 = CYLINDRICAL_SURFACE('',#5330,0.6105);
#5330 = AXIS2_PLACEMENT_3D('',#5331,#5332,#5333);
#5331 = CARTESIAN_POINT('',(-1.8,-0.124265945537,-11.84593195415));
#5332 = DIRECTION('',(-1.,-7.364805613938E-49,1.110223024625E-16));
#5333 = DIRECTION('',(1.110223024625E-16,8.176576764481E-65,1.));
#5334 = ADVANCED_FACE('',(#5335),#5371,.T.);
#5335 = FACE_BOUND('',#5336,.T.);
#5336 = EDGE_LOOP('',(#5337,#5338,#5347,#5353,#5354,#5362,#5369,#5370));
#5337 = ORIENTED_EDGE('',*,*,#4342,.F.);
#5338 = ORIENTED_EDGE('',*,*,#5339,.T.);
#5339 = EDGE_CURVE('',#4334,#5340,#5342,.T.);
#5340 = VERTEX_POINT('',#5341);
#5341 = CARTESIAN_POINT('',(-3.3,-1.333741611847,-12.46816070035));
#5342 = CIRCLE('',#5343,3.5);
#5343 = AXIS2_PLACEMENT_3D('',#5344,#5345,#5346);
#5344 = CARTESIAN_POINT('',(-7.243575961729E-16,-0.170048135998,
    -12.54443320041));
#5345 = DIRECTION('',(-1.107845951907E-16,-6.540312923005E-02,
    -0.997858923239));
#5346 = DIRECTION('',(2.465190328816E-32,0.997858923239,
    -6.540312923005E-02));
#5347 = ORIENTED_EDGE('',*,*,#5348,.F.);
#5348 = EDGE_CURVE('',#5277,#5340,#5349,.T.);
#5349 = LINE('',#5350,#5351);
#5350 = CARTESIAN_POINT('',(-3.3,-1.392604428155,-13.36623373127));
#5351 = VECTOR('',#5352,1.);
#5352 = DIRECTION('',(0.,6.540312923067E-02,0.997858923239));
#5353 = ORIENTED_EDGE('',*,*,#5284,.T.);
#5354 = ORIENTED_EDGE('',*,*,#5355,.F.);
#5355 = EDGE_CURVE('',#5356,#5275,#5358,.T.);
#5356 = VERTEX_POINT('',#5357);
#5357 = CARTESIAN_POINT('',(-3.3,0.993645339851,-12.62070570048));
#5358 = LINE('',#5359,#5360);
#5359 = CARTESIAN_POINT('',(-3.3,0.993645339851,-12.62070570048));
#5360 = VECTOR('',#5361,1.);
#5361 = DIRECTION('',(0.,-6.540312923028E-02,-0.997858923239));
#5362 = ORIENTED_EDGE('',*,*,#5363,.T.);
#5363 = EDGE_CURVE('',#5356,#4332,#5364,.T.);
#5364 = CIRCLE('',#5365,3.5);
#5365 = AXIS2_PLACEMENT_3D('',#5366,#5367,#5368);
#5366 = CARTESIAN_POINT('',(-7.243575961729E-16,-0.170048135998,
    -12.54443320041));
#5367 = DIRECTION('',(-1.107845951907E-16,-6.540312923005E-02,
    -0.997858923239));
#5368 = DIRECTION('',(2.465190328816E-32,0.997858923239,
    -6.540312923005E-02));
#5369 = ORIENTED_EDGE('',*,*,#4359,.T.);
#5370 = ORIENTED_EDGE('',*,*,#5176,.T.);
#5371 = CYLINDRICAL_SURFACE('',#5372,3.5);
#5372 = AXIS2_PLACEMENT_3D('',#5373,#5374,#5375);
#5373 = CARTESIAN_POINT('',(-7.797498937689E-16,-0.202749700613,
    -13.04336266204));
#5374 = DIRECTION('',(-1.107845951907E-16,-6.540312923005E-02,
    -0.997858923239));
#5375 = DIRECTION('',(2.465190328816E-32,0.997858923239,
    -6.540312923005E-02));
#5376 = ADVANCED_FACE('',(#5377),#5383,.T.);
#5377 = FACE_BOUND('',#5378,.T.);
#5378 = EDGE_LOOP('',(#5379,#5380,#5381,#5382));
#5379 = ORIENTED_EDGE('',*,*,#4304,.F.);
#5380 = ORIENTED_EDGE('',*,*,#2896,.T.);
#5381 = ORIENTED_EDGE('',*,*,#4317,.T.);
#5382 = ORIENTED_EDGE('',*,*,#4211,.T.);
#5383 = CONICAL_SURFACE('',#5384,0.610499999865,0.872664626016);
#5384 = AXIS2_PLACEMENT_3D('',#5385,#5386,#5387);
#5385 = CARTESIAN_POINT('',(-3.897161111077,2.250027016556,9.05));
#5386 = DIRECTION('',(-0.866025403784,0.5,-7.503053987361E-15));
#5387 = DIRECTION('',(-0.5,-0.866025403784,3.944304526105E-31));
#5388 = ADVANCED_FACE('',(#5389),#5395,.T.);
#5389 = FACE_BOUND('',#5390,.T.);
#5390 = EDGE_LOOP('',(#5391,#5392,#5393,#5394));
#5391 = ORIENTED_EDGE('',*,*,#4270,.F.);
#5392 = ORIENTED_EDGE('',*,*,#2849,.T.);
#5393 = ORIENTED_EDGE('',*,*,#4283,.T.);
#5394 = ORIENTED_EDGE('',*,*,#4163,.T.);
#5395 = CONICAL_SURFACE('',#5396,0.610499999939,0.872664626004);
#5396 = AXIS2_PLACEMENT_3D('',#5397,#5398,#5399);
#5397 = CARTESIAN_POINT('',(3.89716111117,2.25002701661,9.05));
#5398 = DIRECTION('',(0.866025403784,0.5,-7.528555121168E-15));
#5399 = DIRECTION('',(-0.5,0.866025403784,-2.761013168274E-30));
#5400 = ADVANCED_FACE('',(#5401),#5408,.T.);
#5401 = FACE_BOUND('',#5402,.T.);
#5402 = EDGE_LOOP('',(#5403,#5404,#5405,#5406,#5407));
#5403 = ORIENTED_EDGE('',*,*,#4236,.F.);
#5404 = ORIENTED_EDGE('',*,*,#5245,.T.);
#5405 = ORIENTED_EDGE('',*,*,#2793,.T.);
#5406 = ORIENTED_EDGE('',*,*,#4249,.T.);
#5407 = ORIENTED_EDGE('',*,*,#4115,.T.);
#5408 = CONICAL_SURFACE('',#5409,0.610499999766,0.872664625979);
#5409 = AXIS2_PLACEMENT_3D('',#5410,#5411,#5412);
#5410 = CARTESIAN_POINT('',(1.680513367353E-15,-4.500054033144,9.05));
#5411 = DIRECTION('',(0.,-1.,0.));
#5412 = DIRECTION('',(0.,0.,-1.));
#5413 = ADVANCED_FACE('',(#5414),#5432,.F.);
#5414 = FACE_BOUND('',#5415,.T.);
#5415 = EDGE_LOOP('',(#5416,#5424,#5431));
#5416 = ORIENTED_EDGE('',*,*,#5417,.F.);
#5417 = EDGE_CURVE('',#5418,#4041,#5420,.T.);
#5418 = VERTEX_POINT('',#5419);
#5419 = CARTESIAN_POINT('',(-3.3,-5.010987926547,-10.12263533457));
#5420 = LINE('',#5421,#5422);
#5421 = CARTESIAN_POINT('',(-3.3,-5.010987926547,-10.12263533457));
#5422 = VECTOR('',#5423,1.);
#5423 = DIRECTION('',(0.,0.997858923239,-6.540312922986E-02));
#5424 = ORIENTED_EDGE('',*,*,#5425,.F.);
#5425 = EDGE_CURVE('',#4043,#5418,#5426,.T.);
#5426 = ( BOUNDED_CURVE() B_SPLINE_CURVE(3,(#5427,#5428,#5429,#5430),
.UNSPECIFIED.,.F.,.F.) B_SPLINE_CURVE_WITH_KNOTS((4,4),(4.712388980385,
5.700821069311),.PIECEWISE_BEZIER_KNOTS.) CURVE() 
GEOMETRIC_REPRESENTATION_ITEM() RATIONAL_B_SPLINE_CURVE((1.,
0.920227228722,0.920227228722,1.)) REPRESENTATION_ITEM('') );
#5427 = CARTESIAN_POINT('',(-6.,7.347880794885E-16,-10.4510728354));
#5428 = CARTESIAN_POINT('',(-6.,-2.061845745139,-10.31593232547));
#5429 = CARTESIAN_POINT('',(-5.021980689215,-3.876972766721,
    -10.19696261503));
#5430 = CARTESIAN_POINT('',(-3.3,-5.010987926547,-10.12263533457));
#5431 = ORIENTED_EDGE('',*,*,#4040,.F.);
#5432 = PLANE('',#5433);
#5433 = AXIS2_PLACEMENT_3D('',#5434,#5435,#5436);
#5434 = CARTESIAN_POINT('',(-10.,-7.017714027285,-9.991107557008));
#5435 = DIRECTION('',(1.107845951907E-16,6.540312923005E-02,
    0.997858923239));
#5436 = DIRECTION('',(-6.162975822039E-33,-0.997858923239,
    6.540312923005E-02));
#5437 = ADVANCED_FACE('',(#5438,#5442,#5446),#5473,.T.);
#5438 = FACE_BOUND('',#5439,.T.);
#5439 = EDGE_LOOP('',(#5440,#5441));
#5440 = ORIENTED_EDGE('',*,*,#4417,.T.);
#5441 = ORIENTED_EDGE('',*,*,#5316,.T.);
#5442 = FACE_BOUND('',#5443,.T.);
#5443 = EDGE_LOOP('',(#5444,#5445));
#5444 = ORIENTED_EDGE('',*,*,#4449,.T.);
#5445 = ORIENTED_EDGE('',*,*,#5299,.T.);
#5446 = FACE_BOUND('',#5447,.T.);
#5447 = EDGE_LOOP('',(#5448,#5456,#5457,#5458,#5464,#5465,#5466,#5467));
#5448 = ORIENTED_EDGE('',*,*,#5449,.F.);
#5449 = EDGE_CURVE('',#5418,#5450,#5452,.T.);
#5450 = VERTEX_POINT('',#5451);
#5451 = CARTESIAN_POINT('',(-3.3,-5.010987926547,-12.22714124326));
#5452 = LINE('',#5453,#5454);
#5453 = CARTESIAN_POINT('',(-3.3,-5.010987926547,-3.75));
#5454 = VECTOR('',#5455,1.);
#5455 = DIRECTION('',(-1.110223024625E-16,-1.883405411215E-29,-1.));
#5456 = ORIENTED_EDGE('',*,*,#5417,.T.);
#5457 = ORIENTED_EDGE('',*,*,#4084,.F.);
#5458 = ORIENTED_EDGE('',*,*,#5459,.T.);
#5459 = EDGE_CURVE('',#4076,#5356,#5460,.T.);
#5460 = LINE('',#5461,#5462);
#5461 = CARTESIAN_POINT('',(-3.3,5.817105403433,-12.9368519758));
#5462 = VECTOR('',#5463,1.);
#5463 = DIRECTION('',(0.,-0.997858923239,6.540312923005E-02));
#5464 = ORIENTED_EDGE('',*,*,#5355,.T.);
#5465 = ORIENTED_EDGE('',*,*,#5274,.T.);
#5466 = ORIENTED_EDGE('',*,*,#5348,.T.);
#5467 = ORIENTED_EDGE('',*,*,#5468,.T.);
#5468 = EDGE_CURVE('',#5340,#5450,#5469,.T.);
#5469 = LINE('',#5470,#5471);
#5470 = CARTESIAN_POINT('',(-3.3,5.817105403433,-12.9368519758));
#5471 = VECTOR('',#5472,1.);
#5472 = DIRECTION('',(0.,-0.997858923239,6.540312923005E-02));
#5473 = PLANE('',#5474);
#5474 = AXIS2_PLACEMENT_3D('',#5475,#5476,#5477);
#5475 = CARTESIAN_POINT('',(-3.3,-0.13080625846,-11.94571784647));
#5476 = DIRECTION('',(-1.,0.,1.110223024625E-16));
#5477 = DIRECTION('',(1.110223024625E-16,0.,1.));
#5478 = ADVANCED_FACE('',(#5479),#5494,.F.);
#5479 = FACE_BOUND('',#5480,.T.);
#5480 = EDGE_LOOP('',(#5481,#5488,#5489,#5490,#5491,#5492,#5493));
#5481 = ORIENTED_EDGE('',*,*,#5482,.F.);
#5482 = EDGE_CURVE('',#5450,#4068,#5483,.T.);
#5483 = ( BOUNDED_CURVE() B_SPLINE_CURVE(3,(#5484,#5485,#5486,#5487),
.UNSPECIFIED.,.F.,.F.) B_SPLINE_CURVE_WITH_KNOTS((4,4),(5.700821069311,
7.853981633974),.PIECEWISE_BEZIER_KNOTS.) CURVE() 
GEOMETRIC_REPRESENTATION_ITEM() RATIONAL_B_SPLINE_CURVE((1.,
0.64956109935,0.64956109935,1.)) REPRESENTATION_ITEM('') );
#5484 = CARTESIAN_POINT('',(-3.3,-5.010987926547,-12.22714124326));
#5485 = CARTESIAN_POINT('',(1.227546718698,-7.992616378005,
    -12.03171498973));
#5486 = CARTESIAN_POINT('',(6.,-5.421142639014,-12.20025828312));
#5487 = CARTESIAN_POINT('',(6.,2.348187069786E-29,-12.55557874409));
#5488 = ORIENTED_EDGE('',*,*,#5468,.F.);
#5489 = ORIENTED_EDGE('',*,*,#5339,.F.);
#5490 = ORIENTED_EDGE('',*,*,#4331,.F.);
#5491 = ORIENTED_EDGE('',*,*,#5363,.F.);
#5492 = ORIENTED_EDGE('',*,*,#5459,.F.);
#5493 = ORIENTED_EDGE('',*,*,#4075,.F.);
#5494 = PLANE('',#5495);
#5495 = AXIS2_PLACEMENT_3D('',#5496,#5497,#5498);
#5496 = CARTESIAN_POINT('',(-7.679248321459E-16,5.817105403433,
    -12.9368519758));
#5497 = DIRECTION('',(1.107845951907E-16,6.540312923005E-02,
    0.997858923239));
#5498 = DIRECTION('',(-6.162975822039E-33,-0.997858923239,
    6.540312923005E-02));
#5499 = ADVANCED_FACE('',(#5500),#5510,.T.);
#5500 = FACE_BOUND('',#5501,.T.);
#5501 = EDGE_LOOP('',(#5502,#5509));
#5502 = ORIENTED_EDGE('',*,*,#5503,.T.);
#5503 = EDGE_CURVE('',#4009,#4018,#5504,.T.);
#5504 = CIRCLE('',#5505,4.);
#5505 = AXIS2_PLACEMENT_3D('',#5506,#5507,#5508);
#5506 = CARTESIAN_POINT('',(1.473265953677E-15,3.972037917304E-28,7.25)
  );
#5507 = DIRECTION('',(1.110223024625E-16,1.883405411215E-29,1.));
#5508 = DIRECTION('',(1.,1.992984424786E-45,-1.110223024625E-16));
#5509 = ORIENTED_EDGE('',*,*,#4025,.T.);
#5510 = PLANE('',#5511);
#5511 = AXIS2_PLACEMENT_3D('',#5512,#5513,#5514);
#5512 = CARTESIAN_POINT('',(1.316796161974E-15,5.782411586596E-17,7.25)
  );
#5513 = DIRECTION('',(1.110223024625E-16,0.,1.));
#5514 = DIRECTION('',(1.,0.,-1.110223024625E-16));
#5515 = ADVANCED_FACE('',(#5516),#5536,.F.);
#5516 = FACE_BOUND('',#5517,.F.);
#5517 = EDGE_LOOP('',(#5518,#5533,#5534,#5535));
#5518 = ORIENTED_EDGE('',*,*,#5519,.F.);
#5519 = EDGE_CURVE('',#4181,#4189,#5520,.T.);
#5520 = B_SPLINE_CURVE_WITH_KNOTS('',3,(#5521,#5522,#5523,#5524,#5525,
    #5526,#5527,#5528,#5529,#5530,#5531,#5532),.UNSPECIFIED.,.F.,.F.,(4,
    2,2,2,2,4),(0.,4.778732700057E-04,9.557465400115E-04,
    1.433619810017E-03,1.67255644502E-03,1.911493080023E-03),
  .UNSPECIFIED.);
#5521 = CARTESIAN_POINT('',(-3.118266804764,2.505276857816,9.05));
#5522 = CARTESIAN_POINT('',(-3.118266804764,2.505276857816,
    9.211603278524));
#5523 = CARTESIAN_POINT('',(-3.161258633235,2.453415424704,
    9.369333167682));
#5524 = CARTESIAN_POINT('',(-3.294896864683,2.270783574777,
    9.594222957837));
#5525 = CARTESIAN_POINT('',(-3.384210932404,2.138356493053,
    9.660440283396));
#5526 = CARTESIAN_POINT('',(-3.543763932909,1.862039020591,9.66055963119
    ));
#5527 = CARTESIAN_POINT('',(-3.613513193599,1.719192124331,
    9.595477976437));
#5528 = CARTESIAN_POINT('',(-3.682805488401,1.56211988169,9.424813566465
    ));
#5529 = CARTESIAN_POINT('',(-3.699953391122,1.520296505395,
    9.357622513124));
#5530 = CARTESIAN_POINT('',(-3.723019714444,1.462901489047,
    9.209864699804));
#5531 = CARTESIAN_POINT('',(-3.728766804764,1.447859839795,
    9.129748776148));
#5532 = CARTESIAN_POINT('',(-3.728766804767,1.447859839786,
    9.049999999999));
#5533 = ORIENTED_EDGE('',*,*,#4178,.F.);
#5534 = ORIENTED_EDGE('',*,*,#4310,.T.);
#5535 = ORIENTED_EDGE('',*,*,#4203,.T.);
#5536 = CYLINDRICAL_SURFACE('',#5537,0.6105);
#5537 = AXIS2_PLACEMENT_3D('',#5538,#5539,#5540);
#5538 = CARTESIAN_POINT('',(-4.676537180436,2.7,9.05));
#5539 = DIRECTION('',(0.866025403784,-0.5,7.882722906521E-15));
#5540 = DIRECTION('',(0.5,0.866025403784,-1.183291357832E-30));
#5541 = ADVANCED_FACE('',(#5542),#5562,.F.);
#5542 = FACE_BOUND('',#5543,.F.);
#5543 = EDGE_LOOP('',(#5544,#5559,#5560,#5561));
#5544 = ORIENTED_EDGE('',*,*,#5545,.F.);
#5545 = EDGE_CURVE('',#4133,#4141,#5546,.T.);
#5546 = B_SPLINE_CURVE_WITH_KNOTS('',3,(#5547,#5548,#5549,#5550,#5551,
    #5552,#5553,#5554,#5555,#5556,#5557,#5558),.UNSPECIFIED.,.F.,.F.,(4,
    2,2,2,2,4),(1.748223473169E-18,4.778732700057E-04,9.557465400115E-04
    ,1.433619810017E-03,1.67255644502E-03,1.911493080023E-03),
  .UNSPECIFIED.);
#5547 = CARTESIAN_POINT('',(3.728766804764,1.447859839795,9.05));
#5548 = CARTESIAN_POINT('',(3.728766804764,1.447859839795,9.211603278524
    ));
#5549 = CARTESIAN_POINT('',(3.705349400448,1.511022571962,9.369333167682
    ));
#5550 = CARTESIAN_POINT('',(3.614004694595,1.718072600276,9.594222957837
    ));
#5551 = CARTESIAN_POINT('',(3.543976511534,1.8616343927,9.660440283396)
  );
#5552 = CARTESIAN_POINT('',(3.384455061125,2.137970080618,9.66055963119)
  );
#5553 = CARTESIAN_POINT('',(3.295620650457,2.269798160401,9.595477976437
    ));
#5554 = CARTESIAN_POINT('',(3.194238245501,2.408343169307,9.424813566465
    ));
#5555 = CARTESIAN_POINT('',(3.166592090519,2.444105376832,9.357622513124
    ));
#5556 = CARTESIAN_POINT('',(3.128419709971,2.492778906974,9.209864699804
    ));
#5557 = CARTESIAN_POINT('',(3.118266804764,2.505276857816,9.129748776148
    ));
#5558 = CARTESIAN_POINT('',(3.118266804758,2.505276857823,9.049999999999
    ));
#5559 = ORIENTED_EDGE('',*,*,#4130,.F.);
#5560 = ORIENTED_EDGE('',*,*,#4276,.T.);
#5561 = ORIENTED_EDGE('',*,*,#4155,.T.);
#5562 = CYLINDRICAL_SURFACE('',#5563,0.6105);
#5563 = AXIS2_PLACEMENT_3D('',#5564,#5565,#5566);
#5564 = CARTESIAN_POINT('',(4.676537180436,2.7,9.05));
#5565 = DIRECTION('',(-0.866025403784,-0.5,8.07501917516E-15));
#5566 = DIRECTION('',(0.5,-0.866025403784,-3.944304526105E-31));
#5567 = ADVANCED_FACE('',(#5568),#5574,.F.);
#5568 = FACE_BOUND('',#5569,.F.);
#5569 = EDGE_LOOP('',(#5570,#5571,#5572,#5573));
#5570 = ORIENTED_EDGE('',*,*,#3991,.F.);
#5571 = ORIENTED_EDGE('',*,*,#4098,.F.);
#5572 = ORIENTED_EDGE('',*,*,#4242,.T.);
#5573 = ORIENTED_EDGE('',*,*,#4107,.T.);
#5574 = CYLINDRICAL_SURFACE('',#5575,0.6105);
#5575 = AXIS2_PLACEMENT_3D('',#5576,#5577,#5578);
#5576 = CARTESIAN_POINT('',(1.67310609811E-15,-5.4,9.05));
#5577 = DIRECTION('',(4.758551595405E-32,1.,4.286122238378E-16));
#5578 = DIRECTION('',(-2.039573381553E-47,-4.286122238378E-16,1.));
#5579 = ADVANCED_FACE('',(#5580),#5595,.T.);
#5580 = FACE_BOUND('',#5581,.T.);
#5581 = EDGE_LOOP('',(#5582,#5583,#5584,#5585,#5586,#5587,#5588));
#5582 = ORIENTED_EDGE('',*,*,#4051,.F.);
#5583 = ORIENTED_EDGE('',*,*,#5425,.T.);
#5584 = ORIENTED_EDGE('',*,*,#5449,.T.);
#5585 = ORIENTED_EDGE('',*,*,#5482,.T.);
#5586 = ORIENTED_EDGE('',*,*,#4067,.T.);
#5587 = ORIENTED_EDGE('',*,*,#3942,.F.);
#5588 = ORIENTED_EDGE('',*,*,#5589,.F.);
#5589 = EDGE_CURVE('',#4052,#3935,#5590,.T.);
#5590 = CIRCLE('',#5591,6.000000000029);
#5591 = AXIS2_PLACEMENT_3D('',#5592,#5593,#5594);
#5592 = CARTESIAN_POINT('',(-1.160704925367E-16,-2.838118826152E-15,
    -7.065470053874));
#5593 = DIRECTION('',(1.110223024625E-16,-4.286122238378E-16,1.));
#5594 = DIRECTION('',(-4.080489449897E-28,1.,4.286122238378E-16));
#5595 = CYLINDRICAL_SURFACE('',#5596,6.);
#5596 = AXIS2_PLACEMENT_3D('',#5597,#5598,#5599);
#5597 = CARTESIAN_POINT('',(2.520206265899E-16,1.89326617253E-28,-3.75)
  );
#5598 = DIRECTION('',(1.110223024625E-16,1.883405411215E-29,1.));
#5599 = DIRECTION('',(1.,6.316562657795E-46,-1.110223024625E-16));
#5600 = ADVANCED_FACE('',(#5601,#5613,#5617),#5621,.F.);
#5601 = FACE_BOUND('',#5602,.F.);
#5602 = EDGE_LOOP('',(#5603,#5610,#5611,#5612));
#5603 = ORIENTED_EDGE('',*,*,#5604,.F.);
#5604 = EDGE_CURVE('',#3892,#3911,#5605,.T.);
#5605 = CIRCLE('',#5606,3.999999999962);
#5606 = AXIS2_PLACEMENT_3D('',#5607,#5608,#5609);
#5607 = CARTESIAN_POINT('',(1.828537321557E-15,4.569674008717E-28,
    10.449999999992));
#5608 = DIRECTION('',(1.110223024625E-16,1.696050946225E-29,1.));
#5609 = DIRECTION('',(-6.044531130516E-28,-1.,1.696050946225E-29));
#5610 = ORIENTED_EDGE('',*,*,#4008,.F.);
#5611 = ORIENTED_EDGE('',*,*,#5503,.T.);
#5612 = ORIENTED_EDGE('',*,*,#4017,.T.);
#5613 = FACE_BOUND('',#5614,.F.);
#5614 = EDGE_LOOP('',(#5615,#5616));
#5615 = ORIENTED_EDGE('',*,*,#4140,.T.);
#5616 = ORIENTED_EDGE('',*,*,#5545,.T.);
#5617 = FACE_BOUND('',#5618,.F.);
#5618 = EDGE_LOOP('',(#5619,#5620));
#5619 = ORIENTED_EDGE('',*,*,#4188,.T.);
#5620 = ORIENTED_EDGE('',*,*,#5519,.T.);
#5621 = CYLINDRICAL_SURFACE('',#5622,4.);
#5622 = AXIS2_PLACEMENT_3D('',#5623,#5624,#5625);
#5623 = CARTESIAN_POINT('',(1.26509913656E-15,3.618899402701E-28,5.375)
  );
#5624 = DIRECTION('',(1.110223024625E-16,1.883405411215E-29,1.));
#5625 = DIRECTION('',(1.,1.992984424786E-45,-1.110223024625E-16));
#5626 = ADVANCED_FACE('',(#5627),#5657,.T.);
#5627 = FACE_BOUND('',#5628,.T.);
#5628 = EDGE_LOOP('',(#5629,#5630));
#5629 = ORIENTED_EDGE('',*,*,#3839,.T.);
#5630 = ORIENTED_EDGE('',*,*,#5631,.T.);
#5631 = EDGE_CURVE('',#3840,#3832,#5632,.T.);
#5632 = B_SPLINE_CURVE_WITH_KNOTS('',3,(#5633,#5634,#5635,#5636,#5637,
    #5638,#5639,#5640,#5641,#5642,#5643,#5644,#5645,#5646,#5647,#5648,
    #5649,#5650,#5651,#5652,#5653,#5654,#5655,#5656),.UNSPECIFIED.,.F.,
  .F.,(4,2,2,2,2,2,2,2,2,2,2,4),(6.677891227565E-03,7.288971049753E-03,
    7.594510960848E-03,7.900050871942E-03,8.511130694131E-03,
    9.12221051632E-03,9.733290338508E-03,1.03443701607E-02,
    1.064991007179E-02,1.095544998289E-02,1.126098989398E-02,
    1.156652980507E-02),.UNSPECIFIED.);
#5633 = CARTESIAN_POINT('',(1.216565261811E-15,4.,4.3));
#5634 = CARTESIAN_POINT('',(0.205435816175,4.,4.3));
#5635 = CARTESIAN_POINT('',(0.409498161718,3.983520766942,4.258739484296
    ));
#5636 = CARTESIAN_POINT('',(0.691404528092,3.940937882004,4.140981909485
    ));
#5637 = CARTESIAN_POINT('',(0.780042058024,3.924138933713,4.093194663161
    ));
#5638 = CARTESIAN_POINT('',(0.947256650142,3.887163081494,3.980992426537
    ));
#5639 = CARTESIAN_POINT('',(1.026037052839,3.866866631469,3.916090687522
    ));
#5640 = CARTESIAN_POINT('',(1.238230179746,3.806366290762,3.703605853204
    ));
#5641 = CARTESIAN_POINT('',(1.352927373439,3.765171993457,3.532897159925
    ));
#5642 = CARTESIAN_POINT('',(1.50843610219,3.705611035137,3.159830411791)
  );
#5643 = CARTESIAN_POINT('',(1.55019957591,3.687394923528,2.955273331336)
  );
#5644 = CARTESIAN_POINT('',(1.549798969597,3.687563314852,2.541723694233
    ));
#5645 = CARTESIAN_POINT('',(1.508693007764,3.705532642945,2.340051348183
    ));
#5646 = CARTESIAN_POINT('',(1.351008444965,3.765886740363,1.963241669611
    ));
#5647 = CARTESIAN_POINT('',(1.237998646097,3.806500463317,1.795719874004
    ));
#5648 = CARTESIAN_POINT('',(1.023592527461,3.867528919604,1.581686626209
    ));
#5649 = CARTESIAN_POINT('',(0.946227489764,3.887406355547,1.518251170274
    ));
#5650 = CARTESIAN_POINT('',(0.779661479992,3.924207259071,1.406616354673
    ));
#5651 = CARTESIAN_POINT('',(0.689300719723,3.941296654378,1.358009228879
    ));
#5652 = CARTESIAN_POINT('',(0.502151826304,3.969483384946,1.280096148574
    ));
#5653 = CARTESIAN_POINT('',(0.405473338337,3.980656645711,1.250509335613
    ));
#5654 = CARTESIAN_POINT('',(0.205699617964,3.995963416539,1.21033492348)
  );
#5655 = CARTESIAN_POINT('',(0.101983369333,4.,1.2));
#5656 = CARTESIAN_POINT('',(9.736654513198E-16,4.,1.2));
#5657 = CYLINDRICAL_SURFACE('',#5658,4.);
#5658 = AXIS2_PLACEMENT_3D('',#5659,#5660,#5661);
#5659 = CARTESIAN_POINT('',(1.150028820278E-15,3.026272212821E-31,
    4.338538732935));
#5660 = DIRECTION('',(1.110223024625E-16,-1.481396780927E-31,1.));
#5661 = DIRECTION('',(1.,-1.567586401598E-47,-1.110223024625E-16));
#5662 = ADVANCED_FACE('',(#5663),#5676,.T.);
#5663 = FACE_BOUND('',#5664,.T.);
#5664 = EDGE_LOOP('',(#5665,#5666,#5673,#5674,#5675));
#5665 = ORIENTED_EDGE('',*,*,#3934,.F.);
#5666 = ORIENTED_EDGE('',*,*,#5667,.F.);
#5667 = EDGE_CURVE('',#3807,#3799,#5668,.T.);
#5668 = CIRCLE('',#5669,5.8);
#5669 = AXIS2_PLACEMENT_3D('',#5670,#5671,#5672);
#5670 = CARTESIAN_POINT('',(-1.032507412902E-16,-2.887610702729E-15,
    -6.95));
#5671 = DIRECTION('',(1.110223024625E-16,-4.286122238378E-16,1.));
#5672 = DIRECTION('',(-2.223017090445E-33,1.,4.286122238378E-16));
#5673 = ORIENTED_EDGE('',*,*,#3960,.T.);
#5674 = ORIENTED_EDGE('',*,*,#4059,.T.);
#5675 = ORIENTED_EDGE('',*,*,#5589,.T.);
#5676 = CONICAL_SURFACE('',#5677,5.999999999858,1.047197551232);
#5677 = AXIS2_PLACEMENT_3D('',#5678,#5679,#5680);
#5678 = CARTESIAN_POINT('',(-1.16070492524E-16,-3.035766082959E-15,
    -7.06547005376));
#5679 = DIRECTION('',(-1.445602896682E-16,4.336808690045E-16,-1.));
#5680 = DIRECTION('',(2.189528850508E-47,1.,4.336808690045E-16));
#5681 = ADVANCED_FACE('',(#5682),#5694,.F.);
#5682 = FACE_BOUND('',#5683,.F.);
#5683 = EDGE_LOOP('',(#5684,#5691,#5692,#5693));
#5684 = ORIENTED_EDGE('',*,*,#5685,.T.);
#5685 = EDGE_CURVE('',#3902,#3894,#5686,.T.);
#5686 = CIRCLE('',#5687,4.080384757687);
#5687 = AXIS2_PLACEMENT_3D('',#5688,#5689,#5690);
#5688 = CARTESIAN_POINT('',(1.861844012305E-15,0.,10.749999999973));
#5689 = DIRECTION('',(-2.125686153397E-16,0.,-1.));
#5690 = DIRECTION('',(1.,0.,-2.125686153397E-16));
#5691 = ORIENTED_EDGE('',*,*,#3891,.F.);
#5692 = ORIENTED_EDGE('',*,*,#5604,.T.);
#5693 = ORIENTED_EDGE('',*,*,#3910,.T.);
#5694 = CONICAL_SURFACE('',#5695,4.080384757657,0.261799387795);
#5695 = AXIS2_PLACEMENT_3D('',#5696,#5697,#5698);
#5696 = CARTESIAN_POINT('',(1.861844012281E-15,0.,10.749999999859));
#5697 = DIRECTION('',(2.125686153397E-16,-0.,1.));
#5698 = DIRECTION('',(1.,0.,-2.125686153397E-16));
#5699 = ADVANCED_FACE('',(#5700),#5712,.F.);
#5700 = FACE_BOUND('',#5701,.F.);
#5701 = EDGE_LOOP('',(#5702,#5703,#5704,#5711));
#5702 = ORIENTED_EDGE('',*,*,#5631,.T.);
#5703 = ORIENTED_EDGE('',*,*,#3829,.F.);
#5704 = ORIENTED_EDGE('',*,*,#5705,.T.);
#5705 = EDGE_CURVE('',#3830,#3869,#5706,.T.);
#5706 = CIRCLE('',#5707,1.55);
#5707 = AXIS2_PLACEMENT_3D('',#5708,#5709,#5710);
#5708 = CARTESIAN_POINT('',(9.736655925963E-16,4.8,2.75));
#5709 = DIRECTION('',(-4.758551595405E-32,-1.,-4.286122238378E-16));
#5710 = DIRECTION('',(-6.232560262517E-48,4.286122238378E-16,-1.));
#5711 = ORIENTED_EDGE('',*,*,#3868,.T.);
#5712 = CYLINDRICAL_SURFACE('',#5713,1.55);
#5713 = AXIS2_PLACEMENT_3D('',#5714,#5715,#5716);
#5714 = CARTESIAN_POINT('',(9.736655925963E-16,15.,2.75));
#5715 = DIRECTION('',(-4.758551595405E-32,-1.,-4.286122238378E-16));
#5716 = DIRECTION('',(2.039573381553E-47,4.286122238378E-16,-1.));
#5717 = ADVANCED_FACE('',(#5718),#5737,.T.);
#5718 = FACE_BOUND('',#5719,.T.);
#5719 = EDGE_LOOP('',(#5720,#5730));
#5720 = ORIENTED_EDGE('',*,*,#5721,.T.);
#5721 = EDGE_CURVE('',#5722,#5724,#5726,.T.);
#5722 = VERTEX_POINT('',#5723);
#5723 = CARTESIAN_POINT('',(-4.825639720816,2.641746824528,
    9.585607132137));
#5724 = VERTEX_POINT('',#5725);
#5725 = CARTESIAN_POINT('',(-4.825639720816,2.641746824528,
    8.514392867863));
#5726 = LINE('',#5727,#5728);
#5727 = CARTESIAN_POINT('',(-4.825639720814,2.641746824527,9.05));
#5728 = VECTOR('',#5729,1.);
#5729 = DIRECTION('',(-2.373861009533E-15,-4.111647878615E-15,-1.));
#5730 = ORIENTED_EDGE('',*,*,#5731,.F.);
#5731 = EDGE_CURVE('',#5722,#5724,#5732,.T.);
#5732 = CIRCLE('',#5733,0.549999999994);
#5733 = AXIS2_PLACEMENT_3D('',#5734,#5735,#5736);
#5734 = CARTESIAN_POINT('',(-4.763139720817,2.750000000002,9.05));
#5735 = DIRECTION('',(0.866025403784,-0.5,7.515804553211E-15));
#5736 = DIRECTION('',(0.5,0.866025403784,-4.338734978716E-30));
#5737 = PLANE('',#5738);
#5738 = AXIS2_PLACEMENT_3D('',#5739,#5740,#5741);
#5739 = CARTESIAN_POINT('',(-4.963139720814,2.403589838486,9.05));
#5740 = DIRECTION('',(-0.866025403784,0.5,-7.760258226606E-15));
#5741 = DIRECTION('',(-0.5,-0.866025403784,0.));
#5742 = ADVANCED_FACE('',(#5743),#5761,.T.);
#5743 = FACE_BOUND('',#5744,.T.);
#5744 = EDGE_LOOP('',(#5745,#5753,#5760));
#5745 = ORIENTED_EDGE('',*,*,#5746,.T.);
#5746 = EDGE_CURVE('',#3765,#5747,#5749,.T.);
#5747 = VERTEX_POINT('',#5748);
#5748 = CARTESIAN_POINT('',(-4.700639720816,2.858253175474,
    9.585607132137));
#5749 = LINE('',#5750,#5751);
#5750 = CARTESIAN_POINT('',(-4.700639720814,2.858253175473,9.05));
#5751 = VECTOR('',#5752,1.);
#5752 = DIRECTION('',(2.373861009533E-15,4.111647878615E-15,1.));
#5753 = ORIENTED_EDGE('',*,*,#5754,.F.);
#5754 = EDGE_CURVE('',#3767,#5747,#5755,.T.);
#5755 = CIRCLE('',#5756,0.549999999994);
#5756 = AXIS2_PLACEMENT_3D('',#5757,#5758,#5759);
#5757 = CARTESIAN_POINT('',(-4.763139720817,2.750000000002,9.05));
#5758 = DIRECTION('',(0.866025403784,-0.5,7.515804553211E-15));
#5759 = DIRECTION('',(0.5,0.866025403784,2.761013168274E-30));
#5760 = ORIENTED_EDGE('',*,*,#3764,.F.);
#5761 = PLANE('',#5762);
#5762 = AXIS2_PLACEMENT_3D('',#5763,#5764,#5765);
#5763 = CARTESIAN_POINT('',(-4.963139720814,2.403589838486,9.05));
#5764 = DIRECTION('',(-0.866025403784,0.5,-7.760258226606E-15));
#5765 = DIRECTION('',(-0.5,-0.866025403784,0.));
#5766 = ADVANCED_FACE('',(#5767),#5786,.T.);
#5767 = FACE_BOUND('',#5768,.T.);
#5768 = EDGE_LOOP('',(#5769,#5779));
#5769 = ORIENTED_EDGE('',*,*,#5770,.T.);
#5770 = EDGE_CURVE('',#5771,#5773,#5775,.T.);
#5771 = VERTEX_POINT('',#5772);
#5772 = CARTESIAN_POINT('',(4.700639720844,2.85825317549,9.585607132154)
  );
#5773 = VERTEX_POINT('',#5774);
#5774 = CARTESIAN_POINT('',(4.700639720832,2.858253175483,8.514392867832
    ));
#5775 = LINE('',#5776,#5777);
#5776 = CARTESIAN_POINT('',(4.700639720814,2.858253175473,9.05));
#5777 = VECTOR('',#5778,1.);
#5778 = DIRECTION('',(1.985282950914E-15,-3.438610938381E-15,-1.));
#5779 = ORIENTED_EDGE('',*,*,#5780,.F.);
#5780 = EDGE_CURVE('',#5771,#5773,#5781,.T.);
#5781 = CIRCLE('',#5782,0.550000000006);
#5782 = AXIS2_PLACEMENT_3D('',#5783,#5784,#5785);
#5783 = CARTESIAN_POINT('',(4.763139720849,2.75000000002,9.05));
#5784 = DIRECTION('',(-0.866025403784,-0.5,8.118252429315E-15));
#5785 = DIRECTION('',(0.5,-0.866025403784,2.761013168274E-30));
#5786 = PLANE('',#5787);
#5787 = AXIS2_PLACEMENT_3D('',#5788,#5789,#5790);
#5788 = CARTESIAN_POINT('',(4.563139720814,3.096410161514,9.05));
#5789 = DIRECTION('',(0.866025403784,0.5,-7.952554495246E-15));
#5790 = DIRECTION('',(-0.5,0.866025403784,0.));
#5791 = ADVANCED_FACE('',(#5792),#5810,.T.);
#5792 = FACE_BOUND('',#5793,.T.);
#5793 = EDGE_LOOP('',(#5794,#5802,#5809));
#5794 = ORIENTED_EDGE('',*,*,#5795,.T.);
#5795 = EDGE_CURVE('',#3732,#5796,#5798,.T.);
#5796 = VERTEX_POINT('',#5797);
#5797 = CARTESIAN_POINT('',(4.825639720832,2.641746824537,9.585607132168
    ));
#5798 = LINE('',#5799,#5800);
#5799 = CARTESIAN_POINT('',(4.825639720814,2.641746824527,9.05));
#5800 = VECTOR('',#5801,1.);
#5801 = DIRECTION('',(-1.985282950914E-15,3.438610938381E-15,1.));
#5802 = ORIENTED_EDGE('',*,*,#5803,.F.);
#5803 = EDGE_CURVE('',#3734,#5796,#5804,.T.);
#5804 = CIRCLE('',#5805,0.550000000006);
#5805 = AXIS2_PLACEMENT_3D('',#5806,#5807,#5808);
#5806 = CARTESIAN_POINT('',(4.763139720849,2.75000000002,9.05));
#5807 = DIRECTION('',(-0.866025403784,-0.5,8.118252429315E-15));
#5808 = DIRECTION('',(0.5,-0.866025403784,0.));
#5809 = ORIENTED_EDGE('',*,*,#3731,.F.);
#5810 = PLANE('',#5811);
#5811 = AXIS2_PLACEMENT_3D('',#5812,#5813,#5814);
#5812 = CARTESIAN_POINT('',(4.563139720814,3.096410161514,9.05));
#5813 = DIRECTION('',(0.866025403784,0.5,-7.952554495246E-15));
#5814 = DIRECTION('',(-0.5,0.866025403784,0.));
#5815 = ADVANCED_FACE('',(#5816),#5835,.T.);
#5816 = FACE_BOUND('',#5817,.T.);
#5817 = EDGE_LOOP('',(#5818,#5828));
#5818 = ORIENTED_EDGE('',*,*,#5819,.T.);
#5819 = EDGE_CURVE('',#5820,#5822,#5824,.T.);
#5820 = VERTEX_POINT('',#5821);
#5821 = CARTESIAN_POINT('',(0.125,-5.500000000027,9.585607132129));
#5822 = VERTEX_POINT('',#5823);
#5823 = CARTESIAN_POINT('',(0.125,-5.50000000002,8.514392867864));
#5824 = LINE('',#5825,#5826);
#5825 = CARTESIAN_POINT('',(0.125,-5.5,9.05));
#5826 = VECTOR('',#5827,1.);
#5827 = DIRECTION('',(2.220446049242E-16,0.,-1.));
#5828 = ORIENTED_EDGE('',*,*,#5829,.F.);
#5829 = EDGE_CURVE('',#5820,#5822,#5830,.T.);
#5830 = CIRCLE('',#5831,0.549999999976);
#5831 = AXIS2_PLACEMENT_3D('',#5832,#5833,#5834);
#5832 = CARTESIAN_POINT('',(1.680513367353E-15,-5.50000000004,9.05));
#5833 = DIRECTION('',(0.,1.,0.));
#5834 = DIRECTION('',(0.,-0.,1.));
#5835 = PLANE('',#5836);
#5836 = AXIS2_PLACEMENT_3D('',#5837,#5838,#5839);
#5837 = CARTESIAN_POINT('',(0.4,-5.5,9.05));
#5838 = DIRECTION('',(1.755519727298E-31,-1.,-3.061475439229E-16));
#5839 = DIRECTION('',(0.,3.061475439229E-16,-1.));
#5840 = ADVANCED_FACE('',(#5841),#5860,.T.);
#5841 = FACE_BOUND('',#5842,.T.);
#5842 = EDGE_LOOP('',(#5843,#5853));
#5843 = ORIENTED_EDGE('',*,*,#5844,.T.);
#5844 = EDGE_CURVE('',#5845,#5847,#5849,.T.);
#5845 = VERTEX_POINT('',#5846);
#5846 = CARTESIAN_POINT('',(-0.125,-5.500000000027,8.514392867871));
#5847 = VERTEX_POINT('',#5848);
#5848 = CARTESIAN_POINT('',(-0.125,-5.50000000002,9.585607132136));
#5849 = LINE('',#5850,#5851);
#5850 = CARTESIAN_POINT('',(-0.125,-5.5,9.05));
#5851 = VECTOR('',#5852,1.);
#5852 = DIRECTION('',(-2.220446049242E-16,0.,1.));
#5853 = ORIENTED_EDGE('',*,*,#5854,.F.);
#5854 = EDGE_CURVE('',#5845,#5847,#5855,.T.);
#5855 = CIRCLE('',#5856,0.549999999976);
#5856 = AXIS2_PLACEMENT_3D('',#5857,#5858,#5859);
#5857 = CARTESIAN_POINT('',(1.680513367353E-15,-5.50000000004,9.05));
#5858 = DIRECTION('',(0.,1.,0.));
#5859 = DIRECTION('',(0.,-0.,1.));
#5860 = PLANE('',#5861);
#5861 = AXIS2_PLACEMENT_3D('',#5862,#5863,#5864);
#5862 = CARTESIAN_POINT('',(0.4,-5.5,9.05));
#5863 = DIRECTION('',(1.755519727298E-31,-1.,-3.061475439229E-16));
#5864 = DIRECTION('',(0.,3.061475439229E-16,-1.));
#5865 = ADVANCED_FACE('',(#5866),#5884,.T.);
#5866 = FACE_BOUND('',#5867,.T.);
#5867 = EDGE_LOOP('',(#5868,#5876,#5883));
#5868 = ORIENTED_EDGE('',*,*,#5869,.T.);
#5869 = EDGE_CURVE('',#3699,#5870,#5872,.T.);
#5870 = VERTEX_POINT('',#5871);
#5871 = CARTESIAN_POINT('',(5.085447341954,2.79174682453,-0.714392867875
    ));
#5872 = LINE('',#5873,#5874);
#5873 = CARTESIAN_POINT('',(5.08544734195,2.791746824527,-1.25));
#5874 = VECTOR('',#5875,1.);
#5875 = DIRECTION('',(-2.860594362935E-18,4.954694776446E-18,1.));
#5876 = ORIENTED_EDGE('',*,*,#5877,.F.);
#5877 = EDGE_CURVE('',#3701,#5870,#5878,.T.);
#5878 = CIRCLE('',#5879,0.54999999998);
#5879 = AXIS2_PLACEMENT_3D('',#5880,#5881,#5882);
#5880 = CARTESIAN_POINT('',(5.022947341959,2.900000000005,-1.25));
#5881 = DIRECTION('',(-0.866025403784,-0.5,0.));
#5882 = DIRECTION('',(0.5,-0.866025403784,0.));
#5883 = ORIENTED_EDGE('',*,*,#3698,.F.);
#5884 = PLANE('',#5885);
#5885 = AXIS2_PLACEMENT_3D('',#5886,#5887,#5888);
#5886 = CARTESIAN_POINT('',(5.22294734195,2.553589838486,-1.25));
#5887 = DIRECTION('',(0.866025403784,0.5,3.402025825242E-16));
#5888 = DIRECTION('',(-0.5,0.866025403784,0.));
#5889 = ADVANCED_FACE('',(#5890),#5909,.T.);
#5890 = FACE_BOUND('',#5891,.T.);
#5891 = EDGE_LOOP('',(#5892,#5902));
#5892 = ORIENTED_EDGE('',*,*,#5893,.T.);
#5893 = EDGE_CURVE('',#5894,#5896,#5898,.T.);
#5894 = VERTEX_POINT('',#5895);
#5895 = CARTESIAN_POINT('',(4.960447341953,3.008253175475,
    -0.714392867873));
#5896 = VERTEX_POINT('',#5897);
#5897 = CARTESIAN_POINT('',(4.960447341954,3.008253175476,
    -1.785607132125));
#5898 = LINE('',#5899,#5900);
#5899 = CARTESIAN_POINT('',(4.96044734195,3.008253175473,-1.25));
#5900 = VECTOR('',#5901,1.);
#5901 = DIRECTION('',(2.860594362935E-18,-4.954694776446E-18,-1.));
#5902 = ORIENTED_EDGE('',*,*,#5903,.F.);
#5903 = EDGE_CURVE('',#5894,#5896,#5904,.T.);
#5904 = CIRCLE('',#5905,0.54999999998);
#5905 = AXIS2_PLACEMENT_3D('',#5906,#5907,#5908);
#5906 = CARTESIAN_POINT('',(5.022947341959,2.900000000005,-1.25));
#5907 = DIRECTION('',(-0.866025403784,-0.5,0.));
#5908 = DIRECTION('',(0.5,-0.866025403784,0.));
#5909 = PLANE('',#5910);
#5910 = AXIS2_PLACEMENT_3D('',#5911,#5912,#5913);
#5911 = CARTESIAN_POINT('',(5.22294734195,2.553589838486,-1.25));
#5912 = DIRECTION('',(0.866025403784,0.5,3.402025825242E-16));
#5913 = DIRECTION('',(-0.5,0.866025403784,0.));
#5914 = ADVANCED_FACE('',(#5915),#5934,.T.);
#5915 = FACE_BOUND('',#5916,.T.);
#5916 = EDGE_LOOP('',(#5917,#5927));
#5917 = ORIENTED_EDGE('',*,*,#5918,.T.);
#5918 = EDGE_CURVE('',#5919,#5921,#5923,.T.);
#5919 = VERTEX_POINT('',#5920);
#5920 = CARTESIAN_POINT('',(-5.085447341961,2.791746824533,
    -0.714392867833));
#5921 = VERTEX_POINT('',#5922);
#5922 = CARTESIAN_POINT('',(-5.085447341954,2.791746824529,
    -1.785607132176));
#5923 = LINE('',#5924,#5925);
#5924 = CARTESIAN_POINT('',(-5.08544734195,2.791746824527,-1.25));
#5925 = VECTOR('',#5926,1.);
#5926 = DIRECTION('',(-4.356283366083E-15,-7.54530412222E-15,-1.));
#5927 = ORIENTED_EDGE('',*,*,#5928,.F.);
#5928 = EDGE_CURVE('',#5919,#5921,#5929,.T.);
#5929 = CIRCLE('',#5930,0.550000000031);
#5930 = AXIS2_PLACEMENT_3D('',#5931,#5932,#5933);
#5931 = CARTESIAN_POINT('',(-5.022947341957,2.900000000004,-1.25));
#5932 = DIRECTION('',(0.866025403784,-0.5,-7.545392348512E-16));
#5933 = DIRECTION('',(0.5,0.866025403784,1.479114197289E-31));
#5934 = PLANE('',#5935);
#5935 = AXIS2_PLACEMENT_3D('',#5936,#5937,#5938);
#5936 = CARTESIAN_POINT('',(-4.82294734195,3.246410161514,-1.25));
#5937 = DIRECTION('',(-0.866025403784,0.5,5.324988511644E-16));
#5938 = DIRECTION('',(-0.5,-0.866025403784,0.));
#5939 = ADVANCED_FACE('',(#5940),#5958,.T.);
#5940 = FACE_BOUND('',#5941,.T.);
#5941 = EDGE_LOOP('',(#5942,#5950,#5957));
#5942 = ORIENTED_EDGE('',*,*,#5943,.T.);
#5943 = EDGE_CURVE('',#3666,#5944,#5946,.T.);
#5944 = VERTEX_POINT('',#5945);
#5945 = CARTESIAN_POINT('',(-4.960447341953,3.008253175475,
    -0.714392867824));
#5946 = LINE('',#5947,#5948);
#5947 = CARTESIAN_POINT('',(-4.96044734195,3.008253175473,-1.25));
#5948 = VECTOR('',#5949,1.);
#5949 = DIRECTION('',(4.356283366083E-15,7.54530412222E-15,1.));
#5950 = ORIENTED_EDGE('',*,*,#5951,.F.);
#5951 = EDGE_CURVE('',#3668,#5944,#5952,.T.);
#5952 = CIRCLE('',#5953,0.550000000031);
#5953 = AXIS2_PLACEMENT_3D('',#5954,#5955,#5956);
#5954 = CARTESIAN_POINT('',(-5.022947341957,2.900000000004,-1.25));
#5955 = DIRECTION('',(0.866025403784,-0.5,-7.545392348512E-16));
#5956 = DIRECTION('',(0.5,0.866025403784,1.479114197289E-31));
#5957 = ORIENTED_EDGE('',*,*,#3665,.F.);
#5958 = PLANE('',#5959);
#5959 = AXIS2_PLACEMENT_3D('',#5960,#5961,#5962);
#5960 = CARTESIAN_POINT('',(-4.82294734195,3.246410161514,-1.25));
#5961 = DIRECTION('',(-0.866025403784,0.5,5.324988511644E-16));
#5962 = DIRECTION('',(-0.5,-0.866025403784,0.));
#5963 = ADVANCED_FACE('',(#5964),#5976,.T.);
#5964 = FACE_BOUND('',#5965,.T.);
#5965 = EDGE_LOOP('',(#5966,#5967,#5974,#5975));
#5966 = ORIENTED_EDGE('',*,*,#3798,.F.);
#5967 = ORIENTED_EDGE('',*,*,#5968,.F.);
#5968 = EDGE_CURVE('',#3627,#3625,#5969,.T.);
#5969 = CIRCLE('',#5970,5.799999999965);
#5970 = AXIS2_PLACEMENT_3D('',#5971,#5972,#5973);
#5971 = CARTESIAN_POINT('',(3.630429290533E-16,-4.687782042851E-15,
    -2.749999999992));
#5972 = DIRECTION('',(1.110223024625E-16,-4.286122238378E-16,1.));
#5973 = DIRECTION('',(-1.504842527633E-27,1.,4.286122238378E-16));
#5974 = ORIENTED_EDGE('',*,*,#3815,.T.);
#5975 = ORIENTED_EDGE('',*,*,#5667,.T.);
#5976 = CYLINDRICAL_SURFACE('',#5977,5.8);
#5977 = AXIS2_PLACEMENT_3D('',#5978,#5979,#5980);
#5978 = CARTESIAN_POINT('',(1.298960938811E-16,-3.787696372788E-15,-4.85
    ));
#5979 = DIRECTION('',(-1.110223024625E-16,4.286122238378E-16,-1.));
#5980 = DIRECTION('',(-2.223017090445E-33,1.,4.286122238378E-16));
#5981 = ADVANCED_FACE('',(#5982,#5986),#5996,.T.);
#5982 = FACE_BOUND('',#5983,.T.);
#5983 = EDGE_LOOP('',(#5984,#5985));
#5984 = ORIENTED_EDGE('',*,*,#3901,.T.);
#5985 = ORIENTED_EDGE('',*,*,#5685,.T.);
#5986 = FACE_BOUND('',#5987,.T.);
#5987 = EDGE_LOOP('',(#5988,#5989));
#5988 = ORIENTED_EDGE('',*,*,#3592,.F.);
#5989 = ORIENTED_EDGE('',*,*,#5990,.F.);
#5990 = EDGE_CURVE('',#3595,#3593,#5991,.T.);
#5991 = CIRCLE('',#5992,5.919615242277);
#5992 = AXIS2_PLACEMENT_3D('',#5993,#5994,#5995);
#5993 = CARTESIAN_POINT('',(1.871905408452E-15,0.,10.749999999973));
#5994 = DIRECTION('',(-1.445602896654E-16,0.,-1.));
#5995 = DIRECTION('',(-1.,0.,1.445602896654E-16));
#5996 = PLANE('',#5997);
#5997 = AXIS2_PLACEMENT_3D('',#5998,#5999,#6000);
#5998 = CARTESIAN_POINT('',(1.861844012296E-15,5.,10.75));
#5999 = DIRECTION('',(1.110223024625E-16,1.883405411215E-29,1.));
#6000 = DIRECTION('',(1.,0.,-1.110223024625E-16));
#6001 = ADVANCED_FACE('',(#6002,#6006),#6016,.T.);
#6002 = FACE_BOUND('',#6003,.T.);
#6003 = EDGE_LOOP('',(#6004,#6005));
#6004 = ORIENTED_EDGE('',*,*,#5705,.T.);
#6005 = ORIENTED_EDGE('',*,*,#3876,.T.);
#6006 = FACE_BOUND('',#6007,.T.);
#6007 = EDGE_LOOP('',(#6008,#6015));
#6008 = ORIENTED_EDGE('',*,*,#6009,.T.);
#6009 = EDGE_CURVE('',#3561,#3570,#6010,.T.);
#6010 = CIRCLE('',#6011,2.);
#6011 = AXIS2_PLACEMENT_3D('',#6012,#6013,#6014);
#6012 = CARTESIAN_POINT('',(9.736655925963E-16,4.8,2.75));
#6013 = DIRECTION('',(4.758551595405E-32,1.,4.286122238378E-16));
#6014 = DIRECTION('',(2.411940949554E-49,-4.286122238378E-16,1.));
#6015 = ORIENTED_EDGE('',*,*,#3577,.T.);
#6016 = PLANE('',#6017);
#6017 = AXIS2_PLACEMENT_3D('',#6018,#6019,#6020);
#6018 = CARTESIAN_POINT('',(9.736655925963E-16,4.8,2.75));
#6019 = DIRECTION('',(4.758551595405E-32,1.,4.286122238378E-16));
#6020 = DIRECTION('',(0.,-4.286122238378E-16,1.));
#6021 = ADVANCED_FACE('',(#6022),#6049,.T.);
#6022 = FACE_BOUND('',#6023,.T.);
#6023 = EDGE_LOOP('',(#6024,#6025,#6032,#6033,#6042));
#6024 = ORIENTED_EDGE('',*,*,#5731,.T.);
#6025 = ORIENTED_EDGE('',*,*,#6026,.T.);
#6026 = EDGE_CURVE('',#5724,#3529,#6027,.T.);
#6027 = B_SPLINE_CURVE_WITH_KNOTS('',3,(#6028,#6029,#6030,#6031),
  .UNSPECIFIED.,.F.,.F.,(4,4),(2.647753972795E-15,8.659771552497E-05),
  .PIECEWISE_BEZIER_KNOTS.);
#6028 = CARTESIAN_POINT('',(-4.825639720816,2.641746824528,
    8.514392867863));
#6029 = CARTESIAN_POINT('',(-4.808198924557,2.631677376113,
    8.493712797356));
#6030 = CARTESIAN_POINT('',(-4.79073161484,2.621592620145,8.473062518791
    ));
#6031 = CARTESIAN_POINT('',(-4.773245183885,2.611496824527,8.45243389487
    ));
#6032 = ORIENTED_EDGE('',*,*,#3536,.T.);
#6033 = ORIENTED_EDGE('',*,*,#6034,.T.);
#6034 = EDGE_CURVE('',#3537,#6035,#6037,.T.);
#6035 = VERTEX_POINT('',#6036);
#6036 = CARTESIAN_POINT('',(-4.773245183885,2.611496824527,9.64756610513
    ));
#6037 = CIRCLE('',#6038,0.6105);
#6038 = AXIS2_PLACEMENT_3D('',#6039,#6040,#6041);
#6039 = CARTESIAN_POINT('',(-4.710745183885,2.71975,9.05));
#6040 = DIRECTION('',(-0.866025403784,0.5,-7.882722906521E-15));
#6041 = DIRECTION('',(0.5,0.866025403784,-4.338734978716E-30));
#6042 = ORIENTED_EDGE('',*,*,#6043,.T.);
#6043 = EDGE_CURVE('',#6035,#5722,#6044,.T.);
#6044 = B_SPLINE_CURVE_WITH_KNOTS('',3,(#6045,#6046,#6047,#6048),
  .UNSPECIFIED.,.F.,.F.,(4,4),(0.,8.659771552745E-05),
  .PIECEWISE_BEZIER_KNOTS.);
#6045 = CARTESIAN_POINT('',(-4.773245183885,2.611496824527,9.64756610513
    ));
#6046 = CARTESIAN_POINT('',(-4.79073161484,2.621592620145,9.626937481209
    ));
#6047 = CARTESIAN_POINT('',(-4.808198924557,2.631677376113,
    9.606287202644));
#6048 = CARTESIAN_POINT('',(-4.825639720816,2.641746824528,
    9.585607132137));
#6049 = CONICAL_SURFACE('',#6050,0.610499999987,0.78539816342);
#6050 = AXIS2_PLACEMENT_3D('',#6051,#6052,#6053);
#6051 = CARTESIAN_POINT('',(-4.710745183897,2.719750000007,9.05));
#6052 = DIRECTION('',(0.866025403784,-0.5,7.515804553211E-15));
#6053 = DIRECTION('',(0.5,0.866025403784,-2.761013168274E-30));
#6054 = ADVANCED_FACE('',(#6055),#6075,.F.);
#6055 = FACE_BOUND('',#6056,.T.);
#6056 = EDGE_LOOP('',(#6057,#6065,#6066,#6067,#6068,#6069));
#6057 = ORIENTED_EDGE('',*,*,#6058,.T.);
#6058 = EDGE_CURVE('',#6059,#3520,#6061,.T.);
#6059 = VERTEX_POINT('',#6060);
#6060 = CARTESIAN_POINT('',(-4.479229559301,2.441746824527,9.64756610513
    ));
#6061 = LINE('',#6062,#6063);
#6062 = CARTESIAN_POINT('',(-4.479229559301,2.441746824527,9.05));
#6063 = VECTOR('',#6064,1.);
#6064 = DIRECTION('',(6.720580764162E-15,-3.880129113301E-15,-1.));
#6065 = ORIENTED_EDGE('',*,*,#3528,.T.);
#6066 = ORIENTED_EDGE('',*,*,#6026,.F.);
#6067 = ORIENTED_EDGE('',*,*,#5721,.F.);
#6068 = ORIENTED_EDGE('',*,*,#6043,.F.);
#6069 = ORIENTED_EDGE('',*,*,#6070,.T.);
#6070 = EDGE_CURVE('',#6035,#6059,#6071,.T.);
#6071 = LINE('',#6072,#6073);
#6072 = CARTESIAN_POINT('',(-4.739037180436,2.591746824527,9.64756610513
    ));
#6073 = VECTOR('',#6074,1.);
#6074 = DIRECTION('',(0.866025403784,-0.5,7.882722906521E-15));
#6075 = PLANE('',#6076);
#6076 = AXIS2_PLACEMENT_3D('',#6077,#6078,#6079);
#6077 = CARTESIAN_POINT('',(-4.479229559301,2.441746824527,9.05));
#6078 = DIRECTION('',(-0.5,-0.866025403784,4.747722019068E-15));
#6079 = DIRECTION('',(0.866025403784,-0.5,-1.577721810442E-30));
#6080 = ADVANCED_FACE('',(#6081),#6100,.F.);
#6081 = FACE_BOUND('',#6082,.T.);
#6082 = EDGE_LOOP('',(#6083,#6091,#6092,#6093));
#6083 = ORIENTED_EDGE('',*,*,#6084,.T.);
#6084 = EDGE_CURVE('',#6085,#3512,#6087,.T.);
#6085 = VERTEX_POINT('',#6086);
#6086 = CARTESIAN_POINT('',(-4.354229559301,2.658253175473,9.64756610513
    ));
#6087 = LINE('',#6088,#6089);
#6088 = CARTESIAN_POINT('',(-4.354229559301,2.658253175473,9.05));
#6089 = VECTOR('',#6090,1.);
#6090 = DIRECTION('',(-2.373861009533E-15,-4.111647878615E-15,-1.));
#6091 = ORIENTED_EDGE('',*,*,#3519,.T.);
#6092 = ORIENTED_EDGE('',*,*,#6058,.F.);
#6093 = ORIENTED_EDGE('',*,*,#6094,.T.);
#6094 = EDGE_CURVE('',#6059,#6085,#6095,.T.);
#6095 = CIRCLE('',#6096,0.6105);
#6096 = AXIS2_PLACEMENT_3D('',#6097,#6098,#6099);
#6097 = CARTESIAN_POINT('',(-4.416729559301,2.55,9.05));
#6098 = DIRECTION('',(-0.866025403784,0.5,-7.882722906521E-15));
#6099 = DIRECTION('',(0.5,0.866025403784,-4.338734978716E-30));
#6100 = PLANE('',#6101);
#6101 = AXIS2_PLACEMENT_3D('',#6102,#6103,#6104);
#6102 = CARTESIAN_POINT('',(-4.354229559301,2.658253175473,9.05));
#6103 = DIRECTION('',(0.866025403784,-0.5,7.760258226606E-15));
#6104 = DIRECTION('',(0.5,0.866025403784,0.));
#6105 = ADVANCED_FACE('',(#6106),#6126,.T.);
#6106 = FACE_BOUND('',#6107,.T.);
#6107 = EDGE_LOOP('',(#6108,#6109,#6110,#6119));
#6108 = ORIENTED_EDGE('',*,*,#3775,.F.);
#6109 = ORIENTED_EDGE('',*,*,#5754,.T.);
#6110 = ORIENTED_EDGE('',*,*,#6111,.T.);
#6111 = EDGE_CURVE('',#5747,#6112,#6114,.T.);
#6112 = VERTEX_POINT('',#6113);
#6113 = CARTESIAN_POINT('',(-4.648245183885,2.828003175473,9.64756610513
    ));
#6114 = B_SPLINE_CURVE_WITH_KNOTS('',3,(#6115,#6116,#6117,#6118),
  .UNSPECIFIED.,.F.,.F.,(4,4),(2.531430598201E-15,8.659771552498E-05),
  .PIECEWISE_BEZIER_KNOTS.);
#6115 = CARTESIAN_POINT('',(-4.700639720816,2.858253175474,
    9.585607132137));
#6116 = CARTESIAN_POINT('',(-4.683198924557,2.848183727059,
    9.606287202644));
#6117 = CARTESIAN_POINT('',(-4.66573161484,2.838098971091,9.626937481209
    ));
#6118 = CARTESIAN_POINT('',(-4.648245183885,2.828003175473,9.64756610513
    ));
#6119 = ORIENTED_EDGE('',*,*,#6120,.T.);
#6120 = EDGE_CURVE('',#6112,#3495,#6121,.T.);
#6121 = CIRCLE('',#6122,0.6105);
#6122 = AXIS2_PLACEMENT_3D('',#6123,#6124,#6125);
#6123 = CARTESIAN_POINT('',(-4.710745183885,2.71975,9.05));
#6124 = DIRECTION('',(-0.866025403784,0.5,-7.882722906521E-15));
#6125 = DIRECTION('',(0.5,0.866025403784,1.136591958052E-14));
#6126 = CONICAL_SURFACE('',#6127,0.610499999987,0.78539816342);
#6127 = AXIS2_PLACEMENT_3D('',#6128,#6129,#6130);
#6128 = CARTESIAN_POINT('',(-4.710745183897,2.719750000007,9.05));
#6129 = DIRECTION('',(0.866025403784,-0.5,7.515804553211E-15));
#6130 = DIRECTION('',(0.5,0.866025403784,-2.761013168274E-30));
#6131 = ADVANCED_FACE('',(#6132),#6145,.F.);
#6132 = FACE_BOUND('',#6133,.T.);
#6133 = EDGE_LOOP('',(#6134,#6135,#6136,#6137,#6138,#6139));
#6134 = ORIENTED_EDGE('',*,*,#6111,.F.);
#6135 = ORIENTED_EDGE('',*,*,#5746,.F.);
#6136 = ORIENTED_EDGE('',*,*,#3782,.F.);
#6137 = ORIENTED_EDGE('',*,*,#3511,.T.);
#6138 = ORIENTED_EDGE('',*,*,#6084,.F.);
#6139 = ORIENTED_EDGE('',*,*,#6140,.T.);
#6140 = EDGE_CURVE('',#6085,#6112,#6141,.T.);
#6141 = LINE('',#6142,#6143);
#6142 = CARTESIAN_POINT('',(-4.614037180436,2.808253175473,9.64756610513
    ));
#6143 = VECTOR('',#6144,1.);
#6144 = DIRECTION('',(-0.866025403784,0.5,-7.882722906521E-15));
#6145 = PLANE('',#6146);
#6146 = AXIS2_PLACEMENT_3D('',#6147,#6148,#6149);
#6147 = CARTESIAN_POINT('',(-4.892755477568,2.96917125935,9.05));
#6148 = DIRECTION('',(0.5,0.866025403784,-4.747722019068E-15));
#6149 = DIRECTION('',(-0.866025403784,0.5,1.577721810442E-30));
#6150 = ADVANCED_FACE('',(#6151),#6178,.T.);
#6151 = FACE_BOUND('',#6152,.T.);
#6152 = EDGE_LOOP('',(#6153,#6154,#6161,#6162,#6171));
#6153 = ORIENTED_EDGE('',*,*,#5780,.T.);
#6154 = ORIENTED_EDGE('',*,*,#6155,.T.);
#6155 = EDGE_CURVE('',#5773,#3463,#6156,.T.);
#6156 = B_SPLINE_CURVE_WITH_KNOTS('',3,(#6157,#6158,#6159,#6160),
  .UNSPECIFIED.,.F.,.F.,(4,4),(9.620806816374E-15,8.659771552772E-05),
  .PIECEWISE_BEZIER_KNOTS.);
#6157 = CARTESIAN_POINT('',(4.700639720832,2.858253175483,8.514392867832
    ));
#6158 = CARTESIAN_POINT('',(4.683198924573,2.848183727068,8.49371279734)
  );
#6159 = CARTESIAN_POINT('',(4.665731614849,2.838098971097,8.473062518782
    ));
#6160 = CARTESIAN_POINT('',(4.648245183886,2.828003175474,8.452433894869
    ));
#6161 = ORIENTED_EDGE('',*,*,#3470,.T.);
#6162 = ORIENTED_EDGE('',*,*,#6163,.T.);
#6163 = EDGE_CURVE('',#3471,#6164,#6166,.T.);
#6164 = VERTEX_POINT('',#6165);
#6165 = CARTESIAN_POINT('',(4.648245183886,2.828003175474,9.647566105131
    ));
#6166 = CIRCLE('',#6167,0.6105);
#6167 = AXIS2_PLACEMENT_3D('',#6168,#6169,#6170);
#6168 = CARTESIAN_POINT('',(4.710745183885,2.71975,9.05));
#6169 = DIRECTION('',(0.866025403784,0.5,-8.07501917516E-15));
#6170 = DIRECTION('',(0.5,-0.866025403784,2.366582715663E-30));
#6171 = ORIENTED_EDGE('',*,*,#6172,.T.);
#6172 = EDGE_CURVE('',#6164,#5771,#6173,.T.);
#6173 = B_SPLINE_CURVE_WITH_KNOTS('',3,(#6174,#6175,#6176,#6177),
  .UNSPECIFIED.,.F.,.F.,(4,4),(2.602085213965E-18,8.659771553773E-05),
  .PIECEWISE_BEZIER_KNOTS.);
#6174 = CARTESIAN_POINT('',(4.648245183886,2.828003175474,9.647566105131
    ));
#6175 = CARTESIAN_POINT('',(4.665731614849,2.838098971097,9.626937481218
    ));
#6176 = CARTESIAN_POINT('',(4.683198924573,2.848183727068,9.60628720266)
  );
#6177 = CARTESIAN_POINT('',(4.700639720844,2.85825317549,9.585607132154)
  );
#6178 = CONICAL_SURFACE('',#6179,0.610499999982,0.785398163054);
#6179 = AXIS2_PLACEMENT_3D('',#6180,#6181,#6182);
#6180 = CARTESIAN_POINT('',(4.710745183905,2.719750000012,9.05));
#6181 = DIRECTION('',(-0.866025403784,-0.5,8.118252429315E-15));
#6182 = DIRECTION('',(0.5,-0.866025403784,0.));
#6183 = ADVANCED_FACE('',(#6184),#6204,.F.);
#6184 = FACE_BOUND('',#6185,.T.);
#6185 = EDGE_LOOP('',(#6186,#6194,#6195,#6196,#6197,#6198));
#6186 = ORIENTED_EDGE('',*,*,#6187,.T.);
#6187 = EDGE_CURVE('',#6188,#3454,#6190,.T.);
#6188 = VERTEX_POINT('',#6189);
#6189 = CARTESIAN_POINT('',(4.354229559301,2.658253175473,9.64756610513)
  );
#6190 = LINE('',#6191,#6192);
#6191 = CARTESIAN_POINT('',(4.354229559301,2.658253175473,9.05));
#6192 = VECTOR('',#6193,1.);
#6193 = DIRECTION('',(-6.887114217857E-15,-3.976277247622E-15,-1.));
#6194 = ORIENTED_EDGE('',*,*,#3462,.T.);
#6195 = ORIENTED_EDGE('',*,*,#6155,.F.);
#6196 = ORIENTED_EDGE('',*,*,#5770,.F.);
#6197 = ORIENTED_EDGE('',*,*,#6172,.F.);
#6198 = ORIENTED_EDGE('',*,*,#6199,.T.);
#6199 = EDGE_CURVE('',#6164,#6188,#6200,.T.);
#6200 = LINE('',#6201,#6202);
#6201 = CARTESIAN_POINT('',(4.614037180436,2.808253175473,9.64756610513)
  );
#6202 = VECTOR('',#6203,1.);
#6203 = DIRECTION('',(-0.866025403784,-0.5,8.07501917516E-15));
#6204 = PLANE('',#6205);
#6205 = AXIS2_PLACEMENT_3D('',#6206,#6207,#6208);
#6206 = CARTESIAN_POINT('',(4.354229559301,2.658253175473,9.05));
#6207 = DIRECTION('',(-0.5,0.866025403784,-3.97056590183E-15));
#6208 = DIRECTION('',(-0.866025403784,-0.5,0.));
#6209 = ADVANCED_FACE('',(#6210),#6229,.F.);
#6210 = FACE_BOUND('',#6211,.T.);
#6211 = EDGE_LOOP('',(#6212,#6220,#6221,#6222));
#6212 = ORIENTED_EDGE('',*,*,#6213,.T.);
#6213 = EDGE_CURVE('',#6214,#3446,#6216,.T.);
#6214 = VERTEX_POINT('',#6215);
#6215 = CARTESIAN_POINT('',(4.479229559301,2.441746824527,9.64756610513)
  );
#6216 = LINE('',#6217,#6218);
#6217 = CARTESIAN_POINT('',(4.479229559301,2.441746824527,9.05));
#6218 = VECTOR('',#6219,1.);
#6219 = DIRECTION('',(1.985282950914E-15,-3.438610938381E-15,-1.));
#6220 = ORIENTED_EDGE('',*,*,#3453,.T.);
#6221 = ORIENTED_EDGE('',*,*,#6187,.F.);
#6222 = ORIENTED_EDGE('',*,*,#6223,.T.);
#6223 = EDGE_CURVE('',#6188,#6214,#6224,.T.);
#6224 = CIRCLE('',#6225,0.6105);
#6225 = AXIS2_PLACEMENT_3D('',#6226,#6227,#6228);
#6226 = CARTESIAN_POINT('',(4.416729559301,2.55,9.05));
#6227 = DIRECTION('',(0.866025403784,0.5,-8.07501917516E-15));
#6228 = DIRECTION('',(0.5,-0.866025403784,5.682959790264E-15));
#6229 = PLANE('',#6230);
#6230 = AXIS2_PLACEMENT_3D('',#6231,#6232,#6233);
#6231 = CARTESIAN_POINT('',(4.479229559301,2.441746824527,9.05));
#6232 = DIRECTION('',(-0.866025403784,-0.5,7.952554495246E-15));
#6233 = DIRECTION('',(0.5,-0.866025403784,0.));
#6234 = ADVANCED_FACE('',(#6235),#6255,.T.);
#6235 = FACE_BOUND('',#6236,.T.);
#6236 = EDGE_LOOP('',(#6237,#6238,#6239,#6248));
#6237 = ORIENTED_EDGE('',*,*,#3742,.F.);
#6238 = ORIENTED_EDGE('',*,*,#5803,.T.);
#6239 = ORIENTED_EDGE('',*,*,#6240,.T.);
#6240 = EDGE_CURVE('',#5796,#6241,#6243,.T.);
#6241 = VERTEX_POINT('',#6242);
#6242 = CARTESIAN_POINT('',(4.773245183888,2.611496824528,9.64756610513)
  );
#6243 = B_SPLINE_CURVE_WITH_KNOTS('',3,(#6244,#6245,#6246,#6247),
  .UNSPECIFIED.,.F.,.F.,(4,4),(1.440436464898E-14,8.659771553034E-05),
  .PIECEWISE_BEZIER_KNOTS.);
#6244 = CARTESIAN_POINT('',(4.825639720832,2.641746824537,9.585607132168
    ));
#6245 = CARTESIAN_POINT('',(4.808198924576,2.631677376124,9.606287202657
    ));
#6246 = CARTESIAN_POINT('',(4.790731614852,2.621592620152,9.626937481215
    ));
#6247 = CARTESIAN_POINT('',(4.773245183888,2.611496824528,9.64756610513)
  );
#6248 = ORIENTED_EDGE('',*,*,#6249,.T.);
#6249 = EDGE_CURVE('',#6241,#3429,#6250,.T.);
#6250 = CIRCLE('',#6251,0.6105);
#6251 = AXIS2_PLACEMENT_3D('',#6252,#6253,#6254);
#6252 = CARTESIAN_POINT('',(4.710745183885,2.71975,9.05));
#6253 = DIRECTION('',(0.866025403784,0.5,-8.07501917516E-15));
#6254 = DIRECTION('',(0.5,-0.866025403784,2.366582715663E-30));
#6255 = CONICAL_SURFACE('',#6256,0.610499999982,0.785398163054);
#6256 = AXIS2_PLACEMENT_3D('',#6257,#6258,#6259);
#6257 = CARTESIAN_POINT('',(4.710745183905,2.719750000012,9.05));
#6258 = DIRECTION('',(-0.866025403784,-0.5,8.118252429315E-15));
#6259 = DIRECTION('',(0.5,-0.866025403784,0.));
#6260 = ADVANCED_FACE('',(#6261),#6274,.F.);
#6261 = FACE_BOUND('',#6262,.T.);
#6262 = EDGE_LOOP('',(#6263,#6264,#6265,#6266,#6267,#6268));
#6263 = ORIENTED_EDGE('',*,*,#6240,.F.);
#6264 = ORIENTED_EDGE('',*,*,#5795,.F.);
#6265 = ORIENTED_EDGE('',*,*,#3749,.F.);
#6266 = ORIENTED_EDGE('',*,*,#3445,.T.);
#6267 = ORIENTED_EDGE('',*,*,#6213,.F.);
#6268 = ORIENTED_EDGE('',*,*,#6269,.T.);
#6269 = EDGE_CURVE('',#6214,#6241,#6270,.T.);
#6270 = LINE('',#6271,#6272);
#6271 = CARTESIAN_POINT('',(4.739037180436,2.591746824527,9.64756610513)
  );
#6272 = VECTOR('',#6273,1.);
#6273 = DIRECTION('',(0.866025403784,0.5,-8.07501917516E-15));
#6274 = PLANE('',#6275);
#6275 = AXIS2_PLACEMENT_3D('',#6276,#6277,#6278);
#6276 = CARTESIAN_POINT('',(5.017755477568,2.752664908404,9.05));
#6277 = DIRECTION('',(0.5,-0.866025403784,3.97056590183E-15));
#6278 = DIRECTION('',(0.866025403784,0.5,0.));
#6279 = ADVANCED_FACE('',(#6280),#6308,.T.);
#6280 = FACE_BOUND('',#6281,.T.);
#6281 = EDGE_LOOP('',(#6282,#6283,#6292,#6301));
#6282 = ORIENTED_EDGE('',*,*,#5829,.T.);
#6283 = ORIENTED_EDGE('',*,*,#6284,.T.);
#6284 = EDGE_CURVE('',#5822,#6285,#6287,.T.);
#6285 = VERTEX_POINT('',#6286);
#6286 = CARTESIAN_POINT('',(0.125,-5.439500000004,8.452433894866));
#6287 = B_SPLINE_CURVE_WITH_KNOTS('',3,(#6288,#6289,#6290,#6291),
  .UNSPECIFIED.,.F.,.F.,(4,4),(6.560512273085E-15,8.659771553401E-05),
  .PIECEWISE_BEZIER_KNOTS.);
#6288 = CARTESIAN_POINT('',(0.125,-5.50000000002,8.514392867864));
#6289 = CARTESIAN_POINT('',(0.125,-5.479861103185,8.493712797352));
#6290 = CARTESIAN_POINT('',(0.125,-5.459691591248,8.473062518785));
#6291 = CARTESIAN_POINT('',(0.125,-5.439500000004,8.452433894866));
#6292 = ORIENTED_EDGE('',*,*,#6293,.T.);
#6293 = EDGE_CURVE('',#6285,#6294,#6296,.T.);
#6294 = VERTEX_POINT('',#6295);
#6295 = CARTESIAN_POINT('',(0.125,-5.439500000004,9.647566105134));
#6296 = CIRCLE('',#6297,0.6105);
#6297 = AXIS2_PLACEMENT_3D('',#6298,#6299,#6300);
#6298 = CARTESIAN_POINT('',(1.67310609811E-15,-5.4395,9.05));
#6299 = DIRECTION('',(-4.758551595405E-32,-1.,-4.286122238378E-16));
#6300 = DIRECTION('',(8.881784197001E-16,-4.286122238378E-16,1.));
#6301 = ORIENTED_EDGE('',*,*,#6302,.T.);
#6302 = EDGE_CURVE('',#6294,#5820,#6303,.T.);
#6303 = B_SPLINE_CURVE_WITH_KNOTS('',3,(#6304,#6305,#6306,#6307),
  .UNSPECIFIED.,.F.,.F.,(4,4),(9.813077866774E-18,8.659771555091E-05),
  .PIECEWISE_BEZIER_KNOTS.);
#6304 = CARTESIAN_POINT('',(0.125,-5.439500000004,9.647566105134));
#6305 = CARTESIAN_POINT('',(0.125,-5.459691591248,9.626937481215));
#6306 = CARTESIAN_POINT('',(0.125,-5.479861103184,9.606287202649));
#6307 = CARTESIAN_POINT('',(0.125,-5.500000000027,9.585607132129));
#6308 = CONICAL_SURFACE('',#6309,0.610499999993,0.785398163397);
#6309 = AXIS2_PLACEMENT_3D('',#6310,#6311,#6312);
#6310 = CARTESIAN_POINT('',(1.680513367353E-15,-5.439500000023,9.05));
#6311 = DIRECTION('',(0.,1.,0.));
#6312 = DIRECTION('',(0.,-0.,1.));
#6313 = ADVANCED_FACE('',(#6314),#6341,.F.);
#6314 = FACE_BOUND('',#6315,.T.);
#6315 = EDGE_LOOP('',(#6316,#6326,#6332,#6333,#6334,#6335));
#6316 = ORIENTED_EDGE('',*,*,#6317,.T.);
#6317 = EDGE_CURVE('',#6318,#6320,#6322,.T.);
#6318 = VERTEX_POINT('',#6319);
#6319 = CARTESIAN_POINT('',(0.125,-5.1,9.64756610513));
#6320 = VERTEX_POINT('',#6321);
#6321 = CARTESIAN_POINT('',(0.125,-5.1,8.45243389487));
#6322 = LINE('',#6323,#6324);
#6323 = CARTESIAN_POINT('',(0.125,-5.1,9.05));
#6324 = VECTOR('',#6325,1.);
#6325 = DIRECTION('',(-0.,3.061475439229E-16,-1.));
#6326 = ORIENTED_EDGE('',*,*,#6327,.T.);
#6327 = EDGE_CURVE('',#6320,#6285,#6328,.T.);
#6328 = LINE('',#6329,#6330);
#6329 = CARTESIAN_POINT('',(0.125,-5.4,8.45243389487));
#6330 = VECTOR('',#6331,1.);
#6331 = DIRECTION('',(-4.758551595405E-32,-1.,-4.286122238378E-16));
#6332 = ORIENTED_EDGE('',*,*,#6284,.F.);
#6333 = ORIENTED_EDGE('',*,*,#5819,.F.);
#6334 = ORIENTED_EDGE('',*,*,#6302,.F.);
#6335 = ORIENTED_EDGE('',*,*,#6336,.T.);
#6336 = EDGE_CURVE('',#6294,#6318,#6337,.T.);
#6337 = LINE('',#6338,#6339);
#6338 = CARTESIAN_POINT('',(0.125,-5.4,9.64756610513));
#6339 = VECTOR('',#6340,1.);
#6340 = DIRECTION('',(4.758551595405E-32,1.,4.286122238378E-16));
#6341 = PLANE('',#6342);
#6342 = AXIS2_PLACEMENT_3D('',#6343,#6344,#6345);
#6343 = CARTESIAN_POINT('',(0.125,-5.1,9.05));
#6344 = DIRECTION('',(1.,1.394839642603E-16,2.220446049242E-16));
#6345 = DIRECTION('',(2.220446049242E-16,0.,-1.));
#6346 = ADVANCED_FACE('',(#6347),#6372,.F.);
#6347 = FACE_BOUND('',#6348,.T.);
#6348 = EDGE_LOOP('',(#6349,#6355,#6356,#6363,#6364,#6371));
#6349 = ORIENTED_EDGE('',*,*,#6350,.T.);
#6350 = EDGE_CURVE('',#3355,#3381,#6351,.T.);
#6351 = LINE('',#6352,#6353);
#6352 = CARTESIAN_POINT('',(-0.125,-5.1,9.05));
#6353 = VECTOR('',#6354,1.);
#6354 = DIRECTION('',(2.220446049242E-16,-0.,-1.));
#6355 = ORIENTED_EDGE('',*,*,#3388,.T.);
#6356 = ORIENTED_EDGE('',*,*,#6357,.T.);
#6357 = EDGE_CURVE('',#3389,#6320,#6358,.T.);
#6358 = CIRCLE('',#6359,0.6105);
#6359 = AXIS2_PLACEMENT_3D('',#6360,#6361,#6362);
#6360 = CARTESIAN_POINT('',(1.67310609811E-15,-5.1,9.05));
#6361 = DIRECTION('',(-4.758551595405E-32,-1.,-4.286122238378E-16));
#6362 = DIRECTION('',(-2.039573381553E-47,-4.286122238378E-16,1.));
#6363 = ORIENTED_EDGE('',*,*,#6317,.F.);
#6364 = ORIENTED_EDGE('',*,*,#6365,.T.);
#6365 = EDGE_CURVE('',#6318,#3347,#6366,.T.);
#6366 = CIRCLE('',#6367,0.6105);
#6367 = AXIS2_PLACEMENT_3D('',#6368,#6369,#6370);
#6368 = CARTESIAN_POINT('',(1.67310609811E-15,-5.1,9.05));
#6369 = DIRECTION('',(-4.758551595405E-32,-1.,-4.286122238378E-16));
#6370 = DIRECTION('',(5.329070518201E-15,-4.286122238378E-16,1.));
#6371 = ORIENTED_EDGE('',*,*,#3354,.T.);
#6372 = PLANE('',#6373);
#6373 = AXIS2_PLACEMENT_3D('',#6374,#6375,#6376);
#6374 = CARTESIAN_POINT('',(-0.125,-5.1,9.05));
#6375 = DIRECTION('',(-1.755519727298E-31,1.,3.061475439229E-16));
#6376 = DIRECTION('',(0.,-3.061475439229E-16,1.));
#6377 = ADVANCED_FACE('',(#6378),#6396,.T.);
#6378 = FACE_BOUND('',#6379,.T.);
#6379 = EDGE_LOOP('',(#6380,#6381,#6388,#6389));
#6380 = ORIENTED_EDGE('',*,*,#5854,.T.);
#6381 = ORIENTED_EDGE('',*,*,#6382,.T.);
#6382 = EDGE_CURVE('',#5847,#3364,#6383,.T.);
#6383 = B_SPLINE_CURVE_WITH_KNOTS('',3,(#6384,#6385,#6386,#6387),
  .UNSPECIFIED.,.F.,.F.,(4,4),(6.561118236792E-15,8.659771553401E-05),
  .PIECEWISE_BEZIER_KNOTS.);
#6384 = CARTESIAN_POINT('',(-0.125,-5.50000000002,9.585607132136));
#6385 = CARTESIAN_POINT('',(-0.125,-5.479861103185,9.606287202648));
#6386 = CARTESIAN_POINT('',(-0.125,-5.459691591248,9.626937481215));
#6387 = CARTESIAN_POINT('',(-0.125,-5.439500000004,9.647566105134));
#6388 = ORIENTED_EDGE('',*,*,#3371,.T.);
#6389 = ORIENTED_EDGE('',*,*,#6390,.T.);
#6390 = EDGE_CURVE('',#3372,#5845,#6391,.T.);
#6391 = B_SPLINE_CURVE_WITH_KNOTS('',3,(#6392,#6393,#6394,#6395),
  .UNSPECIFIED.,.F.,.F.,(4,4),(3.373803031874E-17,8.659771555095E-05),
  .PIECEWISE_BEZIER_KNOTS.);
#6392 = CARTESIAN_POINT('',(-0.125,-5.439500000004,8.452433894866));
#6393 = CARTESIAN_POINT('',(-0.125,-5.459691591247,8.473062518785));
#6394 = CARTESIAN_POINT('',(-0.125,-5.479861103184,8.493712797351));
#6395 = CARTESIAN_POINT('',(-0.125,-5.500000000027,8.514392867871));
#6396 = CONICAL_SURFACE('',#6397,0.610499999993,0.785398163397);
#6397 = AXIS2_PLACEMENT_3D('',#6398,#6399,#6400);
#6398 = CARTESIAN_POINT('',(1.680513367353E-15,-5.439500000023,9.05));
#6399 = DIRECTION('',(0.,1.,0.));
#6400 = DIRECTION('',(0.,-0.,1.));
#6401 = ADVANCED_FACE('',(#6402),#6410,.F.);
#6402 = FACE_BOUND('',#6403,.T.);
#6403 = EDGE_LOOP('',(#6404,#6405,#6406,#6407,#6408,#6409));
#6404 = ORIENTED_EDGE('',*,*,#6382,.F.);
#6405 = ORIENTED_EDGE('',*,*,#5844,.F.);
#6406 = ORIENTED_EDGE('',*,*,#6390,.F.);
#6407 = ORIENTED_EDGE('',*,*,#3380,.T.);
#6408 = ORIENTED_EDGE('',*,*,#6350,.F.);
#6409 = ORIENTED_EDGE('',*,*,#3363,.T.);
#6410 = PLANE('',#6411);
#6411 = AXIS2_PLACEMENT_3D('',#6412,#6413,#6414);
#6412 = CARTESIAN_POINT('',(-0.125,-5.721836167754,9.05));
#6413 = DIRECTION('',(-1.,-9.860761315263E-32,-2.220446049242E-16));
#6414 = DIRECTION('',(-2.220446049242E-16,0.,1.));
#6415 = ADVANCED_FACE('',(#6416),#6436,.T.);
#6416 = FACE_BOUND('',#6417,.T.);
#6417 = EDGE_LOOP('',(#6418,#6419,#6420,#6429));
#6418 = ORIENTED_EDGE('',*,*,#3709,.F.);
#6419 = ORIENTED_EDGE('',*,*,#5877,.T.);
#6420 = ORIENTED_EDGE('',*,*,#6421,.T.);
#6421 = EDGE_CURVE('',#5870,#6422,#6424,.T.);
#6422 = VERTEX_POINT('',#6423);
#6423 = CARTESIAN_POINT('',(5.033052805015,2.761496824524,
    -0.652433894876));
#6424 = B_SPLINE_CURVE_WITH_KNOTS('',3,(#6425,#6426,#6427,#6428),
  .UNSPECIFIED.,.F.,.F.,(4,4),(9.07554924295E-15,8.659771552887E-05),
  .PIECEWISE_BEZIER_KNOTS.);
#6425 = CARTESIAN_POINT('',(5.085447341954,2.79174682453,-0.714392867875
    ));
#6426 = CARTESIAN_POINT('',(5.068006545688,2.78167737611,-0.693712797365
    ));
#6427 = CARTESIAN_POINT('',(5.050539235967,2.771592620141,
    -0.673062518802));
#6428 = CARTESIAN_POINT('',(5.033052805015,2.761496824524,
    -0.652433894876));
#6429 = ORIENTED_EDGE('',*,*,#6430,.T.);
#6430 = EDGE_CURVE('',#6422,#3279,#6431,.T.);
#6431 = CIRCLE('',#6432,0.6105);
#6432 = AXIS2_PLACEMENT_3D('',#6433,#6434,#6435);
#6433 = CARTESIAN_POINT('',(4.970552805021,2.869749999999,-1.25));
#6434 = DIRECTION('',(0.866025403784,0.5,1.181579775997E-16));
#6435 = DIRECTION('',(0.5,-0.866025403784,-3.551849868914E-15));
#6436 = CONICAL_SURFACE('',#6437,0.61049999992,0.785398163271);
#6437 = AXIS2_PLACEMENT_3D('',#6438,#6439,#6440);
#6438 = CARTESIAN_POINT('',(4.970552805068,2.869750000027,-1.25));
#6439 = DIRECTION('',(-0.866025403784,-0.5,-0.));
#6440 = DIRECTION('',(0.5,-0.866025403784,0.));
#6441 = ADVANCED_FACE('',(#6442),#6462,.F.);
#6442 = FACE_BOUND('',#6443,.T.);
#6443 = EDGE_LOOP('',(#6444,#6452,#6458,#6459,#6460,#6461));
#6444 = ORIENTED_EDGE('',*,*,#6445,.T.);
#6445 = EDGE_CURVE('',#3296,#6446,#6448,.T.);
#6446 = VERTEX_POINT('',#6447);
#6447 = CARTESIAN_POINT('',(4.739037180436,2.591746824527,-0.65243389487
    ));
#6448 = LINE('',#6449,#6450);
#6449 = CARTESIAN_POINT('',(4.739037180436,2.591746824527,-1.25));
#6450 = VECTOR('',#6451,1.);
#6451 = DIRECTION('',(-2.946240788988E-16,-1.701012912621E-16,1.));
#6452 = ORIENTED_EDGE('',*,*,#6453,.T.);
#6453 = EDGE_CURVE('',#6446,#6422,#6454,.T.);
#6454 = LINE('',#6455,#6456);
#6455 = CARTESIAN_POINT('',(7.85672863406,4.391746824528,-0.65243389487)
  );
#6456 = VECTOR('',#6457,1.);
#6457 = DIRECTION('',(0.866025403784,0.5,1.181579775997E-16));
#6458 = ORIENTED_EDGE('',*,*,#6421,.F.);
#6459 = ORIENTED_EDGE('',*,*,#5869,.F.);
#6460 = ORIENTED_EDGE('',*,*,#3716,.F.);
#6461 = ORIENTED_EDGE('',*,*,#3295,.T.);
#6462 = PLANE('',#6463);
#6463 = AXIS2_PLACEMENT_3D('',#6464,#6465,#6466);
#6464 = CARTESIAN_POINT('',(4.739037180436,2.591746824527,-1.25));
#6465 = DIRECTION('',(0.5,-0.866025403784,5.721188725872E-18));
#6466 = DIRECTION('',(0.866025403784,0.5,0.));
#6467 = ADVANCED_FACE('',(#6468),#6487,.F.);
#6468 = FACE_BOUND('',#6469,.T.);
#6469 = EDGE_LOOP('',(#6470,#6478,#6485,#6486));
#6470 = ORIENTED_EDGE('',*,*,#6471,.T.);
#6471 = EDGE_CURVE('',#3304,#6472,#6474,.T.);
#6472 = VERTEX_POINT('',#6473);
#6473 = CARTESIAN_POINT('',(4.614037180436,2.808253175473,-0.65243389487
    ));
#6474 = LINE('',#6475,#6476);
#6475 = CARTESIAN_POINT('',(4.614037180436,2.808253175473,-1.25));
#6476 = VECTOR('',#6477,1.);
#6477 = DIRECTION('',(-2.860594362935E-18,4.954694776446E-18,1.));
#6478 = ORIENTED_EDGE('',*,*,#6479,.T.);
#6479 = EDGE_CURVE('',#6472,#6446,#6480,.T.);
#6480 = CIRCLE('',#6481,0.6105);
#6481 = AXIS2_PLACEMENT_3D('',#6482,#6483,#6484);
#6482 = CARTESIAN_POINT('',(4.676537180436,2.699999999999,-1.25));
#6483 = DIRECTION('',(0.866025403784,0.5,1.181579775997E-16));
#6484 = DIRECTION('',(0.5,-0.866025403784,5.327774803373E-15));
#6485 = ORIENTED_EDGE('',*,*,#6445,.F.);
#6486 = ORIENTED_EDGE('',*,*,#3303,.T.);
#6487 = PLANE('',#6488);
#6488 = AXIS2_PLACEMENT_3D('',#6489,#6490,#6491);
#6489 = CARTESIAN_POINT('',(4.614037180436,2.808253175473,-1.25));
#6490 = DIRECTION('',(-0.866025403784,-0.5,-3.402025825242E-16));
#6491 = DIRECTION('',(0.5,-0.866025403784,0.));
#6492 = ADVANCED_FACE('',(#6493),#6520,.T.);
#6493 = FACE_BOUND('',#6494,.T.);
#6494 = EDGE_LOOP('',(#6495,#6496,#6503,#6504,#6513));
#6495 = ORIENTED_EDGE('',*,*,#5903,.T.);
#6496 = ORIENTED_EDGE('',*,*,#6497,.T.);
#6497 = EDGE_CURVE('',#5896,#3313,#6498,.T.);
#6498 = B_SPLINE_CURVE_WITH_KNOTS('',3,(#6499,#6500,#6501,#6502),
  .UNSPECIFIED.,.F.,.F.,(4,4),(9.109163352875E-15,8.65977155287E-05),
  .PIECEWISE_BEZIER_KNOTS.);
#6499 = CARTESIAN_POINT('',(4.960447341954,3.008253175476,
    -1.785607132125));
#6500 = CARTESIAN_POINT('',(4.943006545688,2.998183727056,
    -1.806287202635));
#6501 = CARTESIAN_POINT('',(4.925539235967,2.988098971087,
    -1.826937481198));
#6502 = CARTESIAN_POINT('',(4.908052805015,2.97800317547,-1.847566105123
    ));
#6503 = ORIENTED_EDGE('',*,*,#3320,.T.);
#6504 = ORIENTED_EDGE('',*,*,#6505,.T.);
#6505 = EDGE_CURVE('',#3321,#6506,#6508,.T.);
#6506 = VERTEX_POINT('',#6507);
#6507 = CARTESIAN_POINT('',(4.908052805016,2.97800317547,-0.652433894877
    ));
#6508 = CIRCLE('',#6509,0.6105);
#6509 = AXIS2_PLACEMENT_3D('',#6510,#6511,#6512);
#6510 = CARTESIAN_POINT('',(4.970552805021,2.869749999999,-1.25));
#6511 = DIRECTION('',(0.866025403784,0.5,1.181579775997E-16));
#6512 = DIRECTION('',(0.5,-0.866025403784,-1.848892746612E-32));
#6513 = ORIENTED_EDGE('',*,*,#6514,.T.);
#6514 = EDGE_CURVE('',#6506,#5894,#6515,.T.);
#6515 = B_SPLINE_CURVE_WITH_KNOTS('',3,(#6516,#6517,#6518,#6519),
  .UNSPECIFIED.,.F.,.F.,(4,4),(1.110976628181E-18,8.659771553613E-05),
  .PIECEWISE_BEZIER_KNOTS.);
#6516 = CARTESIAN_POINT('',(4.908052805016,2.97800317547,-0.652433894877
    ));
#6517 = CARTESIAN_POINT('',(4.925539235967,2.988098971087,
    -0.673062518802));
#6518 = CARTESIAN_POINT('',(4.943006545687,2.998183727056,
    -0.693712797364));
#6519 = CARTESIAN_POINT('',(4.960447341953,3.008253175475,
    -0.714392867873));
#6520 = CONICAL_SURFACE('',#6521,0.61049999992,0.785398163271);
#6521 = AXIS2_PLACEMENT_3D('',#6522,#6523,#6524);
#6522 = CARTESIAN_POINT('',(4.970552805068,2.869750000027,-1.25));
#6523 = DIRECTION('',(-0.866025403784,-0.5,-0.));
#6524 = DIRECTION('',(0.5,-0.866025403784,0.));
#6525 = ADVANCED_FACE('',(#6526),#6539,.F.);
#6526 = FACE_BOUND('',#6527,.T.);
#6527 = EDGE_LOOP('',(#6528,#6529,#6530,#6531,#6537,#6538));
#6528 = ORIENTED_EDGE('',*,*,#6497,.F.);
#6529 = ORIENTED_EDGE('',*,*,#5893,.F.);
#6530 = ORIENTED_EDGE('',*,*,#6514,.F.);
#6531 = ORIENTED_EDGE('',*,*,#6532,.T.);
#6532 = EDGE_CURVE('',#6506,#6472,#6533,.T.);
#6533 = LINE('',#6534,#6535);
#6534 = CARTESIAN_POINT('',(7.73172863406,4.608253175473,-0.65243389487)
  );
#6535 = VECTOR('',#6536,1.);
#6536 = DIRECTION('',(-0.866025403784,-0.5,-1.181579775997E-16));
#6537 = ORIENTED_EDGE('',*,*,#6471,.F.);
#6538 = ORIENTED_EDGE('',*,*,#3312,.T.);
#6539 = PLANE('',#6540);
#6540 = AXIS2_PLACEMENT_3D('',#6541,#6542,#6543);
#6541 = CARTESIAN_POINT('',(5.152563098703,3.11917125935,-1.25));
#6542 = DIRECTION('',(-0.5,0.866025403784,-5.721188725872E-18));
#6543 = DIRECTION('',(-0.866025403784,-0.5,0.));
#6544 = ADVANCED_FACE('',(#6545),#6572,.T.);
#6545 = FACE_BOUND('',#6546,.T.);
#6546 = EDGE_LOOP('',(#6547,#6548,#6555,#6556,#6565));
#6547 = ORIENTED_EDGE('',*,*,#5928,.T.);
#6548 = ORIENTED_EDGE('',*,*,#6549,.T.);
#6549 = EDGE_CURVE('',#5921,#3232,#6550,.T.);
#6550 = B_SPLINE_CURVE_WITH_KNOTS('',3,(#6551,#6552,#6553,#6554),
  .UNSPECIFIED.,.F.,.F.,(4,4),(1.734801089021E-14,8.659771551813E-05),
  .PIECEWISE_BEZIER_KNOTS.);
#6551 = CARTESIAN_POINT('',(-5.085447341954,2.791746824529,
    -1.785607132176));
#6552 = CARTESIAN_POINT('',(-5.068006545701,2.781677376118,
    -1.80628720266));
#6553 = CARTESIAN_POINT('',(-5.050539235978,2.771592620147,
    -1.826937481215));
#6554 = CARTESIAN_POINT('',(-5.03305280502,2.761496824526,
    -1.847566105129));
#6555 = ORIENTED_EDGE('',*,*,#3239,.T.);
#6556 = ORIENTED_EDGE('',*,*,#6557,.T.);
#6557 = EDGE_CURVE('',#3240,#6558,#6560,.T.);
#6558 = VERTEX_POINT('',#6559);
#6559 = CARTESIAN_POINT('',(-5.03305280502,2.761496824526,
    -0.652433894871));
#6560 = CIRCLE('',#6561,0.6105);
#6561 = AXIS2_PLACEMENT_3D('',#6562,#6563,#6564);
#6562 = CARTESIAN_POINT('',(-4.970552805021,2.869749999999,-1.25));
#6563 = DIRECTION('',(-0.866025403784,0.5,3.104542462384E-16));
#6564 = DIRECTION('',(-0.5,-0.866025403784,2.465190328816E-32));
#6565 = ORIENTED_EDGE('',*,*,#6566,.T.);
#6566 = EDGE_CURVE('',#6558,#5919,#6567,.T.);
#6567 = B_SPLINE_CURVE_WITH_KNOTS('',3,(#6568,#6569,#6570,#6571),
  .UNSPECIFIED.,.F.,.F.,(4,4),(4.20469202634E-18,8.659771551342E-05),
  .PIECEWISE_BEZIER_KNOTS.);
#6568 = CARTESIAN_POINT('',(-5.03305280502,2.761496824526,
    -0.652433894871));
#6569 = CARTESIAN_POINT('',(-5.050539235979,2.771592620148,
    -0.673062518785));
#6570 = CARTESIAN_POINT('',(-5.068006545702,2.781677376118,
    -0.693712797341));
#6571 = CARTESIAN_POINT('',(-5.085447341961,2.791746824533,
    -0.714392867833));
#6572 = CONICAL_SURFACE('',#6573,0.610499999923,0.785398163031);
#6573 = AXIS2_PLACEMENT_3D('',#6574,#6575,#6576);
#6574 = CARTESIAN_POINT('',(-4.970552805083,2.869750000036,-1.25));
#6575 = DIRECTION('',(0.866025403784,-0.5,-7.545392348512E-16));
#6576 = DIRECTION('',(0.5,0.866025403784,-5.916456789158E-31));
#6577 = ADVANCED_FACE('',(#6578),#6598,.F.);
#6578 = FACE_BOUND('',#6579,.T.);
#6579 = EDGE_LOOP('',(#6580,#6588,#6589,#6590,#6591,#6592));
#6580 = ORIENTED_EDGE('',*,*,#6581,.T.);
#6581 = EDGE_CURVE('',#6582,#3223,#6584,.T.);
#6582 = VERTEX_POINT('',#6583);
#6583 = CARTESIAN_POINT('',(-4.739037180436,2.591746824527,
    -0.65243389487));
#6584 = LINE('',#6585,#6586);
#6585 = CARTESIAN_POINT('',(-4.739037180436,2.591746824527,-1.25));
#6586 = VECTOR('',#6587,1.);
#6587 = DIRECTION('',(-4.61157532594E-16,2.662494255821E-16,-1.));
#6588 = ORIENTED_EDGE('',*,*,#3231,.T.);
#6589 = ORIENTED_EDGE('',*,*,#6549,.F.);
#6590 = ORIENTED_EDGE('',*,*,#5918,.F.);
#6591 = ORIENTED_EDGE('',*,*,#6566,.F.);
#6592 = ORIENTED_EDGE('',*,*,#6593,.T.);
#6593 = EDGE_CURVE('',#6558,#6582,#6594,.T.);
#6594 = LINE('',#6595,#6596);
#6595 = CARTESIAN_POINT('',(-7.85672863406,4.391746824528,-0.65243389487
    ));
#6596 = VECTOR('',#6597,1.);
#6597 = DIRECTION('',(0.866025403784,-0.5,-3.104542462384E-16));
#6598 = PLANE('',#6599);
#6599 = AXIS2_PLACEMENT_3D('',#6600,#6601,#6602);
#6600 = CARTESIAN_POINT('',(-5.277563098703,2.902664908404,-1.25));
#6601 = DIRECTION('',(-0.5,-0.866025403784,8.712566732169E-15));
#6602 = DIRECTION('',(0.866025403784,-0.5,0.));
#6603 = ADVANCED_FACE('',(#6604),#6624,.T.);
#6604 = FACE_BOUND('',#6605,.T.);
#6605 = EDGE_LOOP('',(#6606,#6607,#6608,#6617));
#6606 = ORIENTED_EDGE('',*,*,#3676,.F.);
#6607 = ORIENTED_EDGE('',*,*,#5951,.T.);
#6608 = ORIENTED_EDGE('',*,*,#6609,.T.);
#6609 = EDGE_CURVE('',#5944,#6610,#6612,.T.);
#6610 = VERTEX_POINT('',#6611);
#6611 = CARTESIAN_POINT('',(-4.90805280502,2.978003175472,
    -0.652433894872));
#6612 = B_SPLINE_CURVE_WITH_KNOTS('',3,(#6613,#6614,#6615,#6616),
  .UNSPECIFIED.,.F.,.F.,(4,4),(1.731317749173E-14,8.659771551796E-05),
  .PIECEWISE_BEZIER_KNOTS.);
#6613 = CARTESIAN_POINT('',(-4.960447341953,3.008253175475,
    -0.714392867824));
#6614 = CARTESIAN_POINT('',(-4.943006545701,2.998183727064,
    -0.69371279734));
#6615 = CARTESIAN_POINT('',(-4.925539235978,2.988098971094,
    -0.673062518785));
#6616 = CARTESIAN_POINT('',(-4.90805280502,2.978003175472,
    -0.652433894872));
#6617 = ORIENTED_EDGE('',*,*,#6618,.T.);
#6618 = EDGE_CURVE('',#6610,#3256,#6619,.T.);
#6619 = CIRCLE('',#6620,0.6105);
#6620 = AXIS2_PLACEMENT_3D('',#6621,#6622,#6623);
#6621 = CARTESIAN_POINT('',(-4.970552805021,2.869749999999,-1.25));
#6622 = DIRECTION('',(-0.866025403784,0.5,3.104542462384E-16));
#6623 = DIRECTION('',(-0.5,-0.866025403784,2.465190328816E-32));
#6624 = CONICAL_SURFACE('',#6625,0.610499999923,0.785398163031);
#6625 = AXIS2_PLACEMENT_3D('',#6626,#6627,#6628);
#6626 = CARTESIAN_POINT('',(-4.970552805083,2.869750000036,-1.25));
#6627 = DIRECTION('',(0.866025403784,-0.5,-7.545392348512E-16));
#6628 = DIRECTION('',(0.5,0.866025403784,-5.916456789158E-31));
#6629 = ADVANCED_FACE('',(#6630),#6650,.F.);
#6630 = FACE_BOUND('',#6631,.T.);
#6631 = EDGE_LOOP('',(#6632,#6633,#6634,#6635,#6636,#6644));
#6632 = ORIENTED_EDGE('',*,*,#6609,.F.);
#6633 = ORIENTED_EDGE('',*,*,#5943,.F.);
#6634 = ORIENTED_EDGE('',*,*,#3683,.F.);
#6635 = ORIENTED_EDGE('',*,*,#3212,.T.);
#6636 = ORIENTED_EDGE('',*,*,#6637,.T.);
#6637 = EDGE_CURVE('',#3215,#6638,#6640,.T.);
#6638 = VERTEX_POINT('',#6639);
#6639 = CARTESIAN_POINT('',(-4.614037180436,2.808253175473,
    -0.65243389487));
#6640 = LINE('',#6641,#6642);
#6641 = CARTESIAN_POINT('',(-4.614037180436,2.808253175473,-1.25));
#6642 = VECTOR('',#6643,1.);
#6643 = DIRECTION('',(4.61157532594E-16,-2.662494255821E-16,1.));
#6644 = ORIENTED_EDGE('',*,*,#6645,.T.);
#6645 = EDGE_CURVE('',#6638,#6610,#6646,.T.);
#6646 = LINE('',#6647,#6648);
#6647 = CARTESIAN_POINT('',(-7.73172863406,4.608253175474,-0.65243389487
    ));
#6648 = VECTOR('',#6649,1.);
#6649 = DIRECTION('',(-0.866025403784,0.5,3.104542462384E-16));
#6650 = PLANE('',#6651);
#6651 = AXIS2_PLACEMENT_3D('',#6652,#6653,#6654);
#6652 = CARTESIAN_POINT('',(-4.614037180436,2.808253175473,-1.25));
#6653 = DIRECTION('',(0.5,0.866025403784,-8.712566732169E-15));
#6654 = DIRECTION('',(-0.866025403784,0.5,0.));
#6655 = ADVANCED_FACE('',(#6656),#6668,.F.);
#6656 = FACE_BOUND('',#6657,.T.);
#6657 = EDGE_LOOP('',(#6658,#6659,#6660,#6661));
#6658 = ORIENTED_EDGE('',*,*,#6637,.F.);
#6659 = ORIENTED_EDGE('',*,*,#3222,.T.);
#6660 = ORIENTED_EDGE('',*,*,#6581,.F.);
#6661 = ORIENTED_EDGE('',*,*,#6662,.T.);
#6662 = EDGE_CURVE('',#6582,#6638,#6663,.T.);
#6663 = CIRCLE('',#6664,0.6105);
#6664 = AXIS2_PLACEMENT_3D('',#6665,#6666,#6667);
#6665 = CARTESIAN_POINT('',(-4.676537180436,2.699999999999,-1.25));
#6666 = DIRECTION('',(-0.866025403784,0.5,3.104542462384E-16));
#6667 = DIRECTION('',(-0.5,-0.866025403784,2.465190328816E-32));
#6668 = PLANE('',#6669);
#6669 = AXIS2_PLACEMENT_3D('',#6670,#6671,#6672);
#6670 = CARTESIAN_POINT('',(-4.739037180436,2.591746824527,-1.25));
#6671 = DIRECTION('',(0.866025403784,-0.5,-5.324988511644E-16));
#6672 = DIRECTION('',(0.5,0.866025403784,0.));
#6673 = ADVANCED_FACE('',(#6674),#6687,.T.);
#6674 = FACE_BOUND('',#6675,.T.);
#6675 = EDGE_LOOP('',(#6676,#6677,#6678,#6679,#6686));
#6676 = ORIENTED_EDGE('',*,*,#3635,.F.);
#6677 = ORIENTED_EDGE('',*,*,#5968,.T.);
#6678 = ORIENTED_EDGE('',*,*,#3651,.T.);
#6679 = ORIENTED_EDGE('',*,*,#6680,.F.);
#6680 = EDGE_CURVE('',#3164,#3643,#6681,.T.);
#6681 = CIRCLE('',#6682,6.);
#6682 = AXIS2_PLACEMENT_3D('',#6683,#6684,#6685);
#6683 = CARTESIAN_POINT('',(3.75862680295E-16,2.103354406075E-28,
    -2.634529946162));
#6684 = DIRECTION('',(1.110223024625E-16,1.883405411215E-29,1.));
#6685 = DIRECTION('',(1.,6.316562657795E-46,-1.110223024625E-16));
#6686 = ORIENTED_EDGE('',*,*,#3161,.F.);
#6687 = CONICAL_SURFACE('',#6688,5.999999999972,1.047197551142);
#6688 = AXIS2_PLACEMENT_3D('',#6689,#6690,#6691);
#6689 = CARTESIAN_POINT('',(3.758626802979E-16,-4.770489558936E-15,
    -2.634529946135));
#6690 = DIRECTION('',(1.084202172491E-16,-4.336808689962E-16,1.));
#6691 = DIRECTION('',(0.,-1.,-4.336808689962E-16));
#6692 = ADVANCED_FACE('',(#6693),#6705,.T.);
#6693 = FACE_BOUND('',#6694,.T.);
#6694 = EDGE_LOOP('',(#6695,#6696,#6697,#6698));
#6695 = ORIENTED_EDGE('',*,*,#3603,.F.);
#6696 = ORIENTED_EDGE('',*,*,#5990,.T.);
#6697 = ORIENTED_EDGE('',*,*,#3610,.T.);
#6698 = ORIENTED_EDGE('',*,*,#6699,.F.);
#6699 = EDGE_CURVE('',#3181,#3173,#6700,.T.);
#6700 = CIRCLE('',#6701,6.);
#6701 = AXIS2_PLACEMENT_3D('',#6702,#6703,#6704);
#6702 = CARTESIAN_POINT('',(1.828537321557E-15,4.567701856455E-28,10.45)
  );
#6703 = DIRECTION('',(-1.110223024625E-16,-1.883405411215E-29,-1.));
#6704 = DIRECTION('',(1.,-2.091000052234E-45,-1.110223024625E-16));
#6705 = CONICAL_SURFACE('',#6706,5.999999999972,0.261799387754);
#6706 = AXIS2_PLACEMENT_3D('',#6707,#6708,#6709);
#6707 = CARTESIAN_POINT('',(1.828537321563E-15,0.,10.450000000048));
#6708 = DIRECTION('',(-1.445602896654E-16,0.,-1.));
#6709 = DIRECTION('',(-1.,0.,1.445602896654E-16));
#6710 = ADVANCED_FACE('',(#6711),#6717,.F.);
#6711 = FACE_BOUND('',#6712,.F.);
#6712 = EDGE_LOOP('',(#6713,#6714,#6715,#6716));
#6713 = ORIENTED_EDGE('',*,*,#3126,.T.);
#6714 = ORIENTED_EDGE('',*,*,#3560,.F.);
#6715 = ORIENTED_EDGE('',*,*,#6009,.T.);
#6716 = ORIENTED_EDGE('',*,*,#3569,.T.);
#6717 = CYLINDRICAL_SURFACE('',#6718,2.);
#6718 = AXIS2_PLACEMENT_3D('',#6719,#6720,#6721);
#6719 = CARTESIAN_POINT('',(9.736655925963E-16,9.9,2.75));
#6720 = DIRECTION('',(4.758551595405E-32,1.,4.286122238378E-16));
#6721 = DIRECTION('',(-2.039573381553E-47,-4.286122238378E-16,1.));
#6722 = ADVANCED_FACE('',(#6723),#6733,.F.);
#6723 = FACE_BOUND('',#6724,.F.);
#6724 = EDGE_LOOP('',(#6725,#6726,#6727,#6728,#6729,#6730,#6731,#6732));
#6725 = ORIENTED_EDGE('',*,*,#6034,.T.);
#6726 = ORIENTED_EDGE('',*,*,#6070,.T.);
#6727 = ORIENTED_EDGE('',*,*,#6094,.T.);
#6728 = ORIENTED_EDGE('',*,*,#6140,.T.);
#6729 = ORIENTED_EDGE('',*,*,#6120,.T.);
#6730 = ORIENTED_EDGE('',*,*,#3494,.F.);
#6731 = ORIENTED_EDGE('',*,*,#2943,.T.);
#6732 = ORIENTED_EDGE('',*,*,#3545,.T.);
#6733 = CYLINDRICAL_SURFACE('',#6734,0.6105);
#6734 = AXIS2_PLACEMENT_3D('',#6735,#6736,#6737);
#6735 = CARTESIAN_POINT('',(-4.676537180436,2.7,9.05));
#6736 = DIRECTION('',(0.866025403784,-0.5,7.882722906521E-15));
#6737 = DIRECTION('',(0.5,0.866025403784,-1.183291357832E-30));
#6738 = ADVANCED_FACE('',(#6739),#6749,.F.);
#6739 = FACE_BOUND('',#6740,.F.);
#6740 = EDGE_LOOP('',(#6741,#6742,#6743,#6744,#6745,#6746,#6747,#6748));
#6741 = ORIENTED_EDGE('',*,*,#6163,.T.);
#6742 = ORIENTED_EDGE('',*,*,#6199,.T.);
#6743 = ORIENTED_EDGE('',*,*,#6223,.T.);
#6744 = ORIENTED_EDGE('',*,*,#6269,.T.);
#6745 = ORIENTED_EDGE('',*,*,#6249,.T.);
#6746 = ORIENTED_EDGE('',*,*,#3428,.F.);
#6747 = ORIENTED_EDGE('',*,*,#2981,.T.);
#6748 = ORIENTED_EDGE('',*,*,#3479,.T.);
#6749 = CYLINDRICAL_SURFACE('',#6750,0.6105);
#6750 = AXIS2_PLACEMENT_3D('',#6751,#6752,#6753);
#6751 = CARTESIAN_POINT('',(4.676537180436,2.7,9.05));
#6752 = DIRECTION('',(-0.866025403784,-0.5,8.07501917516E-15));
#6753 = DIRECTION('',(0.5,-0.866025403784,-3.944304526105E-31));
#6754 = ADVANCED_FACE('',(#6755),#6781,.F.);
#6755 = FACE_BOUND('',#6756,.F.);
#6756 = EDGE_LOOP('',(#6757,#6758,#6759,#6760,#6761,#6762,#6763,#6780));
#6757 = ORIENTED_EDGE('',*,*,#6357,.T.);
#6758 = ORIENTED_EDGE('',*,*,#6327,.T.);
#6759 = ORIENTED_EDGE('',*,*,#6293,.T.);
#6760 = ORIENTED_EDGE('',*,*,#6336,.T.);
#6761 = ORIENTED_EDGE('',*,*,#6365,.T.);
#6762 = ORIENTED_EDGE('',*,*,#3344,.F.);
#6763 = ORIENTED_EDGE('',*,*,#6764,.T.);
#6764 = EDGE_CURVE('',#3345,#3398,#6765,.T.);
#6765 = B_SPLINE_CURVE_WITH_KNOTS('',3,(#6766,#6767,#6768,#6769,#6770,
    #6771,#6772,#6773,#6774,#6775,#6776,#6777,#6778,#6779),
  .UNSPECIFIED.,.F.,.F.,(4,2,2,2,2,2,4),(9.551893409359E-04,
    1.193933020279E-03,1.432676699622E-03,1.671420378964E-03,
    1.910164058307E-03,2.387651416993E-03,2.865138775679E-03),
  .UNSPECIFIED.);
#6766 = CARTESIAN_POINT('',(7.947136663904E-13,-6.000000000001,
    9.660500000007));
#6767 = CARTESIAN_POINT('',(7.969757706208E-02,-6.,9.6605));
#6768 = CARTESIAN_POINT('',(0.159737049932,-5.998329733416,
    9.644642771205));
#6769 = CARTESIAN_POINT('',(0.307618226233,-5.992565939795,
    9.583373206448));
#6770 = CARTESIAN_POINT('',(0.374795174782,-5.988555194024,
    9.538607591355));
#6771 = CARTESIAN_POINT('',(0.488774600674,-5.980331439365,
    9.424577349963));
#6772 = CARTESIAN_POINT('',(0.533497260284,-5.976313721072,
    9.357403077481));
#6773 = CARTESIAN_POINT('',(0.594707265555,-5.970533333606,
    9.209496855991));
#6774 = CARTESIAN_POINT('',(0.610529780092,-5.968856958289,9.12948471226
    ));
#6775 = CARTESIAN_POINT('',(0.610440311637,-5.968866109197,
    8.890345362178));
#6776 = CARTESIAN_POINT('',(0.544309598741,-5.97632532861,8.730960133547
    ));
#6777 = CARTESIAN_POINT('',(0.319174786565,-5.992567465476,
    8.505769505366));
#6778 = CARTESIAN_POINT('',(0.161390430135,-6.,8.4395));
#6779 = CARTESIAN_POINT('',(2.088572041173E-14,-6.,8.4395));
#6780 = ORIENTED_EDGE('',*,*,#3397,.T.);
#6781 = CYLINDRICAL_SURFACE('',#6782,0.6105);
#6782 = AXIS2_PLACEMENT_3D('',#6783,#6784,#6785);
#6783 = CARTESIAN_POINT('',(1.67310609811E-15,-5.4,9.05));
#6784 = DIRECTION('',(4.758551595405E-32,1.,4.286122238378E-16));
#6785 = DIRECTION('',(-2.039573381553E-47,-4.286122238378E-16,1.));
#6786 = ADVANCED_FACE('',(#6787),#6797,.F.);
#6787 = FACE_BOUND('',#6788,.F.);
#6788 = EDGE_LOOP('',(#6789,#6790,#6791,#6792,#6793,#6794,#6795,#6796));
#6789 = ORIENTED_EDGE('',*,*,#6505,.T.);
#6790 = ORIENTED_EDGE('',*,*,#6532,.T.);
#6791 = ORIENTED_EDGE('',*,*,#6479,.T.);
#6792 = ORIENTED_EDGE('',*,*,#6453,.T.);
#6793 = ORIENTED_EDGE('',*,*,#6430,.T.);
#6794 = ORIENTED_EDGE('',*,*,#3278,.F.);
#6795 = ORIENTED_EDGE('',*,*,#3017,.T.);
#6796 = ORIENTED_EDGE('',*,*,#3329,.T.);
#6797 = CYLINDRICAL_SURFACE('',#6798,0.6105);
#6798 = AXIS2_PLACEMENT_3D('',#6799,#6800,#6801);
#6799 = CARTESIAN_POINT('',(7.79422863406,4.5,-1.25));
#6800 = DIRECTION('',(-0.866025403784,-0.5,-1.181579775997E-16));
#6801 = DIRECTION('',(0.5,-0.866025403784,-1.848892746612E-32));
#6802 = ADVANCED_FACE('',(#6803),#6813,.F.);
#6803 = FACE_BOUND('',#6804,.F.);
#6804 = EDGE_LOOP('',(#6805,#6806,#6807,#6808,#6809,#6810,#6811,#6812));
#6805 = ORIENTED_EDGE('',*,*,#3072,.T.);
#6806 = ORIENTED_EDGE('',*,*,#3248,.F.);
#6807 = ORIENTED_EDGE('',*,*,#6557,.T.);
#6808 = ORIENTED_EDGE('',*,*,#6593,.T.);
#6809 = ORIENTED_EDGE('',*,*,#6662,.T.);
#6810 = ORIENTED_EDGE('',*,*,#6645,.T.);
#6811 = ORIENTED_EDGE('',*,*,#6618,.T.);
#6812 = ORIENTED_EDGE('',*,*,#3255,.T.);
#6813 = CYLINDRICAL_SURFACE('',#6814,0.6105);
#6814 = AXIS2_PLACEMENT_3D('',#6815,#6816,#6817);
#6815 = CARTESIAN_POINT('',(-7.79422863406,4.5,-1.25));
#6816 = DIRECTION('',(-0.866025403784,0.5,3.104542462384E-16));
#6817 = DIRECTION('',(-0.5,-0.866025403784,2.465190328816E-32));
#6818 = ADVANCED_FACE('',(#6819,#6826),#6830,.T.);
#6819 = FACE_BOUND('',#6820,.T.);
#6820 = EDGE_LOOP('',(#6821,#6822,#6823,#6824,#6825));
#6821 = ORIENTED_EDGE('',*,*,#3172,.F.);
#6822 = ORIENTED_EDGE('',*,*,#6680,.T.);
#6823 = ORIENTED_EDGE('',*,*,#3642,.T.);
#6824 = ORIENTED_EDGE('',*,*,#3189,.T.);
#6825 = ORIENTED_EDGE('',*,*,#6699,.T.);
#6826 = FACE_BOUND('',#6827,.T.);
#6827 = EDGE_LOOP('',(#6828,#6829));
#6828 = ORIENTED_EDGE('',*,*,#6764,.T.);
#6829 = ORIENTED_EDGE('',*,*,#3405,.T.);
#6830 = CYLINDRICAL_SURFACE('',#6831,6.);
#6831 = AXIS2_PLACEMENT_3D('',#6832,#6833,#6834);
#6832 = CARTESIAN_POINT('',(2.520206265899E-16,1.89326617253E-28,-3.75)
  );
#6833 = DIRECTION('',(1.110223024625E-16,1.883405411215E-29,1.));
#6834 = DIRECTION('',(1.,6.316562657795E-46,-1.110223024625E-16));
#6835 = ORIENTED_CLOSED_SHELL('',*,#6836,.F.);
#6836 = CLOSED_SHELL('',(#6837,#6879,#6921,#6945,#6965,#6985));
#6837 = ADVANCED_FACE('',(#6838),#6874,.T.);
#6838 = FACE_BOUND('',#6839,.T.);
#6839 = EDGE_LOOP('',(#6840,#6850,#6859,#6867));
#6840 = ORIENTED_EDGE('',*,*,#6841,.T.);
#6841 = EDGE_CURVE('',#6842,#6844,#6846,.T.);
#6842 = VERTEX_POINT('',#6843);
#6843 = CARTESIAN_POINT('',(4.15,8.174571130355E-29,-9.45));
#6844 = VERTEX_POINT('',#6845);
#6845 = CARTESIAN_POINT('',(4.15,1.194138195278E-28,-7.45));
#6846 = LINE('',#6847,#6848);
#6847 = CARTESIAN_POINT('',(4.15,1.005797654157E-28,-8.45));
#6848 = VECTOR('',#6849,1.);
#6849 = DIRECTION('',(1.110223024625E-16,1.883405411215E-29,1.));
#6850 = ORIENTED_EDGE('',*,*,#6851,.T.);
#6851 = EDGE_CURVE('',#6844,#6852,#6854,.T.);
#6852 = VERTEX_POINT('',#6853);
#6853 = CARTESIAN_POINT('',(-4.15,5.082284216463E-16,-7.45));
#6854 = CIRCLE('',#6855,4.15);
#6855 = AXIS2_PLACEMENT_3D('',#6856,#6857,#6858);
#6856 = CARTESIAN_POINT('',(-1.587618925214E-16,1.194138195278E-28,-7.45
    ));
#6857 = DIRECTION('',(-1.110223024625E-16,-1.883405411215E-29,-1.));
#6858 = DIRECTION('',(1.,1.845370528027E-45,-1.110223024625E-16));
#6859 = ORIENTED_EDGE('',*,*,#6860,.F.);
#6860 = EDGE_CURVE('',#6861,#6852,#6863,.T.);
#6861 = VERTEX_POINT('',#6862);
#6862 = CARTESIAN_POINT('',(-4.15,5.082284216463E-16,-9.45));
#6863 = LINE('',#6864,#6865);
#6864 = CARTESIAN_POINT('',(-4.15,5.082284216463E-16,-8.45));
#6865 = VECTOR('',#6866,1.);
#6866 = DIRECTION('',(1.110223024625E-16,1.883405411215E-29,1.));
#6867 = ORIENTED_EDGE('',*,*,#6868,.T.);
#6868 = EDGE_CURVE('',#6861,#6842,#6869,.T.);
#6869 = CIRCLE('',#6870,4.15);
#6870 = AXIS2_PLACEMENT_3D('',#6871,#6872,#6873);
#6871 = CARTESIAN_POINT('',(-3.808064974464E-16,8.174571130355E-29,-9.45
    ));
#6872 = DIRECTION('',(1.110223024625E-16,1.883405411215E-29,1.));
#6873 = DIRECTION('',(1.,-2.091000052234E-45,-1.110223024625E-16));
#6874 = CYLINDRICAL_SURFACE('',#6875,4.15);
#6875 = AXIS2_PLACEMENT_3D('',#6876,#6877,#6878);
#6876 = CARTESIAN_POINT('',(-2.697841949839E-16,1.005797654157E-28,-8.45
    ));
#6877 = DIRECTION('',(1.110223024625E-16,1.883405411215E-29,1.));
#6878 = DIRECTION('',(1.,-2.091000052234E-45,-1.110223024625E-16));
#6879 = ADVANCED_FACE('',(#6880),#6916,.F.);
#6880 = FACE_BOUND('',#6881,.F.);
#6881 = EDGE_LOOP('',(#6882,#6893,#6901,#6910));
#6882 = ORIENTED_EDGE('',*,*,#6883,.F.);
#6883 = EDGE_CURVE('',#6884,#6886,#6888,.T.);
#6884 = VERTEX_POINT('',#6885);
#6885 = CARTESIAN_POINT('',(4.,4.89858719659E-16,-7.45));
#6886 = VERTEX_POINT('',#6887);
#6887 = CARTESIAN_POINT('',(-4.,1.204204147436E-28,-7.45));
#6888 = CIRCLE('',#6889,4.);
#6889 = AXIS2_PLACEMENT_3D('',#6890,#6891,#6892);
#6890 = CARTESIAN_POINT('',(-1.587618925208E-16,1.204204147436E-28,-7.45
    ));
#6891 = DIRECTION('',(1.110223024625E-16,1.883332905617E-29,1.));
#6892 = DIRECTION('',(-1.,-1.992907700717E-45,1.110223024625E-16));
#6893 = ORIENTED_EDGE('',*,*,#6894,.T.);
#6894 = EDGE_CURVE('',#6884,#6895,#6897,.T.);
#6895 = VERTEX_POINT('',#6896);
#6896 = CARTESIAN_POINT('',(4.,4.89858719659E-16,-9.45));
#6897 = LINE('',#6898,#6899);
#6898 = CARTESIAN_POINT('',(4.,4.898587196593E-16,7.25));
#6899 = VECTOR('',#6900,1.);
#6900 = DIRECTION('',(-1.110223024625E-16,-1.883332905617E-29,-1.));
#6901 = ORIENTED_EDGE('',*,*,#6902,.F.);
#6902 = EDGE_CURVE('',#6903,#6895,#6905,.T.);
#6903 = VERTEX_POINT('',#6904);
#6904 = CARTESIAN_POINT('',(-4.,8.275375663126E-29,-9.45));
#6905 = CIRCLE('',#6906,4.);
#6906 = AXIS2_PLACEMENT_3D('',#6907,#6908,#6909);
#6907 = CARTESIAN_POINT('',(-3.808064974457E-16,8.275375663126E-29,-9.45
    ));
#6908 = DIRECTION('',(-1.110223024625E-16,-1.883332905617E-29,-1.));
#6909 = DIRECTION('',(-1.,2.09091955485E-45,1.110223024625E-16));
#6910 = ORIENTED_EDGE('',*,*,#6911,.F.);
#6911 = EDGE_CURVE('',#6886,#6903,#6912,.T.);
#6912 = LINE('',#6913,#6914);
#6913 = CARTESIAN_POINT('',(-4.,3.972703518693E-28,7.25));
#6914 = VECTOR('',#6915,1.);
#6915 = DIRECTION('',(-1.110223024625E-16,-1.883332905617E-29,-1.));
#6916 = CYLINDRICAL_SURFACE('',#6917,4.);
#6917 = AXIS2_PLACEMENT_3D('',#6918,#6919,#6920);
#6918 = CARTESIAN_POINT('',(1.473265953678E-15,3.972703518693E-28,7.25)
  );
#6919 = DIRECTION('',(-1.110223024625E-16,-1.883332905617E-29,-1.));
#6920 = DIRECTION('',(-1.,-1.992907700717E-45,1.110223024625E-16));
#6921 = ADVANCED_FACE('',(#6922),#6940,.T.);
#6922 = FACE_BOUND('',#6923,.T.);
#6923 = EDGE_LOOP('',(#6924,#6931,#6932,#6939));
#6924 = ORIENTED_EDGE('',*,*,#6925,.T.);
#6925 = EDGE_CURVE('',#6852,#6844,#6926,.T.);
#6926 = CIRCLE('',#6927,4.15);
#6927 = AXIS2_PLACEMENT_3D('',#6928,#6929,#6930);
#6928 = CARTESIAN_POINT('',(-1.587618925214E-16,1.194138195278E-28,-7.45
    ));
#6929 = DIRECTION('',(-1.110223024625E-16,-1.883405411215E-29,-1.));
#6930 = DIRECTION('',(1.,1.845370528027E-45,-1.110223024625E-16));
#6931 = ORIENTED_EDGE('',*,*,#6841,.F.);
#6932 = ORIENTED_EDGE('',*,*,#6933,.T.);
#6933 = EDGE_CURVE('',#6842,#6861,#6934,.T.);
#6934 = CIRCLE('',#6935,4.15);
#6935 = AXIS2_PLACEMENT_3D('',#6936,#6937,#6938);
#6936 = CARTESIAN_POINT('',(-3.808064974464E-16,8.174571130355E-29,-9.45
    ));
#6937 = DIRECTION('',(1.110223024625E-16,1.883405411215E-29,1.));
#6938 = DIRECTION('',(1.,-2.091000052234E-45,-1.110223024625E-16));
#6939 = ORIENTED_EDGE('',*,*,#6860,.T.);
#6940 = CYLINDRICAL_SURFACE('',#6941,4.15);
#6941 = AXIS2_PLACEMENT_3D('',#6942,#6943,#6944);
#6942 = CARTESIAN_POINT('',(-2.697841949839E-16,1.005797654157E-28,-8.45
    ));
#6943 = DIRECTION('',(1.110223024625E-16,1.883405411215E-29,1.));
#6944 = DIRECTION('',(1.,-2.091000052234E-45,-1.110223024625E-16));
#6945 = ADVANCED_FACE('',(#6946,#6956),#6960,.F.);
#6946 = FACE_BOUND('',#6947,.F.);
#6947 = EDGE_LOOP('',(#6948,#6955));
#6948 = ORIENTED_EDGE('',*,*,#6949,.T.);
#6949 = EDGE_CURVE('',#6886,#6884,#6950,.T.);
#6950 = CIRCLE('',#6951,4.);
#6951 = AXIS2_PLACEMENT_3D('',#6952,#6953,#6954);
#6952 = CARTESIAN_POINT('',(-1.587618925208E-16,1.204204147436E-28,-7.45
    ));
#6953 = DIRECTION('',(1.110223024625E-16,1.883332905617E-29,1.));
#6954 = DIRECTION('',(-1.,-1.992907700717E-45,1.110223024625E-16));
#6955 = ORIENTED_EDGE('',*,*,#6883,.T.);
#6956 = FACE_BOUND('',#6957,.F.);
#6957 = EDGE_LOOP('',(#6958,#6959));
#6958 = ORIENTED_EDGE('',*,*,#6851,.T.);
#6959 = ORIENTED_EDGE('',*,*,#6925,.T.);
#6960 = PLANE('',#6961);
#6961 = AXIS2_PLACEMENT_3D('',#6962,#6963,#6964);
#6962 = CARTESIAN_POINT('',(-1.587618925214E-16,4.075,-7.45));
#6963 = DIRECTION('',(-1.110223024625E-16,-1.883405411215E-29,-1.));
#6964 = DIRECTION('',(-1.,0.,1.110223024625E-16));
#6965 = ADVANCED_FACE('',(#6966,#6976),#6980,.F.);
#6966 = FACE_BOUND('',#6967,.F.);
#6967 = EDGE_LOOP('',(#6968,#6969));
#6968 = ORIENTED_EDGE('',*,*,#6902,.T.);
#6969 = ORIENTED_EDGE('',*,*,#6970,.T.);
#6970 = EDGE_CURVE('',#6895,#6903,#6971,.T.);
#6971 = CIRCLE('',#6972,4.);
#6972 = AXIS2_PLACEMENT_3D('',#6973,#6974,#6975);
#6973 = CARTESIAN_POINT('',(-3.808064974457E-16,8.275375663126E-29,-9.45
    ));
#6974 = DIRECTION('',(-1.110223024625E-16,-1.883332905617E-29,-1.));
#6975 = DIRECTION('',(-1.,2.09091955485E-45,1.110223024625E-16));
#6976 = FACE_BOUND('',#6977,.F.);
#6977 = EDGE_LOOP('',(#6978,#6979));
#6978 = ORIENTED_EDGE('',*,*,#6933,.T.);
#6979 = ORIENTED_EDGE('',*,*,#6868,.T.);
#6980 = PLANE('',#6981);
#6981 = AXIS2_PLACEMENT_3D('',#6982,#6983,#6984);
#6982 = CARTESIAN_POINT('',(-3.808064974464E-16,2.075,-9.45));
#6983 = DIRECTION('',(1.110223024625E-16,1.883405411215E-29,1.));
#6984 = DIRECTION('',(1.,0.,-1.110223024625E-16));
#6985 = ADVANCED_FACE('',(#6986),#6992,.F.);
#6986 = FACE_BOUND('',#6987,.F.);
#6987 = EDGE_LOOP('',(#6988,#6989,#6990,#6991));
#6988 = ORIENTED_EDGE('',*,*,#6894,.F.);
#6989 = ORIENTED_EDGE('',*,*,#6949,.F.);
#6990 = ORIENTED_EDGE('',*,*,#6911,.T.);
#6991 = ORIENTED_EDGE('',*,*,#6970,.F.);
#6992 = CYLINDRICAL_SURFACE('',#6993,4.);
#6993 = AXIS2_PLACEMENT_3D('',#6994,#6995,#6996);
#6994 = CARTESIAN_POINT('',(1.473265953678E-15,3.972703518693E-28,7.25)
  );
#6995 = DIRECTION('',(-1.110223024625E-16,-1.883332905617E-29,-1.));
#6996 = DIRECTION('',(-1.,-1.992907700717E-45,1.110223024625E-16));
#6997 = ( GEOMETRIC_REPRESENTATION_CONTEXT(3) 
GLOBAL_UNCERTAINTY_ASSIGNED_CONTEXT((#7001)) 
GLOBAL_UNIT_ASSIGNED_CONTEXT((#6998,#6999,#7000)) REPRESENTATION_CONTEXT
('Context #1','3D Context with UNIT and UNCERTAINTY') );
#6998 = ( LENGTH_UNIT() NAMED_UNIT(*) SI_UNIT(.MILLI.,.METRE.) );
#6999 = ( NAMED_UNIT(*) PLANE_ANGLE_UNIT() SI_UNIT($,.RADIAN.) );
#7000 = ( NAMED_UNIT(*) SI_UNIT($,.STERADIAN.) SOLID_ANGLE_UNIT() );
#7001 = UNCERTAINTY_MEASURE_WITH_UNIT(LENGTH_MEASURE(5.E-05),#6998,
  'distance_accuracy_value','confusion accuracy');
#7002 = CONTEXT_DEPENDENT_SHAPE_REPRESENTATION(#7003,#7005);
#7003 = ( REPRESENTATION_RELATIONSHIP('','',#2786,#10) 
REPRESENTATION_RELATIONSHIP_WITH_TRANSFORMATION(#7004) 
SHAPE_REPRESENTATION_RELATIONSHIP() );
#7004 = ITEM_DEFINED_TRANSFORMATION('','',#11,#19);
#7005 = PRODUCT_DEFINITION_SHAPE('Placement','Placement of an item',
  #7006);
#7006 = NEXT_ASSEMBLY_USAGE_OCCURRENCE('2','S&K60FC_part','',#5,#2781,$
  );
#7007 = PRODUCT_RELATED_PRODUCT_CATEGORY('part',$,(#2783));
#7008 = MECHANICAL_DESIGN_GEOMETRIC_PRESENTATION_REPRESENTATION('',(
    #7009),#2768);
#7009 = STYLED_ITEM('color',(#7010),#37);
#7010 = PRESENTATION_STYLE_ASSIGNMENT((#7011,#7017));
#7011 = SURFACE_STYLE_USAGE(.BOTH.,#7012);
#7012 = SURFACE_SIDE_STYLE('',(#7013));
#7013 = SURFACE_STYLE_FILL_AREA(#7014);
#7014 = FILL_AREA_STYLE('',(#7015));
#7015 = FILL_AREA_STYLE_COLOUR('',#7016);
#7016 = COLOUR_RGB('',0.792156867455,0.819607860991,0.933333342953);
#7017 = CURVE_STYLE('',#7018,POSITIVE_LENGTH_MEASURE(0.1),#7019);
#7018 = DRAUGHTING_PRE_DEFINED_CURVE_FONT('continuous');
#7019 = COLOUR_RGB('',9.803921802644E-02,9.803921802644E-02,
  9.803921802644E-02);
#7020 = MECHANICAL_DESIGN_GEOMETRIC_PRESENTATION_REPRESENTATION('',(
    #7021),#6997);
#7021 = STYLED_ITEM('color',(#7022),#2787);
#7022 = PRESENTATION_STYLE_ASSIGNMENT((#7023,#7028));
#7023 = SURFACE_STYLE_USAGE(.BOTH.,#7024);
#7024 = SURFACE_SIDE_STYLE('',(#7025));
#7025 = SURFACE_STYLE_FILL_AREA(#7026);
#7026 = FILL_AREA_STYLE('',(#7027));
#7027 = FILL_AREA_STYLE_COLOUR('',#7016);
#7028 = CURVE_STYLE('',#7029,POSITIVE_LENGTH_MEASURE(0.1),#7019);
#7029 = DRAUGHTING_PRE_DEFINED_CURVE_FONT('continuous');
ENDSEC;
END-ISO-10303-21;
