ISO-10303-21;
HEADER;
FILE_DESCRIPTION(('FreeCAD Model'),'2;1');
FILE_NAME('Open CASCADE Shape Model','2025-11-19T12:59:13',(''),(''),
  'Open CASCADE STEP processor 7.8','FreeCAD','Unknown');
FILE_SCHEMA(('AUTOMOTIVE_DESIGN { 1 0 10303 214 1 1 1 1 }'));
ENDSEC;
DATA;
#1 = APPLICATION_PROTOCOL_DEFINITION('international standard',
  'automotive_design',2000,#2);
#2 = APPLICATION_CONTEXT(
  'core data for automotive mechanical design processes');
#3 = SHAPE_DEFINITION_REPRESENTATION(#4,#10);
#4 = PRODUCT_DEFINITION_SHAPE('','',#5);
#5 = PRODUCT_DEFINITION('design','',#6,#9);
#6 = PRODUCT_DEFINITION_FORMATION('','',#7);
#7 = PRODUCT('Unnamed','Unnamed','',(#8));
#8 = PRODUCT_CONTEXT('',#2,'mechanical');
#9 = PRODUCT_DEFINITION_CONTEXT('part definition',#2,'design');
#10 = SHAPE_REPRESENTATION('',(#11,#15,#19,#23),#27);
#11 = AXIS2_PLACEMENT_3D('',#12,#13,#14);
#12 = CARTESIAN_POINT('',(0.,0.,0.));
#13 = DIRECTION('',(0.,0.,1.));
#14 = DIRECTION('',(1.,0.,-0.));
#15 = AXIS2_PLACEMENT_3D('',#16,#17,#18);
#16 = CARTESIAN_POINT('',(0.,0.,0.));
#17 = DIRECTION('',(0.,0.,1.));
#18 = DIRECTION('',(1.,0.,0.));
#19 = AXIS2_PLACEMENT_3D('',#20,#21,#22);
#20 = CARTESIAN_POINT('',(0.,0.,0.));
#21 = DIRECTION('',(0.,0.,1.));
#22 = DIRECTION('',(1.,0.,0.));
#23 = AXIS2_PLACEMENT_3D('',#24,#25,#26);
#24 = CARTESIAN_POINT('',(0.,0.,-10.));
#25 = DIRECTION('',(-1.,0.,-2.22044604925E-16));
#26 = DIRECTION('',(-2.22044604925E-16,0.,1.));
#27 = ( GEOMETRIC_REPRESENTATION_CONTEXT(3) 
GLOBAL_UNCERTAINTY_ASSIGNED_CONTEXT((#31)) GLOBAL_UNIT_ASSIGNED_CONTEXT(
(#28,#29,#30)) REPRESENTATION_CONTEXT('Context #1',
  '3D Context with UNIT and UNCERTAINTY') );
#28 = ( LENGTH_UNIT() NAMED_UNIT(*) SI_UNIT(.MILLI.,.METRE.) );
#29 = ( NAMED_UNIT(*) PLANE_ANGLE_UNIT() SI_UNIT($,.RADIAN.) );
#30 = ( NAMED_UNIT(*) SI_UNIT($,.STERADIAN.) SOLID_ANGLE_UNIT() );
#31 = UNCERTAINTY_MEASURE_WITH_UNIT(LENGTH_MEASURE(2.E-04),#28,
  'distance_accuracy_value','confusion accuracy');
#32 = PRODUCT_RELATED_PRODUCT_CATEGORY('part',$,(#7));
#33 = SHAPE_DEFINITION_REPRESENTATION(#34,#40);
#34 = PRODUCT_DEFINITION_SHAPE('','',#35);
#35 = PRODUCT_DEFINITION('design','',#36,#39);
#36 = PRODUCT_DEFINITION_FORMATION('','',#37);
#37 = PRODUCT('PrismR','PrismR','',(#38));
#38 = PRODUCT_CONTEXT('',#2,'mechanical');
#39 = PRODUCT_DEFINITION_CONTEXT('part definition',#2,'design');
#40 = SHAPE_REPRESENTATION('',(#11,#41),#45);
#41 = AXIS2_PLACEMENT_3D('',#42,#43,#44);
#42 = CARTESIAN_POINT('',(0.,0.,0.));
#43 = DIRECTION('',(0.,0.,1.));
#44 = DIRECTION('',(1.,0.,0.));
#45 = ( GEOMETRIC_REPRESENTATION_CONTEXT(3) 
GLOBAL_UNCERTAINTY_ASSIGNED_CONTEXT((#49)) GLOBAL_UNIT_ASSIGNED_CONTEXT(
(#46,#47,#48)) REPRESENTATION_CONTEXT('Context #1',
  '3D Context with UNIT and UNCERTAINTY') );
#46 = ( LENGTH_UNIT() NAMED_UNIT(*) SI_UNIT(.MILLI.,.METRE.) );
#47 = ( NAMED_UNIT(*) PLANE_ANGLE_UNIT() SI_UNIT($,.RADIAN.) );
#48 = ( NAMED_UNIT(*) SI_UNIT($,.STERADIAN.) SOLID_ANGLE_UNIT() );
#49 = UNCERTAINTY_MEASURE_WITH_UNIT(LENGTH_MEASURE(1.E-07),#46,
  'distance_accuracy_value','confusion accuracy');
#50 = CONTEXT_DEPENDENT_SHAPE_REPRESENTATION(#51,#53);
#51 = ( REPRESENTATION_RELATIONSHIP('','',#40,#10) 
REPRESENTATION_RELATIONSHIP_WITH_TRANSFORMATION(#52) 
SHAPE_REPRESENTATION_RELATIONSHIP() );
#52 = ITEM_DEFINED_TRANSFORMATION('','',#11,#15);
#53 = PRODUCT_DEFINITION_SHAPE('Placement','Placement of an item',#54);
#54 = NEXT_ASSEMBLY_USAGE_OCCURRENCE('2','PrismR','',#5,#35,$);
#55 = PRODUCT_RELATED_PRODUCT_CATEGORY('part',$,(#37));
#56 = SHAPE_DEFINITION_REPRESENTATION(#57,#63);
#57 = PRODUCT_DEFINITION_SHAPE('','',#58);
#58 = PRODUCT_DEFINITION('design','',#59,#62);
#59 = PRODUCT_DEFINITION_FORMATION('','',#60);
#60 = PRODUCT('PrismR_part','PrismR_part','',(#61));
#61 = PRODUCT_CONTEXT('',#2,'mechanical');
#62 = PRODUCT_DEFINITION_CONTEXT('part definition',#2,'design');
#63 = ADVANCED_BREP_SHAPE_REPRESENTATION('',(#11,#64),#181);
#64 = MANIFOLD_SOLID_BREP('',#65);
#65 = CLOSED_SHELL('',(#66,#106,#137,#159,#170));
#66 = ADVANCED_FACE('',(#67),#101,.T.);
#67 = FACE_BOUND('',#68,.T.);
#68 = EDGE_LOOP('',(#69,#79,#87,#95));
#69 = ORIENTED_EDGE('',*,*,#70,.T.);
#70 = EDGE_CURVE('',#71,#73,#75,.T.);
#71 = VERTEX_POINT('',#72);
#72 = CARTESIAN_POINT('',(6.985281374239,-7.5,6.));
#73 = VERTEX_POINT('',#74);
#74 = CARTESIAN_POINT('',(0.985281374239,-7.5,6.));
#75 = LINE('',#76,#77);
#76 = CARTESIAN_POINT('',(6.985281374239,-7.5,6.));
#77 = VECTOR('',#78,1.);
#78 = DIRECTION('',(-1.,0.,0.));
#79 = ORIENTED_EDGE('',*,*,#80,.T.);
#80 = EDGE_CURVE('',#73,#81,#83,.T.);
#81 = VERTEX_POINT('',#82);
#82 = CARTESIAN_POINT('',(0.985281374239,-7.5,-6.));
#83 = LINE('',#84,#85);
#84 = CARTESIAN_POINT('',(0.985281374239,-7.5,6.));
#85 = VECTOR('',#86,1.);
#86 = DIRECTION('',(0.,0.,-1.));
#87 = ORIENTED_EDGE('',*,*,#88,.F.);
#88 = EDGE_CURVE('',#89,#81,#91,.T.);
#89 = VERTEX_POINT('',#90);
#90 = CARTESIAN_POINT('',(6.985281374239,-7.5,-6.));
#91 = LINE('',#92,#93);
#92 = CARTESIAN_POINT('',(6.985281374239,-7.5,-6.));
#93 = VECTOR('',#94,1.);
#94 = DIRECTION('',(-1.,0.,0.));
#95 = ORIENTED_EDGE('',*,*,#96,.T.);
#96 = EDGE_CURVE('',#89,#71,#97,.T.);
#97 = LINE('',#98,#99);
#98 = CARTESIAN_POINT('',(6.985281374239,-7.5,-6.));
#99 = VECTOR('',#100,1.);
#100 = DIRECTION('',(0.,0.,1.));
#101 = PLANE('',#102);
#102 = AXIS2_PLACEMENT_3D('',#103,#104,#105);
#103 = CARTESIAN_POINT('',(6.985281374239,-7.5,0.));
#104 = DIRECTION('',(0.,-1.,0.));
#105 = DIRECTION('',(-1.,0.,0.));
#106 = ADVANCED_FACE('',(#107),#132,.T.);
#107 = FACE_BOUND('',#108,.T.);
#108 = EDGE_LOOP('',(#109,#117,#118,#126));
#109 = ORIENTED_EDGE('',*,*,#110,.T.);
#110 = EDGE_CURVE('',#111,#71,#113,.T.);
#111 = VERTEX_POINT('',#112);
#112 = CARTESIAN_POINT('',(6.985281374239,-1.5,6.));
#113 = LINE('',#114,#115);
#114 = CARTESIAN_POINT('',(6.985281374239,-1.5,6.));
#115 = VECTOR('',#116,1.);
#116 = DIRECTION('',(0.,-1.,0.));
#117 = ORIENTED_EDGE('',*,*,#96,.F.);
#118 = ORIENTED_EDGE('',*,*,#119,.F.);
#119 = EDGE_CURVE('',#120,#89,#122,.T.);
#120 = VERTEX_POINT('',#121);
#121 = CARTESIAN_POINT('',(6.985281374239,-1.5,-6.));
#122 = LINE('',#123,#124);
#123 = CARTESIAN_POINT('',(6.985281374239,-1.5,-6.));
#124 = VECTOR('',#125,1.);
#125 = DIRECTION('',(0.,-1.,0.));
#126 = ORIENTED_EDGE('',*,*,#127,.T.);
#127 = EDGE_CURVE('',#120,#111,#128,.T.);
#128 = LINE('',#129,#130);
#129 = CARTESIAN_POINT('',(6.985281374239,-1.5,-6.));
#130 = VECTOR('',#131,1.);
#131 = DIRECTION('',(0.,0.,1.));
#132 = PLANE('',#133);
#133 = AXIS2_PLACEMENT_3D('',#134,#135,#136);
#134 = CARTESIAN_POINT('',(6.985281374239,-1.5,0.));
#135 = DIRECTION('',(1.,0.,-0.));
#136 = DIRECTION('',(0.,-1.,0.));
#137 = ADVANCED_FACE('',(#138),#154,.T.);
#138 = FACE_BOUND('',#139,.T.);
#139 = EDGE_LOOP('',(#140,#141,#147,#148));
#140 = ORIENTED_EDGE('',*,*,#80,.F.);
#141 = ORIENTED_EDGE('',*,*,#142,.T.);
#142 = EDGE_CURVE('',#73,#111,#143,.T.);
#143 = LINE('',#144,#145);
#144 = CARTESIAN_POINT('',(0.985281374239,-7.5,6.));
#145 = VECTOR('',#146,1.);
#146 = DIRECTION('',(0.707106781187,0.707106781187,0.));
#147 = ORIENTED_EDGE('',*,*,#127,.F.);
#148 = ORIENTED_EDGE('',*,*,#149,.F.);
#149 = EDGE_CURVE('',#81,#120,#150,.T.);
#150 = LINE('',#151,#152);
#151 = CARTESIAN_POINT('',(0.985281374239,-7.5,-6.));
#152 = VECTOR('',#153,1.);
#153 = DIRECTION('',(0.707106781187,0.707106781187,0.));
#154 = PLANE('',#155);
#155 = AXIS2_PLACEMENT_3D('',#156,#157,#158);
#156 = CARTESIAN_POINT('',(0.985281374239,-7.5,0.));
#157 = DIRECTION('',(-0.707106781187,0.707106781187,0.));
#158 = DIRECTION('',(0.707106781187,0.707106781187,0.));
#159 = ADVANCED_FACE('',(#160),#165,.F.);
#160 = FACE_BOUND('',#161,.F.);
#161 = EDGE_LOOP('',(#162,#163,#164));
#162 = ORIENTED_EDGE('',*,*,#70,.T.);
#163 = ORIENTED_EDGE('',*,*,#142,.T.);
#164 = ORIENTED_EDGE('',*,*,#110,.T.);
#165 = PLANE('',#166);
#166 = AXIS2_PLACEMENT_3D('',#167,#168,#169);
#167 = CARTESIAN_POINT('',(4.863961030679,-5.37867965644,6.));
#168 = DIRECTION('',(-0.,-0.,-1.));
#169 = DIRECTION('',(-1.,0.,0.));
#170 = ADVANCED_FACE('',(#171),#176,.T.);
#171 = FACE_BOUND('',#172,.T.);
#172 = EDGE_LOOP('',(#173,#174,#175));
#173 = ORIENTED_EDGE('',*,*,#88,.T.);
#174 = ORIENTED_EDGE('',*,*,#149,.T.);
#175 = ORIENTED_EDGE('',*,*,#119,.T.);
#176 = PLANE('',#177);
#177 = AXIS2_PLACEMENT_3D('',#178,#179,#180);
#178 = CARTESIAN_POINT('',(4.863961030679,-5.37867965644,-6.));
#179 = DIRECTION('',(-0.,-0.,-1.));
#180 = DIRECTION('',(-1.,0.,0.));
#181 = ( GEOMETRIC_REPRESENTATION_CONTEXT(3) 
GLOBAL_UNCERTAINTY_ASSIGNED_CONTEXT((#185)) GLOBAL_UNIT_ASSIGNED_CONTEXT
((#182,#183,#184)) REPRESENTATION_CONTEXT('Context #1',
  '3D Context with UNIT and UNCERTAINTY') );
#182 = ( LENGTH_UNIT() NAMED_UNIT(*) SI_UNIT(.MILLI.,.METRE.) );
#183 = ( NAMED_UNIT(*) PLANE_ANGLE_UNIT() SI_UNIT($,.RADIAN.) );
#184 = ( NAMED_UNIT(*) SI_UNIT($,.STERADIAN.) SOLID_ANGLE_UNIT() );
#185 = UNCERTAINTY_MEASURE_WITH_UNIT(LENGTH_MEASURE(1.E-07),#182,
  'distance_accuracy_value','confusion accuracy');
#186 = CONTEXT_DEPENDENT_SHAPE_REPRESENTATION(#187,#189);
#187 = ( REPRESENTATION_RELATIONSHIP('','',#63,#40) 
REPRESENTATION_RELATIONSHIP_WITH_TRANSFORMATION(#188) 
SHAPE_REPRESENTATION_RELATIONSHIP() );
#188 = ITEM_DEFINED_TRANSFORMATION('','',#11,#41);
#189 = PRODUCT_DEFINITION_SHAPE('Placement','Placement of an item',#190
  );
#190 = NEXT_ASSEMBLY_USAGE_OCCURRENCE('1','PrismR_part','',#35,#58,$);
#191 = PRODUCT_RELATED_PRODUCT_CATEGORY('part',$,(#60));
#192 = SHAPE_DEFINITION_REPRESENTATION(#193,#199);
#193 = PRODUCT_DEFINITION_SHAPE('','',#194);
#194 = PRODUCT_DEFINITION('design','',#195,#198);
#195 = PRODUCT_DEFINITION_FORMATION('','',#196);
#196 = PRODUCT('PrismL','PrismL','',(#197));
#197 = PRODUCT_CONTEXT('',#2,'mechanical');
#198 = PRODUCT_DEFINITION_CONTEXT('part definition',#2,'design');
#199 = SHAPE_REPRESENTATION('',(#11,#200),#204);
#200 = AXIS2_PLACEMENT_3D('',#201,#202,#203);
#201 = CARTESIAN_POINT('',(0.,0.,0.));
#202 = DIRECTION('',(0.,0.,1.));
#203 = DIRECTION('',(1.,0.,0.));
#204 = ( GEOMETRIC_REPRESENTATION_CONTEXT(3) 
GLOBAL_UNCERTAINTY_ASSIGNED_CONTEXT((#208)) GLOBAL_UNIT_ASSIGNED_CONTEXT
((#205,#206,#207)) REPRESENTATION_CONTEXT('Context #1',
  '3D Context with UNIT and UNCERTAINTY') );
#205 = ( LENGTH_UNIT() NAMED_UNIT(*) SI_UNIT(.MILLI.,.METRE.) );
#206 = ( NAMED_UNIT(*) PLANE_ANGLE_UNIT() SI_UNIT($,.RADIAN.) );
#207 = ( NAMED_UNIT(*) SI_UNIT($,.STERADIAN.) SOLID_ANGLE_UNIT() );
#208 = UNCERTAINTY_MEASURE_WITH_UNIT(LENGTH_MEASURE(1.E-07),#205,
  'distance_accuracy_value','confusion accuracy');
#209 = CONTEXT_DEPENDENT_SHAPE_REPRESENTATION(#210,#212);
#210 = ( REPRESENTATION_RELATIONSHIP('','',#199,#10) 
REPRESENTATION_RELATIONSHIP_WITH_TRANSFORMATION(#211) 
SHAPE_REPRESENTATION_RELATIONSHIP() );
#211 = ITEM_DEFINED_TRANSFORMATION('','',#11,#19);
#212 = PRODUCT_DEFINITION_SHAPE('Placement','Placement of an item',#213
  );
#213 = NEXT_ASSEMBLY_USAGE_OCCURRENCE('4','PrismL','',#5,#194,$);
#214 = PRODUCT_RELATED_PRODUCT_CATEGORY('part',$,(#196));
#215 = SHAPE_DEFINITION_REPRESENTATION(#216,#222);
#216 = PRODUCT_DEFINITION_SHAPE('','',#217);
#217 = PRODUCT_DEFINITION('design','',#218,#221);
#218 = PRODUCT_DEFINITION_FORMATION('','',#219);
#219 = PRODUCT('PrismL_part','PrismL_part','',(#220));
#220 = PRODUCT_CONTEXT('',#2,'mechanical');
#221 = PRODUCT_DEFINITION_CONTEXT('part definition',#2,'design');
#222 = ADVANCED_BREP_SHAPE_REPRESENTATION('',(#11,#223),#340);
#223 = MANIFOLD_SOLID_BREP('',#224);
#224 = CLOSED_SHELL('',(#225,#265,#296,#318,#329));
#225 = ADVANCED_FACE('',(#226),#260,.T.);
#226 = FACE_BOUND('',#227,.F.);
#227 = EDGE_LOOP('',(#228,#238,#246,#254));
#228 = ORIENTED_EDGE('',*,*,#229,.T.);
#229 = EDGE_CURVE('',#230,#232,#234,.T.);
#230 = VERTEX_POINT('',#231);
#231 = CARTESIAN_POINT('',(-6.985281374239,-7.5,6.));
#232 = VERTEX_POINT('',#233);
#233 = CARTESIAN_POINT('',(-0.985281374239,-7.5,6.));
#234 = LINE('',#235,#236);
#235 = CARTESIAN_POINT('',(-6.985281374239,-7.5,6.));
#236 = VECTOR('',#237,1.);
#237 = DIRECTION('',(1.,-0.,-0.));
#238 = ORIENTED_EDGE('',*,*,#239,.T.);
#239 = EDGE_CURVE('',#232,#240,#242,.T.);
#240 = VERTEX_POINT('',#241);
#241 = CARTESIAN_POINT('',(-0.985281374239,-7.5,-6.));
#242 = LINE('',#243,#244);
#243 = CARTESIAN_POINT('',(-0.985281374239,-7.5,6.));
#244 = VECTOR('',#245,1.);
#245 = DIRECTION('',(-0.,-0.,-1.));
#246 = ORIENTED_EDGE('',*,*,#247,.F.);
#247 = EDGE_CURVE('',#248,#240,#250,.T.);
#248 = VERTEX_POINT('',#249);
#249 = CARTESIAN_POINT('',(-6.985281374239,-7.5,-6.));
#250 = LINE('',#251,#252);
#251 = CARTESIAN_POINT('',(-6.985281374239,-7.5,-6.));
#252 = VECTOR('',#253,1.);
#253 = DIRECTION('',(1.,-0.,-0.));
#254 = ORIENTED_EDGE('',*,*,#255,.T.);
#255 = EDGE_CURVE('',#248,#230,#256,.T.);
#256 = LINE('',#257,#258);
#257 = CARTESIAN_POINT('',(-6.985281374239,-7.5,-6.));
#258 = VECTOR('',#259,1.);
#259 = DIRECTION('',(-0.,-0.,1.));
#260 = PLANE('',#261);
#261 = AXIS2_PLACEMENT_3D('',#262,#263,#264);
#262 = CARTESIAN_POINT('',(-6.985281374239,-7.5,0.));
#263 = DIRECTION('',(-0.,-1.,-0.));
#264 = DIRECTION('',(-1.,0.,0.));
#265 = ADVANCED_FACE('',(#266),#291,.T.);
#266 = FACE_BOUND('',#267,.F.);
#267 = EDGE_LOOP('',(#268,#276,#277,#285));
#268 = ORIENTED_EDGE('',*,*,#269,.T.);
#269 = EDGE_CURVE('',#270,#230,#272,.T.);
#270 = VERTEX_POINT('',#271);
#271 = CARTESIAN_POINT('',(-6.985281374239,-1.5,6.));
#272 = LINE('',#273,#274);
#273 = CARTESIAN_POINT('',(-6.985281374239,-1.5,6.));
#274 = VECTOR('',#275,1.);
#275 = DIRECTION('',(-0.,-1.,-0.));
#276 = ORIENTED_EDGE('',*,*,#255,.F.);
#277 = ORIENTED_EDGE('',*,*,#278,.F.);
#278 = EDGE_CURVE('',#279,#248,#281,.T.);
#279 = VERTEX_POINT('',#280);
#280 = CARTESIAN_POINT('',(-6.985281374239,-1.5,-6.));
#281 = LINE('',#282,#283);
#282 = CARTESIAN_POINT('',(-6.985281374239,-1.5,-6.));
#283 = VECTOR('',#284,1.);
#284 = DIRECTION('',(-0.,-1.,-0.));
#285 = ORIENTED_EDGE('',*,*,#286,.T.);
#286 = EDGE_CURVE('',#279,#270,#287,.T.);
#287 = LINE('',#288,#289);
#288 = CARTESIAN_POINT('',(-6.985281374239,-1.5,-6.));
#289 = VECTOR('',#290,1.);
#290 = DIRECTION('',(-0.,-0.,1.));
#291 = PLANE('',#292);
#292 = AXIS2_PLACEMENT_3D('',#293,#294,#295);
#293 = CARTESIAN_POINT('',(-6.985281374239,-1.5,0.));
#294 = DIRECTION('',(-1.,-0.,-0.));
#295 = DIRECTION('',(0.,1.,0.));
#296 = ADVANCED_FACE('',(#297),#313,.T.);
#297 = FACE_BOUND('',#298,.F.);
#298 = EDGE_LOOP('',(#299,#300,#306,#307));
#299 = ORIENTED_EDGE('',*,*,#239,.F.);
#300 = ORIENTED_EDGE('',*,*,#301,.T.);
#301 = EDGE_CURVE('',#232,#270,#302,.T.);
#302 = LINE('',#303,#304);
#303 = CARTESIAN_POINT('',(-0.985281374239,-7.5,6.));
#304 = VECTOR('',#305,1.);
#305 = DIRECTION('',(-0.707106781187,0.707106781187,-0.));
#306 = ORIENTED_EDGE('',*,*,#286,.F.);
#307 = ORIENTED_EDGE('',*,*,#308,.F.);
#308 = EDGE_CURVE('',#240,#279,#309,.T.);
#309 = LINE('',#310,#311);
#310 = CARTESIAN_POINT('',(-0.985281374239,-7.5,-6.));
#311 = VECTOR('',#312,1.);
#312 = DIRECTION('',(-0.707106781187,0.707106781187,-0.));
#313 = PLANE('',#314);
#314 = AXIS2_PLACEMENT_3D('',#315,#316,#317);
#315 = CARTESIAN_POINT('',(-0.985281374239,-7.5,0.));
#316 = DIRECTION('',(0.707106781187,0.707106781187,-0.));
#317 = DIRECTION('',(0.707106781187,-0.707106781187,0.));
#318 = ADVANCED_FACE('',(#319),#324,.F.);
#319 = FACE_BOUND('',#320,.T.);
#320 = EDGE_LOOP('',(#321,#322,#323));
#321 = ORIENTED_EDGE('',*,*,#229,.T.);
#322 = ORIENTED_EDGE('',*,*,#301,.T.);
#323 = ORIENTED_EDGE('',*,*,#269,.T.);
#324 = PLANE('',#325);
#325 = AXIS2_PLACEMENT_3D('',#326,#327,#328);
#326 = CARTESIAN_POINT('',(-4.863961030679,-5.37867965644,6.));
#327 = DIRECTION('',(0.,-0.,-1.));
#328 = DIRECTION('',(-1.,-0.,0.));
#329 = ADVANCED_FACE('',(#330),#335,.T.);
#330 = FACE_BOUND('',#331,.F.);
#331 = EDGE_LOOP('',(#332,#333,#334));
#332 = ORIENTED_EDGE('',*,*,#247,.T.);
#333 = ORIENTED_EDGE('',*,*,#308,.T.);
#334 = ORIENTED_EDGE('',*,*,#278,.T.);
#335 = PLANE('',#336);
#336 = AXIS2_PLACEMENT_3D('',#337,#338,#339);
#337 = CARTESIAN_POINT('',(-4.863961030679,-5.37867965644,-6.));
#338 = DIRECTION('',(0.,-0.,-1.));
#339 = DIRECTION('',(-1.,-0.,0.));
#340 = ( GEOMETRIC_REPRESENTATION_CONTEXT(3) 
GLOBAL_UNCERTAINTY_ASSIGNED_CONTEXT((#344)) GLOBAL_UNIT_ASSIGNED_CONTEXT
((#341,#342,#343)) REPRESENTATION_CONTEXT('Context #1',
  '3D Context with UNIT and UNCERTAINTY') );
#341 = ( LENGTH_UNIT() NAMED_UNIT(*) SI_UNIT(.MILLI.,.METRE.) );
#342 = ( NAMED_UNIT(*) PLANE_ANGLE_UNIT() SI_UNIT($,.RADIAN.) );
#343 = ( NAMED_UNIT(*) SI_UNIT($,.STERADIAN.) SOLID_ANGLE_UNIT() );
#344 = UNCERTAINTY_MEASURE_WITH_UNIT(LENGTH_MEASURE(1.E-07),#341,
  'distance_accuracy_value','confusion accuracy');
#345 = CONTEXT_DEPENDENT_SHAPE_REPRESENTATION(#346,#348);
#346 = ( REPRESENTATION_RELATIONSHIP('','',#222,#199) 
REPRESENTATION_RELATIONSHIP_WITH_TRANSFORMATION(#347) 
SHAPE_REPRESENTATION_RELATIONSHIP() );
#347 = ITEM_DEFINED_TRANSFORMATION('','',#11,#200);
#348 = PRODUCT_DEFINITION_SHAPE('Placement','Placement of an item',#349
  );
#349 = NEXT_ASSEMBLY_USAGE_OCCURRENCE('3','PrismL_part','',#194,#217,$);
#350 = PRODUCT_RELATED_PRODUCT_CATEGORY('part',$,(#219));
#351 = SHAPE_DEFINITION_REPRESENTATION(#352,#358);
#352 = PRODUCT_DEFINITION_SHAPE('','',#353);
#353 = PRODUCT_DEFINITION('design','',#354,#357);
#354 = PRODUCT_DEFINITION_FORMATION('','',#355);
#355 = PRODUCT('60FC_4_XX_xx_01_Shrinkwrap_1',
  '60FC_4_XX_xx_01_Shrinkwrap_1','',(#356));
#356 = PRODUCT_CONTEXT('',#2,'mechanical');
#357 = PRODUCT_DEFINITION_CONTEXT('part definition',#2,'design');
#358 = ADVANCED_BREP_SHAPE_REPRESENTATION('',(#11,#359),#3703);
#359 = BREP_WITH_VOIDS('',#360,(#3603));
#360 = CLOSED_SHELL('',(#361,#387,#494,#654,#814,#874,#911,#935,#944,
    #992,#1072,#1104,#1128,#1152,#1194,#1212,#1243,#1267,#1285,#1303,
    #1365,#1375,#1391,#1483,#1886,#1910,#1930,#1954,#1975,#1993,#2077,
    #2161,#2245,#2262,#2290,#2314,#2338,#2354,#2379,#2401,#2426,#2445,
    #2474,#2486,#2498,#2523,#2555,#2570,#2599,#2617,#2631,#2643,#2723,
    #2740,#2765,#2787,#2812,#2831,#2849,#2878,#2890,#2902,#2982,#2999,
    #3024,#3046,#3071,#3090,#3108,#3137,#3149,#3161,#3241,#3258,#3283,
    #3305,#3330,#3349,#3367,#3396,#3408,#3420,#3445,#3477,#3492,#3521,
    #3538,#3552,#3564,#3590));
#361 = ADVANCED_FACE('',(#362),#382,.T.);
#362 = FACE_BOUND('',#363,.T.);
#363 = EDGE_LOOP('',(#364,#375));
#364 = ORIENTED_EDGE('',*,*,#365,.F.);
#365 = EDGE_CURVE('',#366,#368,#370,.T.);
#366 = VERTEX_POINT('',#367);
#367 = CARTESIAN_POINT('',(13.27,4.898587196593E-16,-4.));
#368 = VERTEX_POINT('',#369);
#369 = CARTESIAN_POINT('',(13.27,4.,-2.280171655703E-32));
#370 = CIRCLE('',#371,4.);
#371 = AXIS2_PLACEMENT_3D('',#372,#373,#374);
#372 = CARTESIAN_POINT('',(13.27,3.972037917304E-28,-2.280171655703E-32)
  );
#373 = DIRECTION('',(-1.,0.,1.718290622234E-33));
#374 = DIRECTION('',(1.265487642093E-81,1.,7.364805613893E-49));
#375 = ORIENTED_EDGE('',*,*,#376,.F.);
#376 = EDGE_CURVE('',#368,#366,#377,.T.);
#377 = CIRCLE('',#378,4.);
#378 = AXIS2_PLACEMENT_3D('',#379,#380,#381);
#379 = CARTESIAN_POINT('',(13.27,3.972037917304E-28,-2.280171655703E-32)
  );
#380 = DIRECTION('',(-1.,0.,1.718290622234E-33));
#381 = DIRECTION('',(1.265487642093E-81,1.,7.364805613893E-49));
#382 = PLANE('',#383);
#383 = AXIS2_PLACEMENT_3D('',#384,#385,#386);
#384 = CARTESIAN_POINT('',(13.27,5.782411586596E-17,1.564697917034E-16)
  );
#385 = DIRECTION('',(1.,0.,-1.718290622234E-33));
#386 = DIRECTION('',(-1.718290622234E-33,-0.,-1.));
#387 = ADVANCED_FACE('',(#388),#489,.F.);
#388 = FACE_BOUND('',#389,.F.);
#389 = EDGE_LOOP('',(#390,#401,#408,#431,#440,#451,#470,#481,#482));
#390 = ORIENTED_EDGE('',*,*,#391,.F.);
#391 = EDGE_CURVE('',#392,#394,#396,.T.);
#392 = VERTEX_POINT('',#393);
#393 = CARTESIAN_POINT('',(9.168538730862,4.8,1.49788747241));
#394 = VERTEX_POINT('',#395);
#395 = CARTESIAN_POINT('',(7.22,4.8,1.898202538678E-16));
#396 = CIRCLE('',#397,1.55);
#397 = AXIS2_PLACEMENT_3D('',#398,#399,#400);
#398 = CARTESIAN_POINT('',(8.77,4.8,-1.506940875698E-32));
#399 = DIRECTION('',(4.286122238378E-16,1.,1.965987763818E-55));
#400 = DIRECTION('',(1.,-4.286122238378E-16,-1.718290622233E-33));
#401 = ORIENTED_EDGE('',*,*,#402,.T.);
#402 = EDGE_CURVE('',#392,#403,#405,.T.);
#403 = VERTEX_POINT('',#404);
#404 = CARTESIAN_POINT('',(9.168538730862,3.708953102965,1.49788747241)
  );
#405 = B_SPLINE_CURVE_WITH_KNOTS('',1,(#406,#407),.UNSPECIFIED.,.F.,.F.,
  (2,2),(10.2,11.291046897035),.PIECEWISE_BEZIER_KNOTS.);
#406 = CARTESIAN_POINT('',(9.168538730862,4.8,1.49788747241));
#407 = CARTESIAN_POINT('',(9.168538730862,3.708953102965,1.49788747241)
  );
#408 = ORIENTED_EDGE('',*,*,#409,.T.);
#409 = EDGE_CURVE('',#403,#410,#412,.T.);
#410 = VERTEX_POINT('',#411);
#411 = CARTESIAN_POINT('',(9.168538730862,3.708953102965,-1.49788747241)
  );
#412 = B_SPLINE_CURVE_WITH_KNOTS('',3,(#413,#414,#415,#416,#417,#418,
    #419,#420,#421,#422,#423,#424,#425,#426,#427,#428,#429,#430),
  .UNSPECIFIED.,.F.,.F.,(4,2,2,2,2,2,2,2,4),(0.511687881408,
    0.531594953475,0.59068421743,0.649721375855,0.708758534281,
    0.767795692707,0.826832851132,0.885922115087,0.905829187154),
  .UNSPECIFIED.);
#413 = CARTESIAN_POINT('',(9.168538730862,3.708953102965,1.49788747241)
  );
#414 = CARTESIAN_POINT('',(9.235645284969,3.716163914255,1.480032619226)
  );
#415 = CARTESIAN_POINT('',(9.301809872973,3.725091217022,1.457571864638)
  );
#416 = CARTESIAN_POINT('',(9.556592088368,3.765744499916,1.351441763181)
  );
#417 = CARTESIAN_POINT('',(9.729483873962,3.808015433538,1.232547147716)
  );
#418 = CARTESIAN_POINT('',(10.002426752695,3.885778960773,0.959604268983
    ));
#419 = CARTESIAN_POINT('',(10.121412965133,3.926618759478,0.786666416854
    ));
#420 = CARTESIAN_POINT('',(10.280253336738,3.9840786828,0.405334412313)
  );
#421 = CARTESIAN_POINT('',(10.32,4.,0.196790528085));
#422 = CARTESIAN_POINT('',(10.32,4.,-0.196790528085));
#423 = CARTESIAN_POINT('',(10.280253336738,3.9840786828,-0.405334412313)
  );
#424 = CARTESIAN_POINT('',(10.121412965133,3.926618759478,
    -0.786666416854));
#425 = CARTESIAN_POINT('',(10.002426752695,3.885778960773,
    -0.959604268983));
#426 = CARTESIAN_POINT('',(9.729483873962,3.808015433538,-1.232547147716
    ));
#427 = CARTESIAN_POINT('',(9.556592088368,3.765744499916,-1.351441763181
    ));
#428 = CARTESIAN_POINT('',(9.301809872973,3.725091217022,-1.457571864638
    ));
#429 = CARTESIAN_POINT('',(9.235645284969,3.716163914255,-1.480032619226
    ));
#430 = CARTESIAN_POINT('',(9.168538730862,3.708953102965,-1.49788747241)
  );
#431 = ORIENTED_EDGE('',*,*,#432,.T.);
#432 = EDGE_CURVE('',#410,#433,#435,.T.);
#433 = VERTEX_POINT('',#434);
#434 = CARTESIAN_POINT('',(8.77,3.687478813498,-1.55));
#435 = B_SPLINE_CURVE_WITH_KNOTS('',3,(#436,#437,#438,#439),
  .UNSPECIFIED.,.F.,.F.,(4,4),(0.905829187154,0.945011379041),
  .PIECEWISE_BEZIER_KNOTS.);
#436 = CARTESIAN_POINT('',(9.168538730862,3.708953102965,-1.49788747241)
  );
#437 = CARTESIAN_POINT('',(9.036455927777,3.694760388405,-1.53303037445)
  );
#438 = CARTESIAN_POINT('',(8.90060730629,3.687478813498,-1.55));
#439 = CARTESIAN_POINT('',(8.77,3.687478813498,-1.55));
#440 = ORIENTED_EDGE('',*,*,#441,.T.);
#441 = EDGE_CURVE('',#433,#442,#444,.T.);
#442 = VERTEX_POINT('',#443);
#443 = CARTESIAN_POINT('',(8.128538733126,3.742856203075,-1.411037718525
    ));
#444 = B_SPLINE_CURVE_WITH_KNOTS('',3,(#445,#446,#447,#448,#449,#450),
  .UNSPECIFIED.,.F.,.F.,(4,2,4),(0.,5.908926395456E-02,
    6.382086028964E-02),.UNSPECIFIED.);
#445 = CARTESIAN_POINT('',(8.77,3.687478813498,-1.55));
#446 = CARTESIAN_POINT('',(8.573035786818,3.687478813498,-1.55));
#447 = CARTESIAN_POINT('',(8.3645621356,3.704927183962,-1.510212407348)
  );
#448 = CARTESIAN_POINT('',(8.158724485503,3.737770827333,-1.424470273995
    ));
#449 = CARTESIAN_POINT('',(8.143571684388,3.740279813431,-1.41787173567)
  );
#450 = CARTESIAN_POINT('',(8.128538733126,3.742856203075,-1.411037718525
    ));
#451 = ORIENTED_EDGE('',*,*,#452,.T.);
#452 = EDGE_CURVE('',#442,#453,#455,.T.);
#453 = VERTEX_POINT('',#454);
#454 = CARTESIAN_POINT('',(8.128538733126,3.742856203075,1.411037718525)
  );
#455 = B_SPLINE_CURVE_WITH_KNOTS('',3,(#456,#457,#458,#459,#460,#461,
    #462,#463,#464,#465,#466,#467,#468,#469),.UNSPECIFIED.,.F.,.F.,(4,2,
    2,2,2,2,4),(6.382086028964E-02,0.118178527909,0.177215686335,
    0.23625284476,0.295290003186,0.354327161612,0.408684829231),
  .UNSPECIFIED.);
#456 = CARTESIAN_POINT('',(8.128538733126,3.742856203075,-1.411037718525
    ));
#457 = CARTESIAN_POINT('',(7.955836729375,3.772454360233,-1.332526956791
    ));
#458 = CARTESIAN_POINT('',(7.799583300861,3.811130279591,-1.221614322539
    ));
#459 = CARTESIAN_POINT('',(7.537573247305,3.885778960773,-0.959604268983
    ));
#460 = CARTESIAN_POINT('',(7.418587034867,3.926618759478,-0.786666416854
    ));
#461 = CARTESIAN_POINT('',(7.259746663262,3.9840786828,-0.405334412313)
  );
#462 = CARTESIAN_POINT('',(7.22,4.,-0.196790528085));
#463 = CARTESIAN_POINT('',(7.22,4.,0.196790528085));
#464 = CARTESIAN_POINT('',(7.259746663262,3.9840786828,0.405334412313));
#465 = CARTESIAN_POINT('',(7.418587034867,3.926618759478,0.786666416854)
  );
#466 = CARTESIAN_POINT('',(7.537573247305,3.885778960773,0.959604268983)
  );
#467 = CARTESIAN_POINT('',(7.799583300861,3.811130279591,1.221614322539)
  );
#468 = CARTESIAN_POINT('',(7.955836729375,3.772454360233,1.332526956791)
  );
#469 = CARTESIAN_POINT('',(8.128538733126,3.742856203075,1.411037718525)
  );
#470 = ORIENTED_EDGE('',*,*,#471,.T.);
#471 = EDGE_CURVE('',#453,#403,#472,.T.);
#472 = B_SPLINE_CURVE_WITH_KNOTS('',3,(#473,#474,#475,#476,#477,#478,
    #479,#480),.UNSPECIFIED.,.F.,.F.,(4,2,2,4),(0.408684829231,
    0.413416425566,0.472505689521,0.511687881408),.UNSPECIFIED.);
#473 = CARTESIAN_POINT('',(8.128538733126,3.742856203075,1.411037718525)
  );
#474 = CARTESIAN_POINT('',(8.143571684388,3.740279813431,1.41787173567)
  );
#475 = CARTESIAN_POINT('',(8.158724485503,3.737770827333,1.424470273995)
  );
#476 = CARTESIAN_POINT('',(8.3645621356,3.704927183962,1.510212407348));
#477 = CARTESIAN_POINT('',(8.573035786818,3.687478813498,1.55));
#478 = CARTESIAN_POINT('',(8.90060730629,3.687478813498,1.55));
#479 = CARTESIAN_POINT('',(9.036455927777,3.694760388405,1.53303037445)
  );
#480 = CARTESIAN_POINT('',(9.168538730862,3.708953102965,1.49788747241)
  );
#481 = ORIENTED_EDGE('',*,*,#402,.F.);
#482 = ORIENTED_EDGE('',*,*,#483,.F.);
#483 = EDGE_CURVE('',#394,#392,#484,.T.);
#484 = CIRCLE('',#485,1.55);
#485 = AXIS2_PLACEMENT_3D('',#486,#487,#488);
#486 = CARTESIAN_POINT('',(8.77,4.8,-1.506940875698E-32));
#487 = DIRECTION('',(4.286122238378E-16,1.,1.965987763818E-55));
#488 = DIRECTION('',(1.,-4.286122238378E-16,-1.718290622233E-33));
#489 = CYLINDRICAL_SURFACE('',#490,1.55);
#490 = AXIS2_PLACEMENT_3D('',#491,#492,#493);
#491 = CARTESIAN_POINT('',(8.77,15.,-1.506940875698E-32));
#492 = DIRECTION('',(-4.286122238378E-16,-1.,-1.965987764335E-55));
#493 = DIRECTION('',(1.,-4.286122238378E-16,-1.718290622233E-33));
#494 = ADVANCED_FACE('',(#495),#649,.F.);
#495 = FACE_BOUND('',#496,.F.);
#496 = EDGE_LOOP('',(#497,#508,#515,#554,#591,#592,#600,#609,#617,#626,
    #634,#643));
#497 = ORIENTED_EDGE('',*,*,#498,.F.);
#498 = EDGE_CURVE('',#499,#501,#503,.T.);
#499 = VERTEX_POINT('',#500);
#500 = CARTESIAN_POINT('',(5.36756610513,2.761496824527,5.033052805021)
  );
#501 = VERTEX_POINT('',#502);
#502 = CARTESIAN_POINT('',(4.17243389487,2.761496824527,5.033052805021)
  );
#503 = CIRCLE('',#504,0.6105);
#504 = AXIS2_PLACEMENT_3D('',#505,#506,#507);
#505 = CARTESIAN_POINT('',(4.77,2.86975,4.970552805021));
#506 = DIRECTION('',(-2.143061119189E-16,-0.5,-0.866025403784));
#507 = DIRECTION('',(1.,-4.286122238378E-16,-4.437342591868E-31));
#508 = ORIENTED_EDGE('',*,*,#509,.T.);
#509 = EDGE_CURVE('',#499,#510,#512,.T.);
#510 = VERTEX_POINT('',#511);
#511 = CARTESIAN_POINT('',(5.36756610513,2.891081972314,5.257500864895)
  );
#512 = B_SPLINE_CURVE_WITH_KNOTS('',1,(#513,#514),.UNSPECIFIED.,.F.,.F.,
  (2,2),(-3.2605,-3.001329704425),.PIECEWISE_BEZIER_KNOTS.);
#513 = CARTESIAN_POINT('',(5.36756610513,2.761496824527,5.033052805021)
  );
#514 = CARTESIAN_POINT('',(5.36756610513,2.891081972314,5.257500864895)
  );
#515 = ORIENTED_EDGE('',*,*,#516,.T.);
#516 = EDGE_CURVE('',#510,#517,#519,.T.);
#517 = VERTEX_POINT('',#518);
#518 = CARTESIAN_POINT('',(4.77,2.455721493101,5.474434395289));
#519 = B_SPLINE_CURVE_WITH_KNOTS('',3,(#520,#521,#522,#523,#524,#525,
    #526,#527,#528,#529,#530,#531,#532,#533,#534,#535,#536,#537,#538,
    #539,#540,#541,#542,#543,#544,#545,#546,#547,#548,#549,#550,#551,
    #552,#553),.UNSPECIFIED.,.T.,.F.,(1,3,2,2,2,2,2,2,2,2,2,2,2,2,2,2,2,
    3,1),(-2.301386379928E-02,0.,2.301386379928E-02,4.602772759855E-02,
    6.904150740737E-02,9.205528721619E-02,0.115069067025,0.138082846834,
    0.161096710633,0.184110574432,0.207124438232,0.230138302031,
    0.25315208184,0.276165861649,0.299179641457,0.322193421266,
    0.345207285066,0.368221148865,0.391235012664),.UNSPECIFIED.);
#520 = CARTESIAN_POINT('',(4.77,2.455721493101,5.474434395289));
#521 = CARTESIAN_POINT('',(4.693287120669,2.455721493101,5.474434395289)
  );
#522 = CARTESIAN_POINT('',(4.61149744859,2.469823679005,5.468176168065)
  );
#523 = CARTESIAN_POINT('',(4.461098701675,2.526736637666,5.442111866715)
  );
#524 = CARTESIAN_POINT('',(4.392485080185,2.569501981106,5.422232901451)
  );
#525 = CARTESIAN_POINT('',(4.284137737697,2.667241353263,5.374827774952)
  );
#526 = CARTESIAN_POINT('',(4.237162226906,2.728741343159,5.344121465886)
  );
#527 = CARTESIAN_POINT('',(4.17484189321,2.861921999522,5.273999054659)
  );
#528 = CARTESIAN_POINT('',(4.1595,2.933564940162,5.234508722388));
#529 = CARTESIAN_POINT('',(4.1595,3.066435059838,5.157796123025));
#530 = CARTESIAN_POINT('',(4.17484189321,3.136456161109,5.115496682565)
  );
#531 = CARTESIAN_POINT('',(4.237162226906,3.263774278787,5.035220056475)
  );
#532 = CARTESIAN_POINT('',(4.284137737697,3.321116717443,4.997312657427)
  );
#533 = CARTESIAN_POINT('',(4.392485080185,3.41104044734,4.936370441438)
  );
#534 = CARTESIAN_POINT('',(4.461098701675,3.449638807979,4.90927405025)
  );
#535 = CARTESIAN_POINT('',(4.61149744859,3.50066763441,4.873018132919));
#536 = CARTESIAN_POINT('',(4.693287120669,3.513138511121,4.863934395289)
  );
#537 = CARTESIAN_POINT('',(4.846712879331,3.513138511121,4.863934395289)
  );
#538 = CARTESIAN_POINT('',(4.92850255141,3.50066763441,4.873018132919));
#539 = CARTESIAN_POINT('',(5.078901298325,3.449638807979,4.90927405025)
  );
#540 = CARTESIAN_POINT('',(5.147514919815,3.41104044734,4.936370441438)
  );
#541 = CARTESIAN_POINT('',(5.255862262303,3.321116717443,4.997312657427)
  );
#542 = CARTESIAN_POINT('',(5.302837773094,3.263774278787,5.035220056475)
  );
#543 = CARTESIAN_POINT('',(5.36515810679,3.136456161109,5.115496682565)
  );
#544 = CARTESIAN_POINT('',(5.3805,3.066435059838,5.157796123025));
#545 = CARTESIAN_POINT('',(5.3805,2.933564940162,5.234508722388));
#546 = CARTESIAN_POINT('',(5.36515810679,2.861921999522,5.273999054659)
  );
#547 = CARTESIAN_POINT('',(5.302837773094,2.728741343159,5.344121465886)
  );
#548 = CARTESIAN_POINT('',(5.255862262303,2.667241353263,5.374827774952)
  );
#549 = CARTESIAN_POINT('',(5.147514919815,2.569501981106,5.422232901451)
  );
#550 = CARTESIAN_POINT('',(5.078901298325,2.526736637666,5.442111866715)
  );
#551 = CARTESIAN_POINT('',(4.92850255141,2.469823679005,5.468176168065)
  );
#552 = CARTESIAN_POINT('',(4.846712879331,2.455721493101,5.474434395289)
  );
#553 = CARTESIAN_POINT('',(4.77,2.455721493101,5.474434395289));
#554 = ORIENTED_EDGE('',*,*,#555,.T.);
#555 = EDGE_CURVE('',#517,#510,#556,.T.);
#556 = B_SPLINE_CURVE_WITH_KNOTS('',3,(#557,#558,#559,#560,#561,#562,
    #563,#564,#565,#566,#567,#568,#569,#570,#571,#572,#573,#574,#575,
    #576,#577,#578,#579,#580,#581,#582,#583,#584,#585,#586,#587,#588,
    #589,#590),.UNSPECIFIED.,.T.,.F.,(1,3,2,2,2,2,2,2,2,2,2,2,2,2,2,2,2,
    3,1),(-2.301386379928E-02,0.,2.301386379928E-02,4.602772759855E-02,
    6.904150740737E-02,9.205528721619E-02,0.115069067025,0.138082846834,
    0.161096710633,0.184110574432,0.207124438232,0.230138302031,
    0.25315208184,0.276165861649,0.299179641457,0.322193421266,
    0.345207285066,0.368221148865,0.391235012664),.UNSPECIFIED.);
#557 = CARTESIAN_POINT('',(4.77,2.455721493101,5.474434395289));
#558 = CARTESIAN_POINT('',(4.693287120669,2.455721493101,5.474434395289)
  );
#559 = CARTESIAN_POINT('',(4.61149744859,2.469823679005,5.468176168065)
  );
#560 = CARTESIAN_POINT('',(4.461098701675,2.526736637666,5.442111866715)
  );
#561 = CARTESIAN_POINT('',(4.392485080185,2.569501981106,5.422232901451)
  );
#562 = CARTESIAN_POINT('',(4.284137737697,2.667241353263,5.374827774952)
  );
#563 = CARTESIAN_POINT('',(4.237162226906,2.728741343159,5.344121465886)
  );
#564 = CARTESIAN_POINT('',(4.17484189321,2.861921999522,5.273999054659)
  );
#565 = CARTESIAN_POINT('',(4.1595,2.933564940162,5.234508722388));
#566 = CARTESIAN_POINT('',(4.1595,3.066435059838,5.157796123025));
#567 = CARTESIAN_POINT('',(4.17484189321,3.136456161109,5.115496682565)
  );
#568 = CARTESIAN_POINT('',(4.237162226906,3.263774278787,5.035220056475)
  );
#569 = CARTESIAN_POINT('',(4.284137737697,3.321116717443,4.997312657427)
  );
#570 = CARTESIAN_POINT('',(4.392485080185,3.41104044734,4.936370441438)
  );
#571 = CARTESIAN_POINT('',(4.461098701675,3.449638807979,4.90927405025)
  );
#572 = CARTESIAN_POINT('',(4.61149744859,3.50066763441,4.873018132919));
#573 = CARTESIAN_POINT('',(4.693287120669,3.513138511121,4.863934395289)
  );
#574 = CARTESIAN_POINT('',(4.846712879331,3.513138511121,4.863934395289)
  );
#575 = CARTESIAN_POINT('',(4.92850255141,3.50066763441,4.873018132919));
#576 = CARTESIAN_POINT('',(5.078901298325,3.449638807979,4.90927405025)
  );
#577 = CARTESIAN_POINT('',(5.147514919815,3.41104044734,4.936370441438)
  );
#578 = CARTESIAN_POINT('',(5.255862262303,3.321116717443,4.997312657427)
  );
#579 = CARTESIAN_POINT('',(5.302837773094,3.263774278787,5.035220056475)
  );
#580 = CARTESIAN_POINT('',(5.36515810679,3.136456161109,5.115496682565)
  );
#581 = CARTESIAN_POINT('',(5.3805,3.066435059838,5.157796123025));
#582 = CARTESIAN_POINT('',(5.3805,2.933564940162,5.234508722388));
#583 = CARTESIAN_POINT('',(5.36515810679,2.861921999522,5.273999054659)
  );
#584 = CARTESIAN_POINT('',(5.302837773094,2.728741343159,5.344121465886)
  );
#585 = CARTESIAN_POINT('',(5.255862262303,2.667241353263,5.374827774952)
  );
#586 = CARTESIAN_POINT('',(5.147514919815,2.569501981106,5.422232901451)
  );
#587 = CARTESIAN_POINT('',(5.078901298325,2.526736637666,5.442111866715)
  );
#588 = CARTESIAN_POINT('',(4.92850255141,2.469823679005,5.468176168065)
  );
#589 = CARTESIAN_POINT('',(4.846712879331,2.455721493101,5.474434395289)
  );
#590 = CARTESIAN_POINT('',(4.77,2.455721493101,5.474434395289));
#591 = ORIENTED_EDGE('',*,*,#509,.F.);
#592 = ORIENTED_EDGE('',*,*,#593,.F.);
#593 = EDGE_CURVE('',#594,#499,#596,.T.);
#594 = VERTEX_POINT('',#595);
#595 = CARTESIAN_POINT('',(5.36756610513,2.591746824527,4.739037180436)
  );
#596 = LINE('',#597,#598);
#597 = CARTESIAN_POINT('',(5.36756610513,4.391746824527,7.85672863406));
#598 = VECTOR('',#599,1.);
#599 = DIRECTION('',(2.143061119189E-16,0.5,0.866025403784));
#600 = ORIENTED_EDGE('',*,*,#601,.F.);
#601 = EDGE_CURVE('',#602,#594,#604,.T.);
#602 = VERTEX_POINT('',#603);
#603 = CARTESIAN_POINT('',(5.36756610513,2.808253175473,4.614037180436)
  );
#604 = CIRCLE('',#605,0.6105);
#605 = AXIS2_PLACEMENT_3D('',#606,#607,#608);
#606 = CARTESIAN_POINT('',(4.77,2.7,4.676537180436));
#607 = DIRECTION('',(-4.363507168446E-16,-0.5,-0.866025403784));
#608 = DIRECTION('',(1.,-5.396345263007E-16,-1.922962686389E-16));
#609 = ORIENTED_EDGE('',*,*,#610,.F.);
#610 = EDGE_CURVE('',#611,#602,#613,.T.);
#611 = VERTEX_POINT('',#612);
#612 = CARTESIAN_POINT('',(5.36756610513,2.978003175473,4.908052805021)
  );
#613 = LINE('',#614,#615);
#614 = CARTESIAN_POINT('',(5.36756610513,4.608253175473,7.73172863406));
#615 = VECTOR('',#616,1.);
#616 = DIRECTION('',(-2.143061119189E-16,-0.5,-0.866025403784));
#617 = ORIENTED_EDGE('',*,*,#618,.F.);
#618 = EDGE_CURVE('',#619,#611,#621,.T.);
#619 = VERTEX_POINT('',#620);
#620 = CARTESIAN_POINT('',(4.17243389487,2.978003175473,4.908052805021)
  );
#621 = CIRCLE('',#622,0.6105);
#622 = AXIS2_PLACEMENT_3D('',#623,#624,#625);
#623 = CARTESIAN_POINT('',(4.77,2.86975,4.970552805021));
#624 = DIRECTION('',(-2.143061119189E-16,-0.5,-0.866025403784));
#625 = DIRECTION('',(1.,-4.286122238378E-16,-4.437342591868E-31));
#626 = ORIENTED_EDGE('',*,*,#627,.F.);
#627 = EDGE_CURVE('',#628,#619,#630,.T.);
#628 = VERTEX_POINT('',#629);
#629 = CARTESIAN_POINT('',(4.17243389487,2.808253175473,4.614037180436)
  );
#630 = LINE('',#631,#632);
#631 = CARTESIAN_POINT('',(4.17243389487,4.608253175473,7.73172863406));
#632 = VECTOR('',#633,1.);
#633 = DIRECTION('',(2.143061119189E-16,0.5,0.866025403784));
#634 = ORIENTED_EDGE('',*,*,#635,.F.);
#635 = EDGE_CURVE('',#636,#628,#638,.T.);
#636 = VERTEX_POINT('',#637);
#637 = CARTESIAN_POINT('',(4.17243389487,2.591746824527,4.739037180436)
  );
#638 = CIRCLE('',#639,0.6105);
#639 = AXIS2_PLACEMENT_3D('',#640,#641,#642);
#640 = CARTESIAN_POINT('',(4.77,2.7,4.676537180436));
#641 = DIRECTION('',(-4.363507168446E-16,-0.5,-0.866025403784));
#642 = DIRECTION('',(1.,-5.396345263007E-16,-1.922962686389E-16));
#643 = ORIENTED_EDGE('',*,*,#644,.F.);
#644 = EDGE_CURVE('',#501,#636,#645,.T.);
#645 = LINE('',#646,#647);
#646 = CARTESIAN_POINT('',(4.17243389487,4.391746824527,7.85672863406));
#647 = VECTOR('',#648,1.);
#648 = DIRECTION('',(-2.143061119189E-16,-0.5,-0.866025403784));
#649 = CYLINDRICAL_SURFACE('',#650,0.6105);
#650 = AXIS2_PLACEMENT_3D('',#651,#652,#653);
#651 = CARTESIAN_POINT('',(4.77,4.5,7.79422863406));
#652 = DIRECTION('',(2.143061119189E-16,0.5,0.866025403784));
#653 = DIRECTION('',(1.,-4.286122238378E-16,-4.437342591868E-31));
#654 = ADVANCED_FACE('',(#655),#809,.F.);
#655 = FACE_BOUND('',#656,.F.);
#656 = EDGE_LOOP('',(#657,#668,#676,#685,#693,#702,#710,#719,#726,#765,
    #802,#803));
#657 = ORIENTED_EDGE('',*,*,#658,.F.);
#658 = EDGE_CURVE('',#659,#661,#663,.T.);
#659 = VERTEX_POINT('',#660);
#660 = CARTESIAN_POINT('',(5.36756610513,2.591746824527,-4.739037180436)
  );
#661 = VERTEX_POINT('',#662);
#662 = CARTESIAN_POINT('',(5.36756610513,2.808253175473,-4.614037180436)
  );
#663 = CIRCLE('',#664,0.6105);
#664 = AXIS2_PLACEMENT_3D('',#665,#666,#667);
#665 = CARTESIAN_POINT('',(4.77,2.7,-4.676537180436));
#666 = DIRECTION('',(-4.363507168431E-16,-0.5,0.866025403784));
#667 = DIRECTION('',(1.,-5.396345262999E-16,1.922962686376E-16));
#668 = ORIENTED_EDGE('',*,*,#669,.F.);
#669 = EDGE_CURVE('',#670,#659,#672,.T.);
#670 = VERTEX_POINT('',#671);
#671 = CARTESIAN_POINT('',(5.36756610513,2.761496824527,-5.033052805021)
  );
#672 = LINE('',#673,#674);
#673 = CARTESIAN_POINT('',(5.36756610513,4.391746824527,-7.85672863406)
  );
#674 = VECTOR('',#675,1.);
#675 = DIRECTION('',(-2.143061119189E-16,-0.5,0.866025403784));
#676 = ORIENTED_EDGE('',*,*,#677,.F.);
#677 = EDGE_CURVE('',#678,#670,#680,.T.);
#678 = VERTEX_POINT('',#679);
#679 = CARTESIAN_POINT('',(4.17243389487,2.761496824527,-5.033052805021)
  );
#680 = CIRCLE('',#681,0.6105);
#681 = AXIS2_PLACEMENT_3D('',#682,#683,#684);
#682 = CARTESIAN_POINT('',(4.77,2.86975,-4.970552805021));
#683 = DIRECTION('',(-2.143061119189E-16,-0.5,0.866025403784));
#684 = DIRECTION('',(1.,-4.286122238378E-16,4.437342591868E-31));
#685 = ORIENTED_EDGE('',*,*,#686,.F.);
#686 = EDGE_CURVE('',#687,#678,#689,.T.);
#687 = VERTEX_POINT('',#688);
#688 = CARTESIAN_POINT('',(4.17243389487,2.591746824527,-4.739037180436)
  );
#689 = LINE('',#690,#691);
#690 = CARTESIAN_POINT('',(4.17243389487,4.391746824527,-7.85672863406)
  );
#691 = VECTOR('',#692,1.);
#692 = DIRECTION('',(2.143061119189E-16,0.5,-0.866025403784));
#693 = ORIENTED_EDGE('',*,*,#694,.F.);
#694 = EDGE_CURVE('',#695,#687,#697,.T.);
#695 = VERTEX_POINT('',#696);
#696 = CARTESIAN_POINT('',(4.17243389487,2.808253175473,-4.614037180436)
  );
#697 = CIRCLE('',#698,0.6105);
#698 = AXIS2_PLACEMENT_3D('',#699,#700,#701);
#699 = CARTESIAN_POINT('',(4.77,2.7,-4.676537180436));
#700 = DIRECTION('',(-4.363507168431E-16,-0.5,0.866025403784));
#701 = DIRECTION('',(1.,-5.396345262999E-16,1.922962686376E-16));
#702 = ORIENTED_EDGE('',*,*,#703,.F.);
#703 = EDGE_CURVE('',#704,#695,#706,.T.);
#704 = VERTEX_POINT('',#705);
#705 = CARTESIAN_POINT('',(4.17243389487,2.978003175473,-4.908052805021)
  );
#706 = LINE('',#707,#708);
#707 = CARTESIAN_POINT('',(4.17243389487,4.608253175473,-7.73172863406)
  );
#708 = VECTOR('',#709,1.);
#709 = DIRECTION('',(-2.143061119189E-16,-0.5,0.866025403784));
#710 = ORIENTED_EDGE('',*,*,#711,.F.);
#711 = EDGE_CURVE('',#712,#704,#714,.T.);
#712 = VERTEX_POINT('',#713);
#713 = CARTESIAN_POINT('',(5.36756610513,2.978003175473,-4.908052805021)
  );
#714 = CIRCLE('',#715,0.6105);
#715 = AXIS2_PLACEMENT_3D('',#716,#717,#718);
#716 = CARTESIAN_POINT('',(4.77,2.86975,-4.970552805021));
#717 = DIRECTION('',(-2.143061119189E-16,-0.5,0.866025403784));
#718 = DIRECTION('',(1.,-4.286122238378E-16,4.437342591868E-31));
#719 = ORIENTED_EDGE('',*,*,#720,.F.);
#720 = EDGE_CURVE('',#721,#712,#723,.T.);
#721 = VERTEX_POINT('',#722);
#722 = CARTESIAN_POINT('',(5.36756610513,3.10758832326,-5.132500864895)
  );
#723 = B_SPLINE_CURVE_WITH_KNOTS('',1,(#724,#725),.UNSPECIFIED.,.F.,.F.,
  (2,2),(3.001329704425,3.2605),.PIECEWISE_BEZIER_KNOTS.);
#724 = CARTESIAN_POINT('',(5.36756610513,3.10758832326,-5.132500864895)
  );
#725 = CARTESIAN_POINT('',(5.36756610513,2.978003175473,-4.908052805021)
  );
#726 = ORIENTED_EDGE('',*,*,#727,.T.);
#727 = EDGE_CURVE('',#721,#728,#730,.T.);
#728 = VERTEX_POINT('',#729);
#729 = CARTESIAN_POINT('',(4.77,2.455721493101,-5.474434395289));
#730 = B_SPLINE_CURVE_WITH_KNOTS('',3,(#731,#732,#733,#734,#735,#736,
    #737,#738,#739,#740,#741,#742,#743,#744,#745,#746,#747,#748,#749,
    #750,#751,#752,#753,#754,#755,#756,#757,#758,#759,#760,#761,#762,
    #763,#764),.UNSPECIFIED.,.T.,.F.,(1,3,2,2,2,2,2,2,2,2,2,2,2,2,2,2,2,
    3,1),(-2.301386379928E-02,0.,2.301386379928E-02,4.602772759855E-02,
    6.904150740737E-02,9.205528721619E-02,0.115069067025,0.138082846834,
    0.161096710633,0.184110574432,0.207124438232,0.230138302031,
    0.25315208184,0.276165861649,0.299179641457,0.322193421266,
    0.345207285066,0.368221148865,0.391235012664),.UNSPECIFIED.);
#731 = CARTESIAN_POINT('',(4.77,2.455721493101,-5.474434395289));
#732 = CARTESIAN_POINT('',(4.846712879331,2.455721493101,-5.474434395289
    ));
#733 = CARTESIAN_POINT('',(4.92850255141,2.469823679005,-5.468176168065)
  );
#734 = CARTESIAN_POINT('',(5.078901298325,2.526736637666,-5.442111866715
    ));
#735 = CARTESIAN_POINT('',(5.147514919815,2.569501981106,-5.422232901451
    ));
#736 = CARTESIAN_POINT('',(5.255862262303,2.667241353263,-5.374827774952
    ));
#737 = CARTESIAN_POINT('',(5.302837773094,2.728741343159,-5.344121465886
    ));
#738 = CARTESIAN_POINT('',(5.36515810679,2.861921999522,-5.273999054659)
  );
#739 = CARTESIAN_POINT('',(5.3805,2.933564940162,-5.234508722388));
#740 = CARTESIAN_POINT('',(5.3805,3.066435059838,-5.157796123025));
#741 = CARTESIAN_POINT('',(5.36515810679,3.136456161109,-5.115496682565)
  );
#742 = CARTESIAN_POINT('',(5.302837773094,3.263774278787,-5.035220056475
    ));
#743 = CARTESIAN_POINT('',(5.255862262303,3.321116717443,-4.997312657427
    ));
#744 = CARTESIAN_POINT('',(5.147514919815,3.41104044734,-4.936370441438)
  );
#745 = CARTESIAN_POINT('',(5.078901298325,3.449638807979,-4.90927405025)
  );
#746 = CARTESIAN_POINT('',(4.92850255141,3.50066763441,-4.873018132919)
  );
#747 = CARTESIAN_POINT('',(4.846712879331,3.513138511121,-4.863934395289
    ));
#748 = CARTESIAN_POINT('',(4.693287120669,3.513138511121,-4.863934395289
    ));
#749 = CARTESIAN_POINT('',(4.61149744859,3.50066763441,-4.873018132919)
  );
#750 = CARTESIAN_POINT('',(4.461098701675,3.449638807979,-4.90927405025)
  );
#751 = CARTESIAN_POINT('',(4.392485080185,3.41104044734,-4.936370441438)
  );
#752 = CARTESIAN_POINT('',(4.284137737697,3.321116717443,-4.997312657427
    ));
#753 = CARTESIAN_POINT('',(4.237162226906,3.263774278787,-5.035220056475
    ));
#754 = CARTESIAN_POINT('',(4.17484189321,3.136456161109,-5.115496682565)
  );
#755 = CARTESIAN_POINT('',(4.1595,3.066435059838,-5.157796123025));
#756 = CARTESIAN_POINT('',(4.1595,2.933564940162,-5.234508722388));
#757 = CARTESIAN_POINT('',(4.17484189321,2.861921999522,-5.273999054659)
  );
#758 = CARTESIAN_POINT('',(4.237162226906,2.728741343159,-5.344121465886
    ));
#759 = CARTESIAN_POINT('',(4.284137737697,2.667241353263,-5.374827774952
    ));
#760 = CARTESIAN_POINT('',(4.392485080185,2.569501981106,-5.422232901451
    ));
#761 = CARTESIAN_POINT('',(4.461098701675,2.526736637666,-5.442111866715
    ));
#762 = CARTESIAN_POINT('',(4.61149744859,2.469823679005,-5.468176168065)
  );
#763 = CARTESIAN_POINT('',(4.693287120669,2.455721493101,-5.474434395289
    ));
#764 = CARTESIAN_POINT('',(4.77,2.455721493101,-5.474434395289));
#765 = ORIENTED_EDGE('',*,*,#766,.T.);
#766 = EDGE_CURVE('',#728,#721,#767,.T.);
#767 = B_SPLINE_CURVE_WITH_KNOTS('',3,(#768,#769,#770,#771,#772,#773,
    #774,#775,#776,#777,#778,#779,#780,#781,#782,#783,#784,#785,#786,
    #787,#788,#789,#790,#791,#792,#793,#794,#795,#796,#797,#798,#799,
    #800,#801),.UNSPECIFIED.,.T.,.F.,(1,3,2,2,2,2,2,2,2,2,2,2,2,2,2,2,2,
    3,1),(-2.301386379928E-02,0.,2.301386379928E-02,4.602772759855E-02,
    6.904150740737E-02,9.205528721619E-02,0.115069067025,0.138082846834,
    0.161096710633,0.184110574432,0.207124438232,0.230138302031,
    0.25315208184,0.276165861649,0.299179641457,0.322193421266,
    0.345207285066,0.368221148865,0.391235012664),.UNSPECIFIED.);
#768 = CARTESIAN_POINT('',(4.77,2.455721493101,-5.474434395289));
#769 = CARTESIAN_POINT('',(4.846712879331,2.455721493101,-5.474434395289
    ));
#770 = CARTESIAN_POINT('',(4.92850255141,2.469823679005,-5.468176168065)
  );
#771 = CARTESIAN_POINT('',(5.078901298325,2.526736637666,-5.442111866715
    ));
#772 = CARTESIAN_POINT('',(5.147514919815,2.569501981106,-5.422232901451
    ));
#773 = CARTESIAN_POINT('',(5.255862262303,2.667241353263,-5.374827774952
    ));
#774 = CARTESIAN_POINT('',(5.302837773094,2.728741343159,-5.344121465886
    ));
#775 = CARTESIAN_POINT('',(5.36515810679,2.861921999522,-5.273999054659)
  );
#776 = CARTESIAN_POINT('',(5.3805,2.933564940162,-5.234508722388));
#777 = CARTESIAN_POINT('',(5.3805,3.066435059838,-5.157796123025));
#778 = CARTESIAN_POINT('',(5.36515810679,3.136456161109,-5.115496682565)
  );
#779 = CARTESIAN_POINT('',(5.302837773094,3.263774278787,-5.035220056475
    ));
#780 = CARTESIAN_POINT('',(5.255862262303,3.321116717443,-4.997312657427
    ));
#781 = CARTESIAN_POINT('',(5.147514919815,3.41104044734,-4.936370441438)
  );
#782 = CARTESIAN_POINT('',(5.078901298325,3.449638807979,-4.90927405025)
  );
#783 = CARTESIAN_POINT('',(4.92850255141,3.50066763441,-4.873018132919)
  );
#784 = CARTESIAN_POINT('',(4.846712879331,3.513138511121,-4.863934395289
    ));
#785 = CARTESIAN_POINT('',(4.693287120669,3.513138511121,-4.863934395289
    ));
#786 = CARTESIAN_POINT('',(4.61149744859,3.50066763441,-4.873018132919)
  );
#787 = CARTESIAN_POINT('',(4.461098701675,3.449638807979,-4.90927405025)
  );
#788 = CARTESIAN_POINT('',(4.392485080185,3.41104044734,-4.936370441438)
  );
#789 = CARTESIAN_POINT('',(4.284137737697,3.321116717443,-4.997312657427
    ));
#790 = CARTESIAN_POINT('',(4.237162226906,3.263774278787,-5.035220056475
    ));
#791 = CARTESIAN_POINT('',(4.17484189321,3.136456161109,-5.115496682565)
  );
#792 = CARTESIAN_POINT('',(4.1595,3.066435059838,-5.157796123025));
#793 = CARTESIAN_POINT('',(4.1595,2.933564940162,-5.234508722388));
#794 = CARTESIAN_POINT('',(4.17484189321,2.861921999522,-5.273999054659)
  );
#795 = CARTESIAN_POINT('',(4.237162226906,2.728741343159,-5.344121465886
    ));
#796 = CARTESIAN_POINT('',(4.284137737697,2.667241353263,-5.374827774952
    ));
#797 = CARTESIAN_POINT('',(4.392485080185,2.569501981106,-5.422232901451
    ));
#798 = CARTESIAN_POINT('',(4.461098701675,2.526736637666,-5.442111866715
    ));
#799 = CARTESIAN_POINT('',(4.61149744859,2.469823679005,-5.468176168065)
  );
#800 = CARTESIAN_POINT('',(4.693287120669,2.455721493101,-5.474434395289
    ));
#801 = CARTESIAN_POINT('',(4.77,2.455721493101,-5.474434395289));
#802 = ORIENTED_EDGE('',*,*,#720,.T.);
#803 = ORIENTED_EDGE('',*,*,#804,.F.);
#804 = EDGE_CURVE('',#661,#712,#805,.T.);
#805 = LINE('',#806,#807);
#806 = CARTESIAN_POINT('',(5.36756610513,4.608253175473,-7.73172863406)
  );
#807 = VECTOR('',#808,1.);
#808 = DIRECTION('',(2.143061119189E-16,0.5,-0.866025403784));
#809 = CYLINDRICAL_SURFACE('',#810,0.6105);
#810 = AXIS2_PLACEMENT_3D('',#811,#812,#813);
#811 = CARTESIAN_POINT('',(4.77,4.5,-7.79422863406));
#812 = DIRECTION('',(-2.143061119189E-16,-0.5,0.866025403784));
#813 = DIRECTION('',(1.,-4.286122238378E-16,4.437342591868E-31));
#814 = ADVANCED_FACE('',(#815),#869,.F.);
#815 = FACE_BOUND('',#816,.T.);
#816 = EDGE_LOOP('',(#817,#827,#836,#845,#853,#862));
#817 = ORIENTED_EDGE('',*,*,#818,.T.);
#818 = EDGE_CURVE('',#819,#821,#823,.T.);
#819 = VERTEX_POINT('',#820);
#820 = CARTESIAN_POINT('',(-6.600705700483,0.993645339851,3.3));
#821 = VERTEX_POINT('',#822);
#822 = CARTESIAN_POINT('',(-6.86401624493,5.010987926547,3.3));
#823 = LINE('',#824,#825);
#824 = CARTESIAN_POINT('',(-6.720642588111,2.823528633717,3.3));
#825 = VECTOR('',#826,1.);
#826 = DIRECTION('',(-6.540312923014E-02,0.997858923239,
    1.123815836209E-34));
#827 = ORIENTED_EDGE('',*,*,#828,.F.);
#828 = EDGE_CURVE('',#829,#821,#831,.T.);
#829 = VERTEX_POINT('',#830);
#830 = CARTESIAN_POINT('',(-6.928839574182,6.,9.188564877425E-15));
#831 = ELLIPSE('',#832,6.012874024844,6.);
#832 = AXIS2_PLACEMENT_3D('',#833,#834,#835);
#833 = CARTESIAN_POINT('',(-6.535578744099,2.465190328816E-29,
    1.123002366685E-32));
#834 = DIRECTION('',(0.997858923239,6.540312923014E-02,
    -1.714611630113E-33));
#835 = DIRECTION('',(-6.540312923014E-02,0.997858923239,
    1.123815836209E-34));
#836 = ORIENTED_EDGE('',*,*,#837,.F.);
#837 = EDGE_CURVE('',#838,#829,#840,.T.);
#838 = VERTEX_POINT('',#839);
#839 = CARTESIAN_POINT('',(-6.207141243268,-5.010987926547,3.3));
#840 = ELLIPSE('',#841,6.012874024844,6.);
#841 = AXIS2_PLACEMENT_3D('',#842,#843,#844);
#842 = CARTESIAN_POINT('',(-6.535578744099,2.465190328816E-29,
    1.123002366685E-32));
#843 = DIRECTION('',(0.997858923239,6.540312923014E-02,
    -1.714611630113E-33));
#844 = DIRECTION('',(-6.540312923014E-02,0.997858923239,
    1.123815836209E-34));
#845 = ORIENTED_EDGE('',*,*,#846,.T.);
#846 = EDGE_CURVE('',#838,#847,#849,.T.);
#847 = VERTEX_POINT('',#848);
#848 = CARTESIAN_POINT('',(-6.448160700358,-1.333741611847,3.3));
#849 = LINE('',#850,#851);
#850 = CARTESIAN_POINT('',(-6.720642588111,2.823528633717,3.3));
#851 = VECTOR('',#852,1.);
#852 = DIRECTION('',(-6.540312923014E-02,0.997858923239,
    1.123815836209E-34));
#853 = ORIENTED_EDGE('',*,*,#854,.F.);
#854 = EDGE_CURVE('',#855,#847,#857,.T.);
#855 = VERTEX_POINT('',#856);
#856 = CARTESIAN_POINT('',(-6.753344152726,3.322458095337,
    1.160420792634E-32));
#857 = CIRCLE('',#858,3.5);
#858 = AXIS2_PLACEMENT_3D('',#859,#860,#861);
#859 = CARTESIAN_POINT('',(-6.52443320042,-0.170048135998,
    1.121087238367E-32));
#860 = DIRECTION('',(-0.997858923239,-6.540312923014E-02,
    1.714611630113E-33));
#861 = DIRECTION('',(-6.540312923014E-02,0.997858923239,
    1.123815836209E-34));
#862 = ORIENTED_EDGE('',*,*,#863,.F.);
#863 = EDGE_CURVE('',#819,#855,#864,.T.);
#864 = CIRCLE('',#865,3.5);
#865 = AXIS2_PLACEMENT_3D('',#866,#867,#868);
#866 = CARTESIAN_POINT('',(-6.52443320042,-0.170048135998,
    1.121087238367E-32));
#867 = DIRECTION('',(-0.997858923239,-6.540312923014E-02,
    1.714611630113E-33));
#868 = DIRECTION('',(-6.540312923014E-02,0.997858923239,
    1.123815836209E-34));
#869 = PLANE('',#870);
#870 = AXIS2_PLACEMENT_3D('',#871,#872,#873);
#871 = CARTESIAN_POINT('',(-6.916851975801,5.817105403433,
    1.188516188539E-32));
#872 = DIRECTION('',(0.997858923239,6.540312923014E-02,
    -1.714611630113E-33));
#873 = DIRECTION('',(-1.710940514997E-33,-1.121409660238E-34,-1.));
#874 = ADVANCED_FACE('',(#875,#895),#906,.F.);
#875 = FACE_BOUND('',#876,.T.);
#876 = EDGE_LOOP('',(#877,#888));
#877 = ORIENTED_EDGE('',*,*,#878,.T.);
#878 = EDGE_CURVE('',#879,#881,#883,.T.);
#879 = VERTEX_POINT('',#880);
#880 = CARTESIAN_POINT('',(-7.02336266204,-0.202749700613,3.));
#881 = VERTEX_POINT('',#882);
#882 = CARTESIAN_POINT('',(-6.951419219887,-1.300394516176,
    2.791057147391));
#883 = CIRCLE('',#884,3.);
#884 = AXIS2_PLACEMENT_3D('',#885,#886,#887);
#885 = CARTESIAN_POINT('',(-7.02336266204,-0.202749700613,
    1.206817819873E-32));
#886 = DIRECTION('',(-0.997858923239,-6.540312923014E-02,
    1.714611630113E-33));
#887 = DIRECTION('',(-1.718290622233E-33,1.496748237652E-49,-1.));
#888 = ORIENTED_EDGE('',*,*,#889,.T.);
#889 = EDGE_CURVE('',#881,#879,#890,.T.);
#890 = CIRCLE('',#891,3.);
#891 = AXIS2_PLACEMENT_3D('',#892,#893,#894);
#892 = CARTESIAN_POINT('',(-7.02336266204,-0.202749700613,
    1.206817819873E-32));
#893 = DIRECTION('',(-0.997858923239,-6.540312923014E-02,
    1.714611630113E-33));
#894 = DIRECTION('',(-1.718290622233E-33,1.496748237652E-49,-1.));
#895 = FACE_BOUND('',#896,.T.);
#896 = EDGE_LOOP('',(#897));
#897 = ORIENTED_EDGE('',*,*,#898,.F.);
#898 = EDGE_CURVE('',#899,#899,#901,.T.);
#899 = VERTEX_POINT('',#900);
#900 = CARTESIAN_POINT('',(-7.02336266204,-0.202749700613,2.));
#901 = CIRCLE('',#902,2.);
#902 = AXIS2_PLACEMENT_3D('',#903,#904,#905);
#903 = CARTESIAN_POINT('',(-7.02336266204,-0.202749700613,
    1.206817819873E-32));
#904 = DIRECTION('',(-0.997858923239,-6.540312923014E-02,
    1.714611630113E-33));
#905 = DIRECTION('',(-1.718290622233E-33,1.496748237652E-49,-1.));
#906 = PLANE('',#907);
#907 = AXIS2_PLACEMENT_3D('',#908,#909,#910);
#908 = CARTESIAN_POINT('',(-7.02336266204,-0.202749700613,
    1.206817819873E-32));
#909 = DIRECTION('',(0.997858923239,6.540312923014E-02,
    -1.714611630113E-33));
#910 = DIRECTION('',(-1.710940514997E-33,-1.121409660238E-34,-1.));
#911 = ADVANCED_FACE('',(#912),#930,.T.);
#912 = FACE_BOUND('',#913,.T.);
#913 = EDGE_LOOP('',(#914,#923,#928,#929));
#914 = ORIENTED_EDGE('',*,*,#915,.T.);
#915 = EDGE_CURVE('',#916,#916,#918,.T.);
#916 = VERTEX_POINT('',#917);
#917 = CARTESIAN_POINT('',(-9.917153539432,-0.392418775381,2.));
#918 = CIRCLE('',#919,2.);
#919 = AXIS2_PLACEMENT_3D('',#920,#921,#922);
#920 = CARTESIAN_POINT('',(-9.917153539432,-0.392418775381,
    1.704055192605E-32));
#921 = DIRECTION('',(0.997858923239,6.540312923014E-02,
    -1.714611630113E-33));
#922 = DIRECTION('',(-1.718290622233E-33,1.496748237652E-49,-1.));
#923 = ORIENTED_EDGE('',*,*,#924,.T.);
#924 = EDGE_CURVE('',#916,#899,#925,.T.);
#925 = B_SPLINE_CURVE_WITH_KNOTS('',1,(#926,#927),.UNSPECIFIED.,.F.,.F.,
  (2,2),(1.1,4.),.PIECEWISE_BEZIER_KNOTS.);
#926 = CARTESIAN_POINT('',(-9.917153539432,-0.392418775381,2.));
#927 = CARTESIAN_POINT('',(-7.02336266204,-0.202749700613,2.));
#928 = ORIENTED_EDGE('',*,*,#898,.T.);
#929 = ORIENTED_EDGE('',*,*,#924,.F.);
#930 = CYLINDRICAL_SURFACE('',#931,2.);
#931 = AXIS2_PLACEMENT_3D('',#932,#933,#934);
#932 = CARTESIAN_POINT('',(-11.01479835499,-0.464362217534,
    1.892662471918E-32));
#933 = DIRECTION('',(0.997858923239,6.540312923014E-02,
    -1.714611630113E-33));
#934 = DIRECTION('',(-1.718290622233E-33,1.496748237652E-49,-1.));
#935 = ADVANCED_FACE('',(#936),#939,.F.);
#936 = FACE_BOUND('',#937,.T.);
#937 = EDGE_LOOP('',(#938));
#938 = ORIENTED_EDGE('',*,*,#915,.F.);
#939 = PLANE('',#940);
#940 = AXIS2_PLACEMENT_3D('',#941,#942,#943);
#941 = CARTESIAN_POINT('',(-9.917153539432,-0.392418775381,
    1.704055192605E-32));
#942 = DIRECTION('',(0.997858923239,6.540312923014E-02,
    -1.714611630113E-33));
#943 = DIRECTION('',(-1.710940514997E-33,-1.121409660238E-34,-1.));
#944 = ADVANCED_FACE('',(#945),#987,.T.);
#945 = FACE_BOUND('',#946,.T.);
#946 = EDGE_LOOP('',(#947,#955,#956,#963,#970,#971,#972,#980));
#947 = ORIENTED_EDGE('',*,*,#948,.T.);
#948 = EDGE_CURVE('',#949,#819,#951,.T.);
#949 = VERTEX_POINT('',#950);
#950 = CARTESIAN_POINT('',(-7.498778731398,0.934782523544,3.3));
#951 = LINE('',#952,#953);
#952 = CARTESIAN_POINT('',(-7.099635162102,0.960943775236,3.3));
#953 = VECTOR('',#954,1.);
#954 = DIRECTION('',(0.997858923239,6.540312923014E-02,
    -1.714611630113E-33));
#955 = ORIENTED_EDGE('',*,*,#863,.T.);
#956 = ORIENTED_EDGE('',*,*,#957,.T.);
#957 = EDGE_CURVE('',#855,#958,#960,.T.);
#958 = VERTEX_POINT('',#959);
#959 = CARTESIAN_POINT('',(-7.751203075965,3.257054966107,
    1.331881955645E-32));
#960 = B_SPLINE_CURVE_WITH_KNOTS('',1,(#961,#962),.UNSPECIFIED.,.F.,.F.,
  (2,2),(-0.5,0.5),.PIECEWISE_BEZIER_KNOTS.);
#961 = CARTESIAN_POINT('',(-6.753344152726,3.322458095337,
    1.160420792634E-32));
#962 = CARTESIAN_POINT('',(-7.751203075965,3.257054966107,
    1.331881955645E-32));
#963 = ORIENTED_EDGE('',*,*,#964,.F.);
#964 = EDGE_CURVE('',#958,#958,#965,.T.);
#965 = CIRCLE('',#966,3.5);
#966 = AXIS2_PLACEMENT_3D('',#967,#968,#969);
#967 = CARTESIAN_POINT('',(-7.522292123659,-0.235451265229,
    1.292548401378E-32));
#968 = DIRECTION('',(-0.997858923239,-6.540312923014E-02,
    1.714611630113E-33));
#969 = DIRECTION('',(-6.540312923014E-02,0.997858923239,
    1.123815836209E-34));
#970 = ORIENTED_EDGE('',*,*,#957,.F.);
#971 = ORIENTED_EDGE('',*,*,#854,.T.);
#972 = ORIENTED_EDGE('',*,*,#973,.T.);
#973 = EDGE_CURVE('',#847,#974,#976,.T.);
#974 = VERTEX_POINT('',#975);
#975 = CARTESIAN_POINT('',(-7.346233731272,-1.392604428155,3.3));
#976 = LINE('',#977,#978);
#977 = CARTESIAN_POINT('',(-6.947090161977,-1.366443176463,3.3));
#978 = VECTOR('',#979,1.);
#979 = DIRECTION('',(-0.997858923239,-6.540312923014E-02,
    1.714611630113E-33));
#980 = ORIENTED_EDGE('',*,*,#981,.T.);
#981 = EDGE_CURVE('',#974,#949,#982,.T.);
#982 = CIRCLE('',#983,3.5);
#983 = AXIS2_PLACEMENT_3D('',#984,#985,#986);
#984 = CARTESIAN_POINT('',(-7.422506231335,-0.228910952305,
    1.275402285077E-32));
#985 = DIRECTION('',(-0.997858923239,-6.540312923014E-02,
    1.714611630113E-33));
#986 = DIRECTION('',(-6.540312923014E-02,0.997858923239,
    1.123815836209E-34));
#987 = CYLINDRICAL_SURFACE('',#988,3.5);
#988 = AXIS2_PLACEMENT_3D('',#989,#990,#991);
#989 = CARTESIAN_POINT('',(-7.02336266204,-0.202749700613,
    1.206817819873E-32));
#990 = DIRECTION('',(-0.997858923239,-6.540312923014E-02,
    1.714611630113E-33));
#991 = DIRECTION('',(-6.540312923014E-02,0.997858923239,
    1.123815836209E-34));
#992 = ADVANCED_FACE('',(#993),#1067,.F.);
#993 = FACE_BOUND('',#994,.F.);
#994 = EDGE_LOOP('',(#995,#1006,#1014,#1029,#1038,#1053,#1058,#1059,
    #1060,#1061));
#995 = ORIENTED_EDGE('',*,*,#996,.T.);
#996 = EDGE_CURVE('',#997,#999,#1001,.T.);
#997 = VERTEX_POINT('',#998);
#998 = CARTESIAN_POINT('',(-10.94285491284,-1.562007033096,
    2.791057147391));
#999 = VERTEX_POINT('',#1000);
#1000 = CARTESIAN_POINT('',(-11.08674179714,0.633282598028,
    2.791057147391));
#1001 = CIRCLE('',#1002,3.);
#1002 = AXIS2_PLACEMENT_3D('',#1003,#1004,#1005);
#1003 = CARTESIAN_POINT('',(-11.01479835499,-0.464362217534,
    1.892662471918E-32));
#1004 = DIRECTION('',(0.997858923239,6.540312923014E-02,
    -1.714611630113E-33));
#1005 = DIRECTION('',(-1.718290622233E-33,1.496748237652E-49,-1.));
#1006 = ORIENTED_EDGE('',*,*,#1007,.F.);
#1007 = EDGE_CURVE('',#1008,#999,#1010,.T.);
#1008 = VERTEX_POINT('',#1009);
#1009 = CARTESIAN_POINT('',(-8.84155921986,0.780439638796,2.791057147391
    ));
#1010 = LINE('',#1011,#1012);
#1011 = CARTESIAN_POINT('',(-11.08674179714,0.633282598028,
    2.791057147391));
#1012 = VECTOR('',#1013,1.);
#1013 = DIRECTION('',(-0.997858923239,-6.540312923014E-02,
    1.714611630113E-33));
#1014 = ORIENTED_EDGE('',*,*,#1015,.F.);
#1015 = EDGE_CURVE('',#1016,#1008,#1018,.T.);
#1016 = VERTEX_POINT('',#1017);
#1017 = CARTESIAN_POINT('',(-7.778297167392,-0.152016155212,
    2.998332870113));
#1018 = B_SPLINE_CURVE_WITH_KNOTS('',3,(#1019,#1020,#1021,#1022,#1023,
    #1024,#1025,#1026,#1027,#1028),.UNSPECIFIED.,.F.,.F.,(4,2,2,2,4),(
    -0.152383548349,-0.114212519575,-7.604149080115E-02,
    -3.802074540058E-02,0.),.UNSPECIFIED.);
#1019 = CARTESIAN_POINT('',(-7.778297167392,-0.152016155212,
    2.998332870113));
#1020 = CARTESIAN_POINT('',(-7.786614225376,-2.51223716559E-02,
    2.994091644694));
#1021 = CARTESIAN_POINT('',(-7.821071002606,0.107564680408,2.98071386959
    ));
#1022 = CARTESIAN_POINT('',(-7.939686062984,0.346601963016,
    2.940370385592));
#1023 = CARTESIAN_POINT('',(-8.023788517876,0.453046542452,2.91380060246
    ));
#1024 = CARTESIAN_POINT('',(-8.211319118383,0.617097422831,
    2.864590296553));
#1025 = CARTESIAN_POINT('',(-8.327586987187,0.686175380245,
    2.838580756962));
#1026 = CARTESIAN_POINT('',(-8.579420915125,0.772021282336,
    2.801517041948));
#1027 = CARTESIAN_POINT('',(-8.715094752973,0.788728557879,
    2.791057147391));
#1028 = CARTESIAN_POINT('',(-8.84155921986,0.780439638796,2.791057147391
    ));
#1029 = ORIENTED_EDGE('',*,*,#1030,.F.);
#1030 = EDGE_CURVE('',#1031,#1016,#1033,.T.);
#1031 = VERTEX_POINT('',#1032);
#1032 = CARTESIAN_POINT('',(-7.765216541546,-0.35158793986,
    2.998332870113));
#1033 = CIRCLE('',#1034,3.);
#1034 = AXIS2_PLACEMENT_3D('',#1035,#1036,#1037);
#1035 = CARTESIAN_POINT('',(-7.771756854469,-0.251802047536,
    1.335413692131E-32));
#1036 = DIRECTION('',(-0.997858923239,-6.540312923014E-02,
    1.714611630113E-33));
#1037 = DIRECTION('',(-1.718290622233E-33,6.414635304221E-50,-1.));
#1038 = ORIENTED_EDGE('',*,*,#1039,.F.);
#1039 = EDGE_CURVE('',#1040,#1031,#1042,.T.);
#1040 = VERTEX_POINT('',#1041);
#1041 = CARTESIAN_POINT('',(-8.697672335554,-1.414849992329,
    2.791057147391));
#1042 = B_SPLINE_CURVE_WITH_KNOTS('',3,(#1043,#1044,#1045,#1046,#1047,
    #1048,#1049,#1050,#1051,#1052),.UNSPECIFIED.,.F.,.F.,(4,2,2,2,4),(
    0.303979356418,0.342000101819,0.380020847219,0.418191875993,
    0.456362904767),.UNSPECIFIED.);
#1043 = CARTESIAN_POINT('',(-8.697672335554,-1.414849992329,
    2.791057147391));
#1044 = CARTESIAN_POINT('',(-8.571207868667,-1.406561073246,
    2.791057147391));
#1045 = CARTESIAN_POINT('',(-8.438875476369,-1.372287741323,
    2.801517041948));
#1046 = CARTESIAN_POINT('',(-8.200401161312,-1.254305339139,
    2.838580756962));
#1047 = CARTESIAN_POINT('',(-8.094144462991,-1.170642351034,
    2.864590296553));
#1048 = CARTESIAN_POINT('',(-7.929631149514,-0.98351729347,2.91380060246
    ));
#1049 = CARTESIAN_POINT('',(-7.860142008419,-0.867005788974,
    2.940370385592));
#1050 = CARTESIAN_POINT('',(-7.773742342623,-0.614531131284,
    2.98071386959));
#1051 = CARTESIAN_POINT('',(-7.756899483562,-0.478481723416,
    2.994091644694));
#1052 = CARTESIAN_POINT('',(-7.765216541546,-0.35158793986,
    2.998332870113));
#1053 = ORIENTED_EDGE('',*,*,#1054,.T.);
#1054 = EDGE_CURVE('',#1040,#881,#1055,.T.);
#1055 = B_SPLINE_CURVE_WITH_KNOTS('',1,(#1056,#1057),.UNSPECIFIED.,.F.,
  .F.,(2,2),(2.25,4.),.PIECEWISE_BEZIER_KNOTS.);
#1056 = CARTESIAN_POINT('',(-8.697672335554,-1.414849992329,
    2.791057147391));
#1057 = CARTESIAN_POINT('',(-6.951419219887,-1.300394516176,
    2.791057147391));
#1058 = ORIENTED_EDGE('',*,*,#889,.T.);
#1059 = ORIENTED_EDGE('',*,*,#878,.T.);
#1060 = ORIENTED_EDGE('',*,*,#1054,.F.);
#1061 = ORIENTED_EDGE('',*,*,#1062,.F.);
#1062 = EDGE_CURVE('',#997,#1040,#1063,.T.);
#1063 = LINE('',#1064,#1065);
#1064 = CARTESIAN_POINT('',(-10.94285491284,-1.562007033096,
    2.791057147391));
#1065 = VECTOR('',#1066,1.);
#1066 = DIRECTION('',(0.997858923239,6.540312923014E-02,
    -1.714611630113E-33));
#1067 = CYLINDRICAL_SURFACE('',#1068,3.);
#1068 = AXIS2_PLACEMENT_3D('',#1069,#1070,#1071);
#1069 = CARTESIAN_POINT('',(-11.01479835499,-0.464362217534,
    1.892662471918E-32));
#1070 = DIRECTION('',(0.997858923239,6.540312923014E-02,
    -1.714611630113E-33));
#1071 = DIRECTION('',(-1.718290622233E-33,1.496748237652E-49,-1.));
#1072 = ADVANCED_FACE('',(#1073),#1099,.F.);
#1073 = FACE_BOUND('',#1074,.F.);
#1074 = EDGE_LOOP('',(#1075,#1083,#1084,#1092));
#1075 = ORIENTED_EDGE('',*,*,#1076,.T.);
#1076 = EDGE_CURVE('',#1077,#1040,#1079,.T.);
#1077 = VERTEX_POINT('',#1078);
#1078 = CARTESIAN_POINT('',(-8.697672335554,-1.414849992329,3.6));
#1079 = LINE('',#1080,#1081);
#1080 = CARTESIAN_POINT('',(-8.697672335554,-1.414849992329,10.));
#1081 = VECTOR('',#1082,1.);
#1082 = DIRECTION('',(-1.718290622233E-33,7.364805613938E-49,-1.));
#1083 = ORIENTED_EDGE('',*,*,#1039,.T.);
#1084 = ORIENTED_EDGE('',*,*,#1085,.F.);
#1085 = EDGE_CURVE('',#1086,#1031,#1088,.T.);
#1086 = VERTEX_POINT('',#1087);
#1087 = CARTESIAN_POINT('',(-7.765216541546,-0.35158793986,3.6));
#1088 = LINE('',#1089,#1090);
#1089 = CARTESIAN_POINT('',(-7.765216541546,-0.35158793986,10.));
#1090 = VECTOR('',#1091,1.);
#1091 = DIRECTION('',(-1.718290622233E-33,7.364805613938E-49,-1.));
#1092 = ORIENTED_EDGE('',*,*,#1093,.F.);
#1093 = EDGE_CURVE('',#1077,#1086,#1094,.T.);
#1094 = CIRCLE('',#1095,1.);
#1095 = AXIS2_PLACEMENT_3D('',#1096,#1097,#1098);
#1096 = CARTESIAN_POINT('',(-8.763075464784,-0.41699106909,3.6));
#1097 = DIRECTION('',(-1.928757842524E-17,2.942715809753E-16,1.));
#1098 = DIRECTION('',(-6.540312923014E-02,0.997858923239,
    -2.949029909161E-16));
#1099 = CYLINDRICAL_SURFACE('',#1100,1.);
#1100 = AXIS2_PLACEMENT_3D('',#1101,#1102,#1103);
#1101 = CARTESIAN_POINT('',(-8.763075464784,-0.41699106909,10.));
#1102 = DIRECTION('',(-1.718290622233E-33,7.364805613938E-49,-1.));
#1103 = DIRECTION('',(-6.540312923014E-02,0.997858923239,
    1.123815836209E-34));
#1104 = ADVANCED_FACE('',(#1105),#1123,.F.);
#1105 = FACE_BOUND('',#1106,.T.);
#1106 = EDGE_LOOP('',(#1107,#1115,#1116,#1117));
#1107 = ORIENTED_EDGE('',*,*,#1108,.T.);
#1108 = EDGE_CURVE('',#1109,#1077,#1111,.T.);
#1109 = VERTEX_POINT('',#1110);
#1110 = CARTESIAN_POINT('',(-10.94285491284,-1.562007033096,3.6));
#1111 = LINE('',#1112,#1113);
#1112 = CARTESIAN_POINT('',(-10.94285491284,-1.562007033096,3.6));
#1113 = VECTOR('',#1114,1.);
#1114 = DIRECTION('',(0.997858923239,6.540312923014E-02,
    -4.670192861941E-31));
#1115 = ORIENTED_EDGE('',*,*,#1076,.T.);
#1116 = ORIENTED_EDGE('',*,*,#1062,.F.);
#1117 = ORIENTED_EDGE('',*,*,#1118,.F.);
#1118 = EDGE_CURVE('',#1109,#997,#1119,.T.);
#1119 = LINE('',#1120,#1121);
#1120 = CARTESIAN_POINT('',(-10.94285491284,-1.562007033096,5.));
#1121 = VECTOR('',#1122,1.);
#1122 = DIRECTION('',(-1.718290622233E-33,7.364805613938E-49,-1.));
#1123 = PLANE('',#1124);
#1124 = AXIS2_PLACEMENT_3D('',#1125,#1126,#1127);
#1125 = CARTESIAN_POINT('',(-10.94285491284,-1.562007033096,10.));
#1126 = DIRECTION('',(6.540312923014E-02,-0.997858923239,
    -1.123815836209E-34));
#1127 = DIRECTION('',(-7.350107236644E-36,1.121409660238E-34,-1.));
#1128 = ADVANCED_FACE('',(#1129),#1147,.F.);
#1129 = FACE_BOUND('',#1130,.T.);
#1130 = EDGE_LOOP('',(#1131,#1139,#1145,#1146));
#1131 = ORIENTED_EDGE('',*,*,#1132,.T.);
#1132 = EDGE_CURVE('',#1086,#1133,#1135,.T.);
#1133 = VERTEX_POINT('',#1134);
#1134 = CARTESIAN_POINT('',(-7.778297167392,-0.152016155212,3.6));
#1135 = LINE('',#1136,#1137);
#1136 = CARTESIAN_POINT('',(-7.899292956467,1.694022852779,3.6));
#1137 = VECTOR('',#1138,1.);
#1138 = DIRECTION('',(-6.540312923014E-02,0.997858923239,
    -2.949029909161E-16));
#1139 = ORIENTED_EDGE('',*,*,#1140,.T.);
#1140 = EDGE_CURVE('',#1133,#1016,#1141,.T.);
#1141 = LINE('',#1142,#1143);
#1142 = CARTESIAN_POINT('',(-7.778297167392,-0.152016155212,10.));
#1143 = VECTOR('',#1144,1.);
#1144 = DIRECTION('',(-1.718290622233E-33,7.364805613938E-49,-1.));
#1145 = ORIENTED_EDGE('',*,*,#1030,.F.);
#1146 = ORIENTED_EDGE('',*,*,#1085,.F.);
#1147 = PLANE('',#1148);
#1148 = AXIS2_PLACEMENT_3D('',#1149,#1150,#1151);
#1149 = CARTESIAN_POINT('',(-7.765216541546,-0.35158793986,10.));
#1150 = DIRECTION('',(0.997858923239,6.540312923014E-02,
    -1.714611630113E-33));
#1151 = DIRECTION('',(-1.710940514997E-33,-1.121409660238E-34,-1.));
#1152 = ADVANCED_FACE('',(#1153),#1189,.T.);
#1153 = FACE_BOUND('',#1154,.T.);
#1154 = EDGE_LOOP('',(#1155,#1165,#1174,#1182));
#1155 = ORIENTED_EDGE('',*,*,#1156,.T.);
#1156 = EDGE_CURVE('',#1157,#1159,#1161,.T.);
#1157 = VERTEX_POINT('',#1158);
#1158 = CARTESIAN_POINT('',(-11.12883260735,1.275464264989,3.6));
#1159 = VERTEX_POINT('',#1160);
#1160 = CARTESIAN_POINT('',(-7.636326376021,1.504375217294,3.6));
#1161 = LINE('',#1162,#1163);
#1162 = CARTESIAN_POINT('',(-8.883650030069,1.422621305757,3.6));
#1163 = VECTOR('',#1164,1.);
#1164 = DIRECTION('',(0.997858923239,6.540312923014E-02,
    -1.714611630113E-33));
#1165 = ORIENTED_EDGE('',*,*,#1166,.T.);
#1166 = EDGE_CURVE('',#1159,#1167,#1169,.T.);
#1167 = VERTEX_POINT('',#1168);
#1168 = CARTESIAN_POINT('',(-7.408257871297,-1.975277747751,3.6));
#1169 = CIRCLE('',#1170,4.);
#1170 = AXIS2_PLACEMENT_3D('',#1171,#1172,#1173);
#1171 = CARTESIAN_POINT('',(-7.522292123659,-0.235451265229,
    1.292548401378E-32));
#1172 = DIRECTION('',(-0.997858923239,-6.540312923014E-02,
    1.714611630113E-33));
#1173 = DIRECTION('',(-6.540312923014E-02,0.997858923239,
    1.123815836209E-34));
#1174 = ORIENTED_EDGE('',*,*,#1175,.T.);
#1175 = EDGE_CURVE('',#1167,#1176,#1178,.T.);
#1176 = VERTEX_POINT('',#1177);
#1177 = CARTESIAN_POINT('',(-10.90076410263,-2.204188700057,3.6));
#1178 = LINE('',#1179,#1180);
#1179 = CARTESIAN_POINT('',(-8.655581525345,-2.057031659289,3.6));
#1180 = VECTOR('',#1181,1.);
#1181 = DIRECTION('',(-0.997858923239,-6.540312923014E-02,
    1.714611630113E-33));
#1182 = ORIENTED_EDGE('',*,*,#1183,.F.);
#1183 = EDGE_CURVE('',#1157,#1176,#1184,.T.);
#1184 = CIRCLE('',#1185,4.);
#1185 = AXIS2_PLACEMENT_3D('',#1186,#1187,#1188);
#1186 = CARTESIAN_POINT('',(-11.01479835499,-0.464362217534,
    1.892662471918E-32));
#1187 = DIRECTION('',(-0.997858923239,-6.540312923014E-02,
    1.714611630113E-33));
#1188 = DIRECTION('',(-6.540312923014E-02,0.997858923239,
    1.123815836209E-34));
#1189 = CYLINDRICAL_SURFACE('',#1190,4.);
#1190 = AXIS2_PLACEMENT_3D('',#1191,#1192,#1193);
#1191 = CARTESIAN_POINT('',(-8.769615777707,-0.317205176766,
    1.506874855142E-32));
#1192 = DIRECTION('',(-0.997858923239,-6.540312923014E-02,
    1.714611630113E-33));
#1193 = DIRECTION('',(-6.540312923014E-02,0.997858923239,
    1.123815836209E-34));
#1194 = ADVANCED_FACE('',(#1195,#1204),#1207,.F.);
#1195 = FACE_BOUND('',#1196,.T.);
#1196 = EDGE_LOOP('',(#1197,#1203));
#1197 = ORIENTED_EDGE('',*,*,#1198,.T.);
#1198 = EDGE_CURVE('',#1159,#1167,#1199,.T.);
#1199 = LINE('',#1200,#1201);
#1200 = CARTESIAN_POINT('',(-7.775729249426,3.631252062321,3.6));
#1201 = VECTOR('',#1202,1.);
#1202 = DIRECTION('',(6.540312923014E-02,-0.997858923239,
    2.949029909161E-16));
#1203 = ORIENTED_EDGE('',*,*,#1166,.F.);
#1204 = FACE_BOUND('',#1205,.T.);
#1205 = EDGE_LOOP('',(#1206));
#1206 = ORIENTED_EDGE('',*,*,#964,.T.);
#1207 = PLANE('',#1208);
#1208 = AXIS2_PLACEMENT_3D('',#1209,#1210,#1211);
#1209 = CARTESIAN_POINT('',(-7.767553858272,3.506519696916,
    1.334691495236E-32));
#1210 = DIRECTION('',(-0.997858923239,-6.540312923014E-02,
    1.714611630113E-33));
#1211 = DIRECTION('',(1.710940514997E-33,1.121409660238E-34,1.));
#1212 = ADVANCED_FACE('',(#1213),#1238,.F.);
#1213 = FACE_BOUND('',#1214,.T.);
#1214 = EDGE_LOOP('',(#1215,#1223,#1224,#1230,#1231,#1232));
#1215 = ORIENTED_EDGE('',*,*,#1216,.T.);
#1216 = EDGE_CURVE('',#1217,#1157,#1219,.T.);
#1217 = VERTEX_POINT('',#1218);
#1218 = CARTESIAN_POINT('',(-11.08674179714,0.633282598028,3.6));
#1219 = LINE('',#1220,#1221);
#1220 = CARTESIAN_POINT('',(-11.23144622056,2.841045465694,3.6));
#1221 = VECTOR('',#1222,1.);
#1222 = DIRECTION('',(-6.540312923014E-02,0.997858923239,
    -2.949029909161E-16));
#1223 = ORIENTED_EDGE('',*,*,#1183,.T.);
#1224 = ORIENTED_EDGE('',*,*,#1225,.T.);
#1225 = EDGE_CURVE('',#1176,#1109,#1226,.T.);
#1226 = LINE('',#1227,#1228);
#1227 = CARTESIAN_POINT('',(-11.23144622056,2.841045465694,3.6));
#1228 = VECTOR('',#1229,1.);
#1229 = DIRECTION('',(-6.540312923014E-02,0.997858923239,
    -2.949029909161E-16));
#1230 = ORIENTED_EDGE('',*,*,#1118,.T.);
#1231 = ORIENTED_EDGE('',*,*,#996,.T.);
#1232 = ORIENTED_EDGE('',*,*,#1233,.T.);
#1233 = EDGE_CURVE('',#999,#1217,#1234,.T.);
#1234 = LINE('',#1235,#1236);
#1235 = CARTESIAN_POINT('',(-11.08674179714,0.633282598028,5.));
#1236 = VECTOR('',#1237,1.);
#1237 = DIRECTION('',(1.718290622233E-33,-7.364805613938E-49,1.));
#1238 = PLANE('',#1239);
#1239 = AXIS2_PLACEMENT_3D('',#1240,#1241,#1242);
#1240 = CARTESIAN_POINT('',(-11.18648156922,2.155017455967,
    1.922162637618E-32));
#1241 = DIRECTION('',(0.997858923239,6.540312923014E-02,
    -1.714611630113E-33));
#1242 = DIRECTION('',(-1.710940514997E-33,-1.121409660238E-34,-1.));
#1243 = ADVANCED_FACE('',(#1244),#1262,.F.);
#1244 = FACE_BOUND('',#1245,.T.);
#1245 = EDGE_LOOP('',(#1246,#1254,#1255,#1256));
#1246 = ORIENTED_EDGE('',*,*,#1247,.T.);
#1247 = EDGE_CURVE('',#1248,#1217,#1250,.T.);
#1248 = VERTEX_POINT('',#1249);
#1249 = CARTESIAN_POINT('',(-8.84155921986,0.780439638796,3.6));
#1250 = LINE('',#1251,#1252);
#1251 = CARTESIAN_POINT('',(-9.964150508504,0.706861118412,3.6));
#1252 = VECTOR('',#1253,1.);
#1253 = DIRECTION('',(-0.997858923239,-6.540312923014E-02,
    5.563824356136E-31));
#1254 = ORIENTED_EDGE('',*,*,#1233,.F.);
#1255 = ORIENTED_EDGE('',*,*,#1007,.F.);
#1256 = ORIENTED_EDGE('',*,*,#1257,.F.);
#1257 = EDGE_CURVE('',#1248,#1008,#1258,.T.);
#1258 = LINE('',#1259,#1260);
#1259 = CARTESIAN_POINT('',(-8.84155921986,0.780439638796,10.));
#1260 = VECTOR('',#1261,1.);
#1261 = DIRECTION('',(-1.718290622233E-33,7.364805613938E-49,-1.));
#1262 = PLANE('',#1263);
#1263 = AXIS2_PLACEMENT_3D('',#1264,#1265,#1266);
#1264 = CARTESIAN_POINT('',(-8.84155921986,0.780439638796,10.));
#1265 = DIRECTION('',(-6.540312923014E-02,0.997858923239,
    1.123815836209E-34));
#1266 = DIRECTION('',(7.350107236644E-36,-1.121409660238E-34,1.));
#1267 = ADVANCED_FACE('',(#1268),#1280,.F.);
#1268 = FACE_BOUND('',#1269,.F.);
#1269 = EDGE_LOOP('',(#1270,#1271,#1272,#1273));
#1270 = ORIENTED_EDGE('',*,*,#1140,.T.);
#1271 = ORIENTED_EDGE('',*,*,#1015,.T.);
#1272 = ORIENTED_EDGE('',*,*,#1257,.F.);
#1273 = ORIENTED_EDGE('',*,*,#1274,.F.);
#1274 = EDGE_CURVE('',#1133,#1248,#1275,.T.);
#1275 = CIRCLE('',#1276,1.);
#1276 = AXIS2_PLACEMENT_3D('',#1277,#1278,#1279);
#1277 = CARTESIAN_POINT('',(-8.77615609063,-0.217419284442,3.6));
#1278 = DIRECTION('',(-1.928757842524E-17,2.942715809753E-16,1.));
#1279 = DIRECTION('',(-0.997858923239,-6.540312923014E-02,
    5.854827030937E-31));
#1280 = CYLINDRICAL_SURFACE('',#1281,1.);
#1281 = AXIS2_PLACEMENT_3D('',#1282,#1283,#1284);
#1282 = CARTESIAN_POINT('',(-8.77615609063,-0.217419284442,10.));
#1283 = DIRECTION('',(-1.718290622233E-33,7.364805613938E-49,-1.));
#1284 = DIRECTION('',(-0.997858923239,-6.540312923014E-02,
    1.714611630113E-33));
#1285 = ADVANCED_FACE('',(#1286),#1298,.F.);
#1286 = FACE_BOUND('',#1287,.T.);
#1287 = EDGE_LOOP('',(#1288,#1289,#1290,#1291,#1292,#1293,#1294,#1295,
    #1296,#1297));
#1288 = ORIENTED_EDGE('',*,*,#1247,.F.);
#1289 = ORIENTED_EDGE('',*,*,#1274,.F.);
#1290 = ORIENTED_EDGE('',*,*,#1132,.F.);
#1291 = ORIENTED_EDGE('',*,*,#1093,.F.);
#1292 = ORIENTED_EDGE('',*,*,#1108,.F.);
#1293 = ORIENTED_EDGE('',*,*,#1225,.F.);
#1294 = ORIENTED_EDGE('',*,*,#1175,.F.);
#1295 = ORIENTED_EDGE('',*,*,#1198,.F.);
#1296 = ORIENTED_EDGE('',*,*,#1156,.F.);
#1297 = ORIENTED_EDGE('',*,*,#1216,.F.);
#1298 = PLANE('',#1299);
#1299 = AXIS2_PLACEMENT_3D('',#1300,#1301,#1302);
#1300 = CARTESIAN_POINT('',(-11.27641087191,3.52707347542,3.6));
#1301 = DIRECTION('',(1.928757842524E-17,-2.942715809753E-16,-1.));
#1302 = DIRECTION('',(-1.,4.440892098501E-16,-1.928757842524E-17));
#1303 = ADVANCED_FACE('',(#1304,#1338,#1349),#1360,.T.);
#1304 = FACE_BOUND('',#1305,.T.);
#1305 = EDGE_LOOP('',(#1306,#1314,#1315,#1316,#1322,#1323,#1324,#1332));
#1306 = ORIENTED_EDGE('',*,*,#1307,.F.);
#1307 = EDGE_CURVE('',#821,#1308,#1310,.T.);
#1308 = VERTEX_POINT('',#1309);
#1309 = CARTESIAN_POINT('',(-4.759510336235,5.010987926547,3.3));
#1310 = LINE('',#1311,#1312);
#1311 = CARTESIAN_POINT('',(2.27,5.010987926547,3.3));
#1312 = VECTOR('',#1313,1.);
#1313 = DIRECTION('',(1.,1.883405411215E-29,-1.718290622233E-33));
#1314 = ORIENTED_EDGE('',*,*,#818,.F.);
#1315 = ORIENTED_EDGE('',*,*,#948,.F.);
#1316 = ORIENTED_EDGE('',*,*,#1317,.T.);
#1317 = EDGE_CURVE('',#949,#974,#1318,.T.);
#1318 = LINE('',#1319,#1320);
#1319 = CARTESIAN_POINT('',(-7.880328135946,6.756101510365,3.3));
#1320 = VECTOR('',#1321,1.);
#1321 = DIRECTION('',(6.540312923014E-02,-0.997858923239,
    -1.123815836209E-34));
#1322 = ORIENTED_EDGE('',*,*,#973,.F.);
#1323 = ORIENTED_EDGE('',*,*,#846,.F.);
#1324 = ORIENTED_EDGE('',*,*,#1325,.F.);
#1325 = EDGE_CURVE('',#1326,#838,#1328,.T.);
#1326 = VERTEX_POINT('',#1327);
#1327 = CARTESIAN_POINT('',(-4.102635334572,-5.010987926547,3.3));
#1328 = LINE('',#1329,#1330);
#1329 = CARTESIAN_POINT('',(2.27,-5.010987926547,3.3));
#1330 = VECTOR('',#1331,1.);
#1331 = DIRECTION('',(-1.,-1.883405411215E-29,1.718290622233E-33));
#1332 = ORIENTED_EDGE('',*,*,#1333,.T.);
#1333 = EDGE_CURVE('',#1326,#1308,#1334,.T.);
#1334 = LINE('',#1335,#1336);
#1335 = CARTESIAN_POINT('',(-3.971107557008,-7.017714027285,3.3));
#1336 = VECTOR('',#1337,1.);
#1337 = DIRECTION('',(-6.540312923014E-02,0.997858923239,
    1.123815836209E-34));
#1338 = FACE_BOUND('',#1339,.T.);
#1339 = EDGE_LOOP('',(#1340));
#1340 = ORIENTED_EDGE('',*,*,#1341,.T.);
#1341 = EDGE_CURVE('',#1342,#1342,#1344,.T.);
#1342 = VERTEX_POINT('',#1343);
#1343 = CARTESIAN_POINT('',(-5.066579630191,-2.279215840504,3.3));
#1344 = CIRCLE('',#1345,0.316786025882);
#1345 = AXIS2_PLACEMENT_3D('',#1346,#1347,#1348);
#1346 = CARTESIAN_POINT('',(-5.382687392875,-2.299934637893,3.3));
#1347 = DIRECTION('',(-1.718290622233E-33,7.269920011451E-49,-1.));
#1348 = DIRECTION('',(-0.997858923239,-6.540312923014E-02,
    1.714611630113E-33));
#1349 = FACE_BOUND('',#1350,.T.);
#1350 = EDGE_LOOP('',(#1351));
#1351 = ORIENTED_EDGE('',*,*,#1352,.T.);
#1352 = EDGE_CURVE('',#1353,#1353,#1355,.T.);
#1353 = VERTEX_POINT('',#1354);
#1354 = CARTESIAN_POINT('',(-5.216739081516,-8.433733514226E-02,3.3));
#1355 = CIRCLE('',#1356,0.6105);
#1356 = AXIS2_PLACEMENT_3D('',#1357,#1358,#1359);
#1357 = CARTESIAN_POINT('',(-5.825931954153,-0.124265945537,3.3));
#1358 = DIRECTION('',(-1.718290622233E-33,7.269920011451E-49,-1.));
#1359 = DIRECTION('',(0.997858923239,6.540312923014E-02,
    -1.714611630113E-33));
#1360 = PLANE('',#1361);
#1361 = AXIS2_PLACEMENT_3D('',#1362,#1363,#1364);
#1362 = CARTESIAN_POINT('',(-5.925717846477,-0.13080625846,3.3));
#1363 = DIRECTION('',(1.718290622233E-33,-7.364805613938E-49,1.));
#1364 = DIRECTION('',(1.,-4.274358644807E-16,-1.718290622233E-33));
#1365 = ADVANCED_FACE('',(#1366),#1370,.F.);
#1366 = FACE_BOUND('',#1367,.T.);
#1367 = EDGE_LOOP('',(#1368,#1369));
#1368 = ORIENTED_EDGE('',*,*,#981,.F.);
#1369 = ORIENTED_EDGE('',*,*,#1317,.F.);
#1370 = PLANE('',#1371);
#1371 = AXIS2_PLACEMENT_3D('',#1372,#1373,#1374);
#1372 = CARTESIAN_POINT('',(-7.880328135946,6.756101510365,10.));
#1373 = DIRECTION('',(-0.997858923239,-6.540312923014E-02,
    1.714611630113E-33));
#1374 = DIRECTION('',(1.710940514997E-33,1.121409660238E-34,1.));
#1375 = ADVANCED_FACE('',(#1376),#1386,.F.);
#1376 = FACE_BOUND('',#1377,.T.);
#1377 = EDGE_LOOP('',(#1378,#1385));
#1378 = ORIENTED_EDGE('',*,*,#1379,.F.);
#1379 = EDGE_CURVE('',#1308,#1326,#1380,.T.);
#1380 = ELLIPSE('',#1381,6.012874024844,6.);
#1381 = AXIS2_PLACEMENT_3D('',#1382,#1383,#1384);
#1382 = CARTESIAN_POINT('',(-4.431072835404,6.310887241768E-29,
    7.613870899506E-33));
#1383 = DIRECTION('',(0.997858923239,6.540312923014E-02,
    -1.714611630113E-33));
#1384 = DIRECTION('',(-6.540312923014E-02,0.997858923239,
    1.123815836209E-34));
#1385 = ORIENTED_EDGE('',*,*,#1333,.F.);
#1386 = PLANE('',#1387);
#1387 = AXIS2_PLACEMENT_3D('',#1388,#1389,#1390);
#1388 = CARTESIAN_POINT('',(-3.971107557008,-7.017714027285,10.));
#1389 = DIRECTION('',(0.997858923239,6.540312923014E-02,
    -1.714611630113E-33));
#1390 = DIRECTION('',(-1.710940514997E-33,-1.121409660238E-34,-1.));
#1391 = ADVANCED_FACE('',(#1392),#1478,.F.);
#1392 = FACE_BOUND('',#1393,.F.);
#1393 = EDGE_LOOP('',(#1394,#1405,#1413,#1422,#1427,#1428,#1429,#1438,
    #1446,#1455,#1463,#1472));
#1394 = ORIENTED_EDGE('',*,*,#1395,.F.);
#1395 = EDGE_CURVE('',#1396,#1398,#1400,.T.);
#1396 = VERTEX_POINT('',#1397);
#1397 = CARTESIAN_POINT('',(-5.228365849024,-0.249265945537,2.6895));
#1398 = VERTEX_POINT('',#1399);
#1399 = CARTESIAN_POINT('',(-6.423498059283,-0.249265945537,2.6895));
#1400 = CIRCLE('',#1401,0.6105);
#1401 = AXIS2_PLACEMENT_3D('',#1402,#1403,#1404);
#1402 = CARTESIAN_POINT('',(-5.825931954153,-0.124265945537,2.6895));
#1403 = DIRECTION('',(-1.718290622233E-33,7.269920011451E-49,-1.));
#1404 = DIRECTION('',(0.997858923239,6.540312923014E-02,
    -1.714611630113E-33));
#1405 = ORIENTED_EDGE('',*,*,#1406,.F.);
#1406 = EDGE_CURVE('',#1407,#1396,#1409,.T.);
#1407 = VERTEX_POINT('',#1408);
#1408 = CARTESIAN_POINT('',(-5.228365849024,-0.249265945537,2.35));
#1409 = LINE('',#1410,#1411);
#1410 = CARTESIAN_POINT('',(-5.228365849024,-0.249265945537,1.8));
#1411 = VECTOR('',#1412,1.);
#1412 = DIRECTION('',(1.718290622233E-33,-7.364805613938E-49,1.));
#1413 = ORIENTED_EDGE('',*,*,#1414,.F.);
#1414 = EDGE_CURVE('',#1415,#1407,#1417,.T.);
#1415 = VERTEX_POINT('',#1416);
#1416 = CARTESIAN_POINT('',(-5.216739081516,-8.433733514226E-02,2.35));
#1417 = CIRCLE('',#1418,0.6105);
#1418 = AXIS2_PLACEMENT_3D('',#1419,#1420,#1421);
#1419 = CARTESIAN_POINT('',(-5.825931954153,-0.124265945537,2.35));
#1420 = DIRECTION('',(-8.799312079343E-28,0.,-1.));
#1421 = DIRECTION('',(0.997858923239,6.540312923014E-02,
    -8.780472076733E-28));
#1422 = ORIENTED_EDGE('',*,*,#1423,.T.);
#1423 = EDGE_CURVE('',#1415,#1353,#1424,.T.);
#1424 = B_SPLINE_CURVE_WITH_KNOTS('',1,(#1425,#1426),.UNSPECIFIED.,.F.,
  .F.,(2,2),(0.55,1.5),.PIECEWISE_BEZIER_KNOTS.);
#1425 = CARTESIAN_POINT('',(-5.216739081516,-8.433733514226E-02,2.35));
#1426 = CARTESIAN_POINT('',(-5.216739081516,-8.433733514226E-02,3.3));
#1427 = ORIENTED_EDGE('',*,*,#1352,.T.);
#1428 = ORIENTED_EDGE('',*,*,#1423,.F.);
#1429 = ORIENTED_EDGE('',*,*,#1430,.F.);
#1430 = EDGE_CURVE('',#1431,#1415,#1433,.T.);
#1431 = VERTEX_POINT('',#1432);
#1432 = CARTESIAN_POINT('',(-5.228365849024,7.340544627408E-04,2.35));
#1433 = CIRCLE('',#1434,0.6105);
#1434 = AXIS2_PLACEMENT_3D('',#1435,#1436,#1437);
#1435 = CARTESIAN_POINT('',(-5.825931954153,-0.124265945537,2.35));
#1436 = DIRECTION('',(-8.799312079343E-28,0.,-1.));
#1437 = DIRECTION('',(0.997858923239,6.540312923014E-02,
    -8.780472076733E-28));
#1438 = ORIENTED_EDGE('',*,*,#1439,.F.);
#1439 = EDGE_CURVE('',#1440,#1431,#1442,.T.);
#1440 = VERTEX_POINT('',#1441);
#1441 = CARTESIAN_POINT('',(-5.228365849024,7.340544627408E-04,2.6895));
#1442 = LINE('',#1443,#1444);
#1443 = CARTESIAN_POINT('',(-5.228365849024,7.340544627407E-04,1.8));
#1444 = VECTOR('',#1445,1.);
#1445 = DIRECTION('',(-1.718290622233E-33,7.364805613938E-49,-1.));
#1446 = ORIENTED_EDGE('',*,*,#1447,.F.);
#1447 = EDGE_CURVE('',#1448,#1440,#1450,.T.);
#1448 = VERTEX_POINT('',#1449);
#1449 = CARTESIAN_POINT('',(-6.423498059283,7.340544627413E-04,2.6895));
#1450 = CIRCLE('',#1451,0.6105);
#1451 = AXIS2_PLACEMENT_3D('',#1452,#1453,#1454);
#1452 = CARTESIAN_POINT('',(-5.825931954153,-0.124265945537,2.6895));
#1453 = DIRECTION('',(-1.718290622233E-33,7.269920011451E-49,-1.));
#1454 = DIRECTION('',(0.997858923239,6.540312923014E-02,
    -1.714611630113E-33));
#1455 = ORIENTED_EDGE('',*,*,#1456,.F.);
#1456 = EDGE_CURVE('',#1457,#1448,#1459,.T.);
#1457 = VERTEX_POINT('',#1458);
#1458 = CARTESIAN_POINT('',(-6.423498059283,7.340544627413E-04,2.35));
#1459 = LINE('',#1460,#1461);
#1460 = CARTESIAN_POINT('',(-6.423498059283,7.340544627412E-04,1.8));
#1461 = VECTOR('',#1462,1.);
#1462 = DIRECTION('',(1.718290622233E-33,-7.364805613938E-49,1.));
#1463 = ORIENTED_EDGE('',*,*,#1464,.F.);
#1464 = EDGE_CURVE('',#1465,#1457,#1467,.T.);
#1465 = VERTEX_POINT('',#1466);
#1466 = CARTESIAN_POINT('',(-6.423498059283,-0.249265945537,2.35));
#1467 = CIRCLE('',#1468,0.6105);
#1468 = AXIS2_PLACEMENT_3D('',#1469,#1470,#1471);
#1469 = CARTESIAN_POINT('',(-5.825931954153,-0.124265945537,2.35));
#1470 = DIRECTION('',(-8.799312079343E-28,0.,-1.));
#1471 = DIRECTION('',(0.997858923239,6.540312923014E-02,
    -8.780472076733E-28));
#1472 = ORIENTED_EDGE('',*,*,#1473,.F.);
#1473 = EDGE_CURVE('',#1398,#1465,#1474,.T.);
#1474 = LINE('',#1475,#1476);
#1475 = CARTESIAN_POINT('',(-6.423498059283,-0.249265945537,1.8));
#1476 = VECTOR('',#1477,1.);
#1477 = DIRECTION('',(-1.718290622233E-33,7.364805613938E-49,-1.));
#1478 = CYLINDRICAL_SURFACE('',#1479,0.6105);
#1479 = AXIS2_PLACEMENT_3D('',#1480,#1481,#1482);
#1480 = CARTESIAN_POINT('',(-5.825931954153,-0.124265945537,1.8));
#1481 = DIRECTION('',(1.718290622233E-33,-7.364805613938E-49,1.));
#1482 = DIRECTION('',(0.997858923239,6.540312923014E-02,
    -1.714611630113E-33));
#1483 = ADVANCED_FACE('',(#1484,#1633,#1713,#1793,#1873,#1877),#1881,.T.
  );
#1484 = FACE_BOUND('',#1485,.T.);
#1485 = EDGE_LOOP('',(#1486,#1495,#1502,#1541,#1548,#1555,#1556,#1595,
    #1632));
#1486 = ORIENTED_EDGE('',*,*,#1487,.T.);
#1487 = EDGE_CURVE('',#1488,#1488,#1490,.T.);
#1488 = VERTEX_POINT('',#1489);
#1489 = CARTESIAN_POINT('',(3.385470053838,6.,-5.817221445361E-33));
#1490 = CIRCLE('',#1491,6.);
#1491 = AXIS2_PLACEMENT_3D('',#1492,#1493,#1494);
#1492 = CARTESIAN_POINT('',(3.385470053838,2.100342160151E-28,
    -5.817221445361E-33));
#1493 = DIRECTION('',(1.,1.883405411215E-29,-1.718290622233E-33));
#1494 = DIRECTION('',(-1.883405411215E-29,1.,7.364805613939E-49));
#1495 = ORIENTED_EDGE('',*,*,#1496,.T.);
#1496 = EDGE_CURVE('',#1488,#1497,#1499,.T.);
#1497 = VERTEX_POINT('',#1498);
#1498 = CARTESIAN_POINT('',(6.769999564394,6.,-1.821459649776E-17));
#1499 = B_SPLINE_CURVE_WITH_KNOTS('',1,(#1500,#1501),.UNSPECIFIED.,.F.,
  .F.,(2,2),(1.115470053838,4.499999564394),.PIECEWISE_BEZIER_KNOTS.);
#1500 = CARTESIAN_POINT('',(3.385470053838,6.,-5.817221445361E-33));
#1501 = CARTESIAN_POINT('',(6.769999564394,6.,-1.163282676402E-32));
#1502 = ORIENTED_EDGE('',*,*,#1503,.T.);
#1503 = EDGE_CURVE('',#1497,#1504,#1506,.T.);
#1504 = VERTEX_POINT('',#1505);
#1505 = CARTESIAN_POINT('',(10.770000435606,6.,3.044439700339E-16));
#1506 = B_SPLINE_CURVE_WITH_KNOTS('',3,(#1507,#1508,#1509,#1510,#1511,
    #1512,#1513,#1514,#1515,#1516,#1517,#1518,#1519,#1520,#1521,#1522,
    #1523,#1524,#1525,#1526,#1527,#1528,#1529,#1530,#1531,#1532,#1533,
    #1534,#1535,#1536,#1537,#1538,#1539,#1540),.UNSPECIFIED.,.T.,.F.,(1,
    3,2,2,2,2,2,2,2,2,2,2,2,2,2,2,2,3,1),(-7.598763624474E-02,0.,
    7.598763624474E-02,0.151975272489,0.22792766561,0.30388005873,
    0.379832451851,0.455784844971,0.531772481216,0.607760117461,
    0.683747753705,0.75973538995,0.83568778307,0.911640176191,
    0.987592569311,1.063544962432,1.139532598676,1.215520234921,
    1.291507871166),.UNSPECIFIED.);
#1507 = CARTESIAN_POINT('',(8.77,5.656854249492,2.));
#1508 = CARTESIAN_POINT('',(8.516707879184,5.656854249492,2.));
#1509 = CARTESIAN_POINT('',(8.247996053073,5.675653565742,1.948980678538
    ));
#1510 = CARTESIAN_POINT('',(7.755893640085,5.741860825525,1.744305815253
    ));
#1511 = CARTESIAN_POINT('',(7.532313835253,5.788137712126,1.590740959999
    ));
#1512 = CARTESIAN_POINT('',(7.179340913544,5.873746220314,1.23776803829)
  );
#1513 = CARTESIAN_POINT('',(7.025713027767,5.918873910607,1.014155623915
    ));
#1514 = CARTESIAN_POINT('',(6.820991158394,5.982404758869,0.521932274442
    ));
#1515 = CARTESIAN_POINT('',(6.77,6.,0.253174643735));
#1516 = CARTESIAN_POINT('',(6.77,6.,-0.253174643735));
#1517 = CARTESIAN_POINT('',(6.820991158394,5.982404758869,
    -0.521932274442));
#1518 = CARTESIAN_POINT('',(7.025713027767,5.918873910607,
    -1.014155623915));
#1519 = CARTESIAN_POINT('',(7.179340913544,5.873746220314,-1.23776803829
    ));
#1520 = CARTESIAN_POINT('',(7.532313835253,5.788137712126,
    -1.590740959999));
#1521 = CARTESIAN_POINT('',(7.755893640085,5.741860825525,
    -1.744305815253));
#1522 = CARTESIAN_POINT('',(8.247996053073,5.675653565742,
    -1.948980678538));
#1523 = CARTESIAN_POINT('',(8.516707879184,5.656854249492,-2.));
#1524 = CARTESIAN_POINT('',(9.023292120816,5.656854249492,-2.));
#1525 = CARTESIAN_POINT('',(9.292003946927,5.675653565742,
    -1.948980678538));
#1526 = CARTESIAN_POINT('',(9.784106359915,5.741860825525,
    -1.744305815253));
#1527 = CARTESIAN_POINT('',(10.007686164747,5.788137712126,
    -1.590740959999));
#1528 = CARTESIAN_POINT('',(10.360659086456,5.873746220314,
    -1.23776803829));
#1529 = CARTESIAN_POINT('',(10.514286972233,5.918873910607,
    -1.014155623915));
#1530 = CARTESIAN_POINT('',(10.719008841606,5.982404758869,
    -0.521932274442));
#1531 = CARTESIAN_POINT('',(10.77,6.,-0.253174643735));
#1532 = CARTESIAN_POINT('',(10.77,6.,0.253174643735));
#1533 = CARTESIAN_POINT('',(10.719008841606,5.982404758869,
    0.521932274442));
#1534 = CARTESIAN_POINT('',(10.514286972233,5.918873910607,
    1.014155623915));
#1535 = CARTESIAN_POINT('',(10.360659086456,5.873746220314,1.23776803829
    ));
#1536 = CARTESIAN_POINT('',(10.007686164747,5.788137712126,
    1.590740959999));
#1537 = CARTESIAN_POINT('',(9.784106359915,5.741860825525,1.744305815253
    ));
#1538 = CARTESIAN_POINT('',(9.292003946927,5.675653565742,1.948980678538
    ));
#1539 = CARTESIAN_POINT('',(9.023292120816,5.656854249492,2.));
#1540 = CARTESIAN_POINT('',(8.77,5.656854249492,2.));
#1541 = ORIENTED_EDGE('',*,*,#1542,.T.);
#1542 = EDGE_CURVE('',#1504,#1543,#1545,.T.);
#1543 = VERTEX_POINT('',#1544);
#1544 = CARTESIAN_POINT('',(16.47,6.,7.347880794884E-16));
#1545 = B_SPLINE_CURVE_WITH_KNOTS('',1,(#1546,#1547),.UNSPECIFIED.,.F.,
  .F.,(2,2),(8.500000435606,14.2),.PIECEWISE_BEZIER_KNOTS.);
#1546 = CARTESIAN_POINT('',(10.770000435606,6.,-1.850599074995E-32));
#1547 = CARTESIAN_POINT('',(16.47,6.,-2.830024654818E-32));
#1548 = ORIENTED_EDGE('',*,*,#1549,.F.);
#1549 = EDGE_CURVE('',#1543,#1543,#1550,.T.);
#1550 = CIRCLE('',#1551,6.);
#1551 = AXIS2_PLACEMENT_3D('',#1552,#1553,#1554);
#1552 = CARTESIAN_POINT('',(16.47,4.565532488967E-28,-2.830024654818E-32
    ));
#1553 = DIRECTION('',(1.,1.883405411215E-29,-1.718290622233E-33));
#1554 = DIRECTION('',(1.883405411215E-29,-1.,-7.364805613939E-49));
#1555 = ORIENTED_EDGE('',*,*,#1542,.F.);
#1556 = ORIENTED_EDGE('',*,*,#1557,.T.);
#1557 = EDGE_CURVE('',#1504,#1558,#1560,.T.);
#1558 = VERTEX_POINT('',#1559);
#1559 = CARTESIAN_POINT('',(8.77,5.656854249492,2.));
#1560 = B_SPLINE_CURVE_WITH_KNOTS('',3,(#1561,#1562,#1563,#1564,#1565,
    #1566,#1567,#1568,#1569,#1570,#1571,#1572,#1573,#1574,#1575,#1576,
    #1577,#1578,#1579,#1580,#1581,#1582,#1583,#1584,#1585,#1586,#1587,
    #1588,#1589,#1590,#1591,#1592,#1593,#1594),.UNSPECIFIED.,.T.,.F.,(1,
    3,2,2,2,2,2,2,2,2,2,2,2,2,2,2,2,3,1),(-7.598763624474E-02,0.,
    7.598763624474E-02,0.151975272489,0.22792766561,0.30388005873,
    0.379832451851,0.455784844971,0.531772481216,0.607760117461,
    0.683747753705,0.75973538995,0.83568778307,0.911640176191,
    0.987592569311,1.063544962432,1.139532598676,1.215520234921,
    1.291507871166),.UNSPECIFIED.);
#1561 = CARTESIAN_POINT('',(8.77,5.656854249492,2.));
#1562 = CARTESIAN_POINT('',(8.516707879184,5.656854249492,2.));
#1563 = CARTESIAN_POINT('',(8.247996053073,5.675653565742,1.948980678538
    ));
#1564 = CARTESIAN_POINT('',(7.755893640085,5.741860825525,1.744305815253
    ));
#1565 = CARTESIAN_POINT('',(7.532313835253,5.788137712126,1.590740959999
    ));
#1566 = CARTESIAN_POINT('',(7.179340913544,5.873746220314,1.23776803829)
  );
#1567 = CARTESIAN_POINT('',(7.025713027767,5.918873910607,1.014155623915
    ));
#1568 = CARTESIAN_POINT('',(6.820991158394,5.982404758869,0.521932274442
    ));
#1569 = CARTESIAN_POINT('',(6.77,6.,0.253174643735));
#1570 = CARTESIAN_POINT('',(6.77,6.,-0.253174643735));
#1571 = CARTESIAN_POINT('',(6.820991158394,5.982404758869,
    -0.521932274442));
#1572 = CARTESIAN_POINT('',(7.025713027767,5.918873910607,
    -1.014155623915));
#1573 = CARTESIAN_POINT('',(7.179340913544,5.873746220314,-1.23776803829
    ));
#1574 = CARTESIAN_POINT('',(7.532313835253,5.788137712126,
    -1.590740959999));
#1575 = CARTESIAN_POINT('',(7.755893640085,5.741860825525,
    -1.744305815253));
#1576 = CARTESIAN_POINT('',(8.247996053073,5.675653565742,
    -1.948980678538));
#1577 = CARTESIAN_POINT('',(8.516707879184,5.656854249492,-2.));
#1578 = CARTESIAN_POINT('',(9.023292120816,5.656854249492,-2.));
#1579 = CARTESIAN_POINT('',(9.292003946927,5.675653565742,
    -1.948980678538));
#1580 = CARTESIAN_POINT('',(9.784106359915,5.741860825525,
    -1.744305815253));
#1581 = CARTESIAN_POINT('',(10.007686164747,5.788137712126,
    -1.590740959999));
#1582 = CARTESIAN_POINT('',(10.360659086456,5.873746220314,
    -1.23776803829));
#1583 = CARTESIAN_POINT('',(10.514286972233,5.918873910607,
    -1.014155623915));
#1584 = CARTESIAN_POINT('',(10.719008841606,5.982404758869,
    -0.521932274442));
#1585 = CARTESIAN_POINT('',(10.77,6.,-0.253174643735));
#1586 = CARTESIAN_POINT('',(10.77,6.,0.253174643735));
#1587 = CARTESIAN_POINT('',(10.719008841606,5.982404758869,
    0.521932274442));
#1588 = CARTESIAN_POINT('',(10.514286972233,5.918873910607,
    1.014155623915));
#1589 = CARTESIAN_POINT('',(10.360659086456,5.873746220314,1.23776803829
    ));
#1590 = CARTESIAN_POINT('',(10.007686164747,5.788137712126,
    1.590740959999));
#1591 = CARTESIAN_POINT('',(9.784106359915,5.741860825525,1.744305815253
    ));
#1592 = CARTESIAN_POINT('',(9.292003946927,5.675653565742,1.948980678538
    ));
#1593 = CARTESIAN_POINT('',(9.023292120816,5.656854249492,2.));
#1594 = CARTESIAN_POINT('',(8.77,5.656854249492,2.));
#1595 = ORIENTED_EDGE('',*,*,#1596,.T.);
#1596 = EDGE_CURVE('',#1558,#1497,#1597,.T.);
#1597 = B_SPLINE_CURVE_WITH_KNOTS('',3,(#1598,#1599,#1600,#1601,#1602,
    #1603,#1604,#1605,#1606,#1607,#1608,#1609,#1610,#1611,#1612,#1613,
    #1614,#1615,#1616,#1617,#1618,#1619,#1620,#1621,#1622,#1623,#1624,
    #1625,#1626,#1627,#1628,#1629,#1630,#1631),.UNSPECIFIED.,.T.,.F.,(1,
    3,2,2,2,2,2,2,2,2,2,2,2,2,2,2,2,3,1),(-7.598763624474E-02,0.,
    7.598763624474E-02,0.151975272489,0.22792766561,0.30388005873,
    0.379832451851,0.455784844971,0.531772481216,0.607760117461,
    0.683747753705,0.75973538995,0.83568778307,0.911640176191,
    0.987592569311,1.063544962432,1.139532598676,1.215520234921,
    1.291507871166),.UNSPECIFIED.);
#1598 = CARTESIAN_POINT('',(8.77,5.656854249492,2.));
#1599 = CARTESIAN_POINT('',(8.516707879184,5.656854249492,2.));
#1600 = CARTESIAN_POINT('',(8.247996053073,5.675653565742,1.948980678538
    ));
#1601 = CARTESIAN_POINT('',(7.755893640085,5.741860825525,1.744305815253
    ));
#1602 = CARTESIAN_POINT('',(7.532313835253,5.788137712126,1.590740959999
    ));
#1603 = CARTESIAN_POINT('',(7.179340913544,5.873746220314,1.23776803829)
  );
#1604 = CARTESIAN_POINT('',(7.025713027767,5.918873910607,1.014155623915
    ));
#1605 = CARTESIAN_POINT('',(6.820991158394,5.982404758869,0.521932274442
    ));
#1606 = CARTESIAN_POINT('',(6.77,6.,0.253174643735));
#1607 = CARTESIAN_POINT('',(6.77,6.,-0.253174643735));
#1608 = CARTESIAN_POINT('',(6.820991158394,5.982404758869,
    -0.521932274442));
#1609 = CARTESIAN_POINT('',(7.025713027767,5.918873910607,
    -1.014155623915));
#1610 = CARTESIAN_POINT('',(7.179340913544,5.873746220314,-1.23776803829
    ));
#1611 = CARTESIAN_POINT('',(7.532313835253,5.788137712126,
    -1.590740959999));
#1612 = CARTESIAN_POINT('',(7.755893640085,5.741860825525,
    -1.744305815253));
#1613 = CARTESIAN_POINT('',(8.247996053073,5.675653565742,
    -1.948980678538));
#1614 = CARTESIAN_POINT('',(8.516707879184,5.656854249492,-2.));
#1615 = CARTESIAN_POINT('',(9.023292120816,5.656854249492,-2.));
#1616 = CARTESIAN_POINT('',(9.292003946927,5.675653565742,
    -1.948980678538));
#1617 = CARTESIAN_POINT('',(9.784106359915,5.741860825525,
    -1.744305815253));
#1618 = CARTESIAN_POINT('',(10.007686164747,5.788137712126,
    -1.590740959999));
#1619 = CARTESIAN_POINT('',(10.360659086456,5.873746220314,
    -1.23776803829));
#1620 = CARTESIAN_POINT('',(10.514286972233,5.918873910607,
    -1.014155623915));
#1621 = CARTESIAN_POINT('',(10.719008841606,5.982404758869,
    -0.521932274442));
#1622 = CARTESIAN_POINT('',(10.77,6.,-0.253174643735));
#1623 = CARTESIAN_POINT('',(10.77,6.,0.253174643735));
#1624 = CARTESIAN_POINT('',(10.719008841606,5.982404758869,
    0.521932274442));
#1625 = CARTESIAN_POINT('',(10.514286972233,5.918873910607,
    1.014155623915));
#1626 = CARTESIAN_POINT('',(10.360659086456,5.873746220314,1.23776803829
    ));
#1627 = CARTESIAN_POINT('',(10.007686164747,5.788137712126,
    1.590740959999));
#1628 = CARTESIAN_POINT('',(9.784106359915,5.741860825525,1.744305815253
    ));
#1629 = CARTESIAN_POINT('',(9.292003946927,5.675653565742,1.948980678538
    ));
#1630 = CARTESIAN_POINT('',(9.023292120816,5.656854249492,2.));
#1631 = CARTESIAN_POINT('',(8.77,5.656854249492,2.));
#1632 = ORIENTED_EDGE('',*,*,#1496,.F.);
#1633 = FACE_BOUND('',#1634,.T.);
#1634 = EDGE_LOOP('',(#1635,#1676));
#1635 = ORIENTED_EDGE('',*,*,#1636,.T.);
#1636 = EDGE_CURVE('',#1637,#1639,#1641,.T.);
#1637 = VERTEX_POINT('',#1638);
#1638 = CARTESIAN_POINT('',(15.07,3.513138511121,4.863934395289));
#1639 = VERTEX_POINT('',#1640);
#1640 = CARTESIAN_POINT('',(14.47243389487,3.107588323261,5.132500864895
    ));
#1641 = B_SPLINE_CURVE_WITH_KNOTS('',3,(#1642,#1643,#1644,#1645,#1646,
    #1647,#1648,#1649,#1650,#1651,#1652,#1653,#1654,#1655,#1656,#1657,
    #1658,#1659,#1660,#1661,#1662,#1663,#1664,#1665,#1666,#1667,#1668,
    #1669,#1670,#1671,#1672,#1673,#1674,#1675),.UNSPECIFIED.,.T.,.F.,(1,
    3,2,2,2,2,2,2,2,2,2,2,2,2,2,2,2,3,1),(-2.301386379928E-02,0.,
    2.301386379928E-02,4.602772759855E-02,6.904150740737E-02,
    9.205528721619E-02,0.115069067025,0.138082846834,0.161096710633,
    0.184110574432,0.207124438232,0.230138302031,0.25315208184,
    0.276165861649,0.299179641457,0.322193421266,0.345207285066,
    0.368221148865,0.391235012664),.UNSPECIFIED.);
#1642 = CARTESIAN_POINT('',(15.07,3.513138511121,4.863934395289));
#1643 = CARTESIAN_POINT('',(15.146712879331,3.513138511121,
    4.863934395289));
#1644 = CARTESIAN_POINT('',(15.22850255141,3.50066763441,4.873018132919)
  );
#1645 = CARTESIAN_POINT('',(15.378901298325,3.449638807979,4.90927405025
    ));
#1646 = CARTESIAN_POINT('',(15.447514919815,3.41104044734,4.936370441438
    ));
#1647 = CARTESIAN_POINT('',(15.555862262303,3.321116717443,
    4.997312657427));
#1648 = CARTESIAN_POINT('',(15.602837773094,3.263774278787,
    5.035220056475));
#1649 = CARTESIAN_POINT('',(15.66515810679,3.136456161109,5.115496682565
    ));
#1650 = CARTESIAN_POINT('',(15.6805,3.066435059839,5.157796123025));
#1651 = CARTESIAN_POINT('',(15.6805,2.933564940162,5.234508722388));
#1652 = CARTESIAN_POINT('',(15.66515810679,2.861921999522,5.273999054659
    ));
#1653 = CARTESIAN_POINT('',(15.602837773094,2.728741343159,
    5.344121465885));
#1654 = CARTESIAN_POINT('',(15.555862262303,2.667241353263,
    5.374827774952));
#1655 = CARTESIAN_POINT('',(15.447514919815,2.569501981106,
    5.422232901451));
#1656 = CARTESIAN_POINT('',(15.378901298325,2.526736637666,
    5.442111866715));
#1657 = CARTESIAN_POINT('',(15.22850255141,2.469823679005,5.468176168065
    ));
#1658 = CARTESIAN_POINT('',(15.146712879331,2.455721493101,
    5.474434395289));
#1659 = CARTESIAN_POINT('',(14.993287120669,2.455721493101,
    5.474434395289));
#1660 = CARTESIAN_POINT('',(14.91149744859,2.469823679005,5.468176168065
    ));
#1661 = CARTESIAN_POINT('',(14.761098701675,2.526736637666,
    5.442111866715));
#1662 = CARTESIAN_POINT('',(14.692485080185,2.569501981106,
    5.422232901451));
#1663 = CARTESIAN_POINT('',(14.584137737697,2.667241353263,
    5.374827774952));
#1664 = CARTESIAN_POINT('',(14.537162226905,2.728741343159,
    5.344121465885));
#1665 = CARTESIAN_POINT('',(14.47484189321,2.861921999522,5.273999054659
    ));
#1666 = CARTESIAN_POINT('',(14.4595,2.933564940162,5.234508722388));
#1667 = CARTESIAN_POINT('',(14.4595,3.066435059839,5.157796123025));
#1668 = CARTESIAN_POINT('',(14.47484189321,3.136456161109,5.115496682565
    ));
#1669 = CARTESIAN_POINT('',(14.537162226905,3.263774278787,
    5.035220056475));
#1670 = CARTESIAN_POINT('',(14.584137737697,3.321116717443,
    4.997312657427));
#1671 = CARTESIAN_POINT('',(14.692485080185,3.41104044734,4.936370441438
    ));
#1672 = CARTESIAN_POINT('',(14.761098701675,3.449638807979,4.90927405025
    ));
#1673 = CARTESIAN_POINT('',(14.91149744859,3.50066763441,4.873018132919)
  );
#1674 = CARTESIAN_POINT('',(14.993287120669,3.513138511121,
    4.863934395289));
#1675 = CARTESIAN_POINT('',(15.07,3.513138511121,4.863934395289));
#1676 = ORIENTED_EDGE('',*,*,#1677,.T.);
#1677 = EDGE_CURVE('',#1639,#1637,#1678,.T.);
#1678 = B_SPLINE_CURVE_WITH_KNOTS('',3,(#1679,#1680,#1681,#1682,#1683,
    #1684,#1685,#1686,#1687,#1688,#1689,#1690,#1691,#1692,#1693,#1694,
    #1695,#1696,#1697,#1698,#1699,#1700,#1701,#1702,#1703,#1704,#1705,
    #1706,#1707,#1708,#1709,#1710,#1711,#1712),.UNSPECIFIED.,.T.,.F.,(1,
    3,2,2,2,2,2,2,2,2,2,2,2,2,2,2,2,3,1),(-2.301386379928E-02,0.,
    2.301386379928E-02,4.602772759855E-02,6.904150740737E-02,
    9.205528721619E-02,0.115069067025,0.138082846834,0.161096710633,
    0.184110574432,0.207124438232,0.230138302031,0.25315208184,
    0.276165861649,0.299179641457,0.322193421266,0.345207285066,
    0.368221148865,0.391235012664),.UNSPECIFIED.);
#1679 = CARTESIAN_POINT('',(15.07,3.513138511121,4.863934395289));
#1680 = CARTESIAN_POINT('',(15.146712879331,3.513138511121,
    4.863934395289));
#1681 = CARTESIAN_POINT('',(15.22850255141,3.50066763441,4.873018132919)
  );
#1682 = CARTESIAN_POINT('',(15.378901298325,3.449638807979,4.90927405025
    ));
#1683 = CARTESIAN_POINT('',(15.447514919815,3.41104044734,4.936370441438
    ));
#1684 = CARTESIAN_POINT('',(15.555862262303,3.321116717443,
    4.997312657427));
#1685 = CARTESIAN_POINT('',(15.602837773094,3.263774278787,
    5.035220056475));
#1686 = CARTESIAN_POINT('',(15.66515810679,3.136456161109,5.115496682565
    ));
#1687 = CARTESIAN_POINT('',(15.6805,3.066435059839,5.157796123025));
#1688 = CARTESIAN_POINT('',(15.6805,2.933564940162,5.234508722388));
#1689 = CARTESIAN_POINT('',(15.66515810679,2.861921999522,5.273999054659
    ));
#1690 = CARTESIAN_POINT('',(15.602837773094,2.728741343159,
    5.344121465885));
#1691 = CARTESIAN_POINT('',(15.555862262303,2.667241353263,
    5.374827774952));
#1692 = CARTESIAN_POINT('',(15.447514919815,2.569501981106,
    5.422232901451));
#1693 = CARTESIAN_POINT('',(15.378901298325,2.526736637666,
    5.442111866715));
#1694 = CARTESIAN_POINT('',(15.22850255141,2.469823679005,5.468176168065
    ));
#1695 = CARTESIAN_POINT('',(15.146712879331,2.455721493101,
    5.474434395289));
#1696 = CARTESIAN_POINT('',(14.993287120669,2.455721493101,
    5.474434395289));
#1697 = CARTESIAN_POINT('',(14.91149744859,2.469823679005,5.468176168065
    ));
#1698 = CARTESIAN_POINT('',(14.761098701675,2.526736637666,
    5.442111866715));
#1699 = CARTESIAN_POINT('',(14.692485080185,2.569501981106,
    5.422232901451));
#1700 = CARTESIAN_POINT('',(14.584137737697,2.667241353263,
    5.374827774952));
#1701 = CARTESIAN_POINT('',(14.537162226905,2.728741343159,
    5.344121465885));
#1702 = CARTESIAN_POINT('',(14.47484189321,2.861921999522,5.273999054659
    ));
#1703 = CARTESIAN_POINT('',(14.4595,2.933564940162,5.234508722388));
#1704 = CARTESIAN_POINT('',(14.4595,3.066435059839,5.157796123025));
#1705 = CARTESIAN_POINT('',(14.47484189321,3.136456161109,5.115496682565
    ));
#1706 = CARTESIAN_POINT('',(14.537162226905,3.263774278787,
    5.035220056475));
#1707 = CARTESIAN_POINT('',(14.584137737697,3.321116717443,
    4.997312657427));
#1708 = CARTESIAN_POINT('',(14.692485080185,3.41104044734,4.936370441438
    ));
#1709 = CARTESIAN_POINT('',(14.761098701675,3.449638807979,4.90927405025
    ));
#1710 = CARTESIAN_POINT('',(14.91149744859,3.50066763441,4.873018132919)
  );
#1711 = CARTESIAN_POINT('',(14.993287120669,3.513138511121,
    4.863934395289));
#1712 = CARTESIAN_POINT('',(15.07,3.513138511121,4.863934395289));
#1713 = FACE_BOUND('',#1714,.T.);
#1714 = EDGE_LOOP('',(#1715,#1756));
#1715 = ORIENTED_EDGE('',*,*,#1716,.T.);
#1716 = EDGE_CURVE('',#1717,#1719,#1721,.T.);
#1717 = VERTEX_POINT('',#1718);
#1718 = CARTESIAN_POINT('',(15.07,2.455721493101,-5.474434395289));
#1719 = VERTEX_POINT('',#1720);
#1720 = CARTESIAN_POINT('',(14.47243389487,3.107588323261,
    -5.132500864895));
#1721 = B_SPLINE_CURVE_WITH_KNOTS('',3,(#1722,#1723,#1724,#1725,#1726,
    #1727,#1728,#1729,#1730,#1731,#1732,#1733,#1734,#1735,#1736,#1737,
    #1738,#1739,#1740,#1741,#1742,#1743,#1744,#1745,#1746,#1747,#1748,
    #1749,#1750,#1751,#1752,#1753,#1754,#1755),.UNSPECIFIED.,.T.,.F.,(1,
    3,2,2,2,2,2,2,2,2,2,2,2,2,2,2,2,3,1),(-2.301386379928E-02,0.,
    2.301386379928E-02,4.602772759855E-02,6.904150740737E-02,
    9.205528721619E-02,0.115069067025,0.138082846834,0.161096710633,
    0.184110574432,0.207124438232,0.230138302031,0.25315208184,
    0.276165861649,0.299179641457,0.322193421266,0.345207285066,
    0.368221148865,0.391235012664),.UNSPECIFIED.);
#1722 = CARTESIAN_POINT('',(15.07,2.455721493101,-5.474434395289));
#1723 = CARTESIAN_POINT('',(15.146712879331,2.455721493101,
    -5.474434395289));
#1724 = CARTESIAN_POINT('',(15.22850255141,2.469823679005,
    -5.468176168065));
#1725 = CARTESIAN_POINT('',(15.378901298325,2.526736637666,
    -5.442111866715));
#1726 = CARTESIAN_POINT('',(15.447514919815,2.569501981106,
    -5.422232901451));
#1727 = CARTESIAN_POINT('',(15.555862262303,2.667241353263,
    -5.374827774952));
#1728 = CARTESIAN_POINT('',(15.602837773094,2.728741343159,
    -5.344121465885));
#1729 = CARTESIAN_POINT('',(15.66515810679,2.861921999522,
    -5.273999054659));
#1730 = CARTESIAN_POINT('',(15.6805,2.933564940162,-5.234508722388));
#1731 = CARTESIAN_POINT('',(15.6805,3.066435059839,-5.157796123025));
#1732 = CARTESIAN_POINT('',(15.66515810679,3.136456161109,
    -5.115496682565));
#1733 = CARTESIAN_POINT('',(15.602837773094,3.263774278787,
    -5.035220056475));
#1734 = CARTESIAN_POINT('',(15.555862262303,3.321116717443,
    -4.997312657427));
#1735 = CARTESIAN_POINT('',(15.447514919815,3.41104044734,
    -4.936370441438));
#1736 = CARTESIAN_POINT('',(15.378901298325,3.449638807979,
    -4.90927405025));
#1737 = CARTESIAN_POINT('',(15.22850255141,3.50066763441,-4.873018132919
    ));
#1738 = CARTESIAN_POINT('',(15.146712879331,3.513138511121,
    -4.863934395289));
#1739 = CARTESIAN_POINT('',(14.993287120669,3.513138511121,
    -4.863934395289));
#1740 = CARTESIAN_POINT('',(14.91149744859,3.50066763441,-4.873018132919
    ));
#1741 = CARTESIAN_POINT('',(14.761098701675,3.449638807979,
    -4.90927405025));
#1742 = CARTESIAN_POINT('',(14.692485080185,3.41104044734,
    -4.936370441438));
#1743 = CARTESIAN_POINT('',(14.584137737697,3.321116717443,
    -4.997312657427));
#1744 = CARTESIAN_POINT('',(14.537162226905,3.263774278787,
    -5.035220056475));
#1745 = CARTESIAN_POINT('',(14.47484189321,3.136456161109,
    -5.115496682565));
#1746 = CARTESIAN_POINT('',(14.4595,3.066435059839,-5.157796123025));
#1747 = CARTESIAN_POINT('',(14.4595,2.933564940162,-5.234508722388));
#1748 = CARTESIAN_POINT('',(14.47484189321,2.861921999522,
    -5.273999054659));
#1749 = CARTESIAN_POINT('',(14.537162226905,2.728741343159,
    -5.344121465885));
#1750 = CARTESIAN_POINT('',(14.584137737697,2.667241353263,
    -5.374827774952));
#1751 = CARTESIAN_POINT('',(14.692485080185,2.569501981106,
    -5.422232901451));
#1752 = CARTESIAN_POINT('',(14.761098701675,2.526736637666,
    -5.442111866715));
#1753 = CARTESIAN_POINT('',(14.91149744859,2.469823679005,
    -5.468176168065));
#1754 = CARTESIAN_POINT('',(14.993287120669,2.455721493101,
    -5.474434395289));
#1755 = CARTESIAN_POINT('',(15.07,2.455721493101,-5.474434395289));
#1756 = ORIENTED_EDGE('',*,*,#1757,.T.);
#1757 = EDGE_CURVE('',#1719,#1717,#1758,.T.);
#1758 = B_SPLINE_CURVE_WITH_KNOTS('',3,(#1759,#1760,#1761,#1762,#1763,
    #1764,#1765,#1766,#1767,#1768,#1769,#1770,#1771,#1772,#1773,#1774,
    #1775,#1776,#1777,#1778,#1779,#1780,#1781,#1782,#1783,#1784,#1785,
    #1786,#1787,#1788,#1789,#1790,#1791,#1792),.UNSPECIFIED.,.T.,.F.,(1,
    3,2,2,2,2,2,2,2,2,2,2,2,2,2,2,2,3,1),(-2.301386379928E-02,0.,
    2.301386379928E-02,4.602772759855E-02,6.904150740737E-02,
    9.205528721619E-02,0.115069067025,0.138082846834,0.161096710633,
    0.184110574432,0.207124438232,0.230138302031,0.25315208184,
    0.276165861649,0.299179641457,0.322193421266,0.345207285066,
    0.368221148865,0.391235012664),.UNSPECIFIED.);
#1759 = CARTESIAN_POINT('',(15.07,2.455721493101,-5.474434395289));
#1760 = CARTESIAN_POINT('',(15.146712879331,2.455721493101,
    -5.474434395289));
#1761 = CARTESIAN_POINT('',(15.22850255141,2.469823679005,
    -5.468176168065));
#1762 = CARTESIAN_POINT('',(15.378901298325,2.526736637666,
    -5.442111866715));
#1763 = CARTESIAN_POINT('',(15.447514919815,2.569501981106,
    -5.422232901451));
#1764 = CARTESIAN_POINT('',(15.555862262303,2.667241353263,
    -5.374827774952));
#1765 = CARTESIAN_POINT('',(15.602837773094,2.728741343159,
    -5.344121465885));
#1766 = CARTESIAN_POINT('',(15.66515810679,2.861921999522,
    -5.273999054659));
#1767 = CARTESIAN_POINT('',(15.6805,2.933564940162,-5.234508722388));
#1768 = CARTESIAN_POINT('',(15.6805,3.066435059839,-5.157796123025));
#1769 = CARTESIAN_POINT('',(15.66515810679,3.136456161109,
    -5.115496682565));
#1770 = CARTESIAN_POINT('',(15.602837773094,3.263774278787,
    -5.035220056475));
#1771 = CARTESIAN_POINT('',(15.555862262303,3.321116717443,
    -4.997312657427));
#1772 = CARTESIAN_POINT('',(15.447514919815,3.41104044734,
    -4.936370441438));
#1773 = CARTESIAN_POINT('',(15.378901298325,3.449638807979,
    -4.90927405025));
#1774 = CARTESIAN_POINT('',(15.22850255141,3.50066763441,-4.873018132919
    ));
#1775 = CARTESIAN_POINT('',(15.146712879331,3.513138511121,
    -4.863934395289));
#1776 = CARTESIAN_POINT('',(14.993287120669,3.513138511121,
    -4.863934395289));
#1777 = CARTESIAN_POINT('',(14.91149744859,3.50066763441,-4.873018132919
    ));
#1778 = CARTESIAN_POINT('',(14.761098701675,3.449638807979,
    -4.90927405025));
#1779 = CARTESIAN_POINT('',(14.692485080185,3.41104044734,
    -4.936370441438));
#1780 = CARTESIAN_POINT('',(14.584137737697,3.321116717443,
    -4.997312657427));
#1781 = CARTESIAN_POINT('',(14.537162226905,3.263774278787,
    -5.035220056475));
#1782 = CARTESIAN_POINT('',(14.47484189321,3.136456161109,
    -5.115496682565));
#1783 = CARTESIAN_POINT('',(14.4595,3.066435059839,-5.157796123025));
#1784 = CARTESIAN_POINT('',(14.4595,2.933564940162,-5.234508722388));
#1785 = CARTESIAN_POINT('',(14.47484189321,2.861921999522,
    -5.273999054659));
#1786 = CARTESIAN_POINT('',(14.537162226905,2.728741343159,
    -5.344121465885));
#1787 = CARTESIAN_POINT('',(14.584137737697,2.667241353263,
    -5.374827774952));
#1788 = CARTESIAN_POINT('',(14.692485080185,2.569501981106,
    -5.422232901451));
#1789 = CARTESIAN_POINT('',(14.761098701675,2.526736637666,
    -5.442111866715));
#1790 = CARTESIAN_POINT('',(14.91149744859,2.469823679005,
    -5.468176168065));
#1791 = CARTESIAN_POINT('',(14.993287120669,2.455721493101,
    -5.474434395289));
#1792 = CARTESIAN_POINT('',(15.07,2.455721493101,-5.474434395289));
#1793 = FACE_BOUND('',#1794,.T.);
#1794 = EDGE_LOOP('',(#1795,#1836));
#1795 = ORIENTED_EDGE('',*,*,#1796,.T.);
#1796 = EDGE_CURVE('',#1797,#1799,#1801,.T.);
#1797 = VERTEX_POINT('',#1798);
#1798 = CARTESIAN_POINT('',(15.07,-5.968860004222,0.6105));
#1799 = VERTEX_POINT('',#1800);
#1800 = CARTESIAN_POINT('',(14.47243389487,-5.998670295575,0.125));
#1801 = B_SPLINE_CURVE_WITH_KNOTS('',3,(#1802,#1803,#1804,#1805,#1806,
    #1807,#1808,#1809,#1810,#1811,#1812,#1813,#1814,#1815,#1816,#1817,
    #1818,#1819,#1820,#1821,#1822,#1823,#1824,#1825,#1826,#1827,#1828,
    #1829,#1830,#1831,#1832,#1833,#1834,#1835),.UNSPECIFIED.,.T.,.F.,(1,
    3,2,2,2,2,2,2,2,2,2,2,2,2,2,2,2,3,1),(-2.301386379928E-02,0.,
    2.301386379928E-02,4.602772759855E-02,6.904150740737E-02,
    9.205528721619E-02,0.115069067025,0.138082846834,0.161096710633,
    0.184110574432,0.207124438232,0.230138302031,0.25315208184,
    0.276165861649,0.299179641457,0.322193421266,0.345207285066,
    0.368221148865,0.391235012664),.UNSPECIFIED.);
#1802 = CARTESIAN_POINT('',(15.07,-5.968860004222,0.6105));
#1803 = CARTESIAN_POINT('',(15.146712879331,-5.968860004222,0.6105));
#1804 = CARTESIAN_POINT('',(15.22850255141,-5.970491313415,
    0.595158035146));
#1805 = CARTESIAN_POINT('',(15.378901298325,-5.976375445645,
    0.532837816466));
#1806 = CARTESIAN_POINT('',(15.447514919815,-5.980542428446,
    0.485862460014));
#1807 = CARTESIAN_POINT('',(15.555862262303,-5.988358070706,
    0.377515117526));
#1808 = CARTESIAN_POINT('',(15.602837773094,-5.992515621946,
    0.30890140941));
#1809 = CARTESIAN_POINT('',(15.66515810679,-5.99837816063,0.158502372094
    ));
#1810 = CARTESIAN_POINT('',(15.6805,-6.,7.671259936274E-02));
#1811 = CARTESIAN_POINT('',(15.6805,-6.,-7.671259936274E-02));
#1812 = CARTESIAN_POINT('',(15.66515810679,-5.99837816063,
    -0.158502372094));
#1813 = CARTESIAN_POINT('',(15.602837773094,-5.992515621946,
    -0.30890140941));
#1814 = CARTESIAN_POINT('',(15.555862262303,-5.988358070706,
    -0.377515117526));
#1815 = CARTESIAN_POINT('',(15.447514919815,-5.980542428446,
    -0.485862460014));
#1816 = CARTESIAN_POINT('',(15.378901298325,-5.976375445645,
    -0.532837816466));
#1817 = CARTESIAN_POINT('',(15.22850255141,-5.970491313415,
    -0.595158035146));
#1818 = CARTESIAN_POINT('',(15.146712879331,-5.968860004222,-0.6105));
#1819 = CARTESIAN_POINT('',(14.993287120669,-5.968860004222,-0.6105));
#1820 = CARTESIAN_POINT('',(14.91149744859,-5.970491313415,
    -0.595158035146));
#1821 = CARTESIAN_POINT('',(14.761098701675,-5.976375445645,
    -0.532837816466));
#1822 = CARTESIAN_POINT('',(14.692485080185,-5.980542428446,
    -0.485862460014));
#1823 = CARTESIAN_POINT('',(14.584137737697,-5.988358070706,
    -0.377515117526));
#1824 = CARTESIAN_POINT('',(14.537162226905,-5.992515621946,
    -0.30890140941));
#1825 = CARTESIAN_POINT('',(14.47484189321,-5.99837816063,
    -0.158502372094));
#1826 = CARTESIAN_POINT('',(14.4595,-6.,-7.671259936274E-02));
#1827 = CARTESIAN_POINT('',(14.4595,-6.,7.671259936274E-02));
#1828 = CARTESIAN_POINT('',(14.47484189321,-5.99837816063,0.158502372094
    ));
#1829 = CARTESIAN_POINT('',(14.537162226905,-5.992515621946,
    0.30890140941));
#1830 = CARTESIAN_POINT('',(14.584137737697,-5.988358070706,
    0.377515117526));
#1831 = CARTESIAN_POINT('',(14.692485080185,-5.980542428446,
    0.485862460014));
#1832 = CARTESIAN_POINT('',(14.761098701675,-5.976375445645,
    0.532837816466));
#1833 = CARTESIAN_POINT('',(14.91149744859,-5.970491313415,
    0.595158035146));
#1834 = CARTESIAN_POINT('',(14.993287120669,-5.968860004222,0.6105));
#1835 = CARTESIAN_POINT('',(15.07,-5.968860004222,0.6105));
#1836 = ORIENTED_EDGE('',*,*,#1837,.T.);
#1837 = EDGE_CURVE('',#1799,#1797,#1838,.T.);
#1838 = B_SPLINE_CURVE_WITH_KNOTS('',3,(#1839,#1840,#1841,#1842,#1843,
    #1844,#1845,#1846,#1847,#1848,#1849,#1850,#1851,#1852,#1853,#1854,
    #1855,#1856,#1857,#1858,#1859,#1860,#1861,#1862,#1863,#1864,#1865,
    #1866,#1867,#1868,#1869,#1870,#1871,#1872),.UNSPECIFIED.,.T.,.F.,(1,
    3,2,2,2,2,2,2,2,2,2,2,2,2,2,2,2,3,1),(-2.301386379928E-02,0.,
    2.301386379928E-02,4.602772759855E-02,6.904150740737E-02,
    9.205528721619E-02,0.115069067025,0.138082846834,0.161096710633,
    0.184110574432,0.207124438232,0.230138302031,0.25315208184,
    0.276165861649,0.299179641457,0.322193421266,0.345207285066,
    0.368221148865,0.391235012664),.UNSPECIFIED.);
#1839 = CARTESIAN_POINT('',(15.07,-5.968860004222,0.6105));
#1840 = CARTESIAN_POINT('',(15.146712879331,-5.968860004222,0.6105));
#1841 = CARTESIAN_POINT('',(15.22850255141,-5.970491313415,
    0.595158035146));
#1842 = CARTESIAN_POINT('',(15.378901298325,-5.976375445645,
    0.532837816466));
#1843 = CARTESIAN_POINT('',(15.447514919815,-5.980542428446,
    0.485862460014));
#1844 = CARTESIAN_POINT('',(15.555862262303,-5.988358070706,
    0.377515117526));
#1845 = CARTESIAN_POINT('',(15.602837773094,-5.992515621946,
    0.30890140941));
#1846 = CARTESIAN_POINT('',(15.66515810679,-5.99837816063,0.158502372094
    ));
#1847 = CARTESIAN_POINT('',(15.6805,-6.,7.671259936274E-02));
#1848 = CARTESIAN_POINT('',(15.6805,-6.,-7.671259936274E-02));
#1849 = CARTESIAN_POINT('',(15.66515810679,-5.99837816063,
    -0.158502372094));
#1850 = CARTESIAN_POINT('',(15.602837773094,-5.992515621946,
    -0.30890140941));
#1851 = CARTESIAN_POINT('',(15.555862262303,-5.988358070706,
    -0.377515117526));
#1852 = CARTESIAN_POINT('',(15.447514919815,-5.980542428446,
    -0.485862460014));
#1853 = CARTESIAN_POINT('',(15.378901298325,-5.976375445645,
    -0.532837816466));
#1854 = CARTESIAN_POINT('',(15.22850255141,-5.970491313415,
    -0.595158035146));
#1855 = CARTESIAN_POINT('',(15.146712879331,-5.968860004222,-0.6105));
#1856 = CARTESIAN_POINT('',(14.993287120669,-5.968860004222,-0.6105));
#1857 = CARTESIAN_POINT('',(14.91149744859,-5.970491313415,
    -0.595158035146));
#1858 = CARTESIAN_POINT('',(14.761098701675,-5.976375445645,
    -0.532837816466));
#1859 = CARTESIAN_POINT('',(14.692485080185,-5.980542428446,
    -0.485862460014));
#1860 = CARTESIAN_POINT('',(14.584137737697,-5.988358070706,
    -0.377515117526));
#1861 = CARTESIAN_POINT('',(14.537162226905,-5.992515621946,
    -0.30890140941));
#1862 = CARTESIAN_POINT('',(14.47484189321,-5.99837816063,
    -0.158502372094));
#1863 = CARTESIAN_POINT('',(14.4595,-6.,-7.671259936274E-02));
#1864 = CARTESIAN_POINT('',(14.4595,-6.,7.671259936274E-02));
#1865 = CARTESIAN_POINT('',(14.47484189321,-5.99837816063,0.158502372094
    ));
#1866 = CARTESIAN_POINT('',(14.537162226905,-5.992515621946,
    0.30890140941));
#1867 = CARTESIAN_POINT('',(14.584137737697,-5.988358070706,
    0.377515117526));
#1868 = CARTESIAN_POINT('',(14.692485080185,-5.980542428446,
    0.485862460014));
#1869 = CARTESIAN_POINT('',(14.761098701675,-5.976375445645,
    0.532837816466));
#1870 = CARTESIAN_POINT('',(14.91149744859,-5.970491313415,
    0.595158035146));
#1871 = CARTESIAN_POINT('',(14.993287120669,-5.968860004222,0.6105));
#1872 = CARTESIAN_POINT('',(15.07,-5.968860004222,0.6105));
#1873 = FACE_BOUND('',#1874,.T.);
#1874 = EDGE_LOOP('',(#1875,#1876));
#1875 = ORIENTED_EDGE('',*,*,#766,.T.);
#1876 = ORIENTED_EDGE('',*,*,#727,.T.);
#1877 = FACE_BOUND('',#1878,.T.);
#1878 = EDGE_LOOP('',(#1879,#1880));
#1879 = ORIENTED_EDGE('',*,*,#555,.T.);
#1880 = ORIENTED_EDGE('',*,*,#516,.T.);
#1881 = CYLINDRICAL_SURFACE('',#1882,6.);
#1882 = AXIS2_PLACEMENT_3D('',#1883,#1884,#1885);
#1883 = CARTESIAN_POINT('',(2.27,1.89326617253E-28,-3.900519712469E-33)
  );
#1884 = DIRECTION('',(1.,1.883405411215E-29,-1.718290622233E-33));
#1885 = DIRECTION('',(-1.883405411215E-29,1.,7.364805613939E-49));
#1886 = ADVANCED_FACE('',(#1887),#1905,.T.);
#1887 = FACE_BOUND('',#1888,.T.);
#1888 = EDGE_LOOP('',(#1889,#1890,#1897,#1904));
#1889 = ORIENTED_EDGE('',*,*,#1549,.T.);
#1890 = ORIENTED_EDGE('',*,*,#1891,.F.);
#1891 = EDGE_CURVE('',#1892,#1543,#1894,.T.);
#1892 = VERTEX_POINT('',#1893);
#1893 = CARTESIAN_POINT('',(16.77,5.919615242271,-7.249437858631E-16));
#1894 = B_SPLINE_CURVE_WITH_KNOTS('',1,(#1895,#1896),.UNSPECIFIED.,.F.,
  .F.,(2,2),(-0.155291427062,0.155291427062),.PIECEWISE_BEZIER_KNOTS.);
#1895 = CARTESIAN_POINT('',(16.77,5.919615242271,2.174831357589E-15));
#1896 = CARTESIAN_POINT('',(16.47,6.,2.204364238465E-15));
#1897 = ORIENTED_EDGE('',*,*,#1898,.T.);
#1898 = EDGE_CURVE('',#1892,#1892,#1899,.T.);
#1899 = CIRCLE('',#1900,5.919615242271);
#1900 = AXIS2_PLACEMENT_3D('',#1901,#1902,#1903);
#1901 = CARTESIAN_POINT('',(16.77,4.624697056858E-28,-2.881573373485E-32
    ));
#1902 = DIRECTION('',(-1.,-1.883405411215E-29,1.718290622233E-33));
#1903 = DIRECTION('',(1.883405411215E-29,-1.,-7.364805613938E-49));
#1904 = ORIENTED_EDGE('',*,*,#1891,.T.);
#1905 = CONICAL_SURFACE('',#1906,5.959807621135,0.2617993878);
#1906 = AXIS2_PLACEMENT_3D('',#1907,#1908,#1909);
#1907 = CARTESIAN_POINT('',(16.62,4.585254011597E-28,-2.855799014152E-32
    ));
#1908 = DIRECTION('',(-1.,-1.942569979107E-29,1.718290622233E-33));
#1909 = DIRECTION('',(1.942569979107E-29,-1.,-7.364805613938E-49));
#1910 = ADVANCED_FACE('',(#1911,#1914),#1925,.T.);
#1911 = FACE_BOUND('',#1912,.T.);
#1912 = EDGE_LOOP('',(#1913));
#1913 = ORIENTED_EDGE('',*,*,#1898,.F.);
#1914 = FACE_BOUND('',#1915,.T.);
#1915 = EDGE_LOOP('',(#1916));
#1916 = ORIENTED_EDGE('',*,*,#1917,.F.);
#1917 = EDGE_CURVE('',#1918,#1918,#1920,.T.);
#1918 = VERTEX_POINT('',#1919);
#1919 = CARTESIAN_POINT('',(16.77,4.080384757729,4.997030132843E-16));
#1920 = CIRCLE('',#1921,4.080384757729);
#1921 = AXIS2_PLACEMENT_3D('',#1922,#1923,#1924);
#1922 = CARTESIAN_POINT('',(16.77,4.624697056858E-28,-2.881573373485E-32
    ));
#1923 = DIRECTION('',(1.,1.883405411215E-29,-1.718290622233E-33));
#1924 = DIRECTION('',(1.883405411215E-29,-1.,-7.364805613938E-49));
#1925 = PLANE('',#1926);
#1926 = AXIS2_PLACEMENT_3D('',#1927,#1928,#1929);
#1927 = CARTESIAN_POINT('',(16.77,5.,-2.881573373485E-32));
#1928 = DIRECTION('',(1.,1.883405411215E-29,-1.718290622233E-33));
#1929 = DIRECTION('',(-1.718290622233E-33,-3.236237855954E-62,-1.));
#1930 = ADVANCED_FACE('',(#1931),#1949,.F.);
#1931 = FACE_BOUND('',#1932,.F.);
#1932 = EDGE_LOOP('',(#1933,#1934,#1941,#1948));
#1933 = ORIENTED_EDGE('',*,*,#1917,.F.);
#1934 = ORIENTED_EDGE('',*,*,#1935,.F.);
#1935 = EDGE_CURVE('',#1936,#1918,#1938,.T.);
#1936 = VERTEX_POINT('',#1937);
#1937 = CARTESIAN_POINT('',(16.47,4.,-4.898587196589E-16));
#1938 = B_SPLINE_CURVE_WITH_KNOTS('',1,(#1939,#1940),.UNSPECIFIED.,.F.,
  .F.,(2,2),(-0.155291427062,0.155291427062),.PIECEWISE_BEZIER_KNOTS.);
#1939 = CARTESIAN_POINT('',(16.47,4.,-1.469576158977E-15));
#1940 = CARTESIAN_POINT('',(16.77,4.080384757729,-1.499109039853E-15));
#1941 = ORIENTED_EDGE('',*,*,#1942,.F.);
#1942 = EDGE_CURVE('',#1936,#1936,#1943,.T.);
#1943 = CIRCLE('',#1944,4.);
#1944 = AXIS2_PLACEMENT_3D('',#1945,#1946,#1947);
#1945 = CARTESIAN_POINT('',(16.47,4.575393250282E-28,-2.830024654818E-32
    ));
#1946 = DIRECTION('',(-1.,-1.883405411215E-29,1.718290622233E-33));
#1947 = DIRECTION('',(1.883405411215E-29,-1.,-7.364805613939E-49));
#1948 = ORIENTED_EDGE('',*,*,#1935,.T.);
#1949 = CONICAL_SURFACE('',#1950,4.040192378865,0.2617993878);
#1950 = AXIS2_PLACEMENT_3D('',#1951,#1952,#1953);
#1951 = CARTESIAN_POINT('',(16.62,4.595114772912E-28,-2.855799014152E-32
    ));
#1952 = DIRECTION('',(1.,1.696050946225E-29,-1.718290622233E-33));
#1953 = DIRECTION('',(1.696050946225E-29,-1.,-7.364805613938E-49));
#1954 = ADVANCED_FACE('',(#1955,#1966),#1970,.T.);
#1955 = FACE_BOUND('',#1956,.T.);
#1956 = EDGE_LOOP('',(#1957));
#1957 = ORIENTED_EDGE('',*,*,#1958,.T.);
#1958 = EDGE_CURVE('',#1959,#1959,#1961,.T.);
#1959 = VERTEX_POINT('',#1960);
#1960 = CARTESIAN_POINT('',(6.77,4.8,-1.163282751252E-32));
#1961 = CIRCLE('',#1962,2.);
#1962 = AXIS2_PLACEMENT_3D('',#1963,#1964,#1965);
#1963 = CARTESIAN_POINT('',(8.77,4.8,-1.506940875698E-32));
#1964 = DIRECTION('',(4.286122238378E-16,1.,1.965987763818E-55));
#1965 = DIRECTION('',(-1.,4.286122238378E-16,1.718290622233E-33));
#1966 = FACE_BOUND('',#1967,.T.);
#1967 = EDGE_LOOP('',(#1968,#1969));
#1968 = ORIENTED_EDGE('',*,*,#483,.F.);
#1969 = ORIENTED_EDGE('',*,*,#391,.F.);
#1970 = PLANE('',#1971);
#1971 = AXIS2_PLACEMENT_3D('',#1972,#1973,#1974);
#1972 = CARTESIAN_POINT('',(8.77,4.8,-1.506940875698E-32));
#1973 = DIRECTION('',(4.286122238378E-16,1.,1.965987764335E-55));
#1974 = DIRECTION('',(-1.,4.286122238378E-16,1.718290622233E-33));
#1975 = ADVANCED_FACE('',(#1976),#1988,.F.);
#1976 = FACE_BOUND('',#1977,.F.);
#1977 = EDGE_LOOP('',(#1978,#1979,#1980,#1985,#1986,#1987));
#1978 = ORIENTED_EDGE('',*,*,#1557,.T.);
#1979 = ORIENTED_EDGE('',*,*,#1596,.T.);
#1980 = ORIENTED_EDGE('',*,*,#1981,.F.);
#1981 = EDGE_CURVE('',#1959,#1497,#1982,.T.);
#1982 = B_SPLINE_CURVE_WITH_KNOTS('',1,(#1983,#1984),.UNSPECIFIED.,.F.,
  .F.,(2,2),(-5.1,-3.9),.PIECEWISE_BEZIER_KNOTS.);
#1983 = CARTESIAN_POINT('',(6.77,4.8,-4.898587196589E-16));
#1984 = CARTESIAN_POINT('',(6.77,6.,-4.898587196589E-16));
#1985 = ORIENTED_EDGE('',*,*,#1958,.T.);
#1986 = ORIENTED_EDGE('',*,*,#1981,.T.);
#1987 = ORIENTED_EDGE('',*,*,#1503,.T.);
#1988 = CYLINDRICAL_SURFACE('',#1989,2.);
#1989 = AXIS2_PLACEMENT_3D('',#1990,#1991,#1992);
#1990 = CARTESIAN_POINT('',(8.77,9.9,-1.506940875698E-32));
#1991 = DIRECTION('',(4.286122238378E-16,1.,1.965987764335E-55));
#1992 = DIRECTION('',(-1.,4.286122238378E-16,1.718290622233E-33));
#1993 = ADVANCED_FACE('',(#1994),#2072,.F.);
#1994 = FACE_BOUND('',#1995,.F.);
#1995 = EDGE_LOOP('',(#1996,#2007,#2015,#2024,#2032,#2041,#2049,#2058,
    #2063,#2064,#2065,#2066));
#1996 = ORIENTED_EDGE('',*,*,#1997,.F.);
#1997 = EDGE_CURVE('',#1998,#2000,#2002,.T.);
#1998 = VERTEX_POINT('',#1999);
#1999 = CARTESIAN_POINT('',(14.47243389487,-5.1,-0.125));
#2000 = VERTEX_POINT('',#2001);
#2001 = CARTESIAN_POINT('',(14.47243389487,-5.1,0.125));
#2002 = CIRCLE('',#2003,0.6105);
#2003 = AXIS2_PLACEMENT_3D('',#2004,#2005,#2006);
#2004 = CARTESIAN_POINT('',(15.07,-5.1,-2.589463967705E-32));
#2005 = DIRECTION('',(3.061475439229E-16,1.,2.095411779493E-31));
#2006 = DIRECTION('',(-1.,3.061475439229E-16,1.718290622233E-33));
#2007 = ORIENTED_EDGE('',*,*,#2008,.F.);
#2008 = EDGE_CURVE('',#2009,#1998,#2011,.T.);
#2009 = VERTEX_POINT('',#2010);
#2010 = CARTESIAN_POINT('',(14.47243389487,-5.4395,-0.125));
#2011 = LINE('',#2012,#2013);
#2012 = CARTESIAN_POINT('',(14.47243389487,-5.4,-0.125));
#2013 = VECTOR('',#2014,1.);
#2014 = DIRECTION('',(4.286122238378E-16,1.,1.965987764335E-55));
#2015 = ORIENTED_EDGE('',*,*,#2016,.F.);
#2016 = EDGE_CURVE('',#2017,#2009,#2019,.T.);
#2017 = VERTEX_POINT('',#2018);
#2018 = CARTESIAN_POINT('',(15.66756610513,-5.4395,-0.125));
#2019 = CIRCLE('',#2020,0.6105);
#2020 = AXIS2_PLACEMENT_3D('',#2021,#2022,#2023);
#2021 = CARTESIAN_POINT('',(15.07,-5.4395,-2.589463967705E-32));
#2022 = DIRECTION('',(4.286122238378E-16,1.,1.965987763818E-55));
#2023 = DIRECTION('',(-1.,4.286122238378E-16,1.718290622233E-33));
#2024 = ORIENTED_EDGE('',*,*,#2025,.F.);
#2025 = EDGE_CURVE('',#2026,#2017,#2028,.T.);
#2026 = VERTEX_POINT('',#2027);
#2027 = CARTESIAN_POINT('',(15.66756610513,-5.1,-0.125));
#2028 = LINE('',#2029,#2030);
#2029 = CARTESIAN_POINT('',(15.66756610513,-5.4,-0.125));
#2030 = VECTOR('',#2031,1.);
#2031 = DIRECTION('',(-4.286122238378E-16,-1.,-1.965987764335E-55));
#2032 = ORIENTED_EDGE('',*,*,#2033,.F.);
#2033 = EDGE_CURVE('',#2034,#2026,#2036,.T.);
#2034 = VERTEX_POINT('',#2035);
#2035 = CARTESIAN_POINT('',(15.66756610513,-5.1,0.125));
#2036 = CIRCLE('',#2037,0.6105);
#2037 = AXIS2_PLACEMENT_3D('',#2038,#2039,#2040);
#2038 = CARTESIAN_POINT('',(15.07,-5.1,-2.589463967705E-32));
#2039 = DIRECTION('',(3.061475439229E-16,1.,2.095411779493E-31));
#2040 = DIRECTION('',(-1.,3.061475439229E-16,1.718290622233E-33));
#2041 = ORIENTED_EDGE('',*,*,#2042,.F.);
#2042 = EDGE_CURVE('',#2043,#2034,#2045,.T.);
#2043 = VERTEX_POINT('',#2044);
#2044 = CARTESIAN_POINT('',(15.66756610513,-5.4395,0.125));
#2045 = LINE('',#2046,#2047);
#2046 = CARTESIAN_POINT('',(15.66756610513,-5.4,0.125));
#2047 = VECTOR('',#2048,1.);
#2048 = DIRECTION('',(4.286122238378E-16,1.,1.965987764335E-55));
#2049 = ORIENTED_EDGE('',*,*,#2050,.F.);
#2050 = EDGE_CURVE('',#2051,#2043,#2053,.T.);
#2051 = VERTEX_POINT('',#2052);
#2052 = CARTESIAN_POINT('',(14.47243389487,-5.4395,0.125));
#2053 = CIRCLE('',#2054,0.6105);
#2054 = AXIS2_PLACEMENT_3D('',#2055,#2056,#2057);
#2055 = CARTESIAN_POINT('',(15.07,-5.4395,-2.589463967705E-32));
#2056 = DIRECTION('',(4.286122238378E-16,1.,1.965987763818E-55));
#2057 = DIRECTION('',(-1.,4.286122238378E-16,1.718290622233E-33));
#2058 = ORIENTED_EDGE('',*,*,#2059,.F.);
#2059 = EDGE_CURVE('',#1799,#2051,#2060,.T.);
#2060 = B_SPLINE_CURVE_WITH_KNOTS('',1,(#2061,#2062),.UNSPECIFIED.,.F.,
  .F.,(2,2),(-0.598670295575,-3.949999999981E-02),
  .PIECEWISE_BEZIER_KNOTS.);
#2061 = CARTESIAN_POINT('',(14.47243389487,-5.998670295575,0.125));
#2062 = CARTESIAN_POINT('',(14.47243389487,-5.4395,0.125));
#2063 = ORIENTED_EDGE('',*,*,#1837,.T.);
#2064 = ORIENTED_EDGE('',*,*,#1796,.T.);
#2065 = ORIENTED_EDGE('',*,*,#2059,.T.);
#2066 = ORIENTED_EDGE('',*,*,#2067,.F.);
#2067 = EDGE_CURVE('',#2000,#2051,#2068,.T.);
#2068 = LINE('',#2069,#2070);
#2069 = CARTESIAN_POINT('',(14.47243389487,-5.4,0.125));
#2070 = VECTOR('',#2071,1.);
#2071 = DIRECTION('',(-4.286122238378E-16,-1.,-1.965987764335E-55));
#2072 = CYLINDRICAL_SURFACE('',#2073,0.6105);
#2073 = AXIS2_PLACEMENT_3D('',#2074,#2075,#2076);
#2074 = CARTESIAN_POINT('',(15.07,-5.4,-2.589463967705E-32));
#2075 = DIRECTION('',(4.286122238378E-16,1.,1.965987764335E-55));
#2076 = DIRECTION('',(-1.,4.286122238378E-16,1.718290622233E-33));
#2077 = ADVANCED_FACE('',(#2078),#2156,.F.);
#2078 = FACE_BOUND('',#2079,.F.);
#2079 = EDGE_LOOP('',(#2080,#2091,#2099,#2104,#2105,#2106,#2107,#2116,
    #2124,#2133,#2141,#2150));
#2080 = ORIENTED_EDGE('',*,*,#2081,.F.);
#2081 = EDGE_CURVE('',#2082,#2084,#2086,.T.);
#2082 = VERTEX_POINT('',#2083);
#2083 = CARTESIAN_POINT('',(14.47243389487,2.658253175473,
    -4.354229559301));
#2084 = VERTEX_POINT('',#2085);
#2085 = CARTESIAN_POINT('',(14.47243389487,2.441746824527,
    -4.479229559301));
#2086 = CIRCLE('',#2087,0.6105);
#2087 = AXIS2_PLACEMENT_3D('',#2088,#2089,#2090);
#2088 = CARTESIAN_POINT('',(15.07,2.55,-4.416729559301));
#2089 = DIRECTION('',(7.856406360918E-15,-0.5,0.866025403784));
#2090 = DIRECTION('',(-1.,-7.703332588956E-15,4.624275510787E-15));
#2091 = ORIENTED_EDGE('',*,*,#2092,.F.);
#2092 = EDGE_CURVE('',#2093,#2082,#2095,.T.);
#2093 = VERTEX_POINT('',#2094);
#2094 = CARTESIAN_POINT('',(14.47243389487,2.828003175473,
    -4.648245183885));
#2095 = LINE('',#2096,#2097);
#2096 = CARTESIAN_POINT('',(14.47243389487,2.808253175473,
    -4.614037180436));
#2097 = VECTOR('',#2098,1.);
#2098 = DIRECTION('',(7.978871040831E-15,-0.5,0.866025403784));
#2099 = ORIENTED_EDGE('',*,*,#2100,.F.);
#2100 = EDGE_CURVE('',#1719,#2093,#2101,.T.);
#2101 = B_SPLINE_CURVE_WITH_KNOTS('',1,(#2102,#2103),.UNSPECIFIED.,.F.,
  .F.,(2,2),(-0.598670295575,-3.949999999981E-02),
  .PIECEWISE_BEZIER_KNOTS.);
#2102 = CARTESIAN_POINT('',(14.47243389487,3.107588323261,
    -5.132500864895));
#2103 = CARTESIAN_POINT('',(14.47243389487,2.828003175473,
    -4.648245183885));
#2104 = ORIENTED_EDGE('',*,*,#1757,.T.);
#2105 = ORIENTED_EDGE('',*,*,#1716,.T.);
#2106 = ORIENTED_EDGE('',*,*,#2100,.T.);
#2107 = ORIENTED_EDGE('',*,*,#2108,.F.);
#2108 = EDGE_CURVE('',#2109,#2093,#2111,.T.);
#2109 = VERTEX_POINT('',#2110);
#2110 = CARTESIAN_POINT('',(15.66756610513,2.828003175473,
    -4.648245183885));
#2111 = CIRCLE('',#2112,0.6105);
#2112 = AXIS2_PLACEMENT_3D('',#2113,#2114,#2115);
#2113 = CARTESIAN_POINT('',(15.07,2.71975,-4.710745183885));
#2114 = DIRECTION('',(7.978871040831E-15,-0.5,0.866025403784));
#2115 = DIRECTION('',(-1.,-7.764564928913E-15,4.730333034659E-15));
#2116 = ORIENTED_EDGE('',*,*,#2117,.F.);
#2117 = EDGE_CURVE('',#2118,#2109,#2120,.T.);
#2118 = VERTEX_POINT('',#2119);
#2119 = CARTESIAN_POINT('',(15.66756610513,2.658253175473,
    -4.354229559301));
#2120 = LINE('',#2121,#2122);
#2121 = CARTESIAN_POINT('',(15.66756610513,2.808253175473,
    -4.614037180436));
#2122 = VECTOR('',#2123,1.);
#2123 = DIRECTION('',(-7.978871040831E-15,0.5,-0.866025403784));
#2124 = ORIENTED_EDGE('',*,*,#2125,.F.);
#2125 = EDGE_CURVE('',#2126,#2118,#2128,.T.);
#2126 = VERTEX_POINT('',#2127);
#2127 = CARTESIAN_POINT('',(15.66756610513,2.441746824527,
    -4.479229559301));
#2128 = CIRCLE('',#2129,0.6105);
#2129 = AXIS2_PLACEMENT_3D('',#2130,#2131,#2132);
#2130 = CARTESIAN_POINT('',(15.07,2.55,-4.416729559301));
#2131 = DIRECTION('',(7.856406360918E-15,-0.5,0.866025403784));
#2132 = DIRECTION('',(-1.,-7.703332588956E-15,4.624275510787E-15));
#2133 = ORIENTED_EDGE('',*,*,#2134,.F.);
#2134 = EDGE_CURVE('',#2135,#2126,#2137,.T.);
#2135 = VERTEX_POINT('',#2136);
#2136 = CARTESIAN_POINT('',(15.66756610513,2.611496824527,
    -4.773245183885));
#2137 = LINE('',#2138,#2139);
#2138 = CARTESIAN_POINT('',(15.66756610513,2.591746824527,
    -4.739037180436));
#2139 = VECTOR('',#2140,1.);
#2140 = DIRECTION('',(7.978871040831E-15,-0.5,0.866025403784));
#2141 = ORIENTED_EDGE('',*,*,#2142,.F.);
#2142 = EDGE_CURVE('',#2143,#2135,#2145,.T.);
#2143 = VERTEX_POINT('',#2144);
#2144 = CARTESIAN_POINT('',(14.47243389487,2.611496824527,
    -4.773245183885));
#2145 = CIRCLE('',#2146,0.6105);
#2146 = AXIS2_PLACEMENT_3D('',#2147,#2148,#2149);
#2147 = CARTESIAN_POINT('',(15.07,2.71975,-4.710745183885));
#2148 = DIRECTION('',(7.978871040831E-15,-0.5,0.866025403784));
#2149 = DIRECTION('',(-1.,-7.764564928913E-15,4.730333034659E-15));
#2150 = ORIENTED_EDGE('',*,*,#2151,.F.);
#2151 = EDGE_CURVE('',#2084,#2143,#2152,.T.);
#2152 = LINE('',#2153,#2154);
#2153 = CARTESIAN_POINT('',(14.47243389487,2.591746824527,
    -4.739037180436));
#2154 = VECTOR('',#2155,1.);
#2155 = DIRECTION('',(-7.978871040831E-15,0.5,-0.866025403784));
#2156 = CYLINDRICAL_SURFACE('',#2157,0.6105);
#2157 = AXIS2_PLACEMENT_3D('',#2158,#2159,#2160);
#2158 = CARTESIAN_POINT('',(15.07,2.7,-4.676537180436));
#2159 = DIRECTION('',(7.978871040831E-15,-0.5,0.866025403784));
#2160 = DIRECTION('',(-1.,-7.764564928913E-15,4.730333034659E-15));
#2161 = ADVANCED_FACE('',(#2162),#2240,.F.);
#2162 = FACE_BOUND('',#2163,.F.);
#2163 = EDGE_LOOP('',(#2164,#2175,#2183,#2192,#2200,#2209,#2217,#2226,
    #2231,#2232,#2233,#2234));
#2164 = ORIENTED_EDGE('',*,*,#2165,.F.);
#2165 = EDGE_CURVE('',#2166,#2168,#2170,.T.);
#2166 = VERTEX_POINT('',#2167);
#2167 = CARTESIAN_POINT('',(14.47243389487,2.441746824527,4.479229559301
    ));
#2168 = VERTEX_POINT('',#2169);
#2169 = CARTESIAN_POINT('',(14.47243389487,2.658253175473,4.354229559301
    ));
#2170 = CIRCLE('',#2171,0.6105);
#2171 = AXIS2_PLACEMENT_3D('',#2172,#2173,#2174);
#2172 = CARTESIAN_POINT('',(15.07,2.55,4.416729559301));
#2173 = DIRECTION('',(7.856406360916E-15,-0.5,-0.866025403784));
#2174 = DIRECTION('',(-1.,-7.703332588955E-15,-4.624275510786E-15));
#2175 = ORIENTED_EDGE('',*,*,#2176,.F.);
#2176 = EDGE_CURVE('',#2177,#2166,#2179,.T.);
#2177 = VERTEX_POINT('',#2178);
#2178 = CARTESIAN_POINT('',(14.47243389487,2.611496824527,4.773245183885
    ));
#2179 = LINE('',#2180,#2181);
#2180 = CARTESIAN_POINT('',(14.47243389487,2.591746824527,4.739037180436
    ));
#2181 = VECTOR('',#2182,1.);
#2182 = DIRECTION('',(7.978871040831E-15,-0.5,-0.866025403784));
#2183 = ORIENTED_EDGE('',*,*,#2184,.F.);
#2184 = EDGE_CURVE('',#2185,#2177,#2187,.T.);
#2185 = VERTEX_POINT('',#2186);
#2186 = CARTESIAN_POINT('',(15.66756610513,2.611496824527,4.773245183885
    ));
#2187 = CIRCLE('',#2188,0.6105);
#2188 = AXIS2_PLACEMENT_3D('',#2189,#2190,#2191);
#2189 = CARTESIAN_POINT('',(15.07,2.71975,4.710745183885));
#2190 = DIRECTION('',(7.978871040831E-15,-0.5,-0.866025403784));
#2191 = DIRECTION('',(-1.,-7.764564928913E-15,-4.730333034659E-15));
#2192 = ORIENTED_EDGE('',*,*,#2193,.F.);
#2193 = EDGE_CURVE('',#2194,#2185,#2196,.T.);
#2194 = VERTEX_POINT('',#2195);
#2195 = CARTESIAN_POINT('',(15.66756610513,2.441746824527,4.479229559301
    ));
#2196 = LINE('',#2197,#2198);
#2197 = CARTESIAN_POINT('',(15.66756610513,2.591746824527,4.739037180436
    ));
#2198 = VECTOR('',#2199,1.);
#2199 = DIRECTION('',(-7.978871040831E-15,0.5,0.866025403784));
#2200 = ORIENTED_EDGE('',*,*,#2201,.F.);
#2201 = EDGE_CURVE('',#2202,#2194,#2204,.T.);
#2202 = VERTEX_POINT('',#2203);
#2203 = CARTESIAN_POINT('',(15.66756610513,2.658253175473,4.354229559301
    ));
#2204 = CIRCLE('',#2205,0.6105);
#2205 = AXIS2_PLACEMENT_3D('',#2206,#2207,#2208);
#2206 = CARTESIAN_POINT('',(15.07,2.55,4.416729559301));
#2207 = DIRECTION('',(7.856406360916E-15,-0.5,-0.866025403784));
#2208 = DIRECTION('',(-1.,-7.703332588955E-15,-4.624275510786E-15));
#2209 = ORIENTED_EDGE('',*,*,#2210,.F.);
#2210 = EDGE_CURVE('',#2211,#2202,#2213,.T.);
#2211 = VERTEX_POINT('',#2212);
#2212 = CARTESIAN_POINT('',(15.66756610513,2.828003175473,4.648245183885
    ));
#2213 = LINE('',#2214,#2215);
#2214 = CARTESIAN_POINT('',(15.66756610513,2.808253175473,4.614037180436
    ));
#2215 = VECTOR('',#2216,1.);
#2216 = DIRECTION('',(7.978871040831E-15,-0.5,-0.866025403784));
#2217 = ORIENTED_EDGE('',*,*,#2218,.F.);
#2218 = EDGE_CURVE('',#2219,#2211,#2221,.T.);
#2219 = VERTEX_POINT('',#2220);
#2220 = CARTESIAN_POINT('',(14.47243389487,2.828003175473,4.648245183885
    ));
#2221 = CIRCLE('',#2222,0.6105);
#2222 = AXIS2_PLACEMENT_3D('',#2223,#2224,#2225);
#2223 = CARTESIAN_POINT('',(15.07,2.71975,4.710745183885));
#2224 = DIRECTION('',(7.978871040831E-15,-0.5,-0.866025403784));
#2225 = DIRECTION('',(-1.,-7.764564928913E-15,-4.730333034659E-15));
#2226 = ORIENTED_EDGE('',*,*,#2227,.F.);
#2227 = EDGE_CURVE('',#1639,#2219,#2228,.T.);
#2228 = B_SPLINE_CURVE_WITH_KNOTS('',1,(#2229,#2230),.UNSPECIFIED.,.F.,
  .F.,(2,2),(-0.598670295575,-3.949999999982E-02),
  .PIECEWISE_BEZIER_KNOTS.);
#2229 = CARTESIAN_POINT('',(14.47243389487,3.107588323261,5.132500864895
    ));
#2230 = CARTESIAN_POINT('',(14.47243389487,2.828003175473,4.648245183885
    ));
#2231 = ORIENTED_EDGE('',*,*,#1677,.T.);
#2232 = ORIENTED_EDGE('',*,*,#1636,.T.);
#2233 = ORIENTED_EDGE('',*,*,#2227,.T.);
#2234 = ORIENTED_EDGE('',*,*,#2235,.F.);
#2235 = EDGE_CURVE('',#2168,#2219,#2236,.T.);
#2236 = LINE('',#2237,#2238);
#2237 = CARTESIAN_POINT('',(14.47243389487,2.808253175473,4.614037180436
    ));
#2238 = VECTOR('',#2239,1.);
#2239 = DIRECTION('',(-7.978871040831E-15,0.5,0.866025403784));
#2240 = CYLINDRICAL_SURFACE('',#2241,0.6105);
#2241 = AXIS2_PLACEMENT_3D('',#2242,#2243,#2244);
#2242 = CARTESIAN_POINT('',(15.07,2.7,4.676537180436));
#2243 = DIRECTION('',(7.978871040831E-15,-0.5,-0.866025403784));
#2244 = DIRECTION('',(-1.,-7.764564928913E-15,-4.730333034659E-15));
#2245 = ADVANCED_FACE('',(#2246),#2257,.F.);
#2246 = FACE_BOUND('',#2247,.F.);
#2247 = EDGE_LOOP('',(#2248,#2249,#2256));
#2248 = ORIENTED_EDGE('',*,*,#1341,.T.);
#2249 = ORIENTED_EDGE('',*,*,#2250,.F.);
#2250 = EDGE_CURVE('',#2251,#1342,#2253,.T.);
#2251 = VERTEX_POINT('',#2252);
#2252 = CARTESIAN_POINT('',(-5.382687392875,-2.299934637893,
    3.10965575239));
#2253 = B_SPLINE_CURVE_WITH_KNOTS('',1,(#2254,#2255),.UNSPECIFIED.,.F.,
  .F.,(2,2),(-0.233326679443,0.136246478123),.PIECEWISE_BEZIER_KNOTS.);
#2254 = CARTESIAN_POINT('',(-5.382687392875,-2.299934637893,
    3.10965575239));
#2255 = CARTESIAN_POINT('',(-5.066579630191,-2.279215840504,3.3));
#2256 = ORIENTED_EDGE('',*,*,#2250,.T.);
#2257 = CONICAL_SURFACE('',#2258,0.2,1.02974425868);
#2258 = AXIS2_PLACEMENT_3D('',#2259,#2260,#2261);
#2259 = CARTESIAN_POINT('',(-5.382687392875,-2.299934637893,
    3.229827876194));
#2260 = DIRECTION('',(1.718290622233E-33,-7.364805613938E-49,1.));
#2261 = DIRECTION('',(-0.997858923239,-6.540312923014E-02,
    1.714611630113E-33));
#2262 = ADVANCED_FACE('',(#2263),#2285,.T.);
#2263 = FACE_BOUND('',#2264,.T.);
#2264 = EDGE_LOOP('',(#2265,#2266,#2267,#2268,#2269,#2276,#2283,#2284));
#2265 = ORIENTED_EDGE('',*,*,#1307,.T.);
#2266 = ORIENTED_EDGE('',*,*,#1379,.T.);
#2267 = ORIENTED_EDGE('',*,*,#1325,.T.);
#2268 = ORIENTED_EDGE('',*,*,#837,.T.);
#2269 = ORIENTED_EDGE('',*,*,#2270,.T.);
#2270 = EDGE_CURVE('',#829,#2271,#2273,.T.);
#2271 = VERTEX_POINT('',#2272);
#2272 = CARTESIAN_POINT('',(-1.045470053838,6.,1.796421389335E-33));
#2273 = B_SPLINE_CURVE_WITH_KNOTS('',1,(#2274,#2275),.UNSPECIFIED.,.F.,
  .F.,(2,2),(-9.198839574182,-3.315470053838),.PIECEWISE_BEZIER_KNOTS.);
#2274 = CARTESIAN_POINT('',(-6.928839574182,6.,1.190576006328E-32));
#2275 = CARTESIAN_POINT('',(-1.045470053838,6.,1.796421389335E-33));
#2276 = ORIENTED_EDGE('',*,*,#2277,.T.);
#2277 = EDGE_CURVE('',#2271,#2271,#2278,.T.);
#2278 = CIRCLE('',#2279,6.);
#2279 = AXIS2_PLACEMENT_3D('',#2280,#2281,#2282);
#2280 = CARTESIAN_POINT('',(-1.045470053838,1.272038209669E-28,
    1.796421389335E-33));
#2281 = DIRECTION('',(-1.,-1.883405411215E-29,1.718290622233E-33));
#2282 = DIRECTION('',(-1.883405411215E-29,1.,7.364805613939E-49));
#2283 = ORIENTED_EDGE('',*,*,#2270,.F.);
#2284 = ORIENTED_EDGE('',*,*,#828,.T.);
#2285 = CYLINDRICAL_SURFACE('',#2286,6.);
#2286 = AXIS2_PLACEMENT_3D('',#2287,#2288,#2289);
#2287 = CARTESIAN_POINT('',(2.27,1.89326617253E-28,-3.900519712469E-33)
  );
#2288 = DIRECTION('',(1.,1.883405411215E-29,-1.718290622233E-33));
#2289 = DIRECTION('',(-1.883405411215E-29,1.,7.364805613939E-49));
#2290 = ADVANCED_FACE('',(#2291),#2309,.T.);
#2291 = FACE_BOUND('',#2292,.T.);
#2292 = EDGE_LOOP('',(#2293,#2302,#2307,#2308));
#2293 = ORIENTED_EDGE('',*,*,#2294,.T.);
#2294 = EDGE_CURVE('',#2295,#2295,#2297,.T.);
#2295 = VERTEX_POINT('',#2296);
#2296 = CARTESIAN_POINT('',(-0.93,5.8,1.598010278677E-33));
#2297 = CIRCLE('',#2298,5.8);
#2298 = AXIS2_PLACEMENT_3D('',#2299,#2300,#2301);
#2299 = CARTESIAN_POINT('',(-0.93,-2.887610702729E-15,1.598010278677E-33
    ));
#2300 = DIRECTION('',(-1.,4.286122238378E-16,1.718290622233E-33));
#2301 = DIRECTION('',(1.718290622233E-33,-7.364805613938E-49,1.));
#2302 = ORIENTED_EDGE('',*,*,#2303,.T.);
#2303 = EDGE_CURVE('',#2295,#2271,#2304,.T.);
#2304 = B_SPLINE_CURVE_WITH_KNOTS('',1,(#2305,#2306),.UNSPECIFIED.,.F.,
  .F.,(2,2),(-0.115470053838,0.115470053838),.PIECEWISE_BEZIER_KNOTS.);
#2305 = CARTESIAN_POINT('',(-0.93,5.8,1.598010278677E-33));
#2306 = CARTESIAN_POINT('',(-1.045470053838,6.,1.796421389335E-33));
#2307 = ORIENTED_EDGE('',*,*,#2277,.F.);
#2308 = ORIENTED_EDGE('',*,*,#2303,.F.);
#2309 = CONICAL_SURFACE('',#2310,5.9,1.0471975512);
#2310 = AXIS2_PLACEMENT_3D('',#2311,#2312,#2313);
#2311 = CARTESIAN_POINT('',(-0.987735026919,-2.862864764448E-15,
    1.697215834006E-33));
#2312 = DIRECTION('',(-1.,4.286122238378E-16,1.718290622233E-33));
#2313 = DIRECTION('',(4.286122238378E-16,1.,1.965987763818E-55));
#2314 = ADVANCED_FACE('',(#2315),#2333,.T.);
#2315 = FACE_BOUND('',#2316,.T.);
#2316 = EDGE_LOOP('',(#2317,#2318,#2325,#2332));
#2317 = ORIENTED_EDGE('',*,*,#1487,.F.);
#2318 = ORIENTED_EDGE('',*,*,#2319,.F.);
#2319 = EDGE_CURVE('',#2320,#1488,#2322,.T.);
#2320 = VERTEX_POINT('',#2321);
#2321 = CARTESIAN_POINT('',(3.27,5.8,-5.618810334702E-33));
#2322 = B_SPLINE_CURVE_WITH_KNOTS('',1,(#2323,#2324),.UNSPECIFIED.,.F.,
  .F.,(2,2),(-0.115470053838,0.115470053838),.PIECEWISE_BEZIER_KNOTS.);
#2323 = CARTESIAN_POINT('',(3.27,5.8,-1.420590287011E-15));
#2324 = CARTESIAN_POINT('',(3.385470053838,6.,-1.469576158977E-15));
#2325 = ORIENTED_EDGE('',*,*,#2326,.F.);
#2326 = EDGE_CURVE('',#2320,#2320,#2327,.T.);
#2327 = CIRCLE('',#2328,5.8);
#2328 = AXIS2_PLACEMENT_3D('',#2329,#2330,#2331);
#2329 = CARTESIAN_POINT('',(3.27,-4.687782042848E-15,-5.618810334702E-33
    ));
#2330 = DIRECTION('',(-1.,4.286122238378E-16,1.718290622233E-33));
#2331 = DIRECTION('',(1.718290622233E-33,-7.364805613938E-49,1.));
#2332 = ORIENTED_EDGE('',*,*,#2319,.T.);
#2333 = CONICAL_SURFACE('',#2334,5.9,1.0471975512);
#2334 = AXIS2_PLACEMENT_3D('',#2335,#2336,#2337);
#2335 = CARTESIAN_POINT('',(3.327735026919,-4.712527981129E-15,
    -5.718015890032E-33));
#2336 = DIRECTION('',(1.,-4.286122238378E-16,-1.718290622233E-33));
#2337 = DIRECTION('',(4.286122238378E-16,1.,1.965987763818E-55));
#2338 = ADVANCED_FACE('',(#2339),#2349,.T.);
#2339 = FACE_BOUND('',#2340,.T.);
#2340 = EDGE_LOOP('',(#2341,#2342,#2347,#2348));
#2341 = ORIENTED_EDGE('',*,*,#2326,.T.);
#2342 = ORIENTED_EDGE('',*,*,#2343,.T.);
#2343 = EDGE_CURVE('',#2320,#2295,#2344,.T.);
#2344 = B_SPLINE_CURVE_WITH_KNOTS('',1,(#2345,#2346),.UNSPECIFIED.,.F.,
  .F.,(2,2),(-2.1,2.1),.PIECEWISE_BEZIER_KNOTS.);
#2345 = CARTESIAN_POINT('',(3.27,5.8,-5.618810334702E-33));
#2346 = CARTESIAN_POINT('',(-0.93,5.8,1.598010278677E-33));
#2347 = ORIENTED_EDGE('',*,*,#2294,.F.);
#2348 = ORIENTED_EDGE('',*,*,#2343,.F.);
#2349 = CYLINDRICAL_SURFACE('',#2350,5.8);
#2350 = AXIS2_PLACEMENT_3D('',#2351,#2352,#2353);
#2351 = CARTESIAN_POINT('',(1.17,-3.787696372788E-15,-2.010400028013E-33
    ));
#2352 = DIRECTION('',(-1.,4.286122238378E-16,1.718290622233E-33));
#2353 = DIRECTION('',(4.286122238378E-16,1.,1.965987763818E-55));
#2354 = ADVANCED_FACE('',(#2355),#2374,.T.);
#2355 = FACE_BOUND('',#2356,.T.);
#2356 = EDGE_LOOP('',(#2357,#2367));
#2357 = ORIENTED_EDGE('',*,*,#2358,.T.);
#2358 = EDGE_CURVE('',#2359,#2361,#2363,.T.);
#2359 = VERTEX_POINT('',#2360);
#2360 = CARTESIAN_POINT('',(4.234392867859,2.791746824527,-5.08544734195
    ));
#2361 = VERTEX_POINT('',#2362);
#2362 = CARTESIAN_POINT('',(5.305607132141,2.791746824527,-5.08544734195
    ));
#2363 = LINE('',#2364,#2365);
#2364 = CARTESIAN_POINT('',(4.77,2.791746824527,-5.08544734195));
#2365 = VECTOR('',#2366,1.);
#2366 = DIRECTION('',(1.,-1.651465964855E-16,4.085069757242E-16));
#2367 = ORIENTED_EDGE('',*,*,#2368,.F.);
#2368 = EDGE_CURVE('',#2359,#2361,#2369,.T.);
#2369 = CIRCLE('',#2370,0.55);
#2370 = AXIS2_PLACEMENT_3D('',#2371,#2372,#2373);
#2371 = CARTESIAN_POINT('',(4.77,2.9,-5.02294734195));
#2372 = DIRECTION('',(-4.363507168431E-16,-0.5,0.866025403784));
#2373 = DIRECTION('',(-6.123233995712E-17,0.866025403784,0.5));
#2374 = PLANE('',#2375);
#2375 = AXIS2_PLACEMENT_3D('',#2376,#2377,#2378);
#2376 = CARTESIAN_POINT('',(4.77,2.553589838486,-5.22294734195));
#2377 = DIRECTION('',(4.363507168431E-16,0.5,-0.866025403784));
#2378 = DIRECTION('',(1.,-1.591058527382E-16,4.119946007528E-16));
#2379 = ADVANCED_FACE('',(#2380),#2396,.T.);
#2380 = FACE_BOUND('',#2381,.T.);
#2381 = EDGE_LOOP('',(#2382,#2383,#2389,#2390));
#2382 = ORIENTED_EDGE('',*,*,#677,.F.);
#2383 = ORIENTED_EDGE('',*,*,#2384,.T.);
#2384 = EDGE_CURVE('',#678,#2359,#2385,.T.);
#2385 = ( BOUNDED_CURVE() B_SPLINE_CURVE(2,(#2386,#2387,#2388),
.UNSPECIFIED.,.F.,.F.) B_SPLINE_CURVE_WITH_KNOTS((3,3),(
    2.570823079891E-02,3.567978239817E-02),.PIECEWISE_BEZIER_KNOTS.) 
CURVE() GEOMETRIC_REPRESENTATION_ITEM() RATIONAL_B_SPLINE_CURVE((
1.007357020424,1.005105308294,1.)) REPRESENTATION_ITEM('') );
#2386 = CARTESIAN_POINT('',(4.17243389487,2.761496824527,-5.033052805021
    ));
#2387 = CARTESIAN_POINT('',(4.205028425684,2.77744882029,-5.060682472165
    ));
#2388 = CARTESIAN_POINT('',(4.234392867859,2.791746824527,-5.08544734195
    ));
#2389 = ORIENTED_EDGE('',*,*,#2368,.T.);
#2390 = ORIENTED_EDGE('',*,*,#2391,.T.);
#2391 = EDGE_CURVE('',#2361,#670,#2392,.T.);
#2392 = ( BOUNDED_CURVE() B_SPLINE_CURVE(2,(#2393,#2394,#2395),
.UNSPECIFIED.,.F.,.F.) B_SPLINE_CURVE_WITH_KNOTS((3,3),(0.,
9.971551599264E-03),.PIECEWISE_BEZIER_KNOTS.) CURVE() 
GEOMETRIC_REPRESENTATION_ITEM() RATIONAL_B_SPLINE_CURVE((1.,
1.005105308294,1.007357020424)) REPRESENTATION_ITEM('') );
#2393 = CARTESIAN_POINT('',(5.305607132141,2.791746824527,-5.08544734195
    ));
#2394 = CARTESIAN_POINT('',(5.334971574316,2.77744882029,-5.060682472165
    ));
#2395 = CARTESIAN_POINT('',(5.36756610513,2.761496824527,-5.033052805021
    ));
#2396 = CONICAL_SURFACE('',#2397,0.675,0.7853981634);
#2397 = AXIS2_PLACEMENT_3D('',#2398,#2399,#2400);
#2398 = CARTESIAN_POINT('',(4.77,2.8375,-4.914694166477));
#2399 = DIRECTION('',(-4.363507168431E-16,-0.5,0.866025403784));
#2400 = DIRECTION('',(-6.123233995712E-17,0.866025403784,0.5));
#2401 = ADVANCED_FACE('',(#2402),#2421,.T.);
#2402 = FACE_BOUND('',#2403,.T.);
#2403 = EDGE_LOOP('',(#2404,#2414));
#2404 = ORIENTED_EDGE('',*,*,#2405,.T.);
#2405 = EDGE_CURVE('',#2406,#2408,#2410,.T.);
#2406 = VERTEX_POINT('',#2407);
#2407 = CARTESIAN_POINT('',(5.305607132141,3.008253175473,-4.96044734195
    ));
#2408 = VERTEX_POINT('',#2409);
#2409 = CARTESIAN_POINT('',(4.234392867859,3.008253175473,-4.96044734195
    ));
#2410 = LINE('',#2411,#2412);
#2411 = CARTESIAN_POINT('',(4.77,3.008253175473,-4.96044734195));
#2412 = VECTOR('',#2413,1.);
#2413 = DIRECTION('',(-1.,1.651465964855E-16,-4.085069757242E-16));
#2414 = ORIENTED_EDGE('',*,*,#2415,.F.);
#2415 = EDGE_CURVE('',#2406,#2408,#2416,.T.);
#2416 = CIRCLE('',#2417,0.55);
#2417 = AXIS2_PLACEMENT_3D('',#2418,#2419,#2420);
#2418 = CARTESIAN_POINT('',(4.77,2.9,-5.02294734195));
#2419 = DIRECTION('',(-4.363507168431E-16,-0.5,0.866025403784));
#2420 = DIRECTION('',(-6.123233995712E-17,0.866025403784,0.5));
#2421 = PLANE('',#2422);
#2422 = AXIS2_PLACEMENT_3D('',#2423,#2424,#2425);
#2423 = CARTESIAN_POINT('',(4.77,2.553589838486,-5.22294734195));
#2424 = DIRECTION('',(4.363507168431E-16,0.5,-0.866025403784));
#2425 = DIRECTION('',(1.,-1.591058527382E-16,4.119946007528E-16));
#2426 = ADVANCED_FACE('',(#2427),#2440,.F.);
#2427 = FACE_BOUND('',#2428,.T.);
#2428 = EDGE_LOOP('',(#2429,#2430,#2436,#2437,#2438,#2439));
#2429 = ORIENTED_EDGE('',*,*,#686,.F.);
#2430 = ORIENTED_EDGE('',*,*,#2431,.F.);
#2431 = EDGE_CURVE('',#659,#687,#2432,.T.);
#2432 = LINE('',#2433,#2434);
#2433 = CARTESIAN_POINT('',(4.77,2.591746824527,-4.739037180436));
#2434 = VECTOR('',#2435,1.);
#2435 = DIRECTION('',(-1.,1.651465964855E-16,-4.085069757242E-16));
#2436 = ORIENTED_EDGE('',*,*,#669,.F.);
#2437 = ORIENTED_EDGE('',*,*,#2391,.F.);
#2438 = ORIENTED_EDGE('',*,*,#2358,.F.);
#2439 = ORIENTED_EDGE('',*,*,#2384,.F.);
#2440 = PLANE('',#2441);
#2441 = AXIS2_PLACEMENT_3D('',#2442,#2443,#2444);
#2442 = CARTESIAN_POINT('',(4.77,2.591746824527,-4.739037180436));
#2443 = DIRECTION('',(6.123233995712E-17,-0.866025403784,-0.5));
#2444 = DIRECTION('',(-1.,1.836764276873E-16,-4.406015848215E-16));
#2445 = ADVANCED_FACE('',(#2446),#2469,.F.);
#2446 = FACE_BOUND('',#2447,.T.);
#2447 = EDGE_LOOP('',(#2448,#2449,#2455,#2456,#2462,#2463));
#2448 = ORIENTED_EDGE('',*,*,#703,.F.);
#2449 = ORIENTED_EDGE('',*,*,#2450,.F.);
#2450 = EDGE_CURVE('',#2408,#704,#2451,.T.);
#2451 = ( BOUNDED_CURVE() B_SPLINE_CURVE(2,(#2452,#2453,#2454),
.UNSPECIFIED.,.F.,.F.) B_SPLINE_CURVE_WITH_KNOTS((3,3),(0.,
9.971551599264E-03),.PIECEWISE_BEZIER_KNOTS.) CURVE() 
GEOMETRIC_REPRESENTATION_ITEM() RATIONAL_B_SPLINE_CURVE((1.,
1.005105308294,1.007357020424)) REPRESENTATION_ITEM('') );
#2452 = CARTESIAN_POINT('',(4.234392867859,3.008253175473,-4.96044734195
    ));
#2453 = CARTESIAN_POINT('',(4.205028425684,2.993955171236,
    -4.935682472165));
#2454 = CARTESIAN_POINT('',(4.17243389487,2.978003175473,-4.908052805021
    ));
#2455 = ORIENTED_EDGE('',*,*,#2405,.F.);
#2456 = ORIENTED_EDGE('',*,*,#2457,.F.);
#2457 = EDGE_CURVE('',#712,#2406,#2458,.T.);
#2458 = ( BOUNDED_CURVE() B_SPLINE_CURVE(2,(#2459,#2460,#2461),
.UNSPECIFIED.,.F.,.F.) B_SPLINE_CURVE_WITH_KNOTS((3,3),(
    2.570823079891E-02,3.567978239817E-02),.PIECEWISE_BEZIER_KNOTS.) 
CURVE() GEOMETRIC_REPRESENTATION_ITEM() RATIONAL_B_SPLINE_CURVE((
1.007357020424,1.005105308294,1.)) REPRESENTATION_ITEM('') );
#2459 = CARTESIAN_POINT('',(5.36756610513,2.978003175473,-4.908052805021
    ));
#2460 = CARTESIAN_POINT('',(5.334971574316,2.993955171236,
    -4.935682472165));
#2461 = CARTESIAN_POINT('',(5.305607132141,3.008253175473,-4.96044734195
    ));
#2462 = ORIENTED_EDGE('',*,*,#804,.F.);
#2463 = ORIENTED_EDGE('',*,*,#2464,.F.);
#2464 = EDGE_CURVE('',#695,#661,#2465,.T.);
#2465 = LINE('',#2466,#2467);
#2466 = CARTESIAN_POINT('',(4.77,2.808253175473,-4.614037180436));
#2467 = VECTOR('',#2468,1.);
#2468 = DIRECTION('',(1.,-1.651465964855E-16,4.085069757242E-16));
#2469 = PLANE('',#2470);
#2470 = AXIS2_PLACEMENT_3D('',#2471,#2472,#2473);
#2471 = CARTESIAN_POINT('',(4.77,3.11917125935,-5.152563098703));
#2472 = DIRECTION('',(-6.123233995712E-17,0.866025403784,0.5));
#2473 = DIRECTION('',(1.,-1.836764276873E-16,4.406015848215E-16));
#2474 = ADVANCED_FACE('',(#2475),#2481,.F.);
#2475 = FACE_BOUND('',#2476,.T.);
#2476 = EDGE_LOOP('',(#2477,#2478,#2479,#2480));
#2477 = ORIENTED_EDGE('',*,*,#694,.F.);
#2478 = ORIENTED_EDGE('',*,*,#2464,.T.);
#2479 = ORIENTED_EDGE('',*,*,#658,.F.);
#2480 = ORIENTED_EDGE('',*,*,#2431,.T.);
#2481 = PLANE('',#2482);
#2482 = AXIS2_PLACEMENT_3D('',#2483,#2484,#2485);
#2483 = CARTESIAN_POINT('',(4.77,2.808253175473,-4.614037180436));
#2484 = DIRECTION('',(-4.363507168431E-16,-0.5,0.866025403784));
#2485 = DIRECTION('',(-1.,1.591058527382E-16,-4.119946007528E-16));
#2486 = ADVANCED_FACE('',(#2487),#2493,.T.);
#2487 = FACE_BOUND('',#2488,.T.);
#2488 = EDGE_LOOP('',(#2489,#2490,#2491,#2492));
#2489 = ORIENTED_EDGE('',*,*,#711,.F.);
#2490 = ORIENTED_EDGE('',*,*,#2457,.T.);
#2491 = ORIENTED_EDGE('',*,*,#2415,.T.);
#2492 = ORIENTED_EDGE('',*,*,#2450,.T.);
#2493 = CONICAL_SURFACE('',#2494,0.675,0.7853981634);
#2494 = AXIS2_PLACEMENT_3D('',#2495,#2496,#2497);
#2495 = CARTESIAN_POINT('',(4.77,2.8375,-4.914694166477));
#2496 = DIRECTION('',(-4.363507168431E-16,-0.5,0.866025403784));
#2497 = DIRECTION('',(-6.123233995712E-17,0.866025403784,0.5));
#2498 = ADVANCED_FACE('',(#2499),#2518,.T.);
#2499 = FACE_BOUND('',#2500,.T.);
#2500 = EDGE_LOOP('',(#2501,#2511));
#2501 = ORIENTED_EDGE('',*,*,#2502,.T.);
#2502 = EDGE_CURVE('',#2503,#2505,#2507,.T.);
#2503 = VERTEX_POINT('',#2504);
#2504 = CARTESIAN_POINT('',(-6.361539086294,7.340544627413E-04,2.75));
#2505 = VERTEX_POINT('',#2506);
#2506 = CARTESIAN_POINT('',(-5.290324822013,7.340544627409E-04,2.75));
#2507 = LINE('',#2508,#2509);
#2508 = CARTESIAN_POINT('',(-5.825931954153,7.340544627411E-04,2.75));
#2509 = VECTOR('',#2510,1.);
#2510 = DIRECTION('',(1.,-4.286122238376E-16,-8.799312079343E-28));
#2511 = ORIENTED_EDGE('',*,*,#2512,.F.);
#2512 = EDGE_CURVE('',#2503,#2505,#2513,.T.);
#2513 = CIRCLE('',#2514,0.55);
#2514 = AXIS2_PLACEMENT_3D('',#2515,#2516,#2517);
#2515 = CARTESIAN_POINT('',(-5.825931954153,-0.124265945537,2.75));
#2516 = DIRECTION('',(-8.799312079343E-28,1.593091911132E-58,-1.));
#2517 = DIRECTION('',(-4.286122238376E-16,-1.,3.771492718568E-43));
#2518 = PLANE('',#2519);
#2519 = AXIS2_PLACEMENT_3D('',#2520,#2521,#2522);
#2520 = CARTESIAN_POINT('',(-5.825931954153,0.275734054463,2.75));
#2521 = DIRECTION('',(8.799312079343E-28,-1.565331428916E-58,1.));
#2522 = DIRECTION('',(1.,-4.274358644807E-16,-8.799312079343E-28));
#2523 = ADVANCED_FACE('',(#2524),#2550,.T.);
#2524 = FACE_BOUND('',#2525,.T.);
#2525 = EDGE_LOOP('',(#2526,#2527,#2535,#2544));
#2526 = ORIENTED_EDGE('',*,*,#1395,.F.);
#2527 = ORIENTED_EDGE('',*,*,#2528,.T.);
#2528 = EDGE_CURVE('',#1396,#2529,#2531,.T.);
#2529 = VERTEX_POINT('',#2530);
#2530 = CARTESIAN_POINT('',(-5.290324822013,-0.249265945537,2.75));
#2531 = ( BOUNDED_CURVE() B_SPLINE_CURVE(2,(#2532,#2533,#2534),
.UNSPECIFIED.,.F.,.F.) B_SPLINE_CURVE_WITH_KNOTS((3,3),(
    2.570823079891E-02,3.567978239817E-02),.PIECEWISE_BEZIER_KNOTS.) 
CURVE() GEOMETRIC_REPRESENTATION_ITEM() RATIONAL_B_SPLINE_CURVE((
1.007357020424,1.005105308294,1.)) REPRESENTATION_ITEM('') );
#2532 = CARTESIAN_POINT('',(-5.228365849024,-0.249265945537,2.6895));
#2533 = CARTESIAN_POINT('',(-5.260960379838,-0.249265945537,
    2.721403991527));
#2534 = CARTESIAN_POINT('',(-5.290324822013,-0.249265945537,2.75));
#2535 = ORIENTED_EDGE('',*,*,#2536,.T.);
#2536 = EDGE_CURVE('',#2529,#2537,#2539,.T.);
#2537 = VERTEX_POINT('',#2538);
#2538 = CARTESIAN_POINT('',(-6.361539086294,-0.249265945537,2.75));
#2539 = CIRCLE('',#2540,0.55);
#2540 = AXIS2_PLACEMENT_3D('',#2541,#2542,#2543);
#2541 = CARTESIAN_POINT('',(-5.825931954153,-0.124265945537,2.75));
#2542 = DIRECTION('',(-8.799312079343E-28,1.593091911132E-58,-1.));
#2543 = DIRECTION('',(-4.286122238376E-16,-1.,3.771492718568E-43));
#2544 = ORIENTED_EDGE('',*,*,#2545,.T.);
#2545 = EDGE_CURVE('',#2537,#1398,#2546,.T.);
#2546 = ( BOUNDED_CURVE() B_SPLINE_CURVE(2,(#2547,#2548,#2549),
.UNSPECIFIED.,.F.,.F.) B_SPLINE_CURVE_WITH_KNOTS((3,3),(0.,
9.971551599264E-03),.PIECEWISE_BEZIER_KNOTS.) CURVE() 
GEOMETRIC_REPRESENTATION_ITEM() RATIONAL_B_SPLINE_CURVE((1.,
1.005105308294,1.007357020424)) REPRESENTATION_ITEM('') );
#2547 = CARTESIAN_POINT('',(-6.361539086294,-0.249265945537,2.75));
#2548 = CARTESIAN_POINT('',(-6.390903528469,-0.249265945537,
    2.721403991527));
#2549 = CARTESIAN_POINT('',(-6.423498059283,-0.249265945537,2.6895));
#2550 = CONICAL_SURFACE('',#2551,0.675,0.7853981634);
#2551 = AXIS2_PLACEMENT_3D('',#2552,#2553,#2554);
#2552 = CARTESIAN_POINT('',(-5.825931954153,-0.124265945537,2.625));
#2553 = DIRECTION('',(-8.799312079343E-28,1.565331428916E-58,-1.));
#2554 = DIRECTION('',(-4.286122238376E-16,-1.,3.771492718568E-43));
#2555 = ADVANCED_FACE('',(#2556),#2565,.T.);
#2556 = FACE_BOUND('',#2557,.T.);
#2557 = EDGE_LOOP('',(#2558,#2564));
#2558 = ORIENTED_EDGE('',*,*,#2559,.T.);
#2559 = EDGE_CURVE('',#2529,#2537,#2560,.T.);
#2560 = LINE('',#2561,#2562);
#2561 = CARTESIAN_POINT('',(-5.825931954153,-0.249265945537,2.75));
#2562 = VECTOR('',#2563,1.);
#2563 = DIRECTION('',(-1.,4.286122238376E-16,8.799312079343E-28));
#2564 = ORIENTED_EDGE('',*,*,#2536,.F.);
#2565 = PLANE('',#2566);
#2566 = AXIS2_PLACEMENT_3D('',#2567,#2568,#2569);
#2567 = CARTESIAN_POINT('',(-5.825931954153,0.275734054463,2.75));
#2568 = DIRECTION('',(8.799312079343E-28,-1.565331428916E-58,1.));
#2569 = DIRECTION('',(1.,-4.274358644807E-16,-8.799312079343E-28));
#2570 = ADVANCED_FACE('',(#2571),#2594,.F.);
#2571 = FACE_BOUND('',#2572,.T.);
#2572 = EDGE_LOOP('',(#2573,#2574,#2580,#2581,#2587,#2588));
#2573 = ORIENTED_EDGE('',*,*,#1439,.F.);
#2574 = ORIENTED_EDGE('',*,*,#2575,.F.);
#2575 = EDGE_CURVE('',#2505,#1440,#2576,.T.);
#2576 = ( BOUNDED_CURVE() B_SPLINE_CURVE(2,(#2577,#2578,#2579),
.UNSPECIFIED.,.F.,.F.) B_SPLINE_CURVE_WITH_KNOTS((3,3),(0.,
9.971551599264E-03),.PIECEWISE_BEZIER_KNOTS.) CURVE() 
GEOMETRIC_REPRESENTATION_ITEM() RATIONAL_B_SPLINE_CURVE((1.,
1.005105308294,1.007357020424)) REPRESENTATION_ITEM('') );
#2577 = CARTESIAN_POINT('',(-5.290324822013,7.340544627409E-04,2.75));
#2578 = CARTESIAN_POINT('',(-5.260960379838,7.340544627408E-04,
    2.721403991527));
#2579 = CARTESIAN_POINT('',(-5.228365849024,7.340544627408E-04,2.6895));
#2580 = ORIENTED_EDGE('',*,*,#2502,.F.);
#2581 = ORIENTED_EDGE('',*,*,#2582,.F.);
#2582 = EDGE_CURVE('',#1448,#2503,#2583,.T.);
#2583 = ( BOUNDED_CURVE() B_SPLINE_CURVE(2,(#2584,#2585,#2586),
.UNSPECIFIED.,.F.,.F.) B_SPLINE_CURVE_WITH_KNOTS((3,3),(
    2.570823079891E-02,3.567978239817E-02),.PIECEWISE_BEZIER_KNOTS.) 
CURVE() GEOMETRIC_REPRESENTATION_ITEM() RATIONAL_B_SPLINE_CURVE((
1.007357020424,1.005105308294,1.)) REPRESENTATION_ITEM('') );
#2584 = CARTESIAN_POINT('',(-6.423498059283,7.340544627413E-04,2.6895));
#2585 = CARTESIAN_POINT('',(-6.390903528469,7.340544627413E-04,
    2.721403991527));
#2586 = CARTESIAN_POINT('',(-6.361539086294,7.340544627413E-04,2.75));
#2587 = ORIENTED_EDGE('',*,*,#1456,.F.);
#2588 = ORIENTED_EDGE('',*,*,#2589,.F.);
#2589 = EDGE_CURVE('',#1431,#1457,#2590,.T.);
#2590 = LINE('',#2591,#2592);
#2591 = CARTESIAN_POINT('',(-5.825931954153,7.34054462741E-04,2.35));
#2592 = VECTOR('',#2593,1.);
#2593 = DIRECTION('',(-1.,4.286122238376E-16,8.799312079343E-28));
#2594 = PLANE('',#2595);
#2595 = AXIS2_PLACEMENT_3D('',#2596,#2597,#2598);
#2596 = CARTESIAN_POINT('',(-5.825931954153,7.34054462741E-04,2.35));
#2597 = DIRECTION('',(4.286122238376E-16,1.,-1.394839642603E-16));
#2598 = DIRECTION('',(-1.,4.286122238376E-16,-7.561440568772E-37));
#2599 = ADVANCED_FACE('',(#2600),#2612,.F.);
#2600 = FACE_BOUND('',#2601,.F.);
#2601 = EDGE_LOOP('',(#2602,#2608,#2609,#2610,#2611));
#2602 = ORIENTED_EDGE('',*,*,#2603,.F.);
#2603 = EDGE_CURVE('',#1465,#1407,#2604,.T.);
#2604 = LINE('',#2605,#2606);
#2605 = CARTESIAN_POINT('',(-5.825931954153,-0.249265945537,2.35));
#2606 = VECTOR('',#2607,1.);
#2607 = DIRECTION('',(1.,-4.286122238376E-16,-8.799312079343E-28));
#2608 = ORIENTED_EDGE('',*,*,#1464,.T.);
#2609 = ORIENTED_EDGE('',*,*,#2589,.F.);
#2610 = ORIENTED_EDGE('',*,*,#1430,.T.);
#2611 = ORIENTED_EDGE('',*,*,#1414,.T.);
#2612 = PLANE('',#2613);
#2613 = AXIS2_PLACEMENT_3D('',#2614,#2615,#2616);
#2614 = CARTESIAN_POINT('',(-5.825931954153,-0.249265945537,2.35));
#2615 = DIRECTION('',(-8.799312079343E-28,1.565331428916E-58,-1.));
#2616 = DIRECTION('',(-1.,4.274358644807E-16,8.799312079343E-28));
#2617 = ADVANCED_FACE('',(#2618),#2626,.F.);
#2618 = FACE_BOUND('',#2619,.T.);
#2619 = EDGE_LOOP('',(#2620,#2621,#2622,#2623,#2624,#2625));
#2620 = ORIENTED_EDGE('',*,*,#1406,.F.);
#2621 = ORIENTED_EDGE('',*,*,#2603,.F.);
#2622 = ORIENTED_EDGE('',*,*,#1473,.F.);
#2623 = ORIENTED_EDGE('',*,*,#2545,.F.);
#2624 = ORIENTED_EDGE('',*,*,#2559,.F.);
#2625 = ORIENTED_EDGE('',*,*,#2528,.F.);
#2626 = PLANE('',#2627);
#2627 = AXIS2_PLACEMENT_3D('',#2628,#2629,#2630);
#2628 = CARTESIAN_POINT('',(-5.825931954153,-0.249265945537,
    2.971836167754));
#2629 = DIRECTION('',(-4.286122238376E-16,-1.,3.771492718568E-43));
#2630 = DIRECTION('',(1.,-4.286122238376E-16,4.436630749131E-61));
#2631 = ADVANCED_FACE('',(#2632),#2638,.T.);
#2632 = FACE_BOUND('',#2633,.T.);
#2633 = EDGE_LOOP('',(#2634,#2635,#2636,#2637));
#2634 = ORIENTED_EDGE('',*,*,#1447,.F.);
#2635 = ORIENTED_EDGE('',*,*,#2582,.T.);
#2636 = ORIENTED_EDGE('',*,*,#2512,.T.);
#2637 = ORIENTED_EDGE('',*,*,#2575,.T.);
#2638 = CONICAL_SURFACE('',#2639,0.675,0.7853981634);
#2639 = AXIS2_PLACEMENT_3D('',#2640,#2641,#2642);
#2640 = CARTESIAN_POINT('',(-5.825931954153,-0.124265945537,2.625));
#2641 = DIRECTION('',(-8.799312079343E-28,1.565331428916E-58,-1.));
#2642 = DIRECTION('',(-4.286122238376E-16,-1.,3.771492718568E-43));
#2643 = ADVANCED_FACE('',(#2644),#2718,.F.);
#2644 = FACE_BOUND('',#2645,.F.);
#2645 = EDGE_LOOP('',(#2646,#2685,#2692,#2701,#2710,#2717));
#2646 = ORIENTED_EDGE('',*,*,#2647,.T.);
#2647 = EDGE_CURVE('',#2648,#2648,#2650,.T.);
#2648 = VERTEX_POINT('',#2649);
#2649 = CARTESIAN_POINT('',(15.07,-3.953136697611,0.6105));
#2650 = B_SPLINE_CURVE_WITH_KNOTS('',3,(#2651,#2652,#2653,#2654,#2655,
    #2656,#2657,#2658,#2659,#2660,#2661,#2662,#2663,#2664,#2665,#2666,
    #2667,#2668,#2669,#2670,#2671,#2672,#2673,#2674,#2675,#2676,#2677,
    #2678,#2679,#2680,#2681,#2682,#2683,#2684),.UNSPECIFIED.,.T.,.F.,(1,
    3,2,2,2,2,2,2,2,2,2,2,2,2,2,2,2,3,1),(-2.303565415153E-02,0.,
    2.303565415153E-02,4.607130830306E-02,6.910653161696E-02,
    9.214175493086E-02,0.115176978245,0.138212201559,0.16124785571,
    0.184283509862,0.207319164013,0.230354818165,0.253390041479,
    0.276425264793,0.299460488106,0.32249571142,0.345531365572,
    0.368567019723,0.391602673875),.UNSPECIFIED.);
#2651 = CARTESIAN_POINT('',(15.07,-3.953136697611,0.6105));
#2652 = CARTESIAN_POINT('',(14.993214486162,-3.953136697611,0.6105));
#2653 = CARTESIAN_POINT('',(14.91139427735,-3.955605116774,
    0.595129785797));
#2654 = CARTESIAN_POINT('',(14.761016067706,-3.964483208833,
    0.532789056403));
#2655 = CARTESIAN_POINT('',(14.692447610223,-3.970760551227,
    0.485824990051));
#2656 = CARTESIAN_POINT('',(14.584176022464,-3.982514104638,
    0.377553402293));
#2657 = CARTESIAN_POINT('',(14.537211161863,-3.98875938952,
    0.308984508264));
#2658 = CARTESIAN_POINT('',(14.474869854717,-3.997563934336,
    0.158604806028));
#2659 = CARTESIAN_POINT('',(14.4595,-4.,7.6784077713E-02));
#2660 = CARTESIAN_POINT('',(14.4595,-4.,-7.6784077713E-02));
#2661 = CARTESIAN_POINT('',(14.474869854717,-3.997563934336,
    -0.158604806028));
#2662 = CARTESIAN_POINT('',(14.537211161863,-3.98875938952,
    -0.308984508264));
#2663 = CARTESIAN_POINT('',(14.584176022464,-3.982514104638,
    -0.377553402293));
#2664 = CARTESIAN_POINT('',(14.692447610223,-3.970760551227,
    -0.485824990051));
#2665 = CARTESIAN_POINT('',(14.761016067706,-3.964483208833,
    -0.532789056403));
#2666 = CARTESIAN_POINT('',(14.91139427735,-3.955605116774,
    -0.595129785797));
#2667 = CARTESIAN_POINT('',(14.993214486162,-3.953136697611,-0.6105));
#2668 = CARTESIAN_POINT('',(15.146785513838,-3.953136697611,-0.6105));
#2669 = CARTESIAN_POINT('',(15.228605722649,-3.955605116774,
    -0.595129785797));
#2670 = CARTESIAN_POINT('',(15.378983932294,-3.964483208833,
    -0.532789056403));
#2671 = CARTESIAN_POINT('',(15.447552389777,-3.970760551227,
    -0.485824990051));
#2672 = CARTESIAN_POINT('',(15.555823977536,-3.982514104638,
    -0.377553402293));
#2673 = CARTESIAN_POINT('',(15.602788838137,-3.98875938952,
    -0.308984508264));
#2674 = CARTESIAN_POINT('',(15.665130145283,-3.997563934336,
    -0.158604806028));
#2675 = CARTESIAN_POINT('',(15.6805,-4.,-7.6784077713E-02));
#2676 = CARTESIAN_POINT('',(15.6805,-4.,7.6784077713E-02));
#2677 = CARTESIAN_POINT('',(15.665130145283,-3.997563934336,
    0.158604806028));
#2678 = CARTESIAN_POINT('',(15.602788838137,-3.98875938952,
    0.308984508264));
#2679 = CARTESIAN_POINT('',(15.555823977536,-3.982514104638,
    0.377553402293));
#2680 = CARTESIAN_POINT('',(15.447552389777,-3.970760551227,
    0.485824990051));
#2681 = CARTESIAN_POINT('',(15.378983932294,-3.964483208833,
    0.532789056403));
#2682 = CARTESIAN_POINT('',(15.228605722649,-3.955605116774,
    0.595129785797));
#2683 = CARTESIAN_POINT('',(15.146785513838,-3.953136697611,0.6105));
#2684 = CARTESIAN_POINT('',(15.07,-3.953136697611,0.6105));
#2685 = ORIENTED_EDGE('',*,*,#2686,.F.);
#2686 = EDGE_CURVE('',#2687,#2648,#2689,.T.);
#2687 = VERTEX_POINT('',#2688);
#2688 = CARTESIAN_POINT('',(15.07,-4.50005403326,0.6105));
#2689 = B_SPLINE_CURVE_WITH_KNOTS('',1,(#2690,#2691),.UNSPECIFIED.,.F.,
  .F.,(2,2),(0.89994596674,1.446863302389),.PIECEWISE_BEZIER_KNOTS.);
#2690 = CARTESIAN_POINT('',(15.07,-4.50005403326,0.6105));
#2691 = CARTESIAN_POINT('',(15.07,-3.953136697611,0.6105));
#2692 = ORIENTED_EDGE('',*,*,#2693,.F.);
#2693 = EDGE_CURVE('',#2694,#2687,#2696,.T.);
#2694 = VERTEX_POINT('',#2695);
#2695 = CARTESIAN_POINT('',(15.6805,-4.50005403326,7.476468708795E-17));
#2696 = CIRCLE('',#2697,0.6105);
#2697 = AXIS2_PLACEMENT_3D('',#2698,#2699,#2700);
#2698 = CARTESIAN_POINT('',(15.07,-4.50005403326,-2.589463967705E-32));
#2699 = DIRECTION('',(-4.286122238378E-16,-1.,-1.965987763818E-55));
#2700 = DIRECTION('',(-1.,4.286122238378E-16,1.718290622233E-33));
#2701 = ORIENTED_EDGE('',*,*,#2702,.F.);
#2702 = EDGE_CURVE('',#2703,#2694,#2705,.T.);
#2703 = VERTEX_POINT('',#2704);
#2704 = CARTESIAN_POINT('',(15.07,-4.50005403326,-0.6105));
#2705 = CIRCLE('',#2706,0.6105);
#2706 = AXIS2_PLACEMENT_3D('',#2707,#2708,#2709);
#2707 = CARTESIAN_POINT('',(15.07,-4.50005403326,-2.589463967705E-32));
#2708 = DIRECTION('',(-4.286122238378E-16,-1.,-1.965987763818E-55));
#2709 = DIRECTION('',(-1.,4.286122238378E-16,1.718290622233E-33));
#2710 = ORIENTED_EDGE('',*,*,#2711,.F.);
#2711 = EDGE_CURVE('',#2687,#2703,#2712,.T.);
#2712 = CIRCLE('',#2713,0.6105);
#2713 = AXIS2_PLACEMENT_3D('',#2714,#2715,#2716);
#2714 = CARTESIAN_POINT('',(15.07,-4.50005403326,-2.589463967705E-32));
#2715 = DIRECTION('',(-4.286122238378E-16,-1.,-1.965987763818E-55));
#2716 = DIRECTION('',(-1.,4.286122238378E-16,1.718290622233E-33));
#2717 = ORIENTED_EDGE('',*,*,#2686,.T.);
#2718 = CYLINDRICAL_SURFACE('',#2719,0.6105);
#2719 = AXIS2_PLACEMENT_3D('',#2720,#2721,#2722);
#2720 = CARTESIAN_POINT('',(15.07,-5.4,-2.589463967705E-32));
#2721 = DIRECTION('',(4.286122238378E-16,1.,1.965987764335E-55));
#2722 = DIRECTION('',(-1.,4.286122238378E-16,1.718290622233E-33));
#2723 = ADVANCED_FACE('',(#2724),#2735,.T.);
#2724 = FACE_BOUND('',#2725,.T.);
#2725 = EDGE_LOOP('',(#2726));
#2726 = ORIENTED_EDGE('',*,*,#2727,.F.);
#2727 = EDGE_CURVE('',#2728,#2728,#2730,.T.);
#2728 = VERTEX_POINT('',#2729);
#2729 = CARTESIAN_POINT('',(15.07,-4.009358222275,-2.571150438746E-02));
#2730 = CIRCLE('',#2731,2.571150438746E-02);
#2731 = AXIS2_PLACEMENT_3D('',#2732,#2733,#2734);
#2732 = CARTESIAN_POINT('',(15.07,-4.009358222275,-5.208936383592E-31));
#2733 = DIRECTION('',(-3.061475439229E-16,-1.,-2.095411779493E-31));
#2734 = DIRECTION('',(3.330669073867E-16,1.075735622909E-31,-1.));
#2735 = SPHERICAL_SURFACE('',#2736,4.E-02);
#2736 = AXIS2_PLACEMENT_3D('',#2737,#2738,#2739);
#2737 = CARTESIAN_POINT('',(15.07,-4.04,-5.273143525581E-31));
#2738 = DIRECTION('',(1.,0.,3.330669073867E-16));
#2739 = DIRECTION('',(6.979123210975E-47,-1.,-2.095411779493E-31));
#2740 = ADVANCED_FACE('',(#2741),#2760,.T.);
#2741 = FACE_BOUND('',#2742,.T.);
#2742 = EDGE_LOOP('',(#2743,#2753));
#2743 = ORIENTED_EDGE('',*,*,#2744,.T.);
#2744 = EDGE_CURVE('',#2745,#2747,#2749,.T.);
#2745 = VERTEX_POINT('',#2746);
#2746 = CARTESIAN_POINT('',(15.605607132141,-5.5,-0.125));
#2747 = VERTEX_POINT('',#2748);
#2748 = CARTESIAN_POINT('',(14.534392867859,-5.5,-0.125));
#2749 = LINE('',#2750,#2751);
#2750 = CARTESIAN_POINT('',(15.07,-5.5,-0.125));
#2751 = VECTOR('',#2752,1.);
#2752 = DIRECTION('',(-1.,3.061475439229E-16,-3.330669073867E-16));
#2753 = ORIENTED_EDGE('',*,*,#2754,.F.);
#2754 = EDGE_CURVE('',#2745,#2747,#2755,.T.);
#2755 = CIRCLE('',#2756,0.55);
#2756 = AXIS2_PLACEMENT_3D('',#2757,#2758,#2759);
#2757 = CARTESIAN_POINT('',(15.07,-5.5,-8.332444723642E-31));
#2758 = DIRECTION('',(3.061475439229E-16,1.,2.095411779493E-31));
#2759 = DIRECTION('',(-3.330669073867E-16,-1.075735622909E-31,1.));
#2760 = PLANE('',#2761);
#2761 = AXIS2_PLACEMENT_3D('',#2762,#2763,#2764);
#2762 = CARTESIAN_POINT('',(15.07,-5.5,-0.4));
#2763 = DIRECTION('',(-3.061475439229E-16,-1.,-2.095411779493E-31));
#2764 = DIRECTION('',(-1.,3.061475439229E-16,-3.330669073875E-16));
#2765 = ADVANCED_FACE('',(#2766),#2782,.T.);
#2766 = FACE_BOUND('',#2767,.T.);
#2767 = EDGE_LOOP('',(#2768,#2769,#2775,#2776));
#2768 = ORIENTED_EDGE('',*,*,#2016,.F.);
#2769 = ORIENTED_EDGE('',*,*,#2770,.T.);
#2770 = EDGE_CURVE('',#2017,#2745,#2771,.T.);
#2771 = ( BOUNDED_CURVE() B_SPLINE_CURVE(2,(#2772,#2773,#2774),
.UNSPECIFIED.,.F.,.F.) B_SPLINE_CURVE_WITH_KNOTS((3,3),(
    2.570823079892E-02,3.567978239817E-02),.PIECEWISE_BEZIER_KNOTS.) 
CURVE() GEOMETRIC_REPRESENTATION_ITEM() RATIONAL_B_SPLINE_CURVE((
1.007357020424,1.005105308294,1.)) REPRESENTATION_ITEM('') );
#2772 = CARTESIAN_POINT('',(15.66756610513,-5.4395,-0.125));
#2773 = CARTESIAN_POINT('',(15.634971574316,-5.471403991527,-0.125));
#2774 = CARTESIAN_POINT('',(15.605607132141,-5.5,-0.125));
#2775 = ORIENTED_EDGE('',*,*,#2754,.T.);
#2776 = ORIENTED_EDGE('',*,*,#2777,.T.);
#2777 = EDGE_CURVE('',#2747,#2009,#2778,.T.);
#2778 = ( BOUNDED_CURVE() B_SPLINE_CURVE(2,(#2779,#2780,#2781),
.UNSPECIFIED.,.F.,.F.) B_SPLINE_CURVE_WITH_KNOTS((3,3),(0.,
9.97155159925E-03),.PIECEWISE_BEZIER_KNOTS.) CURVE() 
GEOMETRIC_REPRESENTATION_ITEM() RATIONAL_B_SPLINE_CURVE((1.,
1.005105308294,1.007357020424)) REPRESENTATION_ITEM('') );
#2779 = CARTESIAN_POINT('',(14.534392867859,-5.5,-0.125));
#2780 = CARTESIAN_POINT('',(14.505028425684,-5.471403991527,-0.125));
#2781 = CARTESIAN_POINT('',(14.47243389487,-5.4395,-0.125));
#2782 = CONICAL_SURFACE('',#2783,0.675,0.7853981634);
#2783 = AXIS2_PLACEMENT_3D('',#2784,#2785,#2786);
#2784 = CARTESIAN_POINT('',(15.07,-5.375,-8.070518251205E-31));
#2785 = DIRECTION('',(3.061475439229E-16,1.,2.095411779493E-31));
#2786 = DIRECTION('',(-3.330669073867E-16,-1.075735622909E-31,1.));
#2787 = ADVANCED_FACE('',(#2788),#2807,.T.);
#2788 = FACE_BOUND('',#2789,.T.);
#2789 = EDGE_LOOP('',(#2790,#2800));
#2790 = ORIENTED_EDGE('',*,*,#2791,.T.);
#2791 = EDGE_CURVE('',#2792,#2794,#2796,.T.);
#2792 = VERTEX_POINT('',#2793);
#2793 = CARTESIAN_POINT('',(14.534392867859,-5.5,0.125));
#2794 = VERTEX_POINT('',#2795);
#2795 = CARTESIAN_POINT('',(15.605607132141,-5.5,0.125));
#2796 = LINE('',#2797,#2798);
#2797 = CARTESIAN_POINT('',(15.07,-5.5,0.125));
#2798 = VECTOR('',#2799,1.);
#2799 = DIRECTION('',(1.,-3.061475439229E-16,3.330669073867E-16));
#2800 = ORIENTED_EDGE('',*,*,#2801,.F.);
#2801 = EDGE_CURVE('',#2792,#2794,#2802,.T.);
#2802 = CIRCLE('',#2803,0.55);
#2803 = AXIS2_PLACEMENT_3D('',#2804,#2805,#2806);
#2804 = CARTESIAN_POINT('',(15.07,-5.5,-8.332444723642E-31));
#2805 = DIRECTION('',(3.061475439229E-16,1.,2.095411779493E-31));
#2806 = DIRECTION('',(-3.330669073867E-16,-1.075735622909E-31,1.));
#2807 = PLANE('',#2808);
#2808 = AXIS2_PLACEMENT_3D('',#2809,#2810,#2811);
#2809 = CARTESIAN_POINT('',(15.07,-5.5,-0.4));
#2810 = DIRECTION('',(-3.061475439229E-16,-1.,-2.095411779493E-31));
#2811 = DIRECTION('',(-1.,3.061475439229E-16,-3.330669073875E-16));
#2812 = ADVANCED_FACE('',(#2813),#2826,.F.);
#2813 = FACE_BOUND('',#2814,.T.);
#2814 = EDGE_LOOP('',(#2815,#2816,#2822,#2823,#2824,#2825));
#2815 = ORIENTED_EDGE('',*,*,#2025,.F.);
#2816 = ORIENTED_EDGE('',*,*,#2817,.F.);
#2817 = EDGE_CURVE('',#1998,#2026,#2818,.T.);
#2818 = LINE('',#2819,#2820);
#2819 = CARTESIAN_POINT('',(15.07,-5.1,-0.125));
#2820 = VECTOR('',#2821,1.);
#2821 = DIRECTION('',(1.,-3.061475439229E-16,3.330669073867E-16));
#2822 = ORIENTED_EDGE('',*,*,#2008,.F.);
#2823 = ORIENTED_EDGE('',*,*,#2777,.F.);
#2824 = ORIENTED_EDGE('',*,*,#2744,.F.);
#2825 = ORIENTED_EDGE('',*,*,#2770,.F.);
#2826 = PLANE('',#2827);
#2827 = AXIS2_PLACEMENT_3D('',#2828,#2829,#2830);
#2828 = CARTESIAN_POINT('',(15.07,-5.1,-0.125));
#2829 = DIRECTION('',(3.330669073867E-16,1.394839642603E-16,-1.));
#2830 = DIRECTION('',(1.,-2.6645352591E-16,3.330669073867E-16));
#2831 = ADVANCED_FACE('',(#2832),#2844,.T.);
#2832 = FACE_BOUND('',#2833,.T.);
#2833 = EDGE_LOOP('',(#2834,#2835,#2840,#2841,#2842,#2843));
#2834 = ORIENTED_EDGE('',*,*,#2727,.T.);
#2835 = ORIENTED_EDGE('',*,*,#2836,.T.);
#2836 = EDGE_CURVE('',#2728,#2703,#2837,.T.);
#2837 = B_SPLINE_CURVE_WITH_KNOTS('',1,(#2838,#2839),.UNSPECIFIED.,.F.,
  .F.,(2,2),(-0.505380923109,0.258006241781),.PIECEWISE_BEZIER_KNOTS.);
#2838 = CARTESIAN_POINT('',(15.07,-4.009358222276,-2.571150438654E-02));
#2839 = CARTESIAN_POINT('',(15.07,-4.50005403326,-0.6105));
#2840 = ORIENTED_EDGE('',*,*,#2711,.F.);
#2841 = ORIENTED_EDGE('',*,*,#2693,.F.);
#2842 = ORIENTED_EDGE('',*,*,#2702,.F.);
#2843 = ORIENTED_EDGE('',*,*,#2836,.F.);
#2844 = CONICAL_SURFACE('',#2845,0.412855752194,0.872664626);
#2845 = AXIS2_PLACEMENT_3D('',#2846,#2847,#2848);
#2846 = CARTESIAN_POINT('',(15.07,-4.334210817822,-5.8896363389E-31));
#2847 = DIRECTION('',(-3.061475439229E-16,-1.,-2.095411779493E-31));
#2848 = DIRECTION('',(3.330669073867E-16,1.075735622909E-31,-1.));
#2849 = ADVANCED_FACE('',(#2850),#2873,.F.);
#2850 = FACE_BOUND('',#2851,.T.);
#2851 = EDGE_LOOP('',(#2852,#2853,#2859,#2860,#2866,#2867));
#2852 = ORIENTED_EDGE('',*,*,#2042,.F.);
#2853 = ORIENTED_EDGE('',*,*,#2854,.F.);
#2854 = EDGE_CURVE('',#2794,#2043,#2855,.T.);
#2855 = ( BOUNDED_CURVE() B_SPLINE_CURVE(2,(#2856,#2857,#2858),
.UNSPECIFIED.,.F.,.F.) B_SPLINE_CURVE_WITH_KNOTS((3,3),(0.,
9.97155159925E-03),.PIECEWISE_BEZIER_KNOTS.) CURVE() 
GEOMETRIC_REPRESENTATION_ITEM() RATIONAL_B_SPLINE_CURVE((1.,
1.005105308294,1.007357020424)) REPRESENTATION_ITEM('') );
#2856 = CARTESIAN_POINT('',(15.605607132141,-5.5,0.125));
#2857 = CARTESIAN_POINT('',(15.634971574316,-5.471403991527,0.125));
#2858 = CARTESIAN_POINT('',(15.66756610513,-5.4395,0.125));
#2859 = ORIENTED_EDGE('',*,*,#2791,.F.);
#2860 = ORIENTED_EDGE('',*,*,#2861,.F.);
#2861 = EDGE_CURVE('',#2051,#2792,#2862,.T.);
#2862 = ( BOUNDED_CURVE() B_SPLINE_CURVE(2,(#2863,#2864,#2865),
.UNSPECIFIED.,.F.,.F.) B_SPLINE_CURVE_WITH_KNOTS((3,3),(
    2.570823079892E-02,3.567978239817E-02),.PIECEWISE_BEZIER_KNOTS.) 
CURVE() GEOMETRIC_REPRESENTATION_ITEM() RATIONAL_B_SPLINE_CURVE((
1.007357020424,1.005105308294,1.)) REPRESENTATION_ITEM('') );
#2863 = CARTESIAN_POINT('',(14.47243389487,-5.4395,0.125));
#2864 = CARTESIAN_POINT('',(14.505028425684,-5.471403991527,0.125));
#2865 = CARTESIAN_POINT('',(14.534392867859,-5.5,0.125));
#2866 = ORIENTED_EDGE('',*,*,#2067,.F.);
#2867 = ORIENTED_EDGE('',*,*,#2868,.F.);
#2868 = EDGE_CURVE('',#2034,#2000,#2869,.T.);
#2869 = LINE('',#2870,#2871);
#2870 = CARTESIAN_POINT('',(15.07,-5.1,0.125));
#2871 = VECTOR('',#2872,1.);
#2872 = DIRECTION('',(-1.,3.061475439229E-16,-3.330669073867E-16));
#2873 = PLANE('',#2874);
#2874 = AXIS2_PLACEMENT_3D('',#2875,#2876,#2877);
#2875 = CARTESIAN_POINT('',(15.07,-5.721836167754,0.125));
#2876 = DIRECTION('',(-3.330669073867E-16,-9.860761315263E-32,1.));
#2877 = DIRECTION('',(-1.,2.6645352591E-16,-3.330669073867E-16));
#2878 = ADVANCED_FACE('',(#2879),#2885,.F.);
#2879 = FACE_BOUND('',#2880,.T.);
#2880 = EDGE_LOOP('',(#2881,#2882,#2883,#2884));
#2881 = ORIENTED_EDGE('',*,*,#2033,.F.);
#2882 = ORIENTED_EDGE('',*,*,#2868,.T.);
#2883 = ORIENTED_EDGE('',*,*,#1997,.F.);
#2884 = ORIENTED_EDGE('',*,*,#2817,.T.);
#2885 = PLANE('',#2886);
#2886 = AXIS2_PLACEMENT_3D('',#2887,#2888,#2889);
#2887 = CARTESIAN_POINT('',(15.07,-5.1,0.125));
#2888 = DIRECTION('',(3.061475439229E-16,1.,2.095411779493E-31));
#2889 = DIRECTION('',(1.,-3.061475439229E-16,3.330669073875E-16));
#2890 = ADVANCED_FACE('',(#2891),#2897,.T.);
#2891 = FACE_BOUND('',#2892,.T.);
#2892 = EDGE_LOOP('',(#2893,#2894,#2895,#2896));
#2893 = ORIENTED_EDGE('',*,*,#2050,.F.);
#2894 = ORIENTED_EDGE('',*,*,#2861,.T.);
#2895 = ORIENTED_EDGE('',*,*,#2801,.T.);
#2896 = ORIENTED_EDGE('',*,*,#2854,.T.);
#2897 = CONICAL_SURFACE('',#2898,0.675,0.7853981634);
#2898 = AXIS2_PLACEMENT_3D('',#2899,#2900,#2901);
#2899 = CARTESIAN_POINT('',(15.07,-5.375,-8.070518251205E-31));
#2900 = DIRECTION('',(3.061475439229E-16,1.,2.095411779493E-31));
#2901 = DIRECTION('',(-3.330669073867E-16,-1.075735622909E-31,1.));
#2902 = ADVANCED_FACE('',(#2903),#2977,.F.);
#2903 = FACE_BOUND('',#2904,.F.);
#2904 = EDGE_LOOP('',(#2905,#2944,#2951,#2960,#2969,#2976));
#2905 = ORIENTED_EDGE('',*,*,#2906,.T.);
#2906 = EDGE_CURVE('',#2907,#2907,#2909,.T.);
#2907 = VERTEX_POINT('',#2908);
#2908 = CARTESIAN_POINT('',(15.07,1.447859839795,-3.728766804764));
#2909 = B_SPLINE_CURVE_WITH_KNOTS('',3,(#2910,#2911,#2912,#2913,#2914,
    #2915,#2916,#2917,#2918,#2919,#2920,#2921,#2922,#2923,#2924,#2925,
    #2926,#2927,#2928,#2929,#2930,#2931,#2932,#2933,#2934,#2935,#2936,
    #2937,#2938,#2939,#2940,#2941,#2942,#2943),.UNSPECIFIED.,.T.,.F.,(1,
    3,2,2,2,2,2,2,2,2,2,2,2,2,2,2,2,3,1),(-2.303565415153E-02,0.,
    2.303565415153E-02,4.607130830306E-02,6.910653161696E-02,
    9.214175493086E-02,0.115176978245,0.138212201559,0.16124785571,
    0.184283509862,0.207319164013,0.230354818165,0.253390041479,
    0.276425264793,0.299460488106,0.32249571142,0.345531365572,
    0.368567019723,0.391602673875),.UNSPECIFIED.);
#2910 = CARTESIAN_POINT('',(15.07,1.447859839795,-3.728766804764));
#2911 = CARTESIAN_POINT('',(14.993214486162,1.447859839795,
    -3.728766804764));
#2912 = CARTESIAN_POINT('',(14.91139427735,1.462405045338,
    -3.723219411364));
#2913 = CARTESIAN_POINT('',(14.761016067706,1.520832746713,
    -3.699737699927));
#2914 = CARTESIAN_POINT('',(14.692447610223,1.564643492436,
    -3.681692004734));
#2915 = CARTESIAN_POINT('',(14.584176022464,1.664286214648,
    -3.637735086693));
#2916 = CARTESIAN_POINT('',(14.537211161863,1.726791261228,
    -3.60885921504));
#2917 = CARTESIAN_POINT('',(14.474869854717,1.861426175985,
    -3.541294323401));
#2918 = CARTESIAN_POINT('',(14.4595,1.933503038094,-3.502493653994));
#2919 = CARTESIAN_POINT('',(14.4595,2.066496961906,-3.425709576281));
#2920 = CARTESIAN_POINT('',(14.474869854717,2.136137758351,
    -3.382689517373));
#2921 = CARTESIAN_POINT('',(14.537211161863,2.261968128292,
    -3.299874706776));
#2922 = CARTESIAN_POINT('',(14.584176022464,2.31822788999,-3.2601816844)
  );
#2923 = CARTESIAN_POINT('',(14.692447610222,2.406117058792,
    -3.195867014682));
#2924 = CARTESIAN_POINT('',(14.761016067706,2.44365046212,
    -3.166948643525));
#2925 = CARTESIAN_POINT('',(14.91139427735,2.493200071436,
    -3.128089625567));
#2926 = CARTESIAN_POINT('',(14.993214486162,2.505276857816,
    -3.118266804764));
#2927 = CARTESIAN_POINT('',(15.146785513838,2.505276857816,
    -3.118266804764));
#2928 = CARTESIAN_POINT('',(15.228605722649,2.493200071436,
    -3.128089625567));
#2929 = CARTESIAN_POINT('',(15.378983932294,2.44365046212,
    -3.166948643525));
#2930 = CARTESIAN_POINT('',(15.447552389777,2.406117058792,
    -3.195867014682));
#2931 = CARTESIAN_POINT('',(15.555823977536,2.31822788999,-3.2601816844)
  );
#2932 = CARTESIAN_POINT('',(15.602788838137,2.261968128292,
    -3.299874706776));
#2933 = CARTESIAN_POINT('',(15.665130145283,2.136137758351,
    -3.382689517373));
#2934 = CARTESIAN_POINT('',(15.6805,2.066496961906,-3.425709576281));
#2935 = CARTESIAN_POINT('',(15.6805,1.933503038094,-3.502493653994));
#2936 = CARTESIAN_POINT('',(15.665130145283,1.861426175985,
    -3.541294323401));
#2937 = CARTESIAN_POINT('',(15.602788838137,1.726791261228,
    -3.60885921504));
#2938 = CARTESIAN_POINT('',(15.555823977536,1.664286214648,
    -3.637735086693));
#2939 = CARTESIAN_POINT('',(15.447552389777,1.564643492436,
    -3.681692004734));
#2940 = CARTESIAN_POINT('',(15.378983932294,1.520832746713,
    -3.699737699927));
#2941 = CARTESIAN_POINT('',(15.228605722649,1.462405045338,
    -3.723219411364));
#2942 = CARTESIAN_POINT('',(15.146785513838,1.447859839795,
    -3.728766804764));
#2943 = CARTESIAN_POINT('',(15.07,1.447859839795,-3.728766804764));
#2944 = ORIENTED_EDGE('',*,*,#2945,.F.);
#2945 = EDGE_CURVE('',#2946,#2907,#2948,.T.);
#2946 = VERTEX_POINT('',#2947);
#2947 = CARTESIAN_POINT('',(15.07,1.72131850762,-4.202411111206));
#2948 = B_SPLINE_CURVE_WITH_KNOTS('',1,(#2949,#2950),.UNSPECIFIED.,.F.,
  .F.,(2,2),(0.89994596674,1.446863302389),.PIECEWISE_BEZIER_KNOTS.);
#2949 = CARTESIAN_POINT('',(15.07,1.72131850762,-4.202411111206));
#2950 = CARTESIAN_POINT('',(15.07,1.447859839795,-3.728766804764));
#2951 = ORIENTED_EDGE('',*,*,#2952,.F.);
#2952 = EDGE_CURVE('',#2953,#2946,#2955,.T.);
#2953 = VERTEX_POINT('',#2954);
#2954 = CARTESIAN_POINT('',(15.6805,2.25002701663,-3.897161111206));
#2955 = CIRCLE('',#2956,0.6105);
#2956 = AXIS2_PLACEMENT_3D('',#2957,#2958,#2959);
#2957 = CARTESIAN_POINT('',(15.07,2.25002701663,-3.897161111206));
#2958 = DIRECTION('',(-7.978871040831E-15,0.5,-0.866025403784));
#2959 = DIRECTION('',(-1.,-7.764564928913E-15,4.730333034659E-15));
#2960 = ORIENTED_EDGE('',*,*,#2961,.F.);
#2961 = EDGE_CURVE('',#2962,#2953,#2964,.T.);
#2962 = VERTEX_POINT('',#2963);
#2963 = CARTESIAN_POINT('',(15.07,2.778735525641,-3.591911111205));
#2964 = CIRCLE('',#2965,0.6105);
#2965 = AXIS2_PLACEMENT_3D('',#2966,#2967,#2968);
#2966 = CARTESIAN_POINT('',(15.07,2.25002701663,-3.897161111206));
#2967 = DIRECTION('',(-7.978871040831E-15,0.5,-0.866025403784));
#2968 = DIRECTION('',(-1.,-7.764564928913E-15,4.730333034659E-15));
#2969 = ORIENTED_EDGE('',*,*,#2970,.F.);
#2970 = EDGE_CURVE('',#2946,#2962,#2971,.T.);
#2971 = CIRCLE('',#2972,0.6105);
#2972 = AXIS2_PLACEMENT_3D('',#2973,#2974,#2975);
#2973 = CARTESIAN_POINT('',(15.07,2.25002701663,-3.897161111206));
#2974 = DIRECTION('',(-7.978871040831E-15,0.5,-0.866025403784));
#2975 = DIRECTION('',(-1.,-7.764564928913E-15,4.730333034659E-15));
#2976 = ORIENTED_EDGE('',*,*,#2945,.T.);
#2977 = CYLINDRICAL_SURFACE('',#2978,0.6105);
#2978 = AXIS2_PLACEMENT_3D('',#2979,#2980,#2981);
#2979 = CARTESIAN_POINT('',(15.07,2.7,-4.676537180436));
#2980 = DIRECTION('',(7.978871040831E-15,-0.5,0.866025403784));
#2981 = DIRECTION('',(-1.,-7.764564928913E-15,4.730333034659E-15));
#2982 = ADVANCED_FACE('',(#2983),#2994,.T.);
#2983 = FACE_BOUND('',#2984,.T.);
#2984 = EDGE_LOOP('',(#2985));
#2985 = ORIENTED_EDGE('',*,*,#2986,.F.);
#2986 = EDGE_CURVE('',#2987,#2987,#2989,.T.);
#2987 = VERTEX_POINT('',#2988);
#2988 = CARTESIAN_POINT('',(15.07,2.026945927107,-3.459350321169));
#2989 = CIRCLE('',#2990,2.571150438746E-02);
#2990 = AXIS2_PLACEMENT_3D('',#2991,#2992,#2993);
#2991 = CARTESIAN_POINT('',(15.07,2.004679111138,-3.472206073362));
#2992 = DIRECTION('',(-7.856406360918E-15,0.5,-0.866025403784));
#2993 = DIRECTION('',(-4.026077053055E-15,0.866025403784,0.5));
#2994 = SPHERICAL_SURFACE('',#2995,4.E-02);
#2995 = AXIS2_PLACEMENT_3D('',#2996,#2997,#2998);
#2996 = CARTESIAN_POINT('',(15.07,2.02,-3.498742631289));
#2997 = DIRECTION('',(1.,1.110223024625E-14,0.));
#2998 = DIRECTION('',(-5.551115123126E-15,0.5,-0.866025403784));
#2999 = ADVANCED_FACE('',(#3000),#3019,.T.);
#3000 = FACE_BOUND('',#3001,.T.);
#3001 = EDGE_LOOP('',(#3002,#3012));
#3002 = ORIENTED_EDGE('',*,*,#3003,.T.);
#3003 = EDGE_CURVE('',#3004,#3006,#3008,.T.);
#3004 = VERTEX_POINT('',#3005);
#3005 = CARTESIAN_POINT('',(15.605607132141,2.858253175473,
    -4.700639720814));
#3006 = VERTEX_POINT('',#3007);
#3007 = CARTESIAN_POINT('',(14.534392867859,2.858253175473,
    -4.700639720814));
#3008 = LINE('',#3009,#3010);
#3009 = CARTESIAN_POINT('',(15.07,2.858253175473,-4.700639720814));
#3010 = VECTOR('',#3011,1.);
#3011 = DIRECTION('',(-1.,-7.414888185998E-15,4.790808964481E-15));
#3012 = ORIENTED_EDGE('',*,*,#3013,.F.);
#3013 = EDGE_CURVE('',#3004,#3006,#3014,.T.);
#3014 = CIRCLE('',#3015,0.55);
#3015 = AXIS2_PLACEMENT_3D('',#3016,#3017,#3018);
#3016 = CARTESIAN_POINT('',(15.07,2.75,-4.763139720814));
#3017 = DIRECTION('',(7.856406360918E-15,-0.5,0.866025403784));
#3018 = DIRECTION('',(4.026077053055E-15,-0.866025403784,-0.5));
#3019 = PLANE('',#3020);
#3020 = AXIS2_PLACEMENT_3D('',#3021,#3022,#3023);
#3021 = CARTESIAN_POINT('',(15.07,3.096410161514,-4.563139720814));
#3022 = DIRECTION('',(-7.856406360918E-15,0.5,-0.866025403784));
#3023 = DIRECTION('',(-1.,-7.413620832537E-15,4.791540671343E-15));
#3024 = ADVANCED_FACE('',(#3025),#3041,.T.);
#3025 = FACE_BOUND('',#3026,.T.);
#3026 = EDGE_LOOP('',(#3027,#3028,#3034,#3035));
#3027 = ORIENTED_EDGE('',*,*,#2108,.F.);
#3028 = ORIENTED_EDGE('',*,*,#3029,.T.);
#3029 = EDGE_CURVE('',#2109,#3004,#3030,.T.);
#3030 = ( BOUNDED_CURVE() B_SPLINE_CURVE(2,(#3031,#3032,#3033),
.UNSPECIFIED.,.F.,.F.) B_SPLINE_CURVE_WITH_KNOTS((3,3),(
    2.570823079892E-02,3.567978239817E-02),.PIECEWISE_BEZIER_KNOTS.) 
CURVE() GEOMETRIC_REPRESENTATION_ITEM() RATIONAL_B_SPLINE_CURVE((
1.007357020424,1.005105308294,1.)) REPRESENTATION_ITEM('') );
#3031 = CARTESIAN_POINT('',(15.66756610513,2.828003175473,
    -4.648245183885));
#3032 = CARTESIAN_POINT('',(15.634971574316,2.843955171236,
    -4.67587485103));
#3033 = CARTESIAN_POINT('',(15.605607132141,2.858253175473,
    -4.700639720814));
#3034 = ORIENTED_EDGE('',*,*,#3013,.T.);
#3035 = ORIENTED_EDGE('',*,*,#3036,.T.);
#3036 = EDGE_CURVE('',#3006,#2093,#3037,.T.);
#3037 = ( BOUNDED_CURVE() B_SPLINE_CURVE(2,(#3038,#3039,#3040),
.UNSPECIFIED.,.F.,.F.) B_SPLINE_CURVE_WITH_KNOTS((3,3),(0.,
9.97155159925E-03),.PIECEWISE_BEZIER_KNOTS.) CURVE() 
GEOMETRIC_REPRESENTATION_ITEM() RATIONAL_B_SPLINE_CURVE((1.,
1.005105308294,1.007357020424)) REPRESENTATION_ITEM('') );
#3038 = CARTESIAN_POINT('',(14.534392867859,2.858253175473,
    -4.700639720814));
#3039 = CARTESIAN_POINT('',(14.505028425684,2.843955171236,
    -4.67587485103));
#3040 = CARTESIAN_POINT('',(14.47243389487,2.828003175473,
    -4.648245183885));
#3041 = CONICAL_SURFACE('',#3042,0.675,0.7853981634);
#3042 = AXIS2_PLACEMENT_3D('',#3043,#3044,#3045);
#3043 = CARTESIAN_POINT('',(15.07,2.6875,-4.654886545341));
#3044 = DIRECTION('',(7.856406360918E-15,-0.5,0.866025403784));
#3045 = DIRECTION('',(4.026077053055E-15,-0.866025403784,-0.5));
#3046 = ADVANCED_FACE('',(#3047),#3066,.T.);
#3047 = FACE_BOUND('',#3048,.T.);
#3048 = EDGE_LOOP('',(#3049,#3059));
#3049 = ORIENTED_EDGE('',*,*,#3050,.T.);
#3050 = EDGE_CURVE('',#3051,#3053,#3055,.T.);
#3051 = VERTEX_POINT('',#3052);
#3052 = CARTESIAN_POINT('',(14.534392867859,2.641746824527,
    -4.825639720814));
#3053 = VERTEX_POINT('',#3054);
#3054 = CARTESIAN_POINT('',(15.605607132141,2.641746824527,
    -4.825639720814));
#3055 = LINE('',#3056,#3057);
#3056 = CARTESIAN_POINT('',(15.07,2.641746824527,-4.825639720814));
#3057 = VECTOR('',#3058,1.);
#3058 = DIRECTION('',(1.,7.414888185998E-15,-4.790808964481E-15));
#3059 = ORIENTED_EDGE('',*,*,#3060,.F.);
#3060 = EDGE_CURVE('',#3051,#3053,#3061,.T.);
#3061 = CIRCLE('',#3062,0.55);
#3062 = AXIS2_PLACEMENT_3D('',#3063,#3064,#3065);
#3063 = CARTESIAN_POINT('',(15.07,2.75,-4.763139720814));
#3064 = DIRECTION('',(7.856406360918E-15,-0.5,0.866025403784));
#3065 = DIRECTION('',(4.026077053055E-15,-0.866025403784,-0.5));
#3066 = PLANE('',#3067);
#3067 = AXIS2_PLACEMENT_3D('',#3068,#3069,#3070);
#3068 = CARTESIAN_POINT('',(15.07,3.096410161514,-4.563139720814));
#3069 = DIRECTION('',(-7.856406360918E-15,0.5,-0.866025403784));
#3070 = DIRECTION('',(-1.,-7.413620832537E-15,4.791540671343E-15));
#3071 = ADVANCED_FACE('',(#3072),#3085,.F.);
#3072 = FACE_BOUND('',#3073,.T.);
#3073 = EDGE_LOOP('',(#3074,#3075,#3081,#3082,#3083,#3084));
#3074 = ORIENTED_EDGE('',*,*,#2117,.F.);
#3075 = ORIENTED_EDGE('',*,*,#3076,.F.);
#3076 = EDGE_CURVE('',#2082,#2118,#3077,.T.);
#3077 = LINE('',#3078,#3079);
#3078 = CARTESIAN_POINT('',(15.07,2.658253175473,-4.354229559301));
#3079 = VECTOR('',#3080,1.);
#3080 = DIRECTION('',(1.,7.414888185998E-15,-4.790808964481E-15));
#3081 = ORIENTED_EDGE('',*,*,#2092,.F.);
#3082 = ORIENTED_EDGE('',*,*,#3036,.F.);
#3083 = ORIENTED_EDGE('',*,*,#3003,.F.);
#3084 = ORIENTED_EDGE('',*,*,#3029,.F.);
#3085 = PLANE('',#3086);
#3086 = AXIS2_PLACEMENT_3D('',#3087,#3088,#3089);
#3087 = CARTESIAN_POINT('',(15.07,2.658253175473,-4.354229559301));
#3088 = DIRECTION('',(-4.026077053055E-15,0.866025403784,0.5));
#3089 = DIRECTION('',(1.,7.417557157957E-15,-4.795431759519E-15));
#3090 = ADVANCED_FACE('',(#3091),#3103,.T.);
#3091 = FACE_BOUND('',#3092,.T.);
#3092 = EDGE_LOOP('',(#3093,#3094,#3099,#3100,#3101,#3102));
#3093 = ORIENTED_EDGE('',*,*,#2986,.T.);
#3094 = ORIENTED_EDGE('',*,*,#3095,.T.);
#3095 = EDGE_CURVE('',#2987,#2962,#3096,.T.);
#3096 = B_SPLINE_CURVE_WITH_KNOTS('',1,(#3097,#3098),.UNSPECIFIED.,.F.,
  .F.,(2,2),(-0.505380923109,0.258006241781),.PIECEWISE_BEZIER_KNOTS.);
#3097 = CARTESIAN_POINT('',(15.07,2.026945927106,-3.45935032117));
#3098 = CARTESIAN_POINT('',(15.07,2.778735525641,-3.591911111205));
#3099 = ORIENTED_EDGE('',*,*,#2970,.F.);
#3100 = ORIENTED_EDGE('',*,*,#2952,.F.);
#3101 = ORIENTED_EDGE('',*,*,#2961,.F.);
#3102 = ORIENTED_EDGE('',*,*,#3095,.F.);
#3103 = CONICAL_SURFACE('',#3104,0.412855752194,0.872664626);
#3104 = AXIS2_PLACEMENT_3D('',#3105,#3106,#3107);
#3105 = CARTESIAN_POINT('',(15.07,2.167105408911,-3.753536673591));
#3106 = DIRECTION('',(-7.856406360918E-15,0.5,-0.866025403784));
#3107 = DIRECTION('',(-4.026077053055E-15,0.866025403784,0.5));
#3108 = ADVANCED_FACE('',(#3109),#3132,.F.);
#3109 = FACE_BOUND('',#3110,.T.);
#3110 = EDGE_LOOP('',(#3111,#3112,#3118,#3119,#3125,#3126));
#3111 = ORIENTED_EDGE('',*,*,#2134,.F.);
#3112 = ORIENTED_EDGE('',*,*,#3113,.F.);
#3113 = EDGE_CURVE('',#3053,#2135,#3114,.T.);
#3114 = ( BOUNDED_CURVE() B_SPLINE_CURVE(2,(#3115,#3116,#3117),
.UNSPECIFIED.,.F.,.F.) B_SPLINE_CURVE_WITH_KNOTS((3,3),(0.,
9.97155159925E-03),.PIECEWISE_BEZIER_KNOTS.) CURVE() 
GEOMETRIC_REPRESENTATION_ITEM() RATIONAL_B_SPLINE_CURVE((1.,
1.005105308294,1.007357020424)) REPRESENTATION_ITEM('') );
#3115 = CARTESIAN_POINT('',(15.605607132141,2.641746824527,
    -4.825639720814));
#3116 = CARTESIAN_POINT('',(15.634971574316,2.62744882029,-4.80087485103
    ));
#3117 = CARTESIAN_POINT('',(15.66756610513,2.611496824527,
    -4.773245183885));
#3118 = ORIENTED_EDGE('',*,*,#3050,.F.);
#3119 = ORIENTED_EDGE('',*,*,#3120,.F.);
#3120 = EDGE_CURVE('',#2143,#3051,#3121,.T.);
#3121 = ( BOUNDED_CURVE() B_SPLINE_CURVE(2,(#3122,#3123,#3124),
.UNSPECIFIED.,.F.,.F.) B_SPLINE_CURVE_WITH_KNOTS((3,3),(
    2.570823079892E-02,3.567978239817E-02),.PIECEWISE_BEZIER_KNOTS.) 
CURVE() GEOMETRIC_REPRESENTATION_ITEM() RATIONAL_B_SPLINE_CURVE((
1.007357020424,1.005105308294,1.)) REPRESENTATION_ITEM('') );
#3122 = CARTESIAN_POINT('',(14.47243389487,2.611496824527,
    -4.773245183885));
#3123 = CARTESIAN_POINT('',(14.505028425684,2.62744882029,-4.80087485103
    ));
#3124 = CARTESIAN_POINT('',(14.534392867859,2.641746824527,
    -4.825639720814));
#3125 = ORIENTED_EDGE('',*,*,#2151,.F.);
#3126 = ORIENTED_EDGE('',*,*,#3127,.F.);
#3127 = EDGE_CURVE('',#2126,#2084,#3128,.T.);
#3128 = LINE('',#3129,#3130);
#3129 = CARTESIAN_POINT('',(15.07,2.441746824527,-4.479229559301));
#3130 = VECTOR('',#3131,1.);
#3131 = DIRECTION('',(-1.,-7.414888185998E-15,4.790808964481E-15));
#3132 = PLANE('',#3133);
#3133 = AXIS2_PLACEMENT_3D('',#3134,#3135,#3136);
#3134 = CARTESIAN_POINT('',(15.07,2.752664908404,-5.017755477568));
#3135 = DIRECTION('',(4.026077053055E-15,-0.866025403784,-0.5));
#3136 = DIRECTION('',(-1.,-7.417557157957E-15,4.795431759519E-15));
#3137 = ADVANCED_FACE('',(#3138),#3144,.F.);
#3138 = FACE_BOUND('',#3139,.T.);
#3139 = EDGE_LOOP('',(#3140,#3141,#3142,#3143));
#3140 = ORIENTED_EDGE('',*,*,#2125,.F.);
#3141 = ORIENTED_EDGE('',*,*,#3127,.T.);
#3142 = ORIENTED_EDGE('',*,*,#2081,.F.);
#3143 = ORIENTED_EDGE('',*,*,#3076,.T.);
#3144 = PLANE('',#3145);
#3145 = AXIS2_PLACEMENT_3D('',#3146,#3147,#3148);
#3146 = CARTESIAN_POINT('',(15.07,2.441746824527,-4.479229559301));
#3147 = DIRECTION('',(7.856406360918E-15,-0.5,0.866025403784));
#3148 = DIRECTION('',(1.,7.413620832537E-15,-4.791540671343E-15));
#3149 = ADVANCED_FACE('',(#3150),#3156,.T.);
#3150 = FACE_BOUND('',#3151,.T.);
#3151 = EDGE_LOOP('',(#3152,#3153,#3154,#3155));
#3152 = ORIENTED_EDGE('',*,*,#2142,.F.);
#3153 = ORIENTED_EDGE('',*,*,#3120,.T.);
#3154 = ORIENTED_EDGE('',*,*,#3060,.T.);
#3155 = ORIENTED_EDGE('',*,*,#3113,.T.);
#3156 = CONICAL_SURFACE('',#3157,0.675,0.7853981634);
#3157 = AXIS2_PLACEMENT_3D('',#3158,#3159,#3160);
#3158 = CARTESIAN_POINT('',(15.07,2.6875,-4.654886545341));
#3159 = DIRECTION('',(7.856406360918E-15,-0.5,0.866025403784));
#3160 = DIRECTION('',(4.026077053055E-15,-0.866025403784,-0.5));
#3161 = ADVANCED_FACE('',(#3162),#3236,.F.);
#3162 = FACE_BOUND('',#3163,.F.);
#3163 = EDGE_LOOP('',(#3164,#3203,#3210,#3219,#3228,#3235));
#3164 = ORIENTED_EDGE('',*,*,#3165,.T.);
#3165 = EDGE_CURVE('',#3166,#3166,#3168,.T.);
#3166 = VERTEX_POINT('',#3167);
#3167 = CARTESIAN_POINT('',(15.07,2.505276857816,3.118266804764));
#3168 = B_SPLINE_CURVE_WITH_KNOTS('',3,(#3169,#3170,#3171,#3172,#3173,
    #3174,#3175,#3176,#3177,#3178,#3179,#3180,#3181,#3182,#3183,#3184,
    #3185,#3186,#3187,#3188,#3189,#3190,#3191,#3192,#3193,#3194,#3195,
    #3196,#3197,#3198,#3199,#3200,#3201,#3202),.UNSPECIFIED.,.T.,.F.,(1,
    3,2,2,2,2,2,2,2,2,2,2,2,2,2,2,2,3,1),(-2.303565415153E-02,0.,
    2.303565415153E-02,4.607130830306E-02,6.910653161696E-02,
    9.214175493086E-02,0.115176978245,0.138212201559,0.16124785571,
    0.184283509862,0.207319164013,0.230354818165,0.253390041479,
    0.276425264793,0.299460488106,0.32249571142,0.345531365572,
    0.368567019723,0.391602673875),.UNSPECIFIED.);
#3169 = CARTESIAN_POINT('',(15.07,2.505276857816,3.118266804764));
#3170 = CARTESIAN_POINT('',(14.993214486162,2.505276857816,
    3.118266804764));
#3171 = CARTESIAN_POINT('',(14.91139427735,2.493200071436,3.128089625567
    ));
#3172 = CARTESIAN_POINT('',(14.761016067706,2.44365046212,3.166948643525
    ));
#3173 = CARTESIAN_POINT('',(14.692447610222,2.406117058792,
    3.195867014682));
#3174 = CARTESIAN_POINT('',(14.584176022464,2.31822788999,3.2601816844)
  );
#3175 = CARTESIAN_POINT('',(14.537211161863,2.261968128292,
    3.299874706776));
#3176 = CARTESIAN_POINT('',(14.474869854717,2.136137758351,
    3.382689517373));
#3177 = CARTESIAN_POINT('',(14.4595,2.066496961906,3.425709576281));
#3178 = CARTESIAN_POINT('',(14.4595,1.933503038094,3.502493653994));
#3179 = CARTESIAN_POINT('',(14.474869854717,1.861426175985,
    3.541294323401));
#3180 = CARTESIAN_POINT('',(14.537211161863,1.726791261228,3.60885921504
    ));
#3181 = CARTESIAN_POINT('',(14.584176022464,1.664286214648,
    3.637735086693));
#3182 = CARTESIAN_POINT('',(14.692447610223,1.564643492436,
    3.681692004734));
#3183 = CARTESIAN_POINT('',(14.761016067706,1.520832746713,
    3.699737699927));
#3184 = CARTESIAN_POINT('',(14.91139427735,1.462405045338,3.723219411364
    ));
#3185 = CARTESIAN_POINT('',(14.993214486162,1.447859839795,
    3.728766804764));
#3186 = CARTESIAN_POINT('',(15.146785513838,1.447859839795,
    3.728766804764));
#3187 = CARTESIAN_POINT('',(15.228605722649,1.462405045338,
    3.723219411364));
#3188 = CARTESIAN_POINT('',(15.378983932294,1.520832746713,
    3.699737699927));
#3189 = CARTESIAN_POINT('',(15.447552389777,1.564643492436,
    3.681692004734));
#3190 = CARTESIAN_POINT('',(15.555823977536,1.664286214648,
    3.637735086693));
#3191 = CARTESIAN_POINT('',(15.602788838137,1.726791261228,3.60885921504
    ));
#3192 = CARTESIAN_POINT('',(15.665130145283,1.861426175985,
    3.541294323401));
#3193 = CARTESIAN_POINT('',(15.6805,1.933503038094,3.502493653994));
#3194 = CARTESIAN_POINT('',(15.6805,2.066496961906,3.425709576281));
#3195 = CARTESIAN_POINT('',(15.665130145283,2.136137758351,
    3.382689517373));
#3196 = CARTESIAN_POINT('',(15.602788838137,2.261968128292,
    3.299874706776));
#3197 = CARTESIAN_POINT('',(15.555823977536,2.31822788999,3.2601816844)
  );
#3198 = CARTESIAN_POINT('',(15.447552389777,2.406117058792,
    3.195867014682));
#3199 = CARTESIAN_POINT('',(15.378983932294,2.44365046212,3.166948643525
    ));
#3200 = CARTESIAN_POINT('',(15.228605722649,2.493200071436,
    3.128089625567));
#3201 = CARTESIAN_POINT('',(15.146785513838,2.505276857816,
    3.118266804764));
#3202 = CARTESIAN_POINT('',(15.07,2.505276857816,3.118266804764));
#3203 = ORIENTED_EDGE('',*,*,#3204,.F.);
#3204 = EDGE_CURVE('',#3205,#3166,#3207,.T.);
#3205 = VERTEX_POINT('',#3206);
#3206 = CARTESIAN_POINT('',(15.07,2.778735525641,3.591911111206));
#3207 = B_SPLINE_CURVE_WITH_KNOTS('',1,(#3208,#3209),.UNSPECIFIED.,.F.,
  .F.,(2,2),(0.89994596674,1.446863302389),.PIECEWISE_BEZIER_KNOTS.);
#3208 = CARTESIAN_POINT('',(15.07,2.778735525641,3.591911111206));
#3209 = CARTESIAN_POINT('',(15.07,2.505276857816,3.118266804764));
#3210 = ORIENTED_EDGE('',*,*,#3211,.F.);
#3211 = EDGE_CURVE('',#3212,#3205,#3214,.T.);
#3212 = VERTEX_POINT('',#3213);
#3213 = CARTESIAN_POINT('',(15.6805,2.25002701663,3.897161111206));
#3214 = CIRCLE('',#3215,0.6105);
#3215 = AXIS2_PLACEMENT_3D('',#3216,#3217,#3218);
#3216 = CARTESIAN_POINT('',(15.07,2.25002701663,3.897161111206));
#3217 = DIRECTION('',(-7.978871040831E-15,0.5,0.866025403784));
#3218 = DIRECTION('',(-1.,-7.764564928913E-15,-4.730333034659E-15));
#3219 = ORIENTED_EDGE('',*,*,#3220,.F.);
#3220 = EDGE_CURVE('',#3221,#3212,#3223,.T.);
#3221 = VERTEX_POINT('',#3222);
#3222 = CARTESIAN_POINT('',(15.07,1.721318507619,4.202411111206));
#3223 = CIRCLE('',#3224,0.6105);
#3224 = AXIS2_PLACEMENT_3D('',#3225,#3226,#3227);
#3225 = CARTESIAN_POINT('',(15.07,2.25002701663,3.897161111206));
#3226 = DIRECTION('',(-7.978871040831E-15,0.5,0.866025403784));
#3227 = DIRECTION('',(-1.,-7.764564928913E-15,-4.730333034659E-15));
#3228 = ORIENTED_EDGE('',*,*,#3229,.F.);
#3229 = EDGE_CURVE('',#3205,#3221,#3230,.T.);
#3230 = CIRCLE('',#3231,0.6105);
#3231 = AXIS2_PLACEMENT_3D('',#3232,#3233,#3234);
#3232 = CARTESIAN_POINT('',(15.07,2.25002701663,3.897161111206));
#3233 = DIRECTION('',(-7.978871040831E-15,0.5,0.866025403784));
#3234 = DIRECTION('',(-1.,-7.764564928913E-15,-4.730333034659E-15));
#3235 = ORIENTED_EDGE('',*,*,#3204,.T.);
#3236 = CYLINDRICAL_SURFACE('',#3237,0.6105);
#3237 = AXIS2_PLACEMENT_3D('',#3238,#3239,#3240);
#3238 = CARTESIAN_POINT('',(15.07,2.7,4.676537180436));
#3239 = DIRECTION('',(7.978871040831E-15,-0.5,-0.866025403784));
#3240 = DIRECTION('',(-1.,-7.764564928913E-15,-4.730333034659E-15));
#3241 = ADVANCED_FACE('',(#3242),#3253,.T.);
#3242 = FACE_BOUND('',#3243,.T.);
#3243 = EDGE_LOOP('',(#3244));
#3244 = ORIENTED_EDGE('',*,*,#3245,.F.);
#3245 = EDGE_CURVE('',#3246,#3246,#3248,.T.);
#3246 = VERTEX_POINT('',#3247);
#3247 = CARTESIAN_POINT('',(15.07,1.982412295169,3.485061825556));
#3248 = CIRCLE('',#3249,2.571150438746E-02);
#3249 = AXIS2_PLACEMENT_3D('',#3250,#3251,#3252);
#3250 = CARTESIAN_POINT('',(15.07,2.004679111138,3.472206073362));
#3251 = DIRECTION('',(-7.856406360916E-15,0.5,0.866025403784));
#3252 = DIRECTION('',(4.692210867831E-15,-0.866025403784,0.5));
#3253 = SPHERICAL_SURFACE('',#3254,4.E-02);
#3254 = AXIS2_PLACEMENT_3D('',#3255,#3256,#3257);
#3255 = CARTESIAN_POINT('',(15.07,2.02,3.498742631289));
#3256 = DIRECTION('',(1.,1.110223024625E-14,0.));
#3257 = DIRECTION('',(-5.551115123126E-15,0.5,0.866025403784));
#3258 = ADVANCED_FACE('',(#3259),#3278,.T.);
#3259 = FACE_BOUND('',#3260,.T.);
#3260 = EDGE_LOOP('',(#3261,#3271));
#3261 = ORIENTED_EDGE('',*,*,#3262,.T.);
#3262 = EDGE_CURVE('',#3263,#3265,#3267,.T.);
#3263 = VERTEX_POINT('',#3264);
#3264 = CARTESIAN_POINT('',(15.605607132141,2.641746824527,
    4.825639720814));
#3265 = VERTEX_POINT('',#3266);
#3266 = CARTESIAN_POINT('',(14.534392867859,2.641746824527,
    4.825639720814));
#3267 = LINE('',#3268,#3269);
#3268 = CARTESIAN_POINT('',(15.07,2.641746824527,4.825639720814));
#3269 = VECTOR('',#3270,1.);
#3270 = DIRECTION('',(-1.,-7.991776991913E-15,-4.457742057092E-15));
#3271 = ORIENTED_EDGE('',*,*,#3272,.F.);
#3272 = EDGE_CURVE('',#3263,#3265,#3273,.T.);
#3273 = CIRCLE('',#3274,0.55);
#3274 = AXIS2_PLACEMENT_3D('',#3275,#3276,#3277);
#3275 = CARTESIAN_POINT('',(15.07,2.75,4.763139720814));
#3276 = DIRECTION('',(7.856406360916E-15,-0.5,-0.866025403784));
#3277 = DIRECTION('',(-4.692210867831E-15,0.866025403784,-0.5));
#3278 = PLANE('',#3279);
#3279 = AXIS2_PLACEMENT_3D('',#3280,#3281,#3282);
#3280 = CARTESIAN_POINT('',(15.07,2.403589838486,4.963139720814));
#3281 = DIRECTION('',(-7.856406360916E-15,0.5,0.866025403784));
#3282 = DIRECTION('',(-1.,-8.00044482705E-15,-4.452737680142E-15));
#3283 = ADVANCED_FACE('',(#3284),#3300,.T.);
#3284 = FACE_BOUND('',#3285,.T.);
#3285 = EDGE_LOOP('',(#3286,#3287,#3293,#3294));
#3286 = ORIENTED_EDGE('',*,*,#2184,.F.);
#3287 = ORIENTED_EDGE('',*,*,#3288,.T.);
#3288 = EDGE_CURVE('',#2185,#3263,#3289,.T.);
#3289 = ( BOUNDED_CURVE() B_SPLINE_CURVE(2,(#3290,#3291,#3292),
.UNSPECIFIED.,.F.,.F.) B_SPLINE_CURVE_WITH_KNOTS((3,3),(
    2.570823079892E-02,3.567978239817E-02),.PIECEWISE_BEZIER_KNOTS.) 
CURVE() GEOMETRIC_REPRESENTATION_ITEM() RATIONAL_B_SPLINE_CURVE((
1.007357020424,1.005105308294,1.)) REPRESENTATION_ITEM('') );
#3290 = CARTESIAN_POINT('',(15.66756610513,2.611496824527,4.773245183885
    ));
#3291 = CARTESIAN_POINT('',(15.634971574316,2.62744882029,4.80087485103)
  );
#3292 = CARTESIAN_POINT('',(15.605607132141,2.641746824527,
    4.825639720814));
#3293 = ORIENTED_EDGE('',*,*,#3272,.T.);
#3294 = ORIENTED_EDGE('',*,*,#3295,.T.);
#3295 = EDGE_CURVE('',#3265,#2177,#3296,.T.);
#3296 = ( BOUNDED_CURVE() B_SPLINE_CURVE(2,(#3297,#3298,#3299),
.UNSPECIFIED.,.F.,.F.) B_SPLINE_CURVE_WITH_KNOTS((3,3),(0.,
9.97155159925E-03),.PIECEWISE_BEZIER_KNOTS.) CURVE() 
GEOMETRIC_REPRESENTATION_ITEM() RATIONAL_B_SPLINE_CURVE((1.,
1.005105308294,1.007357020424)) REPRESENTATION_ITEM('') );
#3297 = CARTESIAN_POINT('',(14.534392867859,2.641746824527,
    4.825639720814));
#3298 = CARTESIAN_POINT('',(14.505028425684,2.62744882029,4.80087485103)
  );
#3299 = CARTESIAN_POINT('',(14.47243389487,2.611496824527,4.773245183885
    ));
#3300 = CONICAL_SURFACE('',#3301,0.675,0.7853981634);
#3301 = AXIS2_PLACEMENT_3D('',#3302,#3303,#3304);
#3302 = CARTESIAN_POINT('',(15.07,2.6875,4.654886545341));
#3303 = DIRECTION('',(7.856406360916E-15,-0.5,-0.866025403784));
#3304 = DIRECTION('',(-4.692210867831E-15,0.866025403784,-0.5));
#3305 = ADVANCED_FACE('',(#3306),#3325,.T.);
#3306 = FACE_BOUND('',#3307,.T.);
#3307 = EDGE_LOOP('',(#3308,#3318));
#3308 = ORIENTED_EDGE('',*,*,#3309,.T.);
#3309 = EDGE_CURVE('',#3310,#3312,#3314,.T.);
#3310 = VERTEX_POINT('',#3311);
#3311 = CARTESIAN_POINT('',(14.534392867859,2.858253175473,
    4.700639720814));
#3312 = VERTEX_POINT('',#3313);
#3313 = CARTESIAN_POINT('',(15.605607132141,2.858253175473,
    4.700639720814));
#3314 = LINE('',#3315,#3316);
#3315 = CARTESIAN_POINT('',(15.07,2.858253175473,4.700639720814));
#3316 = VECTOR('',#3317,1.);
#3317 = DIRECTION('',(1.,7.991776991913E-15,4.457742057092E-15));
#3318 = ORIENTED_EDGE('',*,*,#3319,.F.);
#3319 = EDGE_CURVE('',#3310,#3312,#3320,.T.);
#3320 = CIRCLE('',#3321,0.55);
#3321 = AXIS2_PLACEMENT_3D('',#3322,#3323,#3324);
#3322 = CARTESIAN_POINT('',(15.07,2.75,4.763139720814));
#3323 = DIRECTION('',(7.856406360916E-15,-0.5,-0.866025403784));
#3324 = DIRECTION('',(-4.692210867831E-15,0.866025403784,-0.5));
#3325 = PLANE('',#3326);
#3326 = AXIS2_PLACEMENT_3D('',#3327,#3328,#3329);
#3327 = CARTESIAN_POINT('',(15.07,2.403589838486,4.963139720814));
#3328 = DIRECTION('',(-7.856406360916E-15,0.5,0.866025403784));
#3329 = DIRECTION('',(-1.,-8.00044482705E-15,-4.452737680142E-15));
#3330 = ADVANCED_FACE('',(#3331),#3344,.F.);
#3331 = FACE_BOUND('',#3332,.T.);
#3332 = EDGE_LOOP('',(#3333,#3334,#3340,#3341,#3342,#3343));
#3333 = ORIENTED_EDGE('',*,*,#2193,.F.);
#3334 = ORIENTED_EDGE('',*,*,#3335,.F.);
#3335 = EDGE_CURVE('',#2166,#2194,#3336,.T.);
#3336 = LINE('',#3337,#3338);
#3337 = CARTESIAN_POINT('',(15.07,2.441746824527,4.479229559301));
#3338 = VECTOR('',#3339,1.);
#3339 = DIRECTION('',(1.,7.991776991913E-15,4.457742057092E-15));
#3340 = ORIENTED_EDGE('',*,*,#2176,.F.);
#3341 = ORIENTED_EDGE('',*,*,#3295,.F.);
#3342 = ORIENTED_EDGE('',*,*,#3262,.F.);
#3343 = ORIENTED_EDGE('',*,*,#3288,.F.);
#3344 = PLANE('',#3345);
#3345 = AXIS2_PLACEMENT_3D('',#3346,#3347,#3348);
#3346 = CARTESIAN_POINT('',(15.07,2.441746824527,4.479229559301));
#3347 = DIRECTION('',(4.692210867831E-15,-0.866025403784,0.5));
#3348 = DIRECTION('',(1.,7.984937942164E-15,4.44589647545E-15));
#3349 = ADVANCED_FACE('',(#3350),#3362,.T.);
#3350 = FACE_BOUND('',#3351,.T.);
#3351 = EDGE_LOOP('',(#3352,#3353,#3358,#3359,#3360,#3361));
#3352 = ORIENTED_EDGE('',*,*,#3245,.T.);
#3353 = ORIENTED_EDGE('',*,*,#3354,.T.);
#3354 = EDGE_CURVE('',#3246,#3221,#3355,.T.);
#3355 = B_SPLINE_CURVE_WITH_KNOTS('',1,(#3356,#3357),.UNSPECIFIED.,.F.,
  .F.,(2,2),(-0.505380923109,0.258006241781),.PIECEWISE_BEZIER_KNOTS.);
#3356 = CARTESIAN_POINT('',(15.07,1.98241229517,3.485061825556));
#3357 = CARTESIAN_POINT('',(15.07,1.721318507619,4.202411111206));
#3358 = ORIENTED_EDGE('',*,*,#3229,.F.);
#3359 = ORIENTED_EDGE('',*,*,#3211,.F.);
#3360 = ORIENTED_EDGE('',*,*,#3220,.F.);
#3361 = ORIENTED_EDGE('',*,*,#3354,.F.);
#3362 = CONICAL_SURFACE('',#3363,0.412855752194,0.872664626);
#3363 = AXIS2_PLACEMENT_3D('',#3364,#3365,#3366);
#3364 = CARTESIAN_POINT('',(15.07,2.167105408911,3.753536673591));
#3365 = DIRECTION('',(-7.856406360916E-15,0.5,0.866025403784));
#3366 = DIRECTION('',(4.692210867831E-15,-0.866025403784,0.5));
#3367 = ADVANCED_FACE('',(#3368),#3391,.F.);
#3368 = FACE_BOUND('',#3369,.T.);
#3369 = EDGE_LOOP('',(#3370,#3371,#3377,#3378,#3384,#3385));
#3370 = ORIENTED_EDGE('',*,*,#2210,.F.);
#3371 = ORIENTED_EDGE('',*,*,#3372,.F.);
#3372 = EDGE_CURVE('',#3312,#2211,#3373,.T.);
#3373 = ( BOUNDED_CURVE() B_SPLINE_CURVE(2,(#3374,#3375,#3376),
.UNSPECIFIED.,.F.,.F.) B_SPLINE_CURVE_WITH_KNOTS((3,3),(0.,
9.97155159925E-03),.PIECEWISE_BEZIER_KNOTS.) CURVE() 
GEOMETRIC_REPRESENTATION_ITEM() RATIONAL_B_SPLINE_CURVE((1.,
1.005105308294,1.007357020424)) REPRESENTATION_ITEM('') );
#3374 = CARTESIAN_POINT('',(15.605607132141,2.858253175473,
    4.700639720814));
#3375 = CARTESIAN_POINT('',(15.634971574316,2.843955171236,4.67587485103
    ));
#3376 = CARTESIAN_POINT('',(15.66756610513,2.828003175473,4.648245183885
    ));
#3377 = ORIENTED_EDGE('',*,*,#3309,.F.);
#3378 = ORIENTED_EDGE('',*,*,#3379,.F.);
#3379 = EDGE_CURVE('',#2219,#3310,#3380,.T.);
#3380 = ( BOUNDED_CURVE() B_SPLINE_CURVE(2,(#3381,#3382,#3383),
.UNSPECIFIED.,.F.,.F.) B_SPLINE_CURVE_WITH_KNOTS((3,3),(
    2.570823079892E-02,3.567978239817E-02),.PIECEWISE_BEZIER_KNOTS.) 
CURVE() GEOMETRIC_REPRESENTATION_ITEM() RATIONAL_B_SPLINE_CURVE((
1.007357020424,1.005105308294,1.)) REPRESENTATION_ITEM('') );
#3381 = CARTESIAN_POINT('',(14.47243389487,2.828003175473,4.648245183885
    ));
#3382 = CARTESIAN_POINT('',(14.505028425684,2.843955171236,4.67587485103
    ));
#3383 = CARTESIAN_POINT('',(14.534392867859,2.858253175473,
    4.700639720814));
#3384 = ORIENTED_EDGE('',*,*,#2235,.F.);
#3385 = ORIENTED_EDGE('',*,*,#3386,.F.);
#3386 = EDGE_CURVE('',#2202,#2168,#3387,.T.);
#3387 = LINE('',#3388,#3389);
#3388 = CARTESIAN_POINT('',(15.07,2.658253175473,4.354229559301));
#3389 = VECTOR('',#3390,1.);
#3390 = DIRECTION('',(-1.,-7.991776991913E-15,-4.457742057092E-15));
#3391 = PLANE('',#3392);
#3392 = AXIS2_PLACEMENT_3D('',#3393,#3394,#3395);
#3393 = CARTESIAN_POINT('',(15.07,2.96917125935,4.892755477568));
#3394 = DIRECTION('',(-4.692210867831E-15,0.866025403784,-0.5));
#3395 = DIRECTION('',(-1.,-7.984937942164E-15,-4.44589647545E-15));
#3396 = ADVANCED_FACE('',(#3397),#3403,.F.);
#3397 = FACE_BOUND('',#3398,.T.);
#3398 = EDGE_LOOP('',(#3399,#3400,#3401,#3402));
#3399 = ORIENTED_EDGE('',*,*,#2201,.F.);
#3400 = ORIENTED_EDGE('',*,*,#3386,.T.);
#3401 = ORIENTED_EDGE('',*,*,#2165,.F.);
#3402 = ORIENTED_EDGE('',*,*,#3335,.T.);
#3403 = PLANE('',#3404);
#3404 = AXIS2_PLACEMENT_3D('',#3405,#3406,#3407);
#3405 = CARTESIAN_POINT('',(15.07,2.658253175473,4.354229559301));
#3406 = DIRECTION('',(7.856406360916E-15,-0.5,-0.866025403784));
#3407 = DIRECTION('',(1.,8.00044482705E-15,4.452737680142E-15));
#3408 = ADVANCED_FACE('',(#3409),#3415,.T.);
#3409 = FACE_BOUND('',#3410,.T.);
#3410 = EDGE_LOOP('',(#3411,#3412,#3413,#3414));
#3411 = ORIENTED_EDGE('',*,*,#2218,.F.);
#3412 = ORIENTED_EDGE('',*,*,#3379,.T.);
#3413 = ORIENTED_EDGE('',*,*,#3319,.T.);
#3414 = ORIENTED_EDGE('',*,*,#3372,.T.);
#3415 = CONICAL_SURFACE('',#3416,0.675,0.7853981634);
#3416 = AXIS2_PLACEMENT_3D('',#3417,#3418,#3419);
#3417 = CARTESIAN_POINT('',(15.07,2.6875,4.654886545341));
#3418 = DIRECTION('',(7.856406360916E-15,-0.5,-0.866025403784));
#3419 = DIRECTION('',(-4.692210867831E-15,0.866025403784,-0.5));
#3420 = ADVANCED_FACE('',(#3421),#3440,.T.);
#3421 = FACE_BOUND('',#3422,.T.);
#3422 = EDGE_LOOP('',(#3423,#3433));
#3423 = ORIENTED_EDGE('',*,*,#3424,.T.);
#3424 = EDGE_CURVE('',#3425,#3427,#3429,.T.);
#3425 = VERTEX_POINT('',#3426);
#3426 = CARTESIAN_POINT('',(4.234392867859,3.008253175473,4.96044734195)
  );
#3427 = VERTEX_POINT('',#3428);
#3428 = CARTESIAN_POINT('',(5.305607132141,3.008253175473,4.96044734195)
  );
#3429 = LINE('',#3430,#3431);
#3430 = CARTESIAN_POINT('',(4.77,3.008253175473,4.96044734195));
#3431 = VECTOR('',#3432,1.);
#3432 = DIRECTION('',(1.,7.279054696636E-15,-4.706418596211E-15));
#3433 = ORIENTED_EDGE('',*,*,#3434,.F.);
#3434 = EDGE_CURVE('',#3425,#3427,#3435,.T.);
#3435 = CIRCLE('',#3436,0.55);
#3436 = AXIS2_PLACEMENT_3D('',#3437,#3438,#3439);
#3437 = CARTESIAN_POINT('',(4.77,2.9,5.02294734195));
#3438 = DIRECTION('',(-4.363507168446E-16,-0.5,-0.866025403784));
#3439 = DIRECTION('',(8.657055580929E-15,-0.866025403784,0.5));
#3440 = PLANE('',#3441);
#3441 = AXIS2_PLACEMENT_3D('',#3442,#3443,#3444);
#3442 = CARTESIAN_POINT('',(4.77,3.246410161514,4.82294734195));
#3443 = DIRECTION('',(4.363507168446E-16,0.5,0.866025403784));
#3444 = DIRECTION('',(1.,7.2824623703E-15,-4.708386017519E-15));
#3445 = ADVANCED_FACE('',(#3446),#3472,.T.);
#3446 = FACE_BOUND('',#3447,.T.);
#3447 = EDGE_LOOP('',(#3448,#3449,#3457,#3466));
#3448 = ORIENTED_EDGE('',*,*,#498,.F.);
#3449 = ORIENTED_EDGE('',*,*,#3450,.T.);
#3450 = EDGE_CURVE('',#499,#3451,#3453,.T.);
#3451 = VERTEX_POINT('',#3452);
#3452 = CARTESIAN_POINT('',(5.305607132141,2.791746824527,5.08544734195)
  );
#3453 = ( BOUNDED_CURVE() B_SPLINE_CURVE(2,(#3454,#3455,#3456),
.UNSPECIFIED.,.F.,.F.) B_SPLINE_CURVE_WITH_KNOTS((3,3),(
    2.570823079891E-02,3.567978239817E-02),.PIECEWISE_BEZIER_KNOTS.) 
CURVE() GEOMETRIC_REPRESENTATION_ITEM() RATIONAL_B_SPLINE_CURVE((
1.007357020424,1.005105308294,1.)) REPRESENTATION_ITEM('') );
#3454 = CARTESIAN_POINT('',(5.36756610513,2.761496824527,5.033052805021)
  );
#3455 = CARTESIAN_POINT('',(5.334971574316,2.77744882029,5.060682472165)
  );
#3456 = CARTESIAN_POINT('',(5.305607132141,2.791746824527,5.08544734195)
  );
#3457 = ORIENTED_EDGE('',*,*,#3458,.T.);
#3458 = EDGE_CURVE('',#3451,#3459,#3461,.T.);
#3459 = VERTEX_POINT('',#3460);
#3460 = CARTESIAN_POINT('',(4.234392867859,2.791746824527,5.08544734195)
  );
#3461 = CIRCLE('',#3462,0.55);
#3462 = AXIS2_PLACEMENT_3D('',#3463,#3464,#3465);
#3463 = CARTESIAN_POINT('',(4.77,2.9,5.02294734195));
#3464 = DIRECTION('',(-4.363507168446E-16,-0.5,-0.866025403784));
#3465 = DIRECTION('',(8.657055580929E-15,-0.866025403784,0.5));
#3466 = ORIENTED_EDGE('',*,*,#3467,.T.);
#3467 = EDGE_CURVE('',#3459,#501,#3468,.T.);
#3468 = ( BOUNDED_CURVE() B_SPLINE_CURVE(2,(#3469,#3470,#3471),
.UNSPECIFIED.,.F.,.F.) B_SPLINE_CURVE_WITH_KNOTS((3,3),(0.,
9.971551599264E-03),.PIECEWISE_BEZIER_KNOTS.) CURVE() 
GEOMETRIC_REPRESENTATION_ITEM() RATIONAL_B_SPLINE_CURVE((1.,
1.005105308294,1.007357020424)) REPRESENTATION_ITEM('') );
#3469 = CARTESIAN_POINT('',(4.234392867859,2.791746824527,5.08544734195)
  );
#3470 = CARTESIAN_POINT('',(4.205028425684,2.77744882029,5.060682472165)
  );
#3471 = CARTESIAN_POINT('',(4.17243389487,2.761496824527,5.033052805021)
  );
#3472 = CONICAL_SURFACE('',#3473,0.675,0.7853981634);
#3473 = AXIS2_PLACEMENT_3D('',#3474,#3475,#3476);
#3474 = CARTESIAN_POINT('',(4.77,2.8375,4.914694166477));
#3475 = DIRECTION('',(-4.363507168446E-16,-0.5,-0.866025403784));
#3476 = DIRECTION('',(8.657055580929E-15,-0.866025403784,0.5));
#3477 = ADVANCED_FACE('',(#3478),#3487,.T.);
#3478 = FACE_BOUND('',#3479,.T.);
#3479 = EDGE_LOOP('',(#3480,#3486));
#3480 = ORIENTED_EDGE('',*,*,#3481,.T.);
#3481 = EDGE_CURVE('',#3451,#3459,#3482,.T.);
#3482 = LINE('',#3483,#3484);
#3483 = CARTESIAN_POINT('',(4.77,2.791746824527,5.08544734195));
#3484 = VECTOR('',#3485,1.);
#3485 = DIRECTION('',(-1.,-7.279054696636E-15,4.706418596211E-15));
#3486 = ORIENTED_EDGE('',*,*,#3458,.F.);
#3487 = PLANE('',#3488);
#3488 = AXIS2_PLACEMENT_3D('',#3489,#3490,#3491);
#3489 = CARTESIAN_POINT('',(4.77,3.246410161514,4.82294734195));
#3490 = DIRECTION('',(4.363507168446E-16,0.5,0.866025403784));
#3491 = DIRECTION('',(1.,7.2824623703E-15,-4.708386017519E-15));
#3492 = ADVANCED_FACE('',(#3493),#3516,.F.);
#3493 = FACE_BOUND('',#3494,.T.);
#3494 = EDGE_LOOP('',(#3495,#3496,#3502,#3503,#3509,#3510));
#3495 = ORIENTED_EDGE('',*,*,#610,.F.);
#3496 = ORIENTED_EDGE('',*,*,#3497,.F.);
#3497 = EDGE_CURVE('',#3427,#611,#3498,.T.);
#3498 = ( BOUNDED_CURVE() B_SPLINE_CURVE(2,(#3499,#3500,#3501),
.UNSPECIFIED.,.F.,.F.) B_SPLINE_CURVE_WITH_KNOTS((3,3),(0.,
9.971551599264E-03),.PIECEWISE_BEZIER_KNOTS.) CURVE() 
GEOMETRIC_REPRESENTATION_ITEM() RATIONAL_B_SPLINE_CURVE((1.,
1.005105308294,1.007357020424)) REPRESENTATION_ITEM('') );
#3499 = CARTESIAN_POINT('',(5.305607132141,3.008253175473,4.96044734195)
  );
#3500 = CARTESIAN_POINT('',(5.334971574316,2.993955171236,4.935682472165
    ));
#3501 = CARTESIAN_POINT('',(5.36756610513,2.978003175473,4.908052805021)
  );
#3502 = ORIENTED_EDGE('',*,*,#3424,.F.);
#3503 = ORIENTED_EDGE('',*,*,#3504,.F.);
#3504 = EDGE_CURVE('',#619,#3425,#3505,.T.);
#3505 = ( BOUNDED_CURVE() B_SPLINE_CURVE(2,(#3506,#3507,#3508),
.UNSPECIFIED.,.F.,.F.) B_SPLINE_CURVE_WITH_KNOTS((3,3),(
    2.570823079891E-02,3.567978239817E-02),.PIECEWISE_BEZIER_KNOTS.) 
CURVE() GEOMETRIC_REPRESENTATION_ITEM() RATIONAL_B_SPLINE_CURVE((
1.007357020424,1.005105308294,1.)) REPRESENTATION_ITEM('') );
#3506 = CARTESIAN_POINT('',(4.17243389487,2.978003175473,4.908052805021)
  );
#3507 = CARTESIAN_POINT('',(4.205028425684,2.993955171236,4.935682472165
    ));
#3508 = CARTESIAN_POINT('',(4.234392867859,3.008253175473,4.96044734195)
  );
#3509 = ORIENTED_EDGE('',*,*,#627,.F.);
#3510 = ORIENTED_EDGE('',*,*,#3511,.F.);
#3511 = EDGE_CURVE('',#602,#628,#3512,.T.);
#3512 = LINE('',#3513,#3514);
#3513 = CARTESIAN_POINT('',(4.77,2.808253175473,4.614037180436));
#3514 = VECTOR('',#3515,1.);
#3515 = DIRECTION('',(-1.,-7.279054696636E-15,4.706418596211E-15));
#3516 = PLANE('',#3517);
#3517 = AXIS2_PLACEMENT_3D('',#3518,#3519,#3520);
#3518 = CARTESIAN_POINT('',(4.77,2.808253175473,4.614037180436));
#3519 = DIRECTION('',(-8.657055580929E-15,0.866025403784,-0.5));
#3520 = DIRECTION('',(-1.,-7.279655367877E-15,4.705378203103E-15));
#3521 = ADVANCED_FACE('',(#3522),#3533,.F.);
#3522 = FACE_BOUND('',#3523,.T.);
#3523 = EDGE_LOOP('',(#3524,#3525,#3526,#3527));
#3524 = ORIENTED_EDGE('',*,*,#601,.F.);
#3525 = ORIENTED_EDGE('',*,*,#3511,.T.);
#3526 = ORIENTED_EDGE('',*,*,#635,.F.);
#3527 = ORIENTED_EDGE('',*,*,#3528,.T.);
#3528 = EDGE_CURVE('',#636,#594,#3529,.T.);
#3529 = LINE('',#3530,#3531);
#3530 = CARTESIAN_POINT('',(4.77,2.591746824527,4.739037180436));
#3531 = VECTOR('',#3532,1.);
#3532 = DIRECTION('',(1.,7.279054696636E-15,-4.706418596211E-15));
#3533 = PLANE('',#3534);
#3534 = AXIS2_PLACEMENT_3D('',#3535,#3536,#3537);
#3535 = CARTESIAN_POINT('',(4.77,2.591746824527,4.739037180436));
#3536 = DIRECTION('',(-4.363507168446E-16,-0.5,-0.866025403784));
#3537 = DIRECTION('',(-1.,-7.2824623703E-15,4.708386017519E-15));
#3538 = ADVANCED_FACE('',(#3539),#3547,.F.);
#3539 = FACE_BOUND('',#3540,.T.);
#3540 = EDGE_LOOP('',(#3541,#3542,#3543,#3544,#3545,#3546));
#3541 = ORIENTED_EDGE('',*,*,#593,.F.);
#3542 = ORIENTED_EDGE('',*,*,#3528,.F.);
#3543 = ORIENTED_EDGE('',*,*,#644,.F.);
#3544 = ORIENTED_EDGE('',*,*,#3467,.F.);
#3545 = ORIENTED_EDGE('',*,*,#3481,.F.);
#3546 = ORIENTED_EDGE('',*,*,#3450,.F.);
#3547 = PLANE('',#3548);
#3548 = AXIS2_PLACEMENT_3D('',#3549,#3550,#3551);
#3549 = CARTESIAN_POINT('',(4.77,2.902664908404,5.277563098703));
#3550 = DIRECTION('',(8.657055580929E-15,-0.866025403784,0.5));
#3551 = DIRECTION('',(1.,7.279655367877E-15,-4.705378203103E-15));
#3552 = ADVANCED_FACE('',(#3553),#3559,.T.);
#3553 = FACE_BOUND('',#3554,.T.);
#3554 = EDGE_LOOP('',(#3555,#3556,#3557,#3558));
#3555 = ORIENTED_EDGE('',*,*,#618,.F.);
#3556 = ORIENTED_EDGE('',*,*,#3504,.T.);
#3557 = ORIENTED_EDGE('',*,*,#3434,.T.);
#3558 = ORIENTED_EDGE('',*,*,#3497,.T.);
#3559 = CONICAL_SURFACE('',#3560,0.675,0.7853981634);
#3560 = AXIS2_PLACEMENT_3D('',#3561,#3562,#3563);
#3561 = CARTESIAN_POINT('',(4.77,2.8375,4.914694166477));
#3562 = DIRECTION('',(-4.363507168446E-16,-0.5,-0.866025403784));
#3563 = DIRECTION('',(8.657055580929E-15,-0.866025403784,0.5));
#3564 = ADVANCED_FACE('',(#3565,#3576,#3579,#3582),#3585,.F.);
#3565 = FACE_BOUND('',#3566,.F.);
#3566 = EDGE_LOOP('',(#3567,#3568,#3573,#3574,#3575));
#3567 = ORIENTED_EDGE('',*,*,#376,.F.);
#3568 = ORIENTED_EDGE('',*,*,#3569,.T.);
#3569 = EDGE_CURVE('',#368,#1936,#3570,.T.);
#3570 = B_SPLINE_CURVE_WITH_KNOTS('',1,(#3571,#3572),.UNSPECIFIED.,.F.,
  .F.,(2,2),(1.875,5.075),.PIECEWISE_BEZIER_KNOTS.);
#3571 = CARTESIAN_POINT('',(13.27,4.,-2.280171655703E-32));
#3572 = CARTESIAN_POINT('',(16.47,4.,-2.830024654818E-32));
#3573 = ORIENTED_EDGE('',*,*,#1942,.T.);
#3574 = ORIENTED_EDGE('',*,*,#3569,.F.);
#3575 = ORIENTED_EDGE('',*,*,#365,.F.);
#3576 = FACE_BOUND('',#3577,.F.);
#3577 = EDGE_LOOP('',(#3578));
#3578 = ORIENTED_EDGE('',*,*,#3165,.F.);
#3579 = FACE_BOUND('',#3580,.F.);
#3580 = EDGE_LOOP('',(#3581));
#3581 = ORIENTED_EDGE('',*,*,#2906,.F.);
#3582 = FACE_BOUND('',#3583,.F.);
#3583 = EDGE_LOOP('',(#3584));
#3584 = ORIENTED_EDGE('',*,*,#2647,.F.);
#3585 = CYLINDRICAL_SURFACE('',#3586,4.);
#3586 = AXIS2_PLACEMENT_3D('',#3587,#3588,#3589);
#3587 = CARTESIAN_POINT('',(11.395,3.618899402701E-28,
    -1.957992164035E-32));
#3588 = DIRECTION('',(1.,1.883405411215E-29,-1.718290622233E-33));
#3589 = DIRECTION('',(-1.883405411215E-29,1.,7.364805613938E-49));
#3590 = ADVANCED_FACE('',(#3591),#3598,.T.);
#3591 = FACE_BOUND('',#3592,.T.);
#3592 = EDGE_LOOP('',(#3593,#3594,#3595,#3596,#3597));
#3593 = ORIENTED_EDGE('',*,*,#409,.T.);
#3594 = ORIENTED_EDGE('',*,*,#432,.T.);
#3595 = ORIENTED_EDGE('',*,*,#441,.T.);
#3596 = ORIENTED_EDGE('',*,*,#452,.T.);
#3597 = ORIENTED_EDGE('',*,*,#471,.T.);
#3598 = CYLINDRICAL_SURFACE('',#3599,4.);
#3599 = AXIS2_PLACEMENT_3D('',#3600,#3601,#3602);
#3600 = CARTESIAN_POINT('',(10.358538732935,3.026272212821E-31,
    2.27100014814E-31));
#3601 = DIRECTION('',(1.,-1.481396780927E-31,1.848892746612E-32));
#3602 = DIRECTION('',(-1.481396780927E-31,-1.,-1.665334536938E-16));
#3603 = ORIENTED_CLOSED_SHELL('',*,#3604,.F.);
#3604 = CLOSED_SHELL('',(#3605,#3633,#3657,#3686));
#3605 = ADVANCED_FACE('',(#3606,#3617),#3628,.F.);
#3606 = FACE_BOUND('',#3607,.F.);
#3607 = EDGE_LOOP('',(#3608));
#3608 = ORIENTED_EDGE('',*,*,#3609,.F.);
#3609 = EDGE_CURVE('',#3610,#3610,#3612,.T.);
#3610 = VERTEX_POINT('',#3611);
#3611 = CARTESIAN_POINT('',(-1.43,4.15,2.457155589793E-33));
#3612 = CIRCLE('',#3613,4.15);
#3613 = AXIS2_PLACEMENT_3D('',#3614,#3615,#3616);
#3614 = CARTESIAN_POINT('',(-1.43,1.203012880462E-28,2.457155589793E-33)
  );
#3615 = DIRECTION('',(1.,1.883405411215E-29,-1.718290622233E-33));
#3616 = DIRECTION('',(-1.883405411215E-29,1.,7.364805613939E-49));
#3617 = FACE_BOUND('',#3618,.F.);
#3618 = EDGE_LOOP('',(#3619));
#3619 = ORIENTED_EDGE('',*,*,#3620,.T.);
#3620 = EDGE_CURVE('',#3621,#3621,#3623,.T.);
#3621 = VERTEX_POINT('',#3622);
#3622 = CARTESIAN_POINT('',(-1.43,4.,2.457155589793E-33));
#3623 = CIRCLE('',#3624,4.);
#3624 = AXIS2_PLACEMENT_3D('',#3625,#3626,#3627);
#3625 = CARTESIAN_POINT('',(-1.43,1.203012880462E-28,2.457155589793E-33)
  );
#3626 = DIRECTION('',(1.,1.883405411215E-29,-1.718290622233E-33));
#3627 = DIRECTION('',(-1.883405411215E-29,1.,7.364805613938E-49));
#3628 = PLANE('',#3629);
#3629 = AXIS2_PLACEMENT_3D('',#3630,#3631,#3632);
#3630 = CARTESIAN_POINT('',(-1.43,4.075,2.457155589793E-33));
#3631 = DIRECTION('',(-1.,-1.883405411215E-29,1.718290622233E-33));
#3632 = DIRECTION('',(1.718290622233E-33,3.236237855954E-62,1.));
#3633 = ADVANCED_FACE('',(#3634),#3652,.T.);
#3634 = FACE_BOUND('',#3635,.T.);
#3635 = EDGE_LOOP('',(#3636,#3645,#3650,#3651));
#3636 = ORIENTED_EDGE('',*,*,#3637,.T.);
#3637 = EDGE_CURVE('',#3638,#3638,#3640,.T.);
#3638 = VERTEX_POINT('',#3639);
#3639 = CARTESIAN_POINT('',(-3.43,4.15,5.89373683426E-33));
#3640 = CIRCLE('',#3641,4.15);
#3641 = AXIS2_PLACEMENT_3D('',#3642,#3643,#3644);
#3642 = CARTESIAN_POINT('',(-3.43,8.184431891668E-29,5.89373683426E-33)
  );
#3643 = DIRECTION('',(1.,1.883405411215E-29,-1.718290622233E-33));
#3644 = DIRECTION('',(-1.883405411215E-29,1.,7.364805613938E-49));
#3645 = ORIENTED_EDGE('',*,*,#3646,.T.);
#3646 = EDGE_CURVE('',#3638,#3610,#3647,.T.);
#3647 = B_SPLINE_CURVE_WITH_KNOTS('',1,(#3648,#3649),.UNSPECIFIED.,.F.,
  .F.,(2,2),(-1.,1.),.PIECEWISE_BEZIER_KNOTS.);
#3648 = CARTESIAN_POINT('',(-3.43,4.15,5.89373683426E-33));
#3649 = CARTESIAN_POINT('',(-1.43,4.15,2.457155589793E-33));
#3650 = ORIENTED_EDGE('',*,*,#3609,.F.);
#3651 = ORIENTED_EDGE('',*,*,#3646,.F.);
#3652 = CYLINDRICAL_SURFACE('',#3653,4.15);
#3653 = AXIS2_PLACEMENT_3D('',#3654,#3655,#3656);
#3654 = CARTESIAN_POINT('',(-2.43,1.005797654157E-28,4.175446212027E-33)
  );
#3655 = DIRECTION('',(1.,1.883405411215E-29,-1.718290622233E-33));
#3656 = DIRECTION('',(-1.883405411215E-29,1.,7.364805613939E-49));
#3657 = ADVANCED_FACE('',(#3658,#3661),#3681,.F.);
#3658 = FACE_BOUND('',#3659,.F.);
#3659 = EDGE_LOOP('',(#3660));
#3660 = ORIENTED_EDGE('',*,*,#3637,.T.);
#3661 = FACE_BOUND('',#3662,.F.);
#3662 = EDGE_LOOP('',(#3663,#3674));
#3663 = ORIENTED_EDGE('',*,*,#3664,.T.);
#3664 = EDGE_CURVE('',#3665,#3667,#3669,.T.);
#3665 = VERTEX_POINT('',#3666);
#3666 = CARTESIAN_POINT('',(-3.43,-4.898587196589E-16,-4.));
#3667 = VERTEX_POINT('',#3668);
#3668 = CARTESIAN_POINT('',(-3.43,4.,2.449293598295E-16));
#3669 = CIRCLE('',#3670,4.);
#3670 = AXIS2_PLACEMENT_3D('',#3671,#3672,#3673);
#3671 = CARTESIAN_POINT('',(-3.43,8.275375663122E-29,-2.280171655703E-32
    ));
#3672 = DIRECTION('',(-1.,-1.883405411215E-29,1.718290622233E-33));
#3673 = DIRECTION('',(1.718290622233E-33,1.245856889436E-66,1.));
#3674 = ORIENTED_EDGE('',*,*,#3675,.T.);
#3675 = EDGE_CURVE('',#3667,#3665,#3676,.T.);
#3676 = CIRCLE('',#3677,4.);
#3677 = AXIS2_PLACEMENT_3D('',#3678,#3679,#3680);
#3678 = CARTESIAN_POINT('',(-3.43,8.275375663122E-29,-2.280171655703E-32
    ));
#3679 = DIRECTION('',(-1.,-1.883405411215E-29,1.718290622233E-33));
#3680 = DIRECTION('',(1.718290622233E-33,1.245856889436E-66,1.));
#3681 = PLANE('',#3682);
#3682 = AXIS2_PLACEMENT_3D('',#3683,#3684,#3685);
#3683 = CARTESIAN_POINT('',(-3.43,2.075,5.89373683426E-33));
#3684 = DIRECTION('',(1.,1.883405411215E-29,-1.718290622233E-33));
#3685 = DIRECTION('',(-1.718290622233E-33,-3.236237855954E-62,-1.));
#3686 = ADVANCED_FACE('',(#3687),#3698,.F.);
#3687 = FACE_BOUND('',#3688,.F.);
#3688 = EDGE_LOOP('',(#3689,#3690,#3695,#3696,#3697));
#3689 = ORIENTED_EDGE('',*,*,#3675,.F.);
#3690 = ORIENTED_EDGE('',*,*,#3691,.F.);
#3691 = EDGE_CURVE('',#3621,#3667,#3692,.T.);
#3692 = B_SPLINE_CURVE_WITH_KNOTS('',1,(#3693,#3694),.UNSPECIFIED.,.F.,
  .F.,(2,2),(14.7,16.7),.PIECEWISE_BEZIER_KNOTS.);
#3693 = CARTESIAN_POINT('',(-1.43,4.,1.224646799147E-15));
#3694 = CARTESIAN_POINT('',(-3.43,4.,1.224646799147E-15));
#3695 = ORIENTED_EDGE('',*,*,#3620,.F.);
#3696 = ORIENTED_EDGE('',*,*,#3691,.T.);
#3697 = ORIENTED_EDGE('',*,*,#3664,.F.);
#3698 = CYLINDRICAL_SURFACE('',#3699,4.);
#3699 = AXIS2_PLACEMENT_3D('',#3700,#3701,#3702);
#3700 = CARTESIAN_POINT('',(13.27,3.972703518693E-28,-2.280171655703E-32
    ));
#3701 = DIRECTION('',(-1.,-1.883332905617E-29,0.));
#3702 = DIRECTION('',(6.094678608195E-91,-3.236113270265E-62,1.));
#3703 = ( GEOMETRIC_REPRESENTATION_CONTEXT(3) 
GLOBAL_UNCERTAINTY_ASSIGNED_CONTEXT((#3707)) 
GLOBAL_UNIT_ASSIGNED_CONTEXT((#3704,#3705,#3706)) REPRESENTATION_CONTEXT
('Context #1','3D Context with UNIT and UNCERTAINTY') );
#3704 = ( LENGTH_UNIT() NAMED_UNIT(*) SI_UNIT(.MILLI.,.METRE.) );
#3705 = ( NAMED_UNIT(*) PLANE_ANGLE_UNIT() SI_UNIT($,.RADIAN.) );
#3706 = ( NAMED_UNIT(*) SI_UNIT($,.STERADIAN.) SOLID_ANGLE_UNIT() );
#3707 = UNCERTAINTY_MEASURE_WITH_UNIT(LENGTH_MEASURE(2.E-04),#3704,
  'distance_accuracy_value','confusion accuracy');
#3708 = CONTEXT_DEPENDENT_SHAPE_REPRESENTATION(#3709,#3711);
#3709 = ( REPRESENTATION_RELATIONSHIP('','',#358,#10) 
REPRESENTATION_RELATIONSHIP_WITH_TRANSFORMATION(#3710) 
SHAPE_REPRESENTATION_RELATIONSHIP() );
#3710 = ITEM_DEFINED_TRANSFORMATION('','',#11,#23);
#3711 = PRODUCT_DEFINITION_SHAPE('Placement','Placement of an item',
  #3712);
#3712 = NEXT_ASSEMBLY_USAGE_OCCURRENCE('5',
  '60FC_4_XX_xx_01_Shrinkwrap_1','',#5,#353,$);
#3713 = PRODUCT_RELATED_PRODUCT_CATEGORY('part',$,(#355));
#3714 = MECHANICAL_DESIGN_GEOMETRIC_PRESENTATION_REPRESENTATION('',(
    #3715),#340);
#3715 = STYLED_ITEM('color',(#3716),#223);
#3716 = PRESENTATION_STYLE_ASSIGNMENT((#3717,#3723));
#3717 = SURFACE_STYLE_USAGE(.BOTH.,#3718);
#3718 = SURFACE_SIDE_STYLE('',(#3719));
#3719 = SURFACE_STYLE_FILL_AREA(#3720);
#3720 = FILL_AREA_STYLE('',(#3721));
#3721 = FILL_AREA_STYLE_COLOUR('',#3722);
#3722 = COLOUR_RGB('',0.790000031657,0.819999987296,0.930000003373);
#3723 = CURVE_STYLE('',#3724,POSITIVE_LENGTH_MEASURE(0.1),#3725);
#3724 = DRAUGHTING_PRE_DEFINED_CURVE_FONT('continuous');
#3725 = COLOUR_RGB('',9.803921802644E-02,9.803921802644E-02,
  9.803921802644E-02);
#3726 = MECHANICAL_DESIGN_GEOMETRIC_PRESENTATION_REPRESENTATION('',(
    #3727,#3737,#3745,#3752,#3759,#3766,#3773,#3780,#3787,#3794,#3801,
    #3808,#3815,#3822,#3829,#3836,#3843,#3850,#3857,#3864,#3871,#3878,
    #3885,#3892,#3899,#3906,#3913,#3920,#3927,#3934,#3941,#3948,#3955,
    #3962,#3969,#3976,#3983,#3990,#3998,#4005,#4012,#4019,#4026,#4033,
    #4040,#4047,#4054,#4061,#4068,#4075,#4082,#4089,#4096,#4104,#4111,
    #4118,#4125,#4132,#4139,#4146,#4153,#4160,#4167,#4174,#4181,#4188,
    #4195,#4202,#4209,#4216,#4223,#4230,#4237,#4244,#4251,#4258,#4265,
    #4272,#4279,#4286,#4293,#4300,#4307,#4314,#4321,#4328,#4335,#4342,
    #4349,#4356,#4364,#4371,#4378),#3703);
#3727 = STYLED_ITEM('color',(#3728),#359);
#3728 = PRESENTATION_STYLE_ASSIGNMENT((#3729,#3735));
#3729 = SURFACE_STYLE_USAGE(.BOTH.,#3730);
#3730 = SURFACE_SIDE_STYLE('',(#3731));
#3731 = SURFACE_STYLE_FILL_AREA(#3732);
#3732 = FILL_AREA_STYLE('',(#3733));
#3733 = FILL_AREA_STYLE_COLOUR('',#3734);
#3734 = COLOUR_RGB('',0.749019635948,0.749019635948,0.749019635948);
#3735 = CURVE_STYLE('',#3736,POSITIVE_LENGTH_MEASURE(0.1),#3725);
#3736 = DRAUGHTING_PRE_DEFINED_CURVE_FONT('continuous');
#3737 = OVER_RIDING_STYLED_ITEM('overriding color',(#3738),#387,#3727);
#3738 = PRESENTATION_STYLE_ASSIGNMENT((#3739));
#3739 = SURFACE_STYLE_USAGE(.BOTH.,#3740);
#3740 = SURFACE_SIDE_STYLE('',(#3741));
#3741 = SURFACE_STYLE_FILL_AREA(#3742);
#3742 = FILL_AREA_STYLE('',(#3743));
#3743 = FILL_AREA_STYLE_COLOUR('',#3744);
#3744 = COLOUR_RGB('',0.850980411111,0.843137261657,0.521568595104);
#3745 = OVER_RIDING_STYLED_ITEM('overriding color',(#3746),#494,#3727);
#3746 = PRESENTATION_STYLE_ASSIGNMENT((#3747));
#3747 = SURFACE_STYLE_USAGE(.BOTH.,#3748);
#3748 = SURFACE_SIDE_STYLE('',(#3749));
#3749 = SURFACE_STYLE_FILL_AREA(#3750);
#3750 = FILL_AREA_STYLE('',(#3751));
#3751 = FILL_AREA_STYLE_COLOUR('',#3744);
#3752 = OVER_RIDING_STYLED_ITEM('overriding color',(#3753),#654,#3727);
#3753 = PRESENTATION_STYLE_ASSIGNMENT((#3754));
#3754 = SURFACE_STYLE_USAGE(.BOTH.,#3755);
#3755 = SURFACE_SIDE_STYLE('',(#3756));
#3756 = SURFACE_STYLE_FILL_AREA(#3757);
#3757 = FILL_AREA_STYLE('',(#3758));
#3758 = FILL_AREA_STYLE_COLOUR('',#3744);
#3759 = OVER_RIDING_STYLED_ITEM('overriding color',(#3760),#814,#3727);
#3760 = PRESENTATION_STYLE_ASSIGNMENT((#3761));
#3761 = SURFACE_STYLE_USAGE(.BOTH.,#3762);
#3762 = SURFACE_SIDE_STYLE('',(#3763));
#3763 = SURFACE_STYLE_FILL_AREA(#3764);
#3764 = FILL_AREA_STYLE('',(#3765));
#3765 = FILL_AREA_STYLE_COLOUR('',#3744);
#3766 = OVER_RIDING_STYLED_ITEM('overriding color',(#3767),#874,#3727);
#3767 = PRESENTATION_STYLE_ASSIGNMENT((#3768));
#3768 = SURFACE_STYLE_USAGE(.BOTH.,#3769);
#3769 = SURFACE_SIDE_STYLE('',(#3770));
#3770 = SURFACE_STYLE_FILL_AREA(#3771);
#3771 = FILL_AREA_STYLE('',(#3772));
#3772 = FILL_AREA_STYLE_COLOUR('',#3744);
#3773 = OVER_RIDING_STYLED_ITEM('overriding color',(#3774),#911,#3727);
#3774 = PRESENTATION_STYLE_ASSIGNMENT((#3775));
#3775 = SURFACE_STYLE_USAGE(.BOTH.,#3776);
#3776 = SURFACE_SIDE_STYLE('',(#3777));
#3777 = SURFACE_STYLE_FILL_AREA(#3778);
#3778 = FILL_AREA_STYLE('',(#3779));
#3779 = FILL_AREA_STYLE_COLOUR('',#3744);
#3780 = OVER_RIDING_STYLED_ITEM('overriding color',(#3781),#935,#3727);
#3781 = PRESENTATION_STYLE_ASSIGNMENT((#3782));
#3782 = SURFACE_STYLE_USAGE(.BOTH.,#3783);
#3783 = SURFACE_SIDE_STYLE('',(#3784));
#3784 = SURFACE_STYLE_FILL_AREA(#3785);
#3785 = FILL_AREA_STYLE('',(#3786));
#3786 = FILL_AREA_STYLE_COLOUR('',#3744);
#3787 = OVER_RIDING_STYLED_ITEM('overriding color',(#3788),#944,#3727);
#3788 = PRESENTATION_STYLE_ASSIGNMENT((#3789));
#3789 = SURFACE_STYLE_USAGE(.BOTH.,#3790);
#3790 = SURFACE_SIDE_STYLE('',(#3791));
#3791 = SURFACE_STYLE_FILL_AREA(#3792);
#3792 = FILL_AREA_STYLE('',(#3793));
#3793 = FILL_AREA_STYLE_COLOUR('',#3744);
#3794 = OVER_RIDING_STYLED_ITEM('overriding color',(#3795),#992,#3727);
#3795 = PRESENTATION_STYLE_ASSIGNMENT((#3796));
#3796 = SURFACE_STYLE_USAGE(.BOTH.,#3797);
#3797 = SURFACE_SIDE_STYLE('',(#3798));
#3798 = SURFACE_STYLE_FILL_AREA(#3799);
#3799 = FILL_AREA_STYLE('',(#3800));
#3800 = FILL_AREA_STYLE_COLOUR('',#3744);
#3801 = OVER_RIDING_STYLED_ITEM('overriding color',(#3802),#1072,#3727);
#3802 = PRESENTATION_STYLE_ASSIGNMENT((#3803));
#3803 = SURFACE_STYLE_USAGE(.BOTH.,#3804);
#3804 = SURFACE_SIDE_STYLE('',(#3805));
#3805 = SURFACE_STYLE_FILL_AREA(#3806);
#3806 = FILL_AREA_STYLE('',(#3807));
#3807 = FILL_AREA_STYLE_COLOUR('',#3744);
#3808 = OVER_RIDING_STYLED_ITEM('overriding color',(#3809),#1104,#3727);
#3809 = PRESENTATION_STYLE_ASSIGNMENT((#3810));
#3810 = SURFACE_STYLE_USAGE(.BOTH.,#3811);
#3811 = SURFACE_SIDE_STYLE('',(#3812));
#3812 = SURFACE_STYLE_FILL_AREA(#3813);
#3813 = FILL_AREA_STYLE('',(#3814));
#3814 = FILL_AREA_STYLE_COLOUR('',#3744);
#3815 = OVER_RIDING_STYLED_ITEM('overriding color',(#3816),#1128,#3727);
#3816 = PRESENTATION_STYLE_ASSIGNMENT((#3817));
#3817 = SURFACE_STYLE_USAGE(.BOTH.,#3818);
#3818 = SURFACE_SIDE_STYLE('',(#3819));
#3819 = SURFACE_STYLE_FILL_AREA(#3820);
#3820 = FILL_AREA_STYLE('',(#3821));
#3821 = FILL_AREA_STYLE_COLOUR('',#3744);
#3822 = OVER_RIDING_STYLED_ITEM('overriding color',(#3823),#1152,#3727);
#3823 = PRESENTATION_STYLE_ASSIGNMENT((#3824));
#3824 = SURFACE_STYLE_USAGE(.BOTH.,#3825);
#3825 = SURFACE_SIDE_STYLE('',(#3826));
#3826 = SURFACE_STYLE_FILL_AREA(#3827);
#3827 = FILL_AREA_STYLE('',(#3828));
#3828 = FILL_AREA_STYLE_COLOUR('',#3744);
#3829 = OVER_RIDING_STYLED_ITEM('overriding color',(#3830),#1194,#3727);
#3830 = PRESENTATION_STYLE_ASSIGNMENT((#3831));
#3831 = SURFACE_STYLE_USAGE(.BOTH.,#3832);
#3832 = SURFACE_SIDE_STYLE('',(#3833));
#3833 = SURFACE_STYLE_FILL_AREA(#3834);
#3834 = FILL_AREA_STYLE('',(#3835));
#3835 = FILL_AREA_STYLE_COLOUR('',#3744);
#3836 = OVER_RIDING_STYLED_ITEM('overriding color',(#3837),#1212,#3727);
#3837 = PRESENTATION_STYLE_ASSIGNMENT((#3838));
#3838 = SURFACE_STYLE_USAGE(.BOTH.,#3839);
#3839 = SURFACE_SIDE_STYLE('',(#3840));
#3840 = SURFACE_STYLE_FILL_AREA(#3841);
#3841 = FILL_AREA_STYLE('',(#3842));
#3842 = FILL_AREA_STYLE_COLOUR('',#3744);
#3843 = OVER_RIDING_STYLED_ITEM('overriding color',(#3844),#1243,#3727);
#3844 = PRESENTATION_STYLE_ASSIGNMENT((#3845));
#3845 = SURFACE_STYLE_USAGE(.BOTH.,#3846);
#3846 = SURFACE_SIDE_STYLE('',(#3847));
#3847 = SURFACE_STYLE_FILL_AREA(#3848);
#3848 = FILL_AREA_STYLE('',(#3849));
#3849 = FILL_AREA_STYLE_COLOUR('',#3744);
#3850 = OVER_RIDING_STYLED_ITEM('overriding color',(#3851),#1267,#3727);
#3851 = PRESENTATION_STYLE_ASSIGNMENT((#3852));
#3852 = SURFACE_STYLE_USAGE(.BOTH.,#3853);
#3853 = SURFACE_SIDE_STYLE('',(#3854));
#3854 = SURFACE_STYLE_FILL_AREA(#3855);
#3855 = FILL_AREA_STYLE('',(#3856));
#3856 = FILL_AREA_STYLE_COLOUR('',#3744);
#3857 = OVER_RIDING_STYLED_ITEM('overriding color',(#3858),#1285,#3727);
#3858 = PRESENTATION_STYLE_ASSIGNMENT((#3859));
#3859 = SURFACE_STYLE_USAGE(.BOTH.,#3860);
#3860 = SURFACE_SIDE_STYLE('',(#3861));
#3861 = SURFACE_STYLE_FILL_AREA(#3862);
#3862 = FILL_AREA_STYLE('',(#3863));
#3863 = FILL_AREA_STYLE_COLOUR('',#3744);
#3864 = OVER_RIDING_STYLED_ITEM('overriding color',(#3865),#1303,#3727);
#3865 = PRESENTATION_STYLE_ASSIGNMENT((#3866));
#3866 = SURFACE_STYLE_USAGE(.BOTH.,#3867);
#3867 = SURFACE_SIDE_STYLE('',(#3868));
#3868 = SURFACE_STYLE_FILL_AREA(#3869);
#3869 = FILL_AREA_STYLE('',(#3870));
#3870 = FILL_AREA_STYLE_COLOUR('',#3744);
#3871 = OVER_RIDING_STYLED_ITEM('overriding color',(#3872),#1365,#3727);
#3872 = PRESENTATION_STYLE_ASSIGNMENT((#3873));
#3873 = SURFACE_STYLE_USAGE(.BOTH.,#3874);
#3874 = SURFACE_SIDE_STYLE('',(#3875));
#3875 = SURFACE_STYLE_FILL_AREA(#3876);
#3876 = FILL_AREA_STYLE('',(#3877));
#3877 = FILL_AREA_STYLE_COLOUR('',#3744);
#3878 = OVER_RIDING_STYLED_ITEM('overriding color',(#3879),#1375,#3727);
#3879 = PRESENTATION_STYLE_ASSIGNMENT((#3880));
#3880 = SURFACE_STYLE_USAGE(.BOTH.,#3881);
#3881 = SURFACE_SIDE_STYLE('',(#3882));
#3882 = SURFACE_STYLE_FILL_AREA(#3883);
#3883 = FILL_AREA_STYLE('',(#3884));
#3884 = FILL_AREA_STYLE_COLOUR('',#3744);
#3885 = OVER_RIDING_STYLED_ITEM('overriding color',(#3886),#1391,#3727);
#3886 = PRESENTATION_STYLE_ASSIGNMENT((#3887));
#3887 = SURFACE_STYLE_USAGE(.BOTH.,#3888);
#3888 = SURFACE_SIDE_STYLE('',(#3889));
#3889 = SURFACE_STYLE_FILL_AREA(#3890);
#3890 = FILL_AREA_STYLE('',(#3891));
#3891 = FILL_AREA_STYLE_COLOUR('',#3744);
#3892 = OVER_RIDING_STYLED_ITEM('overriding color',(#3893),#1483,#3727);
#3893 = PRESENTATION_STYLE_ASSIGNMENT((#3894));
#3894 = SURFACE_STYLE_USAGE(.BOTH.,#3895);
#3895 = SURFACE_SIDE_STYLE('',(#3896));
#3896 = SURFACE_STYLE_FILL_AREA(#3897);
#3897 = FILL_AREA_STYLE('',(#3898));
#3898 = FILL_AREA_STYLE_COLOUR('',#3744);
#3899 = OVER_RIDING_STYLED_ITEM('overriding color',(#3900),#1886,#3727);
#3900 = PRESENTATION_STYLE_ASSIGNMENT((#3901));
#3901 = SURFACE_STYLE_USAGE(.BOTH.,#3902);
#3902 = SURFACE_SIDE_STYLE('',(#3903));
#3903 = SURFACE_STYLE_FILL_AREA(#3904);
#3904 = FILL_AREA_STYLE('',(#3905));
#3905 = FILL_AREA_STYLE_COLOUR('',#3744);
#3906 = OVER_RIDING_STYLED_ITEM('overriding color',(#3907),#1910,#3727);
#3907 = PRESENTATION_STYLE_ASSIGNMENT((#3908));
#3908 = SURFACE_STYLE_USAGE(.BOTH.,#3909);
#3909 = SURFACE_SIDE_STYLE('',(#3910));
#3910 = SURFACE_STYLE_FILL_AREA(#3911);
#3911 = FILL_AREA_STYLE('',(#3912));
#3912 = FILL_AREA_STYLE_COLOUR('',#3744);
#3913 = OVER_RIDING_STYLED_ITEM('overriding color',(#3914),#1930,#3727);
#3914 = PRESENTATION_STYLE_ASSIGNMENT((#3915));
#3915 = SURFACE_STYLE_USAGE(.BOTH.,#3916);
#3916 = SURFACE_SIDE_STYLE('',(#3917));
#3917 = SURFACE_STYLE_FILL_AREA(#3918);
#3918 = FILL_AREA_STYLE('',(#3919));
#3919 = FILL_AREA_STYLE_COLOUR('',#3744);
#3920 = OVER_RIDING_STYLED_ITEM('overriding color',(#3921),#1954,#3727);
#3921 = PRESENTATION_STYLE_ASSIGNMENT((#3922));
#3922 = SURFACE_STYLE_USAGE(.BOTH.,#3923);
#3923 = SURFACE_SIDE_STYLE('',(#3924));
#3924 = SURFACE_STYLE_FILL_AREA(#3925);
#3925 = FILL_AREA_STYLE('',(#3926));
#3926 = FILL_AREA_STYLE_COLOUR('',#3744);
#3927 = OVER_RIDING_STYLED_ITEM('overriding color',(#3928),#1975,#3727);
#3928 = PRESENTATION_STYLE_ASSIGNMENT((#3929));
#3929 = SURFACE_STYLE_USAGE(.BOTH.,#3930);
#3930 = SURFACE_SIDE_STYLE('',(#3931));
#3931 = SURFACE_STYLE_FILL_AREA(#3932);
#3932 = FILL_AREA_STYLE('',(#3933));
#3933 = FILL_AREA_STYLE_COLOUR('',#3744);
#3934 = OVER_RIDING_STYLED_ITEM('overriding color',(#3935),#1993,#3727);
#3935 = PRESENTATION_STYLE_ASSIGNMENT((#3936));
#3936 = SURFACE_STYLE_USAGE(.BOTH.,#3937);
#3937 = SURFACE_SIDE_STYLE('',(#3938));
#3938 = SURFACE_STYLE_FILL_AREA(#3939);
#3939 = FILL_AREA_STYLE('',(#3940));
#3940 = FILL_AREA_STYLE_COLOUR('',#3744);
#3941 = OVER_RIDING_STYLED_ITEM('overriding color',(#3942),#2077,#3727);
#3942 = PRESENTATION_STYLE_ASSIGNMENT((#3943));
#3943 = SURFACE_STYLE_USAGE(.BOTH.,#3944);
#3944 = SURFACE_SIDE_STYLE('',(#3945));
#3945 = SURFACE_STYLE_FILL_AREA(#3946);
#3946 = FILL_AREA_STYLE('',(#3947));
#3947 = FILL_AREA_STYLE_COLOUR('',#3744);
#3948 = OVER_RIDING_STYLED_ITEM('overriding color',(#3949),#2161,#3727);
#3949 = PRESENTATION_STYLE_ASSIGNMENT((#3950));
#3950 = SURFACE_STYLE_USAGE(.BOTH.,#3951);
#3951 = SURFACE_SIDE_STYLE('',(#3952));
#3952 = SURFACE_STYLE_FILL_AREA(#3953);
#3953 = FILL_AREA_STYLE('',(#3954));
#3954 = FILL_AREA_STYLE_COLOUR('',#3744);
#3955 = OVER_RIDING_STYLED_ITEM('overriding color',(#3956),#2245,#3727);
#3956 = PRESENTATION_STYLE_ASSIGNMENT((#3957));
#3957 = SURFACE_STYLE_USAGE(.BOTH.,#3958);
#3958 = SURFACE_SIDE_STYLE('',(#3959));
#3959 = SURFACE_STYLE_FILL_AREA(#3960);
#3960 = FILL_AREA_STYLE('',(#3961));
#3961 = FILL_AREA_STYLE_COLOUR('',#3744);
#3962 = OVER_RIDING_STYLED_ITEM('overriding color',(#3963),#2262,#3727);
#3963 = PRESENTATION_STYLE_ASSIGNMENT((#3964));
#3964 = SURFACE_STYLE_USAGE(.BOTH.,#3965);
#3965 = SURFACE_SIDE_STYLE('',(#3966));
#3966 = SURFACE_STYLE_FILL_AREA(#3967);
#3967 = FILL_AREA_STYLE('',(#3968));
#3968 = FILL_AREA_STYLE_COLOUR('',#3744);
#3969 = OVER_RIDING_STYLED_ITEM('overriding color',(#3970),#2290,#3727);
#3970 = PRESENTATION_STYLE_ASSIGNMENT((#3971));
#3971 = SURFACE_STYLE_USAGE(.BOTH.,#3972);
#3972 = SURFACE_SIDE_STYLE('',(#3973));
#3973 = SURFACE_STYLE_FILL_AREA(#3974);
#3974 = FILL_AREA_STYLE('',(#3975));
#3975 = FILL_AREA_STYLE_COLOUR('',#3744);
#3976 = OVER_RIDING_STYLED_ITEM('overriding color',(#3977),#2314,#3727);
#3977 = PRESENTATION_STYLE_ASSIGNMENT((#3978));
#3978 = SURFACE_STYLE_USAGE(.BOTH.,#3979);
#3979 = SURFACE_SIDE_STYLE('',(#3980));
#3980 = SURFACE_STYLE_FILL_AREA(#3981);
#3981 = FILL_AREA_STYLE('',(#3982));
#3982 = FILL_AREA_STYLE_COLOUR('',#3744);
#3983 = OVER_RIDING_STYLED_ITEM('overriding color',(#3984),#2338,#3727);
#3984 = PRESENTATION_STYLE_ASSIGNMENT((#3985));
#3985 = SURFACE_STYLE_USAGE(.BOTH.,#3986);
#3986 = SURFACE_SIDE_STYLE('',(#3987));
#3987 = SURFACE_STYLE_FILL_AREA(#3988);
#3988 = FILL_AREA_STYLE('',(#3989));
#3989 = FILL_AREA_STYLE_COLOUR('',#3744);
#3990 = OVER_RIDING_STYLED_ITEM('overriding color',(#3991),#2354,#3727);
#3991 = PRESENTATION_STYLE_ASSIGNMENT((#3992));
#3992 = SURFACE_STYLE_USAGE(.BOTH.,#3993);
#3993 = SURFACE_SIDE_STYLE('',(#3994));
#3994 = SURFACE_STYLE_FILL_AREA(#3995);
#3995 = FILL_AREA_STYLE('',(#3996));
#3996 = FILL_AREA_STYLE_COLOUR('',#3997);
#3997 = COLOUR_RGB('',0.639215714193,0.639215714193,0.686274528749);
#3998 = OVER_RIDING_STYLED_ITEM('overriding color',(#3999),#2379,#3727);
#3999 = PRESENTATION_STYLE_ASSIGNMENT((#4000));
#4000 = SURFACE_STYLE_USAGE(.BOTH.,#4001);
#4001 = SURFACE_SIDE_STYLE('',(#4002));
#4002 = SURFACE_STYLE_FILL_AREA(#4003);
#4003 = FILL_AREA_STYLE('',(#4004));
#4004 = FILL_AREA_STYLE_COLOUR('',#3997);
#4005 = OVER_RIDING_STYLED_ITEM('overriding color',(#4006),#2401,#3727);
#4006 = PRESENTATION_STYLE_ASSIGNMENT((#4007));
#4007 = SURFACE_STYLE_USAGE(.BOTH.,#4008);
#4008 = SURFACE_SIDE_STYLE('',(#4009));
#4009 = SURFACE_STYLE_FILL_AREA(#4010);
#4010 = FILL_AREA_STYLE('',(#4011));
#4011 = FILL_AREA_STYLE_COLOUR('',#3997);
#4012 = OVER_RIDING_STYLED_ITEM('overriding color',(#4013),#2426,#3727);
#4013 = PRESENTATION_STYLE_ASSIGNMENT((#4014));
#4014 = SURFACE_STYLE_USAGE(.BOTH.,#4015);
#4015 = SURFACE_SIDE_STYLE('',(#4016));
#4016 = SURFACE_STYLE_FILL_AREA(#4017);
#4017 = FILL_AREA_STYLE('',(#4018));
#4018 = FILL_AREA_STYLE_COLOUR('',#3997);
#4019 = OVER_RIDING_STYLED_ITEM('overriding color',(#4020),#2445,#3727);
#4020 = PRESENTATION_STYLE_ASSIGNMENT((#4021));
#4021 = SURFACE_STYLE_USAGE(.BOTH.,#4022);
#4022 = SURFACE_SIDE_STYLE('',(#4023));
#4023 = SURFACE_STYLE_FILL_AREA(#4024);
#4024 = FILL_AREA_STYLE('',(#4025));
#4025 = FILL_AREA_STYLE_COLOUR('',#3997);
#4026 = OVER_RIDING_STYLED_ITEM('overriding color',(#4027),#2474,#3727);
#4027 = PRESENTATION_STYLE_ASSIGNMENT((#4028));
#4028 = SURFACE_STYLE_USAGE(.BOTH.,#4029);
#4029 = SURFACE_SIDE_STYLE('',(#4030));
#4030 = SURFACE_STYLE_FILL_AREA(#4031);
#4031 = FILL_AREA_STYLE('',(#4032));
#4032 = FILL_AREA_STYLE_COLOUR('',#3997);
#4033 = OVER_RIDING_STYLED_ITEM('overriding color',(#4034),#2486,#3727);
#4034 = PRESENTATION_STYLE_ASSIGNMENT((#4035));
#4035 = SURFACE_STYLE_USAGE(.BOTH.,#4036);
#4036 = SURFACE_SIDE_STYLE('',(#4037));
#4037 = SURFACE_STYLE_FILL_AREA(#4038);
#4038 = FILL_AREA_STYLE('',(#4039));
#4039 = FILL_AREA_STYLE_COLOUR('',#3997);
#4040 = OVER_RIDING_STYLED_ITEM('overriding color',(#4041),#2498,#3727);
#4041 = PRESENTATION_STYLE_ASSIGNMENT((#4042));
#4042 = SURFACE_STYLE_USAGE(.BOTH.,#4043);
#4043 = SURFACE_SIDE_STYLE('',(#4044));
#4044 = SURFACE_STYLE_FILL_AREA(#4045);
#4045 = FILL_AREA_STYLE('',(#4046));
#4046 = FILL_AREA_STYLE_COLOUR('',#3997);
#4047 = OVER_RIDING_STYLED_ITEM('overriding color',(#4048),#2523,#3727);
#4048 = PRESENTATION_STYLE_ASSIGNMENT((#4049));
#4049 = SURFACE_STYLE_USAGE(.BOTH.,#4050);
#4050 = SURFACE_SIDE_STYLE('',(#4051));
#4051 = SURFACE_STYLE_FILL_AREA(#4052);
#4052 = FILL_AREA_STYLE('',(#4053));
#4053 = FILL_AREA_STYLE_COLOUR('',#3997);
#4054 = OVER_RIDING_STYLED_ITEM('overriding color',(#4055),#2555,#3727);
#4055 = PRESENTATION_STYLE_ASSIGNMENT((#4056));
#4056 = SURFACE_STYLE_USAGE(.BOTH.,#4057);
#4057 = SURFACE_SIDE_STYLE('',(#4058));
#4058 = SURFACE_STYLE_FILL_AREA(#4059);
#4059 = FILL_AREA_STYLE('',(#4060));
#4060 = FILL_AREA_STYLE_COLOUR('',#3997);
#4061 = OVER_RIDING_STYLED_ITEM('overriding color',(#4062),#2570,#3727);
#4062 = PRESENTATION_STYLE_ASSIGNMENT((#4063));
#4063 = SURFACE_STYLE_USAGE(.BOTH.,#4064);
#4064 = SURFACE_SIDE_STYLE('',(#4065));
#4065 = SURFACE_STYLE_FILL_AREA(#4066);
#4066 = FILL_AREA_STYLE('',(#4067));
#4067 = FILL_AREA_STYLE_COLOUR('',#3997);
#4068 = OVER_RIDING_STYLED_ITEM('overriding color',(#4069),#2599,#3727);
#4069 = PRESENTATION_STYLE_ASSIGNMENT((#4070));
#4070 = SURFACE_STYLE_USAGE(.BOTH.,#4071);
#4071 = SURFACE_SIDE_STYLE('',(#4072));
#4072 = SURFACE_STYLE_FILL_AREA(#4073);
#4073 = FILL_AREA_STYLE('',(#4074));
#4074 = FILL_AREA_STYLE_COLOUR('',#3997);
#4075 = OVER_RIDING_STYLED_ITEM('overriding color',(#4076),#2617,#3727);
#4076 = PRESENTATION_STYLE_ASSIGNMENT((#4077));
#4077 = SURFACE_STYLE_USAGE(.BOTH.,#4078);
#4078 = SURFACE_SIDE_STYLE('',(#4079));
#4079 = SURFACE_STYLE_FILL_AREA(#4080);
#4080 = FILL_AREA_STYLE('',(#4081));
#4081 = FILL_AREA_STYLE_COLOUR('',#3997);
#4082 = OVER_RIDING_STYLED_ITEM('overriding color',(#4083),#2631,#3727);
#4083 = PRESENTATION_STYLE_ASSIGNMENT((#4084));
#4084 = SURFACE_STYLE_USAGE(.BOTH.,#4085);
#4085 = SURFACE_SIDE_STYLE('',(#4086));
#4086 = SURFACE_STYLE_FILL_AREA(#4087);
#4087 = FILL_AREA_STYLE('',(#4088));
#4088 = FILL_AREA_STYLE_COLOUR('',#3997);
#4089 = OVER_RIDING_STYLED_ITEM('overriding color',(#4090),#2643,#3727);
#4090 = PRESENTATION_STYLE_ASSIGNMENT((#4091));
#4091 = SURFACE_STYLE_USAGE(.BOTH.,#4092);
#4092 = SURFACE_SIDE_STYLE('',(#4093));
#4093 = SURFACE_STYLE_FILL_AREA(#4094);
#4094 = FILL_AREA_STYLE('',(#4095));
#4095 = FILL_AREA_STYLE_COLOUR('',#3744);
#4096 = OVER_RIDING_STYLED_ITEM('overriding color',(#4097),#2723,#3727);
#4097 = PRESENTATION_STYLE_ASSIGNMENT((#4098));
#4098 = SURFACE_STYLE_USAGE(.BOTH.,#4099);
#4099 = SURFACE_SIDE_STYLE('',(#4100));
#4100 = SURFACE_STYLE_FILL_AREA(#4101);
#4101 = FILL_AREA_STYLE('',(#4102));
#4102 = FILL_AREA_STYLE_COLOUR('',#4103);
#4103 = COLOUR_RGB('',0.745098043297,0.737254912529,0.729411790161);
#4104 = OVER_RIDING_STYLED_ITEM('overriding color',(#4105),#2740,#3727);
#4105 = PRESENTATION_STYLE_ASSIGNMENT((#4106));
#4106 = SURFACE_STYLE_USAGE(.BOTH.,#4107);
#4107 = SURFACE_SIDE_STYLE('',(#4108));
#4108 = SURFACE_STYLE_FILL_AREA(#4109);
#4109 = FILL_AREA_STYLE('',(#4110));
#4110 = FILL_AREA_STYLE_COLOUR('',#4103);
#4111 = OVER_RIDING_STYLED_ITEM('overriding color',(#4112),#2765,#3727);
#4112 = PRESENTATION_STYLE_ASSIGNMENT((#4113));
#4113 = SURFACE_STYLE_USAGE(.BOTH.,#4114);
#4114 = SURFACE_SIDE_STYLE('',(#4115));
#4115 = SURFACE_STYLE_FILL_AREA(#4116);
#4116 = FILL_AREA_STYLE('',(#4117));
#4117 = FILL_AREA_STYLE_COLOUR('',#4103);
#4118 = OVER_RIDING_STYLED_ITEM('overriding color',(#4119),#2787,#3727);
#4119 = PRESENTATION_STYLE_ASSIGNMENT((#4120));
#4120 = SURFACE_STYLE_USAGE(.BOTH.,#4121);
#4121 = SURFACE_SIDE_STYLE('',(#4122));
#4122 = SURFACE_STYLE_FILL_AREA(#4123);
#4123 = FILL_AREA_STYLE('',(#4124));
#4124 = FILL_AREA_STYLE_COLOUR('',#4103);
#4125 = OVER_RIDING_STYLED_ITEM('overriding color',(#4126),#2812,#3727);
#4126 = PRESENTATION_STYLE_ASSIGNMENT((#4127));
#4127 = SURFACE_STYLE_USAGE(.BOTH.,#4128);
#4128 = SURFACE_SIDE_STYLE('',(#4129));
#4129 = SURFACE_STYLE_FILL_AREA(#4130);
#4130 = FILL_AREA_STYLE('',(#4131));
#4131 = FILL_AREA_STYLE_COLOUR('',#4103);
#4132 = OVER_RIDING_STYLED_ITEM('overriding color',(#4133),#2831,#3727);
#4133 = PRESENTATION_STYLE_ASSIGNMENT((#4134));
#4134 = SURFACE_STYLE_USAGE(.BOTH.,#4135);
#4135 = SURFACE_SIDE_STYLE('',(#4136));
#4136 = SURFACE_STYLE_FILL_AREA(#4137);
#4137 = FILL_AREA_STYLE('',(#4138));
#4138 = FILL_AREA_STYLE_COLOUR('',#4103);
#4139 = OVER_RIDING_STYLED_ITEM('overriding color',(#4140),#2849,#3727);
#4140 = PRESENTATION_STYLE_ASSIGNMENT((#4141));
#4141 = SURFACE_STYLE_USAGE(.BOTH.,#4142);
#4142 = SURFACE_SIDE_STYLE('',(#4143));
#4143 = SURFACE_STYLE_FILL_AREA(#4144);
#4144 = FILL_AREA_STYLE('',(#4145));
#4145 = FILL_AREA_STYLE_COLOUR('',#4103);
#4146 = OVER_RIDING_STYLED_ITEM('overriding color',(#4147),#2878,#3727);
#4147 = PRESENTATION_STYLE_ASSIGNMENT((#4148));
#4148 = SURFACE_STYLE_USAGE(.BOTH.,#4149);
#4149 = SURFACE_SIDE_STYLE('',(#4150));
#4150 = SURFACE_STYLE_FILL_AREA(#4151);
#4151 = FILL_AREA_STYLE('',(#4152));
#4152 = FILL_AREA_STYLE_COLOUR('',#4103);
#4153 = OVER_RIDING_STYLED_ITEM('overriding color',(#4154),#2890,#3727);
#4154 = PRESENTATION_STYLE_ASSIGNMENT((#4155));
#4155 = SURFACE_STYLE_USAGE(.BOTH.,#4156);
#4156 = SURFACE_SIDE_STYLE('',(#4157));
#4157 = SURFACE_STYLE_FILL_AREA(#4158);
#4158 = FILL_AREA_STYLE('',(#4159));
#4159 = FILL_AREA_STYLE_COLOUR('',#4103);
#4160 = OVER_RIDING_STYLED_ITEM('overriding color',(#4161),#2902,#3727);
#4161 = PRESENTATION_STYLE_ASSIGNMENT((#4162));
#4162 = SURFACE_STYLE_USAGE(.BOTH.,#4163);
#4163 = SURFACE_SIDE_STYLE('',(#4164));
#4164 = SURFACE_STYLE_FILL_AREA(#4165);
#4165 = FILL_AREA_STYLE('',(#4166));
#4166 = FILL_AREA_STYLE_COLOUR('',#3744);
#4167 = OVER_RIDING_STYLED_ITEM('overriding color',(#4168),#2982,#3727);
#4168 = PRESENTATION_STYLE_ASSIGNMENT((#4169));
#4169 = SURFACE_STYLE_USAGE(.BOTH.,#4170);
#4170 = SURFACE_SIDE_STYLE('',(#4171));
#4171 = SURFACE_STYLE_FILL_AREA(#4172);
#4172 = FILL_AREA_STYLE('',(#4173));
#4173 = FILL_AREA_STYLE_COLOUR('',#4103);
#4174 = OVER_RIDING_STYLED_ITEM('overriding color',(#4175),#2999,#3727);
#4175 = PRESENTATION_STYLE_ASSIGNMENT((#4176));
#4176 = SURFACE_STYLE_USAGE(.BOTH.,#4177);
#4177 = SURFACE_SIDE_STYLE('',(#4178));
#4178 = SURFACE_STYLE_FILL_AREA(#4179);
#4179 = FILL_AREA_STYLE('',(#4180));
#4180 = FILL_AREA_STYLE_COLOUR('',#4103);
#4181 = OVER_RIDING_STYLED_ITEM('overriding color',(#4182),#3024,#3727);
#4182 = PRESENTATION_STYLE_ASSIGNMENT((#4183));
#4183 = SURFACE_STYLE_USAGE(.BOTH.,#4184);
#4184 = SURFACE_SIDE_STYLE('',(#4185));
#4185 = SURFACE_STYLE_FILL_AREA(#4186);
#4186 = FILL_AREA_STYLE('',(#4187));
#4187 = FILL_AREA_STYLE_COLOUR('',#4103);
#4188 = OVER_RIDING_STYLED_ITEM('overriding color',(#4189),#3046,#3727);
#4189 = PRESENTATION_STYLE_ASSIGNMENT((#4190));
#4190 = SURFACE_STYLE_USAGE(.BOTH.,#4191);
#4191 = SURFACE_SIDE_STYLE('',(#4192));
#4192 = SURFACE_STYLE_FILL_AREA(#4193);
#4193 = FILL_AREA_STYLE('',(#4194));
#4194 = FILL_AREA_STYLE_COLOUR('',#4103);
#4195 = OVER_RIDING_STYLED_ITEM('overriding color',(#4196),#3071,#3727);
#4196 = PRESENTATION_STYLE_ASSIGNMENT((#4197));
#4197 = SURFACE_STYLE_USAGE(.BOTH.,#4198);
#4198 = SURFACE_SIDE_STYLE('',(#4199));
#4199 = SURFACE_STYLE_FILL_AREA(#4200);
#4200 = FILL_AREA_STYLE('',(#4201));
#4201 = FILL_AREA_STYLE_COLOUR('',#4103);
#4202 = OVER_RIDING_STYLED_ITEM('overriding color',(#4203),#3090,#3727);
#4203 = PRESENTATION_STYLE_ASSIGNMENT((#4204));
#4204 = SURFACE_STYLE_USAGE(.BOTH.,#4205);
#4205 = SURFACE_SIDE_STYLE('',(#4206));
#4206 = SURFACE_STYLE_FILL_AREA(#4207);
#4207 = FILL_AREA_STYLE('',(#4208));
#4208 = FILL_AREA_STYLE_COLOUR('',#4103);
#4209 = OVER_RIDING_STYLED_ITEM('overriding color',(#4210),#3108,#3727);
#4210 = PRESENTATION_STYLE_ASSIGNMENT((#4211));
#4211 = SURFACE_STYLE_USAGE(.BOTH.,#4212);
#4212 = SURFACE_SIDE_STYLE('',(#4213));
#4213 = SURFACE_STYLE_FILL_AREA(#4214);
#4214 = FILL_AREA_STYLE('',(#4215));
#4215 = FILL_AREA_STYLE_COLOUR('',#4103);
#4216 = OVER_RIDING_STYLED_ITEM('overriding color',(#4217),#3137,#3727);
#4217 = PRESENTATION_STYLE_ASSIGNMENT((#4218));
#4218 = SURFACE_STYLE_USAGE(.BOTH.,#4219);
#4219 = SURFACE_SIDE_STYLE('',(#4220));
#4220 = SURFACE_STYLE_FILL_AREA(#4221);
#4221 = FILL_AREA_STYLE('',(#4222));
#4222 = FILL_AREA_STYLE_COLOUR('',#4103);
#4223 = OVER_RIDING_STYLED_ITEM('overriding color',(#4224),#3149,#3727);
#4224 = PRESENTATION_STYLE_ASSIGNMENT((#4225));
#4225 = SURFACE_STYLE_USAGE(.BOTH.,#4226);
#4226 = SURFACE_SIDE_STYLE('',(#4227));
#4227 = SURFACE_STYLE_FILL_AREA(#4228);
#4228 = FILL_AREA_STYLE('',(#4229));
#4229 = FILL_AREA_STYLE_COLOUR('',#4103);
#4230 = OVER_RIDING_STYLED_ITEM('overriding color',(#4231),#3161,#3727);
#4231 = PRESENTATION_STYLE_ASSIGNMENT((#4232));
#4232 = SURFACE_STYLE_USAGE(.BOTH.,#4233);
#4233 = SURFACE_SIDE_STYLE('',(#4234));
#4234 = SURFACE_STYLE_FILL_AREA(#4235);
#4235 = FILL_AREA_STYLE('',(#4236));
#4236 = FILL_AREA_STYLE_COLOUR('',#3744);
#4237 = OVER_RIDING_STYLED_ITEM('overriding color',(#4238),#3241,#3727);
#4238 = PRESENTATION_STYLE_ASSIGNMENT((#4239));
#4239 = SURFACE_STYLE_USAGE(.BOTH.,#4240);
#4240 = SURFACE_SIDE_STYLE('',(#4241));
#4241 = SURFACE_STYLE_FILL_AREA(#4242);
#4242 = FILL_AREA_STYLE('',(#4243));
#4243 = FILL_AREA_STYLE_COLOUR('',#4103);
#4244 = OVER_RIDING_STYLED_ITEM('overriding color',(#4245),#3258,#3727);
#4245 = PRESENTATION_STYLE_ASSIGNMENT((#4246));
#4246 = SURFACE_STYLE_USAGE(.BOTH.,#4247);
#4247 = SURFACE_SIDE_STYLE('',(#4248));
#4248 = SURFACE_STYLE_FILL_AREA(#4249);
#4249 = FILL_AREA_STYLE('',(#4250));
#4250 = FILL_AREA_STYLE_COLOUR('',#4103);
#4251 = OVER_RIDING_STYLED_ITEM('overriding color',(#4252),#3283,#3727);
#4252 = PRESENTATION_STYLE_ASSIGNMENT((#4253));
#4253 = SURFACE_STYLE_USAGE(.BOTH.,#4254);
#4254 = SURFACE_SIDE_STYLE('',(#4255));
#4255 = SURFACE_STYLE_FILL_AREA(#4256);
#4256 = FILL_AREA_STYLE('',(#4257));
#4257 = FILL_AREA_STYLE_COLOUR('',#4103);
#4258 = OVER_RIDING_STYLED_ITEM('overriding color',(#4259),#3305,#3727);
#4259 = PRESENTATION_STYLE_ASSIGNMENT((#4260));
#4260 = SURFACE_STYLE_USAGE(.BOTH.,#4261);
#4261 = SURFACE_SIDE_STYLE('',(#4262));
#4262 = SURFACE_STYLE_FILL_AREA(#4263);
#4263 = FILL_AREA_STYLE('',(#4264));
#4264 = FILL_AREA_STYLE_COLOUR('',#4103);
#4265 = OVER_RIDING_STYLED_ITEM('overriding color',(#4266),#3330,#3727);
#4266 = PRESENTATION_STYLE_ASSIGNMENT((#4267));
#4267 = SURFACE_STYLE_USAGE(.BOTH.,#4268);
#4268 = SURFACE_SIDE_STYLE('',(#4269));
#4269 = SURFACE_STYLE_FILL_AREA(#4270);
#4270 = FILL_AREA_STYLE('',(#4271));
#4271 = FILL_AREA_STYLE_COLOUR('',#4103);
#4272 = OVER_RIDING_STYLED_ITEM('overriding color',(#4273),#3349,#3727);
#4273 = PRESENTATION_STYLE_ASSIGNMENT((#4274));
#4274 = SURFACE_STYLE_USAGE(.BOTH.,#4275);
#4275 = SURFACE_SIDE_STYLE('',(#4276));
#4276 = SURFACE_STYLE_FILL_AREA(#4277);
#4277 = FILL_AREA_STYLE('',(#4278));
#4278 = FILL_AREA_STYLE_COLOUR('',#4103);
#4279 = OVER_RIDING_STYLED_ITEM('overriding color',(#4280),#3367,#3727);
#4280 = PRESENTATION_STYLE_ASSIGNMENT((#4281));
#4281 = SURFACE_STYLE_USAGE(.BOTH.,#4282);
#4282 = SURFACE_SIDE_STYLE('',(#4283));
#4283 = SURFACE_STYLE_FILL_AREA(#4284);
#4284 = FILL_AREA_STYLE('',(#4285));
#4285 = FILL_AREA_STYLE_COLOUR('',#4103);
#4286 = OVER_RIDING_STYLED_ITEM('overriding color',(#4287),#3396,#3727);
#4287 = PRESENTATION_STYLE_ASSIGNMENT((#4288));
#4288 = SURFACE_STYLE_USAGE(.BOTH.,#4289);
#4289 = SURFACE_SIDE_STYLE('',(#4290));
#4290 = SURFACE_STYLE_FILL_AREA(#4291);
#4291 = FILL_AREA_STYLE('',(#4292));
#4292 = FILL_AREA_STYLE_COLOUR('',#4103);
#4293 = OVER_RIDING_STYLED_ITEM('overriding color',(#4294),#3408,#3727);
#4294 = PRESENTATION_STYLE_ASSIGNMENT((#4295));
#4295 = SURFACE_STYLE_USAGE(.BOTH.,#4296);
#4296 = SURFACE_SIDE_STYLE('',(#4297));
#4297 = SURFACE_STYLE_FILL_AREA(#4298);
#4298 = FILL_AREA_STYLE('',(#4299));
#4299 = FILL_AREA_STYLE_COLOUR('',#4103);
#4300 = OVER_RIDING_STYLED_ITEM('overriding color',(#4301),#3420,#3727);
#4301 = PRESENTATION_STYLE_ASSIGNMENT((#4302));
#4302 = SURFACE_STYLE_USAGE(.BOTH.,#4303);
#4303 = SURFACE_SIDE_STYLE('',(#4304));
#4304 = SURFACE_STYLE_FILL_AREA(#4305);
#4305 = FILL_AREA_STYLE('',(#4306));
#4306 = FILL_AREA_STYLE_COLOUR('',#3997);
#4307 = OVER_RIDING_STYLED_ITEM('overriding color',(#4308),#3445,#3727);
#4308 = PRESENTATION_STYLE_ASSIGNMENT((#4309));
#4309 = SURFACE_STYLE_USAGE(.BOTH.,#4310);
#4310 = SURFACE_SIDE_STYLE('',(#4311));
#4311 = SURFACE_STYLE_FILL_AREA(#4312);
#4312 = FILL_AREA_STYLE('',(#4313));
#4313 = FILL_AREA_STYLE_COLOUR('',#3997);
#4314 = OVER_RIDING_STYLED_ITEM('overriding color',(#4315),#3477,#3727);
#4315 = PRESENTATION_STYLE_ASSIGNMENT((#4316));
#4316 = SURFACE_STYLE_USAGE(.BOTH.,#4317);
#4317 = SURFACE_SIDE_STYLE('',(#4318));
#4318 = SURFACE_STYLE_FILL_AREA(#4319);
#4319 = FILL_AREA_STYLE('',(#4320));
#4320 = FILL_AREA_STYLE_COLOUR('',#3997);
#4321 = OVER_RIDING_STYLED_ITEM('overriding color',(#4322),#3492,#3727);
#4322 = PRESENTATION_STYLE_ASSIGNMENT((#4323));
#4323 = SURFACE_STYLE_USAGE(.BOTH.,#4324);
#4324 = SURFACE_SIDE_STYLE('',(#4325));
#4325 = SURFACE_STYLE_FILL_AREA(#4326);
#4326 = FILL_AREA_STYLE('',(#4327));
#4327 = FILL_AREA_STYLE_COLOUR('',#3997);
#4328 = OVER_RIDING_STYLED_ITEM('overriding color',(#4329),#3521,#3727);
#4329 = PRESENTATION_STYLE_ASSIGNMENT((#4330));
#4330 = SURFACE_STYLE_USAGE(.BOTH.,#4331);
#4331 = SURFACE_SIDE_STYLE('',(#4332));
#4332 = SURFACE_STYLE_FILL_AREA(#4333);
#4333 = FILL_AREA_STYLE('',(#4334));
#4334 = FILL_AREA_STYLE_COLOUR('',#3997);
#4335 = OVER_RIDING_STYLED_ITEM('overriding color',(#4336),#3538,#3727);
#4336 = PRESENTATION_STYLE_ASSIGNMENT((#4337));
#4337 = SURFACE_STYLE_USAGE(.BOTH.,#4338);
#4338 = SURFACE_SIDE_STYLE('',(#4339));
#4339 = SURFACE_STYLE_FILL_AREA(#4340);
#4340 = FILL_AREA_STYLE('',(#4341));
#4341 = FILL_AREA_STYLE_COLOUR('',#3997);
#4342 = OVER_RIDING_STYLED_ITEM('overriding color',(#4343),#3552,#3727);
#4343 = PRESENTATION_STYLE_ASSIGNMENT((#4344));
#4344 = SURFACE_STYLE_USAGE(.BOTH.,#4345);
#4345 = SURFACE_SIDE_STYLE('',(#4346));
#4346 = SURFACE_STYLE_FILL_AREA(#4347);
#4347 = FILL_AREA_STYLE('',(#4348));
#4348 = FILL_AREA_STYLE_COLOUR('',#3997);
#4349 = OVER_RIDING_STYLED_ITEM('overriding color',(#4350),#3564,#3727);
#4350 = PRESENTATION_STYLE_ASSIGNMENT((#4351));
#4351 = SURFACE_STYLE_USAGE(.BOTH.,#4352);
#4352 = SURFACE_SIDE_STYLE('',(#4353));
#4353 = SURFACE_STYLE_FILL_AREA(#4354);
#4354 = FILL_AREA_STYLE('',(#4355));
#4355 = FILL_AREA_STYLE_COLOUR('',#3744);
#4356 = OVER_RIDING_STYLED_ITEM('overriding color',(#4357),#3590,#3727);
#4357 = PRESENTATION_STYLE_ASSIGNMENT((#4358));
#4358 = SURFACE_STYLE_USAGE(.BOTH.,#4359);
#4359 = SURFACE_SIDE_STYLE('',(#4360));
#4360 = SURFACE_STYLE_FILL_AREA(#4361);
#4361 = FILL_AREA_STYLE('',(#4362));
#4362 = FILL_AREA_STYLE_COLOUR('',#4363);
#4363 = DRAUGHTING_PRE_DEFINED_COLOUR('black');
#4364 = OVER_RIDING_STYLED_ITEM('overriding color',(#4365),#3605,#3727);
#4365 = PRESENTATION_STYLE_ASSIGNMENT((#4366));
#4366 = SURFACE_STYLE_USAGE(.BOTH.,#4367);
#4367 = SURFACE_SIDE_STYLE('',(#4368));
#4368 = SURFACE_STYLE_FILL_AREA(#4369);
#4369 = FILL_AREA_STYLE('',(#4370));
#4370 = FILL_AREA_STYLE_COLOUR('',#3744);
#4371 = OVER_RIDING_STYLED_ITEM('overriding color',(#4372),#3633,#3727);
#4372 = PRESENTATION_STYLE_ASSIGNMENT((#4373));
#4373 = SURFACE_STYLE_USAGE(.BOTH.,#4374);
#4374 = SURFACE_SIDE_STYLE('',(#4375));
#4375 = SURFACE_STYLE_FILL_AREA(#4376);
#4376 = FILL_AREA_STYLE('',(#4377));
#4377 = FILL_AREA_STYLE_COLOUR('',#3744);
#4378 = OVER_RIDING_STYLED_ITEM('overriding color',(#4379),#3657,#3727);
#4379 = PRESENTATION_STYLE_ASSIGNMENT((#4380));
#4380 = SURFACE_STYLE_USAGE(.BOTH.,#4381);
#4381 = SURFACE_SIDE_STYLE('',(#4382));
#4382 = SURFACE_STYLE_FILL_AREA(#4383);
#4383 = FILL_AREA_STYLE('',(#4384));
#4384 = FILL_AREA_STYLE_COLOUR('',#3744);
#4385 = MECHANICAL_DESIGN_GEOMETRIC_PRESENTATION_REPRESENTATION('',(
    #4386),#181);
#4386 = STYLED_ITEM('color',(#4387),#64);
#4387 = PRESENTATION_STYLE_ASSIGNMENT((#4388,#4393));
#4388 = SURFACE_STYLE_USAGE(.BOTH.,#4389);
#4389 = SURFACE_SIDE_STYLE('',(#4390));
#4390 = SURFACE_STYLE_FILL_AREA(#4391);
#4391 = FILL_AREA_STYLE('',(#4392));
#4392 = FILL_AREA_STYLE_COLOUR('',#3722);
#4393 = CURVE_STYLE('',#4394,POSITIVE_LENGTH_MEASURE(0.1),#3725);
#4394 = DRAUGHTING_PRE_DEFINED_CURVE_FONT('continuous');
ENDSEC;
END-ISO-10303-21;
