ISO-10303-21;
HEADER;
FILE_DESCRIPTION(('FreeCAD Model'),'2;1');
FILE_NAME('Open CASCADE Shape Model','2026-04-30T17:22:06',(''),(''),
  'Open CASCADE STEP processor 7.8','FreeCAD','Unknown');
FILE_SCHEMA(('AUTOMOTIVE_DESIGN { 1 0 10303 214 1 1 1 1 }'));
ENDSEC;
DATA;
#1 = APPLICATION_PROTOCOL_DEFINITION('international standard',
  'automotive_design',2000,#2);
#2 = APPLICATION_CONTEXT(
  'core data for automotive mechanical design processes');
#3 = SHAPE_DEFINITION_REPRESENTATION(#4,#10);
#4 = PRODUCT_DEFINITION_SHAPE('','',#5);
#5 = PRODUCT_DEFINITION('design','',#6,#9);
#6 = PRODUCT_DEFINITION_FORMATION('','',#7);
#7 = PRODUCT('Unnamed','Unnamed','',(#8));
#8 = PRODUCT_CONTEXT('',#2,'mechanical');
#9 = PRODUCT_DEFINITION_CONTEXT('part definition',#2,'design');
#10 = SHAPE_REPRESENTATION('',(#11,#15,#19,#23,#27),#31);
#11 = AXIS2_PLACEMENT_3D('',#12,#13,#14);
#12 = CARTESIAN_POINT('',(0.,0.,0.));
#13 = DIRECTION('',(0.,0.,1.));
#14 = DIRECTION('',(1.,0.,-0.));
#15 = AXIS2_PLACEMENT_3D('',#16,#17,#18);
#16 = CARTESIAN_POINT('',(24.4,0.,0.));
#17 = DIRECTION('',(1.224646799147E-16,0.,-1.));
#18 = DIRECTION('',(-1.,0.,-1.224646799147E-16));
#19 = AXIS2_PLACEMENT_3D('',#20,#21,#22);
#20 = CARTESIAN_POINT('',(0.,0.,0.));
#21 = DIRECTION('',(1.,0.,-2.22044604925E-16));
#22 = DIRECTION('',(-2.22044604925E-16,0.,-1.));
#23 = AXIS2_PLACEMENT_3D('',#24,#25,#26);
#24 = CARTESIAN_POINT('',(-6.,0.,0.));
#25 = DIRECTION('',(0.,0.,1.));
#26 = DIRECTION('',(1.,0.,0.));
#27 = AXIS2_PLACEMENT_3D('',#28,#29,#30);
#28 = CARTESIAN_POINT('',(17.,0.,0.));
#29 = DIRECTION('',(0.,0.,1.));
#30 = DIRECTION('',(1.,0.,0.));
#31 = ( GEOMETRIC_REPRESENTATION_CONTEXT(3) 
GLOBAL_UNCERTAINTY_ASSIGNED_CONTEXT((#35)) GLOBAL_UNIT_ASSIGNED_CONTEXT(
(#32,#33,#34)) REPRESENTATION_CONTEXT('Context #1',
  '3D Context with UNIT and UNCERTAINTY') );
#32 = ( LENGTH_UNIT() NAMED_UNIT(*) SI_UNIT(.MILLI.,.METRE.) );
#33 = ( NAMED_UNIT(*) PLANE_ANGLE_UNIT() SI_UNIT($,.RADIAN.) );
#34 = ( NAMED_UNIT(*) SI_UNIT($,.STERADIAN.) SOLID_ANGLE_UNIT() );
#35 = UNCERTAINTY_MEASURE_WITH_UNIT(LENGTH_MEASURE(2.E-04),#32,
  'distance_accuracy_value','confusion accuracy');
#36 = PRODUCT_RELATED_PRODUCT_CATEGORY('part',$,(#7));
#37 = SHAPE_DEFINITION_REPRESENTATION(#38,#44);
#38 = PRODUCT_DEFINITION_SHAPE('','',#39);
#39 = PRODUCT_DEFINITION('design','',#40,#43);
#40 = PRODUCT_DEFINITION_FORMATION('','',#41);
#41 = PRODUCT('WedgeHolderV5Front','WedgeHolderV5Front','',(#42));
#42 = PRODUCT_CONTEXT('',#2,'mechanical');
#43 = PRODUCT_DEFINITION_CONTEXT('part definition',#2,'design');
#44 = ADVANCED_BREP_SHAPE_REPRESENTATION('',(#11,#45),#1075);
#45 = MANIFOLD_SOLID_BREP('',#46);
#46 = CLOSED_SHELL('',(#47,#117,#187,#257,#327,#397,#467,#571,#707,#749,
    #773,#793,#859,#879,#989,#1003,#1015,#1027,#1039,#1051,#1063));
#47 = ADVANCED_FACE('',(#48),#112,.F.);
#48 = FACE_BOUND('',#49,.F.);
#49 = EDGE_LOOP('',(#50,#60,#83,#91));
#50 = ORIENTED_EDGE('',*,*,#51,.T.);
#51 = EDGE_CURVE('',#52,#54,#56,.T.);
#52 = VERTEX_POINT('',#53);
#53 = CARTESIAN_POINT('',(-4.5,-4.687363136863,3.745480853399));
#54 = VERTEX_POINT('',#55);
#55 = CARTESIAN_POINT('',(-4.5,-1.569900987672,1.945613242375));
#56 = LINE('',#57,#58);
#57 = CARTESIAN_POINT('',(-4.5,0.45,0.779422863406));
#58 = VECTOR('',#59,1.);
#59 = DIRECTION('',(-0.,0.866025403784,-0.5));
#60 = ORIENTED_EDGE('',*,*,#61,.F.);
#61 = EDGE_CURVE('',#62,#54,#64,.T.);
#62 = VERTEX_POINT('',#63);
#63 = CARTESIAN_POINT('',(-4.5,-2.469900987672,0.386767515563));
#64 = B_SPLINE_CURVE_WITH_KNOTS('',3,(#65,#66,#67,#68,#69,#70,#71,#72,
    #73,#74,#75,#76,#77,#78,#79,#80,#81,#82),.UNSPECIFIED.,.F.,.F.,(4,2,
    2,2,2,2,2,2,4),(2.837744717587E-03,3.192378085978E-03,
    3.547011454369E-03,3.90164482276E-03,4.256278191151E-03,
    4.610911559542E-03,4.965544927933E-03,5.320178296325E-03,
    5.674811664716E-03),.UNSPECIFIED.);
#65 = CARTESIAN_POINT('',(-4.5,-2.469900987672,0.386767515563));
#66 = CARTESIAN_POINT('',(-4.618162016761,-2.469900987672,0.386767515563
    ));
#67 = CARTESIAN_POINT('',(-4.73739324933,-2.466236383119,0.412286086365)
  );
#68 = CARTESIAN_POINT('',(-4.954677655341,-2.448602443043,0.506604175226
    ));
#69 = CARTESIAN_POINT('',(-5.053298453104,-2.434554127613,0.57476182783)
  );
#70 = CARTESIAN_POINT('',(-5.21968480582,-2.389271334123,0.740801897234)
  );
#71 = CARTESIAN_POINT('',(-5.28549727251,-2.358526508452,0.836364984331)
  );
#72 = CARTESIAN_POINT('',(-5.376364426076,-2.275751554063,1.040725007994
    ));
#73 = CARTESIAN_POINT('',(-5.400040845155,-2.224224561328,1.147559460847
    ));
#74 = CARTESIAN_POINT('',(-5.399959047831,-2.105592081668,1.352978048977
    ));
#75 = CARTESIAN_POINT('',(-5.37585940194,-2.038290013917,1.451672497489)
  );
#76 = CARTESIAN_POINT('',(-5.285445548739,-1.903626629099,1.624249019636
    ));
#77 = CARTESIAN_POINT('',(-5.21863524095,-1.835361880323,1.699623181905)
  );
#78 = CARTESIAN_POINT('',(-5.053546736981,-1.715279313061,1.820738605731
    ));
#79 = CARTESIAN_POINT('',(-4.954982531076,-1.663127330973,1.86717006378)
  );
#80 = CARTESIAN_POINT('',(-4.736946907006,-1.59002695738,1.9298007257));
#81 = CARTESIAN_POINT('',(-4.620000690776,-1.569900987672,1.945613242375
    ));
#82 = CARTESIAN_POINT('',(-4.5,-1.569900987672,1.945613242375));
#83 = ORIENTED_EDGE('',*,*,#84,.F.);
#84 = EDGE_CURVE('',#85,#62,#87,.T.);
#85 = VERTEX_POINT('',#86);
#86 = CARTESIAN_POINT('',(-4.5,-5.587363136863,2.186635126587));
#87 = LINE('',#88,#89);
#88 = CARTESIAN_POINT('',(-4.5,-0.45,-0.779422863406));
#89 = VECTOR('',#90,1.);
#90 = DIRECTION('',(-0.,0.866025403784,-0.5));
#91 = ORIENTED_EDGE('',*,*,#92,.F.);
#92 = EDGE_CURVE('',#52,#85,#93,.T.);
#93 = B_SPLINE_CURVE_WITH_KNOTS('',3,(#94,#95,#96,#97,#98,#99,#100,#101,
    #102,#103,#104,#105,#106,#107,#108,#109,#110,#111),.UNSPECIFIED.,.F.
  ,.F.,(4,2,2,2,2,2,2,2,4),(0.,3.522230393727E-04,7.044460787454E-04,
    1.056669118118E-03,1.408892157491E-03,1.761115196864E-03,
    2.113338236236E-03,2.465561275609E-03,2.817784314982E-03),
  .UNSPECIFIED.);
#94 = CARTESIAN_POINT('',(-4.5,-4.687363136863,3.745480853399));
#95 = CARTESIAN_POINT('',(-4.619111427347,-4.687363136863,3.745480853399
    ));
#96 = CARTESIAN_POINT('',(-4.735979462799,-4.70231965207,3.726965799184)
  );
#97 = CARTESIAN_POINT('',(-4.953896945185,-4.758487409539,3.654980403749
    ));
#98 = CARTESIAN_POINT('',(-5.053639314113,-4.799601478509,3.601496904664
    ));
#99 = CARTESIAN_POINT('',(-5.219415443699,-4.897840767334,3.466714600982
    ));
#100 = CARTESIAN_POINT('',(-5.286441177029,-4.955646936916,
    3.384276310013));
#101 = CARTESIAN_POINT('',(-5.376248632335,-5.074717964387,
    3.202967419099));
#102 = CARTESIAN_POINT('',(-5.399956034025,-5.137184542807,3.10212217421
    ));
#103 = CARTESIAN_POINT('',(-5.400043840514,-5.25478425871,2.898459833254
    ));
#104 = CARTESIAN_POINT('',(-5.376683142772,-5.310665025466,
    2.794418195292));
#105 = CARTESIAN_POINT('',(-5.286339385086,-5.408876412291,
    2.599229120229));
#106 = CARTESIAN_POINT('',(-5.220294133333,-5.450837831336,
    2.509080096548));
#107 = CARTESIAN_POINT('',(-5.05254556781,-5.519221700657,2.354847726161
    ));
#108 = CARTESIAN_POINT('',(-4.953495761909,-5.544634599315,
    2.293273795938));
#109 = CARTESIAN_POINT('',(-4.735659296775,-5.578835198136,2.20877236833
    ));
#110 = CARTESIAN_POINT('',(-4.617562485257,-5.587363136863,
    2.186635126587));
#111 = CARTESIAN_POINT('',(-4.5,-5.587363136863,2.186635126587));
#112 = CYLINDRICAL_SURFACE('',#113,0.9);
#113 = AXIS2_PLACEMENT_3D('',#114,#115,#116);
#114 = CARTESIAN_POINT('',(-4.5,-2.8E-16,-4.8E-16));
#115 = DIRECTION('',(-0.,0.866025403784,-0.5));
#116 = DIRECTION('',(0.,0.5,0.866025403784));
#117 = ADVANCED_FACE('',(#118),#182,.F.);
#118 = FACE_BOUND('',#119,.F.);
#119 = EDGE_LOOP('',(#120,#130,#153,#161));
#120 = ORIENTED_EDGE('',*,*,#121,.T.);
#121 = EDGE_CURVE('',#122,#124,#126,.T.);
#122 = VERTEX_POINT('',#123);
#123 = CARTESIAN_POINT('',(-4.5,-5.587363136863,-2.186635126587));
#124 = VERTEX_POINT('',#125);
#125 = CARTESIAN_POINT('',(-4.5,-2.469900987672,-0.386767515563));
#126 = LINE('',#127,#128);
#127 = CARTESIAN_POINT('',(-4.5,-0.45,0.779422863406));
#128 = VECTOR('',#129,1.);
#129 = DIRECTION('',(-0.,0.866025403784,0.5));
#130 = ORIENTED_EDGE('',*,*,#131,.F.);
#131 = EDGE_CURVE('',#132,#124,#134,.T.);
#132 = VERTEX_POINT('',#133);
#133 = CARTESIAN_POINT('',(-4.5,-1.569900987672,-1.945613242375));
#134 = B_SPLINE_CURVE_WITH_KNOTS('',3,(#135,#136,#137,#138,#139,#140,
    #141,#142,#143,#144,#145,#146,#147,#148,#149,#150,#151,#152),
  .UNSPECIFIED.,.F.,.F.,(4,2,2,2,2,2,2,2,4),(2.837744717587E-03,
    3.192378085978E-03,3.547011454369E-03,3.90164482276E-03,
    4.256278191151E-03,4.610911559542E-03,4.965544927933E-03,
    5.320178296325E-03,5.674811664716E-03),.UNSPECIFIED.);
#135 = CARTESIAN_POINT('',(-4.5,-1.569900987672,-1.945613242375));
#136 = CARTESIAN_POINT('',(-4.618162016761,-1.569900987672,
    -1.945613242375));
#137 = CARTESIAN_POINT('',(-4.73739324933,-1.590168415979,
    -1.929680316337));
#138 = CARTESIAN_POINT('',(-4.954677655341,-1.663033306931,
    -1.867249831831));
#139 = CARTESIAN_POINT('',(-5.053298453104,-1.715035407833,
    -1.821004807486));
#140 = CARTESIAN_POINT('',(-5.21968480582,-1.836188929238,
    -1.698768723268));
#141 = CARTESIAN_POINT('',(-5.28549727251,-1.903576577493,
    -1.624361379653));
#142 = CARTESIAN_POINT('',(-5.376364426076,-2.039170072309,
    -1.450496154523));
#143 = CARTESIAN_POINT('',(-5.400040845155,-2.105927926111,
    -1.352455243408));
#144 = CARTESIAN_POINT('',(-5.399959047831,-2.224509402011,
    -1.147007208243));
#145 = CARTESIAN_POINT('',(-5.37585940194,-2.27633026776,-1.039374683588
    ));
#146 = CARTESIAN_POINT('',(-5.285445548739,-2.358454227626,
    -0.836464510302));
#147 = CARTESIAN_POINT('',(-5.21863524095,-2.389597792552,
    -0.739658422545));
#148 = CARTESIAN_POINT('',(-5.053546736981,-2.434445542744,
    -0.575106156831));
#149 = CARTESIAN_POINT('',(-4.954982531076,-2.448580373906,
    -0.506725486461));
#150 = CARTESIAN_POINT('',(-4.736946907006,-2.466269931388,
    -0.412103374944));
#151 = CARTESIAN_POINT('',(-4.620000690776,-2.469900987672,
    -0.386767515563));
#152 = CARTESIAN_POINT('',(-4.5,-2.469900987672,-0.386767515563));
#153 = ORIENTED_EDGE('',*,*,#154,.F.);
#154 = EDGE_CURVE('',#155,#132,#157,.T.);
#155 = VERTEX_POINT('',#156);
#156 = CARTESIAN_POINT('',(-4.5,-4.687363136863,-3.745480853399));
#157 = LINE('',#158,#159);
#158 = CARTESIAN_POINT('',(-4.5,0.45,-0.779422863406));
#159 = VECTOR('',#160,1.);
#160 = DIRECTION('',(-0.,0.866025403784,0.5));
#161 = ORIENTED_EDGE('',*,*,#162,.F.);
#162 = EDGE_CURVE('',#122,#155,#163,.T.);
#163 = B_SPLINE_CURVE_WITH_KNOTS('',3,(#164,#165,#166,#167,#168,#169,
    #170,#171,#172,#173,#174,#175,#176,#177,#178,#179,#180,#181),
  .UNSPECIFIED.,.F.,.F.,(4,2,2,2,2,2,2,2,4),(0.,3.522230393727E-04,
    7.044460787454E-04,1.056669118118E-03,1.408892157491E-03,
    1.761115196864E-03,2.113338236236E-03,2.465561275609E-03,
    2.817784314982E-03),.UNSPECIFIED.);
#164 = CARTESIAN_POINT('',(-4.5,-5.587363136863,-2.186635126587));
#165 = CARTESIAN_POINT('',(-4.619111427347,-5.587363136863,
    -2.186635126587));
#166 = CARTESIAN_POINT('',(-4.735979462799,-5.578806887164,
    -2.208845375815));
#167 = CARTESIAN_POINT('',(-4.953896945185,-5.544549584751,
    -2.293480778375));
#168 = CARTESIAN_POINT('',(-5.053639314113,-5.518788550345,
    -2.355828356098));
#169 = CARTESIAN_POINT('',(-5.219415443699,-5.451183295787,
    -2.508297227711));
#170 = CARTESIAN_POINT('',(-5.286441177029,-5.408692726355,
    -2.599577984549));
#171 = CARTESIAN_POINT('',(-5.376248632335,-5.311210134627,
    -2.793350964651));
#172 = CARTESIAN_POINT('',(-5.399956034025,-5.255108879912,
    -2.897871230895));
#173 = CARTESIAN_POINT('',(-5.400043840514,-5.137531976802,
    -3.101546742822));
#174 = CARTESIAN_POINT('',(-5.376683142772,-5.075369658653,
    -3.201961725397));
#175 = CARTESIAN_POINT('',(-5.286339385086,-4.95543665452,
    -3.384609818859));
#176 = CARTESIAN_POINT('',(-5.220294133333,-4.898346019409,
    -3.466023985572));
#177 = CARTESIAN_POINT('',(-5.05254556781,-4.798968803228,
    -3.602362338807));
#178 = CARTESIAN_POINT('',(-4.953495761909,-4.758350664773,
    -3.65515751974));
#179 = CARTESIAN_POINT('',(-4.735659296775,-4.702270581219,
    -3.727026820948));
#180 = CARTESIAN_POINT('',(-4.617562485257,-4.687363136863,
    -3.745480853399));
#181 = CARTESIAN_POINT('',(-4.5,-4.687363136863,-3.745480853399));
#182 = CYLINDRICAL_SURFACE('',#183,0.9);
#183 = AXIS2_PLACEMENT_3D('',#184,#185,#186);
#184 = CARTESIAN_POINT('',(-4.5,2.8E-16,-4.8E-16));
#185 = DIRECTION('',(-0.,0.866025403784,0.5));
#186 = DIRECTION('',(0.,-0.5,0.866025403784));
#187 = ADVANCED_FACE('',(#188),#252,.F.);
#188 = FACE_BOUND('',#189,.F.);
#189 = EDGE_LOOP('',(#190,#200,#223,#231));
#190 = ORIENTED_EDGE('',*,*,#191,.T.);
#191 = EDGE_CURVE('',#192,#194,#196,.T.);
#192 = VERTEX_POINT('',#193);
#193 = CARTESIAN_POINT('',(-3.6,1.E-15,-6.));
#194 = VERTEX_POINT('',#195);
#195 = CARTESIAN_POINT('',(-3.6,1.E-15,-2.5));
#196 = LINE('',#197,#198);
#197 = CARTESIAN_POINT('',(-3.6,5.5E-16,0.));
#198 = VECTOR('',#199,1.);
#199 = DIRECTION('',(-0.,-0.,1.));
#200 = ORIENTED_EDGE('',*,*,#201,.F.);
#201 = EDGE_CURVE('',#202,#194,#204,.T.);
#202 = VERTEX_POINT('',#203);
#203 = CARTESIAN_POINT('',(-5.4,0.,-2.5));
#204 = B_SPLINE_CURVE_WITH_KNOTS('',3,(#205,#206,#207,#208,#209,#210,
    #211,#212,#213,#214,#215,#216,#217,#218,#219,#220,#221,#222),
  .UNSPECIFIED.,.F.,.F.,(4,2,2,2,2,2,2,2,4),(2.837843790587E-03,
    3.192493081427E-03,3.547142372267E-03,3.901791663107E-03,
    4.256440953947E-03,4.611090244787E-03,4.965739535627E-03,
    5.320388826467E-03,5.675038117307E-03),.UNSPECIFIED.);
#205 = CARTESIAN_POINT('',(-5.4,3.1E-16,-2.5));
#206 = CARTESIAN_POINT('',(-5.4,-0.118184512544,-2.5));
#207 = CARTESIAN_POINT('',(-5.37606634225,-0.237436546736,
    -2.491118584811));
#208 = CARTESIAN_POINT('',(-5.285481687153,-0.454848182251,
    -2.460723683882));
#209 = CARTESIAN_POINT('',(-5.219308786538,-0.553565832997,
    -2.439458476588));
#210 = CARTESIAN_POINT('',(-5.052851588263,-0.71985789098,
    -2.395662206416));
#211 = CARTESIAN_POINT('',(-4.954750668236,-0.785597656907,
    -2.373847402693));
#212 = CARTESIAN_POINT('',(-4.736553802655,-0.876358458195,
    -2.341860589907));
#213 = CARTESIAN_POINT('',(-4.61833754343,-0.900036478916,
    -2.332366681753));
#214 = CARTESIAN_POINT('',(-4.381108234689,-0.899963435761,
    -2.332394867047));
#215 = CARTESIAN_POINT('',(-4.262040780541,-0.875872060452,
    -2.342037765355));
#216 = CARTESIAN_POINT('',(-4.045367334312,-0.785547958877,
    -2.373859129126));
#217 = CARTESIAN_POINT('',(-3.946051656902,-0.718859022657,
    -2.395938906673));
#218 = CARTESIAN_POINT('',(-3.781039180808,-0.553816216577,
    -2.439378842497));
#219 = CARTESIAN_POINT('',(-3.714658164685,-0.455201981046,
    -2.460676424957));
#220 = CARTESIAN_POINT('',(-3.62375293404,-0.23698464347,-2.49117955809)
  );
#221 = CARTESIAN_POINT('',(-3.6,-0.119989718495,-2.5));
#222 = CARTESIAN_POINT('',(-3.6,5.5E-16,-2.5));
#223 = ORIENTED_EDGE('',*,*,#224,.F.);
#224 = EDGE_CURVE('',#225,#202,#227,.T.);
#225 = VERTEX_POINT('',#226);
#226 = CARTESIAN_POINT('',(-5.400000000013,-1.601E-12,-6.000000000002));
#227 = LINE('',#228,#229);
#228 = CARTESIAN_POINT('',(-5.4,6.6E-16,0.));
#229 = VECTOR('',#230,1.);
#230 = DIRECTION('',(-0.,-0.,1.));
#231 = ORIENTED_EDGE('',*,*,#232,.F.);
#232 = EDGE_CURVE('',#192,#225,#233,.T.);
#233 = B_SPLINE_CURVE_WITH_KNOTS('',3,(#234,#235,#236,#237,#238,#239,
    #240,#241,#242,#243,#244,#245,#246,#247,#248,#249,#250,#251),
  .UNSPECIFIED.,.F.,.F.,(4,2,2,2,2,2,2,2,4),(0.,3.522234005735E-04,
    7.04446801147E-04,1.056670201721E-03,1.408893602294E-03,
    1.761117002868E-03,2.113340403441E-03,2.465563804015E-03,
    2.817787204588E-03),.UNSPECIFIED.);
#234 = CARTESIAN_POINT('',(-3.6,5.5E-16,-6.));
#235 = CARTESIAN_POINT('',(-3.6,-0.119111095607,-6.));
#236 = CARTESIAN_POINT('',(-3.623512592483,-0.235980207124,
    -5.996350993718));
#237 = CARTESIAN_POINT('',(-3.713940596831,-0.453902465711,
    -5.983801839102));
#238 = CARTESIAN_POINT('',(-3.780818130475,-0.553646189913,
    -5.974983218318));
#239 = CARTESIAN_POINT('',(-3.946665137543,-0.719421430768,
    -5.957296481437));
#240 = CARTESIAN_POINT('',(-4.046959521029,-0.786443834675,
    -5.948408339847));
#241 = CARTESIAN_POINT('',(-4.263508485461,-0.87624844892,
    -5.935844029153));
#242 = CARTESIAN_POINT('',(-4.382075503649,-0.899955893608,
    -5.932122671653));
#243 = CARTESIAN_POINT('',(-4.617250292603,-0.900043980128,
    -5.932109307474));
#244 = CARTESIAN_POINT('',(-4.735293719099,-0.876683294292,
    -5.935781897897));
#245 = CARTESIAN_POINT('',(-4.95343449626,-0.786342094981,
    -5.948423862466));
#246 = CARTESIAN_POINT('',(-5.052485402266,-0.72029887729,
    -5.957204395227));
#247 = CARTESIAN_POINT('',(-5.220246672015,-0.552553457861,
    -5.975098271606));
#248 = CARTESIAN_POINT('',(-5.286280948315,-0.453501618435,
    -5.983831481959));
#249 = CARTESIAN_POINT('',(-5.376564584582,-0.235660723632,
    -5.996362809716));
#250 = CARTESIAN_POINT('',(-5.4,-0.117562525513,-6.));
#251 = CARTESIAN_POINT('',(-5.400000000013,-1.60081E-12,-6.000000000002)
  );
#252 = CYLINDRICAL_SURFACE('',#253,0.9);
#253 = AXIS2_PLACEMENT_3D('',#254,#255,#256);
#254 = CARTESIAN_POINT('',(-4.5,5.5E-16,0.));
#255 = DIRECTION('',(-0.,-0.,1.));
#256 = DIRECTION('',(1.,0.,0.));
#257 = ADVANCED_FACE('',(#258),#322,.F.);
#258 = FACE_BOUND('',#259,.F.);
#259 = EDGE_LOOP('',(#260,#270,#293,#301));
#260 = ORIENTED_EDGE('',*,*,#261,.T.);
#261 = EDGE_CURVE('',#262,#264,#266,.T.);
#262 = VERTEX_POINT('',#263);
#263 = CARTESIAN_POINT('',(-4.5,4.687363136863,-3.745480853399));
#264 = VERTEX_POINT('',#265);
#265 = CARTESIAN_POINT('',(-4.5,1.569900987672,-1.945613242375));
#266 = LINE('',#267,#268);
#267 = CARTESIAN_POINT('',(-4.5,-0.45,-0.779422863406));
#268 = VECTOR('',#269,1.);
#269 = DIRECTION('',(-0.,-0.866025403784,0.5));
#270 = ORIENTED_EDGE('',*,*,#271,.F.);
#271 = EDGE_CURVE('',#272,#264,#274,.T.);
#272 = VERTEX_POINT('',#273);
#273 = CARTESIAN_POINT('',(-4.5,2.469900987672,-0.386767515563));
#274 = B_SPLINE_CURVE_WITH_KNOTS('',3,(#275,#276,#277,#278,#279,#280,
    #281,#282,#283,#284,#285,#286,#287,#288,#289,#290,#291,#292),
  .UNSPECIFIED.,.F.,.F.,(4,2,2,2,2,2,2,2,4),(2.837744717587E-03,
    3.192378085978E-03,3.547011454369E-03,3.90164482276E-03,
    4.256278191151E-03,4.610911559542E-03,4.965544927933E-03,
    5.320178296325E-03,5.674811664716E-03),.UNSPECIFIED.);
#275 = CARTESIAN_POINT('',(-4.5,2.469900987672,-0.386767515563));
#276 = CARTESIAN_POINT('',(-4.618162016761,2.469900987672,
    -0.386767515563));
#277 = CARTESIAN_POINT('',(-4.73739324933,2.466236383119,-0.412286086365
    ));
#278 = CARTESIAN_POINT('',(-4.954677655341,2.448602443043,
    -0.506604175226));
#279 = CARTESIAN_POINT('',(-5.053298453104,2.434554127613,-0.57476182783
    ));
#280 = CARTESIAN_POINT('',(-5.21968480582,2.389271334123,-0.740801897234
    ));
#281 = CARTESIAN_POINT('',(-5.28549727251,2.358526508452,-0.836364984331
    ));
#282 = CARTESIAN_POINT('',(-5.376364426076,2.275751554063,
    -1.040725007994));
#283 = CARTESIAN_POINT('',(-5.400040845155,2.224224561328,
    -1.147559460847));
#284 = CARTESIAN_POINT('',(-5.399959047831,2.105592081668,
    -1.352978048977));
#285 = CARTESIAN_POINT('',(-5.37585940194,2.038290013917,-1.451672497489
    ));
#286 = CARTESIAN_POINT('',(-5.285445548739,1.903626629099,
    -1.624249019636));
#287 = CARTESIAN_POINT('',(-5.21863524095,1.835361880323,-1.699623181905
    ));
#288 = CARTESIAN_POINT('',(-5.053546736981,1.715279313061,
    -1.820738605731));
#289 = CARTESIAN_POINT('',(-4.954982531076,1.663127330973,-1.86717006378
    ));
#290 = CARTESIAN_POINT('',(-4.736946907006,1.59002695738,-1.9298007257)
  );
#291 = CARTESIAN_POINT('',(-4.620000690776,1.569900987672,
    -1.945613242375));
#292 = CARTESIAN_POINT('',(-4.5,1.569900987672,-1.945613242375));
#293 = ORIENTED_EDGE('',*,*,#294,.F.);
#294 = EDGE_CURVE('',#295,#272,#297,.T.);
#295 = VERTEX_POINT('',#296);
#296 = CARTESIAN_POINT('',(-4.5,5.587363136863,-2.186635126587));
#297 = LINE('',#298,#299);
#298 = CARTESIAN_POINT('',(-4.5,0.45,0.779422863406));
#299 = VECTOR('',#300,1.);
#300 = DIRECTION('',(-0.,-0.866025403784,0.5));
#301 = ORIENTED_EDGE('',*,*,#302,.F.);
#302 = EDGE_CURVE('',#262,#295,#303,.T.);
#303 = B_SPLINE_CURVE_WITH_KNOTS('',3,(#304,#305,#306,#307,#308,#309,
    #310,#311,#312,#313,#314,#315,#316,#317,#318,#319,#320,#321),
  .UNSPECIFIED.,.F.,.F.,(4,2,2,2,2,2,2,2,4),(0.,3.522230393727E-04,
    7.044460787454E-04,1.056669118118E-03,1.408892157491E-03,
    1.761115196864E-03,2.113338236236E-03,2.465561275609E-03,
    2.817784314982E-03),.UNSPECIFIED.);
#304 = CARTESIAN_POINT('',(-4.5,4.687363136863,-3.745480853399));
#305 = CARTESIAN_POINT('',(-4.619111427347,4.687363136863,
    -3.745480853399));
#306 = CARTESIAN_POINT('',(-4.735979462799,4.70231965207,-3.726965799184
    ));
#307 = CARTESIAN_POINT('',(-4.953896945185,4.758487409539,
    -3.654980403749));
#308 = CARTESIAN_POINT('',(-5.053639314113,4.799601478509,
    -3.601496904664));
#309 = CARTESIAN_POINT('',(-5.219415443699,4.897840767334,
    -3.466714600982));
#310 = CARTESIAN_POINT('',(-5.286441177029,4.955646936916,
    -3.384276310013));
#311 = CARTESIAN_POINT('',(-5.376248632335,5.074717964387,
    -3.202967419099));
#312 = CARTESIAN_POINT('',(-5.399956034025,5.137184542807,
    -3.102122174209));
#313 = CARTESIAN_POINT('',(-5.400043840514,5.25478425871,-2.898459833254
    ));
#314 = CARTESIAN_POINT('',(-5.376683142772,5.310665025466,
    -2.794418195292));
#315 = CARTESIAN_POINT('',(-5.286339385086,5.408876412291,
    -2.599229120229));
#316 = CARTESIAN_POINT('',(-5.220294133333,5.450837831336,
    -2.509080096548));
#317 = CARTESIAN_POINT('',(-5.05254556781,5.519221700657,-2.354847726161
    ));
#318 = CARTESIAN_POINT('',(-4.953495761909,5.544634599315,
    -2.293273795938));
#319 = CARTESIAN_POINT('',(-4.735659296775,5.578835198136,-2.20877236833
    ));
#320 = CARTESIAN_POINT('',(-4.617562485257,5.587363136863,
    -2.186635126587));
#321 = CARTESIAN_POINT('',(-4.5,5.587363136863,-2.186635126587));
#322 = CYLINDRICAL_SURFACE('',#323,0.9);
#323 = AXIS2_PLACEMENT_3D('',#324,#325,#326);
#324 = CARTESIAN_POINT('',(-4.5,2.8E-16,4.8E-16));
#325 = DIRECTION('',(-0.,-0.866025403784,0.5));
#326 = DIRECTION('',(0.,-0.5,-0.866025403784));
#327 = ADVANCED_FACE('',(#328),#392,.F.);
#328 = FACE_BOUND('',#329,.F.);
#329 = EDGE_LOOP('',(#330,#340,#363,#371));
#330 = ORIENTED_EDGE('',*,*,#331,.T.);
#331 = EDGE_CURVE('',#332,#334,#336,.T.);
#332 = VERTEX_POINT('',#333);
#333 = CARTESIAN_POINT('',(-4.5,5.587363136863,2.186635126587));
#334 = VERTEX_POINT('',#335);
#335 = CARTESIAN_POINT('',(-4.5,2.469900987672,0.386767515563));
#336 = LINE('',#337,#338);
#337 = CARTESIAN_POINT('',(-4.5,0.45,-0.779422863406));
#338 = VECTOR('',#339,1.);
#339 = DIRECTION('',(-0.,-0.866025403784,-0.5));
#340 = ORIENTED_EDGE('',*,*,#341,.F.);
#341 = EDGE_CURVE('',#342,#334,#344,.T.);
#342 = VERTEX_POINT('',#343);
#343 = CARTESIAN_POINT('',(-4.5,1.569900987672,1.945613242375));
#344 = B_SPLINE_CURVE_WITH_KNOTS('',3,(#345,#346,#347,#348,#349,#350,
    #351,#352,#353,#354,#355,#356,#357,#358,#359,#360,#361,#362),
  .UNSPECIFIED.,.F.,.F.,(4,2,2,2,2,2,2,2,4),(2.837744717587E-03,
    3.192378085978E-03,3.547011454369E-03,3.90164482276E-03,
    4.256278191151E-03,4.610911559542E-03,4.965544927933E-03,
    5.320178296325E-03,5.674811664716E-03),.UNSPECIFIED.);
#345 = CARTESIAN_POINT('',(-4.5,1.569900987672,1.945613242375));
#346 = CARTESIAN_POINT('',(-4.618162016761,1.569900987672,1.945613242375
    ));
#347 = CARTESIAN_POINT('',(-4.73739324933,1.590168415978,1.929680316337)
  );
#348 = CARTESIAN_POINT('',(-4.954677655341,1.663033306931,1.867249831831
    ));
#349 = CARTESIAN_POINT('',(-5.053298453104,1.715035407833,1.821004807486
    ));
#350 = CARTESIAN_POINT('',(-5.21968480582,1.836188929238,1.698768723268)
  );
#351 = CARTESIAN_POINT('',(-5.28549727251,1.903576577493,1.624361379653)
  );
#352 = CARTESIAN_POINT('',(-5.376364426076,2.039170072309,1.450496154523
    ));
#353 = CARTESIAN_POINT('',(-5.400040845155,2.105927926111,1.352455243408
    ));
#354 = CARTESIAN_POINT('',(-5.399959047831,2.224509402011,1.147007208243
    ));
#355 = CARTESIAN_POINT('',(-5.37585940194,2.27633026776,1.039374683588)
  );
#356 = CARTESIAN_POINT('',(-5.285445548739,2.358454227626,0.836464510302
    ));
#357 = CARTESIAN_POINT('',(-5.21863524095,2.389597792552,0.739658422545)
  );
#358 = CARTESIAN_POINT('',(-5.053546736981,2.434445542744,0.575106156831
    ));
#359 = CARTESIAN_POINT('',(-4.954982531076,2.448580373906,0.506725486461
    ));
#360 = CARTESIAN_POINT('',(-4.736946907006,2.466269931388,0.412103374944
    ));
#361 = CARTESIAN_POINT('',(-4.620000690776,2.469900987672,0.386767515563
    ));
#362 = CARTESIAN_POINT('',(-4.5,2.469900987672,0.386767515563));
#363 = ORIENTED_EDGE('',*,*,#364,.F.);
#364 = EDGE_CURVE('',#365,#342,#367,.T.);
#365 = VERTEX_POINT('',#366);
#366 = CARTESIAN_POINT('',(-4.5,4.687363136863,3.745480853399));
#367 = LINE('',#368,#369);
#368 = CARTESIAN_POINT('',(-4.5,-0.45,0.779422863406));
#369 = VECTOR('',#370,1.);
#370 = DIRECTION('',(-0.,-0.866025403784,-0.5));
#371 = ORIENTED_EDGE('',*,*,#372,.F.);
#372 = EDGE_CURVE('',#332,#365,#373,.T.);
#373 = B_SPLINE_CURVE_WITH_KNOTS('',3,(#374,#375,#376,#377,#378,#379,
    #380,#381,#382,#383,#384,#385,#386,#387,#388,#389,#390,#391),
  .UNSPECIFIED.,.F.,.F.,(4,2,2,2,2,2,2,2,4),(0.,3.522230393727E-04,
    7.044460787454E-04,1.056669118118E-03,1.408892157491E-03,
    1.761115196864E-03,2.113338236236E-03,2.465561275609E-03,
    2.817784314982E-03),.UNSPECIFIED.);
#374 = CARTESIAN_POINT('',(-4.5,5.587363136863,2.186635126587));
#375 = CARTESIAN_POINT('',(-4.619111427347,5.587363136863,2.186635126587
    ));
#376 = CARTESIAN_POINT('',(-4.735979462799,5.578806887164,2.208845375815
    ));
#377 = CARTESIAN_POINT('',(-4.953896945185,5.544549584751,2.293480778375
    ));
#378 = CARTESIAN_POINT('',(-5.053639314113,5.518788550345,2.355828356098
    ));
#379 = CARTESIAN_POINT('',(-5.219415443699,5.451183295787,2.508297227711
    ));
#380 = CARTESIAN_POINT('',(-5.286441177029,5.408692726355,2.599577984549
    ));
#381 = CARTESIAN_POINT('',(-5.376248632335,5.311210134627,2.793350964651
    ));
#382 = CARTESIAN_POINT('',(-5.399956034025,5.255108879912,2.897871230895
    ));
#383 = CARTESIAN_POINT('',(-5.400043840514,5.137531976802,3.101546742822
    ));
#384 = CARTESIAN_POINT('',(-5.376683142772,5.075369658653,3.201961725397
    ));
#385 = CARTESIAN_POINT('',(-5.286339385086,4.95543665452,3.384609818859)
  );
#386 = CARTESIAN_POINT('',(-5.220294133333,4.898346019409,3.466023985572
    ));
#387 = CARTESIAN_POINT('',(-5.05254556781,4.798968803228,3.602362338807)
  );
#388 = CARTESIAN_POINT('',(-4.953495761909,4.758350664773,3.65515751974)
  );
#389 = CARTESIAN_POINT('',(-4.735659296775,4.702270581218,3.727026820948
    ));
#390 = CARTESIAN_POINT('',(-4.617562485257,4.687363136863,3.745480853399
    ));
#391 = CARTESIAN_POINT('',(-4.5,4.687363136863,3.745480853399));
#392 = CYLINDRICAL_SURFACE('',#393,0.9);
#393 = AXIS2_PLACEMENT_3D('',#394,#395,#396);
#394 = CARTESIAN_POINT('',(-4.5,-2.8E-16,4.8E-16));
#395 = DIRECTION('',(-0.,-0.866025403784,-0.5));
#396 = DIRECTION('',(0.,0.5,-0.866025403784));
#397 = ADVANCED_FACE('',(#398),#462,.F.);
#398 = FACE_BOUND('',#399,.F.);
#399 = EDGE_LOOP('',(#400,#410,#433,#441));
#400 = ORIENTED_EDGE('',*,*,#401,.T.);
#401 = EDGE_CURVE('',#402,#404,#406,.T.);
#402 = VERTEX_POINT('',#403);
#403 = CARTESIAN_POINT('',(-5.4,-1.E-15,6.));
#404 = VERTEX_POINT('',#405);
#405 = CARTESIAN_POINT('',(-5.4,-0.,2.5));
#406 = LINE('',#407,#408);
#407 = CARTESIAN_POINT('',(-5.4,-5.5E-16,0.));
#408 = VECTOR('',#409,1.);
#409 = DIRECTION('',(-0.,-0.,-1.));
#410 = ORIENTED_EDGE('',*,*,#411,.F.);
#411 = EDGE_CURVE('',#412,#404,#414,.T.);
#412 = VERTEX_POINT('',#413);
#413 = CARTESIAN_POINT('',(-3.6,0.,2.5));
#414 = B_SPLINE_CURVE_WITH_KNOTS('',3,(#415,#416,#417,#418,#419,#420,
    #421,#422,#423,#424,#425,#426,#427,#428,#429,#430,#431,#432),
  .UNSPECIFIED.,.F.,.F.,(4,2,2,2,2,2,2,2,4),(0.,3.547304738234E-04,
    7.094609476468E-04,1.06419142147E-03,1.418921895294E-03,
    1.773652369117E-03,2.12838284294E-03,2.483113316764E-03,
    2.837843790587E-03),.UNSPECIFIED.);
#415 = CARTESIAN_POINT('',(-3.6,0.,2.5));
#416 = CARTESIAN_POINT('',(-3.6,-0.120017185414,2.5));
#417 = CARTESIAN_POINT('',(-3.623989556708,-0.237704637582,
    2.491097366685));
#418 = CARTESIAN_POINT('',(-3.714765558652,-0.455307218926,
    2.460643192628));
#419 = CARTESIAN_POINT('',(-3.781603744948,-0.554480148766,
    2.439218051985));
#420 = CARTESIAN_POINT('',(-3.94625670403,-0.71896437799,2.395897152152)
  );
#421 = CARTESIAN_POINT('',(-4.045753415416,-0.785727681864,
    2.373796912796));
#422 = CARTESIAN_POINT('',(-4.261900803226,-0.875794908725,
    2.342063844368));
#423 = CARTESIAN_POINT('',(-4.380972564816,-0.899936582215,2.33240522907
    ));
#424 = CARTESIAN_POINT('',(-4.618066456174,-0.900063161263,
    2.332356385791));
#425 = CARTESIAN_POINT('',(-4.736438535406,-0.876467257201,
    2.341825808094));
#426 = CARTESIAN_POINT('',(-4.955653715331,-0.785160955267,
    2.373997734356));
#427 = CARTESIAN_POINT('',(-5.054023942754,-0.718832893344,
    2.395952751578));
#428 = CARTESIAN_POINT('',(-5.219266538729,-0.553460842303,
    2.439465394791));
#429 = CARTESIAN_POINT('',(-5.285805849705,-0.45417241327,2.460830579696
    ));
#430 = CARTESIAN_POINT('',(-5.375974446867,-0.237554589185,
    2.491089629079));
#431 = CARTESIAN_POINT('',(-5.4,-0.118211566233,2.5));
#432 = CARTESIAN_POINT('',(-5.4,-0.,2.5));
#433 = ORIENTED_EDGE('',*,*,#434,.F.);
#434 = EDGE_CURVE('',#435,#412,#437,.T.);
#435 = VERTEX_POINT('',#436);
#436 = CARTESIAN_POINT('',(-3.599999999987,-1.602E-12,6.000000000002));
#437 = LINE('',#438,#439);
#438 = CARTESIAN_POINT('',(-3.6,-4.4E-16,0.));
#439 = VECTOR('',#440,1.);
#440 = DIRECTION('',(-0.,-0.,-1.));
#441 = ORIENTED_EDGE('',*,*,#442,.F.);
#442 = EDGE_CURVE('',#402,#435,#443,.T.);
#443 = B_SPLINE_CURVE_WITH_KNOTS('',3,(#444,#445,#446,#447,#448,#449,
    #450,#451,#452,#453,#454,#455,#456,#457,#458,#459,#460,#461),
  .UNSPECIFIED.,.F.,.F.,(4,2,2,2,2,2,2,2,4),(0.,3.522234005735E-04,
    7.04446801147E-04,1.056670201721E-03,1.408893602294E-03,
    1.761117002868E-03,2.113340403441E-03,2.465563804015E-03,
    2.817787204588E-03),.UNSPECIFIED.);
#444 = CARTESIAN_POINT('',(-5.4,-5.5E-16,6.));
#445 = CARTESIAN_POINT('',(-5.4,-0.119111095607,6.));
#446 = CARTESIAN_POINT('',(-5.376487407517,-0.235980207124,
    5.996350993718));
#447 = CARTESIAN_POINT('',(-5.286059403169,-0.453902465711,
    5.983801839102));
#448 = CARTESIAN_POINT('',(-5.219181869525,-0.553646189913,
    5.974983218318));
#449 = CARTESIAN_POINT('',(-5.053334862457,-0.719421430768,
    5.957296481437));
#450 = CARTESIAN_POINT('',(-4.953040478971,-0.786443834675,
    5.948408339847));
#451 = CARTESIAN_POINT('',(-4.736491514539,-0.87624844892,5.935844029153
    ));
#452 = CARTESIAN_POINT('',(-4.617924496351,-0.899955893608,
    5.932122671653));
#453 = CARTESIAN_POINT('',(-4.382749707397,-0.900043980128,
    5.932109307474));
#454 = CARTESIAN_POINT('',(-4.264706280901,-0.876683294292,
    5.935781897897));
#455 = CARTESIAN_POINT('',(-4.04656550374,-0.786342094981,5.948423862466
    ));
#456 = CARTESIAN_POINT('',(-3.947514597734,-0.72029887729,5.957204395227
    ));
#457 = CARTESIAN_POINT('',(-3.779753327985,-0.552553457861,
    5.975098271606));
#458 = CARTESIAN_POINT('',(-3.713719051685,-0.453501618435,
    5.983831481959));
#459 = CARTESIAN_POINT('',(-3.623435415418,-0.235660723632,
    5.996362809716));
#460 = CARTESIAN_POINT('',(-3.6,-0.117562525513,6.));
#461 = CARTESIAN_POINT('',(-3.599999999987,-1.60154E-12,6.000000000002)
  );
#462 = CYLINDRICAL_SURFACE('',#463,0.9);
#463 = AXIS2_PLACEMENT_3D('',#464,#465,#466);
#464 = CARTESIAN_POINT('',(-4.5,-5.5E-16,0.));
#465 = DIRECTION('',(-0.,-0.,-1.));
#466 = DIRECTION('',(-1.,0.,0.));
#467 = ADVANCED_FACE('',(#468,#492,#516),#566,.F.);
#468 = FACE_BOUND('',#469,.F.);
#469 = EDGE_LOOP('',(#470,#471));
#470 = ORIENTED_EDGE('',*,*,#131,.T.);
#471 = ORIENTED_EDGE('',*,*,#472,.T.);
#472 = EDGE_CURVE('',#124,#132,#473,.T.);
#473 = B_SPLINE_CURVE_WITH_KNOTS('',3,(#474,#475,#476,#477,#478,#479,
    #480,#481,#482,#483,#484,#485,#486,#487,#488,#489,#490,#491),
  .UNSPECIFIED.,.F.,.F.,(4,2,2,2,2,2,2,2,4),(0.,3.547180896983E-04,
    7.094361793967E-04,1.064154269095E-03,1.418872358793E-03,
    1.773590448492E-03,2.12830853819E-03,2.483026627888E-03,
    2.837744717587E-03),.UNSPECIFIED.);
#474 = CARTESIAN_POINT('',(-4.5,-2.469900987672,-0.386767515563));
#475 = CARTESIAN_POINT('',(-4.379970641263,-2.469900987672,
    -0.386767515563));
#476 = CARTESIAN_POINT('',(-4.262327379712,-2.466227080356,
    -0.412352224682));
#477 = CARTESIAN_POINT('',(-4.044891832547,-2.448554090801,
    -0.506846360849));
#478 = CARTESIAN_POINT('',(-3.945777888885,-2.434302242701,
    -0.57568475736));
#479 = CARTESIAN_POINT('',(-3.781248807657,-2.38952592843,-0.73986903303
    ));
#480 = CARTESIAN_POINT('',(-3.714369210094,-2.35831305197,
    -0.836831272539));
#481 = CARTESIAN_POINT('',(-3.624198447512,-2.276355693754,
    -1.03929388784));
#482 = CARTESIAN_POINT('',(-3.600056851397,-2.224552635682,
    -1.146920877885));
#483 = CARTESIAN_POINT('',(-3.599943354716,-2.106005017305,
    -1.352333093634));
#484 = CARTESIAN_POINT('',(-3.62353905497,-2.039233765213,
    -1.450444911102));
#485 = CARTESIAN_POINT('',(-3.714948315793,-1.902992304979,
    -1.625080021573));
#486 = CARTESIAN_POINT('',(-3.78136456181,-1.83533176524,-1.699663195058
    ));
#487 = CARTESIAN_POINT('',(-3.946838509195,-1.715029420604,
    -1.820980986062));
#488 = CARTESIAN_POINT('',(-4.046049898655,-1.662753647568,
    -1.867492877886));
#489 = CARTESIAN_POINT('',(-4.262498939383,-1.590240351024,
    -1.929615238184));
#490 = CARTESIAN_POINT('',(-4.381809754535,-1.569900987672,
    -1.945613242375));
#491 = CARTESIAN_POINT('',(-4.5,-1.569900987672,-1.945613242375));
#492 = FACE_BOUND('',#493,.F.);
#493 = EDGE_LOOP('',(#494,#495));
#494 = ORIENTED_EDGE('',*,*,#61,.T.);
#495 = ORIENTED_EDGE('',*,*,#496,.T.);
#496 = EDGE_CURVE('',#54,#62,#497,.T.);
#497 = B_SPLINE_CURVE_WITH_KNOTS('',3,(#498,#499,#500,#501,#502,#503,
    #504,#505,#506,#507,#508,#509,#510,#511,#512,#513,#514,#515),
  .UNSPECIFIED.,.F.,.F.,(4,2,2,2,2,2,2,2,4),(0.,3.547180896983E-04,
    7.094361793967E-04,1.064154269095E-03,1.418872358793E-03,
    1.773590448492E-03,2.12830853819E-03,2.483026627888E-03,
    2.837744717587E-03),.UNSPECIFIED.);
#498 = CARTESIAN_POINT('',(-4.5,-1.569900987672,1.945613242375));
#499 = CARTESIAN_POINT('',(-4.379970641263,-1.569900987672,
    1.945613242375));
#500 = CARTESIAN_POINT('',(-4.262327379712,-1.59022104206,1.929639190749
    ));
#501 = CARTESIAN_POINT('',(-4.044891832547,-1.663218869711,
    1.867086864749));
#502 = CARTESIAN_POINT('',(-3.945777888885,-1.715708745796,
    1.820325203988));
#503 = CARTESIAN_POINT('',(-3.781248807657,-1.835508342292,
    1.699455640507));
#504 = CARTESIAN_POINT('',(-3.714369210094,-1.903873666685,
    1.623943376813));
#505 = CARTESIAN_POINT('',(-3.624198447512,-2.038232755745,
    1.451734914921));
#506 = CARTESIAN_POINT('',(-3.600056851397,-2.105538934221,
    1.353058655614));
#507 = CARTESIAN_POINT('',(-3.599943354716,-2.224157322118,
    1.147687298666));
#508 = CARTESIAN_POINT('',(-3.62353905497,-2.27573902241,1.040805789378)
  );
#509 = CARTESIAN_POINT('',(-3.714948315793,-2.358856734354,
    0.835499668532));
#510 = CARTESIAN_POINT('',(-3.78136456181,-2.389617387418,0.739612335542
    ));
#511 = CARTESIAN_POINT('',(-3.946838509195,-2.43453050404,0.574768553449
    ));
#512 = CARTESIAN_POINT('',(-4.046049898655,-2.44867309742,0.506240460086
    ));
#513 = CARTESIAN_POINT('',(-4.262498939383,-2.466215991309,
    0.412380923018));
#514 = CARTESIAN_POINT('',(-4.381809754535,-2.469900987672,
    0.386767515563));
#515 = CARTESIAN_POINT('',(-4.5,-2.469900987672,0.386767515563));
#516 = FACE_BOUND('',#517,.F.);
#517 = EDGE_LOOP('',(#518,#526,#527,#535,#544,#550,#551,#559));
#518 = ORIENTED_EDGE('',*,*,#519,.T.);
#519 = EDGE_CURVE('',#520,#412,#522,.T.);
#520 = VERTEX_POINT('',#521);
#521 = CARTESIAN_POINT('',(0.,0.,2.5));
#522 = LINE('',#523,#524);
#523 = CARTESIAN_POINT('',(-5.8,0.,2.5));
#524 = VECTOR('',#525,1.);
#525 = DIRECTION('',(-1.,-0.,-0.));
#526 = ORIENTED_EDGE('',*,*,#411,.T.);
#527 = ORIENTED_EDGE('',*,*,#528,.T.);
#528 = EDGE_CURVE('',#404,#529,#531,.T.);
#529 = VERTEX_POINT('',#530);
#530 = CARTESIAN_POINT('',(-5.8,0.,2.5));
#531 = LINE('',#532,#533);
#532 = CARTESIAN_POINT('',(-5.8,0.,2.5));
#533 = VECTOR('',#534,1.);
#534 = DIRECTION('',(-1.,-0.,-0.));
#535 = ORIENTED_EDGE('',*,*,#536,.F.);
#536 = EDGE_CURVE('',#537,#529,#539,.T.);
#537 = VERTEX_POINT('',#538);
#538 = CARTESIAN_POINT('',(-5.8,0.,-2.5));
#539 = CIRCLE('',#540,2.5);
#540 = AXIS2_PLACEMENT_3D('',#541,#542,#543);
#541 = CARTESIAN_POINT('',(-5.8,0.,0.));
#542 = DIRECTION('',(-1.,0.,-0.));
#543 = DIRECTION('',(-0.,0.,1.));
#544 = ORIENTED_EDGE('',*,*,#545,.F.);
#545 = EDGE_CURVE('',#202,#537,#546,.T.);
#546 = LINE('',#547,#548);
#547 = CARTESIAN_POINT('',(-5.8,3.1E-16,-2.5));
#548 = VECTOR('',#549,1.);
#549 = DIRECTION('',(-1.,-0.,-0.));
#550 = ORIENTED_EDGE('',*,*,#201,.T.);
#551 = ORIENTED_EDGE('',*,*,#552,.F.);
#552 = EDGE_CURVE('',#553,#194,#555,.T.);
#553 = VERTEX_POINT('',#554);
#554 = CARTESIAN_POINT('',(0.,0.,-2.5));
#555 = LINE('',#556,#557);
#556 = CARTESIAN_POINT('',(-5.8,3.1E-16,-2.5));
#557 = VECTOR('',#558,1.);
#558 = DIRECTION('',(-1.,-0.,-0.));
#559 = ORIENTED_EDGE('',*,*,#560,.T.);
#560 = EDGE_CURVE('',#553,#520,#561,.T.);
#561 = CIRCLE('',#562,2.5);
#562 = AXIS2_PLACEMENT_3D('',#563,#564,#565);
#563 = CARTESIAN_POINT('',(0.,0.,0.));
#564 = DIRECTION('',(-1.,0.,-0.));
#565 = DIRECTION('',(-0.,0.,1.));
#566 = CYLINDRICAL_SURFACE('',#567,2.5);
#567 = AXIS2_PLACEMENT_3D('',#568,#569,#570);
#568 = CARTESIAN_POINT('',(-5.8,0.,0.));
#569 = DIRECTION('',(-1.,-0.,-0.));
#570 = DIRECTION('',(-0.,0.,1.));
#571 = ADVANCED_FACE('',(#572,#594,#616),#702,.T.);
#572 = FACE_BOUND('',#573,.T.);
#573 = EDGE_LOOP('',(#574,#575));
#574 = ORIENTED_EDGE('',*,*,#372,.F.);
#575 = ORIENTED_EDGE('',*,*,#576,.F.);
#576 = EDGE_CURVE('',#365,#332,#577,.T.);
#577 = B_SPLINE_CURVE_WITH_KNOTS('',3,(#578,#579,#580,#581,#582,#583,
    #584,#585,#586,#587,#588,#589,#590,#591,#592,#593),.UNSPECIFIED.,.F.
  ,.F.,(4,2,2,2,2,2,2,4),(2.817784314982E-03,3.169920865155E-03,
    3.522057415327E-03,3.8741939655E-03,4.226330515673E-03,
    4.578467065846E-03,4.930603616019E-03,5.634876716364E-03),
  .UNSPECIFIED.);
#578 = CARTESIAN_POINT('',(-4.5,4.687363136863,3.745480853399));
#579 = CARTESIAN_POINT('',(-4.382466382489,4.687363136863,3.745480853399
    ));
#580 = CARTESIAN_POINT('',(-4.26390469872,4.702397794732,3.726862955813)
  );
#581 = CARTESIAN_POINT('',(-4.047265197308,4.758139816961,3.655428564965
    ));
#582 = CARTESIAN_POINT('',(-3.947029853257,4.79928332263,3.601920340383)
  );
#583 = CARTESIAN_POINT('',(-3.781013888934,4.897508466976,3.467183491718
    ));
#584 = CARTESIAN_POINT('',(-3.714219797663,4.954888786146,3.385409868086
    ));
#585 = CARTESIAN_POINT('',(-3.62361083619,5.074786764192,3.2028834128));
#586 = CARTESIAN_POINT('',(-3.600077690052,5.136370498218,3.103522023577
    ));
#587 = CARTESIAN_POINT('',(-3.599922691938,5.255347960117,2.897493514038
    ));
#588 = CARTESIAN_POINT('',(-3.623372110986,5.310712089164,2.794321773971
    ));
#589 = CARTESIAN_POINT('',(-3.713546399466,5.408765243698,2.599452944188
    ));
#590 = CARTESIAN_POINT('',(-3.780378421158,5.451064394238,2.508555230299
    ));
#591 = CARTESIAN_POINT('',(-4.028779856222,5.552469447447,2.279888709905
    ));
#592 = CARTESIAN_POINT('',(-4.26183564149,5.587363136863,2.186635126587)
  );
#593 = CARTESIAN_POINT('',(-4.5,5.587363136863,2.186635126587));
#594 = FACE_BOUND('',#595,.T.);
#595 = EDGE_LOOP('',(#596,#597));
#596 = ORIENTED_EDGE('',*,*,#302,.F.);
#597 = ORIENTED_EDGE('',*,*,#598,.F.);
#598 = EDGE_CURVE('',#295,#262,#599,.T.);
#599 = B_SPLINE_CURVE_WITH_KNOTS('',3,(#600,#601,#602,#603,#604,#605,
    #606,#607,#608,#609,#610,#611,#612,#613,#614,#615),.UNSPECIFIED.,.F.
  ,.F.,(4,2,2,2,2,2,2,4),(2.817784314982E-03,3.169920865155E-03,
    3.522057415327E-03,3.8741939655E-03,4.226330515673E-03,
    4.578467065846E-03,4.930603616019E-03,5.634876716364E-03),
  .UNSPECIFIED.);
#600 = CARTESIAN_POINT('',(-4.5,5.587363136863,-2.186635126587));
#601 = CARTESIAN_POINT('',(-4.382466382489,5.587363136863,
    -2.186635126587));
#602 = CARTESIAN_POINT('',(-4.26390469872,5.578756893523,-2.208964471031
    ));
#603 = CARTESIAN_POINT('',(-4.047265197308,5.544763907459,
    -2.292955673764));
#604 = CARTESIAN_POINT('',(-3.947029853257,5.518996178495,
    -2.355341107165));
#605 = CARTESIAN_POINT('',(-3.781013888934,5.451423216898,
    -2.507775001792));
#606 = CARTESIAN_POINT('',(-3.714219797663,5.409295341058,
    -2.598354627686));
#607 = CARTESIAN_POINT('',(-3.62361083619,5.31117178294,-2.793452550179)
  );
#608 = CARTESIAN_POINT('',(-3.600077690052,5.255914162731,
    -2.896466322918));
#609 = CARTESIAN_POINT('',(-3.599922691938,5.136976970516,
    -3.102518082169));
#610 = CARTESIAN_POINT('',(-3.623372110986,5.075309687189,
    -3.202050694416));
#611 = CARTESIAN_POINT('',(-3.713546399466,4.955574907458,
    -3.384401632055));
#612 = CARTESIAN_POINT('',(-3.780378421158,4.898004753355,
    -3.466482627926));
#613 = CARTESIAN_POINT('',(-4.028779856222,4.750676264303,
    -3.668635240274));
#614 = CARTESIAN_POINT('',(-4.26183564149,4.687363136863,-3.745480853399
    ));
#615 = CARTESIAN_POINT('',(-4.5,4.687363136863,-3.745480853399));
#616 = FACE_BOUND('',#617,.T.);
#617 = EDGE_LOOP('',(#618,#629,#635,#654,#662,#671,#677,#696));
#618 = ORIENTED_EDGE('',*,*,#619,.T.);
#619 = EDGE_CURVE('',#620,#622,#624,.T.);
#620 = VERTEX_POINT('',#621);
#621 = CARTESIAN_POINT('',(3.2,0.,6.));
#622 = VERTEX_POINT('',#623);
#623 = CARTESIAN_POINT('',(3.2,1.E-15,-6.));
#624 = CIRCLE('',#625,6.);
#625 = AXIS2_PLACEMENT_3D('',#626,#627,#628);
#626 = CARTESIAN_POINT('',(3.2,0.,0.));
#627 = DIRECTION('',(-1.,0.,-0.));
#628 = DIRECTION('',(-0.,0.,1.));
#629 = ORIENTED_EDGE('',*,*,#630,.T.);
#630 = EDGE_CURVE('',#622,#192,#631,.T.);
#631 = LINE('',#632,#633);
#632 = CARTESIAN_POINT('',(-5.8,7.3E-16,-6.));
#633 = VECTOR('',#634,1.);
#634 = DIRECTION('',(-1.,-0.,-0.));
#635 = ORIENTED_EDGE('',*,*,#636,.F.);
#636 = EDGE_CURVE('',#225,#192,#637,.T.);
#637 = B_SPLINE_CURVE_WITH_KNOTS('',3,(#638,#639,#640,#641,#642,#643,
    #644,#645,#646,#647,#648,#649,#650,#651,#652,#653),.UNSPECIFIED.,.F.
  ,.F.,(4,2,2,2,2,2,2,4),(2.817787204588E-03,3.169924231029E-03,
    3.522061257471E-03,3.874198283912E-03,4.226335310353E-03,
    4.578472336794E-03,4.930609363236E-03,5.634883416118E-03),
  .UNSPECIFIED.);
#638 = CARTESIAN_POINT('',(-5.400000000013,-1.60081E-12,-6.000000000002)
  );
#639 = CARTESIAN_POINT('',(-5.4,0.117533696188,-6.));
#640 = CARTESIAN_POINT('',(-5.376358951747,0.236096753592,
    -5.996334764905));
#641 = CARTESIAN_POINT('',(-5.286621770413,0.452739306529,
    -5.983878291726));
#642 = CARTESIAN_POINT('',(-5.219707185724,0.552977471995,
    -5.975046808808));
#643 = CARTESIAN_POINT('',(-5.053907795703,0.718991426636,
    -5.957350063611));
#644 = CARTESIAN_POINT('',(-4.954401137087,0.785782914993,
    -5.948498778761));
#645 = CARTESIAN_POINT('',(-4.736384442048,0.876388942445,
    -5.935826389979));
#646 = CARTESIAN_POINT('',(-4.619546604664,0.899922095583,-5.93212779937
    ));
#647 = CARTESIAN_POINT('',(-4.381629284865,0.90007752033,-5.932104218873
    ));
#648 = CARTESIAN_POINT('',(-4.264599534543,0.876628101603,
    -5.935789391951));
#649 = CARTESIAN_POINT('',(-4.046815409174,0.7864565686,-5.948408072739)
  );
#650 = CARTESIAN_POINT('',(-3.946947515939,0.719626989592,
    -5.957270416736));
#651 = CARTESIAN_POINT('',(-3.698212535997,0.471229328108,
    -5.983784605868));
#652 = CARTESIAN_POINT('',(-3.6,0.238163773077,-6.));
#653 = CARTESIAN_POINT('',(-3.6,5.5E-16,-6.));
#654 = ORIENTED_EDGE('',*,*,#655,.T.);
#655 = EDGE_CURVE('',#225,#656,#658,.T.);
#656 = VERTEX_POINT('',#657);
#657 = CARTESIAN_POINT('',(-5.8,1.E-15,-6.));
#658 = LINE('',#659,#660);
#659 = CARTESIAN_POINT('',(-5.8,7.3E-16,-6.));
#660 = VECTOR('',#661,1.);
#661 = DIRECTION('',(-1.,-0.,-0.));
#662 = ORIENTED_EDGE('',*,*,#663,.F.);
#663 = EDGE_CURVE('',#664,#656,#666,.T.);
#664 = VERTEX_POINT('',#665);
#665 = CARTESIAN_POINT('',(-5.8,0.,6.));
#666 = CIRCLE('',#667,6.);
#667 = AXIS2_PLACEMENT_3D('',#668,#669,#670);
#668 = CARTESIAN_POINT('',(-5.8,0.,0.));
#669 = DIRECTION('',(-1.,0.,-0.));
#670 = DIRECTION('',(-0.,0.,1.));
#671 = ORIENTED_EDGE('',*,*,#672,.F.);
#672 = EDGE_CURVE('',#402,#664,#673,.T.);
#673 = LINE('',#674,#675);
#674 = CARTESIAN_POINT('',(-5.8,0.,6.));
#675 = VECTOR('',#676,1.);
#676 = DIRECTION('',(-1.,-0.,-0.));
#677 = ORIENTED_EDGE('',*,*,#678,.F.);
#678 = EDGE_CURVE('',#435,#402,#679,.T.);
#679 = B_SPLINE_CURVE_WITH_KNOTS('',3,(#680,#681,#682,#683,#684,#685,
    #686,#687,#688,#689,#690,#691,#692,#693,#694,#695),.UNSPECIFIED.,.F.
  ,.F.,(4,2,2,2,2,2,2,4),(2.817787204588E-03,3.169924231029E-03,
    3.522061257471E-03,3.874198283912E-03,4.226335310353E-03,
    4.578472336794E-03,4.930609363236E-03,5.634883416118E-03),
  .UNSPECIFIED.);
#680 = CARTESIAN_POINT('',(-3.599999999987,-1.60154E-12,6.000000000002)
  );
#681 = CARTESIAN_POINT('',(-3.6,0.117533696188,6.));
#682 = CARTESIAN_POINT('',(-3.623641048253,0.236096753592,5.996334764905
    ));
#683 = CARTESIAN_POINT('',(-3.713378229587,0.452739306529,5.983878291726
    ));
#684 = CARTESIAN_POINT('',(-3.780292814276,0.552977471995,5.975046808808
    ));
#685 = CARTESIAN_POINT('',(-3.946092204297,0.718991426636,5.957350063611
    ));
#686 = CARTESIAN_POINT('',(-4.045598862913,0.785782914993,5.948498778761
    ));
#687 = CARTESIAN_POINT('',(-4.263615557952,0.876388942445,5.935826389979
    ));
#688 = CARTESIAN_POINT('',(-4.380453395336,0.899922095583,5.93212779937)
  );
#689 = CARTESIAN_POINT('',(-4.618370715135,0.90007752033,5.932104218873)
  );
#690 = CARTESIAN_POINT('',(-4.735400465457,0.876628101603,5.935789391951
    ));
#691 = CARTESIAN_POINT('',(-4.953184590826,0.7864565686,5.948408072739)
  );
#692 = CARTESIAN_POINT('',(-5.053052484061,0.719626989592,5.957270416736
    ));
#693 = CARTESIAN_POINT('',(-5.301787464003,0.471229328108,5.983784605868
    ));
#694 = CARTESIAN_POINT('',(-5.4,0.238163773077,6.));
#695 = CARTESIAN_POINT('',(-5.4,-5.5E-16,6.));
#696 = ORIENTED_EDGE('',*,*,#697,.F.);
#697 = EDGE_CURVE('',#620,#435,#698,.T.);
#698 = LINE('',#699,#700);
#699 = CARTESIAN_POINT('',(-5.8,0.,6.));
#700 = VECTOR('',#701,1.);
#701 = DIRECTION('',(-1.,-0.,-0.));
#702 = CYLINDRICAL_SURFACE('',#703,6.);
#703 = AXIS2_PLACEMENT_3D('',#704,#705,#706);
#704 = CARTESIAN_POINT('',(-5.8,0.,0.));
#705 = DIRECTION('',(-1.,-0.,-0.));
#706 = DIRECTION('',(-0.,0.,1.));
#707 = ADVANCED_FACE('',(#708),#744,.F.);
#708 = FACE_BOUND('',#709,.F.);
#709 = EDGE_LOOP('',(#710,#720,#729,#737));
#710 = ORIENTED_EDGE('',*,*,#711,.T.);
#711 = EDGE_CURVE('',#712,#714,#716,.T.);
#712 = VERTEX_POINT('',#713);
#713 = CARTESIAN_POINT('',(3.2,0.,3.1));
#714 = VERTEX_POINT('',#715);
#715 = CARTESIAN_POINT('',(0.,0.,3.1));
#716 = LINE('',#717,#718);
#717 = CARTESIAN_POINT('',(-5.8,0.,3.1));
#718 = VECTOR('',#719,1.);
#719 = DIRECTION('',(-1.,-0.,-0.));
#720 = ORIENTED_EDGE('',*,*,#721,.F.);
#721 = EDGE_CURVE('',#722,#714,#724,.T.);
#722 = VERTEX_POINT('',#723);
#723 = CARTESIAN_POINT('',(0.,0.,-3.1));
#724 = CIRCLE('',#725,3.1);
#725 = AXIS2_PLACEMENT_3D('',#726,#727,#728);
#726 = CARTESIAN_POINT('',(0.,0.,0.));
#727 = DIRECTION('',(-1.,0.,-0.));
#728 = DIRECTION('',(-0.,0.,1.));
#729 = ORIENTED_EDGE('',*,*,#730,.F.);
#730 = EDGE_CURVE('',#731,#722,#733,.T.);
#731 = VERTEX_POINT('',#732);
#732 = CARTESIAN_POINT('',(3.2,0.,-3.1));
#733 = LINE('',#734,#735);
#734 = CARTESIAN_POINT('',(-5.8,3.8E-16,-3.1));
#735 = VECTOR('',#736,1.);
#736 = DIRECTION('',(-1.,-0.,-0.));
#737 = ORIENTED_EDGE('',*,*,#738,.T.);
#738 = EDGE_CURVE('',#731,#712,#739,.T.);
#739 = CIRCLE('',#740,3.1);
#740 = AXIS2_PLACEMENT_3D('',#741,#742,#743);
#741 = CARTESIAN_POINT('',(3.2,0.,0.));
#742 = DIRECTION('',(-1.,0.,-0.));
#743 = DIRECTION('',(-0.,0.,1.));
#744 = CYLINDRICAL_SURFACE('',#745,3.1);
#745 = AXIS2_PLACEMENT_3D('',#746,#747,#748);
#746 = CARTESIAN_POINT('',(-5.8,0.,0.));
#747 = DIRECTION('',(-1.,-0.,-0.));
#748 = DIRECTION('',(-0.,0.,1.));
#749 = ADVANCED_FACE('',(#750),#768,.F.);
#750 = FACE_BOUND('',#751,.F.);
#751 = EDGE_LOOP('',(#752,#759,#760,#767));
#752 = ORIENTED_EDGE('',*,*,#753,.F.);
#753 = EDGE_CURVE('',#714,#722,#754,.T.);
#754 = CIRCLE('',#755,3.1);
#755 = AXIS2_PLACEMENT_3D('',#756,#757,#758);
#756 = CARTESIAN_POINT('',(0.,0.,0.));
#757 = DIRECTION('',(-1.,0.,-0.));
#758 = DIRECTION('',(-0.,0.,1.));
#759 = ORIENTED_EDGE('',*,*,#711,.F.);
#760 = ORIENTED_EDGE('',*,*,#761,.T.);
#761 = EDGE_CURVE('',#712,#731,#762,.T.);
#762 = CIRCLE('',#763,3.1);
#763 = AXIS2_PLACEMENT_3D('',#764,#765,#766);
#764 = CARTESIAN_POINT('',(3.2,0.,0.));
#765 = DIRECTION('',(-1.,0.,-0.));
#766 = DIRECTION('',(-0.,0.,1.));
#767 = ORIENTED_EDGE('',*,*,#730,.T.);
#768 = CYLINDRICAL_SURFACE('',#769,3.1);
#769 = AXIS2_PLACEMENT_3D('',#770,#771,#772);
#770 = CARTESIAN_POINT('',(-5.8,0.,0.));
#771 = DIRECTION('',(-1.,-0.,-0.));
#772 = DIRECTION('',(-0.,0.,1.));
#773 = ADVANCED_FACE('',(#774,#778),#788,.T.);
#774 = FACE_BOUND('',#775,.T.);
#775 = EDGE_LOOP('',(#776,#777));
#776 = ORIENTED_EDGE('',*,*,#761,.T.);
#777 = ORIENTED_EDGE('',*,*,#738,.T.);
#778 = FACE_BOUND('',#779,.T.);
#779 = EDGE_LOOP('',(#780,#781));
#780 = ORIENTED_EDGE('',*,*,#619,.F.);
#781 = ORIENTED_EDGE('',*,*,#782,.F.);
#782 = EDGE_CURVE('',#622,#620,#783,.T.);
#783 = CIRCLE('',#784,6.);
#784 = AXIS2_PLACEMENT_3D('',#785,#786,#787);
#785 = CARTESIAN_POINT('',(3.2,0.,0.));
#786 = DIRECTION('',(-1.,0.,-0.));
#787 = DIRECTION('',(-0.,0.,1.));
#788 = PLANE('',#789);
#789 = AXIS2_PLACEMENT_3D('',#790,#791,#792);
#790 = CARTESIAN_POINT('',(3.2,-3.1,0.));
#791 = DIRECTION('',(1.,0.,0.));
#792 = DIRECTION('',(0.,0.,-1.));
#793 = ADVANCED_FACE('',(#794,#810,#832),#854,.T.);
#794 = FACE_BOUND('',#795,.T.);
#795 = EDGE_LOOP('',(#796,#797,#798,#799,#800,#801,#808,#809));
#796 = ORIENTED_EDGE('',*,*,#630,.F.);
#797 = ORIENTED_EDGE('',*,*,#782,.T.);
#798 = ORIENTED_EDGE('',*,*,#697,.T.);
#799 = ORIENTED_EDGE('',*,*,#442,.F.);
#800 = ORIENTED_EDGE('',*,*,#672,.T.);
#801 = ORIENTED_EDGE('',*,*,#802,.F.);
#802 = EDGE_CURVE('',#656,#664,#803,.T.);
#803 = CIRCLE('',#804,6.);
#804 = AXIS2_PLACEMENT_3D('',#805,#806,#807);
#805 = CARTESIAN_POINT('',(-5.8,0.,0.));
#806 = DIRECTION('',(-1.,0.,-0.));
#807 = DIRECTION('',(-0.,0.,1.));
#808 = ORIENTED_EDGE('',*,*,#655,.F.);
#809 = ORIENTED_EDGE('',*,*,#232,.F.);
#810 = FACE_BOUND('',#811,.T.);
#811 = EDGE_LOOP('',(#812,#813));
#812 = ORIENTED_EDGE('',*,*,#92,.F.);
#813 = ORIENTED_EDGE('',*,*,#814,.F.);
#814 = EDGE_CURVE('',#85,#52,#815,.T.);
#815 = B_SPLINE_CURVE_WITH_KNOTS('',3,(#816,#817,#818,#819,#820,#821,
    #822,#823,#824,#825,#826,#827,#828,#829,#830,#831),.UNSPECIFIED.,.F.
  ,.F.,(4,2,2,2,2,2,2,4),(2.817784314982E-03,3.169920865155E-03,
    3.522057415327E-03,3.8741939655E-03,4.226330515673E-03,
    4.578467065846E-03,4.930603616019E-03,5.634876716364E-03),
  .UNSPECIFIED.);
#816 = CARTESIAN_POINT('',(-4.5,-5.587363136863,2.186635126587));
#817 = CARTESIAN_POINT('',(-4.382466382489,-5.587363136863,
    2.186635126587));
#818 = CARTESIAN_POINT('',(-4.26390469872,-5.578756893523,2.208964471031
    ));
#819 = CARTESIAN_POINT('',(-4.047265197308,-5.544763907459,
    2.292955673764));
#820 = CARTESIAN_POINT('',(-3.947029853257,-5.518996178495,
    2.355341107165));
#821 = CARTESIAN_POINT('',(-3.781013888934,-5.451423216898,
    2.507775001792));
#822 = CARTESIAN_POINT('',(-3.714219797663,-5.409295341058,
    2.598354627686));
#823 = CARTESIAN_POINT('',(-3.62361083619,-5.31117178294,2.793452550179)
  );
#824 = CARTESIAN_POINT('',(-3.600077690052,-5.255914162731,
    2.896466322918));
#825 = CARTESIAN_POINT('',(-3.599922691938,-5.136976970516,
    3.102518082169));
#826 = CARTESIAN_POINT('',(-3.623372110986,-5.075309687189,
    3.202050694416));
#827 = CARTESIAN_POINT('',(-3.713546399466,-4.955574907458,
    3.384401632055));
#828 = CARTESIAN_POINT('',(-3.780378421158,-4.898004753355,
    3.466482627926));
#829 = CARTESIAN_POINT('',(-4.028779856222,-4.750676264303,
    3.668635240274));
#830 = CARTESIAN_POINT('',(-4.26183564149,-4.687363136863,3.745480853399
    ));
#831 = CARTESIAN_POINT('',(-4.5,-4.687363136863,3.745480853399));
#832 = FACE_BOUND('',#833,.T.);
#833 = EDGE_LOOP('',(#834,#835));
#834 = ORIENTED_EDGE('',*,*,#162,.F.);
#835 = ORIENTED_EDGE('',*,*,#836,.F.);
#836 = EDGE_CURVE('',#155,#122,#837,.T.);
#837 = B_SPLINE_CURVE_WITH_KNOTS('',3,(#838,#839,#840,#841,#842,#843,
    #844,#845,#846,#847,#848,#849,#850,#851,#852,#853),.UNSPECIFIED.,.F.
  ,.F.,(4,2,2,2,2,2,2,4),(2.817784314982E-03,3.169920865155E-03,
    3.522057415327E-03,3.8741939655E-03,4.226330515673E-03,
    4.578467065846E-03,4.930603616019E-03,5.634876716364E-03),
  .UNSPECIFIED.);
#838 = CARTESIAN_POINT('',(-4.5,-4.687363136863,-3.745480853399));
#839 = CARTESIAN_POINT('',(-4.382466382489,-4.687363136863,
    -3.745480853399));
#840 = CARTESIAN_POINT('',(-4.26390469872,-4.702397794732,
    -3.726862955813));
#841 = CARTESIAN_POINT('',(-4.047265197308,-4.758139816961,
    -3.655428564965));
#842 = CARTESIAN_POINT('',(-3.947029853257,-4.79928332263,
    -3.601920340383));
#843 = CARTESIAN_POINT('',(-3.781013888934,-4.897508466976,
    -3.467183491718));
#844 = CARTESIAN_POINT('',(-3.714219797663,-4.954888786146,
    -3.385409868086));
#845 = CARTESIAN_POINT('',(-3.62361083619,-5.074786764192,-3.2028834128)
  );
#846 = CARTESIAN_POINT('',(-3.600077690052,-5.136370498218,
    -3.103522023577));
#847 = CARTESIAN_POINT('',(-3.599922691938,-5.255347960117,
    -2.897493514038));
#848 = CARTESIAN_POINT('',(-3.623372110986,-5.310712089164,
    -2.794321773971));
#849 = CARTESIAN_POINT('',(-3.713546399466,-5.408765243698,
    -2.599452944188));
#850 = CARTESIAN_POINT('',(-3.780378421158,-5.451064394238,
    -2.508555230299));
#851 = CARTESIAN_POINT('',(-4.028779856222,-5.552469447447,
    -2.279888709905));
#852 = CARTESIAN_POINT('',(-4.26183564149,-5.587363136863,
    -2.186635126587));
#853 = CARTESIAN_POINT('',(-4.5,-5.587363136863,-2.186635126587));
#854 = CYLINDRICAL_SURFACE('',#855,6.);
#855 = AXIS2_PLACEMENT_3D('',#856,#857,#858);
#856 = CARTESIAN_POINT('',(-5.8,0.,0.));
#857 = DIRECTION('',(-1.,-0.,-0.));
#858 = DIRECTION('',(-0.,0.,1.));
#859 = ADVANCED_FACE('',(#860,#864),#874,.T.);
#860 = FACE_BOUND('',#861,.T.);
#861 = EDGE_LOOP('',(#862,#863));
#862 = ORIENTED_EDGE('',*,*,#663,.T.);
#863 = ORIENTED_EDGE('',*,*,#802,.T.);
#864 = FACE_BOUND('',#865,.T.);
#865 = EDGE_LOOP('',(#866,#873));
#866 = ORIENTED_EDGE('',*,*,#867,.F.);
#867 = EDGE_CURVE('',#529,#537,#868,.T.);
#868 = CIRCLE('',#869,2.5);
#869 = AXIS2_PLACEMENT_3D('',#870,#871,#872);
#870 = CARTESIAN_POINT('',(-5.8,0.,0.));
#871 = DIRECTION('',(-1.,0.,-0.));
#872 = DIRECTION('',(-0.,0.,1.));
#873 = ORIENTED_EDGE('',*,*,#536,.F.);
#874 = PLANE('',#875);
#875 = AXIS2_PLACEMENT_3D('',#876,#877,#878);
#876 = CARTESIAN_POINT('',(-5.8,-6.,0.));
#877 = DIRECTION('',(-1.,0.,-0.));
#878 = DIRECTION('',(0.,0.,1.));
#879 = ADVANCED_FACE('',(#880,#936,#960),#984,.F.);
#880 = FACE_BOUND('',#881,.F.);
#881 = EDGE_LOOP('',(#882,#903,#904,#905,#906,#927,#928,#935));
#882 = ORIENTED_EDGE('',*,*,#883,.T.);
#883 = EDGE_CURVE('',#194,#202,#884,.T.);
#884 = B_SPLINE_CURVE_WITH_KNOTS('',3,(#885,#886,#887,#888,#889,#890,
    #891,#892,#893,#894,#895,#896,#897,#898,#899,#900,#901,#902),
  .UNSPECIFIED.,.F.,.F.,(4,2,2,2,2,2,2,2,4),(0.,3.547304738234E-04,
    7.094609476468E-04,1.06419142147E-03,1.418921895294E-03,
    1.773652369117E-03,2.12838284294E-03,2.483113316764E-03,
    2.837843790587E-03),.UNSPECIFIED.);
#885 = CARTESIAN_POINT('',(-3.6,5.5E-16,-2.5));
#886 = CARTESIAN_POINT('',(-3.6,0.120017185414,-2.5));
#887 = CARTESIAN_POINT('',(-3.623989556708,0.237704637582,
    -2.491097366685));
#888 = CARTESIAN_POINT('',(-3.714765558652,0.455307218926,
    -2.460643192628));
#889 = CARTESIAN_POINT('',(-3.781603744948,0.554480148766,
    -2.439218051985));
#890 = CARTESIAN_POINT('',(-3.94625670403,0.71896437799,-2.395897152152)
  );
#891 = CARTESIAN_POINT('',(-4.045753415416,0.785727681864,
    -2.373796912796));
#892 = CARTESIAN_POINT('',(-4.261900803226,0.875794908725,
    -2.342063844368));
#893 = CARTESIAN_POINT('',(-4.380972564816,0.899936582215,-2.33240522907
    ));
#894 = CARTESIAN_POINT('',(-4.618066456174,0.900063161263,
    -2.332356385791));
#895 = CARTESIAN_POINT('',(-4.736438535406,0.876467257201,
    -2.341825808094));
#896 = CARTESIAN_POINT('',(-4.955653715331,0.785160955267,
    -2.373997734356));
#897 = CARTESIAN_POINT('',(-5.054023942754,0.718832893344,
    -2.395952751578));
#898 = CARTESIAN_POINT('',(-5.219266538729,0.553460842303,
    -2.439465394791));
#899 = CARTESIAN_POINT('',(-5.285805849705,0.45417241327,-2.460830579696
    ));
#900 = CARTESIAN_POINT('',(-5.375974446867,0.237554589185,
    -2.491089629079));
#901 = CARTESIAN_POINT('',(-5.4,0.118211566233,-2.5));
#902 = CARTESIAN_POINT('',(-5.4,3.1E-16,-2.5));
#903 = ORIENTED_EDGE('',*,*,#545,.T.);
#904 = ORIENTED_EDGE('',*,*,#867,.F.);
#905 = ORIENTED_EDGE('',*,*,#528,.F.);
#906 = ORIENTED_EDGE('',*,*,#907,.T.);
#907 = EDGE_CURVE('',#404,#412,#908,.T.);
#908 = B_SPLINE_CURVE_WITH_KNOTS('',3,(#909,#910,#911,#912,#913,#914,
    #915,#916,#917,#918,#919,#920,#921,#922,#923,#924,#925,#926),
  .UNSPECIFIED.,.F.,.F.,(4,2,2,2,2,2,2,2,4),(2.837843790587E-03,
    3.192493081427E-03,3.547142372267E-03,3.901791663107E-03,
    4.256440953947E-03,4.611090244787E-03,4.965739535627E-03,
    5.320388826467E-03,5.675038117307E-03),.UNSPECIFIED.);
#909 = CARTESIAN_POINT('',(-5.4,-0.,2.5));
#910 = CARTESIAN_POINT('',(-5.4,0.118184512544,2.5));
#911 = CARTESIAN_POINT('',(-5.37606634225,0.237436546736,2.491118584811)
  );
#912 = CARTESIAN_POINT('',(-5.285481687153,0.454848182251,2.460723683882
    ));
#913 = CARTESIAN_POINT('',(-5.219308786538,0.553565832997,2.439458476588
    ));
#914 = CARTESIAN_POINT('',(-5.052851588263,0.71985789098,2.395662206416)
  );
#915 = CARTESIAN_POINT('',(-4.954750668236,0.785597656907,2.373847402693
    ));
#916 = CARTESIAN_POINT('',(-4.736553802655,0.876358458195,2.341860589907
    ));
#917 = CARTESIAN_POINT('',(-4.61833754343,0.900036478916,2.332366681753)
  );
#918 = CARTESIAN_POINT('',(-4.381108234689,0.899963435761,2.332394867047
    ));
#919 = CARTESIAN_POINT('',(-4.262040780541,0.875872060452,2.342037765355
    ));
#920 = CARTESIAN_POINT('',(-4.045367334312,0.785547958877,2.373859129126
    ));
#921 = CARTESIAN_POINT('',(-3.946051656902,0.718859022657,2.395938906673
    ));
#922 = CARTESIAN_POINT('',(-3.781039180808,0.553816216577,2.439378842497
    ));
#923 = CARTESIAN_POINT('',(-3.714658164685,0.455201981046,2.460676424957
    ));
#924 = CARTESIAN_POINT('',(-3.62375293404,0.23698464347,2.49117955809));
#925 = CARTESIAN_POINT('',(-3.6,0.119989718495,2.5));
#926 = CARTESIAN_POINT('',(-3.6,0.,2.5));
#927 = ORIENTED_EDGE('',*,*,#519,.F.);
#928 = ORIENTED_EDGE('',*,*,#929,.T.);
#929 = EDGE_CURVE('',#520,#553,#930,.T.);
#930 = CIRCLE('',#931,2.5);
#931 = AXIS2_PLACEMENT_3D('',#932,#933,#934);
#932 = CARTESIAN_POINT('',(0.,0.,0.));
#933 = DIRECTION('',(-1.,0.,-0.));
#934 = DIRECTION('',(-0.,0.,1.));
#935 = ORIENTED_EDGE('',*,*,#552,.T.);
#936 = FACE_BOUND('',#937,.F.);
#937 = EDGE_LOOP('',(#938,#939));
#938 = ORIENTED_EDGE('',*,*,#271,.T.);
#939 = ORIENTED_EDGE('',*,*,#940,.T.);
#940 = EDGE_CURVE('',#264,#272,#941,.T.);
#941 = B_SPLINE_CURVE_WITH_KNOTS('',3,(#942,#943,#944,#945,#946,#947,
    #948,#949,#950,#951,#952,#953,#954,#955,#956,#957,#958,#959),
  .UNSPECIFIED.,.F.,.F.,(4,2,2,2,2,2,2,2,4),(0.,3.547180896983E-04,
    7.094361793967E-04,1.064154269095E-03,1.418872358793E-03,
    1.773590448492E-03,2.12830853819E-03,2.483026627888E-03,
    2.837744717587E-03),.UNSPECIFIED.);
#942 = CARTESIAN_POINT('',(-4.5,1.569900987672,-1.945613242375));
#943 = CARTESIAN_POINT('',(-4.379970641263,1.569900987672,
    -1.945613242375));
#944 = CARTESIAN_POINT('',(-4.262327379712,1.59022104206,-1.929639190748
    ));
#945 = CARTESIAN_POINT('',(-4.044891832547,1.663218869711,
    -1.867086864749));
#946 = CARTESIAN_POINT('',(-3.945777888885,1.715708745796,
    -1.820325203988));
#947 = CARTESIAN_POINT('',(-3.781248807657,1.835508342292,
    -1.699455640507));
#948 = CARTESIAN_POINT('',(-3.714369210094,1.903873666685,
    -1.623943376812));
#949 = CARTESIAN_POINT('',(-3.624198447512,2.038232755745,
    -1.451734914921));
#950 = CARTESIAN_POINT('',(-3.600056851397,2.105538934221,
    -1.353058655614));
#951 = CARTESIAN_POINT('',(-3.599943354716,2.224157322118,
    -1.147687298666));
#952 = CARTESIAN_POINT('',(-3.62353905497,2.27573902241,-1.040805789378)
  );
#953 = CARTESIAN_POINT('',(-3.714948315793,2.358856734354,
    -0.835499668532));
#954 = CARTESIAN_POINT('',(-3.78136456181,2.389617387418,-0.739612335542
    ));
#955 = CARTESIAN_POINT('',(-3.946838509195,2.43453050404,-0.574768553449
    ));
#956 = CARTESIAN_POINT('',(-4.046049898655,2.44867309742,-0.506240460086
    ));
#957 = CARTESIAN_POINT('',(-4.262498939383,2.466215991309,
    -0.412380923018));
#958 = CARTESIAN_POINT('',(-4.381809754535,2.469900987672,
    -0.386767515563));
#959 = CARTESIAN_POINT('',(-4.5,2.469900987672,-0.386767515563));
#960 = FACE_BOUND('',#961,.F.);
#961 = EDGE_LOOP('',(#962,#963));
#962 = ORIENTED_EDGE('',*,*,#341,.T.);
#963 = ORIENTED_EDGE('',*,*,#964,.T.);
#964 = EDGE_CURVE('',#334,#342,#965,.T.);
#965 = B_SPLINE_CURVE_WITH_KNOTS('',3,(#966,#967,#968,#969,#970,#971,
    #972,#973,#974,#975,#976,#977,#978,#979,#980,#981,#982,#983),
  .UNSPECIFIED.,.F.,.F.,(4,2,2,2,2,2,2,2,4),(0.,3.547180896983E-04,
    7.094361793967E-04,1.064154269095E-03,1.418872358793E-03,
    1.773590448492E-03,2.12830853819E-03,2.483026627888E-03,
    2.837744717587E-03),.UNSPECIFIED.);
#966 = CARTESIAN_POINT('',(-4.5,2.469900987672,0.386767515563));
#967 = CARTESIAN_POINT('',(-4.379970641263,2.469900987672,0.386767515563
    ));
#968 = CARTESIAN_POINT('',(-4.262327379712,2.466227080356,0.412352224682
    ));
#969 = CARTESIAN_POINT('',(-4.044891832547,2.448554090801,0.506846360849
    ));
#970 = CARTESIAN_POINT('',(-3.945777888885,2.434302242701,0.57568475736)
  );
#971 = CARTESIAN_POINT('',(-3.781248807657,2.38952592843,0.73986903303)
  );
#972 = CARTESIAN_POINT('',(-3.714369210094,2.35831305197,0.836831272539)
  );
#973 = CARTESIAN_POINT('',(-3.624198447512,2.276355693754,1.03929388784)
  );
#974 = CARTESIAN_POINT('',(-3.600056851397,2.224552635682,1.146920877885
    ));
#975 = CARTESIAN_POINT('',(-3.599943354716,2.106005017305,1.352333093634
    ));
#976 = CARTESIAN_POINT('',(-3.62353905497,2.039233765213,1.450444911102)
  );
#977 = CARTESIAN_POINT('',(-3.714948315793,1.902992304979,1.625080021573
    ));
#978 = CARTESIAN_POINT('',(-3.78136456181,1.83533176524,1.699663195058)
  );
#979 = CARTESIAN_POINT('',(-3.946838509195,1.715029420604,1.820980986062
    ));
#980 = CARTESIAN_POINT('',(-4.046049898655,1.662753647568,1.867492877886
    ));
#981 = CARTESIAN_POINT('',(-4.262498939383,1.590240351024,1.929615238184
    ));
#982 = CARTESIAN_POINT('',(-4.381809754535,1.569900987672,1.945613242375
    ));
#983 = CARTESIAN_POINT('',(-4.5,1.569900987672,1.945613242375));
#984 = CYLINDRICAL_SURFACE('',#985,2.5);
#985 = AXIS2_PLACEMENT_3D('',#986,#987,#988);
#986 = CARTESIAN_POINT('',(-5.8,0.,0.));
#987 = DIRECTION('',(-1.,-0.,-0.));
#988 = DIRECTION('',(-0.,0.,1.));
#989 = ADVANCED_FACE('',(#990,#994),#998,.T.);
#990 = FACE_BOUND('',#991,.T.);
#991 = EDGE_LOOP('',(#992,#993));
#992 = ORIENTED_EDGE('',*,*,#929,.T.);
#993 = ORIENTED_EDGE('',*,*,#560,.T.);
#994 = FACE_BOUND('',#995,.T.);
#995 = EDGE_LOOP('',(#996,#997));
#996 = ORIENTED_EDGE('',*,*,#753,.F.);
#997 = ORIENTED_EDGE('',*,*,#721,.F.);
#998 = PLANE('',#999);
#999 = AXIS2_PLACEMENT_3D('',#1000,#1001,#1002);
#1000 = CARTESIAN_POINT('',(4.E-17,-2.5,0.));
#1001 = DIRECTION('',(1.,0.,0.));
#1002 = DIRECTION('',(0.,0.,-1.));
#1003 = ADVANCED_FACE('',(#1004),#1010,.F.);
#1004 = FACE_BOUND('',#1005,.F.);
#1005 = EDGE_LOOP('',(#1006,#1007,#1008,#1009));
#1006 = ORIENTED_EDGE('',*,*,#907,.F.);
#1007 = ORIENTED_EDGE('',*,*,#401,.F.);
#1008 = ORIENTED_EDGE('',*,*,#678,.F.);
#1009 = ORIENTED_EDGE('',*,*,#434,.T.);
#1010 = CYLINDRICAL_SURFACE('',#1011,0.9);
#1011 = AXIS2_PLACEMENT_3D('',#1012,#1013,#1014);
#1012 = CARTESIAN_POINT('',(-4.5,-5.5E-16,0.));
#1013 = DIRECTION('',(-0.,-0.,-1.));
#1014 = DIRECTION('',(-1.,0.,0.));
#1015 = ADVANCED_FACE('',(#1016),#1022,.F.);
#1016 = FACE_BOUND('',#1017,.F.);
#1017 = EDGE_LOOP('',(#1018,#1019,#1020,#1021));
#1018 = ORIENTED_EDGE('',*,*,#964,.F.);
#1019 = ORIENTED_EDGE('',*,*,#331,.F.);
#1020 = ORIENTED_EDGE('',*,*,#576,.F.);
#1021 = ORIENTED_EDGE('',*,*,#364,.T.);
#1022 = CYLINDRICAL_SURFACE('',#1023,0.9);
#1023 = AXIS2_PLACEMENT_3D('',#1024,#1025,#1026);
#1024 = CARTESIAN_POINT('',(-4.5,-2.8E-16,4.8E-16));
#1025 = DIRECTION('',(-0.,-0.866025403784,-0.5));
#1026 = DIRECTION('',(0.,0.5,-0.866025403784));
#1027 = ADVANCED_FACE('',(#1028),#1034,.F.);
#1028 = FACE_BOUND('',#1029,.F.);
#1029 = EDGE_LOOP('',(#1030,#1031,#1032,#1033));
#1030 = ORIENTED_EDGE('',*,*,#940,.F.);
#1031 = ORIENTED_EDGE('',*,*,#261,.F.);
#1032 = ORIENTED_EDGE('',*,*,#598,.F.);
#1033 = ORIENTED_EDGE('',*,*,#294,.T.);
#1034 = CYLINDRICAL_SURFACE('',#1035,0.9);
#1035 = AXIS2_PLACEMENT_3D('',#1036,#1037,#1038);
#1036 = CARTESIAN_POINT('',(-4.5,2.8E-16,4.8E-16));
#1037 = DIRECTION('',(-0.,-0.866025403784,0.5));
#1038 = DIRECTION('',(0.,-0.5,-0.866025403784));
#1039 = ADVANCED_FACE('',(#1040),#1046,.F.);
#1040 = FACE_BOUND('',#1041,.F.);
#1041 = EDGE_LOOP('',(#1042,#1043,#1044,#1045));
#1042 = ORIENTED_EDGE('',*,*,#883,.F.);
#1043 = ORIENTED_EDGE('',*,*,#191,.F.);
#1044 = ORIENTED_EDGE('',*,*,#636,.F.);
#1045 = ORIENTED_EDGE('',*,*,#224,.T.);
#1046 = CYLINDRICAL_SURFACE('',#1047,0.9);
#1047 = AXIS2_PLACEMENT_3D('',#1048,#1049,#1050);
#1048 = CARTESIAN_POINT('',(-4.5,5.5E-16,0.));
#1049 = DIRECTION('',(-0.,-0.,1.));
#1050 = DIRECTION('',(1.,0.,0.));
#1051 = ADVANCED_FACE('',(#1052),#1058,.F.);
#1052 = FACE_BOUND('',#1053,.F.);
#1053 = EDGE_LOOP('',(#1054,#1055,#1056,#1057));
#1054 = ORIENTED_EDGE('',*,*,#472,.F.);
#1055 = ORIENTED_EDGE('',*,*,#121,.F.);
#1056 = ORIENTED_EDGE('',*,*,#836,.F.);
#1057 = ORIENTED_EDGE('',*,*,#154,.T.);
#1058 = CYLINDRICAL_SURFACE('',#1059,0.9);
#1059 = AXIS2_PLACEMENT_3D('',#1060,#1061,#1062);
#1060 = CARTESIAN_POINT('',(-4.5,2.8E-16,-4.8E-16));
#1061 = DIRECTION('',(-0.,0.866025403784,0.5));
#1062 = DIRECTION('',(0.,-0.5,0.866025403784));
#1063 = ADVANCED_FACE('',(#1064),#1070,.F.);
#1064 = FACE_BOUND('',#1065,.F.);
#1065 = EDGE_LOOP('',(#1066,#1067,#1068,#1069));
#1066 = ORIENTED_EDGE('',*,*,#496,.F.);
#1067 = ORIENTED_EDGE('',*,*,#51,.F.);
#1068 = ORIENTED_EDGE('',*,*,#814,.F.);
#1069 = ORIENTED_EDGE('',*,*,#84,.T.);
#1070 = CYLINDRICAL_SURFACE('',#1071,0.9);
#1071 = AXIS2_PLACEMENT_3D('',#1072,#1073,#1074);
#1072 = CARTESIAN_POINT('',(-4.5,-2.8E-16,-4.8E-16));
#1073 = DIRECTION('',(-0.,0.866025403784,-0.5));
#1074 = DIRECTION('',(0.,0.5,0.866025403784));
#1075 = ( GEOMETRIC_REPRESENTATION_CONTEXT(3) 
GLOBAL_UNCERTAINTY_ASSIGNED_CONTEXT((#1079)) 
GLOBAL_UNIT_ASSIGNED_CONTEXT((#1076,#1077,#1078)) REPRESENTATION_CONTEXT
('Context #1','3D Context with UNIT and UNCERTAINTY') );
#1076 = ( LENGTH_UNIT() NAMED_UNIT(*) SI_UNIT(.MILLI.,.METRE.) );
#1077 = ( NAMED_UNIT(*) PLANE_ANGLE_UNIT() SI_UNIT($,.RADIAN.) );
#1078 = ( NAMED_UNIT(*) SI_UNIT($,.STERADIAN.) SOLID_ANGLE_UNIT() );
#1079 = UNCERTAINTY_MEASURE_WITH_UNIT(LENGTH_MEASURE(2.E-04),#1076,
  'distance_accuracy_value','confusion accuracy');
#1080 = CONTEXT_DEPENDENT_SHAPE_REPRESENTATION(#1081,#1083);
#1081 = ( REPRESENTATION_RELATIONSHIP('','',#44,#10) 
REPRESENTATION_RELATIONSHIP_WITH_TRANSFORMATION(#1082) 
SHAPE_REPRESENTATION_RELATIONSHIP() );
#1082 = ITEM_DEFINED_TRANSFORMATION('','',#11,#15);
#1083 = PRODUCT_DEFINITION_SHAPE('Placement','Placement of an item',
  #1084);
#1084 = NEXT_ASSEMBLY_USAGE_OCCURRENCE('3','WedgeHolderV5Front','',#5,
  #39,$);
#1085 = PRODUCT_RELATED_PRODUCT_CATEGORY('part',$,(#41));
#1086 = SHAPE_DEFINITION_REPRESENTATION(#1087,#1093);
#1087 = PRODUCT_DEFINITION_SHAPE('','',#1088);
#1088 = PRODUCT_DEFINITION('design','',#1089,#1092);
#1089 = PRODUCT_DEFINITION_FORMATION('','',#1090);
#1090 = PRODUCT('S&KHolderV3','S&KHolderV3','',(#1091));
#1091 = PRODUCT_CONTEXT('',#2,'mechanical');
#1092 = PRODUCT_DEFINITION_CONTEXT('part definition',#2,'design');
#1093 = ADVANCED_BREP_SHAPE_REPRESENTATION('',(#11,#1094),#4688);
#1094 = MANIFOLD_SOLID_BREP('',#1095);
#1095 = CLOSED_SHELL('',(#1096,#1138,#1180,#1222,#1264,#1306,#1348,#1390
    ,#1432,#1488,#1544,#1600,#1656,#1834,#1948,#1981,#2095,#2128,#2161,
    #2217,#2277,#2317,#2357,#2397,#2457,#2498,#2529,#2570,#2601,#2633,
    #2664,#2705,#2727,#2768,#2799,#2850,#2898,#2930,#2978,#3029,#3051,
    #3084,#3124,#3164,#3195,#3287,#3314,#3355,#3393,#3424,#3465,#3496,
    #3528,#3555,#3586,#3627,#3649,#3661,#3673,#3756,#3778,#3800,#3831,
    #3855,#3879,#3896,#3908,#3920,#3932,#3944,#3956,#3968,#3980,#3992,
    #4004,#4076,#4113,#4150,#4167,#4198,#4228,#4258,#4295,#4332,#4349,
    #4380,#4410,#4440,#4457,#4474,#4491,#4516,#4528,#4545,#4562,#4579,
    #4604,#4616,#4628,#4640,#4652,#4664,#4676));
#1096 = ADVANCED_FACE('',(#1097),#1133,.F.);
#1097 = FACE_BOUND('',#1098,.F.);
#1098 = EDGE_LOOP('',(#1099,#1109,#1118,#1126));
#1099 = ORIENTED_EDGE('',*,*,#1100,.T.);
#1100 = EDGE_CURVE('',#1101,#1103,#1105,.T.);
#1101 = VERTEX_POINT('',#1102);
#1102 = CARTESIAN_POINT('',(-1.5,15.,18.35));
#1103 = VERTEX_POINT('',#1104);
#1104 = CARTESIAN_POINT('',(-5.,15.,18.35));
#1105 = LINE('',#1106,#1107);
#1106 = CARTESIAN_POINT('',(-5.,15.,18.35));
#1107 = VECTOR('',#1108,1.);
#1108 = DIRECTION('',(-1.,-0.,-0.));
#1109 = ORIENTED_EDGE('',*,*,#1110,.F.);
#1110 = EDGE_CURVE('',#1111,#1103,#1113,.T.);
#1111 = VERTEX_POINT('',#1112);
#1112 = CARTESIAN_POINT('',(-5.,15.,15.15));
#1113 = CIRCLE('',#1114,1.6);
#1114 = AXIS2_PLACEMENT_3D('',#1115,#1116,#1117);
#1115 = CARTESIAN_POINT('',(-5.,15.,16.75));
#1116 = DIRECTION('',(-1.,0.,-0.));
#1117 = DIRECTION('',(-0.,0.,1.));
#1118 = ORIENTED_EDGE('',*,*,#1119,.F.);
#1119 = EDGE_CURVE('',#1120,#1111,#1122,.T.);
#1120 = VERTEX_POINT('',#1121);
#1121 = CARTESIAN_POINT('',(-1.5,15.,15.15));
#1122 = LINE('',#1123,#1124);
#1123 = CARTESIAN_POINT('',(-5.,15.,15.15));
#1124 = VECTOR('',#1125,1.);
#1125 = DIRECTION('',(-1.,-0.,-0.));
#1126 = ORIENTED_EDGE('',*,*,#1127,.F.);
#1127 = EDGE_CURVE('',#1101,#1120,#1128,.T.);
#1128 = CIRCLE('',#1129,1.6);
#1129 = AXIS2_PLACEMENT_3D('',#1130,#1131,#1132);
#1130 = CARTESIAN_POINT('',(-1.5,15.,16.75));
#1131 = DIRECTION('',(1.,1.204669080539E-16,-0.));
#1132 = DIRECTION('',(-1.204669080539E-16,1.,0.));
#1133 = CYLINDRICAL_SURFACE('',#1134,1.6);
#1134 = AXIS2_PLACEMENT_3D('',#1135,#1136,#1137);
#1135 = CARTESIAN_POINT('',(-5.,15.,16.75));
#1136 = DIRECTION('',(-1.,-0.,-0.));
#1137 = DIRECTION('',(-0.,0.,1.));
#1138 = ADVANCED_FACE('',(#1139),#1175,.F.);
#1139 = FACE_BOUND('',#1140,.F.);
#1140 = EDGE_LOOP('',(#1141,#1151,#1160,#1168));
#1141 = ORIENTED_EDGE('',*,*,#1142,.T.);
#1142 = EDGE_CURVE('',#1143,#1145,#1147,.T.);
#1143 = VERTEX_POINT('',#1144);
#1144 = CARTESIAN_POINT('',(5.,15.,18.35));
#1145 = VERTEX_POINT('',#1146);
#1146 = CARTESIAN_POINT('',(1.5,15.,18.35));
#1147 = LINE('',#1148,#1149);
#1148 = CARTESIAN_POINT('',(-5.,15.,18.35));
#1149 = VECTOR('',#1150,1.);
#1150 = DIRECTION('',(-1.,-0.,-0.));
#1151 = ORIENTED_EDGE('',*,*,#1152,.F.);
#1152 = EDGE_CURVE('',#1153,#1145,#1155,.T.);
#1153 = VERTEX_POINT('',#1154);
#1154 = CARTESIAN_POINT('',(1.5,15.,15.15));
#1155 = CIRCLE('',#1156,1.6);
#1156 = AXIS2_PLACEMENT_3D('',#1157,#1158,#1159);
#1157 = CARTESIAN_POINT('',(1.5,15.,16.75));
#1158 = DIRECTION('',(-1.,0.,0.));
#1159 = DIRECTION('',(0.,0.,1.));
#1160 = ORIENTED_EDGE('',*,*,#1161,.F.);
#1161 = EDGE_CURVE('',#1162,#1153,#1164,.T.);
#1162 = VERTEX_POINT('',#1163);
#1163 = CARTESIAN_POINT('',(5.,15.,15.15));
#1164 = LINE('',#1165,#1166);
#1165 = CARTESIAN_POINT('',(-5.,15.,15.15));
#1166 = VECTOR('',#1167,1.);
#1167 = DIRECTION('',(-1.,-0.,-0.));
#1168 = ORIENTED_EDGE('',*,*,#1169,.F.);
#1169 = EDGE_CURVE('',#1143,#1162,#1170,.T.);
#1170 = CIRCLE('',#1171,1.6);
#1171 = AXIS2_PLACEMENT_3D('',#1172,#1173,#1174);
#1172 = CARTESIAN_POINT('',(5.,15.,16.75));
#1173 = DIRECTION('',(1.,1.734723475977E-16,-0.));
#1174 = DIRECTION('',(-1.734723475977E-16,1.,0.));
#1175 = CYLINDRICAL_SURFACE('',#1176,1.6);
#1176 = AXIS2_PLACEMENT_3D('',#1177,#1178,#1179);
#1177 = CARTESIAN_POINT('',(-5.,15.,16.75));
#1178 = DIRECTION('',(-1.,-0.,-0.));
#1179 = DIRECTION('',(-0.,0.,1.));
#1180 = ADVANCED_FACE('',(#1181),#1217,.F.);
#1181 = FACE_BOUND('',#1182,.F.);
#1182 = EDGE_LOOP('',(#1183,#1193,#1202,#1210));
#1183 = ORIENTED_EDGE('',*,*,#1184,.T.);
#1184 = EDGE_CURVE('',#1185,#1187,#1189,.T.);
#1185 = VERTEX_POINT('',#1186);
#1186 = CARTESIAN_POINT('',(-1.5,15.,26.85));
#1187 = VERTEX_POINT('',#1188);
#1188 = CARTESIAN_POINT('',(-5.,15.,26.85));
#1189 = LINE('',#1190,#1191);
#1190 = CARTESIAN_POINT('',(-5.,15.,26.85));
#1191 = VECTOR('',#1192,1.);
#1192 = DIRECTION('',(-1.,-0.,-0.));
#1193 = ORIENTED_EDGE('',*,*,#1194,.F.);
#1194 = EDGE_CURVE('',#1195,#1187,#1197,.T.);
#1195 = VERTEX_POINT('',#1196);
#1196 = CARTESIAN_POINT('',(-5.,15.,23.65));
#1197 = CIRCLE('',#1198,1.6);
#1198 = AXIS2_PLACEMENT_3D('',#1199,#1200,#1201);
#1199 = CARTESIAN_POINT('',(-5.,15.,25.25));
#1200 = DIRECTION('',(-1.,0.,-0.));
#1201 = DIRECTION('',(-0.,0.,1.));
#1202 = ORIENTED_EDGE('',*,*,#1203,.F.);
#1203 = EDGE_CURVE('',#1204,#1195,#1206,.T.);
#1204 = VERTEX_POINT('',#1205);
#1205 = CARTESIAN_POINT('',(-1.5,15.,23.65));
#1206 = LINE('',#1207,#1208);
#1207 = CARTESIAN_POINT('',(-5.,15.,23.65));
#1208 = VECTOR('',#1209,1.);
#1209 = DIRECTION('',(-1.,-0.,-0.));
#1210 = ORIENTED_EDGE('',*,*,#1211,.F.);
#1211 = EDGE_CURVE('',#1185,#1204,#1212,.T.);
#1212 = CIRCLE('',#1213,1.6);
#1213 = AXIS2_PLACEMENT_3D('',#1214,#1215,#1216);
#1214 = CARTESIAN_POINT('',(-1.5,15.,25.25));
#1215 = DIRECTION('',(1.,1.204669080539E-16,-0.));
#1216 = DIRECTION('',(-1.204669080539E-16,1.,0.));
#1217 = CYLINDRICAL_SURFACE('',#1218,1.6);
#1218 = AXIS2_PLACEMENT_3D('',#1219,#1220,#1221);
#1219 = CARTESIAN_POINT('',(-5.,15.,25.25));
#1220 = DIRECTION('',(-1.,-0.,-0.));
#1221 = DIRECTION('',(-0.,0.,1.));
#1222 = ADVANCED_FACE('',(#1223),#1259,.F.);
#1223 = FACE_BOUND('',#1224,.F.);
#1224 = EDGE_LOOP('',(#1225,#1235,#1244,#1252));
#1225 = ORIENTED_EDGE('',*,*,#1226,.T.);
#1226 = EDGE_CURVE('',#1227,#1229,#1231,.T.);
#1227 = VERTEX_POINT('',#1228);
#1228 = CARTESIAN_POINT('',(5.,15.,26.85));
#1229 = VERTEX_POINT('',#1230);
#1230 = CARTESIAN_POINT('',(1.5,15.,26.85));
#1231 = LINE('',#1232,#1233);
#1232 = CARTESIAN_POINT('',(-5.,15.,26.85));
#1233 = VECTOR('',#1234,1.);
#1234 = DIRECTION('',(-1.,-0.,-0.));
#1235 = ORIENTED_EDGE('',*,*,#1236,.F.);
#1236 = EDGE_CURVE('',#1237,#1229,#1239,.T.);
#1237 = VERTEX_POINT('',#1238);
#1238 = CARTESIAN_POINT('',(1.5,15.,23.65));
#1239 = CIRCLE('',#1240,1.6);
#1240 = AXIS2_PLACEMENT_3D('',#1241,#1242,#1243);
#1241 = CARTESIAN_POINT('',(1.5,15.,25.25));
#1242 = DIRECTION('',(-1.,0.,0.));
#1243 = DIRECTION('',(0.,0.,1.));
#1244 = ORIENTED_EDGE('',*,*,#1245,.F.);
#1245 = EDGE_CURVE('',#1246,#1237,#1248,.T.);
#1246 = VERTEX_POINT('',#1247);
#1247 = CARTESIAN_POINT('',(5.,15.,23.65));
#1248 = LINE('',#1249,#1250);
#1249 = CARTESIAN_POINT('',(-5.,15.,23.65));
#1250 = VECTOR('',#1251,1.);
#1251 = DIRECTION('',(-1.,-0.,-0.));
#1252 = ORIENTED_EDGE('',*,*,#1253,.F.);
#1253 = EDGE_CURVE('',#1227,#1246,#1254,.T.);
#1254 = CIRCLE('',#1255,1.6);
#1255 = AXIS2_PLACEMENT_3D('',#1256,#1257,#1258);
#1256 = CARTESIAN_POINT('',(5.,15.,25.25));
#1257 = DIRECTION('',(1.,1.734723475977E-16,-0.));
#1258 = DIRECTION('',(-1.734723475977E-16,1.,0.));
#1259 = CYLINDRICAL_SURFACE('',#1260,1.6);
#1260 = AXIS2_PLACEMENT_3D('',#1261,#1262,#1263);
#1261 = CARTESIAN_POINT('',(-5.,15.,25.25));
#1262 = DIRECTION('',(-1.,-0.,-0.));
#1263 = DIRECTION('',(-0.,0.,1.));
#1264 = ADVANCED_FACE('',(#1265),#1301,.F.);
#1265 = FACE_BOUND('',#1266,.F.);
#1266 = EDGE_LOOP('',(#1267,#1277,#1286,#1294));
#1267 = ORIENTED_EDGE('',*,*,#1268,.T.);
#1268 = EDGE_CURVE('',#1269,#1271,#1273,.T.);
#1269 = VERTEX_POINT('',#1270);
#1270 = CARTESIAN_POINT('',(5.,15.,9.85));
#1271 = VERTEX_POINT('',#1272);
#1272 = CARTESIAN_POINT('',(1.5,15.,9.85));
#1273 = LINE('',#1274,#1275);
#1274 = CARTESIAN_POINT('',(-5.,15.,9.85));
#1275 = VECTOR('',#1276,1.);
#1276 = DIRECTION('',(-1.,-0.,-0.));
#1277 = ORIENTED_EDGE('',*,*,#1278,.F.);
#1278 = EDGE_CURVE('',#1279,#1271,#1281,.T.);
#1279 = VERTEX_POINT('',#1280);
#1280 = CARTESIAN_POINT('',(1.5,15.,6.65));
#1281 = CIRCLE('',#1282,1.6);
#1282 = AXIS2_PLACEMENT_3D('',#1283,#1284,#1285);
#1283 = CARTESIAN_POINT('',(1.5,15.,8.25));
#1284 = DIRECTION('',(-1.,0.,0.));
#1285 = DIRECTION('',(0.,0.,1.));
#1286 = ORIENTED_EDGE('',*,*,#1287,.F.);
#1287 = EDGE_CURVE('',#1288,#1279,#1290,.T.);
#1288 = VERTEX_POINT('',#1289);
#1289 = CARTESIAN_POINT('',(5.,15.,6.65));
#1290 = LINE('',#1291,#1292);
#1291 = CARTESIAN_POINT('',(-5.,15.,6.65));
#1292 = VECTOR('',#1293,1.);
#1293 = DIRECTION('',(-1.,-0.,-0.));
#1294 = ORIENTED_EDGE('',*,*,#1295,.F.);
#1295 = EDGE_CURVE('',#1269,#1288,#1296,.T.);
#1296 = CIRCLE('',#1297,1.6);
#1297 = AXIS2_PLACEMENT_3D('',#1298,#1299,#1300);
#1298 = CARTESIAN_POINT('',(5.,15.,8.25));
#1299 = DIRECTION('',(1.,1.734723475977E-16,-0.));
#1300 = DIRECTION('',(-1.734723475977E-16,1.,0.));
#1301 = CYLINDRICAL_SURFACE('',#1302,1.6);
#1302 = AXIS2_PLACEMENT_3D('',#1303,#1304,#1305);
#1303 = CARTESIAN_POINT('',(-5.,15.,8.25));
#1304 = DIRECTION('',(-1.,-0.,-0.));
#1305 = DIRECTION('',(-0.,0.,1.));
#1306 = ADVANCED_FACE('',(#1307),#1343,.F.);
#1307 = FACE_BOUND('',#1308,.F.);
#1308 = EDGE_LOOP('',(#1309,#1319,#1328,#1336));
#1309 = ORIENTED_EDGE('',*,*,#1310,.T.);
#1310 = EDGE_CURVE('',#1311,#1313,#1315,.T.);
#1311 = VERTEX_POINT('',#1312);
#1312 = CARTESIAN_POINT('',(-1.5,15.,9.85));
#1313 = VERTEX_POINT('',#1314);
#1314 = CARTESIAN_POINT('',(-5.,15.,9.85));
#1315 = LINE('',#1316,#1317);
#1316 = CARTESIAN_POINT('',(-5.,15.,9.85));
#1317 = VECTOR('',#1318,1.);
#1318 = DIRECTION('',(-1.,-0.,-0.));
#1319 = ORIENTED_EDGE('',*,*,#1320,.F.);
#1320 = EDGE_CURVE('',#1321,#1313,#1323,.T.);
#1321 = VERTEX_POINT('',#1322);
#1322 = CARTESIAN_POINT('',(-5.,15.,6.65));
#1323 = CIRCLE('',#1324,1.6);
#1324 = AXIS2_PLACEMENT_3D('',#1325,#1326,#1327);
#1325 = CARTESIAN_POINT('',(-5.,15.,8.25));
#1326 = DIRECTION('',(-1.,0.,-0.));
#1327 = DIRECTION('',(-0.,0.,1.));
#1328 = ORIENTED_EDGE('',*,*,#1329,.F.);
#1329 = EDGE_CURVE('',#1330,#1321,#1332,.T.);
#1330 = VERTEX_POINT('',#1331);
#1331 = CARTESIAN_POINT('',(-1.5,15.,6.65));
#1332 = LINE('',#1333,#1334);
#1333 = CARTESIAN_POINT('',(-5.,15.,6.65));
#1334 = VECTOR('',#1335,1.);
#1335 = DIRECTION('',(-1.,-0.,-0.));
#1336 = ORIENTED_EDGE('',*,*,#1337,.F.);
#1337 = EDGE_CURVE('',#1311,#1330,#1338,.T.);
#1338 = CIRCLE('',#1339,1.6);
#1339 = AXIS2_PLACEMENT_3D('',#1340,#1341,#1342);
#1340 = CARTESIAN_POINT('',(-1.5,15.,8.25));
#1341 = DIRECTION('',(1.,1.204669080539E-16,-0.));
#1342 = DIRECTION('',(-1.204669080539E-16,1.,0.));
#1343 = CYLINDRICAL_SURFACE('',#1344,1.6);
#1344 = AXIS2_PLACEMENT_3D('',#1345,#1346,#1347);
#1345 = CARTESIAN_POINT('',(-5.,15.,8.25));
#1346 = DIRECTION('',(-1.,-0.,-0.));
#1347 = DIRECTION('',(-0.,0.,1.));
#1348 = ADVANCED_FACE('',(#1349),#1385,.F.);
#1349 = FACE_BOUND('',#1350,.F.);
#1350 = EDGE_LOOP('',(#1351,#1361,#1370,#1378));
#1351 = ORIENTED_EDGE('',*,*,#1352,.T.);
#1352 = EDGE_CURVE('',#1353,#1355,#1357,.T.);
#1353 = VERTEX_POINT('',#1354);
#1354 = CARTESIAN_POINT('',(5.,15.,-5.65));
#1355 = VERTEX_POINT('',#1356);
#1356 = CARTESIAN_POINT('',(1.5,15.,-5.65));
#1357 = LINE('',#1358,#1359);
#1358 = CARTESIAN_POINT('',(-5.,15.,-5.65));
#1359 = VECTOR('',#1360,1.);
#1360 = DIRECTION('',(-1.,-0.,-0.));
#1361 = ORIENTED_EDGE('',*,*,#1362,.F.);
#1362 = EDGE_CURVE('',#1363,#1355,#1365,.T.);
#1363 = VERTEX_POINT('',#1364);
#1364 = CARTESIAN_POINT('',(1.5,15.,-8.85));
#1365 = CIRCLE('',#1366,1.6);
#1366 = AXIS2_PLACEMENT_3D('',#1367,#1368,#1369);
#1367 = CARTESIAN_POINT('',(1.5,15.,-7.25));
#1368 = DIRECTION('',(-1.,0.,0.));
#1369 = DIRECTION('',(0.,0.,1.));
#1370 = ORIENTED_EDGE('',*,*,#1371,.F.);
#1371 = EDGE_CURVE('',#1372,#1363,#1374,.T.);
#1372 = VERTEX_POINT('',#1373);
#1373 = CARTESIAN_POINT('',(5.,15.,-8.85));
#1374 = LINE('',#1375,#1376);
#1375 = CARTESIAN_POINT('',(-5.,15.,-8.85));
#1376 = VECTOR('',#1377,1.);
#1377 = DIRECTION('',(-1.,-0.,-0.));
#1378 = ORIENTED_EDGE('',*,*,#1379,.F.);
#1379 = EDGE_CURVE('',#1353,#1372,#1380,.T.);
#1380 = CIRCLE('',#1381,1.6);
#1381 = AXIS2_PLACEMENT_3D('',#1382,#1383,#1384);
#1382 = CARTESIAN_POINT('',(5.,15.,-7.25));
#1383 = DIRECTION('',(1.,1.734723475977E-16,-0.));
#1384 = DIRECTION('',(-1.734723475977E-16,1.,0.));
#1385 = CYLINDRICAL_SURFACE('',#1386,1.6);
#1386 = AXIS2_PLACEMENT_3D('',#1387,#1388,#1389);
#1387 = CARTESIAN_POINT('',(-5.,15.,-7.25));
#1388 = DIRECTION('',(-1.,-0.,-0.));
#1389 = DIRECTION('',(-0.,0.,1.));
#1390 = ADVANCED_FACE('',(#1391),#1427,.F.);
#1391 = FACE_BOUND('',#1392,.F.);
#1392 = EDGE_LOOP('',(#1393,#1403,#1412,#1420));
#1393 = ORIENTED_EDGE('',*,*,#1394,.T.);
#1394 = EDGE_CURVE('',#1395,#1397,#1399,.T.);
#1395 = VERTEX_POINT('',#1396);
#1396 = CARTESIAN_POINT('',(-1.5,15.,-5.65));
#1397 = VERTEX_POINT('',#1398);
#1398 = CARTESIAN_POINT('',(-5.,15.,-5.65));
#1399 = LINE('',#1400,#1401);
#1400 = CARTESIAN_POINT('',(-5.,15.,-5.65));
#1401 = VECTOR('',#1402,1.);
#1402 = DIRECTION('',(-1.,-0.,-0.));
#1403 = ORIENTED_EDGE('',*,*,#1404,.F.);
#1404 = EDGE_CURVE('',#1405,#1397,#1407,.T.);
#1405 = VERTEX_POINT('',#1406);
#1406 = CARTESIAN_POINT('',(-5.,15.,-8.85));
#1407 = CIRCLE('',#1408,1.6);
#1408 = AXIS2_PLACEMENT_3D('',#1409,#1410,#1411);
#1409 = CARTESIAN_POINT('',(-5.,15.,-7.25));
#1410 = DIRECTION('',(-1.,0.,-0.));
#1411 = DIRECTION('',(-0.,0.,1.));
#1412 = ORIENTED_EDGE('',*,*,#1413,.F.);
#1413 = EDGE_CURVE('',#1414,#1405,#1416,.T.);
#1414 = VERTEX_POINT('',#1415);
#1415 = CARTESIAN_POINT('',(-1.5,15.,-8.85));
#1416 = LINE('',#1417,#1418);
#1417 = CARTESIAN_POINT('',(-5.,15.,-8.85));
#1418 = VECTOR('',#1419,1.);
#1419 = DIRECTION('',(-1.,-0.,-0.));
#1420 = ORIENTED_EDGE('',*,*,#1421,.F.);
#1421 = EDGE_CURVE('',#1395,#1414,#1422,.T.);
#1422 = CIRCLE('',#1423,1.6);
#1423 = AXIS2_PLACEMENT_3D('',#1424,#1425,#1426);
#1424 = CARTESIAN_POINT('',(-1.5,15.,-7.25));
#1425 = DIRECTION('',(1.,1.204669080539E-16,-0.));
#1426 = DIRECTION('',(-1.204669080539E-16,1.,0.));
#1427 = CYLINDRICAL_SURFACE('',#1428,1.6);
#1428 = AXIS2_PLACEMENT_3D('',#1429,#1430,#1431);
#1429 = CARTESIAN_POINT('',(-5.,15.,-7.25));
#1430 = DIRECTION('',(-1.,-0.,-0.));
#1431 = DIRECTION('',(-0.,0.,1.));
#1432 = ADVANCED_FACE('',(#1433),#1483,.F.);
#1433 = FACE_BOUND('',#1434,.F.);
#1434 = EDGE_LOOP('',(#1435,#1445,#1468,#1476));
#1435 = ORIENTED_EDGE('',*,*,#1436,.T.);
#1436 = EDGE_CURVE('',#1437,#1439,#1441,.T.);
#1437 = VERTEX_POINT('',#1438);
#1438 = CARTESIAN_POINT('',(7.5,3.175426480543,-1.25));
#1439 = VERTEX_POINT('',#1440);
#1440 = CARTESIAN_POINT('',(5.62347538298,2.092014487765,-1.25));
#1441 = LINE('',#1442,#1443);
#1442 = CARTESIAN_POINT('',(13.91922863406,6.881569860407,-1.25));
#1443 = VECTOR('',#1444,1.);
#1444 = DIRECTION('',(-0.866025403784,-0.5,0.));
#1445 = ORIENTED_EDGE('',*,*,#1446,.F.);
#1446 = EDGE_CURVE('',#1447,#1439,#1449,.T.);
#1447 = VERTEX_POINT('',#1448);
#1448 = CARTESIAN_POINT('',(4.62347538298,3.824065295334,-1.25));
#1449 = B_SPLINE_CURVE_WITH_KNOTS('',3,(#1450,#1451,#1452,#1453,#1454,
    #1455,#1456,#1457,#1458,#1459,#1460,#1461,#1462,#1463,#1464,#1465,
    #1466,#1467),.UNSPECIFIED.,.F.,.F.,(4,2,2,2,2,2,2,2,4),(
    3.131918686236E-03,3.52331066225E-03,3.914702638265E-03,
    4.306094614279E-03,4.697486590293E-03,5.088878566307E-03,
    5.480270542322E-03,5.871662518336E-03,6.26305449435E-03),
  .UNSPECIFIED.);
#1450 = CARTESIAN_POINT('',(4.62347538298,3.824065295334,-1.25));
#1451 = CARTESIAN_POINT('',(4.62347538298,3.824065295334,-1.380616955321
    ));
#1452 = CARTESIAN_POINT('',(4.640600149827,3.803600573787,
    -1.512398918056));
#1453 = CARTESIAN_POINT('',(4.703926418761,3.724999774815,
    -1.753120489024));
#1454 = CARTESIAN_POINT('',(4.750587202462,3.666132190678,
    -1.864425215719));
#1455 = CARTESIAN_POINT('',(4.861643984564,3.517530635983,
    -2.048882422479));
#1456 = CARTESIAN_POINT('',(4.926281358852,3.427316374288,
    -2.123037790271));
#1457 = CARTESIAN_POINT('',(5.060918420068,3.225189963623,
    -2.223778239433));
#1458 = CARTESIAN_POINT('',(5.129773055372,3.114945777989,
    -2.249920023563));
#1459 = CARTESIAN_POINT('',(5.261927839575,2.886100173339,
    -2.250079611745));
#1460 = CARTESIAN_POINT('',(5.323126068187,2.771103254338,
    -2.223980201222));
#1461 = CARTESIAN_POINT('',(5.430672901603,2.553913902193,
    -2.123806827147));
#1462 = CARTESIAN_POINT('',(5.476732297424,2.452345779124,
    -2.049520541027));
#1463 = CARTESIAN_POINT('',(5.54989077814,2.281952854193,-1.865617326986
    ));
#1464 = CARTESIAN_POINT('',(5.57765413285,2.21186260094,-1.75428920362)
  );
#1465 = CARTESIAN_POINT('',(5.614174886798,2.117451801478,
    -1.513826032056));
#1466 = CARTESIAN_POINT('',(5.62347538298,2.092014487765,-1.382360785839
    ));
#1467 = CARTESIAN_POINT('',(5.62347538298,2.092014487765,-1.25));
#1468 = ORIENTED_EDGE('',*,*,#1469,.F.);
#1469 = EDGE_CURVE('',#1470,#1447,#1472,.T.);
#1470 = VERTEX_POINT('',#1471);
#1471 = CARTESIAN_POINT('',(7.5,5.484827557301,-1.25));
#1472 = LINE('',#1473,#1474);
#1473 = CARTESIAN_POINT('',(12.91922863406,8.613620667976,-1.25));
#1474 = VECTOR('',#1475,1.);
#1475 = DIRECTION('',(-0.866025403784,-0.5,0.));
#1476 = ORIENTED_EDGE('',*,*,#1477,.T.);
#1477 = EDGE_CURVE('',#1470,#1437,#1478,.T.);
#1478 = ( BOUNDED_CURVE() B_SPLINE_CURVE(3,(#1479,#1480,#1481,#1482),
.UNSPECIFIED.,.F.,.F.) B_SPLINE_CURVE_WITH_KNOTS((4,4),(3.14159265359,
6.28318530718),.PIECEWISE_BEZIER_KNOTS.) CURVE() 
GEOMETRIC_REPRESENTATION_ITEM() RATIONAL_B_SPLINE_CURVE((1.,
0.333333333333,0.333333333333,1.)) REPRESENTATION_ITEM('') );
#1479 = CARTESIAN_POINT('',(7.5,5.484827557301,-1.25));
#1480 = CARTESIAN_POINT('',(7.5,5.484827557301,-3.25));
#1481 = CARTESIAN_POINT('',(7.5,3.175426480543,-3.25));
#1482 = CARTESIAN_POINT('',(7.5,3.175426480543,-1.25));
#1483 = CYLINDRICAL_SURFACE('',#1484,1.);
#1484 = AXIS2_PLACEMENT_3D('',#1485,#1486,#1487);
#1485 = CARTESIAN_POINT('',(13.41922863406,7.747595264192,-1.25));
#1486 = DIRECTION('',(-0.866025403784,-0.5,0.));
#1487 = DIRECTION('',(0.5,-0.866025403784,0.));
#1488 = ADVANCED_FACE('',(#1489),#1539,.F.);
#1489 = FACE_BOUND('',#1490,.F.);
#1490 = EDGE_LOOP('',(#1491,#1501,#1524,#1532));
#1491 = ORIENTED_EDGE('',*,*,#1492,.T.);
#1492 = EDGE_CURVE('',#1493,#1495,#1497,.T.);
#1493 = VERTEX_POINT('',#1494);
#1494 = CARTESIAN_POINT('',(7.5,3.175426480543,9.05));
#1495 = VERTEX_POINT('',#1496);
#1496 = CARTESIAN_POINT('',(5.62347538298,2.092014487765,9.05));
#1497 = LINE('',#1498,#1499);
#1498 = CARTESIAN_POINT('',(13.91922863406,6.881569860407,9.05));
#1499 = VECTOR('',#1500,1.);
#1500 = DIRECTION('',(-0.866025403784,-0.5,0.));
#1501 = ORIENTED_EDGE('',*,*,#1502,.F.);
#1502 = EDGE_CURVE('',#1503,#1495,#1505,.T.);
#1503 = VERTEX_POINT('',#1504);
#1504 = CARTESIAN_POINT('',(4.62347538298,3.824065295334,9.05));
#1505 = B_SPLINE_CURVE_WITH_KNOTS('',3,(#1506,#1507,#1508,#1509,#1510,
    #1511,#1512,#1513,#1514,#1515,#1516,#1517,#1518,#1519,#1520,#1521,
    #1522,#1523),.UNSPECIFIED.,.F.,.F.,(4,2,2,2,2,2,2,2,4),(
    3.131918686236E-03,3.52331066225E-03,3.914702638265E-03,
    4.306094614279E-03,4.697486590293E-03,5.088878566307E-03,
    5.480270542322E-03,5.871662518336E-03,6.26305449435E-03),
  .UNSPECIFIED.);
#1506 = CARTESIAN_POINT('',(4.62347538298,3.824065295334,9.05));
#1507 = CARTESIAN_POINT('',(4.62347538298,3.824065295334,8.919383044679)
  );
#1508 = CARTESIAN_POINT('',(4.640600149827,3.803600573787,8.787601081944
    ));
#1509 = CARTESIAN_POINT('',(4.703926418761,3.724999774815,8.546879510976
    ));
#1510 = CARTESIAN_POINT('',(4.750587202462,3.666132190678,8.435574784281
    ));
#1511 = CARTESIAN_POINT('',(4.861643984564,3.517530635983,8.251117577521
    ));
#1512 = CARTESIAN_POINT('',(4.926281358852,3.427316374288,8.176962209729
    ));
#1513 = CARTESIAN_POINT('',(5.060918420068,3.225189963623,8.076221760567
    ));
#1514 = CARTESIAN_POINT('',(5.129773055372,3.114945777989,8.050079976437
    ));
#1515 = CARTESIAN_POINT('',(5.261927839575,2.886100173339,8.049920388255
    ));
#1516 = CARTESIAN_POINT('',(5.323126068187,2.771103254338,8.076019798778
    ));
#1517 = CARTESIAN_POINT('',(5.430672901603,2.553913902193,8.176193172853
    ));
#1518 = CARTESIAN_POINT('',(5.476732297424,2.452345779124,8.250479458973
    ));
#1519 = CARTESIAN_POINT('',(5.54989077814,2.281952854193,8.434382673014)
  );
#1520 = CARTESIAN_POINT('',(5.57765413285,2.21186260094,8.54571079638));
#1521 = CARTESIAN_POINT('',(5.614174886798,2.117451801478,8.786173967944
    ));
#1522 = CARTESIAN_POINT('',(5.62347538298,2.092014487765,8.917639214161)
  );
#1523 = CARTESIAN_POINT('',(5.62347538298,2.092014487765,9.05));
#1524 = ORIENTED_EDGE('',*,*,#1525,.F.);
#1525 = EDGE_CURVE('',#1526,#1503,#1528,.T.);
#1526 = VERTEX_POINT('',#1527);
#1527 = CARTESIAN_POINT('',(7.5,5.484827557301,9.05));
#1528 = LINE('',#1529,#1530);
#1529 = CARTESIAN_POINT('',(12.91922863406,8.613620667976,9.05));
#1530 = VECTOR('',#1531,1.);
#1531 = DIRECTION('',(-0.866025403784,-0.5,0.));
#1532 = ORIENTED_EDGE('',*,*,#1533,.T.);
#1533 = EDGE_CURVE('',#1526,#1493,#1534,.T.);
#1534 = ( BOUNDED_CURVE() B_SPLINE_CURVE(3,(#1535,#1536,#1537,#1538),
.UNSPECIFIED.,.F.,.F.) B_SPLINE_CURVE_WITH_KNOTS((4,4),(3.14159265359,
6.28318530718),.PIECEWISE_BEZIER_KNOTS.) CURVE() 
GEOMETRIC_REPRESENTATION_ITEM() RATIONAL_B_SPLINE_CURVE((1.,
0.333333333333,0.333333333333,1.)) REPRESENTATION_ITEM('') );
#1535 = CARTESIAN_POINT('',(7.5,5.484827557301,9.05));
#1536 = CARTESIAN_POINT('',(7.5,5.484827557301,7.05));
#1537 = CARTESIAN_POINT('',(7.5,3.175426480543,7.05));
#1538 = CARTESIAN_POINT('',(7.5,3.175426480543,9.05));
#1539 = CYLINDRICAL_SURFACE('',#1540,1.);
#1540 = AXIS2_PLACEMENT_3D('',#1541,#1542,#1543);
#1541 = CARTESIAN_POINT('',(13.41922863406,7.747595264192,9.05));
#1542 = DIRECTION('',(-0.866025403784,-0.5,0.));
#1543 = DIRECTION('',(0.5,-0.866025403784,0.));
#1544 = ADVANCED_FACE('',(#1545),#1595,.F.);
#1545 = FACE_BOUND('',#1546,.F.);
#1546 = EDGE_LOOP('',(#1547,#1557,#1580,#1588));
#1547 = ORIENTED_EDGE('',*,*,#1548,.T.);
#1548 = EDGE_CURVE('',#1549,#1551,#1553,.T.);
#1549 = VERTEX_POINT('',#1550);
#1550 = CARTESIAN_POINT('',(-7.5,5.484827557301,-1.25));
#1551 = VERTEX_POINT('',#1552);
#1552 = CARTESIAN_POINT('',(-4.62347538298,3.824065295334,-1.25));
#1553 = LINE('',#1554,#1555);
#1554 = CARTESIAN_POINT('',(-12.91922863406,8.613620667976,-1.25));
#1555 = VECTOR('',#1556,1.);
#1556 = DIRECTION('',(0.866025403784,-0.5,0.));
#1557 = ORIENTED_EDGE('',*,*,#1558,.F.);
#1558 = EDGE_CURVE('',#1559,#1551,#1561,.T.);
#1559 = VERTEX_POINT('',#1560);
#1560 = CARTESIAN_POINT('',(-5.62347538298,2.092014487765,-1.25));
#1561 = B_SPLINE_CURVE_WITH_KNOTS('',3,(#1562,#1563,#1564,#1565,#1566,
    #1567,#1568,#1569,#1570,#1571,#1572,#1573,#1574,#1575,#1576,#1577,
    #1578,#1579),.UNSPECIFIED.,.F.,.F.,(4,2,2,2,2,2,2,2,4),(
    3.131918686236E-03,3.52331066225E-03,3.914702638265E-03,
    4.306094614279E-03,4.697486590293E-03,5.088878566307E-03,
    5.480270542322E-03,5.871662518336E-03,6.26305449435E-03),
  .UNSPECIFIED.);
#1562 = CARTESIAN_POINT('',(-5.62347538298,2.092014487765,-1.25));
#1563 = CARTESIAN_POINT('',(-5.62347538298,2.092014487765,
    -1.380616955321));
#1564 = CARTESIAN_POINT('',(-5.614314797662,2.117077331663,
    -1.512398918056));
#1565 = CARTESIAN_POINT('',(-5.577907643461,2.211219888772,
    -1.753120489024));
#1566 = CARTESIAN_POINT('',(-5.55025721199,2.281063104887,
    -1.864425215719));
#1567 = CARTESIAN_POINT('',(-5.477092881633,2.451541876797,
    -2.048882422479));
#1568 = CARTESIAN_POINT('',(-5.431283726366,2.552626615812,
    -2.123037790271));
#1569 = CARTESIAN_POINT('',(-5.323555650562,2.770288936447,
    -2.223778239433));
#1570 = CARTESIAN_POINT('',(-5.262508702836,2.885040892607,
    -2.249920023563));
#1571 = CARTESIAN_POINT('',(-5.130399987766,3.113913095283,
    -2.250079611745));
#1572 = CARTESIAN_POINT('',(-5.06140884886,3.224410775428,
    -2.223980201222));
#1573 = CARTESIAN_POINT('',(-4.927090769179,3.426143741335,
    -2.123806827147));
#1574 = CARTESIAN_POINT('',(-4.862159892298,3.516816409734,
    -2.049520541027));
#1575 = CARTESIAN_POINT('',(-4.751174531039,3.665369975002,
    -1.865617326986));
#1576 = CARTESIAN_POINT('',(-4.704356268519,3.724458872101,
    -1.75428920362));
#1577 = CARTESIAN_POINT('',(-4.640854494768,3.803292172516,
    -1.513826032056));
#1578 = CARTESIAN_POINT('',(-4.62347538298,3.824065295334,
    -1.382360785839));
#1579 = CARTESIAN_POINT('',(-4.62347538298,3.824065295334,-1.25));
#1580 = ORIENTED_EDGE('',*,*,#1581,.F.);
#1581 = EDGE_CURVE('',#1582,#1559,#1584,.T.);
#1582 = VERTEX_POINT('',#1583);
#1583 = CARTESIAN_POINT('',(-7.5,3.175426480543,-1.25));
#1584 = LINE('',#1585,#1586);
#1585 = CARTESIAN_POINT('',(-13.91922863406,6.881569860407,-1.25));
#1586 = VECTOR('',#1587,1.);
#1587 = DIRECTION('',(0.866025403784,-0.5,0.));
#1588 = ORIENTED_EDGE('',*,*,#1589,.T.);
#1589 = EDGE_CURVE('',#1582,#1549,#1590,.T.);
#1590 = ( BOUNDED_CURVE() B_SPLINE_CURVE(3,(#1591,#1592,#1593,#1594),
.UNSPECIFIED.,.F.,.F.) B_SPLINE_CURVE_WITH_KNOTS((4,4),(0.,3.14159265359
),.PIECEWISE_BEZIER_KNOTS.) CURVE() GEOMETRIC_REPRESENTATION_ITEM() 
RATIONAL_B_SPLINE_CURVE((1.,0.333333333333,0.333333333333,1.)) 
REPRESENTATION_ITEM('') );
#1591 = CARTESIAN_POINT('',(-7.5,3.175426480543,-1.25));
#1592 = CARTESIAN_POINT('',(-7.5,3.175426480543,-3.25));
#1593 = CARTESIAN_POINT('',(-7.5,5.484827557301,-3.25));
#1594 = CARTESIAN_POINT('',(-7.5,5.484827557301,-1.25));
#1595 = CYLINDRICAL_SURFACE('',#1596,1.);
#1596 = AXIS2_PLACEMENT_3D('',#1597,#1598,#1599);
#1597 = CARTESIAN_POINT('',(-13.41922863406,7.747595264192,-1.25));
#1598 = DIRECTION('',(0.866025403784,-0.5,0.));
#1599 = DIRECTION('',(0.5,0.866025403784,0.));
#1600 = ADVANCED_FACE('',(#1601),#1651,.F.);
#1601 = FACE_BOUND('',#1602,.F.);
#1602 = EDGE_LOOP('',(#1603,#1613,#1636,#1644));
#1603 = ORIENTED_EDGE('',*,*,#1604,.T.);
#1604 = EDGE_CURVE('',#1605,#1607,#1609,.T.);
#1605 = VERTEX_POINT('',#1606);
#1606 = CARTESIAN_POINT('',(-7.5,5.484827557301,9.05));
#1607 = VERTEX_POINT('',#1608);
#1608 = CARTESIAN_POINT('',(-4.62347538298,3.824065295334,9.05));
#1609 = LINE('',#1610,#1611);
#1610 = CARTESIAN_POINT('',(-12.91922863406,8.613620667976,9.05));
#1611 = VECTOR('',#1612,1.);
#1612 = DIRECTION('',(0.866025403784,-0.5,0.));
#1613 = ORIENTED_EDGE('',*,*,#1614,.F.);
#1614 = EDGE_CURVE('',#1615,#1607,#1617,.T.);
#1615 = VERTEX_POINT('',#1616);
#1616 = CARTESIAN_POINT('',(-5.62347538298,2.092014487765,9.05));
#1617 = B_SPLINE_CURVE_WITH_KNOTS('',3,(#1618,#1619,#1620,#1621,#1622,
    #1623,#1624,#1625,#1626,#1627,#1628,#1629,#1630,#1631,#1632,#1633,
    #1634,#1635),.UNSPECIFIED.,.F.,.F.,(4,2,2,2,2,2,2,2,4),(
    3.131918686236E-03,3.52331066225E-03,3.914702638265E-03,
    4.306094614279E-03,4.697486590293E-03,5.088878566307E-03,
    5.480270542322E-03,5.871662518336E-03,6.26305449435E-03),
  .UNSPECIFIED.);
#1618 = CARTESIAN_POINT('',(-5.62347538298,2.092014487765,9.05));
#1619 = CARTESIAN_POINT('',(-5.62347538298,2.092014487765,8.919383044679
    ));
#1620 = CARTESIAN_POINT('',(-5.614314797662,2.117077331663,
    8.787601081944));
#1621 = CARTESIAN_POINT('',(-5.577907643461,2.211219888772,
    8.546879510976));
#1622 = CARTESIAN_POINT('',(-5.55025721199,2.281063104887,8.435574784281
    ));
#1623 = CARTESIAN_POINT('',(-5.477092881633,2.451541876797,
    8.251117577521));
#1624 = CARTESIAN_POINT('',(-5.431283726366,2.552626615812,
    8.176962209729));
#1625 = CARTESIAN_POINT('',(-5.323555650562,2.770288936447,
    8.076221760567));
#1626 = CARTESIAN_POINT('',(-5.262508702836,2.885040892607,
    8.050079976437));
#1627 = CARTESIAN_POINT('',(-5.130399987766,3.113913095283,
    8.049920388255));
#1628 = CARTESIAN_POINT('',(-5.06140884886,3.224410775428,8.076019798778
    ));
#1629 = CARTESIAN_POINT('',(-4.927090769179,3.426143741335,
    8.176193172853));
#1630 = CARTESIAN_POINT('',(-4.862159892298,3.516816409734,
    8.250479458973));
#1631 = CARTESIAN_POINT('',(-4.751174531039,3.665369975002,
    8.434382673014));
#1632 = CARTESIAN_POINT('',(-4.704356268519,3.724458872101,8.54571079638
    ));
#1633 = CARTESIAN_POINT('',(-4.640854494768,3.803292172516,
    8.786173967944));
#1634 = CARTESIAN_POINT('',(-4.62347538298,3.824065295334,8.917639214161
    ));
#1635 = CARTESIAN_POINT('',(-4.62347538298,3.824065295334,9.05));
#1636 = ORIENTED_EDGE('',*,*,#1637,.F.);
#1637 = EDGE_CURVE('',#1638,#1615,#1640,.T.);
#1638 = VERTEX_POINT('',#1639);
#1639 = CARTESIAN_POINT('',(-7.5,3.175426480543,9.05));
#1640 = LINE('',#1641,#1642);
#1641 = CARTESIAN_POINT('',(-13.91922863406,6.881569860407,9.05));
#1642 = VECTOR('',#1643,1.);
#1643 = DIRECTION('',(0.866025403784,-0.5,0.));
#1644 = ORIENTED_EDGE('',*,*,#1645,.T.);
#1645 = EDGE_CURVE('',#1638,#1605,#1646,.T.);
#1646 = ( BOUNDED_CURVE() B_SPLINE_CURVE(3,(#1647,#1648,#1649,#1650),
.UNSPECIFIED.,.F.,.F.) B_SPLINE_CURVE_WITH_KNOTS((4,4),(0.,3.14159265359
),.PIECEWISE_BEZIER_KNOTS.) CURVE() GEOMETRIC_REPRESENTATION_ITEM() 
RATIONAL_B_SPLINE_CURVE((1.,0.333333333333,0.333333333333,1.)) 
REPRESENTATION_ITEM('') );
#1647 = CARTESIAN_POINT('',(-7.5,3.175426480543,9.05));
#1648 = CARTESIAN_POINT('',(-7.5,3.175426480543,7.05));
#1649 = CARTESIAN_POINT('',(-7.5,5.484827557301,7.05));
#1650 = CARTESIAN_POINT('',(-7.5,5.484827557301,9.05));
#1651 = CYLINDRICAL_SURFACE('',#1652,1.);
#1652 = AXIS2_PLACEMENT_3D('',#1653,#1654,#1655);
#1653 = CARTESIAN_POINT('',(-13.41922863406,7.747595264192,9.05));
#1654 = DIRECTION('',(0.866025403784,-0.5,0.));
#1655 = DIRECTION('',(0.5,0.866025403784,0.));
#1656 = ADVANCED_FACE('',(#1657),#1829,.F.);
#1657 = FACE_BOUND('',#1658,.F.);
#1658 = EDGE_LOOP('',(#1659,#1669,#1678,#1686,#1695,#1703,#1712,#1720,
    #1729,#1737,#1746,#1754,#1763,#1771,#1780,#1788,#1797,#1805,#1814,
    #1822));
#1659 = ORIENTED_EDGE('',*,*,#1660,.T.);
#1660 = EDGE_CURVE('',#1661,#1663,#1665,.T.);
#1661 = VERTEX_POINT('',#1662);
#1662 = CARTESIAN_POINT('',(6.,0.,-9.75));
#1663 = VERTEX_POINT('',#1664);
#1664 = CARTESIAN_POINT('',(6.,0.,10.75));
#1665 = LINE('',#1666,#1667);
#1666 = CARTESIAN_POINT('',(6.,0.,-9.75));
#1667 = VECTOR('',#1668,1.);
#1668 = DIRECTION('',(-0.,-0.,1.));
#1669 = ORIENTED_EDGE('',*,*,#1670,.F.);
#1670 = EDGE_CURVE('',#1671,#1663,#1673,.T.);
#1671 = VERTEX_POINT('',#1672);
#1672 = CARTESIAN_POINT('',(3.968626966597,-4.5,10.75));
#1673 = CIRCLE('',#1674,6.);
#1674 = AXIS2_PLACEMENT_3D('',#1675,#1676,#1677);
#1675 = CARTESIAN_POINT('',(0.,0.,10.75));
#1676 = DIRECTION('',(0.,-0.,1.));
#1677 = DIRECTION('',(-1.,1.7763568394E-15,0.));
#1678 = ORIENTED_EDGE('',*,*,#1679,.F.);
#1679 = EDGE_CURVE('',#1680,#1671,#1682,.T.);
#1680 = VERTEX_POINT('',#1681);
#1681 = CARTESIAN_POINT('',(3.968626966597,-4.5,13.75));
#1682 = LINE('',#1683,#1684);
#1683 = CARTESIAN_POINT('',(3.968626966597,-4.5,-9.75));
#1684 = VECTOR('',#1685,1.);
#1685 = DIRECTION('',(0.,0.,-1.));
#1686 = ORIENTED_EDGE('',*,*,#1687,.F.);
#1687 = EDGE_CURVE('',#1688,#1680,#1690,.T.);
#1688 = VERTEX_POINT('',#1689);
#1689 = CARTESIAN_POINT('',(6.,0.,13.75));
#1690 = CIRCLE('',#1691,6.);
#1691 = AXIS2_PLACEMENT_3D('',#1692,#1693,#1694);
#1692 = CARTESIAN_POINT('',(0.,0.,13.75));
#1693 = DIRECTION('',(0.,0.,-1.));
#1694 = DIRECTION('',(1.,0.,0.));
#1695 = ORIENTED_EDGE('',*,*,#1696,.T.);
#1696 = EDGE_CURVE('',#1688,#1697,#1699,.T.);
#1697 = VERTEX_POINT('',#1698);
#1698 = CARTESIAN_POINT('',(6.,1.649854759316E-47,20.25));
#1699 = LINE('',#1700,#1701);
#1700 = CARTESIAN_POINT('',(6.,0.,-9.75));
#1701 = VECTOR('',#1702,1.);
#1702 = DIRECTION('',(-0.,-0.,1.));
#1703 = ORIENTED_EDGE('',*,*,#1704,.F.);
#1704 = EDGE_CURVE('',#1705,#1697,#1707,.T.);
#1705 = VERTEX_POINT('',#1706);
#1706 = CARTESIAN_POINT('',(3.968626966597,-4.5,20.25));
#1707 = CIRCLE('',#1708,6.);
#1708 = AXIS2_PLACEMENT_3D('',#1709,#1710,#1711);
#1709 = CARTESIAN_POINT('',(0.,0.,20.25));
#1710 = DIRECTION('',(-1.783268467025E-32,1.54197642309E-16,1.));
#1711 = DIRECTION('',(-1.7763568394E-15,1.,-1.54197642309E-16));
#1712 = ORIENTED_EDGE('',*,*,#1713,.F.);
#1713 = EDGE_CURVE('',#1714,#1705,#1716,.T.);
#1714 = VERTEX_POINT('',#1715);
#1715 = CARTESIAN_POINT('',(3.968626966597,-4.5,21.25));
#1716 = LINE('',#1717,#1718);
#1717 = CARTESIAN_POINT('',(3.968626966597,-4.5,-9.75));
#1718 = VECTOR('',#1719,1.);
#1719 = DIRECTION('',(0.,0.,-1.));
#1720 = ORIENTED_EDGE('',*,*,#1721,.F.);
#1721 = EDGE_CURVE('',#1722,#1714,#1724,.T.);
#1722 = VERTEX_POINT('',#1723);
#1723 = CARTESIAN_POINT('',(6.,6.599419037265E-47,21.25));
#1724 = CIRCLE('',#1725,6.);
#1725 = AXIS2_PLACEMENT_3D('',#1726,#1727,#1728);
#1726 = CARTESIAN_POINT('',(0.,0.,21.25));
#1727 = DIRECTION('',(3.56653693405E-32,-3.083952846181E-16,-1.));
#1728 = DIRECTION('',(8.881784197001E-16,-1.,3.083952846181E-16));
#1729 = ORIENTED_EDGE('',*,*,#1730,.T.);
#1730 = EDGE_CURVE('',#1722,#1731,#1733,.T.);
#1731 = VERTEX_POINT('',#1732);
#1732 = CARTESIAN_POINT('',(6.,0.,27.75));
#1733 = LINE('',#1734,#1735);
#1734 = CARTESIAN_POINT('',(6.,0.,-9.75));
#1735 = VECTOR('',#1736,1.);
#1736 = DIRECTION('',(-0.,-0.,1.));
#1737 = ORIENTED_EDGE('',*,*,#1738,.T.);
#1738 = EDGE_CURVE('',#1731,#1739,#1741,.T.);
#1739 = VERTEX_POINT('',#1740);
#1740 = CARTESIAN_POINT('',(-6.,7.347880794884E-16,27.75));
#1741 = CIRCLE('',#1742,6.);
#1742 = AXIS2_PLACEMENT_3D('',#1743,#1744,#1745);
#1743 = CARTESIAN_POINT('',(0.,0.,27.75));
#1744 = DIRECTION('',(-0.,0.,-1.));
#1745 = DIRECTION('',(-1.,0.,0.));
#1746 = ORIENTED_EDGE('',*,*,#1747,.F.);
#1747 = EDGE_CURVE('',#1748,#1739,#1750,.T.);
#1748 = VERTEX_POINT('',#1749);
#1749 = CARTESIAN_POINT('',(-6.,7.347880794884E-16,21.25));
#1750 = LINE('',#1751,#1752);
#1751 = CARTESIAN_POINT('',(-6.,7.347880794884E-16,-9.75));
#1752 = VECTOR('',#1753,1.);
#1753 = DIRECTION('',(-0.,-0.,1.));
#1754 = ORIENTED_EDGE('',*,*,#1755,.F.);
#1755 = EDGE_CURVE('',#1756,#1748,#1758,.T.);
#1756 = VERTEX_POINT('',#1757);
#1757 = CARTESIAN_POINT('',(-3.968626966597,-4.5,21.25));
#1758 = CIRCLE('',#1759,6.);
#1759 = AXIS2_PLACEMENT_3D('',#1760,#1761,#1762);
#1760 = CARTESIAN_POINT('',(0.,0.,21.25));
#1761 = DIRECTION('',(3.56653693405E-32,-3.083952846181E-16,-1.));
#1762 = DIRECTION('',(9.624152762678E-48,-1.,3.083952846181E-16));
#1763 = ORIENTED_EDGE('',*,*,#1764,.F.);
#1764 = EDGE_CURVE('',#1765,#1756,#1767,.T.);
#1765 = VERTEX_POINT('',#1766);
#1766 = CARTESIAN_POINT('',(-3.968626966597,-4.5,20.25));
#1767 = LINE('',#1768,#1769);
#1768 = CARTESIAN_POINT('',(-3.968626966597,-4.5,-9.75));
#1769 = VECTOR('',#1770,1.);
#1770 = DIRECTION('',(-0.,-0.,1.));
#1771 = ORIENTED_EDGE('',*,*,#1772,.F.);
#1772 = EDGE_CURVE('',#1773,#1765,#1775,.T.);
#1773 = VERTEX_POINT('',#1774);
#1774 = CARTESIAN_POINT('',(-6.,7.347880794884E-16,20.25));
#1775 = CIRCLE('',#1776,6.);
#1776 = AXIS2_PLACEMENT_3D('',#1777,#1778,#1779);
#1777 = CARTESIAN_POINT('',(0.,0.,20.25));
#1778 = DIRECTION('',(-1.783268467025E-32,1.54197642309E-16,1.));
#1779 = DIRECTION('',(2.749757932194E-48,1.,-1.54197642309E-16));
#1780 = ORIENTED_EDGE('',*,*,#1781,.F.);
#1781 = EDGE_CURVE('',#1782,#1773,#1784,.T.);
#1782 = VERTEX_POINT('',#1783);
#1783 = CARTESIAN_POINT('',(-6.,7.347880794884E-16,13.75));
#1784 = LINE('',#1785,#1786);
#1785 = CARTESIAN_POINT('',(-6.,7.347880794884E-16,-9.75));
#1786 = VECTOR('',#1787,1.);
#1787 = DIRECTION('',(-0.,-0.,1.));
#1788 = ORIENTED_EDGE('',*,*,#1789,.F.);
#1789 = EDGE_CURVE('',#1790,#1782,#1792,.T.);
#1790 = VERTEX_POINT('',#1791);
#1791 = CARTESIAN_POINT('',(-3.968626966597,-4.5,13.75));
#1792 = CIRCLE('',#1793,6.);
#1793 = AXIS2_PLACEMENT_3D('',#1794,#1795,#1796);
#1794 = CARTESIAN_POINT('',(0.,0.,13.75));
#1795 = DIRECTION('',(0.,0.,-1.));
#1796 = DIRECTION('',(1.,1.7763568394E-15,0.));
#1797 = ORIENTED_EDGE('',*,*,#1798,.F.);
#1798 = EDGE_CURVE('',#1799,#1790,#1801,.T.);
#1799 = VERTEX_POINT('',#1800);
#1800 = CARTESIAN_POINT('',(-3.968626966597,-4.5,10.75));
#1801 = LINE('',#1802,#1803);
#1802 = CARTESIAN_POINT('',(-3.968626966597,-4.5,-9.75));
#1803 = VECTOR('',#1804,1.);
#1804 = DIRECTION('',(-0.,-0.,1.));
#1805 = ORIENTED_EDGE('',*,*,#1806,.F.);
#1806 = EDGE_CURVE('',#1807,#1799,#1809,.T.);
#1807 = VERTEX_POINT('',#1808);
#1808 = CARTESIAN_POINT('',(-6.,7.347880794884E-16,10.75));
#1809 = CIRCLE('',#1810,6.);
#1810 = AXIS2_PLACEMENT_3D('',#1811,#1812,#1813);
#1811 = CARTESIAN_POINT('',(0.,0.,10.75));
#1812 = DIRECTION('',(0.,-0.,1.));
#1813 = DIRECTION('',(-1.,0.,0.));
#1814 = ORIENTED_EDGE('',*,*,#1815,.F.);
#1815 = EDGE_CURVE('',#1816,#1807,#1818,.T.);
#1816 = VERTEX_POINT('',#1817);
#1817 = CARTESIAN_POINT('',(-6.,7.347880794884E-16,-9.75));
#1818 = LINE('',#1819,#1820);
#1819 = CARTESIAN_POINT('',(-6.,7.347880794884E-16,-9.75));
#1820 = VECTOR('',#1821,1.);
#1821 = DIRECTION('',(-0.,-0.,1.));
#1822 = ORIENTED_EDGE('',*,*,#1823,.T.);
#1823 = EDGE_CURVE('',#1816,#1661,#1824,.T.);
#1824 = CIRCLE('',#1825,6.);
#1825 = AXIS2_PLACEMENT_3D('',#1826,#1827,#1828);
#1826 = CARTESIAN_POINT('',(0.,0.,-9.75));
#1827 = DIRECTION('',(0.,0.,1.));
#1828 = DIRECTION('',(1.,0.,-0.));
#1829 = CYLINDRICAL_SURFACE('',#1830,6.);
#1830 = AXIS2_PLACEMENT_3D('',#1831,#1832,#1833);
#1831 = CARTESIAN_POINT('',(0.,0.,-9.75));
#1832 = DIRECTION('',(-0.,-0.,1.));
#1833 = DIRECTION('',(1.,0.,0.));
#1834 = ADVANCED_FACE('',(#1835,#1895,#1919),#1943,.F.);
#1835 = FACE_BOUND('',#1836,.F.);
#1836 = EDGE_LOOP('',(#1837,#1846,#1854,#1879,#1887,#1894));
#1837 = ORIENTED_EDGE('',*,*,#1838,.F.);
#1838 = EDGE_CURVE('',#1839,#1807,#1841,.T.);
#1839 = VERTEX_POINT('',#1840);
#1840 = CARTESIAN_POINT('',(-1.5,5.809475019311,10.75));
#1841 = CIRCLE('',#1842,6.);
#1842 = AXIS2_PLACEMENT_3D('',#1843,#1844,#1845);
#1843 = CARTESIAN_POINT('',(0.,0.,10.75));
#1844 = DIRECTION('',(-0.,0.,1.));
#1845 = DIRECTION('',(-1.,-8.881784197001E-16,-0.));
#1846 = ORIENTED_EDGE('',*,*,#1847,.F.);
#1847 = EDGE_CURVE('',#1848,#1839,#1850,.T.);
#1848 = VERTEX_POINT('',#1849);
#1849 = CARTESIAN_POINT('',(-1.5,5.809475019311,5.348076211353));
#1850 = LINE('',#1851,#1852);
#1851 = CARTESIAN_POINT('',(-1.5,5.809475019311,-9.75));
#1852 = VECTOR('',#1853,1.);
#1853 = DIRECTION('',(-0.,-0.,1.));
#1854 = ORIENTED_EDGE('',*,*,#1855,.F.);
#1855 = EDGE_CURVE('',#1856,#1848,#1858,.T.);
#1856 = VERTEX_POINT('',#1857);
#1857 = CARTESIAN_POINT('',(-1.5,5.809475019311,0.151923788647));
#1858 = B_SPLINE_CURVE_WITH_KNOTS('',3,(#1859,#1860,#1861,#1862,#1863,
    #1864,#1865,#1866,#1867,#1868,#1869,#1870,#1871,#1872,#1873,#1874,
    #1875,#1876,#1877,#1878),.UNSPECIFIED.,.F.,.F.,(4,2,2,2,2,2,2,2,2,4)
  ,(0.,7.977365441685E-04,1.595473088337E-03,1.994341360421E-03,
    2.393209632506E-03,3.190946176674E-03,3.988682720843E-03,
    4.786419265011E-03,5.58415580918E-03,6.381892353348E-03),
  .UNSPECIFIED.);
#1859 = CARTESIAN_POINT('',(-1.5,5.809475019311,0.151923788647));
#1860 = CARTESIAN_POINT('',(-1.7280603491,5.750590090378,0.283594492591)
  );
#1861 = CARTESIAN_POINT('',(-1.932211469086,5.683725063533,0.44066607068
    ));
#1862 = CARTESIAN_POINT('',(-2.297880571148,5.545982026643,
    0.804181601712));
#1863 = CARTESIAN_POINT('',(-2.458595512253,5.475055701513,
    1.011596485643));
#1864 = CARTESIAN_POINT('',(-2.654344813053,5.381420381303,
    1.346027677865));
#1865 = CARTESIAN_POINT('',(-2.712652090286,5.352086739526,
    1.462066046251));
#1866 = CARTESIAN_POINT('',(-2.814842471074,5.299054226311,
    1.704095083104));
#1867 = CARTESIAN_POINT('',(-2.858581274718,5.275423511618,
    1.830279190555));
#1868 = CARTESIAN_POINT('',(-2.963051596688,5.217915844453,
    2.211652230104));
#1869 = CARTESIAN_POINT('',(-2.999492559208,5.196445393112,
    2.474380037775));
#1870 = CARTESIAN_POINT('',(-3.000497062967,5.195865443934,
    3.014460491288));
#1871 = CARTESIAN_POINT('',(-2.965197994854,5.216695321139,
    3.277625521249));
#1872 = CARTESIAN_POINT('',(-2.826061271899,5.293362533376,
    3.791232695814));
#1873 = CARTESIAN_POINT('',(-2.723604765236,5.348188429882,
    4.034476787405));
#1874 = CARTESIAN_POINT('',(-2.461343243242,5.473840684354,4.48484667148
    ));
#1875 = CARTESIAN_POINT('',(-2.301439138962,5.544493594766,
    4.691599264609));
#1876 = CARTESIAN_POINT('',(-1.936539935486,5.682239383466,5.05569791884
    ));
#1877 = CARTESIAN_POINT('',(-1.728131600908,5.75057169324,5.216364370158
    ));
#1878 = CARTESIAN_POINT('',(-1.5,5.809475019311,5.348076211353));
#1879 = ORIENTED_EDGE('',*,*,#1880,.F.);
#1880 = EDGE_CURVE('',#1881,#1856,#1883,.T.);
#1881 = VERTEX_POINT('',#1882);
#1882 = CARTESIAN_POINT('',(-1.5,5.809475019311,-9.75));
#1883 = LINE('',#1884,#1885);
#1884 = CARTESIAN_POINT('',(-1.5,5.809475019311,-9.75));
#1885 = VECTOR('',#1886,1.);
#1886 = DIRECTION('',(-0.,-0.,1.));
#1887 = ORIENTED_EDGE('',*,*,#1888,.T.);
#1888 = EDGE_CURVE('',#1881,#1816,#1889,.T.);
#1889 = CIRCLE('',#1890,6.);
#1890 = AXIS2_PLACEMENT_3D('',#1891,#1892,#1893);
#1891 = CARTESIAN_POINT('',(0.,0.,-9.75));
#1892 = DIRECTION('',(0.,0.,1.));
#1893 = DIRECTION('',(1.,0.,-0.));
#1894 = ORIENTED_EDGE('',*,*,#1815,.T.);
#1895 = FACE_BOUND('',#1896,.F.);
#1896 = EDGE_LOOP('',(#1897,#1898));
#1897 = ORIENTED_EDGE('',*,*,#1614,.T.);
#1898 = ORIENTED_EDGE('',*,*,#1899,.T.);
#1899 = EDGE_CURVE('',#1607,#1615,#1900,.T.);
#1900 = B_SPLINE_CURVE_WITH_KNOTS('',3,(#1901,#1902,#1903,#1904,#1905,
    #1906,#1907,#1908,#1909,#1910,#1911,#1912,#1913,#1914,#1915,#1916,
    #1917,#1918),.UNSPECIFIED.,.F.,.F.,(4,2,2,2,2,2,2,2,4),(0.,
    3.914898357795E-04,7.82979671559E-04,1.174469507338E-03,
    1.565959343118E-03,1.957449178897E-03,2.348939014677E-03,
    2.740428850456E-03,3.131918686236E-03),.UNSPECIFIED.);
#1901 = CARTESIAN_POINT('',(-4.62347538298,3.824065295334,9.05));
#1902 = CARTESIAN_POINT('',(-4.62347538298,3.824065295334,9.182393880016
    ));
#1903 = CARTESIAN_POINT('',(-4.64051657164,3.803707615836,9.312290378359
    ));
#1904 = CARTESIAN_POINT('',(-4.704317679169,3.724510820482,
    9.554397606442));
#1905 = CARTESIAN_POINT('',(-4.750963956218,3.665643667584,
    9.665193824489));
#1906 = CARTESIAN_POINT('',(-4.861992841186,3.517048140591,
    9.849318062582));
#1907 = CARTESIAN_POINT('',(-4.927154854576,3.426029190788,
    9.923784308703));
#1908 = CARTESIAN_POINT('',(-5.060786334306,3.225363957075,
    10.023585954367));
#1909 = CARTESIAN_POINT('',(-5.130604678571,3.113515535319,
    10.049950536462));
#1910 = CARTESIAN_POINT('',(-5.261322251208,2.887138986159,
    10.050049320733));
#1911 = CARTESIAN_POINT('',(-5.323031460261,2.771297593536,
    10.024080527831));
#1912 = CARTESIAN_POINT('',(-5.43083133167,2.553590673116,9.923647046844
    ));
#1913 = CARTESIAN_POINT('',(-5.476508625122,2.452885413325,
    9.850222173839));
#1914 = CARTESIAN_POINT('',(-5.550487437025,2.28054440504,9.663977389431
    ));
#1915 = CARTESIAN_POINT('',(-5.577780540099,2.211546972374,9.55389795016
    ));
#1916 = CARTESIAN_POINT('',(-5.614393221329,2.116876123165,
    9.311943240031));
#1917 = CARTESIAN_POINT('',(-5.62347538298,2.092014487765,9.180649613489
    ));
#1918 = CARTESIAN_POINT('',(-5.62347538298,2.092014487765,9.05));
#1919 = FACE_BOUND('',#1920,.F.);
#1920 = EDGE_LOOP('',(#1921,#1922));
#1921 = ORIENTED_EDGE('',*,*,#1558,.T.);
#1922 = ORIENTED_EDGE('',*,*,#1923,.T.);
#1923 = EDGE_CURVE('',#1551,#1559,#1924,.T.);
#1924 = B_SPLINE_CURVE_WITH_KNOTS('',3,(#1925,#1926,#1927,#1928,#1929,
    #1930,#1931,#1932,#1933,#1934,#1935,#1936,#1937,#1938,#1939,#1940,
    #1941,#1942),.UNSPECIFIED.,.F.,.F.,(4,2,2,2,2,2,2,2,4),(0.,
    3.914898357795E-04,7.82979671559E-04,1.174469507338E-03,
    1.565959343118E-03,1.957449178897E-03,2.348939014677E-03,
    2.740428850456E-03,3.131918686236E-03),.UNSPECIFIED.);
#1925 = CARTESIAN_POINT('',(-4.62347538298,3.824065295334,-1.25));
#1926 = CARTESIAN_POINT('',(-4.62347538298,3.824065295334,
    -1.117606119984));
#1927 = CARTESIAN_POINT('',(-4.64051657164,3.803707615836,
    -0.987709621641));
#1928 = CARTESIAN_POINT('',(-4.704317679169,3.724510820482,
    -0.745602393558));
#1929 = CARTESIAN_POINT('',(-4.750963956218,3.665643667584,
    -0.634806175511));
#1930 = CARTESIAN_POINT('',(-4.861992841186,3.517048140591,
    -0.450681937418));
#1931 = CARTESIAN_POINT('',(-4.927154854576,3.426029190788,
    -0.376215691297));
#1932 = CARTESIAN_POINT('',(-5.060786334306,3.225363957075,
    -0.276414045633));
#1933 = CARTESIAN_POINT('',(-5.130604678571,3.113515535319,
    -0.250049463538));
#1934 = CARTESIAN_POINT('',(-5.261322251208,2.887138986159,
    -0.249950679267));
#1935 = CARTESIAN_POINT('',(-5.323031460261,2.771297593536,
    -0.275919472169));
#1936 = CARTESIAN_POINT('',(-5.43083133167,2.553590673116,
    -0.376352953156));
#1937 = CARTESIAN_POINT('',(-5.476508625122,2.452885413325,
    -0.449777826161));
#1938 = CARTESIAN_POINT('',(-5.550487437025,2.28054440504,
    -0.636022610569));
#1939 = CARTESIAN_POINT('',(-5.577780540099,2.211546972374,
    -0.74610204984));
#1940 = CARTESIAN_POINT('',(-5.614393221329,2.116876123165,
    -0.988056759969));
#1941 = CARTESIAN_POINT('',(-5.62347538298,2.092014487765,
    -1.119350386511));
#1942 = CARTESIAN_POINT('',(-5.62347538298,2.092014487765,-1.25));
#1943 = CYLINDRICAL_SURFACE('',#1944,6.);
#1944 = AXIS2_PLACEMENT_3D('',#1945,#1946,#1947);
#1945 = CARTESIAN_POINT('',(0.,0.,-9.75));
#1946 = DIRECTION('',(-0.,-0.,1.));
#1947 = DIRECTION('',(1.,0.,0.));
#1948 = ADVANCED_FACE('',(#1949),#1976,.F.);
#1949 = FACE_BOUND('',#1950,.F.);
#1950 = EDGE_LOOP('',(#1951,#1960,#1968,#1975));
#1951 = ORIENTED_EDGE('',*,*,#1952,.F.);
#1952 = EDGE_CURVE('',#1953,#1773,#1955,.T.);
#1953 = VERTEX_POINT('',#1954);
#1954 = CARTESIAN_POINT('',(-1.5,5.809475019311,20.25));
#1955 = CIRCLE('',#1956,6.);
#1956 = AXIS2_PLACEMENT_3D('',#1957,#1958,#1959);
#1957 = CARTESIAN_POINT('',(0.,0.,20.25));
#1958 = DIRECTION('',(-1.783268467025E-32,1.54197642309E-16,1.));
#1959 = DIRECTION('',(2.749757932194E-48,1.,-1.54197642309E-16));
#1960 = ORIENTED_EDGE('',*,*,#1961,.F.);
#1961 = EDGE_CURVE('',#1962,#1953,#1964,.T.);
#1962 = VERTEX_POINT('',#1963);
#1963 = CARTESIAN_POINT('',(-1.5,5.809475019311,13.75));
#1964 = LINE('',#1965,#1966);
#1965 = CARTESIAN_POINT('',(-1.5,5.809475019311,-9.75));
#1966 = VECTOR('',#1967,1.);
#1967 = DIRECTION('',(-0.,-0.,1.));
#1968 = ORIENTED_EDGE('',*,*,#1969,.F.);
#1969 = EDGE_CURVE('',#1782,#1962,#1970,.T.);
#1970 = CIRCLE('',#1971,6.);
#1971 = AXIS2_PLACEMENT_3D('',#1972,#1973,#1974);
#1972 = CARTESIAN_POINT('',(0.,0.,13.75));
#1973 = DIRECTION('',(0.,0.,-1.));
#1974 = DIRECTION('',(1.,0.,0.));
#1975 = ORIENTED_EDGE('',*,*,#1781,.T.);
#1976 = CYLINDRICAL_SURFACE('',#1977,6.);
#1977 = AXIS2_PLACEMENT_3D('',#1978,#1979,#1980);
#1978 = CARTESIAN_POINT('',(0.,0.,-9.75));
#1979 = DIRECTION('',(-0.,-0.,1.));
#1980 = DIRECTION('',(1.,0.,0.));
#1981 = ADVANCED_FACE('',(#1982,#2006,#2030),#2090,.F.);
#1982 = FACE_BOUND('',#1983,.F.);
#1983 = EDGE_LOOP('',(#1984,#1985));
#1984 = ORIENTED_EDGE('',*,*,#1446,.T.);
#1985 = ORIENTED_EDGE('',*,*,#1986,.T.);
#1986 = EDGE_CURVE('',#1439,#1447,#1987,.T.);
#1987 = B_SPLINE_CURVE_WITH_KNOTS('',3,(#1988,#1989,#1990,#1991,#1992,
    #1993,#1994,#1995,#1996,#1997,#1998,#1999,#2000,#2001,#2002,#2003,
    #2004,#2005),.UNSPECIFIED.,.F.,.F.,(4,2,2,2,2,2,2,2,4),(0.,
    3.914898357795E-04,7.82979671559E-04,1.174469507338E-03,
    1.565959343118E-03,1.957449178897E-03,2.348939014677E-03,
    2.740428850456E-03,3.131918686236E-03),.UNSPECIFIED.);
#1988 = CARTESIAN_POINT('',(5.62347538298,2.092014487765,-1.25));
#1989 = CARTESIAN_POINT('',(5.62347538298,2.092014487765,-1.117606119984
    ));
#1990 = CARTESIAN_POINT('',(5.614365709702,2.116951429805,
    -0.987709621641));
#1991 = CARTESIAN_POINT('',(5.577679826792,2.211803207392,
    -0.745602393558));
#1992 = CARTESIAN_POINT('',(5.550022515458,2.281633644757,
    -0.634806175511));
#1993 = CARTESIAN_POINT('',(5.476849456678,2.45208524319,-0.450681937418
    ));
#1994 = CARTESIAN_POINT('',(5.430605740617,2.554026677049,
    -0.376215691297));
#1995 = CARTESIAN_POINT('',(5.323640290431,2.770087550097,
    -0.276414045633));
#1996 = CARTESIAN_POINT('',(5.26168588795,2.886476220758,-0.250049463538
    ));
#1997 = CARTESIAN_POINT('',(5.130996831874,3.112869233963,
    -0.249950679267));
#1998 = CARTESIAN_POINT('',(5.06152984758,3.224231672962,-0.275919472169
    ));
#1999 = CARTESIAN_POINT('',(4.92689005962,3.426442560336,-0.376352953156
    ));
#2000 = CARTESIAN_POINT('',(4.862515393073,3.516352886737,
    -0.449777826161));
#2001 = CARTESIAN_POINT('',(4.750253107736,3.66659092133,-0.636022610569
    ));
#2002 = CARTESIAN_POINT('',(4.704146129788,3.724726158273,-0.74610204984
    ));
#2003 = CARTESIAN_POINT('',(4.64046510999,3.803769094924,-0.988056759969
    ));
#2004 = CARTESIAN_POINT('',(4.62347538298,3.824065295334,-1.119350386511
    ));
#2005 = CARTESIAN_POINT('',(4.62347538298,3.824065295334,-1.25));
#2006 = FACE_BOUND('',#2007,.F.);
#2007 = EDGE_LOOP('',(#2008,#2009));
#2008 = ORIENTED_EDGE('',*,*,#1502,.T.);
#2009 = ORIENTED_EDGE('',*,*,#2010,.T.);
#2010 = EDGE_CURVE('',#1495,#1503,#2011,.T.);
#2011 = B_SPLINE_CURVE_WITH_KNOTS('',3,(#2012,#2013,#2014,#2015,#2016,
    #2017,#2018,#2019,#2020,#2021,#2022,#2023,#2024,#2025,#2026,#2027,
    #2028,#2029),.UNSPECIFIED.,.F.,.F.,(4,2,2,2,2,2,2,2,4),(0.,
    3.914898357795E-04,7.82979671559E-04,1.174469507338E-03,
    1.565959343118E-03,1.957449178897E-03,2.348939014677E-03,
    2.740428850456E-03,3.131918686236E-03),.UNSPECIFIED.);
#2012 = CARTESIAN_POINT('',(5.62347538298,2.092014487765,9.05));
#2013 = CARTESIAN_POINT('',(5.62347538298,2.092014487765,9.182393880016)
  );
#2014 = CARTESIAN_POINT('',(5.614365709702,2.116951429805,9.312290378359
    ));
#2015 = CARTESIAN_POINT('',(5.577679826792,2.211803207392,9.554397606442
    ));
#2016 = CARTESIAN_POINT('',(5.550022515458,2.281633644757,9.665193824489
    ));
#2017 = CARTESIAN_POINT('',(5.476849456678,2.45208524319,9.849318062582)
  );
#2018 = CARTESIAN_POINT('',(5.430605740617,2.554026677049,9.923784308703
    ));
#2019 = CARTESIAN_POINT('',(5.323640290431,2.770087550097,
    10.023585954367));
#2020 = CARTESIAN_POINT('',(5.26168588795,2.886476220758,10.049950536462
    ));
#2021 = CARTESIAN_POINT('',(5.130996831874,3.112869233963,
    10.050049320733));
#2022 = CARTESIAN_POINT('',(5.06152984758,3.224231672962,10.024080527831
    ));
#2023 = CARTESIAN_POINT('',(4.92689005962,3.426442560336,9.923647046844)
  );
#2024 = CARTESIAN_POINT('',(4.862515393073,3.516352886737,9.850222173839
    ));
#2025 = CARTESIAN_POINT('',(4.750253107736,3.66659092133,9.663977389431)
  );
#2026 = CARTESIAN_POINT('',(4.704146129788,3.724726158273,9.55389795016)
  );
#2027 = CARTESIAN_POINT('',(4.64046510999,3.803769094924,9.311943240031)
  );
#2028 = CARTESIAN_POINT('',(4.62347538298,3.824065295334,9.180649613489)
  );
#2029 = CARTESIAN_POINT('',(4.62347538298,3.824065295334,9.05));
#2030 = FACE_BOUND('',#2031,.F.);
#2031 = EDGE_LOOP('',(#2032,#2042,#2067,#2075,#2082,#2083));
#2032 = ORIENTED_EDGE('',*,*,#2033,.F.);
#2033 = EDGE_CURVE('',#2034,#2036,#2038,.T.);
#2034 = VERTEX_POINT('',#2035);
#2035 = CARTESIAN_POINT('',(1.5,5.809475019311,0.151923788647));
#2036 = VERTEX_POINT('',#2037);
#2037 = CARTESIAN_POINT('',(1.5,5.809475019311,-9.75));
#2038 = LINE('',#2039,#2040);
#2039 = CARTESIAN_POINT('',(1.5,5.809475019311,-9.75));
#2040 = VECTOR('',#2041,1.);
#2041 = DIRECTION('',(0.,0.,-1.));
#2042 = ORIENTED_EDGE('',*,*,#2043,.F.);
#2043 = EDGE_CURVE('',#2044,#2034,#2046,.T.);
#2044 = VERTEX_POINT('',#2045);
#2045 = CARTESIAN_POINT('',(1.5,5.809475019311,5.348076211353));
#2046 = B_SPLINE_CURVE_WITH_KNOTS('',3,(#2047,#2048,#2049,#2050,#2051,
    #2052,#2053,#2054,#2055,#2056,#2057,#2058,#2059,#2060,#2061,#2062,
    #2063,#2064,#2065,#2066),.UNSPECIFIED.,.F.,.F.,(4,2,2,2,2,2,2,2,2,4)
  ,(0.,7.977365441685E-04,1.595473088337E-03,1.994341360421E-03,
    2.393209632506E-03,3.190946176674E-03,3.988682720843E-03,
    4.786419265011E-03,5.58415580918E-03,6.381892353348E-03),
  .UNSPECIFIED.);
#2047 = CARTESIAN_POINT('',(1.5,5.809475019311,5.348076211353));
#2048 = CARTESIAN_POINT('',(1.7280603491,5.750590090378,5.216405507409)
  );
#2049 = CARTESIAN_POINT('',(1.932211469086,5.683725063533,5.05933392932)
  );
#2050 = CARTESIAN_POINT('',(2.297880571148,5.545982026643,4.695818398288
    ));
#2051 = CARTESIAN_POINT('',(2.458595512253,5.475055701513,4.488403514357
    ));
#2052 = CARTESIAN_POINT('',(2.654344813053,5.381420381303,4.153972322135
    ));
#2053 = CARTESIAN_POINT('',(2.712652090286,5.352086739526,4.037933953749
    ));
#2054 = CARTESIAN_POINT('',(2.814842471074,5.299054226311,3.795904916896
    ));
#2055 = CARTESIAN_POINT('',(2.858581274718,5.275423511618,3.669720809445
    ));
#2056 = CARTESIAN_POINT('',(2.963051596688,5.217915844453,3.288347769896
    ));
#2057 = CARTESIAN_POINT('',(2.999492559208,5.196445393112,3.025619962225
    ));
#2058 = CARTESIAN_POINT('',(3.000497062967,5.195865443934,2.485539508712
    ));
#2059 = CARTESIAN_POINT('',(2.965197994854,5.216695321139,2.222374478751
    ));
#2060 = CARTESIAN_POINT('',(2.826061271899,5.293362533376,1.708767304186
    ));
#2061 = CARTESIAN_POINT('',(2.723604765236,5.348188429882,1.465523212595
    ));
#2062 = CARTESIAN_POINT('',(2.461343243242,5.473840684354,1.01515332852)
  );
#2063 = CARTESIAN_POINT('',(2.301439138962,5.544493594766,0.808400735391
    ));
#2064 = CARTESIAN_POINT('',(1.936539935486,5.682239383466,0.44430208116)
  );
#2065 = CARTESIAN_POINT('',(1.728131600908,5.75057169324,0.283635629842)
  );
#2066 = CARTESIAN_POINT('',(1.5,5.809475019311,0.151923788647));
#2067 = ORIENTED_EDGE('',*,*,#2068,.F.);
#2068 = EDGE_CURVE('',#2069,#2044,#2071,.T.);
#2069 = VERTEX_POINT('',#2070);
#2070 = CARTESIAN_POINT('',(1.5,5.809475019311,10.75));
#2071 = LINE('',#2072,#2073);
#2072 = CARTESIAN_POINT('',(1.5,5.809475019311,-9.75));
#2073 = VECTOR('',#2074,1.);
#2074 = DIRECTION('',(0.,0.,-1.));
#2075 = ORIENTED_EDGE('',*,*,#2076,.F.);
#2076 = EDGE_CURVE('',#1663,#2069,#2077,.T.);
#2077 = CIRCLE('',#2078,6.);
#2078 = AXIS2_PLACEMENT_3D('',#2079,#2080,#2081);
#2079 = CARTESIAN_POINT('',(0.,0.,10.75));
#2080 = DIRECTION('',(0.,-0.,1.));
#2081 = DIRECTION('',(-1.,0.,0.));
#2082 = ORIENTED_EDGE('',*,*,#1660,.F.);
#2083 = ORIENTED_EDGE('',*,*,#2084,.T.);
#2084 = EDGE_CURVE('',#1661,#2036,#2085,.T.);
#2085 = CIRCLE('',#2086,6.);
#2086 = AXIS2_PLACEMENT_3D('',#2087,#2088,#2089);
#2087 = CARTESIAN_POINT('',(0.,0.,-9.75));
#2088 = DIRECTION('',(0.,0.,1.));
#2089 = DIRECTION('',(1.,0.,-0.));
#2090 = CYLINDRICAL_SURFACE('',#2091,6.);
#2091 = AXIS2_PLACEMENT_3D('',#2092,#2093,#2094);
#2092 = CARTESIAN_POINT('',(0.,0.,-9.75));
#2093 = DIRECTION('',(-0.,-0.,1.));
#2094 = DIRECTION('',(1.,0.,0.));
#2095 = ADVANCED_FACE('',(#2096),#2123,.F.);
#2096 = FACE_BOUND('',#2097,.F.);
#2097 = EDGE_LOOP('',(#2098,#2108,#2115,#2116));
#2098 = ORIENTED_EDGE('',*,*,#2099,.F.);
#2099 = EDGE_CURVE('',#2100,#2102,#2104,.T.);
#2100 = VERTEX_POINT('',#2101);
#2101 = CARTESIAN_POINT('',(1.5,5.809475019311,20.25));
#2102 = VERTEX_POINT('',#2103);
#2103 = CARTESIAN_POINT('',(1.5,5.809475019311,13.75));
#2104 = LINE('',#2105,#2106);
#2105 = CARTESIAN_POINT('',(1.5,5.809475019311,-9.75));
#2106 = VECTOR('',#2107,1.);
#2107 = DIRECTION('',(0.,0.,-1.));
#2108 = ORIENTED_EDGE('',*,*,#2109,.F.);
#2109 = EDGE_CURVE('',#1697,#2100,#2110,.T.);
#2110 = CIRCLE('',#2111,6.);
#2111 = AXIS2_PLACEMENT_3D('',#2112,#2113,#2114);
#2112 = CARTESIAN_POINT('',(0.,0.,20.25));
#2113 = DIRECTION('',(-1.783268467025E-32,1.54197642309E-16,1.));
#2114 = DIRECTION('',(8.881784197001E-16,1.,-1.54197642309E-16));
#2115 = ORIENTED_EDGE('',*,*,#1696,.F.);
#2116 = ORIENTED_EDGE('',*,*,#2117,.F.);
#2117 = EDGE_CURVE('',#2102,#1688,#2118,.T.);
#2118 = CIRCLE('',#2119,6.);
#2119 = AXIS2_PLACEMENT_3D('',#2120,#2121,#2122);
#2120 = CARTESIAN_POINT('',(0.,0.,13.75));
#2121 = DIRECTION('',(0.,0.,-1.));
#2122 = DIRECTION('',(1.,8.881784197001E-16,0.));
#2123 = CYLINDRICAL_SURFACE('',#2124,6.);
#2124 = AXIS2_PLACEMENT_3D('',#2125,#2126,#2127);
#2125 = CARTESIAN_POINT('',(0.,0.,-9.75));
#2126 = DIRECTION('',(-0.,-0.,1.));
#2127 = DIRECTION('',(1.,0.,0.));
#2128 = ADVANCED_FACE('',(#2129),#2156,.F.);
#2129 = FACE_BOUND('',#2130,.F.);
#2130 = EDGE_LOOP('',(#2131,#2141,#2148,#2149));
#2131 = ORIENTED_EDGE('',*,*,#2132,.F.);
#2132 = EDGE_CURVE('',#2133,#2135,#2137,.T.);
#2133 = VERTEX_POINT('',#2134);
#2134 = CARTESIAN_POINT('',(1.5,5.809475019311,27.75));
#2135 = VERTEX_POINT('',#2136);
#2136 = CARTESIAN_POINT('',(1.5,5.809475019311,21.25));
#2137 = LINE('',#2138,#2139);
#2138 = CARTESIAN_POINT('',(1.5,5.809475019311,-9.75));
#2139 = VECTOR('',#2140,1.);
#2140 = DIRECTION('',(0.,0.,-1.));
#2141 = ORIENTED_EDGE('',*,*,#2142,.T.);
#2142 = EDGE_CURVE('',#2133,#1731,#2143,.T.);
#2143 = CIRCLE('',#2144,6.);
#2144 = AXIS2_PLACEMENT_3D('',#2145,#2146,#2147);
#2145 = CARTESIAN_POINT('',(0.,0.,27.75));
#2146 = DIRECTION('',(-0.,0.,-1.));
#2147 = DIRECTION('',(-1.,0.,0.));
#2148 = ORIENTED_EDGE('',*,*,#1730,.F.);
#2149 = ORIENTED_EDGE('',*,*,#2150,.F.);
#2150 = EDGE_CURVE('',#2135,#1722,#2151,.T.);
#2151 = CIRCLE('',#2152,6.);
#2152 = AXIS2_PLACEMENT_3D('',#2153,#2154,#2155);
#2153 = CARTESIAN_POINT('',(0.,0.,21.25));
#2154 = DIRECTION('',(3.56653693405E-32,-3.083952846181E-16,-1.));
#2155 = DIRECTION('',(9.624152762678E-48,-1.,3.083952846181E-16));
#2156 = CYLINDRICAL_SURFACE('',#2157,6.);
#2157 = AXIS2_PLACEMENT_3D('',#2158,#2159,#2160);
#2158 = CARTESIAN_POINT('',(0.,0.,-9.75));
#2159 = DIRECTION('',(-0.,-0.,1.));
#2160 = DIRECTION('',(1.,0.,0.));
#2161 = ADVANCED_FACE('',(#2162),#2212,.T.);
#2162 = FACE_BOUND('',#2163,.T.);
#2163 = EDGE_LOOP('',(#2164,#2174,#2182,#2190,#2198,#2206));
#2164 = ORIENTED_EDGE('',*,*,#2165,.F.);
#2165 = EDGE_CURVE('',#2166,#2168,#2170,.T.);
#2166 = VERTEX_POINT('',#2167);
#2167 = CARTESIAN_POINT('',(7.5,-7.3,21.75));
#2168 = VERTEX_POINT('',#2169);
#2169 = CARTESIAN_POINT('',(7.5,-7.5,21.75));
#2170 = LINE('',#2171,#2172);
#2171 = CARTESIAN_POINT('',(7.5,14.631712199461,21.75));
#2172 = VECTOR('',#2173,1.);
#2173 = DIRECTION('',(-0.,-1.,-0.));
#2174 = ORIENTED_EDGE('',*,*,#2175,.T.);
#2175 = EDGE_CURVE('',#2166,#2176,#2178,.T.);
#2176 = VERTEX_POINT('',#2177);
#2177 = CARTESIAN_POINT('',(7.5,-7.3,-9.75));
#2178 = LINE('',#2179,#2180);
#2179 = CARTESIAN_POINT('',(7.5,-7.3,-9.75));
#2180 = VECTOR('',#2181,1.);
#2181 = DIRECTION('',(0.,0.,-1.));
#2182 = ORIENTED_EDGE('',*,*,#2183,.T.);
#2183 = EDGE_CURVE('',#2176,#2184,#2186,.T.);
#2184 = VERTEX_POINT('',#2185);
#2185 = CARTESIAN_POINT('',(7.5,-5.5,-9.75));
#2186 = LINE('',#2187,#2188);
#2187 = CARTESIAN_POINT('',(7.5,8.,-9.75));
#2188 = VECTOR('',#2189,1.);
#2189 = DIRECTION('',(5.59588218057E-17,1.,-0.));
#2190 = ORIENTED_EDGE('',*,*,#2191,.T.);
#2191 = EDGE_CURVE('',#2184,#2192,#2194,.T.);
#2192 = VERTEX_POINT('',#2193);
#2193 = CARTESIAN_POINT('',(7.5,-5.5,27.75));
#2194 = LINE('',#2195,#2196);
#2195 = CARTESIAN_POINT('',(7.5,-5.5,-9.75));
#2196 = VECTOR('',#2197,1.);
#2197 = DIRECTION('',(-0.,-0.,1.));
#2198 = ORIENTED_EDGE('',*,*,#2199,.F.);
#2199 = EDGE_CURVE('',#2200,#2192,#2202,.T.);
#2200 = VERTEX_POINT('',#2201);
#2201 = CARTESIAN_POINT('',(7.5,-7.5,27.75));
#2202 = LINE('',#2203,#2204);
#2203 = CARTESIAN_POINT('',(7.5,-7.5,27.75));
#2204 = VECTOR('',#2205,1.);
#2205 = DIRECTION('',(0.,1.,0.));
#2206 = ORIENTED_EDGE('',*,*,#2207,.F.);
#2207 = EDGE_CURVE('',#2168,#2200,#2208,.T.);
#2208 = LINE('',#2209,#2210);
#2209 = CARTESIAN_POINT('',(7.5,-7.5,-9.75));
#2210 = VECTOR('',#2211,1.);
#2211 = DIRECTION('',(0.,0.,1.));
#2212 = PLANE('',#2213);
#2213 = AXIS2_PLACEMENT_3D('',#2214,#2215,#2216);
#2214 = CARTESIAN_POINT('',(7.5,8.,-9.75));
#2215 = DIRECTION('',(1.,-5.59588218057E-17,0.));
#2216 = DIRECTION('',(5.59588218057E-17,1.,0.));
#2217 = ADVANCED_FACE('',(#2218,#2252,#2262),#2272,.T.);
#2218 = FACE_BOUND('',#2219,.T.);
#2219 = EDGE_LOOP('',(#2220,#2230,#2238,#2246));
#2220 = ORIENTED_EDGE('',*,*,#2221,.F.);
#2221 = EDGE_CURVE('',#2222,#2224,#2226,.T.);
#2222 = VERTEX_POINT('',#2223);
#2223 = CARTESIAN_POINT('',(7.5,-2.5,-9.75));
#2224 = VERTEX_POINT('',#2225);
#2225 = CARTESIAN_POINT('',(7.5,-2.5,10.75));
#2226 = LINE('',#2227,#2228);
#2227 = CARTESIAN_POINT('',(7.5,-2.5,-9.75));
#2228 = VECTOR('',#2229,1.);
#2229 = DIRECTION('',(-0.,-0.,1.));
#2230 = ORIENTED_EDGE('',*,*,#2231,.T.);
#2231 = EDGE_CURVE('',#2222,#2232,#2234,.T.);
#2232 = VERTEX_POINT('',#2233);
#2233 = CARTESIAN_POINT('',(7.5,8.,-9.75));
#2234 = LINE('',#2235,#2236);
#2235 = CARTESIAN_POINT('',(7.5,8.,-9.75));
#2236 = VECTOR('',#2237,1.);
#2237 = DIRECTION('',(5.59588218057E-17,1.,-0.));
#2238 = ORIENTED_EDGE('',*,*,#2239,.T.);
#2239 = EDGE_CURVE('',#2232,#2240,#2242,.T.);
#2240 = VERTEX_POINT('',#2241);
#2241 = CARTESIAN_POINT('',(7.5,8.,10.75));
#2242 = LINE('',#2243,#2244);
#2243 = CARTESIAN_POINT('',(7.5,8.,-9.75));
#2244 = VECTOR('',#2245,1.);
#2245 = DIRECTION('',(0.,0.,1.));
#2246 = ORIENTED_EDGE('',*,*,#2247,.T.);
#2247 = EDGE_CURVE('',#2240,#2224,#2248,.T.);
#2248 = LINE('',#2249,#2250);
#2249 = CARTESIAN_POINT('',(7.5,-4.5,10.75));
#2250 = VECTOR('',#2251,1.);
#2251 = DIRECTION('',(1.156482317318E-16,-1.,-0.));
#2252 = FACE_BOUND('',#2253,.T.);
#2253 = EDGE_LOOP('',(#2254,#2261));
#2254 = ORIENTED_EDGE('',*,*,#2255,.T.);
#2255 = EDGE_CURVE('',#1437,#1470,#2256,.T.);
#2256 = ( BOUNDED_CURVE() B_SPLINE_CURVE(3,(#2257,#2258,#2259,#2260),
.UNSPECIFIED.,.F.,.F.) B_SPLINE_CURVE_WITH_KNOTS((4,4),(0.,3.14159265359
),.PIECEWISE_BEZIER_KNOTS.) CURVE() GEOMETRIC_REPRESENTATION_ITEM() 
RATIONAL_B_SPLINE_CURVE((1.,0.333333333333,0.333333333333,1.)) 
REPRESENTATION_ITEM('') );
#2257 = CARTESIAN_POINT('',(7.5,3.175426480543,-1.25));
#2258 = CARTESIAN_POINT('',(7.5,3.175426480543,0.75));
#2259 = CARTESIAN_POINT('',(7.5,5.484827557301,0.75));
#2260 = CARTESIAN_POINT('',(7.5,5.484827557301,-1.25));
#2261 = ORIENTED_EDGE('',*,*,#1477,.T.);
#2262 = FACE_BOUND('',#2263,.T.);
#2263 = EDGE_LOOP('',(#2264,#2271));
#2264 = ORIENTED_EDGE('',*,*,#2265,.T.);
#2265 = EDGE_CURVE('',#1493,#1526,#2266,.T.);
#2266 = ( BOUNDED_CURVE() B_SPLINE_CURVE(3,(#2267,#2268,#2269,#2270),
.UNSPECIFIED.,.F.,.F.) B_SPLINE_CURVE_WITH_KNOTS((4,4),(0.,3.14159265359
),.PIECEWISE_BEZIER_KNOTS.) CURVE() GEOMETRIC_REPRESENTATION_ITEM() 
RATIONAL_B_SPLINE_CURVE((1.,0.333333333333,0.333333333333,1.)) 
REPRESENTATION_ITEM('') );
#2267 = CARTESIAN_POINT('',(7.5,3.175426480543,9.05));
#2268 = CARTESIAN_POINT('',(7.5,3.175426480543,11.05));
#2269 = CARTESIAN_POINT('',(7.5,5.484827557301,11.05));
#2270 = CARTESIAN_POINT('',(7.5,5.484827557301,9.05));
#2271 = ORIENTED_EDGE('',*,*,#1533,.T.);
#2272 = PLANE('',#2273);
#2273 = AXIS2_PLACEMENT_3D('',#2274,#2275,#2276);
#2274 = CARTESIAN_POINT('',(7.5,8.,-9.75));
#2275 = DIRECTION('',(1.,-5.59588218057E-17,0.));
#2276 = DIRECTION('',(5.59588218057E-17,1.,0.));
#2277 = ADVANCED_FACE('',(#2278),#2312,.T.);
#2278 = FACE_BOUND('',#2279,.T.);
#2279 = EDGE_LOOP('',(#2280,#2290,#2298,#2306));
#2280 = ORIENTED_EDGE('',*,*,#2281,.F.);
#2281 = EDGE_CURVE('',#2282,#2284,#2286,.T.);
#2282 = VERTEX_POINT('',#2283);
#2283 = CARTESIAN_POINT('',(7.5,-2.5,13.75));
#2284 = VERTEX_POINT('',#2285);
#2285 = CARTESIAN_POINT('',(7.5,-2.5,20.25));
#2286 = LINE('',#2287,#2288);
#2287 = CARTESIAN_POINT('',(7.5,-2.5,-9.75));
#2288 = VECTOR('',#2289,1.);
#2289 = DIRECTION('',(-0.,-0.,1.));
#2290 = ORIENTED_EDGE('',*,*,#2291,.T.);
#2291 = EDGE_CURVE('',#2282,#2292,#2294,.T.);
#2292 = VERTEX_POINT('',#2293);
#2293 = CARTESIAN_POINT('',(7.5,8.,13.75));
#2294 = LINE('',#2295,#2296);
#2295 = CARTESIAN_POINT('',(7.5,-4.5,13.75));
#2296 = VECTOR('',#2297,1.);
#2297 = DIRECTION('',(-1.156482317318E-16,1.,0.));
#2298 = ORIENTED_EDGE('',*,*,#2299,.T.);
#2299 = EDGE_CURVE('',#2292,#2300,#2302,.T.);
#2300 = VERTEX_POINT('',#2301);
#2301 = CARTESIAN_POINT('',(7.5,8.,20.25));
#2302 = LINE('',#2303,#2304);
#2303 = CARTESIAN_POINT('',(7.5,8.,-9.75));
#2304 = VECTOR('',#2305,1.);
#2305 = DIRECTION('',(0.,0.,1.));
#2306 = ORIENTED_EDGE('',*,*,#2307,.T.);
#2307 = EDGE_CURVE('',#2300,#2284,#2308,.T.);
#2308 = LINE('',#2309,#2310);
#2309 = CARTESIAN_POINT('',(7.5,18.,20.25));
#2310 = VECTOR('',#2311,1.);
#2311 = DIRECTION('',(1.156482317318E-16,-1.,1.54197642309E-16));
#2312 = PLANE('',#2313);
#2313 = AXIS2_PLACEMENT_3D('',#2314,#2315,#2316);
#2314 = CARTESIAN_POINT('',(7.5,8.,-9.75));
#2315 = DIRECTION('',(1.,-5.59588218057E-17,0.));
#2316 = DIRECTION('',(5.59588218057E-17,1.,0.));
#2317 = ADVANCED_FACE('',(#2318),#2352,.T.);
#2318 = FACE_BOUND('',#2319,.T.);
#2319 = EDGE_LOOP('',(#2320,#2330,#2338,#2346));
#2320 = ORIENTED_EDGE('',*,*,#2321,.T.);
#2321 = EDGE_CURVE('',#2322,#2324,#2326,.T.);
#2322 = VERTEX_POINT('',#2323);
#2323 = CARTESIAN_POINT('',(-7.5,-2.5,21.25));
#2324 = VERTEX_POINT('',#2325);
#2325 = CARTESIAN_POINT('',(-7.5,-2.5,27.75));
#2326 = LINE('',#2327,#2328);
#2327 = CARTESIAN_POINT('',(-7.5,-2.5,-9.75));
#2328 = VECTOR('',#2329,1.);
#2329 = DIRECTION('',(-0.,-0.,1.));
#2330 = ORIENTED_EDGE('',*,*,#2331,.F.);
#2331 = EDGE_CURVE('',#2332,#2324,#2334,.T.);
#2332 = VERTEX_POINT('',#2333);
#2333 = CARTESIAN_POINT('',(-7.5,8.,27.75));
#2334 = LINE('',#2335,#2336);
#2335 = CARTESIAN_POINT('',(-7.5,8.,27.75));
#2336 = VECTOR('',#2337,1.);
#2337 = DIRECTION('',(1.119176436114E-16,-1.,0.));
#2338 = ORIENTED_EDGE('',*,*,#2339,.F.);
#2339 = EDGE_CURVE('',#2340,#2332,#2342,.T.);
#2340 = VERTEX_POINT('',#2341);
#2341 = CARTESIAN_POINT('',(-7.5,8.,21.25));
#2342 = LINE('',#2343,#2344);
#2343 = CARTESIAN_POINT('',(-7.5,8.,-9.75));
#2344 = VECTOR('',#2345,1.);
#2345 = DIRECTION('',(0.,0.,1.));
#2346 = ORIENTED_EDGE('',*,*,#2347,.F.);
#2347 = EDGE_CURVE('',#2322,#2340,#2348,.T.);
#2348 = LINE('',#2349,#2350);
#2349 = CARTESIAN_POINT('',(-7.5,18.,21.25));
#2350 = VECTOR('',#2351,1.);
#2351 = DIRECTION('',(-1.156482317318E-16,1.,-3.083952846181E-16));
#2352 = PLANE('',#2353);
#2353 = AXIS2_PLACEMENT_3D('',#2354,#2355,#2356);
#2354 = CARTESIAN_POINT('',(-7.5,-7.5,-9.75));
#2355 = DIRECTION('',(-1.,-1.678764654171E-16,0.));
#2356 = DIRECTION('',(1.678764654171E-16,-1.,0.));
#2357 = ADVANCED_FACE('',(#2358),#2392,.T.);
#2358 = FACE_BOUND('',#2359,.T.);
#2359 = EDGE_LOOP('',(#2360,#2370,#2378,#2386));
#2360 = ORIENTED_EDGE('',*,*,#2361,.T.);
#2361 = EDGE_CURVE('',#2362,#2364,#2366,.T.);
#2362 = VERTEX_POINT('',#2363);
#2363 = CARTESIAN_POINT('',(-7.5,-2.5,13.75));
#2364 = VERTEX_POINT('',#2365);
#2365 = CARTESIAN_POINT('',(-7.5,-2.5,20.25));
#2366 = LINE('',#2367,#2368);
#2367 = CARTESIAN_POINT('',(-7.5,-2.5,-9.75));
#2368 = VECTOR('',#2369,1.);
#2369 = DIRECTION('',(-0.,-0.,1.));
#2370 = ORIENTED_EDGE('',*,*,#2371,.F.);
#2371 = EDGE_CURVE('',#2372,#2364,#2374,.T.);
#2372 = VERTEX_POINT('',#2373);
#2373 = CARTESIAN_POINT('',(-7.5,8.,20.25));
#2374 = LINE('',#2375,#2376);
#2375 = CARTESIAN_POINT('',(-7.5,18.,20.25));
#2376 = VECTOR('',#2377,1.);
#2377 = DIRECTION('',(1.156482317318E-16,-1.,1.54197642309E-16));
#2378 = ORIENTED_EDGE('',*,*,#2379,.F.);
#2379 = EDGE_CURVE('',#2380,#2372,#2382,.T.);
#2380 = VERTEX_POINT('',#2381);
#2381 = CARTESIAN_POINT('',(-7.5,8.,13.75));
#2382 = LINE('',#2383,#2384);
#2383 = CARTESIAN_POINT('',(-7.5,8.,-9.75));
#2384 = VECTOR('',#2385,1.);
#2385 = DIRECTION('',(0.,0.,1.));
#2386 = ORIENTED_EDGE('',*,*,#2387,.F.);
#2387 = EDGE_CURVE('',#2362,#2380,#2388,.T.);
#2388 = LINE('',#2389,#2390);
#2389 = CARTESIAN_POINT('',(-7.5,-4.5,13.75));
#2390 = VECTOR('',#2391,1.);
#2391 = DIRECTION('',(-1.156482317318E-16,1.,0.));
#2392 = PLANE('',#2393);
#2393 = AXIS2_PLACEMENT_3D('',#2394,#2395,#2396);
#2394 = CARTESIAN_POINT('',(-7.5,-7.5,-9.75));
#2395 = DIRECTION('',(-1.,-1.678764654171E-16,0.));
#2396 = DIRECTION('',(1.678764654171E-16,-1.,0.));
#2397 = ADVANCED_FACE('',(#2398,#2432,#2442),#2452,.T.);
#2398 = FACE_BOUND('',#2399,.T.);
#2399 = EDGE_LOOP('',(#2400,#2410,#2418,#2426));
#2400 = ORIENTED_EDGE('',*,*,#2401,.T.);
#2401 = EDGE_CURVE('',#2402,#2404,#2406,.T.);
#2402 = VERTEX_POINT('',#2403);
#2403 = CARTESIAN_POINT('',(-7.5,-2.5,-9.75));
#2404 = VERTEX_POINT('',#2405);
#2405 = CARTESIAN_POINT('',(-7.5,-2.5,10.75));
#2406 = LINE('',#2407,#2408);
#2407 = CARTESIAN_POINT('',(-7.5,-2.5,-9.75));
#2408 = VECTOR('',#2409,1.);
#2409 = DIRECTION('',(-0.,-0.,1.));
#2410 = ORIENTED_EDGE('',*,*,#2411,.F.);
#2411 = EDGE_CURVE('',#2412,#2404,#2414,.T.);
#2412 = VERTEX_POINT('',#2413);
#2413 = CARTESIAN_POINT('',(-7.5,8.,10.75));
#2414 = LINE('',#2415,#2416);
#2415 = CARTESIAN_POINT('',(-7.5,-4.5,10.75));
#2416 = VECTOR('',#2417,1.);
#2417 = DIRECTION('',(1.156482317318E-16,-1.,-0.));
#2418 = ORIENTED_EDGE('',*,*,#2419,.F.);
#2419 = EDGE_CURVE('',#2420,#2412,#2422,.T.);
#2420 = VERTEX_POINT('',#2421);
#2421 = CARTESIAN_POINT('',(-7.5,8.,-9.75));
#2422 = LINE('',#2423,#2424);
#2423 = CARTESIAN_POINT('',(-7.5,8.,-9.75));
#2424 = VECTOR('',#2425,1.);
#2425 = DIRECTION('',(0.,0.,1.));
#2426 = ORIENTED_EDGE('',*,*,#2427,.T.);
#2427 = EDGE_CURVE('',#2420,#2402,#2428,.T.);
#2428 = LINE('',#2429,#2430);
#2429 = CARTESIAN_POINT('',(-7.5,-7.5,-9.75));
#2430 = VECTOR('',#2431,1.);
#2431 = DIRECTION('',(1.678764654171E-16,-1.,-0.));
#2432 = FACE_BOUND('',#2433,.T.);
#2433 = EDGE_LOOP('',(#2434,#2441));
#2434 = ORIENTED_EDGE('',*,*,#2435,.T.);
#2435 = EDGE_CURVE('',#1549,#1582,#2436,.T.);
#2436 = ( BOUNDED_CURVE() B_SPLINE_CURVE(3,(#2437,#2438,#2439,#2440),
.UNSPECIFIED.,.F.,.F.) B_SPLINE_CURVE_WITH_KNOTS((4,4),(3.14159265359,
6.28318530718),.PIECEWISE_BEZIER_KNOTS.) CURVE() 
GEOMETRIC_REPRESENTATION_ITEM() RATIONAL_B_SPLINE_CURVE((1.,
0.333333333333,0.333333333333,1.)) REPRESENTATION_ITEM('') );
#2437 = CARTESIAN_POINT('',(-7.5,5.484827557301,-1.25));
#2438 = CARTESIAN_POINT('',(-7.5,5.484827557301,0.75));
#2439 = CARTESIAN_POINT('',(-7.5,3.175426480543,0.75));
#2440 = CARTESIAN_POINT('',(-7.5,3.175426480543,-1.25));
#2441 = ORIENTED_EDGE('',*,*,#1589,.T.);
#2442 = FACE_BOUND('',#2443,.T.);
#2443 = EDGE_LOOP('',(#2444,#2451));
#2444 = ORIENTED_EDGE('',*,*,#2445,.T.);
#2445 = EDGE_CURVE('',#1605,#1638,#2446,.T.);
#2446 = ( BOUNDED_CURVE() B_SPLINE_CURVE(3,(#2447,#2448,#2449,#2450),
.UNSPECIFIED.,.F.,.F.) B_SPLINE_CURVE_WITH_KNOTS((4,4),(3.14159265359,
6.28318530718),.PIECEWISE_BEZIER_KNOTS.) CURVE() 
GEOMETRIC_REPRESENTATION_ITEM() RATIONAL_B_SPLINE_CURVE((1.,
0.333333333333,0.333333333333,1.)) REPRESENTATION_ITEM('') );
#2447 = CARTESIAN_POINT('',(-7.5,5.484827557301,9.05));
#2448 = CARTESIAN_POINT('',(-7.5,5.484827557301,11.05));
#2449 = CARTESIAN_POINT('',(-7.5,3.175426480543,11.05));
#2450 = CARTESIAN_POINT('',(-7.5,3.175426480543,9.05));
#2451 = ORIENTED_EDGE('',*,*,#1645,.T.);
#2452 = PLANE('',#2453);
#2453 = AXIS2_PLACEMENT_3D('',#2454,#2455,#2456);
#2454 = CARTESIAN_POINT('',(-7.5,-7.5,-9.75));
#2455 = DIRECTION('',(-1.,-1.678764654171E-16,0.));
#2456 = DIRECTION('',(1.678764654171E-16,-1.,0.));
#2457 = ADVANCED_FACE('',(#2458,#2468),#2493,.T.);
#2458 = FACE_BOUND('',#2459,.T.);
#2459 = EDGE_LOOP('',(#2460,#2467));
#2460 = ORIENTED_EDGE('',*,*,#2461,.F.);
#2461 = EDGE_CURVE('',#1145,#1153,#2462,.T.);
#2462 = CIRCLE('',#2463,1.6);
#2463 = AXIS2_PLACEMENT_3D('',#2464,#2465,#2466);
#2464 = CARTESIAN_POINT('',(1.5,15.,16.75));
#2465 = DIRECTION('',(-1.,0.,0.));
#2466 = DIRECTION('',(0.,0.,1.));
#2467 = ORIENTED_EDGE('',*,*,#1152,.F.);
#2468 = FACE_BOUND('',#2469,.T.);
#2469 = EDGE_LOOP('',(#2470,#2478,#2486,#2492));
#2470 = ORIENTED_EDGE('',*,*,#2471,.F.);
#2471 = EDGE_CURVE('',#2472,#2100,#2474,.T.);
#2472 = VERTEX_POINT('',#2473);
#2473 = CARTESIAN_POINT('',(1.5,18.,20.25));
#2474 = LINE('',#2475,#2476);
#2475 = CARTESIAN_POINT('',(1.5,4.625929269271E-15,20.25));
#2476 = VECTOR('',#2477,1.);
#2477 = DIRECTION('',(0.,-1.,1.54197642309E-16));
#2478 = ORIENTED_EDGE('',*,*,#2479,.F.);
#2479 = EDGE_CURVE('',#2480,#2472,#2482,.T.);
#2480 = VERTEX_POINT('',#2481);
#2481 = CARTESIAN_POINT('',(1.5,18.,13.75));
#2482 = LINE('',#2483,#2484);
#2483 = CARTESIAN_POINT('',(1.5,18.,-9.75));
#2484 = VECTOR('',#2485,1.);
#2485 = DIRECTION('',(0.,0.,1.));
#2486 = ORIENTED_EDGE('',*,*,#2487,.F.);
#2487 = EDGE_CURVE('',#2102,#2480,#2488,.T.);
#2488 = LINE('',#2489,#2490);
#2489 = CARTESIAN_POINT('',(1.5,0.,13.75));
#2490 = VECTOR('',#2491,1.);
#2491 = DIRECTION('',(0.,1.,0.));
#2492 = ORIENTED_EDGE('',*,*,#2099,.F.);
#2493 = PLANE('',#2494);
#2494 = AXIS2_PLACEMENT_3D('',#2495,#2496,#2497);
#2495 = CARTESIAN_POINT('',(1.5,0.,-9.75));
#2496 = DIRECTION('',(-1.,0.,0.));
#2497 = DIRECTION('',(0.,0.,1.));
#2498 = ADVANCED_FACE('',(#2499),#2524,.T.);
#2499 = FACE_BOUND('',#2500,.T.);
#2500 = EDGE_LOOP('',(#2501,#2509,#2517,#2523));
#2501 = ORIENTED_EDGE('',*,*,#2502,.F.);
#2502 = EDGE_CURVE('',#2503,#2372,#2505,.T.);
#2503 = VERTEX_POINT('',#2504);
#2504 = CARTESIAN_POINT('',(-5.,8.,20.25));
#2505 = LINE('',#2506,#2507);
#2506 = CARTESIAN_POINT('',(-7.5,8.,20.25));
#2507 = VECTOR('',#2508,1.);
#2508 = DIRECTION('',(-1.,0.,-1.783268467025E-32));
#2509 = ORIENTED_EDGE('',*,*,#2510,.F.);
#2510 = EDGE_CURVE('',#2511,#2503,#2513,.T.);
#2511 = VERTEX_POINT('',#2512);
#2512 = CARTESIAN_POINT('',(-5.,8.,13.75));
#2513 = LINE('',#2514,#2515);
#2514 = CARTESIAN_POINT('',(-5.,8.,-9.75));
#2515 = VECTOR('',#2516,1.);
#2516 = DIRECTION('',(0.,0.,1.));
#2517 = ORIENTED_EDGE('',*,*,#2518,.F.);
#2518 = EDGE_CURVE('',#2380,#2511,#2519,.T.);
#2519 = LINE('',#2520,#2521);
#2520 = CARTESIAN_POINT('',(-7.5,8.,13.75));
#2521 = VECTOR('',#2522,1.);
#2522 = DIRECTION('',(1.,0.,-0.));
#2523 = ORIENTED_EDGE('',*,*,#2379,.T.);
#2524 = PLANE('',#2525);
#2525 = AXIS2_PLACEMENT_3D('',#2526,#2527,#2528);
#2526 = CARTESIAN_POINT('',(-7.5,8.,-9.75));
#2527 = DIRECTION('',(0.,1.,0.));
#2528 = DIRECTION('',(0.,-0.,1.));
#2529 = ADVANCED_FACE('',(#2530,#2540),#2565,.T.);
#2530 = FACE_BOUND('',#2531,.T.);
#2531 = EDGE_LOOP('',(#2532,#2539));
#2532 = ORIENTED_EDGE('',*,*,#2533,.F.);
#2533 = EDGE_CURVE('',#1103,#1111,#2534,.T.);
#2534 = CIRCLE('',#2535,1.6);
#2535 = AXIS2_PLACEMENT_3D('',#2536,#2537,#2538);
#2536 = CARTESIAN_POINT('',(-5.,15.,16.75));
#2537 = DIRECTION('',(-1.,0.,-0.));
#2538 = DIRECTION('',(-0.,0.,1.));
#2539 = ORIENTED_EDGE('',*,*,#1110,.F.);
#2540 = FACE_BOUND('',#2541,.T.);
#2541 = EDGE_LOOP('',(#2542,#2550,#2558,#2564));
#2542 = ORIENTED_EDGE('',*,*,#2543,.F.);
#2543 = EDGE_CURVE('',#2544,#2503,#2546,.T.);
#2544 = VERTEX_POINT('',#2545);
#2545 = CARTESIAN_POINT('',(-5.,18.,20.25));
#2546 = LINE('',#2547,#2548);
#2547 = CARTESIAN_POINT('',(-5.,8.,20.25));
#2548 = VECTOR('',#2549,1.);
#2549 = DIRECTION('',(0.,-1.,1.54197642309E-16));
#2550 = ORIENTED_EDGE('',*,*,#2551,.F.);
#2551 = EDGE_CURVE('',#2552,#2544,#2554,.T.);
#2552 = VERTEX_POINT('',#2553);
#2553 = CARTESIAN_POINT('',(-5.,18.,13.75));
#2554 = LINE('',#2555,#2556);
#2555 = CARTESIAN_POINT('',(-5.,18.,-9.75));
#2556 = VECTOR('',#2557,1.);
#2557 = DIRECTION('',(0.,0.,1.));
#2558 = ORIENTED_EDGE('',*,*,#2559,.F.);
#2559 = EDGE_CURVE('',#2511,#2552,#2560,.T.);
#2560 = LINE('',#2561,#2562);
#2561 = CARTESIAN_POINT('',(-5.,8.,13.75));
#2562 = VECTOR('',#2563,1.);
#2563 = DIRECTION('',(0.,1.,0.));
#2564 = ORIENTED_EDGE('',*,*,#2510,.T.);
#2565 = PLANE('',#2566);
#2566 = AXIS2_PLACEMENT_3D('',#2567,#2568,#2569);
#2567 = CARTESIAN_POINT('',(-5.,8.,-9.75));
#2568 = DIRECTION('',(-1.,0.,0.));
#2569 = DIRECTION('',(0.,0.,1.));
#2570 = ADVANCED_FACE('',(#2571),#2596,.T.);
#2571 = FACE_BOUND('',#2572,.T.);
#2572 = EDGE_LOOP('',(#2573,#2581,#2589,#2595));
#2573 = ORIENTED_EDGE('',*,*,#2574,.F.);
#2574 = EDGE_CURVE('',#2575,#2544,#2577,.T.);
#2575 = VERTEX_POINT('',#2576);
#2576 = CARTESIAN_POINT('',(-1.5,18.,20.25));
#2577 = LINE('',#2578,#2579);
#2578 = CARTESIAN_POINT('',(7.5,18.,20.25));
#2579 = VECTOR('',#2580,1.);
#2580 = DIRECTION('',(-1.,-1.156482317318E-16,-0.));
#2581 = ORIENTED_EDGE('',*,*,#2582,.F.);
#2582 = EDGE_CURVE('',#2583,#2575,#2585,.T.);
#2583 = VERTEX_POINT('',#2584);
#2584 = CARTESIAN_POINT('',(-1.5,18.,13.75));
#2585 = LINE('',#2586,#2587);
#2586 = CARTESIAN_POINT('',(-1.5,18.,-9.75));
#2587 = VECTOR('',#2588,1.);
#2588 = DIRECTION('',(0.,0.,1.));
#2589 = ORIENTED_EDGE('',*,*,#2590,.T.);
#2590 = EDGE_CURVE('',#2583,#2552,#2591,.T.);
#2591 = LINE('',#2592,#2593);
#2592 = CARTESIAN_POINT('',(7.5,18.,13.75));
#2593 = VECTOR('',#2594,1.);
#2594 = DIRECTION('',(-1.,-1.156482317318E-16,-0.));
#2595 = ORIENTED_EDGE('',*,*,#2551,.T.);
#2596 = PLANE('',#2597);
#2597 = AXIS2_PLACEMENT_3D('',#2598,#2599,#2600);
#2598 = CARTESIAN_POINT('',(-5.,18.,-9.75));
#2599 = DIRECTION('',(-9.91270557701E-16,1.,0.));
#2600 = DIRECTION('',(-1.,-9.91270557701E-16,0.));
#2601 = ADVANCED_FACE('',(#2602,#2612),#2628,.T.);
#2602 = FACE_BOUND('',#2603,.T.);
#2603 = EDGE_LOOP('',(#2604,#2605));
#2604 = ORIENTED_EDGE('',*,*,#1127,.F.);
#2605 = ORIENTED_EDGE('',*,*,#2606,.F.);
#2606 = EDGE_CURVE('',#1120,#1101,#2607,.T.);
#2607 = CIRCLE('',#2608,1.6);
#2608 = AXIS2_PLACEMENT_3D('',#2609,#2610,#2611);
#2609 = CARTESIAN_POINT('',(-1.5,15.,16.75));
#2610 = DIRECTION('',(1.,1.204669080539E-16,-0.));
#2611 = DIRECTION('',(-1.204669080539E-16,1.,0.));
#2612 = FACE_BOUND('',#2613,.T.);
#2613 = EDGE_LOOP('',(#2614,#2620,#2621,#2627));
#2614 = ORIENTED_EDGE('',*,*,#2615,.F.);
#2615 = EDGE_CURVE('',#1953,#2575,#2616,.T.);
#2616 = LINE('',#2617,#2618);
#2617 = CARTESIAN_POINT('',(-1.5,18.,20.25));
#2618 = VECTOR('',#2619,1.);
#2619 = DIRECTION('',(-1.204669080539E-16,1.,-1.54197642309E-16));
#2620 = ORIENTED_EDGE('',*,*,#1961,.F.);
#2621 = ORIENTED_EDGE('',*,*,#2622,.F.);
#2622 = EDGE_CURVE('',#2583,#1962,#2623,.T.);
#2623 = LINE('',#2624,#2625);
#2624 = CARTESIAN_POINT('',(-1.5,18.,13.75));
#2625 = VECTOR('',#2626,1.);
#2626 = DIRECTION('',(1.204669080539E-16,-1.,0.));
#2627 = ORIENTED_EDGE('',*,*,#2582,.T.);
#2628 = PLANE('',#2629);
#2629 = AXIS2_PLACEMENT_3D('',#2630,#2631,#2632);
#2630 = CARTESIAN_POINT('',(-1.5,18.,-9.75));
#2631 = DIRECTION('',(1.,1.204669080539E-16,-0.));
#2632 = DIRECTION('',(-1.204669080539E-16,1.,0.));
#2633 = ADVANCED_FACE('',(#2634),#2659,.T.);
#2634 = FACE_BOUND('',#2635,.T.);
#2635 = EDGE_LOOP('',(#2636,#2644,#2652,#2658));
#2636 = ORIENTED_EDGE('',*,*,#2637,.F.);
#2637 = EDGE_CURVE('',#2638,#2472,#2640,.T.);
#2638 = VERTEX_POINT('',#2639);
#2639 = CARTESIAN_POINT('',(5.,18.,20.25));
#2640 = LINE('',#2641,#2642);
#2641 = CARTESIAN_POINT('',(7.5,18.,20.25));
#2642 = VECTOR('',#2643,1.);
#2643 = DIRECTION('',(-1.,-1.156482317318E-16,-0.));
#2644 = ORIENTED_EDGE('',*,*,#2645,.F.);
#2645 = EDGE_CURVE('',#2646,#2638,#2648,.T.);
#2646 = VERTEX_POINT('',#2647);
#2647 = CARTESIAN_POINT('',(5.,18.,13.75));
#2648 = LINE('',#2649,#2650);
#2649 = CARTESIAN_POINT('',(5.,18.,-9.75));
#2650 = VECTOR('',#2651,1.);
#2651 = DIRECTION('',(0.,0.,1.));
#2652 = ORIENTED_EDGE('',*,*,#2653,.T.);
#2653 = EDGE_CURVE('',#2646,#2480,#2654,.T.);
#2654 = LINE('',#2655,#2656);
#2655 = CARTESIAN_POINT('',(7.5,18.,13.75));
#2656 = VECTOR('',#2657,1.);
#2657 = DIRECTION('',(-1.,-1.156482317318E-16,-0.));
#2658 = ORIENTED_EDGE('',*,*,#2479,.T.);
#2659 = PLANE('',#2660);
#2660 = AXIS2_PLACEMENT_3D('',#2661,#2662,#2663);
#2661 = CARTESIAN_POINT('',(1.5,18.,-9.75));
#2662 = DIRECTION('',(0.,1.,0.));
#2663 = DIRECTION('',(0.,-0.,1.));
#2664 = ADVANCED_FACE('',(#2665,#2675),#2700,.T.);
#2665 = FACE_BOUND('',#2666,.T.);
#2666 = EDGE_LOOP('',(#2667,#2668));
#2667 = ORIENTED_EDGE('',*,*,#1169,.F.);
#2668 = ORIENTED_EDGE('',*,*,#2669,.F.);
#2669 = EDGE_CURVE('',#1162,#1143,#2670,.T.);
#2670 = CIRCLE('',#2671,1.6);
#2671 = AXIS2_PLACEMENT_3D('',#2672,#2673,#2674);
#2672 = CARTESIAN_POINT('',(5.,15.,16.75));
#2673 = DIRECTION('',(1.,1.734723475977E-16,-0.));
#2674 = DIRECTION('',(-1.734723475977E-16,1.,0.));
#2675 = FACE_BOUND('',#2676,.T.);
#2676 = EDGE_LOOP('',(#2677,#2685,#2693,#2699));
#2677 = ORIENTED_EDGE('',*,*,#2678,.F.);
#2678 = EDGE_CURVE('',#2679,#2638,#2681,.T.);
#2679 = VERTEX_POINT('',#2680);
#2680 = CARTESIAN_POINT('',(5.,8.,20.25));
#2681 = LINE('',#2682,#2683);
#2682 = CARTESIAN_POINT('',(5.,18.,20.25));
#2683 = VECTOR('',#2684,1.);
#2684 = DIRECTION('',(-1.734723475977E-16,1.,-1.54197642309E-16));
#2685 = ORIENTED_EDGE('',*,*,#2686,.F.);
#2686 = EDGE_CURVE('',#2687,#2679,#2689,.T.);
#2687 = VERTEX_POINT('',#2688);
#2688 = CARTESIAN_POINT('',(5.,8.,13.75));
#2689 = LINE('',#2690,#2691);
#2690 = CARTESIAN_POINT('',(5.,8.,-9.75));
#2691 = VECTOR('',#2692,1.);
#2692 = DIRECTION('',(0.,0.,1.));
#2693 = ORIENTED_EDGE('',*,*,#2694,.F.);
#2694 = EDGE_CURVE('',#2646,#2687,#2695,.T.);
#2695 = LINE('',#2696,#2697);
#2696 = CARTESIAN_POINT('',(5.,18.,13.75));
#2697 = VECTOR('',#2698,1.);
#2698 = DIRECTION('',(1.734723475977E-16,-1.,0.));
#2699 = ORIENTED_EDGE('',*,*,#2645,.T.);
#2700 = PLANE('',#2701);
#2701 = AXIS2_PLACEMENT_3D('',#2702,#2703,#2704);
#2702 = CARTESIAN_POINT('',(5.,18.,-9.75));
#2703 = DIRECTION('',(1.,1.734723475977E-16,-0.));
#2704 = DIRECTION('',(-1.734723475977E-16,1.,0.));
#2705 = ADVANCED_FACE('',(#2706),#2722,.T.);
#2706 = FACE_BOUND('',#2707,.T.);
#2707 = EDGE_LOOP('',(#2708,#2714,#2715,#2721));
#2708 = ORIENTED_EDGE('',*,*,#2709,.F.);
#2709 = EDGE_CURVE('',#2300,#2679,#2710,.T.);
#2710 = LINE('',#2711,#2712);
#2711 = CARTESIAN_POINT('',(5.,8.,20.25));
#2712 = VECTOR('',#2713,1.);
#2713 = DIRECTION('',(-1.,1.387778780781E-15,-2.318249007133E-31));
#2714 = ORIENTED_EDGE('',*,*,#2299,.F.);
#2715 = ORIENTED_EDGE('',*,*,#2716,.F.);
#2716 = EDGE_CURVE('',#2687,#2292,#2717,.T.);
#2717 = LINE('',#2718,#2719);
#2718 = CARTESIAN_POINT('',(5.,8.,13.75));
#2719 = VECTOR('',#2720,1.);
#2720 = DIRECTION('',(1.,-1.387778780781E-15,0.));
#2721 = ORIENTED_EDGE('',*,*,#2686,.T.);
#2722 = PLANE('',#2723);
#2723 = AXIS2_PLACEMENT_3D('',#2724,#2725,#2726);
#2724 = CARTESIAN_POINT('',(5.,8.,-9.75));
#2725 = DIRECTION('',(1.387778780781E-15,1.,-0.));
#2726 = DIRECTION('',(-1.,1.387778780781E-15,0.));
#2727 = ADVANCED_FACE('',(#2728,#2753),#2763,.T.);
#2728 = FACE_BOUND('',#2729,.T.);
#2729 = EDGE_LOOP('',(#2730,#2738,#2746,#2752));
#2730 = ORIENTED_EDGE('',*,*,#2731,.F.);
#2731 = EDGE_CURVE('',#2732,#2069,#2734,.T.);
#2732 = VERTEX_POINT('',#2733);
#2733 = CARTESIAN_POINT('',(1.5,18.,10.75));
#2734 = LINE('',#2735,#2736);
#2735 = CARTESIAN_POINT('',(1.5,0.,10.75));
#2736 = VECTOR('',#2737,1.);
#2737 = DIRECTION('',(0.,-1.,0.));
#2738 = ORIENTED_EDGE('',*,*,#2739,.F.);
#2739 = EDGE_CURVE('',#2740,#2732,#2742,.T.);
#2740 = VERTEX_POINT('',#2741);
#2741 = CARTESIAN_POINT('',(1.5,18.,5.348076211353));
#2742 = LINE('',#2743,#2744);
#2743 = CARTESIAN_POINT('',(1.5,18.,-9.75));
#2744 = VECTOR('',#2745,1.);
#2745 = DIRECTION('',(0.,0.,1.));
#2746 = ORIENTED_EDGE('',*,*,#2747,.F.);
#2747 = EDGE_CURVE('',#2044,#2740,#2748,.T.);
#2748 = LINE('',#2749,#2750);
#2749 = CARTESIAN_POINT('',(1.5,18.,5.348076211353));
#2750 = VECTOR('',#2751,1.);
#2751 = DIRECTION('',(-0.,1.,-0.));
#2752 = ORIENTED_EDGE('',*,*,#2068,.F.);
#2753 = FACE_BOUND('',#2754,.T.);
#2754 = EDGE_LOOP('',(#2755,#2762));
#2755 = ORIENTED_EDGE('',*,*,#2756,.F.);
#2756 = EDGE_CURVE('',#1271,#1279,#2757,.T.);
#2757 = CIRCLE('',#2758,1.6);
#2758 = AXIS2_PLACEMENT_3D('',#2759,#2760,#2761);
#2759 = CARTESIAN_POINT('',(1.5,15.,8.25));
#2760 = DIRECTION('',(-1.,0.,0.));
#2761 = DIRECTION('',(0.,0.,1.));
#2762 = ORIENTED_EDGE('',*,*,#1278,.F.);
#2763 = PLANE('',#2764);
#2764 = AXIS2_PLACEMENT_3D('',#2765,#2766,#2767);
#2765 = CARTESIAN_POINT('',(1.5,0.,-9.75));
#2766 = DIRECTION('',(-1.,0.,0.));
#2767 = DIRECTION('',(0.,0.,1.));
#2768 = ADVANCED_FACE('',(#2769),#2794,.T.);
#2769 = FACE_BOUND('',#2770,.T.);
#2770 = EDGE_LOOP('',(#2771,#2779,#2787,#2793));
#2771 = ORIENTED_EDGE('',*,*,#2772,.F.);
#2772 = EDGE_CURVE('',#2773,#2412,#2775,.T.);
#2773 = VERTEX_POINT('',#2774);
#2774 = CARTESIAN_POINT('',(-5.,8.,10.75));
#2775 = LINE('',#2776,#2777);
#2776 = CARTESIAN_POINT('',(-7.5,8.,10.75));
#2777 = VECTOR('',#2778,1.);
#2778 = DIRECTION('',(-1.,0.,0.));
#2779 = ORIENTED_EDGE('',*,*,#2780,.F.);
#2780 = EDGE_CURVE('',#2781,#2773,#2783,.T.);
#2781 = VERTEX_POINT('',#2782);
#2782 = CARTESIAN_POINT('',(-5.,8.,-9.75));
#2783 = LINE('',#2784,#2785);
#2784 = CARTESIAN_POINT('',(-5.,8.,-9.75));
#2785 = VECTOR('',#2786,1.);
#2786 = DIRECTION('',(0.,0.,1.));
#2787 = ORIENTED_EDGE('',*,*,#2788,.T.);
#2788 = EDGE_CURVE('',#2781,#2420,#2789,.T.);
#2789 = LINE('',#2790,#2791);
#2790 = CARTESIAN_POINT('',(-7.5,8.,-9.75));
#2791 = VECTOR('',#2792,1.);
#2792 = DIRECTION('',(-1.,-0.,-0.));
#2793 = ORIENTED_EDGE('',*,*,#2419,.T.);
#2794 = PLANE('',#2795);
#2795 = AXIS2_PLACEMENT_3D('',#2796,#2797,#2798);
#2796 = CARTESIAN_POINT('',(-7.5,8.,-9.75));
#2797 = DIRECTION('',(0.,1.,0.));
#2798 = DIRECTION('',(0.,-0.,1.));
#2799 = ADVANCED_FACE('',(#2800,#2825,#2835),#2845,.T.);
#2800 = FACE_BOUND('',#2801,.T.);
#2801 = EDGE_LOOP('',(#2802,#2810,#2818,#2824));
#2802 = ORIENTED_EDGE('',*,*,#2803,.F.);
#2803 = EDGE_CURVE('',#2804,#2773,#2806,.T.);
#2804 = VERTEX_POINT('',#2805);
#2805 = CARTESIAN_POINT('',(-5.,18.,10.75));
#2806 = LINE('',#2807,#2808);
#2807 = CARTESIAN_POINT('',(-5.,8.,10.75));
#2808 = VECTOR('',#2809,1.);
#2809 = DIRECTION('',(0.,-1.,0.));
#2810 = ORIENTED_EDGE('',*,*,#2811,.F.);
#2811 = EDGE_CURVE('',#2812,#2804,#2814,.T.);
#2812 = VERTEX_POINT('',#2813);
#2813 = CARTESIAN_POINT('',(-5.,18.,-9.75));
#2814 = LINE('',#2815,#2816);
#2815 = CARTESIAN_POINT('',(-5.,18.,-9.75));
#2816 = VECTOR('',#2817,1.);
#2817 = DIRECTION('',(0.,0.,1.));
#2818 = ORIENTED_EDGE('',*,*,#2819,.T.);
#2819 = EDGE_CURVE('',#2812,#2781,#2820,.T.);
#2820 = LINE('',#2821,#2822);
#2821 = CARTESIAN_POINT('',(-5.,8.,-9.75));
#2822 = VECTOR('',#2823,1.);
#2823 = DIRECTION('',(-0.,-1.,-0.));
#2824 = ORIENTED_EDGE('',*,*,#2780,.T.);
#2825 = FACE_BOUND('',#2826,.T.);
#2826 = EDGE_LOOP('',(#2827,#2834));
#2827 = ORIENTED_EDGE('',*,*,#2828,.F.);
#2828 = EDGE_CURVE('',#1313,#1321,#2829,.T.);
#2829 = CIRCLE('',#2830,1.6);
#2830 = AXIS2_PLACEMENT_3D('',#2831,#2832,#2833);
#2831 = CARTESIAN_POINT('',(-5.,15.,8.25));
#2832 = DIRECTION('',(-1.,0.,-0.));
#2833 = DIRECTION('',(-0.,0.,1.));
#2834 = ORIENTED_EDGE('',*,*,#1320,.F.);
#2835 = FACE_BOUND('',#2836,.T.);
#2836 = EDGE_LOOP('',(#2837,#2844));
#2837 = ORIENTED_EDGE('',*,*,#2838,.F.);
#2838 = EDGE_CURVE('',#1397,#1405,#2839,.T.);
#2839 = CIRCLE('',#2840,1.6);
#2840 = AXIS2_PLACEMENT_3D('',#2841,#2842,#2843);
#2841 = CARTESIAN_POINT('',(-5.,15.,-7.25));
#2842 = DIRECTION('',(-1.,0.,-0.));
#2843 = DIRECTION('',(-0.,0.,1.));
#2844 = ORIENTED_EDGE('',*,*,#1404,.F.);
#2845 = PLANE('',#2846);
#2846 = AXIS2_PLACEMENT_3D('',#2847,#2848,#2849);
#2847 = CARTESIAN_POINT('',(-5.,8.,-9.75));
#2848 = DIRECTION('',(-1.,0.,0.));
#2849 = DIRECTION('',(0.,0.,1.));
#2850 = ADVANCED_FACE('',(#2851),#2893,.T.);
#2851 = FACE_BOUND('',#2852,.T.);
#2852 = EDGE_LOOP('',(#2853,#2861,#2869,#2878,#2886,#2892));
#2853 = ORIENTED_EDGE('',*,*,#2854,.F.);
#2854 = EDGE_CURVE('',#2855,#2804,#2857,.T.);
#2855 = VERTEX_POINT('',#2856);
#2856 = CARTESIAN_POINT('',(-1.5,18.,10.75));
#2857 = LINE('',#2858,#2859);
#2858 = CARTESIAN_POINT('',(7.5,18.,10.75));
#2859 = VECTOR('',#2860,1.);
#2860 = DIRECTION('',(-1.,-1.156482317318E-16,-0.));
#2861 = ORIENTED_EDGE('',*,*,#2862,.F.);
#2862 = EDGE_CURVE('',#2863,#2855,#2865,.T.);
#2863 = VERTEX_POINT('',#2864);
#2864 = CARTESIAN_POINT('',(-1.5,18.,5.348076211353));
#2865 = LINE('',#2866,#2867);
#2866 = CARTESIAN_POINT('',(-1.5,18.,-9.75));
#2867 = VECTOR('',#2868,1.);
#2868 = DIRECTION('',(0.,0.,1.));
#2869 = ORIENTED_EDGE('',*,*,#2870,.F.);
#2870 = EDGE_CURVE('',#2871,#2863,#2873,.T.);
#2871 = VERTEX_POINT('',#2872);
#2872 = CARTESIAN_POINT('',(-1.5,18.,0.151923788647));
#2873 = CIRCLE('',#2874,3.);
#2874 = AXIS2_PLACEMENT_3D('',#2875,#2876,#2877);
#2875 = CARTESIAN_POINT('',(0.,18.,2.75));
#2876 = DIRECTION('',(-0.,1.,0.));
#2877 = DIRECTION('',(0.,0.,1.));
#2878 = ORIENTED_EDGE('',*,*,#2879,.F.);
#2879 = EDGE_CURVE('',#2880,#2871,#2882,.T.);
#2880 = VERTEX_POINT('',#2881);
#2881 = CARTESIAN_POINT('',(-1.5,18.,-9.75));
#2882 = LINE('',#2883,#2884);
#2883 = CARTESIAN_POINT('',(-1.5,18.,-9.75));
#2884 = VECTOR('',#2885,1.);
#2885 = DIRECTION('',(0.,0.,1.));
#2886 = ORIENTED_EDGE('',*,*,#2887,.T.);
#2887 = EDGE_CURVE('',#2880,#2812,#2888,.T.);
#2888 = LINE('',#2889,#2890);
#2889 = CARTESIAN_POINT('',(-5.,18.,-9.75));
#2890 = VECTOR('',#2891,1.);
#2891 = DIRECTION('',(-1.,-9.91270557701E-16,-0.));
#2892 = ORIENTED_EDGE('',*,*,#2811,.T.);
#2893 = PLANE('',#2894);
#2894 = AXIS2_PLACEMENT_3D('',#2895,#2896,#2897);
#2895 = CARTESIAN_POINT('',(-5.,18.,-9.75));
#2896 = DIRECTION('',(-9.91270557701E-16,1.,0.));
#2897 = DIRECTION('',(-1.,-9.91270557701E-16,0.));
#2898 = ADVANCED_FACE('',(#2899,#2915),#2925,.T.);
#2899 = FACE_BOUND('',#2900,.T.);
#2900 = EDGE_LOOP('',(#2901,#2907,#2908,#2914));
#2901 = ORIENTED_EDGE('',*,*,#2902,.F.);
#2902 = EDGE_CURVE('',#1839,#2855,#2903,.T.);
#2903 = LINE('',#2904,#2905);
#2904 = CARTESIAN_POINT('',(-1.5,18.,10.75));
#2905 = VECTOR('',#2906,1.);
#2906 = DIRECTION('',(-1.204669080539E-16,1.,0.));
#2907 = ORIENTED_EDGE('',*,*,#1847,.F.);
#2908 = ORIENTED_EDGE('',*,*,#2909,.F.);
#2909 = EDGE_CURVE('',#2863,#1848,#2910,.T.);
#2910 = LINE('',#2911,#2912);
#2911 = CARTESIAN_POINT('',(-1.5,18.,5.348076211353));
#2912 = VECTOR('',#2913,1.);
#2913 = DIRECTION('',(0.,-1.,0.));
#2914 = ORIENTED_EDGE('',*,*,#2862,.T.);
#2915 = FACE_BOUND('',#2916,.T.);
#2916 = EDGE_LOOP('',(#2917,#2918));
#2917 = ORIENTED_EDGE('',*,*,#1337,.F.);
#2918 = ORIENTED_EDGE('',*,*,#2919,.F.);
#2919 = EDGE_CURVE('',#1330,#1311,#2920,.T.);
#2920 = CIRCLE('',#2921,1.6);
#2921 = AXIS2_PLACEMENT_3D('',#2922,#2923,#2924);
#2922 = CARTESIAN_POINT('',(-1.5,15.,8.25));
#2923 = DIRECTION('',(1.,1.204669080539E-16,-0.));
#2924 = DIRECTION('',(-1.204669080539E-16,1.,0.));
#2925 = PLANE('',#2926);
#2926 = AXIS2_PLACEMENT_3D('',#2927,#2928,#2929);
#2927 = CARTESIAN_POINT('',(-1.5,18.,-9.75));
#2928 = DIRECTION('',(1.,1.204669080539E-16,-0.));
#2929 = DIRECTION('',(-1.204669080539E-16,1.,0.));
#2930 = ADVANCED_FACE('',(#2931),#2973,.T.);
#2931 = FACE_BOUND('',#2932,.T.);
#2932 = EDGE_LOOP('',(#2933,#2941,#2949,#2957,#2965,#2972));
#2933 = ORIENTED_EDGE('',*,*,#2934,.F.);
#2934 = EDGE_CURVE('',#2935,#2732,#2937,.T.);
#2935 = VERTEX_POINT('',#2936);
#2936 = CARTESIAN_POINT('',(5.,18.,10.75));
#2937 = LINE('',#2938,#2939);
#2938 = CARTESIAN_POINT('',(7.5,18.,10.75));
#2939 = VECTOR('',#2940,1.);
#2940 = DIRECTION('',(-1.,-1.156482317318E-16,-0.));
#2941 = ORIENTED_EDGE('',*,*,#2942,.F.);
#2942 = EDGE_CURVE('',#2943,#2935,#2945,.T.);
#2943 = VERTEX_POINT('',#2944);
#2944 = CARTESIAN_POINT('',(5.,18.,-9.75));
#2945 = LINE('',#2946,#2947);
#2946 = CARTESIAN_POINT('',(5.,18.,-9.75));
#2947 = VECTOR('',#2948,1.);
#2948 = DIRECTION('',(0.,0.,1.));
#2949 = ORIENTED_EDGE('',*,*,#2950,.T.);
#2950 = EDGE_CURVE('',#2943,#2951,#2953,.T.);
#2951 = VERTEX_POINT('',#2952);
#2952 = CARTESIAN_POINT('',(1.5,18.,-9.75));
#2953 = LINE('',#2954,#2955);
#2954 = CARTESIAN_POINT('',(1.5,18.,-9.75));
#2955 = VECTOR('',#2956,1.);
#2956 = DIRECTION('',(-1.,-0.,-0.));
#2957 = ORIENTED_EDGE('',*,*,#2958,.T.);
#2958 = EDGE_CURVE('',#2951,#2959,#2961,.T.);
#2959 = VERTEX_POINT('',#2960);
#2960 = CARTESIAN_POINT('',(1.5,18.,0.151923788647));
#2961 = LINE('',#2962,#2963);
#2962 = CARTESIAN_POINT('',(1.5,18.,-9.75));
#2963 = VECTOR('',#2964,1.);
#2964 = DIRECTION('',(0.,0.,1.));
#2965 = ORIENTED_EDGE('',*,*,#2966,.F.);
#2966 = EDGE_CURVE('',#2740,#2959,#2967,.T.);
#2967 = CIRCLE('',#2968,3.);
#2968 = AXIS2_PLACEMENT_3D('',#2969,#2970,#2971);
#2969 = CARTESIAN_POINT('',(0.,18.,2.75));
#2970 = DIRECTION('',(-0.,1.,0.));
#2971 = DIRECTION('',(0.,0.,1.));
#2972 = ORIENTED_EDGE('',*,*,#2739,.T.);
#2973 = PLANE('',#2974);
#2974 = AXIS2_PLACEMENT_3D('',#2975,#2976,#2977);
#2975 = CARTESIAN_POINT('',(1.5,18.,-9.75));
#2976 = DIRECTION('',(0.,1.,0.));
#2977 = DIRECTION('',(0.,-0.,1.));
#2978 = ADVANCED_FACE('',(#2979,#3004,#3014),#3024,.T.);
#2979 = FACE_BOUND('',#2980,.T.);
#2980 = EDGE_LOOP('',(#2981,#2989,#2997,#3003));
#2981 = ORIENTED_EDGE('',*,*,#2982,.F.);
#2982 = EDGE_CURVE('',#2983,#2935,#2985,.T.);
#2983 = VERTEX_POINT('',#2984);
#2984 = CARTESIAN_POINT('',(5.,8.,10.75));
#2985 = LINE('',#2986,#2987);
#2986 = CARTESIAN_POINT('',(5.,18.,10.75));
#2987 = VECTOR('',#2988,1.);
#2988 = DIRECTION('',(-1.734723475977E-16,1.,0.));
#2989 = ORIENTED_EDGE('',*,*,#2990,.F.);
#2990 = EDGE_CURVE('',#2991,#2983,#2993,.T.);
#2991 = VERTEX_POINT('',#2992);
#2992 = CARTESIAN_POINT('',(5.,8.,-9.75));
#2993 = LINE('',#2994,#2995);
#2994 = CARTESIAN_POINT('',(5.,8.,-9.75));
#2995 = VECTOR('',#2996,1.);
#2996 = DIRECTION('',(0.,0.,1.));
#2997 = ORIENTED_EDGE('',*,*,#2998,.T.);
#2998 = EDGE_CURVE('',#2991,#2943,#2999,.T.);
#2999 = LINE('',#3000,#3001);
#3000 = CARTESIAN_POINT('',(5.,18.,-9.75));
#3001 = VECTOR('',#3002,1.);
#3002 = DIRECTION('',(-1.734723475977E-16,1.,-0.));
#3003 = ORIENTED_EDGE('',*,*,#2942,.T.);
#3004 = FACE_BOUND('',#3005,.T.);
#3005 = EDGE_LOOP('',(#3006,#3007));
#3006 = ORIENTED_EDGE('',*,*,#1295,.F.);
#3007 = ORIENTED_EDGE('',*,*,#3008,.F.);
#3008 = EDGE_CURVE('',#1288,#1269,#3009,.T.);
#3009 = CIRCLE('',#3010,1.6);
#3010 = AXIS2_PLACEMENT_3D('',#3011,#3012,#3013);
#3011 = CARTESIAN_POINT('',(5.,15.,8.25));
#3012 = DIRECTION('',(1.,1.734723475977E-16,-0.));
#3013 = DIRECTION('',(-1.734723475977E-16,1.,0.));
#3014 = FACE_BOUND('',#3015,.T.);
#3015 = EDGE_LOOP('',(#3016,#3017));
#3016 = ORIENTED_EDGE('',*,*,#1379,.F.);
#3017 = ORIENTED_EDGE('',*,*,#3018,.F.);
#3018 = EDGE_CURVE('',#1372,#1353,#3019,.T.);
#3019 = CIRCLE('',#3020,1.6);
#3020 = AXIS2_PLACEMENT_3D('',#3021,#3022,#3023);
#3021 = CARTESIAN_POINT('',(5.,15.,-7.25));
#3022 = DIRECTION('',(1.,1.734723475977E-16,-0.));
#3023 = DIRECTION('',(-1.734723475977E-16,1.,0.));
#3024 = PLANE('',#3025);
#3025 = AXIS2_PLACEMENT_3D('',#3026,#3027,#3028);
#3026 = CARTESIAN_POINT('',(5.,18.,-9.75));
#3027 = DIRECTION('',(1.,1.734723475977E-16,-0.));
#3028 = DIRECTION('',(-1.734723475977E-16,1.,0.));
#3029 = ADVANCED_FACE('',(#3030),#3046,.T.);
#3030 = FACE_BOUND('',#3031,.T.);
#3031 = EDGE_LOOP('',(#3032,#3038,#3039,#3045));
#3032 = ORIENTED_EDGE('',*,*,#3033,.F.);
#3033 = EDGE_CURVE('',#2240,#2983,#3034,.T.);
#3034 = LINE('',#3035,#3036);
#3035 = CARTESIAN_POINT('',(5.,8.,10.75));
#3036 = VECTOR('',#3037,1.);
#3037 = DIRECTION('',(-1.,1.387778780781E-15,0.));
#3038 = ORIENTED_EDGE('',*,*,#2239,.F.);
#3039 = ORIENTED_EDGE('',*,*,#3040,.T.);
#3040 = EDGE_CURVE('',#2232,#2991,#3041,.T.);
#3041 = LINE('',#3042,#3043);
#3042 = CARTESIAN_POINT('',(5.,8.,-9.75));
#3043 = VECTOR('',#3044,1.);
#3044 = DIRECTION('',(-1.,1.387778780781E-15,-0.));
#3045 = ORIENTED_EDGE('',*,*,#2990,.T.);
#3046 = PLANE('',#3047);
#3047 = AXIS2_PLACEMENT_3D('',#3048,#3049,#3050);
#3048 = CARTESIAN_POINT('',(5.,8.,-9.75));
#3049 = DIRECTION('',(1.387778780781E-15,1.,-0.));
#3050 = DIRECTION('',(-1.,1.387778780781E-15,0.));
#3051 = ADVANCED_FACE('',(#3052),#3079,.F.);
#3052 = FACE_BOUND('',#3053,.F.);
#3053 = EDGE_LOOP('',(#3054,#3063,#3071,#3078));
#3054 = ORIENTED_EDGE('',*,*,#3055,.T.);
#3055 = EDGE_CURVE('',#1739,#3056,#3058,.T.);
#3056 = VERTEX_POINT('',#3057);
#3057 = CARTESIAN_POINT('',(-1.5,5.809475019311,27.75));
#3058 = CIRCLE('',#3059,6.);
#3059 = AXIS2_PLACEMENT_3D('',#3060,#3061,#3062);
#3060 = CARTESIAN_POINT('',(0.,0.,27.75));
#3061 = DIRECTION('',(-0.,0.,-1.));
#3062 = DIRECTION('',(-1.,0.,0.));
#3063 = ORIENTED_EDGE('',*,*,#3064,.F.);
#3064 = EDGE_CURVE('',#3065,#3056,#3067,.T.);
#3065 = VERTEX_POINT('',#3066);
#3066 = CARTESIAN_POINT('',(-1.5,5.809475019311,21.25));
#3067 = LINE('',#3068,#3069);
#3068 = CARTESIAN_POINT('',(-1.5,5.809475019311,-9.75));
#3069 = VECTOR('',#3070,1.);
#3070 = DIRECTION('',(-0.,-0.,1.));
#3071 = ORIENTED_EDGE('',*,*,#3072,.F.);
#3072 = EDGE_CURVE('',#1748,#3065,#3073,.T.);
#3073 = CIRCLE('',#3074,6.);
#3074 = AXIS2_PLACEMENT_3D('',#3075,#3076,#3077);
#3075 = CARTESIAN_POINT('',(0.,0.,21.25));
#3076 = DIRECTION('',(3.56653693405E-32,-3.083952846181E-16,-1.));
#3077 = DIRECTION('',(9.624152762678E-48,-1.,3.083952846181E-16));
#3078 = ORIENTED_EDGE('',*,*,#1747,.T.);
#3079 = CYLINDRICAL_SURFACE('',#3080,6.);
#3080 = AXIS2_PLACEMENT_3D('',#3081,#3082,#3083);
#3081 = CARTESIAN_POINT('',(0.,0.,-9.75));
#3082 = DIRECTION('',(-0.,-0.,1.));
#3083 = DIRECTION('',(1.,0.,0.));
#3084 = ADVANCED_FACE('',(#3085),#3119,.T.);
#3085 = FACE_BOUND('',#3086,.T.);
#3086 = EDGE_LOOP('',(#3087,#3097,#3105,#3113));
#3087 = ORIENTED_EDGE('',*,*,#3088,.F.);
#3088 = EDGE_CURVE('',#3089,#3091,#3093,.T.);
#3089 = VERTEX_POINT('',#3090);
#3090 = CARTESIAN_POINT('',(7.5,-2.5,21.25));
#3091 = VERTEX_POINT('',#3092);
#3092 = CARTESIAN_POINT('',(7.5,-2.5,27.75));
#3093 = LINE('',#3094,#3095);
#3094 = CARTESIAN_POINT('',(7.5,-2.5,-9.75));
#3095 = VECTOR('',#3096,1.);
#3096 = DIRECTION('',(-0.,-0.,1.));
#3097 = ORIENTED_EDGE('',*,*,#3098,.T.);
#3098 = EDGE_CURVE('',#3089,#3099,#3101,.T.);
#3099 = VERTEX_POINT('',#3100);
#3100 = CARTESIAN_POINT('',(7.5,8.,21.25));
#3101 = LINE('',#3102,#3103);
#3102 = CARTESIAN_POINT('',(7.5,18.,21.25));
#3103 = VECTOR('',#3104,1.);
#3104 = DIRECTION('',(-1.156482317318E-16,1.,-3.083952846181E-16));
#3105 = ORIENTED_EDGE('',*,*,#3106,.T.);
#3106 = EDGE_CURVE('',#3099,#3107,#3109,.T.);
#3107 = VERTEX_POINT('',#3108);
#3108 = CARTESIAN_POINT('',(7.5,8.,27.75));
#3109 = LINE('',#3110,#3111);
#3110 = CARTESIAN_POINT('',(7.5,8.,-9.75));
#3111 = VECTOR('',#3112,1.);
#3112 = DIRECTION('',(0.,0.,1.));
#3113 = ORIENTED_EDGE('',*,*,#3114,.F.);
#3114 = EDGE_CURVE('',#3091,#3107,#3115,.T.);
#3115 = LINE('',#3116,#3117);
#3116 = CARTESIAN_POINT('',(7.5,-7.5,27.75));
#3117 = VECTOR('',#3118,1.);
#3118 = DIRECTION('',(0.,1.,0.));
#3119 = PLANE('',#3120);
#3120 = AXIS2_PLACEMENT_3D('',#3121,#3122,#3123);
#3121 = CARTESIAN_POINT('',(7.5,8.,-9.75));
#3122 = DIRECTION('',(1.,-5.59588218057E-17,0.));
#3123 = DIRECTION('',(5.59588218057E-17,1.,0.));
#3124 = ADVANCED_FACE('',(#3125),#3159,.T.);
#3125 = FACE_BOUND('',#3126,.T.);
#3126 = EDGE_LOOP('',(#3127,#3137,#3145,#3153));
#3127 = ORIENTED_EDGE('',*,*,#3128,.F.);
#3128 = EDGE_CURVE('',#3129,#3131,#3133,.T.);
#3129 = VERTEX_POINT('',#3130);
#3130 = CARTESIAN_POINT('',(-3.5,-7.5,21.75));
#3131 = VERTEX_POINT('',#3132);
#3132 = CARTESIAN_POINT('',(-7.5,-7.5,21.75));
#3133 = LINE('',#3134,#3135);
#3134 = CARTESIAN_POINT('',(-7.5,-7.5,21.75));
#3135 = VECTOR('',#3136,1.);
#3136 = DIRECTION('',(-1.,-0.,-0.));
#3137 = ORIENTED_EDGE('',*,*,#3138,.T.);
#3138 = EDGE_CURVE('',#3129,#3139,#3141,.T.);
#3139 = VERTEX_POINT('',#3140);
#3140 = CARTESIAN_POINT('',(-3.5,-7.5,27.75));
#3141 = LINE('',#3142,#3143);
#3142 = CARTESIAN_POINT('',(-3.5,-7.5,10.75));
#3143 = VECTOR('',#3144,1.);
#3144 = DIRECTION('',(-1.734723475977E-16,-0.,1.));
#3145 = ORIENTED_EDGE('',*,*,#3146,.F.);
#3146 = EDGE_CURVE('',#3147,#3139,#3149,.T.);
#3147 = VERTEX_POINT('',#3148);
#3148 = CARTESIAN_POINT('',(-7.5,-7.5,27.75));
#3149 = LINE('',#3150,#3151);
#3150 = CARTESIAN_POINT('',(-7.5,-7.5,27.75));
#3151 = VECTOR('',#3152,1.);
#3152 = DIRECTION('',(1.,2.168404344971E-16,0.));
#3153 = ORIENTED_EDGE('',*,*,#3154,.F.);
#3154 = EDGE_CURVE('',#3131,#3147,#3155,.T.);
#3155 = LINE('',#3156,#3157);
#3156 = CARTESIAN_POINT('',(-7.5,-7.5,-9.75));
#3157 = VECTOR('',#3158,1.);
#3158 = DIRECTION('',(0.,0.,1.));
#3159 = PLANE('',#3160);
#3160 = AXIS2_PLACEMENT_3D('',#3161,#3162,#3163);
#3161 = CARTESIAN_POINT('',(-7.5,-7.5,-9.75));
#3162 = DIRECTION('',(0.,-1.,0.));
#3163 = DIRECTION('',(0.,-0.,-1.));
#3164 = ADVANCED_FACE('',(#3165),#3190,.T.);
#3165 = FACE_BOUND('',#3166,.T.);
#3166 = EDGE_LOOP('',(#3167,#3175,#3176,#3184));
#3167 = ORIENTED_EDGE('',*,*,#3168,.F.);
#3168 = EDGE_CURVE('',#2168,#3169,#3171,.T.);
#3169 = VERTEX_POINT('',#3170);
#3170 = CARTESIAN_POINT('',(3.5,-7.5,21.75));
#3171 = LINE('',#3172,#3173);
#3172 = CARTESIAN_POINT('',(-7.5,-7.5,21.75));
#3173 = VECTOR('',#3174,1.);
#3174 = DIRECTION('',(-1.,-0.,-0.));
#3175 = ORIENTED_EDGE('',*,*,#2207,.T.);
#3176 = ORIENTED_EDGE('',*,*,#3177,.F.);
#3177 = EDGE_CURVE('',#3178,#2200,#3180,.T.);
#3178 = VERTEX_POINT('',#3179);
#3179 = CARTESIAN_POINT('',(3.5,-7.5,27.75));
#3180 = LINE('',#3181,#3182);
#3181 = CARTESIAN_POINT('',(3.5,-7.5,27.75));
#3182 = VECTOR('',#3183,1.);
#3183 = DIRECTION('',(1.,0.,0.));
#3184 = ORIENTED_EDGE('',*,*,#3185,.T.);
#3185 = EDGE_CURVE('',#3178,#3169,#3186,.T.);
#3186 = LINE('',#3187,#3188);
#3187 = CARTESIAN_POINT('',(3.5,-7.5,10.75));
#3188 = VECTOR('',#3189,1.);
#3189 = DIRECTION('',(1.734723475977E-16,0.,-1.));
#3190 = PLANE('',#3191);
#3191 = AXIS2_PLACEMENT_3D('',#3192,#3193,#3194);
#3192 = CARTESIAN_POINT('',(-7.5,-7.5,-9.75));
#3193 = DIRECTION('',(0.,-1.,0.));
#3194 = DIRECTION('',(0.,-0.,-1.));
#3195 = ADVANCED_FACE('',(#3196),#3282,.T.);
#3196 = FACE_BOUND('',#3197,.T.);
#3197 = EDGE_LOOP('',(#3198,#3206,#3207,#3208,#3209,#3210,#3216,#3217,
    #3218,#3219,#3225,#3226,#3227,#3228,#3229,#3237,#3245,#3251,#3252,
    #3260,#3268,#3276));
#3198 = ORIENTED_EDGE('',*,*,#3199,.T.);
#3199 = EDGE_CURVE('',#3200,#2402,#3202,.T.);
#3200 = VERTEX_POINT('',#3201);
#3201 = CARTESIAN_POINT('',(-6.2,-2.5,-9.75));
#3202 = LINE('',#3203,#3204);
#3203 = CARTESIAN_POINT('',(-7.5,-2.5,-9.75));
#3204 = VECTOR('',#3205,1.);
#3205 = DIRECTION('',(-1.,-3.336006684571E-16,-0.));
#3206 = ORIENTED_EDGE('',*,*,#2427,.F.);
#3207 = ORIENTED_EDGE('',*,*,#2788,.F.);
#3208 = ORIENTED_EDGE('',*,*,#2819,.F.);
#3209 = ORIENTED_EDGE('',*,*,#2887,.F.);
#3210 = ORIENTED_EDGE('',*,*,#3211,.F.);
#3211 = EDGE_CURVE('',#1881,#2880,#3212,.T.);
#3212 = LINE('',#3213,#3214);
#3213 = CARTESIAN_POINT('',(-1.5,18.,-9.75));
#3214 = VECTOR('',#3215,1.);
#3215 = DIRECTION('',(-1.204669080539E-16,1.,-0.));
#3216 = ORIENTED_EDGE('',*,*,#1888,.T.);
#3217 = ORIENTED_EDGE('',*,*,#1823,.T.);
#3218 = ORIENTED_EDGE('',*,*,#2084,.T.);
#3219 = ORIENTED_EDGE('',*,*,#3220,.F.);
#3220 = EDGE_CURVE('',#2951,#2036,#3221,.T.);
#3221 = LINE('',#3222,#3223);
#3222 = CARTESIAN_POINT('',(1.5,0.,-9.75));
#3223 = VECTOR('',#3224,1.);
#3224 = DIRECTION('',(-0.,-1.,-0.));
#3225 = ORIENTED_EDGE('',*,*,#2950,.F.);
#3226 = ORIENTED_EDGE('',*,*,#2998,.F.);
#3227 = ORIENTED_EDGE('',*,*,#3040,.F.);
#3228 = ORIENTED_EDGE('',*,*,#2231,.F.);
#3229 = ORIENTED_EDGE('',*,*,#3230,.T.);
#3230 = EDGE_CURVE('',#2222,#3231,#3233,.T.);
#3231 = VERTEX_POINT('',#3232);
#3232 = CARTESIAN_POINT('',(6.2,-2.5,-9.75));
#3233 = LINE('',#3234,#3235);
#3234 = CARTESIAN_POINT('',(7.5,-2.5,-9.75));
#3235 = VECTOR('',#3236,1.);
#3236 = DIRECTION('',(-1.,3.336006684571E-16,0.));
#3237 = ORIENTED_EDGE('',*,*,#3238,.T.);
#3238 = EDGE_CURVE('',#3231,#3239,#3241,.T.);
#3239 = VERTEX_POINT('',#3240);
#3240 = CARTESIAN_POINT('',(6.2,-5.5,-9.75));
#3241 = LINE('',#3242,#3243);
#3242 = CARTESIAN_POINT('',(6.2,-5.5,-9.75));
#3243 = VECTOR('',#3244,1.);
#3244 = DIRECTION('',(-0.,-1.,-0.));
#3245 = ORIENTED_EDGE('',*,*,#3246,.T.);
#3246 = EDGE_CURVE('',#3239,#2184,#3247,.T.);
#3247 = LINE('',#3248,#3249);
#3248 = CARTESIAN_POINT('',(7.5,-5.5,-9.75));
#3249 = VECTOR('',#3250,1.);
#3250 = DIRECTION('',(1.,-0.,-0.));
#3251 = ORIENTED_EDGE('',*,*,#2183,.F.);
#3252 = ORIENTED_EDGE('',*,*,#3253,.T.);
#3253 = EDGE_CURVE('',#2176,#3254,#3256,.T.);
#3254 = VERTEX_POINT('',#3255);
#3255 = CARTESIAN_POINT('',(-7.5,-7.3,-9.75));
#3256 = LINE('',#3257,#3258);
#3257 = CARTESIAN_POINT('',(-0.,-7.3,-9.75));
#3258 = VECTOR('',#3259,1.);
#3259 = DIRECTION('',(-1.,0.,0.));
#3260 = ORIENTED_EDGE('',*,*,#3261,.F.);
#3261 = EDGE_CURVE('',#3262,#3254,#3264,.T.);
#3262 = VERTEX_POINT('',#3263);
#3263 = CARTESIAN_POINT('',(-7.5,-5.5,-9.75));
#3264 = LINE('',#3265,#3266);
#3265 = CARTESIAN_POINT('',(-7.5,-7.5,-9.75));
#3266 = VECTOR('',#3267,1.);
#3267 = DIRECTION('',(1.678764654171E-16,-1.,-0.));
#3268 = ORIENTED_EDGE('',*,*,#3269,.T.);
#3269 = EDGE_CURVE('',#3262,#3270,#3272,.T.);
#3270 = VERTEX_POINT('',#3271);
#3271 = CARTESIAN_POINT('',(-6.2,-5.5,-9.75));
#3272 = LINE('',#3273,#3274);
#3273 = CARTESIAN_POINT('',(-7.5,-5.5,-9.75));
#3274 = VECTOR('',#3275,1.);
#3275 = DIRECTION('',(1.,0.,0.));
#3276 = ORIENTED_EDGE('',*,*,#3277,.T.);
#3277 = EDGE_CURVE('',#3270,#3200,#3278,.T.);
#3278 = LINE('',#3279,#3280);
#3279 = CARTESIAN_POINT('',(-6.2,-5.5,-9.75));
#3280 = VECTOR('',#3281,1.);
#3281 = DIRECTION('',(0.,1.,0.));
#3282 = PLANE('',#3283);
#3283 = AXIS2_PLACEMENT_3D('',#3284,#3285,#3286);
#3284 = CARTESIAN_POINT('',(0.,0.,-9.75));
#3285 = DIRECTION('',(0.,0.,-1.));
#3286 = DIRECTION('',(-1.,0.,-0.));
#3287 = ADVANCED_FACE('',(#3288,#3298),#3309,.T.);
#3288 = FACE_BOUND('',#3289,.T.);
#3289 = EDGE_LOOP('',(#3290,#3291));
#3290 = ORIENTED_EDGE('',*,*,#1421,.F.);
#3291 = ORIENTED_EDGE('',*,*,#3292,.F.);
#3292 = EDGE_CURVE('',#1414,#1395,#3293,.T.);
#3293 = CIRCLE('',#3294,1.6);
#3294 = AXIS2_PLACEMENT_3D('',#3295,#3296,#3297);
#3295 = CARTESIAN_POINT('',(-1.5,15.,-7.25));
#3296 = DIRECTION('',(1.,1.204669080539E-16,-0.));
#3297 = DIRECTION('',(-1.204669080539E-16,1.,0.));
#3298 = FACE_BOUND('',#3299,.T.);
#3299 = EDGE_LOOP('',(#3300,#3306,#3307,#3308));
#3300 = ORIENTED_EDGE('',*,*,#3301,.F.);
#3301 = EDGE_CURVE('',#1856,#2871,#3302,.T.);
#3302 = LINE('',#3303,#3304);
#3303 = CARTESIAN_POINT('',(-1.5,18.,0.151923788647));
#3304 = VECTOR('',#3305,1.);
#3305 = DIRECTION('',(-0.,1.,-0.));
#3306 = ORIENTED_EDGE('',*,*,#1880,.F.);
#3307 = ORIENTED_EDGE('',*,*,#3211,.T.);
#3308 = ORIENTED_EDGE('',*,*,#2879,.T.);
#3309 = PLANE('',#3310);
#3310 = AXIS2_PLACEMENT_3D('',#3311,#3312,#3313);
#3311 = CARTESIAN_POINT('',(-1.5,18.,-9.75));
#3312 = DIRECTION('',(1.,1.204669080539E-16,-0.));
#3313 = DIRECTION('',(-1.204669080539E-16,1.,0.));
#3314 = ADVANCED_FACE('',(#3315,#3325),#3350,.T.);
#3315 = FACE_BOUND('',#3316,.T.);
#3316 = EDGE_LOOP('',(#3317,#3324));
#3317 = ORIENTED_EDGE('',*,*,#3318,.F.);
#3318 = EDGE_CURVE('',#1229,#1237,#3319,.T.);
#3319 = CIRCLE('',#3320,1.6);
#3320 = AXIS2_PLACEMENT_3D('',#3321,#3322,#3323);
#3321 = CARTESIAN_POINT('',(1.5,15.,25.25));
#3322 = DIRECTION('',(-1.,0.,0.));
#3323 = DIRECTION('',(0.,0.,1.));
#3324 = ORIENTED_EDGE('',*,*,#1236,.F.);
#3325 = FACE_BOUND('',#3326,.T.);
#3326 = EDGE_LOOP('',(#3327,#3335,#3336,#3344));
#3327 = ORIENTED_EDGE('',*,*,#3328,.F.);
#3328 = EDGE_CURVE('',#2135,#3329,#3331,.T.);
#3329 = VERTEX_POINT('',#3330);
#3330 = CARTESIAN_POINT('',(1.5,18.,21.25));
#3331 = LINE('',#3332,#3333);
#3332 = CARTESIAN_POINT('',(1.5,9.560253823161E-15,21.25));
#3333 = VECTOR('',#3334,1.);
#3334 = DIRECTION('',(0.,1.,-3.083952846181E-16));
#3335 = ORIENTED_EDGE('',*,*,#2132,.F.);
#3336 = ORIENTED_EDGE('',*,*,#3337,.F.);
#3337 = EDGE_CURVE('',#3338,#2133,#3340,.T.);
#3338 = VERTEX_POINT('',#3339);
#3339 = CARTESIAN_POINT('',(1.5,18.,27.75));
#3340 = LINE('',#3341,#3342);
#3341 = CARTESIAN_POINT('',(1.5,18.,27.75));
#3342 = VECTOR('',#3343,1.);
#3343 = DIRECTION('',(1.423009656044E-16,-1.,0.));
#3344 = ORIENTED_EDGE('',*,*,#3345,.F.);
#3345 = EDGE_CURVE('',#3329,#3338,#3346,.T.);
#3346 = LINE('',#3347,#3348);
#3347 = CARTESIAN_POINT('',(1.5,18.,-9.75));
#3348 = VECTOR('',#3349,1.);
#3349 = DIRECTION('',(0.,0.,1.));
#3350 = PLANE('',#3351);
#3351 = AXIS2_PLACEMENT_3D('',#3352,#3353,#3354);
#3352 = CARTESIAN_POINT('',(1.5,0.,-9.75));
#3353 = DIRECTION('',(-1.,0.,0.));
#3354 = DIRECTION('',(0.,0.,1.));
#3355 = ADVANCED_FACE('',(#3356),#3388,.T.);
#3356 = FACE_BOUND('',#3357,.T.);
#3357 = EDGE_LOOP('',(#3358,#3366,#3367,#3375,#3381,#3382));
#3358 = ORIENTED_EDGE('',*,*,#3359,.T.);
#3359 = EDGE_CURVE('',#3360,#3131,#3362,.T.);
#3360 = VERTEX_POINT('',#3361);
#3361 = CARTESIAN_POINT('',(-7.5,-7.3,21.75));
#3362 = LINE('',#3363,#3364);
#3363 = CARTESIAN_POINT('',(-7.5,14.631712199461,21.75));
#3364 = VECTOR('',#3365,1.);
#3365 = DIRECTION('',(-0.,-1.,-0.));
#3366 = ORIENTED_EDGE('',*,*,#3154,.T.);
#3367 = ORIENTED_EDGE('',*,*,#3368,.F.);
#3368 = EDGE_CURVE('',#3369,#3147,#3371,.T.);
#3369 = VERTEX_POINT('',#3370);
#3370 = CARTESIAN_POINT('',(-7.5,-5.5,27.75));
#3371 = LINE('',#3372,#3373);
#3372 = CARTESIAN_POINT('',(-7.5,8.,27.75));
#3373 = VECTOR('',#3374,1.);
#3374 = DIRECTION('',(1.119176436114E-16,-1.,0.));
#3375 = ORIENTED_EDGE('',*,*,#3376,.F.);
#3376 = EDGE_CURVE('',#3262,#3369,#3377,.T.);
#3377 = LINE('',#3378,#3379);
#3378 = CARTESIAN_POINT('',(-7.5,-5.5,-9.75));
#3379 = VECTOR('',#3380,1.);
#3380 = DIRECTION('',(-0.,-0.,1.));
#3381 = ORIENTED_EDGE('',*,*,#3261,.T.);
#3382 = ORIENTED_EDGE('',*,*,#3383,.T.);
#3383 = EDGE_CURVE('',#3254,#3360,#3384,.T.);
#3384 = LINE('',#3385,#3386);
#3385 = CARTESIAN_POINT('',(-7.5,-7.3,-9.75));
#3386 = VECTOR('',#3387,1.);
#3387 = DIRECTION('',(0.,0.,1.));
#3388 = PLANE('',#3389);
#3389 = AXIS2_PLACEMENT_3D('',#3390,#3391,#3392);
#3390 = CARTESIAN_POINT('',(-7.5,-7.5,-9.75));
#3391 = DIRECTION('',(-1.,-1.678764654171E-16,0.));
#3392 = DIRECTION('',(1.678764654171E-16,-1.,0.));
#3393 = ADVANCED_FACE('',(#3394),#3419,.T.);
#3394 = FACE_BOUND('',#3395,.T.);
#3395 = EDGE_LOOP('',(#3396,#3404,#3405,#3413));
#3396 = ORIENTED_EDGE('',*,*,#3397,.F.);
#3397 = EDGE_CURVE('',#2340,#3398,#3400,.T.);
#3398 = VERTEX_POINT('',#3399);
#3399 = CARTESIAN_POINT('',(-5.,8.,21.25));
#3400 = LINE('',#3401,#3402);
#3401 = CARTESIAN_POINT('',(-7.5,8.,21.25));
#3402 = VECTOR('',#3403,1.);
#3403 = DIRECTION('',(1.,-0.,3.56653693405E-32));
#3404 = ORIENTED_EDGE('',*,*,#2339,.T.);
#3405 = ORIENTED_EDGE('',*,*,#3406,.F.);
#3406 = EDGE_CURVE('',#3407,#2332,#3409,.T.);
#3407 = VERTEX_POINT('',#3408);
#3408 = CARTESIAN_POINT('',(-5.,8.,27.75));
#3409 = LINE('',#3410,#3411);
#3410 = CARTESIAN_POINT('',(-7.5,8.,27.75));
#3411 = VECTOR('',#3412,1.);
#3412 = DIRECTION('',(-1.,-0.,-0.));
#3413 = ORIENTED_EDGE('',*,*,#3414,.F.);
#3414 = EDGE_CURVE('',#3398,#3407,#3415,.T.);
#3415 = LINE('',#3416,#3417);
#3416 = CARTESIAN_POINT('',(-5.,8.,-9.75));
#3417 = VECTOR('',#3418,1.);
#3418 = DIRECTION('',(0.,0.,1.));
#3419 = PLANE('',#3420);
#3420 = AXIS2_PLACEMENT_3D('',#3421,#3422,#3423);
#3421 = CARTESIAN_POINT('',(-7.5,8.,-9.75));
#3422 = DIRECTION('',(0.,1.,0.));
#3423 = DIRECTION('',(0.,-0.,1.));
#3424 = ADVANCED_FACE('',(#3425,#3435),#3460,.T.);
#3425 = FACE_BOUND('',#3426,.T.);
#3426 = EDGE_LOOP('',(#3427,#3434));
#3427 = ORIENTED_EDGE('',*,*,#3428,.F.);
#3428 = EDGE_CURVE('',#1187,#1195,#3429,.T.);
#3429 = CIRCLE('',#3430,1.6);
#3430 = AXIS2_PLACEMENT_3D('',#3431,#3432,#3433);
#3431 = CARTESIAN_POINT('',(-5.,15.,25.25));
#3432 = DIRECTION('',(-1.,0.,-0.));
#3433 = DIRECTION('',(-0.,0.,1.));
#3434 = ORIENTED_EDGE('',*,*,#1194,.F.);
#3435 = FACE_BOUND('',#3436,.T.);
#3436 = EDGE_LOOP('',(#3437,#3445,#3446,#3454));
#3437 = ORIENTED_EDGE('',*,*,#3438,.F.);
#3438 = EDGE_CURVE('',#3398,#3439,#3441,.T.);
#3439 = VERTEX_POINT('',#3440);
#3440 = CARTESIAN_POINT('',(-5.,18.,21.25));
#3441 = LINE('',#3442,#3443);
#3442 = CARTESIAN_POINT('',(-5.,8.,21.25));
#3443 = VECTOR('',#3444,1.);
#3444 = DIRECTION('',(0.,1.,-3.083952846181E-16));
#3445 = ORIENTED_EDGE('',*,*,#3414,.T.);
#3446 = ORIENTED_EDGE('',*,*,#3447,.F.);
#3447 = EDGE_CURVE('',#3448,#3407,#3450,.T.);
#3448 = VERTEX_POINT('',#3449);
#3449 = CARTESIAN_POINT('',(-5.,18.,27.75));
#3450 = LINE('',#3451,#3452);
#3451 = CARTESIAN_POINT('',(-5.,18.,27.75));
#3452 = VECTOR('',#3453,1.);
#3453 = DIRECTION('',(0.,-1.,0.));
#3454 = ORIENTED_EDGE('',*,*,#3455,.F.);
#3455 = EDGE_CURVE('',#3439,#3448,#3456,.T.);
#3456 = LINE('',#3457,#3458);
#3457 = CARTESIAN_POINT('',(-5.,18.,-9.75));
#3458 = VECTOR('',#3459,1.);
#3459 = DIRECTION('',(0.,0.,1.));
#3460 = PLANE('',#3461);
#3461 = AXIS2_PLACEMENT_3D('',#3462,#3463,#3464);
#3462 = CARTESIAN_POINT('',(-5.,8.,-9.75));
#3463 = DIRECTION('',(-1.,0.,0.));
#3464 = DIRECTION('',(0.,0.,1.));
#3465 = ADVANCED_FACE('',(#3466),#3491,.T.);
#3466 = FACE_BOUND('',#3467,.T.);
#3467 = EDGE_LOOP('',(#3468,#3476,#3477,#3485));
#3468 = ORIENTED_EDGE('',*,*,#3469,.T.);
#3469 = EDGE_CURVE('',#3470,#3439,#3472,.T.);
#3470 = VERTEX_POINT('',#3471);
#3471 = CARTESIAN_POINT('',(-1.5,18.,21.25));
#3472 = LINE('',#3473,#3474);
#3473 = CARTESIAN_POINT('',(7.5,18.,21.25));
#3474 = VECTOR('',#3475,1.);
#3475 = DIRECTION('',(-1.,-1.156482317318E-16,-0.));
#3476 = ORIENTED_EDGE('',*,*,#3455,.T.);
#3477 = ORIENTED_EDGE('',*,*,#3478,.F.);
#3478 = EDGE_CURVE('',#3479,#3448,#3481,.T.);
#3479 = VERTEX_POINT('',#3480);
#3480 = CARTESIAN_POINT('',(-1.5,18.,27.75));
#3481 = LINE('',#3482,#3483);
#3482 = CARTESIAN_POINT('',(-1.5,18.,27.75));
#3483 = VECTOR('',#3484,1.);
#3484 = DIRECTION('',(-1.,-9.91270557701E-16,0.));
#3485 = ORIENTED_EDGE('',*,*,#3486,.F.);
#3486 = EDGE_CURVE('',#3470,#3479,#3487,.T.);
#3487 = LINE('',#3488,#3489);
#3488 = CARTESIAN_POINT('',(-1.5,18.,-9.75));
#3489 = VECTOR('',#3490,1.);
#3490 = DIRECTION('',(0.,0.,1.));
#3491 = PLANE('',#3492);
#3492 = AXIS2_PLACEMENT_3D('',#3493,#3494,#3495);
#3493 = CARTESIAN_POINT('',(-5.,18.,-9.75));
#3494 = DIRECTION('',(-9.91270557701E-16,1.,0.));
#3495 = DIRECTION('',(-1.,-9.91270557701E-16,0.));
#3496 = ADVANCED_FACE('',(#3497,#3507),#3523,.T.);
#3497 = FACE_BOUND('',#3498,.T.);
#3498 = EDGE_LOOP('',(#3499,#3500));
#3499 = ORIENTED_EDGE('',*,*,#1211,.F.);
#3500 = ORIENTED_EDGE('',*,*,#3501,.F.);
#3501 = EDGE_CURVE('',#1204,#1185,#3502,.T.);
#3502 = CIRCLE('',#3503,1.6);
#3503 = AXIS2_PLACEMENT_3D('',#3504,#3505,#3506);
#3504 = CARTESIAN_POINT('',(-1.5,15.,25.25));
#3505 = DIRECTION('',(1.,1.204669080539E-16,-0.));
#3506 = DIRECTION('',(-1.204669080539E-16,1.,0.));
#3507 = FACE_BOUND('',#3508,.T.);
#3508 = EDGE_LOOP('',(#3509,#3515,#3516,#3522));
#3509 = ORIENTED_EDGE('',*,*,#3510,.F.);
#3510 = EDGE_CURVE('',#3470,#3065,#3511,.T.);
#3511 = LINE('',#3512,#3513);
#3512 = CARTESIAN_POINT('',(-1.5,18.,21.25));
#3513 = VECTOR('',#3514,1.);
#3514 = DIRECTION('',(1.204669080539E-16,-1.,3.083952846181E-16));
#3515 = ORIENTED_EDGE('',*,*,#3486,.T.);
#3516 = ORIENTED_EDGE('',*,*,#3517,.F.);
#3517 = EDGE_CURVE('',#3056,#3479,#3518,.T.);
#3518 = LINE('',#3519,#3520);
#3519 = CARTESIAN_POINT('',(-1.5,5.809475019311,27.75));
#3520 = VECTOR('',#3521,1.);
#3521 = DIRECTION('',(0.,1.,0.));
#3522 = ORIENTED_EDGE('',*,*,#3064,.F.);
#3523 = PLANE('',#3524);
#3524 = AXIS2_PLACEMENT_3D('',#3525,#3526,#3527);
#3525 = CARTESIAN_POINT('',(-1.5,18.,-9.75));
#3526 = DIRECTION('',(1.,1.204669080539E-16,-0.));
#3527 = DIRECTION('',(-1.204669080539E-16,1.,0.));
#3528 = ADVANCED_FACE('',(#3529,#3539),#3550,.T.);
#3529 = FACE_BOUND('',#3530,.T.);
#3530 = EDGE_LOOP('',(#3531,#3538));
#3531 = ORIENTED_EDGE('',*,*,#3532,.F.);
#3532 = EDGE_CURVE('',#1355,#1363,#3533,.T.);
#3533 = CIRCLE('',#3534,1.6);
#3534 = AXIS2_PLACEMENT_3D('',#3535,#3536,#3537);
#3535 = CARTESIAN_POINT('',(1.5,15.,-7.25));
#3536 = DIRECTION('',(-1.,0.,0.));
#3537 = DIRECTION('',(0.,0.,1.));
#3538 = ORIENTED_EDGE('',*,*,#1362,.F.);
#3539 = FACE_BOUND('',#3540,.T.);
#3540 = EDGE_LOOP('',(#3541,#3547,#3548,#3549));
#3541 = ORIENTED_EDGE('',*,*,#3542,.F.);
#3542 = EDGE_CURVE('',#2959,#2034,#3543,.T.);
#3543 = LINE('',#3544,#3545);
#3544 = CARTESIAN_POINT('',(1.5,18.,0.151923788647));
#3545 = VECTOR('',#3546,1.);
#3546 = DIRECTION('',(0.,-1.,0.));
#3547 = ORIENTED_EDGE('',*,*,#2958,.F.);
#3548 = ORIENTED_EDGE('',*,*,#3220,.T.);
#3549 = ORIENTED_EDGE('',*,*,#2033,.F.);
#3550 = PLANE('',#3551);
#3551 = AXIS2_PLACEMENT_3D('',#3552,#3553,#3554);
#3552 = CARTESIAN_POINT('',(1.5,0.,-9.75));
#3553 = DIRECTION('',(-1.,0.,0.));
#3554 = DIRECTION('',(0.,0.,1.));
#3555 = ADVANCED_FACE('',(#3556),#3581,.T.);
#3556 = FACE_BOUND('',#3557,.T.);
#3557 = EDGE_LOOP('',(#3558,#3566,#3567,#3575));
#3558 = ORIENTED_EDGE('',*,*,#3559,.T.);
#3559 = EDGE_CURVE('',#3560,#3329,#3562,.T.);
#3560 = VERTEX_POINT('',#3561);
#3561 = CARTESIAN_POINT('',(5.,18.,21.25));
#3562 = LINE('',#3563,#3564);
#3563 = CARTESIAN_POINT('',(7.5,18.,21.25));
#3564 = VECTOR('',#3565,1.);
#3565 = DIRECTION('',(-1.,-1.156482317318E-16,-0.));
#3566 = ORIENTED_EDGE('',*,*,#3345,.T.);
#3567 = ORIENTED_EDGE('',*,*,#3568,.F.);
#3568 = EDGE_CURVE('',#3569,#3338,#3571,.T.);
#3569 = VERTEX_POINT('',#3570);
#3570 = CARTESIAN_POINT('',(5.,18.,27.75));
#3571 = LINE('',#3572,#3573);
#3572 = CARTESIAN_POINT('',(5.,18.,27.75));
#3573 = VECTOR('',#3574,1.);
#3574 = DIRECTION('',(-1.,0.,0.));
#3575 = ORIENTED_EDGE('',*,*,#3576,.F.);
#3576 = EDGE_CURVE('',#3560,#3569,#3577,.T.);
#3577 = LINE('',#3578,#3579);
#3578 = CARTESIAN_POINT('',(5.,18.,-9.75));
#3579 = VECTOR('',#3580,1.);
#3580 = DIRECTION('',(0.,0.,1.));
#3581 = PLANE('',#3582);
#3582 = AXIS2_PLACEMENT_3D('',#3583,#3584,#3585);
#3583 = CARTESIAN_POINT('',(1.5,18.,-9.75));
#3584 = DIRECTION('',(0.,1.,0.));
#3585 = DIRECTION('',(0.,-0.,1.));
#3586 = ADVANCED_FACE('',(#3587,#3597),#3622,.T.);
#3587 = FACE_BOUND('',#3588,.T.);
#3588 = EDGE_LOOP('',(#3589,#3590));
#3589 = ORIENTED_EDGE('',*,*,#1253,.F.);
#3590 = ORIENTED_EDGE('',*,*,#3591,.F.);
#3591 = EDGE_CURVE('',#1246,#1227,#3592,.T.);
#3592 = CIRCLE('',#3593,1.6);
#3593 = AXIS2_PLACEMENT_3D('',#3594,#3595,#3596);
#3594 = CARTESIAN_POINT('',(5.,15.,25.25));
#3595 = DIRECTION('',(1.,1.734723475977E-16,-0.));
#3596 = DIRECTION('',(-1.734723475977E-16,1.,0.));
#3597 = FACE_BOUND('',#3598,.T.);
#3598 = EDGE_LOOP('',(#3599,#3607,#3608,#3616));
#3599 = ORIENTED_EDGE('',*,*,#3600,.F.);
#3600 = EDGE_CURVE('',#3560,#3601,#3603,.T.);
#3601 = VERTEX_POINT('',#3602);
#3602 = CARTESIAN_POINT('',(5.,8.,21.25));
#3603 = LINE('',#3604,#3605);
#3604 = CARTESIAN_POINT('',(5.,18.,21.25));
#3605 = VECTOR('',#3606,1.);
#3606 = DIRECTION('',(1.734723475977E-16,-1.,3.083952846181E-16));
#3607 = ORIENTED_EDGE('',*,*,#3576,.T.);
#3608 = ORIENTED_EDGE('',*,*,#3609,.F.);
#3609 = EDGE_CURVE('',#3610,#3569,#3612,.T.);
#3610 = VERTEX_POINT('',#3611);
#3611 = CARTESIAN_POINT('',(5.,8.,27.75));
#3612 = LINE('',#3613,#3614);
#3613 = CARTESIAN_POINT('',(5.,8.,27.75));
#3614 = VECTOR('',#3615,1.);
#3615 = DIRECTION('',(-1.734723475977E-16,1.,0.));
#3616 = ORIENTED_EDGE('',*,*,#3617,.F.);
#3617 = EDGE_CURVE('',#3601,#3610,#3618,.T.);
#3618 = LINE('',#3619,#3620);
#3619 = CARTESIAN_POINT('',(5.,8.,-9.75));
#3620 = VECTOR('',#3621,1.);
#3621 = DIRECTION('',(0.,0.,1.));
#3622 = PLANE('',#3623);
#3623 = AXIS2_PLACEMENT_3D('',#3624,#3625,#3626);
#3624 = CARTESIAN_POINT('',(5.,18.,-9.75));
#3625 = DIRECTION('',(1.,1.734723475977E-16,-0.));
#3626 = DIRECTION('',(-1.734723475977E-16,1.,0.));
#3627 = ADVANCED_FACE('',(#3628),#3644,.T.);
#3628 = FACE_BOUND('',#3629,.T.);
#3629 = EDGE_LOOP('',(#3630,#3636,#3637,#3643));
#3630 = ORIENTED_EDGE('',*,*,#3631,.F.);
#3631 = EDGE_CURVE('',#3601,#3099,#3632,.T.);
#3632 = LINE('',#3633,#3634);
#3633 = CARTESIAN_POINT('',(5.,8.,21.25));
#3634 = VECTOR('',#3635,1.);
#3635 = DIRECTION('',(1.,-1.387778780781E-15,4.636498014266E-31));
#3636 = ORIENTED_EDGE('',*,*,#3617,.T.);
#3637 = ORIENTED_EDGE('',*,*,#3638,.F.);
#3638 = EDGE_CURVE('',#3107,#3610,#3639,.T.);
#3639 = LINE('',#3640,#3641);
#3640 = CARTESIAN_POINT('',(5.,8.,27.75));
#3641 = VECTOR('',#3642,1.);
#3642 = DIRECTION('',(-1.,1.387778780781E-15,-0.));
#3643 = ORIENTED_EDGE('',*,*,#3106,.F.);
#3644 = PLANE('',#3645);
#3645 = AXIS2_PLACEMENT_3D('',#3646,#3647,#3648);
#3646 = CARTESIAN_POINT('',(5.,8.,-9.75));
#3647 = DIRECTION('',(1.387778780781E-15,1.,-0.));
#3648 = DIRECTION('',(-1.,1.387778780781E-15,0.));
#3649 = ADVANCED_FACE('',(#3650),#3656,.F.);
#3650 = FACE_BOUND('',#3651,.F.);
#3651 = EDGE_LOOP('',(#3652,#3653,#3654,#3655));
#3652 = ORIENTED_EDGE('',*,*,#1855,.T.);
#3653 = ORIENTED_EDGE('',*,*,#2909,.F.);
#3654 = ORIENTED_EDGE('',*,*,#2870,.F.);
#3655 = ORIENTED_EDGE('',*,*,#3301,.F.);
#3656 = CYLINDRICAL_SURFACE('',#3657,3.);
#3657 = AXIS2_PLACEMENT_3D('',#3658,#3659,#3660);
#3658 = CARTESIAN_POINT('',(0.,18.,2.75));
#3659 = DIRECTION('',(-0.,1.,-0.));
#3660 = DIRECTION('',(0.,0.,1.));
#3661 = ADVANCED_FACE('',(#3662),#3668,.F.);
#3662 = FACE_BOUND('',#3663,.F.);
#3663 = EDGE_LOOP('',(#3664,#3665,#3666,#3667));
#3664 = ORIENTED_EDGE('',*,*,#2043,.T.);
#3665 = ORIENTED_EDGE('',*,*,#3542,.F.);
#3666 = ORIENTED_EDGE('',*,*,#2966,.F.);
#3667 = ORIENTED_EDGE('',*,*,#2747,.F.);
#3668 = CYLINDRICAL_SURFACE('',#3669,3.);
#3669 = AXIS2_PLACEMENT_3D('',#3670,#3671,#3672);
#3670 = CARTESIAN_POINT('',(0.,18.,2.75));
#3671 = DIRECTION('',(-0.,1.,-0.));
#3672 = DIRECTION('',(0.,0.,1.));
#3673 = ADVANCED_FACE('',(#3674,#3717),#3751,.T.);
#3674 = FACE_BOUND('',#3675,.T.);
#3675 = EDGE_LOOP('',(#3676,#3684,#3692,#3700,#3708,#3714,#3715,#3716));
#3676 = ORIENTED_EDGE('',*,*,#3677,.F.);
#3677 = EDGE_CURVE('',#3678,#2166,#3680,.T.);
#3678 = VERTEX_POINT('',#3679);
#3679 = CARTESIAN_POINT('',(3.5,-7.3,21.75));
#3680 = LINE('',#3681,#3682);
#3681 = CARTESIAN_POINT('',(-7.5,-7.3,21.75));
#3682 = VECTOR('',#3683,1.);
#3683 = DIRECTION('',(1.,0.,-0.));
#3684 = ORIENTED_EDGE('',*,*,#3685,.F.);
#3685 = EDGE_CURVE('',#3686,#3678,#3688,.T.);
#3686 = VERTEX_POINT('',#3687);
#3687 = CARTESIAN_POINT('',(3.5,-7.3,27.75));
#3688 = LINE('',#3689,#3690);
#3689 = CARTESIAN_POINT('',(3.5,-7.3,10.75));
#3690 = VECTOR('',#3691,1.);
#3691 = DIRECTION('',(1.734723475977E-16,0.,-1.));
#3692 = ORIENTED_EDGE('',*,*,#3693,.F.);
#3693 = EDGE_CURVE('',#3694,#3686,#3696,.T.);
#3694 = VERTEX_POINT('',#3695);
#3695 = CARTESIAN_POINT('',(-3.5,-7.3,27.75));
#3696 = LINE('',#3697,#3698);
#3697 = CARTESIAN_POINT('',(-3.5,-7.3,27.75));
#3698 = VECTOR('',#3699,1.);
#3699 = DIRECTION('',(1.,1.239088197126E-16,0.));
#3700 = ORIENTED_EDGE('',*,*,#3701,.F.);
#3701 = EDGE_CURVE('',#3702,#3694,#3704,.T.);
#3702 = VERTEX_POINT('',#3703);
#3703 = CARTESIAN_POINT('',(-3.5,-7.3,21.75));
#3704 = LINE('',#3705,#3706);
#3705 = CARTESIAN_POINT('',(-3.5,-7.3,10.75));
#3706 = VECTOR('',#3707,1.);
#3707 = DIRECTION('',(-1.734723475977E-16,-0.,1.));
#3708 = ORIENTED_EDGE('',*,*,#3709,.F.);
#3709 = EDGE_CURVE('',#3360,#3702,#3710,.T.);
#3710 = LINE('',#3711,#3712);
#3711 = CARTESIAN_POINT('',(-7.5,-7.3,21.75));
#3712 = VECTOR('',#3713,1.);
#3713 = DIRECTION('',(1.,0.,-0.));
#3714 = ORIENTED_EDGE('',*,*,#3383,.F.);
#3715 = ORIENTED_EDGE('',*,*,#3253,.F.);
#3716 = ORIENTED_EDGE('',*,*,#2175,.F.);
#3717 = FACE_BOUND('',#3718,.T.);
#3718 = EDGE_LOOP('',(#3719,#3729,#3737,#3745));
#3719 = ORIENTED_EDGE('',*,*,#3720,.F.);
#3720 = EDGE_CURVE('',#3721,#3723,#3725,.T.);
#3721 = VERTEX_POINT('',#3722);
#3722 = CARTESIAN_POINT('',(2.5,-7.3,-2.25));
#3723 = VERTEX_POINT('',#3724);
#3724 = CARTESIAN_POINT('',(-2.5,-7.3,-2.25));
#3725 = LINE('',#3726,#3727);
#3726 = CARTESIAN_POINT('',(-2.5,-7.3,-2.25));
#3727 = VECTOR('',#3728,1.);
#3728 = DIRECTION('',(-1.,-0.,-8.673617379884E-17));
#3729 = ORIENTED_EDGE('',*,*,#3730,.F.);
#3730 = EDGE_CURVE('',#3731,#3721,#3733,.T.);
#3731 = VERTEX_POINT('',#3732);
#3732 = CARTESIAN_POINT('',(2.5,-7.3,-7.25));
#3733 = LINE('',#3734,#3735);
#3734 = CARTESIAN_POINT('',(2.5,-7.3,-7.25));
#3735 = VECTOR('',#3736,1.);
#3736 = DIRECTION('',(-8.673617379884E-17,0.,1.));
#3737 = ORIENTED_EDGE('',*,*,#3738,.F.);
#3738 = EDGE_CURVE('',#3739,#3731,#3741,.T.);
#3739 = VERTEX_POINT('',#3740);
#3740 = CARTESIAN_POINT('',(-2.5,-7.3,-7.25));
#3741 = LINE('',#3742,#3743);
#3742 = CARTESIAN_POINT('',(-2.5,-7.3,-7.25));
#3743 = VECTOR('',#3744,1.);
#3744 = DIRECTION('',(1.,0.,1.734723475977E-16));
#3745 = ORIENTED_EDGE('',*,*,#3746,.F.);
#3746 = EDGE_CURVE('',#3723,#3739,#3747,.T.);
#3747 = LINE('',#3748,#3749);
#3748 = CARTESIAN_POINT('',(-2.5,-7.3,-7.25));
#3749 = VECTOR('',#3750,1.);
#3750 = DIRECTION('',(8.673617379884E-17,-0.,-1.));
#3751 = PLANE('',#3752);
#3752 = AXIS2_PLACEMENT_3D('',#3753,#3754,#3755);
#3753 = CARTESIAN_POINT('',(8.673617379884E-16,-7.3,0.5));
#3754 = DIRECTION('',(0.,-1.,0.));
#3755 = DIRECTION('',(0.,-0.,-1.));
#3756 = ADVANCED_FACE('',(#3757),#3773,.T.);
#3757 = FACE_BOUND('',#3758,.T.);
#3758 = EDGE_LOOP('',(#3759,#3765,#3766,#3772));
#3759 = ORIENTED_EDGE('',*,*,#3760,.F.);
#3760 = EDGE_CURVE('',#3702,#3129,#3761,.T.);
#3761 = LINE('',#3762,#3763);
#3762 = CARTESIAN_POINT('',(-3.5,-7.3,21.75));
#3763 = VECTOR('',#3764,1.);
#3764 = DIRECTION('',(-0.,-1.,0.));
#3765 = ORIENTED_EDGE('',*,*,#3701,.T.);
#3766 = ORIENTED_EDGE('',*,*,#3767,.F.);
#3767 = EDGE_CURVE('',#3139,#3694,#3768,.T.);
#3768 = LINE('',#3769,#3770);
#3769 = CARTESIAN_POINT('',(-3.5,-7.5,27.75));
#3770 = VECTOR('',#3771,1.);
#3771 = DIRECTION('',(0.,1.,0.));
#3772 = ORIENTED_EDGE('',*,*,#3138,.F.);
#3773 = PLANE('',#3774);
#3774 = AXIS2_PLACEMENT_3D('',#3775,#3776,#3777);
#3775 = CARTESIAN_POINT('',(-3.5,-7.3,10.75));
#3776 = DIRECTION('',(1.,-0.,1.734723475977E-16));
#3777 = DIRECTION('',(1.734723475977E-16,0.,-1.));
#3778 = ADVANCED_FACE('',(#3779),#3795,.T.);
#3779 = FACE_BOUND('',#3780,.T.);
#3780 = EDGE_LOOP('',(#3781,#3787,#3788,#3794));
#3781 = ORIENTED_EDGE('',*,*,#3782,.F.);
#3782 = EDGE_CURVE('',#3169,#3678,#3783,.T.);
#3783 = LINE('',#3784,#3785);
#3784 = CARTESIAN_POINT('',(3.5,-7.3,21.75));
#3785 = VECTOR('',#3786,1.);
#3786 = DIRECTION('',(0.,1.,0.));
#3787 = ORIENTED_EDGE('',*,*,#3185,.F.);
#3788 = ORIENTED_EDGE('',*,*,#3789,.F.);
#3789 = EDGE_CURVE('',#3686,#3178,#3790,.T.);
#3790 = LINE('',#3791,#3792);
#3791 = CARTESIAN_POINT('',(3.5,-7.3,27.75));
#3792 = VECTOR('',#3793,1.);
#3793 = DIRECTION('',(0.,-1.,0.));
#3794 = ORIENTED_EDGE('',*,*,#3685,.T.);
#3795 = PLANE('',#3796);
#3796 = AXIS2_PLACEMENT_3D('',#3797,#3798,#3799);
#3797 = CARTESIAN_POINT('',(3.5,-7.3,10.75));
#3798 = DIRECTION('',(-1.,0.,-1.734723475977E-16));
#3799 = DIRECTION('',(-1.734723475977E-16,0.,1.));
#3800 = ADVANCED_FACE('',(#3801),#3826,.T.);
#3801 = FACE_BOUND('',#3802,.T.);
#3802 = EDGE_LOOP('',(#3803,#3813,#3819,#3820));
#3803 = ORIENTED_EDGE('',*,*,#3804,.F.);
#3804 = EDGE_CURVE('',#3805,#3807,#3809,.T.);
#3805 = VERTEX_POINT('',#3806);
#3806 = CARTESIAN_POINT('',(-2.5,-7.5,-2.25));
#3807 = VERTEX_POINT('',#3808);
#3808 = CARTESIAN_POINT('',(-2.5,-7.5,-7.25));
#3809 = LINE('',#3810,#3811);
#3810 = CARTESIAN_POINT('',(-2.5,-7.5,-7.25));
#3811 = VECTOR('',#3812,1.);
#3812 = DIRECTION('',(8.673617379884E-17,-0.,-1.));
#3813 = ORIENTED_EDGE('',*,*,#3814,.F.);
#3814 = EDGE_CURVE('',#3723,#3805,#3815,.T.);
#3815 = LINE('',#3816,#3817);
#3816 = CARTESIAN_POINT('',(-2.5,-7.3,-2.25));
#3817 = VECTOR('',#3818,1.);
#3818 = DIRECTION('',(-0.,-1.,-0.));
#3819 = ORIENTED_EDGE('',*,*,#3746,.T.);
#3820 = ORIENTED_EDGE('',*,*,#3821,.T.);
#3821 = EDGE_CURVE('',#3739,#3807,#3822,.T.);
#3822 = LINE('',#3823,#3824);
#3823 = CARTESIAN_POINT('',(-2.5,-7.3,-7.25));
#3824 = VECTOR('',#3825,1.);
#3825 = DIRECTION('',(-0.,-1.,-0.));
#3826 = PLANE('',#3827);
#3827 = AXIS2_PLACEMENT_3D('',#3828,#3829,#3830);
#3828 = CARTESIAN_POINT('',(-2.5,-7.3,-7.25));
#3829 = DIRECTION('',(-1.,0.,-8.673617379884E-17));
#3830 = DIRECTION('',(-8.673617379884E-17,0.,1.));
#3831 = ADVANCED_FACE('',(#3832),#3850,.T.);
#3832 = FACE_BOUND('',#3833,.T.);
#3833 = EDGE_LOOP('',(#3834,#3842,#3848,#3849));
#3834 = ORIENTED_EDGE('',*,*,#3835,.F.);
#3835 = EDGE_CURVE('',#3836,#3805,#3838,.T.);
#3836 = VERTEX_POINT('',#3837);
#3837 = CARTESIAN_POINT('',(2.5,-7.5,-2.25));
#3838 = LINE('',#3839,#3840);
#3839 = CARTESIAN_POINT('',(-2.5,-7.5,-2.25));
#3840 = VECTOR('',#3841,1.);
#3841 = DIRECTION('',(-1.,-0.,-8.673617379884E-17));
#3842 = ORIENTED_EDGE('',*,*,#3843,.F.);
#3843 = EDGE_CURVE('',#3721,#3836,#3844,.T.);
#3844 = LINE('',#3845,#3846);
#3845 = CARTESIAN_POINT('',(2.5,-7.3,-2.25));
#3846 = VECTOR('',#3847,1.);
#3847 = DIRECTION('',(-0.,-1.,-0.));
#3848 = ORIENTED_EDGE('',*,*,#3720,.T.);
#3849 = ORIENTED_EDGE('',*,*,#3814,.T.);
#3850 = PLANE('',#3851);
#3851 = AXIS2_PLACEMENT_3D('',#3852,#3853,#3854);
#3852 = CARTESIAN_POINT('',(-2.5,-7.3,-2.25));
#3853 = DIRECTION('',(-8.673617379884E-17,0.,1.));
#3854 = DIRECTION('',(1.,0.,8.673617379884E-17));
#3855 = ADVANCED_FACE('',(#3856),#3874,.T.);
#3856 = FACE_BOUND('',#3857,.T.);
#3857 = EDGE_LOOP('',(#3858,#3866,#3872,#3873));
#3858 = ORIENTED_EDGE('',*,*,#3859,.F.);
#3859 = EDGE_CURVE('',#3860,#3836,#3862,.T.);
#3860 = VERTEX_POINT('',#3861);
#3861 = CARTESIAN_POINT('',(2.5,-7.5,-7.25));
#3862 = LINE('',#3863,#3864);
#3863 = CARTESIAN_POINT('',(2.5,-7.5,-7.25));
#3864 = VECTOR('',#3865,1.);
#3865 = DIRECTION('',(-8.673617379884E-17,0.,1.));
#3866 = ORIENTED_EDGE('',*,*,#3867,.F.);
#3867 = EDGE_CURVE('',#3731,#3860,#3868,.T.);
#3868 = LINE('',#3869,#3870);
#3869 = CARTESIAN_POINT('',(2.5,-7.3,-7.25));
#3870 = VECTOR('',#3871,1.);
#3871 = DIRECTION('',(-0.,-1.,-0.));
#3872 = ORIENTED_EDGE('',*,*,#3730,.T.);
#3873 = ORIENTED_EDGE('',*,*,#3843,.T.);
#3874 = PLANE('',#3875);
#3875 = AXIS2_PLACEMENT_3D('',#3876,#3877,#3878);
#3876 = CARTESIAN_POINT('',(2.5,-7.3,-7.25));
#3877 = DIRECTION('',(1.,-0.,8.673617379884E-17));
#3878 = DIRECTION('',(8.673617379884E-17,0.,-1.));
#3879 = ADVANCED_FACE('',(#3880),#3891,.T.);
#3880 = FACE_BOUND('',#3881,.T.);
#3881 = EDGE_LOOP('',(#3882,#3888,#3889,#3890));
#3882 = ORIENTED_EDGE('',*,*,#3883,.F.);
#3883 = EDGE_CURVE('',#3807,#3860,#3884,.T.);
#3884 = LINE('',#3885,#3886);
#3885 = CARTESIAN_POINT('',(-2.5,-7.5,-7.25));
#3886 = VECTOR('',#3887,1.);
#3887 = DIRECTION('',(1.,0.,1.734723475977E-16));
#3888 = ORIENTED_EDGE('',*,*,#3821,.F.);
#3889 = ORIENTED_EDGE('',*,*,#3738,.T.);
#3890 = ORIENTED_EDGE('',*,*,#3867,.T.);
#3891 = PLANE('',#3892);
#3892 = AXIS2_PLACEMENT_3D('',#3893,#3894,#3895);
#3893 = CARTESIAN_POINT('',(-2.5,-7.3,-7.25));
#3894 = DIRECTION('',(1.734723475977E-16,0.,-1.));
#3895 = DIRECTION('',(-1.,0.,-1.734723475977E-16));
#3896 = ADVANCED_FACE('',(#3897),#3903,.T.);
#3897 = FACE_BOUND('',#3898,.T.);
#3898 = EDGE_LOOP('',(#3899,#3900,#3901,#3902));
#3899 = ORIENTED_EDGE('',*,*,#3835,.T.);
#3900 = ORIENTED_EDGE('',*,*,#3804,.T.);
#3901 = ORIENTED_EDGE('',*,*,#3883,.T.);
#3902 = ORIENTED_EDGE('',*,*,#3859,.T.);
#3903 = PLANE('',#3904);
#3904 = AXIS2_PLACEMENT_3D('',#3905,#3906,#3907);
#3905 = CARTESIAN_POINT('',(-7.5,-7.5,-9.75));
#3906 = DIRECTION('',(0.,-1.,0.));
#3907 = DIRECTION('',(0.,-0.,-1.));
#3908 = ADVANCED_FACE('',(#3909),#3915,.F.);
#3909 = FACE_BOUND('',#3910,.F.);
#3910 = EDGE_LOOP('',(#3911,#3912,#3913,#3914));
#3911 = ORIENTED_EDGE('',*,*,#1899,.F.);
#3912 = ORIENTED_EDGE('',*,*,#1604,.F.);
#3913 = ORIENTED_EDGE('',*,*,#2445,.T.);
#3914 = ORIENTED_EDGE('',*,*,#1637,.T.);
#3915 = CYLINDRICAL_SURFACE('',#3916,1.);
#3916 = AXIS2_PLACEMENT_3D('',#3917,#3918,#3919);
#3917 = CARTESIAN_POINT('',(-13.41922863406,7.747595264192,9.05));
#3918 = DIRECTION('',(0.866025403784,-0.5,0.));
#3919 = DIRECTION('',(0.5,0.866025403784,0.));
#3920 = ADVANCED_FACE('',(#3921),#3927,.F.);
#3921 = FACE_BOUND('',#3922,.F.);
#3922 = EDGE_LOOP('',(#3923,#3924,#3925,#3926));
#3923 = ORIENTED_EDGE('',*,*,#1923,.F.);
#3924 = ORIENTED_EDGE('',*,*,#1548,.F.);
#3925 = ORIENTED_EDGE('',*,*,#2435,.T.);
#3926 = ORIENTED_EDGE('',*,*,#1581,.T.);
#3927 = CYLINDRICAL_SURFACE('',#3928,1.);
#3928 = AXIS2_PLACEMENT_3D('',#3929,#3930,#3931);
#3929 = CARTESIAN_POINT('',(-13.41922863406,7.747595264192,-1.25));
#3930 = DIRECTION('',(0.866025403784,-0.5,0.));
#3931 = DIRECTION('',(0.5,0.866025403784,0.));
#3932 = ADVANCED_FACE('',(#3933),#3939,.F.);
#3933 = FACE_BOUND('',#3934,.F.);
#3934 = EDGE_LOOP('',(#3935,#3936,#3937,#3938));
#3935 = ORIENTED_EDGE('',*,*,#2010,.F.);
#3936 = ORIENTED_EDGE('',*,*,#1492,.F.);
#3937 = ORIENTED_EDGE('',*,*,#2265,.T.);
#3938 = ORIENTED_EDGE('',*,*,#1525,.T.);
#3939 = CYLINDRICAL_SURFACE('',#3940,1.);
#3940 = AXIS2_PLACEMENT_3D('',#3941,#3942,#3943);
#3941 = CARTESIAN_POINT('',(13.41922863406,7.747595264192,9.05));
#3942 = DIRECTION('',(-0.866025403784,-0.5,0.));
#3943 = DIRECTION('',(0.5,-0.866025403784,0.));
#3944 = ADVANCED_FACE('',(#3945),#3951,.F.);
#3945 = FACE_BOUND('',#3946,.F.);
#3946 = EDGE_LOOP('',(#3947,#3948,#3949,#3950));
#3947 = ORIENTED_EDGE('',*,*,#1986,.F.);
#3948 = ORIENTED_EDGE('',*,*,#1436,.F.);
#3949 = ORIENTED_EDGE('',*,*,#2255,.T.);
#3950 = ORIENTED_EDGE('',*,*,#1469,.T.);
#3951 = CYLINDRICAL_SURFACE('',#3952,1.);
#3952 = AXIS2_PLACEMENT_3D('',#3953,#3954,#3955);
#3953 = CARTESIAN_POINT('',(13.41922863406,7.747595264192,-1.25));
#3954 = DIRECTION('',(-0.866025403784,-0.5,0.));
#3955 = DIRECTION('',(0.5,-0.866025403784,0.));
#3956 = ADVANCED_FACE('',(#3957),#3963,.F.);
#3957 = FACE_BOUND('',#3958,.F.);
#3958 = EDGE_LOOP('',(#3959,#3960,#3961,#3962));
#3959 = ORIENTED_EDGE('',*,*,#2838,.F.);
#3960 = ORIENTED_EDGE('',*,*,#1394,.F.);
#3961 = ORIENTED_EDGE('',*,*,#3292,.F.);
#3962 = ORIENTED_EDGE('',*,*,#1413,.T.);
#3963 = CYLINDRICAL_SURFACE('',#3964,1.6);
#3964 = AXIS2_PLACEMENT_3D('',#3965,#3966,#3967);
#3965 = CARTESIAN_POINT('',(-5.,15.,-7.25));
#3966 = DIRECTION('',(-1.,-0.,-0.));
#3967 = DIRECTION('',(-0.,0.,1.));
#3968 = ADVANCED_FACE('',(#3969),#3975,.F.);
#3969 = FACE_BOUND('',#3970,.F.);
#3970 = EDGE_LOOP('',(#3971,#3972,#3973,#3974));
#3971 = ORIENTED_EDGE('',*,*,#3532,.F.);
#3972 = ORIENTED_EDGE('',*,*,#1352,.F.);
#3973 = ORIENTED_EDGE('',*,*,#3018,.F.);
#3974 = ORIENTED_EDGE('',*,*,#1371,.T.);
#3975 = CYLINDRICAL_SURFACE('',#3976,1.6);
#3976 = AXIS2_PLACEMENT_3D('',#3977,#3978,#3979);
#3977 = CARTESIAN_POINT('',(-5.,15.,-7.25));
#3978 = DIRECTION('',(-1.,-0.,-0.));
#3979 = DIRECTION('',(-0.,0.,1.));
#3980 = ADVANCED_FACE('',(#3981),#3987,.F.);
#3981 = FACE_BOUND('',#3982,.F.);
#3982 = EDGE_LOOP('',(#3983,#3984,#3985,#3986));
#3983 = ORIENTED_EDGE('',*,*,#2828,.F.);
#3984 = ORIENTED_EDGE('',*,*,#1310,.F.);
#3985 = ORIENTED_EDGE('',*,*,#2919,.F.);
#3986 = ORIENTED_EDGE('',*,*,#1329,.T.);
#3987 = CYLINDRICAL_SURFACE('',#3988,1.6);
#3988 = AXIS2_PLACEMENT_3D('',#3989,#3990,#3991);
#3989 = CARTESIAN_POINT('',(-5.,15.,8.25));
#3990 = DIRECTION('',(-1.,-0.,-0.));
#3991 = DIRECTION('',(-0.,0.,1.));
#3992 = ADVANCED_FACE('',(#3993),#3999,.F.);
#3993 = FACE_BOUND('',#3994,.F.);
#3994 = EDGE_LOOP('',(#3995,#3996,#3997,#3998));
#3995 = ORIENTED_EDGE('',*,*,#2756,.F.);
#3996 = ORIENTED_EDGE('',*,*,#1268,.F.);
#3997 = ORIENTED_EDGE('',*,*,#3008,.F.);
#3998 = ORIENTED_EDGE('',*,*,#1287,.T.);
#3999 = CYLINDRICAL_SURFACE('',#4000,1.6);
#4000 = AXIS2_PLACEMENT_3D('',#4001,#4002,#4003);
#4001 = CARTESIAN_POINT('',(-5.,15.,8.25));
#4002 = DIRECTION('',(-1.,-0.,-0.));
#4003 = DIRECTION('',(-0.,0.,1.));
#4004 = ADVANCED_FACE('',(#4005),#4071,.F.);
#4005 = FACE_BOUND('',#4006,.T.);
#4006 = EDGE_LOOP('',(#4007,#4008,#4016,#4024,#4030,#4031,#4032,#4033,
    #4034,#4035,#4036,#4037,#4045,#4053,#4059,#4060,#4061,#4062,#4063,
    #4064,#4065,#4066,#4067,#4068,#4069,#4070));
#4007 = ORIENTED_EDGE('',*,*,#2331,.T.);
#4008 = ORIENTED_EDGE('',*,*,#4009,.F.);
#4009 = EDGE_CURVE('',#4010,#2324,#4012,.T.);
#4010 = VERTEX_POINT('',#4011);
#4011 = CARTESIAN_POINT('',(-6.2,-2.5,27.75));
#4012 = LINE('',#4013,#4014);
#4013 = CARTESIAN_POINT('',(-7.5,-2.5,27.75));
#4014 = VECTOR('',#4015,1.);
#4015 = DIRECTION('',(-1.,-3.336006684571E-16,-0.));
#4016 = ORIENTED_EDGE('',*,*,#4017,.F.);
#4017 = EDGE_CURVE('',#4018,#4010,#4020,.T.);
#4018 = VERTEX_POINT('',#4019);
#4019 = CARTESIAN_POINT('',(-6.2,-5.5,27.75));
#4020 = LINE('',#4021,#4022);
#4021 = CARTESIAN_POINT('',(-6.2,-5.5,27.75));
#4022 = VECTOR('',#4023,1.);
#4023 = DIRECTION('',(0.,1.,0.));
#4024 = ORIENTED_EDGE('',*,*,#4025,.F.);
#4025 = EDGE_CURVE('',#3369,#4018,#4026,.T.);
#4026 = LINE('',#4027,#4028);
#4027 = CARTESIAN_POINT('',(-7.5,-5.5,27.75));
#4028 = VECTOR('',#4029,1.);
#4029 = DIRECTION('',(1.,0.,0.));
#4030 = ORIENTED_EDGE('',*,*,#3368,.T.);
#4031 = ORIENTED_EDGE('',*,*,#3146,.T.);
#4032 = ORIENTED_EDGE('',*,*,#3767,.T.);
#4033 = ORIENTED_EDGE('',*,*,#3693,.T.);
#4034 = ORIENTED_EDGE('',*,*,#3789,.T.);
#4035 = ORIENTED_EDGE('',*,*,#3177,.T.);
#4036 = ORIENTED_EDGE('',*,*,#2199,.T.);
#4037 = ORIENTED_EDGE('',*,*,#4038,.F.);
#4038 = EDGE_CURVE('',#4039,#2192,#4041,.T.);
#4039 = VERTEX_POINT('',#4040);
#4040 = CARTESIAN_POINT('',(6.2,-5.5,27.75));
#4041 = LINE('',#4042,#4043);
#4042 = CARTESIAN_POINT('',(7.5,-5.5,27.75));
#4043 = VECTOR('',#4044,1.);
#4044 = DIRECTION('',(1.,-0.,-0.));
#4045 = ORIENTED_EDGE('',*,*,#4046,.F.);
#4046 = EDGE_CURVE('',#4047,#4039,#4049,.T.);
#4047 = VERTEX_POINT('',#4048);
#4048 = CARTESIAN_POINT('',(6.2,-2.5,27.75));
#4049 = LINE('',#4050,#4051);
#4050 = CARTESIAN_POINT('',(6.2,-5.5,27.75));
#4051 = VECTOR('',#4052,1.);
#4052 = DIRECTION('',(-0.,-1.,-0.));
#4053 = ORIENTED_EDGE('',*,*,#4054,.F.);
#4054 = EDGE_CURVE('',#3091,#4047,#4055,.T.);
#4055 = LINE('',#4056,#4057);
#4056 = CARTESIAN_POINT('',(7.5,-2.5,27.75));
#4057 = VECTOR('',#4058,1.);
#4058 = DIRECTION('',(-1.,3.336006684571E-16,0.));
#4059 = ORIENTED_EDGE('',*,*,#3114,.T.);
#4060 = ORIENTED_EDGE('',*,*,#3638,.T.);
#4061 = ORIENTED_EDGE('',*,*,#3609,.T.);
#4062 = ORIENTED_EDGE('',*,*,#3568,.T.);
#4063 = ORIENTED_EDGE('',*,*,#3337,.T.);
#4064 = ORIENTED_EDGE('',*,*,#2142,.T.);
#4065 = ORIENTED_EDGE('',*,*,#1738,.T.);
#4066 = ORIENTED_EDGE('',*,*,#3055,.T.);
#4067 = ORIENTED_EDGE('',*,*,#3517,.T.);
#4068 = ORIENTED_EDGE('',*,*,#3478,.T.);
#4069 = ORIENTED_EDGE('',*,*,#3447,.T.);
#4070 = ORIENTED_EDGE('',*,*,#3406,.T.);
#4071 = PLANE('',#4072);
#4072 = AXIS2_PLACEMENT_3D('',#4073,#4074,#4075);
#4073 = CARTESIAN_POINT('',(0.,0.,27.75));
#4074 = DIRECTION('',(-0.,0.,-1.));
#4075 = DIRECTION('',(-1.,0.,0.));
#4076 = ADVANCED_FACE('',(#4077),#4108,.F.);
#4077 = FACE_BOUND('',#4078,.T.);
#4078 = EDGE_LOOP('',(#4079,#4087,#4095,#4101,#4102,#4103,#4104,#4105,
    #4106,#4107));
#4079 = ORIENTED_EDGE('',*,*,#4080,.F.);
#4080 = EDGE_CURVE('',#4081,#1671,#4083,.T.);
#4081 = VERTEX_POINT('',#4082);
#4082 = CARTESIAN_POINT('',(6.2,-4.5,10.75));
#4083 = LINE('',#4084,#4085);
#4084 = CARTESIAN_POINT('',(7.5,-4.5,10.75));
#4085 = VECTOR('',#4086,1.);
#4086 = DIRECTION('',(-1.,-1.156482317318E-16,-0.));
#4087 = ORIENTED_EDGE('',*,*,#4088,.T.);
#4088 = EDGE_CURVE('',#4081,#4089,#4091,.T.);
#4089 = VERTEX_POINT('',#4090);
#4090 = CARTESIAN_POINT('',(6.2,-2.5,10.75));
#4091 = LINE('',#4092,#4093);
#4092 = CARTESIAN_POINT('',(6.2,-4.5,10.75));
#4093 = VECTOR('',#4094,1.);
#4094 = DIRECTION('',(0.,1.,0.));
#4095 = ORIENTED_EDGE('',*,*,#4096,.T.);
#4096 = EDGE_CURVE('',#4089,#2224,#4097,.T.);
#4097 = LINE('',#4098,#4099);
#4098 = CARTESIAN_POINT('',(7.5,-2.5,10.75));
#4099 = VECTOR('',#4100,1.);
#4100 = DIRECTION('',(1.,-3.336006684571E-16,0.));
#4101 = ORIENTED_EDGE('',*,*,#2247,.F.);
#4102 = ORIENTED_EDGE('',*,*,#3033,.T.);
#4103 = ORIENTED_EDGE('',*,*,#2982,.T.);
#4104 = ORIENTED_EDGE('',*,*,#2934,.T.);
#4105 = ORIENTED_EDGE('',*,*,#2731,.T.);
#4106 = ORIENTED_EDGE('',*,*,#2076,.F.);
#4107 = ORIENTED_EDGE('',*,*,#1670,.F.);
#4108 = PLANE('',#4109);
#4109 = AXIS2_PLACEMENT_3D('',#4110,#4111,#4112);
#4110 = CARTESIAN_POINT('',(7.5,-4.5,10.75));
#4111 = DIRECTION('',(0.,0.,-1.));
#4112 = DIRECTION('',(-1.,0.,-0.));
#4113 = ADVANCED_FACE('',(#4114),#4145,.F.);
#4114 = FACE_BOUND('',#4115,.T.);
#4115 = EDGE_LOOP('',(#4116,#4124,#4132,#4138,#4139,#4140,#4141,#4142,
    #4143,#4144));
#4116 = ORIENTED_EDGE('',*,*,#4117,.T.);
#4117 = EDGE_CURVE('',#2282,#4118,#4120,.T.);
#4118 = VERTEX_POINT('',#4119);
#4119 = CARTESIAN_POINT('',(6.2,-2.5,13.75));
#4120 = LINE('',#4121,#4122);
#4121 = CARTESIAN_POINT('',(7.5,-2.5,13.75));
#4122 = VECTOR('',#4123,1.);
#4123 = DIRECTION('',(-1.,3.336006684571E-16,0.));
#4124 = ORIENTED_EDGE('',*,*,#4125,.T.);
#4125 = EDGE_CURVE('',#4118,#4126,#4128,.T.);
#4126 = VERTEX_POINT('',#4127);
#4127 = CARTESIAN_POINT('',(6.2,-4.5,13.75));
#4128 = LINE('',#4129,#4130);
#4129 = CARTESIAN_POINT('',(6.2,-4.5,13.75));
#4130 = VECTOR('',#4131,1.);
#4131 = DIRECTION('',(0.,-1.,0.));
#4132 = ORIENTED_EDGE('',*,*,#4133,.T.);
#4133 = EDGE_CURVE('',#4126,#1680,#4134,.T.);
#4134 = LINE('',#4135,#4136);
#4135 = CARTESIAN_POINT('',(7.5,-4.5,13.75));
#4136 = VECTOR('',#4137,1.);
#4137 = DIRECTION('',(-1.,-1.156482317318E-16,-0.));
#4138 = ORIENTED_EDGE('',*,*,#1687,.F.);
#4139 = ORIENTED_EDGE('',*,*,#2117,.F.);
#4140 = ORIENTED_EDGE('',*,*,#2487,.T.);
#4141 = ORIENTED_EDGE('',*,*,#2653,.F.);
#4142 = ORIENTED_EDGE('',*,*,#2694,.T.);
#4143 = ORIENTED_EDGE('',*,*,#2716,.T.);
#4144 = ORIENTED_EDGE('',*,*,#2291,.F.);
#4145 = PLANE('',#4146);
#4146 = AXIS2_PLACEMENT_3D('',#4147,#4148,#4149);
#4147 = CARTESIAN_POINT('',(7.5,-4.5,13.75));
#4148 = DIRECTION('',(0.,-0.,1.));
#4149 = DIRECTION('',(1.,0.,0.));
#4150 = ADVANCED_FACE('',(#4151),#4162,.F.);
#4151 = FACE_BOUND('',#4152,.T.);
#4152 = EDGE_LOOP('',(#4153,#4154,#4160,#4161));
#4153 = ORIENTED_EDGE('',*,*,#4133,.F.);
#4154 = ORIENTED_EDGE('',*,*,#4155,.T.);
#4155 = EDGE_CURVE('',#4126,#4081,#4156,.T.);
#4156 = LINE('',#4157,#4158);
#4157 = CARTESIAN_POINT('',(6.2,-4.5,10.75));
#4158 = VECTOR('',#4159,1.);
#4159 = DIRECTION('',(0.,2.891205793295E-16,-1.));
#4160 = ORIENTED_EDGE('',*,*,#4080,.T.);
#4161 = ORIENTED_EDGE('',*,*,#1679,.F.);
#4162 = PLANE('',#4163);
#4163 = AXIS2_PLACEMENT_3D('',#4164,#4165,#4166);
#4164 = CARTESIAN_POINT('',(7.5,-4.5,10.75));
#4165 = DIRECTION('',(1.156482317318E-16,-1.,-2.891205793295E-16));
#4166 = DIRECTION('',(0.,2.891205793295E-16,-1.));
#4167 = ADVANCED_FACE('',(#4168),#4193,.F.);
#4168 = FACE_BOUND('',#4169,.T.);
#4169 = EDGE_LOOP('',(#4170,#4178,#4186,#4192));
#4170 = ORIENTED_EDGE('',*,*,#4171,.T.);
#4171 = EDGE_CURVE('',#1799,#4172,#4174,.T.);
#4172 = VERTEX_POINT('',#4173);
#4173 = CARTESIAN_POINT('',(-6.2,-4.5,10.75));
#4174 = LINE('',#4175,#4176);
#4175 = CARTESIAN_POINT('',(7.5,-4.5,10.75));
#4176 = VECTOR('',#4177,1.);
#4177 = DIRECTION('',(-1.,-1.156482317318E-16,-0.));
#4178 = ORIENTED_EDGE('',*,*,#4179,.T.);
#4179 = EDGE_CURVE('',#4172,#4180,#4182,.T.);
#4180 = VERTEX_POINT('',#4181);
#4181 = CARTESIAN_POINT('',(-6.2,-4.5,13.75));
#4182 = LINE('',#4183,#4184);
#4183 = CARTESIAN_POINT('',(-6.2,-4.5,10.75));
#4184 = VECTOR('',#4185,1.);
#4185 = DIRECTION('',(-0.,-2.891205793295E-16,1.));
#4186 = ORIENTED_EDGE('',*,*,#4187,.F.);
#4187 = EDGE_CURVE('',#1790,#4180,#4188,.T.);
#4188 = LINE('',#4189,#4190);
#4189 = CARTESIAN_POINT('',(7.5,-4.5,13.75));
#4190 = VECTOR('',#4191,1.);
#4191 = DIRECTION('',(-1.,-1.156482317318E-16,-0.));
#4192 = ORIENTED_EDGE('',*,*,#1798,.F.);
#4193 = PLANE('',#4194);
#4194 = AXIS2_PLACEMENT_3D('',#4195,#4196,#4197);
#4195 = CARTESIAN_POINT('',(7.5,-4.5,10.75));
#4196 = DIRECTION('',(1.156482317318E-16,-1.,-2.891205793295E-16));
#4197 = DIRECTION('',(0.,2.891205793295E-16,-1.));
#4198 = ADVANCED_FACE('',(#4199),#4223,.F.);
#4199 = FACE_BOUND('',#4200,.T.);
#4200 = EDGE_LOOP('',(#4201,#4202,#4210,#4216,#4217,#4218,#4219,#4220,
    #4221,#4222));
#4201 = ORIENTED_EDGE('',*,*,#2411,.T.);
#4202 = ORIENTED_EDGE('',*,*,#4203,.T.);
#4203 = EDGE_CURVE('',#2404,#4204,#4206,.T.);
#4204 = VERTEX_POINT('',#4205);
#4205 = CARTESIAN_POINT('',(-6.2,-2.5,10.75));
#4206 = LINE('',#4207,#4208);
#4207 = CARTESIAN_POINT('',(7.5,-2.5,10.75));
#4208 = VECTOR('',#4209,1.);
#4209 = DIRECTION('',(1.,3.336006684571E-16,0.));
#4210 = ORIENTED_EDGE('',*,*,#4211,.T.);
#4211 = EDGE_CURVE('',#4204,#4172,#4212,.T.);
#4212 = LINE('',#4213,#4214);
#4213 = CARTESIAN_POINT('',(-6.2,-4.5,10.75));
#4214 = VECTOR('',#4215,1.);
#4215 = DIRECTION('',(0.,-1.,0.));
#4216 = ORIENTED_EDGE('',*,*,#4171,.F.);
#4217 = ORIENTED_EDGE('',*,*,#1806,.F.);
#4218 = ORIENTED_EDGE('',*,*,#1838,.F.);
#4219 = ORIENTED_EDGE('',*,*,#2902,.T.);
#4220 = ORIENTED_EDGE('',*,*,#2854,.T.);
#4221 = ORIENTED_EDGE('',*,*,#2803,.T.);
#4222 = ORIENTED_EDGE('',*,*,#2772,.T.);
#4223 = PLANE('',#4224);
#4224 = AXIS2_PLACEMENT_3D('',#4225,#4226,#4227);
#4225 = CARTESIAN_POINT('',(7.5,-4.5,10.75));
#4226 = DIRECTION('',(0.,0.,-1.));
#4227 = DIRECTION('',(-1.,0.,-0.));
#4228 = ADVANCED_FACE('',(#4229),#4253,.F.);
#4229 = FACE_BOUND('',#4230,.T.);
#4230 = EDGE_LOOP('',(#4231,#4239,#4245,#4246,#4247,#4248,#4249,#4250,
    #4251,#4252));
#4231 = ORIENTED_EDGE('',*,*,#4232,.T.);
#4232 = EDGE_CURVE('',#4180,#4233,#4235,.T.);
#4233 = VERTEX_POINT('',#4234);
#4234 = CARTESIAN_POINT('',(-6.2,-2.5,13.75));
#4235 = LINE('',#4236,#4237);
#4236 = CARTESIAN_POINT('',(-6.2,-4.5,13.75));
#4237 = VECTOR('',#4238,1.);
#4238 = DIRECTION('',(0.,1.,0.));
#4239 = ORIENTED_EDGE('',*,*,#4240,.T.);
#4240 = EDGE_CURVE('',#4233,#2362,#4241,.T.);
#4241 = LINE('',#4242,#4243);
#4242 = CARTESIAN_POINT('',(7.5,-2.5,13.75));
#4243 = VECTOR('',#4244,1.);
#4244 = DIRECTION('',(-1.,-3.336006684571E-16,0.));
#4245 = ORIENTED_EDGE('',*,*,#2387,.T.);
#4246 = ORIENTED_EDGE('',*,*,#2518,.T.);
#4247 = ORIENTED_EDGE('',*,*,#2559,.T.);
#4248 = ORIENTED_EDGE('',*,*,#2590,.F.);
#4249 = ORIENTED_EDGE('',*,*,#2622,.T.);
#4250 = ORIENTED_EDGE('',*,*,#1969,.F.);
#4251 = ORIENTED_EDGE('',*,*,#1789,.F.);
#4252 = ORIENTED_EDGE('',*,*,#4187,.T.);
#4253 = PLANE('',#4254);
#4254 = AXIS2_PLACEMENT_3D('',#4255,#4256,#4257);
#4255 = CARTESIAN_POINT('',(7.5,-4.5,13.75));
#4256 = DIRECTION('',(0.,-0.,1.));
#4257 = DIRECTION('',(1.,0.,0.));
#4258 = ADVANCED_FACE('',(#4259),#4290,.F.);
#4259 = FACE_BOUND('',#4260,.T.);
#4260 = EDGE_LOOP('',(#4261,#4269,#4277,#4283,#4284,#4285,#4286,#4287,
    #4288,#4289));
#4261 = ORIENTED_EDGE('',*,*,#4262,.F.);
#4262 = EDGE_CURVE('',#4263,#1705,#4265,.T.);
#4263 = VERTEX_POINT('',#4264);
#4264 = CARTESIAN_POINT('',(6.2,-4.5,20.25));
#4265 = LINE('',#4266,#4267);
#4266 = CARTESIAN_POINT('',(7.5,-4.5,20.25));
#4267 = VECTOR('',#4268,1.);
#4268 = DIRECTION('',(-1.,-1.156482317318E-16,-0.));
#4269 = ORIENTED_EDGE('',*,*,#4270,.T.);
#4270 = EDGE_CURVE('',#4263,#4271,#4273,.T.);
#4271 = VERTEX_POINT('',#4272);
#4272 = CARTESIAN_POINT('',(6.2,-2.5,20.25));
#4273 = LINE('',#4274,#4275);
#4274 = CARTESIAN_POINT('',(6.2,18.,20.25));
#4275 = VECTOR('',#4276,1.);
#4276 = DIRECTION('',(0.,1.,-1.54197642309E-16));
#4277 = ORIENTED_EDGE('',*,*,#4278,.T.);
#4278 = EDGE_CURVE('',#4271,#2284,#4279,.T.);
#4279 = LINE('',#4280,#4281);
#4280 = CARTESIAN_POINT('',(7.5,-2.5,20.25));
#4281 = VECTOR('',#4282,1.);
#4282 = DIRECTION('',(1.,-3.336006684571E-16,6.927312121906E-32));
#4283 = ORIENTED_EDGE('',*,*,#2307,.F.);
#4284 = ORIENTED_EDGE('',*,*,#2709,.T.);
#4285 = ORIENTED_EDGE('',*,*,#2678,.T.);
#4286 = ORIENTED_EDGE('',*,*,#2637,.T.);
#4287 = ORIENTED_EDGE('',*,*,#2471,.T.);
#4288 = ORIENTED_EDGE('',*,*,#2109,.F.);
#4289 = ORIENTED_EDGE('',*,*,#1704,.F.);
#4290 = PLANE('',#4291);
#4291 = AXIS2_PLACEMENT_3D('',#4292,#4293,#4294);
#4292 = CARTESIAN_POINT('',(7.5,18.,20.25));
#4293 = DIRECTION('',(1.783268467025E-32,-1.54197642309E-16,-1.));
#4294 = DIRECTION('',(0.,1.,-1.54197642309E-16));
#4295 = ADVANCED_FACE('',(#4296),#4327,.F.);
#4296 = FACE_BOUND('',#4297,.T.);
#4297 = EDGE_LOOP('',(#4298,#4306,#4314,#4320,#4321,#4322,#4323,#4324,
    #4325,#4326));
#4298 = ORIENTED_EDGE('',*,*,#4299,.T.);
#4299 = EDGE_CURVE('',#3089,#4300,#4302,.T.);
#4300 = VERTEX_POINT('',#4301);
#4301 = CARTESIAN_POINT('',(6.2,-2.5,21.25));
#4302 = LINE('',#4303,#4304);
#4303 = CARTESIAN_POINT('',(7.5,-2.5,21.25));
#4304 = VECTOR('',#4305,1.);
#4305 = DIRECTION('',(-1.,3.336006684571E-16,-1.385462424381E-31));
#4306 = ORIENTED_EDGE('',*,*,#4307,.T.);
#4307 = EDGE_CURVE('',#4300,#4308,#4310,.T.);
#4308 = VERTEX_POINT('',#4309);
#4309 = CARTESIAN_POINT('',(6.2,-4.5,21.25));
#4310 = LINE('',#4311,#4312);
#4311 = CARTESIAN_POINT('',(6.2,18.,21.25));
#4312 = VECTOR('',#4313,1.);
#4313 = DIRECTION('',(0.,-1.,3.083952846181E-16));
#4314 = ORIENTED_EDGE('',*,*,#4315,.T.);
#4315 = EDGE_CURVE('',#4308,#1714,#4316,.T.);
#4316 = LINE('',#4317,#4318);
#4317 = CARTESIAN_POINT('',(7.5,-4.5,21.25));
#4318 = VECTOR('',#4319,1.);
#4319 = DIRECTION('',(-1.,-1.156482317318E-16,-0.));
#4320 = ORIENTED_EDGE('',*,*,#1721,.F.);
#4321 = ORIENTED_EDGE('',*,*,#2150,.F.);
#4322 = ORIENTED_EDGE('',*,*,#3328,.T.);
#4323 = ORIENTED_EDGE('',*,*,#3559,.F.);
#4324 = ORIENTED_EDGE('',*,*,#3600,.T.);
#4325 = ORIENTED_EDGE('',*,*,#3631,.T.);
#4326 = ORIENTED_EDGE('',*,*,#3098,.F.);
#4327 = PLANE('',#4328);
#4328 = AXIS2_PLACEMENT_3D('',#4329,#4330,#4331);
#4329 = CARTESIAN_POINT('',(7.5,18.,21.25));
#4330 = DIRECTION('',(-3.56653693405E-32,3.083952846181E-16,1.));
#4331 = DIRECTION('',(0.,-1.,3.083952846181E-16));
#4332 = ADVANCED_FACE('',(#4333),#4344,.F.);
#4333 = FACE_BOUND('',#4334,.T.);
#4334 = EDGE_LOOP('',(#4335,#4336,#4342,#4343));
#4335 = ORIENTED_EDGE('',*,*,#4315,.F.);
#4336 = ORIENTED_EDGE('',*,*,#4337,.T.);
#4337 = EDGE_CURVE('',#4308,#4263,#4338,.T.);
#4338 = LINE('',#4339,#4340);
#4339 = CARTESIAN_POINT('',(6.2,-4.5,20.25));
#4340 = VECTOR('',#4341,1.);
#4341 = DIRECTION('',(0.,0.,-1.));
#4342 = ORIENTED_EDGE('',*,*,#4262,.T.);
#4343 = ORIENTED_EDGE('',*,*,#1713,.F.);
#4344 = PLANE('',#4345);
#4345 = AXIS2_PLACEMENT_3D('',#4346,#4347,#4348);
#4346 = CARTESIAN_POINT('',(7.5,-4.5,20.25));
#4347 = DIRECTION('',(1.156482317318E-16,-1.,0.));
#4348 = DIRECTION('',(1.,1.156482317318E-16,0.));
#4349 = ADVANCED_FACE('',(#4350),#4375,.F.);
#4350 = FACE_BOUND('',#4351,.T.);
#4351 = EDGE_LOOP('',(#4352,#4360,#4368,#4374));
#4352 = ORIENTED_EDGE('',*,*,#4353,.T.);
#4353 = EDGE_CURVE('',#1765,#4354,#4356,.T.);
#4354 = VERTEX_POINT('',#4355);
#4355 = CARTESIAN_POINT('',(-6.2,-4.5,20.25));
#4356 = LINE('',#4357,#4358);
#4357 = CARTESIAN_POINT('',(7.5,-4.5,20.25));
#4358 = VECTOR('',#4359,1.);
#4359 = DIRECTION('',(-1.,-1.156482317318E-16,-0.));
#4360 = ORIENTED_EDGE('',*,*,#4361,.T.);
#4361 = EDGE_CURVE('',#4354,#4362,#4364,.T.);
#4362 = VERTEX_POINT('',#4363);
#4363 = CARTESIAN_POINT('',(-6.2,-4.5,21.25));
#4364 = LINE('',#4365,#4366);
#4365 = CARTESIAN_POINT('',(-6.2,-4.5,20.25));
#4366 = VECTOR('',#4367,1.);
#4367 = DIRECTION('',(0.,0.,1.));
#4368 = ORIENTED_EDGE('',*,*,#4369,.F.);
#4369 = EDGE_CURVE('',#1756,#4362,#4370,.T.);
#4370 = LINE('',#4371,#4372);
#4371 = CARTESIAN_POINT('',(7.5,-4.5,21.25));
#4372 = VECTOR('',#4373,1.);
#4373 = DIRECTION('',(-1.,-1.156482317318E-16,-0.));
#4374 = ORIENTED_EDGE('',*,*,#1764,.F.);
#4375 = PLANE('',#4376);
#4376 = AXIS2_PLACEMENT_3D('',#4377,#4378,#4379);
#4377 = CARTESIAN_POINT('',(7.5,-4.5,20.25));
#4378 = DIRECTION('',(1.156482317318E-16,-1.,0.));
#4379 = DIRECTION('',(1.,1.156482317318E-16,0.));
#4380 = ADVANCED_FACE('',(#4381),#4405,.F.);
#4381 = FACE_BOUND('',#4382,.T.);
#4382 = EDGE_LOOP('',(#4383,#4384,#4392,#4398,#4399,#4400,#4401,#4402,
    #4403,#4404));
#4383 = ORIENTED_EDGE('',*,*,#2371,.T.);
#4384 = ORIENTED_EDGE('',*,*,#4385,.T.);
#4385 = EDGE_CURVE('',#2364,#4386,#4388,.T.);
#4386 = VERTEX_POINT('',#4387);
#4387 = CARTESIAN_POINT('',(-6.2,-2.5,20.25));
#4388 = LINE('',#4389,#4390);
#4389 = CARTESIAN_POINT('',(7.5,-2.5,20.25));
#4390 = VECTOR('',#4391,1.);
#4391 = DIRECTION('',(1.,3.336006684571E-16,-3.360775187855E-32));
#4392 = ORIENTED_EDGE('',*,*,#4393,.T.);
#4393 = EDGE_CURVE('',#4386,#4354,#4394,.T.);
#4394 = LINE('',#4395,#4396);
#4395 = CARTESIAN_POINT('',(-6.2,18.,20.25));
#4396 = VECTOR('',#4397,1.);
#4397 = DIRECTION('',(-0.,-1.,1.54197642309E-16));
#4398 = ORIENTED_EDGE('',*,*,#4353,.F.);
#4399 = ORIENTED_EDGE('',*,*,#1772,.F.);
#4400 = ORIENTED_EDGE('',*,*,#1952,.F.);
#4401 = ORIENTED_EDGE('',*,*,#2615,.T.);
#4402 = ORIENTED_EDGE('',*,*,#2574,.T.);
#4403 = ORIENTED_EDGE('',*,*,#2543,.T.);
#4404 = ORIENTED_EDGE('',*,*,#2502,.T.);
#4405 = PLANE('',#4406);
#4406 = AXIS2_PLACEMENT_3D('',#4407,#4408,#4409);
#4407 = CARTESIAN_POINT('',(7.5,18.,20.25));
#4408 = DIRECTION('',(1.783268467025E-32,-1.54197642309E-16,-1.));
#4409 = DIRECTION('',(0.,1.,-1.54197642309E-16));
#4410 = ADVANCED_FACE('',(#4411),#4435,.F.);
#4411 = FACE_BOUND('',#4412,.T.);
#4412 = EDGE_LOOP('',(#4413,#4421,#4427,#4428,#4429,#4430,#4431,#4432,
    #4433,#4434));
#4413 = ORIENTED_EDGE('',*,*,#4414,.T.);
#4414 = EDGE_CURVE('',#4362,#4415,#4417,.T.);
#4415 = VERTEX_POINT('',#4416);
#4416 = CARTESIAN_POINT('',(-6.2,-2.5,21.25));
#4417 = LINE('',#4418,#4419);
#4418 = CARTESIAN_POINT('',(-6.2,18.,21.25));
#4419 = VECTOR('',#4420,1.);
#4420 = DIRECTION('',(0.,1.,-3.083952846181E-16));
#4421 = ORIENTED_EDGE('',*,*,#4422,.T.);
#4422 = EDGE_CURVE('',#4415,#2322,#4423,.T.);
#4423 = LINE('',#4424,#4425);
#4424 = CARTESIAN_POINT('',(7.5,-2.5,21.25));
#4425 = VECTOR('',#4426,1.);
#4426 = DIRECTION('',(-1.,-3.336006684571E-16,6.72155037571E-32));
#4427 = ORIENTED_EDGE('',*,*,#2347,.T.);
#4428 = ORIENTED_EDGE('',*,*,#3397,.T.);
#4429 = ORIENTED_EDGE('',*,*,#3438,.T.);
#4430 = ORIENTED_EDGE('',*,*,#3469,.F.);
#4431 = ORIENTED_EDGE('',*,*,#3510,.T.);
#4432 = ORIENTED_EDGE('',*,*,#3072,.F.);
#4433 = ORIENTED_EDGE('',*,*,#1755,.F.);
#4434 = ORIENTED_EDGE('',*,*,#4369,.T.);
#4435 = PLANE('',#4436);
#4436 = AXIS2_PLACEMENT_3D('',#4437,#4438,#4439);
#4437 = CARTESIAN_POINT('',(7.5,18.,21.25));
#4438 = DIRECTION('',(-3.56653693405E-32,3.083952846181E-16,1.));
#4439 = DIRECTION('',(0.,-1.,3.083952846181E-16));
#4440 = ADVANCED_FACE('',(#4441),#4452,.F.);
#4441 = FACE_BOUND('',#4442,.T.);
#4442 = EDGE_LOOP('',(#4443,#4444,#4445,#4451));
#4443 = ORIENTED_EDGE('',*,*,#2401,.F.);
#4444 = ORIENTED_EDGE('',*,*,#3199,.F.);
#4445 = ORIENTED_EDGE('',*,*,#4446,.T.);
#4446 = EDGE_CURVE('',#3200,#4204,#4447,.T.);
#4447 = LINE('',#4448,#4449);
#4448 = CARTESIAN_POINT('',(-6.2,-2.5,-9.75));
#4449 = VECTOR('',#4450,1.);
#4450 = DIRECTION('',(-0.,-0.,1.));
#4451 = ORIENTED_EDGE('',*,*,#4203,.F.);
#4452 = PLANE('',#4453);
#4453 = AXIS2_PLACEMENT_3D('',#4454,#4455,#4456);
#4454 = CARTESIAN_POINT('',(-7.5,-2.5,-9.75));
#4455 = DIRECTION('',(-3.336006684571E-16,1.,0.));
#4456 = DIRECTION('',(-1.,-3.336006684571E-16,0.));
#4457 = ADVANCED_FACE('',(#4458),#4469,.F.);
#4458 = FACE_BOUND('',#4459,.T.);
#4459 = EDGE_LOOP('',(#4460,#4466,#4467,#4468));
#4460 = ORIENTED_EDGE('',*,*,#4461,.T.);
#4461 = EDGE_CURVE('',#4233,#4386,#4462,.T.);
#4462 = LINE('',#4463,#4464);
#4463 = CARTESIAN_POINT('',(-6.2,-2.5,-9.75));
#4464 = VECTOR('',#4465,1.);
#4465 = DIRECTION('',(-0.,-0.,1.));
#4466 = ORIENTED_EDGE('',*,*,#4385,.F.);
#4467 = ORIENTED_EDGE('',*,*,#2361,.F.);
#4468 = ORIENTED_EDGE('',*,*,#4240,.F.);
#4469 = PLANE('',#4470);
#4470 = AXIS2_PLACEMENT_3D('',#4471,#4472,#4473);
#4471 = CARTESIAN_POINT('',(-7.5,-2.5,-9.75));
#4472 = DIRECTION('',(-3.336006684571E-16,1.,0.));
#4473 = DIRECTION('',(-1.,-3.336006684571E-16,0.));
#4474 = ADVANCED_FACE('',(#4475),#4486,.F.);
#4475 = FACE_BOUND('',#4476,.T.);
#4476 = EDGE_LOOP('',(#4477,#4483,#4484,#4485));
#4477 = ORIENTED_EDGE('',*,*,#4478,.T.);
#4478 = EDGE_CURVE('',#4415,#4010,#4479,.T.);
#4479 = LINE('',#4480,#4481);
#4480 = CARTESIAN_POINT('',(-6.2,-2.5,-9.75));
#4481 = VECTOR('',#4482,1.);
#4482 = DIRECTION('',(-0.,-0.,1.));
#4483 = ORIENTED_EDGE('',*,*,#4009,.T.);
#4484 = ORIENTED_EDGE('',*,*,#2321,.F.);
#4485 = ORIENTED_EDGE('',*,*,#4422,.F.);
#4486 = PLANE('',#4487);
#4487 = AXIS2_PLACEMENT_3D('',#4488,#4489,#4490);
#4488 = CARTESIAN_POINT('',(-7.5,-2.5,-9.75));
#4489 = DIRECTION('',(-3.336006684571E-16,1.,0.));
#4490 = DIRECTION('',(-1.,-3.336006684571E-16,0.));
#4491 = ADVANCED_FACE('',(#4492),#4511,.F.);
#4492 = FACE_BOUND('',#4493,.T.);
#4493 = EDGE_LOOP('',(#4494,#4495,#4496,#4502,#4503,#4504,#4505,#4506,
    #4507,#4508,#4509,#4510));
#4494 = ORIENTED_EDGE('',*,*,#4446,.F.);
#4495 = ORIENTED_EDGE('',*,*,#3277,.F.);
#4496 = ORIENTED_EDGE('',*,*,#4497,.T.);
#4497 = EDGE_CURVE('',#3270,#4018,#4498,.T.);
#4498 = LINE('',#4499,#4500);
#4499 = CARTESIAN_POINT('',(-6.2,-5.5,-9.75));
#4500 = VECTOR('',#4501,1.);
#4501 = DIRECTION('',(-0.,-0.,1.));
#4502 = ORIENTED_EDGE('',*,*,#4017,.T.);
#4503 = ORIENTED_EDGE('',*,*,#4478,.F.);
#4504 = ORIENTED_EDGE('',*,*,#4414,.F.);
#4505 = ORIENTED_EDGE('',*,*,#4361,.F.);
#4506 = ORIENTED_EDGE('',*,*,#4393,.F.);
#4507 = ORIENTED_EDGE('',*,*,#4461,.F.);
#4508 = ORIENTED_EDGE('',*,*,#4232,.F.);
#4509 = ORIENTED_EDGE('',*,*,#4179,.F.);
#4510 = ORIENTED_EDGE('',*,*,#4211,.F.);
#4511 = PLANE('',#4512);
#4512 = AXIS2_PLACEMENT_3D('',#4513,#4514,#4515);
#4513 = CARTESIAN_POINT('',(-6.2,-5.5,-9.75));
#4514 = DIRECTION('',(1.,-0.,0.));
#4515 = DIRECTION('',(0.,0.,-1.));
#4516 = ADVANCED_FACE('',(#4517),#4523,.F.);
#4517 = FACE_BOUND('',#4518,.T.);
#4518 = EDGE_LOOP('',(#4519,#4520,#4521,#4522));
#4519 = ORIENTED_EDGE('',*,*,#4025,.T.);
#4520 = ORIENTED_EDGE('',*,*,#4497,.F.);
#4521 = ORIENTED_EDGE('',*,*,#3269,.F.);
#4522 = ORIENTED_EDGE('',*,*,#3376,.T.);
#4523 = PLANE('',#4524);
#4524 = AXIS2_PLACEMENT_3D('',#4525,#4526,#4527);
#4525 = CARTESIAN_POINT('',(-7.5,-5.5,-9.75));
#4526 = DIRECTION('',(0.,-1.,0.));
#4527 = DIRECTION('',(0.,-0.,-1.));
#4528 = ADVANCED_FACE('',(#4529),#4540,.F.);
#4529 = FACE_BOUND('',#4530,.T.);
#4530 = EDGE_LOOP('',(#4531,#4537,#4538,#4539));
#4531 = ORIENTED_EDGE('',*,*,#4532,.F.);
#4532 = EDGE_CURVE('',#3231,#4089,#4533,.T.);
#4533 = LINE('',#4534,#4535);
#4534 = CARTESIAN_POINT('',(6.2,-2.5,-9.75));
#4535 = VECTOR('',#4536,1.);
#4536 = DIRECTION('',(-0.,-0.,1.));
#4537 = ORIENTED_EDGE('',*,*,#3230,.F.);
#4538 = ORIENTED_EDGE('',*,*,#2221,.T.);
#4539 = ORIENTED_EDGE('',*,*,#4096,.F.);
#4540 = PLANE('',#4541);
#4541 = AXIS2_PLACEMENT_3D('',#4542,#4543,#4544);
#4542 = CARTESIAN_POINT('',(7.5,-2.5,-9.75));
#4543 = DIRECTION('',(3.336006684571E-16,1.,0.));
#4544 = DIRECTION('',(-1.,3.336006684571E-16,0.));
#4545 = ADVANCED_FACE('',(#4546),#4557,.F.);
#4546 = FACE_BOUND('',#4547,.T.);
#4547 = EDGE_LOOP('',(#4548,#4549,#4550,#4556));
#4548 = ORIENTED_EDGE('',*,*,#2281,.T.);
#4549 = ORIENTED_EDGE('',*,*,#4278,.F.);
#4550 = ORIENTED_EDGE('',*,*,#4551,.F.);
#4551 = EDGE_CURVE('',#4118,#4271,#4552,.T.);
#4552 = LINE('',#4553,#4554);
#4553 = CARTESIAN_POINT('',(6.2,-2.5,-9.75));
#4554 = VECTOR('',#4555,1.);
#4555 = DIRECTION('',(-0.,-0.,1.));
#4556 = ORIENTED_EDGE('',*,*,#4117,.F.);
#4557 = PLANE('',#4558);
#4558 = AXIS2_PLACEMENT_3D('',#4559,#4560,#4561);
#4559 = CARTESIAN_POINT('',(7.5,-2.5,-9.75));
#4560 = DIRECTION('',(3.336006684571E-16,1.,0.));
#4561 = DIRECTION('',(-1.,3.336006684571E-16,0.));
#4562 = ADVANCED_FACE('',(#4563),#4574,.F.);
#4563 = FACE_BOUND('',#4564,.T.);
#4564 = EDGE_LOOP('',(#4565,#4566,#4567,#4573));
#4565 = ORIENTED_EDGE('',*,*,#3088,.T.);
#4566 = ORIENTED_EDGE('',*,*,#4054,.T.);
#4567 = ORIENTED_EDGE('',*,*,#4568,.F.);
#4568 = EDGE_CURVE('',#4300,#4047,#4569,.T.);
#4569 = LINE('',#4570,#4571);
#4570 = CARTESIAN_POINT('',(6.2,-2.5,-9.75));
#4571 = VECTOR('',#4572,1.);
#4572 = DIRECTION('',(-0.,-0.,1.));
#4573 = ORIENTED_EDGE('',*,*,#4299,.F.);
#4574 = PLANE('',#4575);
#4575 = AXIS2_PLACEMENT_3D('',#4576,#4577,#4578);
#4576 = CARTESIAN_POINT('',(7.5,-2.5,-9.75));
#4577 = DIRECTION('',(3.336006684571E-16,1.,0.));
#4578 = DIRECTION('',(-1.,3.336006684571E-16,0.));
#4579 = ADVANCED_FACE('',(#4580),#4599,.F.);
#4580 = FACE_BOUND('',#4581,.T.);
#4581 = EDGE_LOOP('',(#4582,#4583,#4584,#4585,#4586,#4587,#4588,#4589,
    #4590,#4596,#4597,#4598));
#4582 = ORIENTED_EDGE('',*,*,#4155,.F.);
#4583 = ORIENTED_EDGE('',*,*,#4125,.F.);
#4584 = ORIENTED_EDGE('',*,*,#4551,.T.);
#4585 = ORIENTED_EDGE('',*,*,#4270,.F.);
#4586 = ORIENTED_EDGE('',*,*,#4337,.F.);
#4587 = ORIENTED_EDGE('',*,*,#4307,.F.);
#4588 = ORIENTED_EDGE('',*,*,#4568,.T.);
#4589 = ORIENTED_EDGE('',*,*,#4046,.T.);
#4590 = ORIENTED_EDGE('',*,*,#4591,.F.);
#4591 = EDGE_CURVE('',#3239,#4039,#4592,.T.);
#4592 = LINE('',#4593,#4594);
#4593 = CARTESIAN_POINT('',(6.2,-5.5,-9.75));
#4594 = VECTOR('',#4595,1.);
#4595 = DIRECTION('',(-0.,-0.,1.));
#4596 = ORIENTED_EDGE('',*,*,#3238,.F.);
#4597 = ORIENTED_EDGE('',*,*,#4532,.T.);
#4598 = ORIENTED_EDGE('',*,*,#4088,.F.);
#4599 = PLANE('',#4600);
#4600 = AXIS2_PLACEMENT_3D('',#4601,#4602,#4603);
#4601 = CARTESIAN_POINT('',(6.2,-5.5,-9.75));
#4602 = DIRECTION('',(-1.,0.,0.));
#4603 = DIRECTION('',(0.,0.,1.));
#4604 = ADVANCED_FACE('',(#4605),#4611,.F.);
#4605 = FACE_BOUND('',#4606,.T.);
#4606 = EDGE_LOOP('',(#4607,#4608,#4609,#4610));
#4607 = ORIENTED_EDGE('',*,*,#4038,.T.);
#4608 = ORIENTED_EDGE('',*,*,#2191,.F.);
#4609 = ORIENTED_EDGE('',*,*,#3246,.F.);
#4610 = ORIENTED_EDGE('',*,*,#4591,.T.);
#4611 = PLANE('',#4612);
#4612 = AXIS2_PLACEMENT_3D('',#4613,#4614,#4615);
#4613 = CARTESIAN_POINT('',(7.5,-5.5,-9.75));
#4614 = DIRECTION('',(0.,-1.,-0.));
#4615 = DIRECTION('',(0.,0.,-1.));
#4616 = ADVANCED_FACE('',(#4617),#4623,.F.);
#4617 = FACE_BOUND('',#4618,.F.);
#4618 = EDGE_LOOP('',(#4619,#4620,#4621,#4622));
#4619 = ORIENTED_EDGE('',*,*,#3318,.F.);
#4620 = ORIENTED_EDGE('',*,*,#1226,.F.);
#4621 = ORIENTED_EDGE('',*,*,#3591,.F.);
#4622 = ORIENTED_EDGE('',*,*,#1245,.T.);
#4623 = CYLINDRICAL_SURFACE('',#4624,1.6);
#4624 = AXIS2_PLACEMENT_3D('',#4625,#4626,#4627);
#4625 = CARTESIAN_POINT('',(-5.,15.,25.25));
#4626 = DIRECTION('',(-1.,-0.,-0.));
#4627 = DIRECTION('',(-0.,0.,1.));
#4628 = ADVANCED_FACE('',(#4629),#4635,.F.);
#4629 = FACE_BOUND('',#4630,.F.);
#4630 = EDGE_LOOP('',(#4631,#4632,#4633,#4634));
#4631 = ORIENTED_EDGE('',*,*,#3428,.F.);
#4632 = ORIENTED_EDGE('',*,*,#1184,.F.);
#4633 = ORIENTED_EDGE('',*,*,#3501,.F.);
#4634 = ORIENTED_EDGE('',*,*,#1203,.T.);
#4635 = CYLINDRICAL_SURFACE('',#4636,1.6);
#4636 = AXIS2_PLACEMENT_3D('',#4637,#4638,#4639);
#4637 = CARTESIAN_POINT('',(-5.,15.,25.25));
#4638 = DIRECTION('',(-1.,-0.,-0.));
#4639 = DIRECTION('',(-0.,0.,1.));
#4640 = ADVANCED_FACE('',(#4641),#4647,.F.);
#4641 = FACE_BOUND('',#4642,.F.);
#4642 = EDGE_LOOP('',(#4643,#4644,#4645,#4646));
#4643 = ORIENTED_EDGE('',*,*,#2461,.F.);
#4644 = ORIENTED_EDGE('',*,*,#1142,.F.);
#4645 = ORIENTED_EDGE('',*,*,#2669,.F.);
#4646 = ORIENTED_EDGE('',*,*,#1161,.T.);
#4647 = CYLINDRICAL_SURFACE('',#4648,1.6);
#4648 = AXIS2_PLACEMENT_3D('',#4649,#4650,#4651);
#4649 = CARTESIAN_POINT('',(-5.,15.,16.75));
#4650 = DIRECTION('',(-1.,-0.,-0.));
#4651 = DIRECTION('',(-0.,0.,1.));
#4652 = ADVANCED_FACE('',(#4653),#4659,.F.);
#4653 = FACE_BOUND('',#4654,.F.);
#4654 = EDGE_LOOP('',(#4655,#4656,#4657,#4658));
#4655 = ORIENTED_EDGE('',*,*,#2533,.F.);
#4656 = ORIENTED_EDGE('',*,*,#1100,.F.);
#4657 = ORIENTED_EDGE('',*,*,#2606,.F.);
#4658 = ORIENTED_EDGE('',*,*,#1119,.T.);
#4659 = CYLINDRICAL_SURFACE('',#4660,1.6);
#4660 = AXIS2_PLACEMENT_3D('',#4661,#4662,#4663);
#4661 = CARTESIAN_POINT('',(-5.,15.,16.75));
#4662 = DIRECTION('',(-1.,-0.,-0.));
#4663 = DIRECTION('',(-0.,0.,1.));
#4664 = ADVANCED_FACE('',(#4665),#4671,.F.);
#4665 = FACE_BOUND('',#4666,.T.);
#4666 = EDGE_LOOP('',(#4667,#4668,#4669,#4670));
#4667 = ORIENTED_EDGE('',*,*,#3782,.T.);
#4668 = ORIENTED_EDGE('',*,*,#3677,.T.);
#4669 = ORIENTED_EDGE('',*,*,#2165,.T.);
#4670 = ORIENTED_EDGE('',*,*,#3168,.T.);
#4671 = PLANE('',#4672);
#4672 = AXIS2_PLACEMENT_3D('',#4673,#4674,#4675);
#4673 = CARTESIAN_POINT('',(-7.5,14.631712199461,21.75));
#4674 = DIRECTION('',(0.,0.,1.));
#4675 = DIRECTION('',(1.,0.,-0.));
#4676 = ADVANCED_FACE('',(#4677),#4683,.F.);
#4677 = FACE_BOUND('',#4678,.T.);
#4678 = EDGE_LOOP('',(#4679,#4680,#4681,#4682));
#4679 = ORIENTED_EDGE('',*,*,#3760,.T.);
#4680 = ORIENTED_EDGE('',*,*,#3128,.T.);
#4681 = ORIENTED_EDGE('',*,*,#3359,.F.);
#4682 = ORIENTED_EDGE('',*,*,#3709,.T.);
#4683 = PLANE('',#4684);
#4684 = AXIS2_PLACEMENT_3D('',#4685,#4686,#4687);
#4685 = CARTESIAN_POINT('',(-7.5,14.631712199461,21.75));
#4686 = DIRECTION('',(0.,0.,1.));
#4687 = DIRECTION('',(1.,0.,-0.));
#4688 = ( GEOMETRIC_REPRESENTATION_CONTEXT(3) 
GLOBAL_UNCERTAINTY_ASSIGNED_CONTEXT((#4692)) 
GLOBAL_UNIT_ASSIGNED_CONTEXT((#4689,#4690,#4691)) REPRESENTATION_CONTEXT
('Context #1','3D Context with UNIT and UNCERTAINTY') );
#4689 = ( LENGTH_UNIT() NAMED_UNIT(*) SI_UNIT(.MILLI.,.METRE.) );
#4690 = ( NAMED_UNIT(*) PLANE_ANGLE_UNIT() SI_UNIT($,.RADIAN.) );
#4691 = ( NAMED_UNIT(*) SI_UNIT($,.STERADIAN.) SOLID_ANGLE_UNIT() );
#4692 = UNCERTAINTY_MEASURE_WITH_UNIT(LENGTH_MEASURE(5.E-06),#4689,
  'distance_accuracy_value','confusion accuracy');
#4693 = CONTEXT_DEPENDENT_SHAPE_REPRESENTATION(#4694,#4696);
#4694 = ( REPRESENTATION_RELATIONSHIP('','',#1093,#10) 
REPRESENTATION_RELATIONSHIP_WITH_TRANSFORMATION(#4695) 
SHAPE_REPRESENTATION_RELATIONSHIP() );
#4695 = ITEM_DEFINED_TRANSFORMATION('','',#11,#19);
#4696 = PRODUCT_DEFINITION_SHAPE('Placement','Placement of an item',
  #4697);
#4697 = NEXT_ASSEMBLY_USAGE_OCCURRENCE('4','S&KHolderV3','',#5,#1088,$);
#4698 = PRODUCT_RELATED_PRODUCT_CATEGORY('part',$,(#1090));
#4699 = SHAPE_DEFINITION_REPRESENTATION(#4700,#4706);
#4700 = PRODUCT_DEFINITION_SHAPE('','',#4701);
#4701 = PRODUCT_DEFINITION('design','',#4702,#4705);
#4702 = PRODUCT_DEFINITION_FORMATION('','',#4703);
#4703 = PRODUCT('60FC_4_XX_xx_01_Shrinkwrap_1',
  '60FC_4_XX_xx_01_Shrinkwrap_1','',(#4704));
#4704 = PRODUCT_CONTEXT('',#2,'mechanical');
#4705 = PRODUCT_DEFINITION_CONTEXT('part definition',#2,'design');
#4706 = ADVANCED_BREP_SHAPE_REPRESENTATION('',(#11,#4707),#8051);
#4707 = BREP_WITH_VOIDS('',#4708,(#7951));
#4708 = CLOSED_SHELL('',(#4709,#4735,#4842,#5002,#5162,#5222,#5259,#5283
    ,#5292,#5340,#5420,#5452,#5476,#5500,#5542,#5560,#5591,#5615,#5633,
    #5651,#5713,#5723,#5739,#5831,#6234,#6258,#6278,#6302,#6323,#6341,
    #6425,#6509,#6593,#6610,#6638,#6662,#6686,#6702,#6727,#6749,#6774,
    #6793,#6822,#6834,#6846,#6871,#6903,#6918,#6947,#6965,#6979,#6991,
    #7071,#7088,#7113,#7135,#7160,#7179,#7197,#7226,#7238,#7250,#7330,
    #7347,#7372,#7394,#7419,#7438,#7456,#7485,#7497,#7509,#7589,#7606,
    #7631,#7653,#7678,#7697,#7715,#7744,#7756,#7768,#7793,#7825,#7840,
    #7869,#7886,#7900,#7912,#7938));
#4709 = ADVANCED_FACE('',(#4710),#4730,.T.);
#4710 = FACE_BOUND('',#4711,.T.);
#4711 = EDGE_LOOP('',(#4712,#4723));
#4712 = ORIENTED_EDGE('',*,*,#4713,.F.);
#4713 = EDGE_CURVE('',#4714,#4716,#4718,.T.);
#4714 = VERTEX_POINT('',#4715);
#4715 = CARTESIAN_POINT('',(13.27,4.898587196593E-16,-4.));
#4716 = VERTEX_POINT('',#4717);
#4717 = CARTESIAN_POINT('',(13.27,4.,-2.280171655703E-32));
#4718 = CIRCLE('',#4719,4.);
#4719 = AXIS2_PLACEMENT_3D('',#4720,#4721,#4722);
#4720 = CARTESIAN_POINT('',(13.27,3.972037917304E-28,-2.280171655703E-32
    ));
#4721 = DIRECTION('',(-1.,0.,1.718290622234E-33));
#4722 = DIRECTION('',(1.265487642093E-81,1.,7.364805613893E-49));
#4723 = ORIENTED_EDGE('',*,*,#4724,.F.);
#4724 = EDGE_CURVE('',#4716,#4714,#4725,.T.);
#4725 = CIRCLE('',#4726,4.);
#4726 = AXIS2_PLACEMENT_3D('',#4727,#4728,#4729);
#4727 = CARTESIAN_POINT('',(13.27,3.972037917304E-28,-2.280171655703E-32
    ));
#4728 = DIRECTION('',(-1.,0.,1.718290622234E-33));
#4729 = DIRECTION('',(1.265487642093E-81,1.,7.364805613893E-49));
#4730 = PLANE('',#4731);
#4731 = AXIS2_PLACEMENT_3D('',#4732,#4733,#4734);
#4732 = CARTESIAN_POINT('',(13.27,5.782411586596E-17,1.564697917034E-16)
  );
#4733 = DIRECTION('',(1.,0.,-1.718290622234E-33));
#4734 = DIRECTION('',(-1.718290622234E-33,-0.,-1.));
#4735 = ADVANCED_FACE('',(#4736),#4837,.F.);
#4736 = FACE_BOUND('',#4737,.F.);
#4737 = EDGE_LOOP('',(#4738,#4749,#4756,#4779,#4788,#4799,#4818,#4829,
    #4830));
#4738 = ORIENTED_EDGE('',*,*,#4739,.F.);
#4739 = EDGE_CURVE('',#4740,#4742,#4744,.T.);
#4740 = VERTEX_POINT('',#4741);
#4741 = CARTESIAN_POINT('',(9.168538730862,4.8,1.49788747241));
#4742 = VERTEX_POINT('',#4743);
#4743 = CARTESIAN_POINT('',(7.22,4.8,1.898202538678E-16));
#4744 = CIRCLE('',#4745,1.55);
#4745 = AXIS2_PLACEMENT_3D('',#4746,#4747,#4748);
#4746 = CARTESIAN_POINT('',(8.77,4.8,-1.506940875698E-32));
#4747 = DIRECTION('',(4.286122238378E-16,1.,1.965987763818E-55));
#4748 = DIRECTION('',(1.,-4.286122238378E-16,-1.718290622233E-33));
#4749 = ORIENTED_EDGE('',*,*,#4750,.T.);
#4750 = EDGE_CURVE('',#4740,#4751,#4753,.T.);
#4751 = VERTEX_POINT('',#4752);
#4752 = CARTESIAN_POINT('',(9.168538730862,3.708953102965,1.49788747241)
  );
#4753 = B_SPLINE_CURVE_WITH_KNOTS('',1,(#4754,#4755),.UNSPECIFIED.,.F.,
  .F.,(2,2),(10.2,11.291046897035),.PIECEWISE_BEZIER_KNOTS.);
#4754 = CARTESIAN_POINT('',(9.168538730862,4.8,1.49788747241));
#4755 = CARTESIAN_POINT('',(9.168538730862,3.708953102965,1.49788747241)
  );
#4756 = ORIENTED_EDGE('',*,*,#4757,.T.);
#4757 = EDGE_CURVE('',#4751,#4758,#4760,.T.);
#4758 = VERTEX_POINT('',#4759);
#4759 = CARTESIAN_POINT('',(9.168538730862,3.708953102965,-1.49788747241
    ));
#4760 = B_SPLINE_CURVE_WITH_KNOTS('',3,(#4761,#4762,#4763,#4764,#4765,
    #4766,#4767,#4768,#4769,#4770,#4771,#4772,#4773,#4774,#4775,#4776,
    #4777,#4778),.UNSPECIFIED.,.F.,.F.,(4,2,2,2,2,2,2,2,4),(
    0.511687881408,0.531594953475,0.59068421743,0.649721375855,
    0.708758534281,0.767795692707,0.826832851132,0.885922115087,
    0.905829187154),.UNSPECIFIED.);
#4761 = CARTESIAN_POINT('',(9.168538730862,3.708953102965,1.49788747241)
  );
#4762 = CARTESIAN_POINT('',(9.235645284969,3.716163914255,1.480032619226
    ));
#4763 = CARTESIAN_POINT('',(9.301809872973,3.725091217022,1.457571864638
    ));
#4764 = CARTESIAN_POINT('',(9.556592088368,3.765744499916,1.351441763181
    ));
#4765 = CARTESIAN_POINT('',(9.729483873962,3.808015433538,1.232547147716
    ));
#4766 = CARTESIAN_POINT('',(10.002426752695,3.885778960773,
    0.959604268983));
#4767 = CARTESIAN_POINT('',(10.121412965133,3.926618759478,
    0.786666416854));
#4768 = CARTESIAN_POINT('',(10.280253336738,3.9840786828,0.405334412313)
  );
#4769 = CARTESIAN_POINT('',(10.32,4.,0.196790528085));
#4770 = CARTESIAN_POINT('',(10.32,4.,-0.196790528085));
#4771 = CARTESIAN_POINT('',(10.280253336738,3.9840786828,-0.405334412313
    ));
#4772 = CARTESIAN_POINT('',(10.121412965133,3.926618759478,
    -0.786666416854));
#4773 = CARTESIAN_POINT('',(10.002426752695,3.885778960773,
    -0.959604268983));
#4774 = CARTESIAN_POINT('',(9.729483873962,3.808015433538,
    -1.232547147716));
#4775 = CARTESIAN_POINT('',(9.556592088368,3.765744499916,
    -1.351441763181));
#4776 = CARTESIAN_POINT('',(9.301809872973,3.725091217022,
    -1.457571864638));
#4777 = CARTESIAN_POINT('',(9.235645284969,3.716163914255,
    -1.480032619226));
#4778 = CARTESIAN_POINT('',(9.168538730862,3.708953102965,-1.49788747241
    ));
#4779 = ORIENTED_EDGE('',*,*,#4780,.T.);
#4780 = EDGE_CURVE('',#4758,#4781,#4783,.T.);
#4781 = VERTEX_POINT('',#4782);
#4782 = CARTESIAN_POINT('',(8.77,3.687478813498,-1.55));
#4783 = B_SPLINE_CURVE_WITH_KNOTS('',3,(#4784,#4785,#4786,#4787),
  .UNSPECIFIED.,.F.,.F.,(4,4),(0.905829187154,0.945011379041),
  .PIECEWISE_BEZIER_KNOTS.);
#4784 = CARTESIAN_POINT('',(9.168538730862,3.708953102965,-1.49788747241
    ));
#4785 = CARTESIAN_POINT('',(9.036455927777,3.694760388405,-1.53303037445
    ));
#4786 = CARTESIAN_POINT('',(8.90060730629,3.687478813498,-1.55));
#4787 = CARTESIAN_POINT('',(8.77,3.687478813498,-1.55));
#4788 = ORIENTED_EDGE('',*,*,#4789,.T.);
#4789 = EDGE_CURVE('',#4781,#4790,#4792,.T.);
#4790 = VERTEX_POINT('',#4791);
#4791 = CARTESIAN_POINT('',(8.128538733126,3.742856203075,
    -1.411037718525));
#4792 = B_SPLINE_CURVE_WITH_KNOTS('',3,(#4793,#4794,#4795,#4796,#4797,
    #4798),.UNSPECIFIED.,.F.,.F.,(4,2,4),(0.,5.908926395456E-02,
    6.382086028964E-02),.UNSPECIFIED.);
#4793 = CARTESIAN_POINT('',(8.77,3.687478813498,-1.55));
#4794 = CARTESIAN_POINT('',(8.573035786818,3.687478813498,-1.55));
#4795 = CARTESIAN_POINT('',(8.3645621356,3.704927183962,-1.510212407348)
  );
#4796 = CARTESIAN_POINT('',(8.158724485503,3.737770827333,
    -1.424470273995));
#4797 = CARTESIAN_POINT('',(8.143571684388,3.740279813431,-1.41787173567
    ));
#4798 = CARTESIAN_POINT('',(8.128538733126,3.742856203075,
    -1.411037718525));
#4799 = ORIENTED_EDGE('',*,*,#4800,.T.);
#4800 = EDGE_CURVE('',#4790,#4801,#4803,.T.);
#4801 = VERTEX_POINT('',#4802);
#4802 = CARTESIAN_POINT('',(8.128538733126,3.742856203075,1.411037718525
    ));
#4803 = B_SPLINE_CURVE_WITH_KNOTS('',3,(#4804,#4805,#4806,#4807,#4808,
    #4809,#4810,#4811,#4812,#4813,#4814,#4815,#4816,#4817),
  .UNSPECIFIED.,.F.,.F.,(4,2,2,2,2,2,4),(6.382086028964E-02,
    0.118178527909,0.177215686335,0.23625284476,0.295290003186,
    0.354327161612,0.408684829231),.UNSPECIFIED.);
#4804 = CARTESIAN_POINT('',(8.128538733126,3.742856203075,
    -1.411037718525));
#4805 = CARTESIAN_POINT('',(7.955836729375,3.772454360233,
    -1.332526956791));
#4806 = CARTESIAN_POINT('',(7.799583300861,3.811130279591,
    -1.221614322539));
#4807 = CARTESIAN_POINT('',(7.537573247305,3.885778960773,
    -0.959604268983));
#4808 = CARTESIAN_POINT('',(7.418587034867,3.926618759478,
    -0.786666416854));
#4809 = CARTESIAN_POINT('',(7.259746663262,3.9840786828,-0.405334412313)
  );
#4810 = CARTESIAN_POINT('',(7.22,4.,-0.196790528085));
#4811 = CARTESIAN_POINT('',(7.22,4.,0.196790528085));
#4812 = CARTESIAN_POINT('',(7.259746663262,3.9840786828,0.405334412313)
  );
#4813 = CARTESIAN_POINT('',(7.418587034867,3.926618759478,0.786666416854
    ));
#4814 = CARTESIAN_POINT('',(7.537573247305,3.885778960773,0.959604268983
    ));
#4815 = CARTESIAN_POINT('',(7.799583300861,3.811130279591,1.221614322539
    ));
#4816 = CARTESIAN_POINT('',(7.955836729375,3.772454360233,1.332526956791
    ));
#4817 = CARTESIAN_POINT('',(8.128538733126,3.742856203075,1.411037718525
    ));
#4818 = ORIENTED_EDGE('',*,*,#4819,.T.);
#4819 = EDGE_CURVE('',#4801,#4751,#4820,.T.);
#4820 = B_SPLINE_CURVE_WITH_KNOTS('',3,(#4821,#4822,#4823,#4824,#4825,
    #4826,#4827,#4828),.UNSPECIFIED.,.F.,.F.,(4,2,2,4),(0.408684829231,
    0.413416425566,0.472505689521,0.511687881408),.UNSPECIFIED.);
#4821 = CARTESIAN_POINT('',(8.128538733126,3.742856203075,1.411037718525
    ));
#4822 = CARTESIAN_POINT('',(8.143571684388,3.740279813431,1.41787173567)
  );
#4823 = CARTESIAN_POINT('',(8.158724485503,3.737770827333,1.424470273995
    ));
#4824 = CARTESIAN_POINT('',(8.3645621356,3.704927183962,1.510212407348)
  );
#4825 = CARTESIAN_POINT('',(8.573035786818,3.687478813498,1.55));
#4826 = CARTESIAN_POINT('',(8.90060730629,3.687478813498,1.55));
#4827 = CARTESIAN_POINT('',(9.036455927777,3.694760388405,1.53303037445)
  );
#4828 = CARTESIAN_POINT('',(9.168538730862,3.708953102965,1.49788747241)
  );
#4829 = ORIENTED_EDGE('',*,*,#4750,.F.);
#4830 = ORIENTED_EDGE('',*,*,#4831,.F.);
#4831 = EDGE_CURVE('',#4742,#4740,#4832,.T.);
#4832 = CIRCLE('',#4833,1.55);
#4833 = AXIS2_PLACEMENT_3D('',#4834,#4835,#4836);
#4834 = CARTESIAN_POINT('',(8.77,4.8,-1.506940875698E-32));
#4835 = DIRECTION('',(4.286122238378E-16,1.,1.965987763818E-55));
#4836 = DIRECTION('',(1.,-4.286122238378E-16,-1.718290622233E-33));
#4837 = CYLINDRICAL_SURFACE('',#4838,1.55);
#4838 = AXIS2_PLACEMENT_3D('',#4839,#4840,#4841);
#4839 = CARTESIAN_POINT('',(8.77,15.,-1.506940875698E-32));
#4840 = DIRECTION('',(-4.286122238378E-16,-1.,-1.965987764335E-55));
#4841 = DIRECTION('',(1.,-4.286122238378E-16,-1.718290622233E-33));
#4842 = ADVANCED_FACE('',(#4843),#4997,.F.);
#4843 = FACE_BOUND('',#4844,.F.);
#4844 = EDGE_LOOP('',(#4845,#4856,#4863,#4902,#4939,#4940,#4948,#4957,
    #4965,#4974,#4982,#4991));
#4845 = ORIENTED_EDGE('',*,*,#4846,.F.);
#4846 = EDGE_CURVE('',#4847,#4849,#4851,.T.);
#4847 = VERTEX_POINT('',#4848);
#4848 = CARTESIAN_POINT('',(5.36756610513,2.761496824527,5.033052805021)
  );
#4849 = VERTEX_POINT('',#4850);
#4850 = CARTESIAN_POINT('',(4.17243389487,2.761496824527,5.033052805021)
  );
#4851 = CIRCLE('',#4852,0.6105);
#4852 = AXIS2_PLACEMENT_3D('',#4853,#4854,#4855);
#4853 = CARTESIAN_POINT('',(4.77,2.86975,4.970552805021));
#4854 = DIRECTION('',(-2.143061119189E-16,-0.5,-0.866025403784));
#4855 = DIRECTION('',(1.,-4.286122238378E-16,-4.437342591868E-31));
#4856 = ORIENTED_EDGE('',*,*,#4857,.T.);
#4857 = EDGE_CURVE('',#4847,#4858,#4860,.T.);
#4858 = VERTEX_POINT('',#4859);
#4859 = CARTESIAN_POINT('',(5.36756610513,2.891081972314,5.257500864895)
  );
#4860 = B_SPLINE_CURVE_WITH_KNOTS('',1,(#4861,#4862),.UNSPECIFIED.,.F.,
  .F.,(2,2),(-3.2605,-3.001329704425),.PIECEWISE_BEZIER_KNOTS.);
#4861 = CARTESIAN_POINT('',(5.36756610513,2.761496824527,5.033052805021)
  );
#4862 = CARTESIAN_POINT('',(5.36756610513,2.891081972314,5.257500864895)
  );
#4863 = ORIENTED_EDGE('',*,*,#4864,.T.);
#4864 = EDGE_CURVE('',#4858,#4865,#4867,.T.);
#4865 = VERTEX_POINT('',#4866);
#4866 = CARTESIAN_POINT('',(4.77,2.455721493101,5.474434395289));
#4867 = B_SPLINE_CURVE_WITH_KNOTS('',3,(#4868,#4869,#4870,#4871,#4872,
    #4873,#4874,#4875,#4876,#4877,#4878,#4879,#4880,#4881,#4882,#4883,
    #4884,#4885,#4886,#4887,#4888,#4889,#4890,#4891,#4892,#4893,#4894,
    #4895,#4896,#4897,#4898,#4899,#4900,#4901),.UNSPECIFIED.,.T.,.F.,(1,
    3,2,2,2,2,2,2,2,2,2,2,2,2,2,2,2,3,1),(-2.301386379928E-02,0.,
    2.301386379928E-02,4.602772759855E-02,6.904150740737E-02,
    9.205528721619E-02,0.115069067025,0.138082846834,0.161096710633,
    0.184110574432,0.207124438232,0.230138302031,0.25315208184,
    0.276165861649,0.299179641457,0.322193421266,0.345207285066,
    0.368221148865,0.391235012664),.UNSPECIFIED.);
#4868 = CARTESIAN_POINT('',(4.77,2.455721493101,5.474434395289));
#4869 = CARTESIAN_POINT('',(4.693287120669,2.455721493101,5.474434395289
    ));
#4870 = CARTESIAN_POINT('',(4.61149744859,2.469823679005,5.468176168065)
  );
#4871 = CARTESIAN_POINT('',(4.461098701675,2.526736637666,5.442111866715
    ));
#4872 = CARTESIAN_POINT('',(4.392485080185,2.569501981106,5.422232901451
    ));
#4873 = CARTESIAN_POINT('',(4.284137737697,2.667241353263,5.374827774952
    ));
#4874 = CARTESIAN_POINT('',(4.237162226906,2.728741343159,5.344121465886
    ));
#4875 = CARTESIAN_POINT('',(4.17484189321,2.861921999522,5.273999054659)
  );
#4876 = CARTESIAN_POINT('',(4.1595,2.933564940162,5.234508722388));
#4877 = CARTESIAN_POINT('',(4.1595,3.066435059838,5.157796123025));
#4878 = CARTESIAN_POINT('',(4.17484189321,3.136456161109,5.115496682565)
  );
#4879 = CARTESIAN_POINT('',(4.237162226906,3.263774278787,5.035220056475
    ));
#4880 = CARTESIAN_POINT('',(4.284137737697,3.321116717443,4.997312657427
    ));
#4881 = CARTESIAN_POINT('',(4.392485080185,3.41104044734,4.936370441438)
  );
#4882 = CARTESIAN_POINT('',(4.461098701675,3.449638807979,4.90927405025)
  );
#4883 = CARTESIAN_POINT('',(4.61149744859,3.50066763441,4.873018132919)
  );
#4884 = CARTESIAN_POINT('',(4.693287120669,3.513138511121,4.863934395289
    ));
#4885 = CARTESIAN_POINT('',(4.846712879331,3.513138511121,4.863934395289
    ));
#4886 = CARTESIAN_POINT('',(4.92850255141,3.50066763441,4.873018132919)
  );
#4887 = CARTESIAN_POINT('',(5.078901298325,3.449638807979,4.90927405025)
  );
#4888 = CARTESIAN_POINT('',(5.147514919815,3.41104044734,4.936370441438)
  );
#4889 = CARTESIAN_POINT('',(5.255862262303,3.321116717443,4.997312657427
    ));
#4890 = CARTESIAN_POINT('',(5.302837773094,3.263774278787,5.035220056475
    ));
#4891 = CARTESIAN_POINT('',(5.36515810679,3.136456161109,5.115496682565)
  );
#4892 = CARTESIAN_POINT('',(5.3805,3.066435059838,5.157796123025));
#4893 = CARTESIAN_POINT('',(5.3805,2.933564940162,5.234508722388));
#4894 = CARTESIAN_POINT('',(5.36515810679,2.861921999522,5.273999054659)
  );
#4895 = CARTESIAN_POINT('',(5.302837773094,2.728741343159,5.344121465886
    ));
#4896 = CARTESIAN_POINT('',(5.255862262303,2.667241353263,5.374827774952
    ));
#4897 = CARTESIAN_POINT('',(5.147514919815,2.569501981106,5.422232901451
    ));
#4898 = CARTESIAN_POINT('',(5.078901298325,2.526736637666,5.442111866715
    ));
#4899 = CARTESIAN_POINT('',(4.92850255141,2.469823679005,5.468176168065)
  );
#4900 = CARTESIAN_POINT('',(4.846712879331,2.455721493101,5.474434395289
    ));
#4901 = CARTESIAN_POINT('',(4.77,2.455721493101,5.474434395289));
#4902 = ORIENTED_EDGE('',*,*,#4903,.T.);
#4903 = EDGE_CURVE('',#4865,#4858,#4904,.T.);
#4904 = B_SPLINE_CURVE_WITH_KNOTS('',3,(#4905,#4906,#4907,#4908,#4909,
    #4910,#4911,#4912,#4913,#4914,#4915,#4916,#4917,#4918,#4919,#4920,
    #4921,#4922,#4923,#4924,#4925,#4926,#4927,#4928,#4929,#4930,#4931,
    #4932,#4933,#4934,#4935,#4936,#4937,#4938),.UNSPECIFIED.,.T.,.F.,(1,
    3,2,2,2,2,2,2,2,2,2,2,2,2,2,2,2,3,1),(-2.301386379928E-02,0.,
    2.301386379928E-02,4.602772759855E-02,6.904150740737E-02,
    9.205528721619E-02,0.115069067025,0.138082846834,0.161096710633,
    0.184110574432,0.207124438232,0.230138302031,0.25315208184,
    0.276165861649,0.299179641457,0.322193421266,0.345207285066,
    0.368221148865,0.391235012664),.UNSPECIFIED.);
#4905 = CARTESIAN_POINT('',(4.77,2.455721493101,5.474434395289));
#4906 = CARTESIAN_POINT('',(4.693287120669,2.455721493101,5.474434395289
    ));
#4907 = CARTESIAN_POINT('',(4.61149744859,2.469823679005,5.468176168065)
  );
#4908 = CARTESIAN_POINT('',(4.461098701675,2.526736637666,5.442111866715
    ));
#4909 = CARTESIAN_POINT('',(4.392485080185,2.569501981106,5.422232901451
    ));
#4910 = CARTESIAN_POINT('',(4.284137737697,2.667241353263,5.374827774952
    ));
#4911 = CARTESIAN_POINT('',(4.237162226906,2.728741343159,5.344121465886
    ));
#4912 = CARTESIAN_POINT('',(4.17484189321,2.861921999522,5.273999054659)
  );
#4913 = CARTESIAN_POINT('',(4.1595,2.933564940162,5.234508722388));
#4914 = CARTESIAN_POINT('',(4.1595,3.066435059838,5.157796123025));
#4915 = CARTESIAN_POINT('',(4.17484189321,3.136456161109,5.115496682565)
  );
#4916 = CARTESIAN_POINT('',(4.237162226906,3.263774278787,5.035220056475
    ));
#4917 = CARTESIAN_POINT('',(4.284137737697,3.321116717443,4.997312657427
    ));
#4918 = CARTESIAN_POINT('',(4.392485080185,3.41104044734,4.936370441438)
  );
#4919 = CARTESIAN_POINT('',(4.461098701675,3.449638807979,4.90927405025)
  );
#4920 = CARTESIAN_POINT('',(4.61149744859,3.50066763441,4.873018132919)
  );
#4921 = CARTESIAN_POINT('',(4.693287120669,3.513138511121,4.863934395289
    ));
#4922 = CARTESIAN_POINT('',(4.846712879331,3.513138511121,4.863934395289
    ));
#4923 = CARTESIAN_POINT('',(4.92850255141,3.50066763441,4.873018132919)
  );
#4924 = CARTESIAN_POINT('',(5.078901298325,3.449638807979,4.90927405025)
  );
#4925 = CARTESIAN_POINT('',(5.147514919815,3.41104044734,4.936370441438)
  );
#4926 = CARTESIAN_POINT('',(5.255862262303,3.321116717443,4.997312657427
    ));
#4927 = CARTESIAN_POINT('',(5.302837773094,3.263774278787,5.035220056475
    ));
#4928 = CARTESIAN_POINT('',(5.36515810679,3.136456161109,5.115496682565)
  );
#4929 = CARTESIAN_POINT('',(5.3805,3.066435059838,5.157796123025));
#4930 = CARTESIAN_POINT('',(5.3805,2.933564940162,5.234508722388));
#4931 = CARTESIAN_POINT('',(5.36515810679,2.861921999522,5.273999054659)
  );
#4932 = CARTESIAN_POINT('',(5.302837773094,2.728741343159,5.344121465886
    ));
#4933 = CARTESIAN_POINT('',(5.255862262303,2.667241353263,5.374827774952
    ));
#4934 = CARTESIAN_POINT('',(5.147514919815,2.569501981106,5.422232901451
    ));
#4935 = CARTESIAN_POINT('',(5.078901298325,2.526736637666,5.442111866715
    ));
#4936 = CARTESIAN_POINT('',(4.92850255141,2.469823679005,5.468176168065)
  );
#4937 = CARTESIAN_POINT('',(4.846712879331,2.455721493101,5.474434395289
    ));
#4938 = CARTESIAN_POINT('',(4.77,2.455721493101,5.474434395289));
#4939 = ORIENTED_EDGE('',*,*,#4857,.F.);
#4940 = ORIENTED_EDGE('',*,*,#4941,.F.);
#4941 = EDGE_CURVE('',#4942,#4847,#4944,.T.);
#4942 = VERTEX_POINT('',#4943);
#4943 = CARTESIAN_POINT('',(5.36756610513,2.591746824527,4.739037180436)
  );
#4944 = LINE('',#4945,#4946);
#4945 = CARTESIAN_POINT('',(5.36756610513,4.391746824527,7.85672863406)
  );
#4946 = VECTOR('',#4947,1.);
#4947 = DIRECTION('',(2.143061119189E-16,0.5,0.866025403784));
#4948 = ORIENTED_EDGE('',*,*,#4949,.F.);
#4949 = EDGE_CURVE('',#4950,#4942,#4952,.T.);
#4950 = VERTEX_POINT('',#4951);
#4951 = CARTESIAN_POINT('',(5.36756610513,2.808253175473,4.614037180436)
  );
#4952 = CIRCLE('',#4953,0.6105);
#4953 = AXIS2_PLACEMENT_3D('',#4954,#4955,#4956);
#4954 = CARTESIAN_POINT('',(4.77,2.7,4.676537180436));
#4955 = DIRECTION('',(-4.363507168446E-16,-0.5,-0.866025403784));
#4956 = DIRECTION('',(1.,-5.396345263007E-16,-1.922962686389E-16));
#4957 = ORIENTED_EDGE('',*,*,#4958,.F.);
#4958 = EDGE_CURVE('',#4959,#4950,#4961,.T.);
#4959 = VERTEX_POINT('',#4960);
#4960 = CARTESIAN_POINT('',(5.36756610513,2.978003175473,4.908052805021)
  );
#4961 = LINE('',#4962,#4963);
#4962 = CARTESIAN_POINT('',(5.36756610513,4.608253175473,7.73172863406)
  );
#4963 = VECTOR('',#4964,1.);
#4964 = DIRECTION('',(-2.143061119189E-16,-0.5,-0.866025403784));
#4965 = ORIENTED_EDGE('',*,*,#4966,.F.);
#4966 = EDGE_CURVE('',#4967,#4959,#4969,.T.);
#4967 = VERTEX_POINT('',#4968);
#4968 = CARTESIAN_POINT('',(4.17243389487,2.978003175473,4.908052805021)
  );
#4969 = CIRCLE('',#4970,0.6105);
#4970 = AXIS2_PLACEMENT_3D('',#4971,#4972,#4973);
#4971 = CARTESIAN_POINT('',(4.77,2.86975,4.970552805021));
#4972 = DIRECTION('',(-2.143061119189E-16,-0.5,-0.866025403784));
#4973 = DIRECTION('',(1.,-4.286122238378E-16,-4.437342591868E-31));
#4974 = ORIENTED_EDGE('',*,*,#4975,.F.);
#4975 = EDGE_CURVE('',#4976,#4967,#4978,.T.);
#4976 = VERTEX_POINT('',#4977);
#4977 = CARTESIAN_POINT('',(4.17243389487,2.808253175473,4.614037180436)
  );
#4978 = LINE('',#4979,#4980);
#4979 = CARTESIAN_POINT('',(4.17243389487,4.608253175473,7.73172863406)
  );
#4980 = VECTOR('',#4981,1.);
#4981 = DIRECTION('',(2.143061119189E-16,0.5,0.866025403784));
#4982 = ORIENTED_EDGE('',*,*,#4983,.F.);
#4983 = EDGE_CURVE('',#4984,#4976,#4986,.T.);
#4984 = VERTEX_POINT('',#4985);
#4985 = CARTESIAN_POINT('',(4.17243389487,2.591746824527,4.739037180436)
  );
#4986 = CIRCLE('',#4987,0.6105);
#4987 = AXIS2_PLACEMENT_3D('',#4988,#4989,#4990);
#4988 = CARTESIAN_POINT('',(4.77,2.7,4.676537180436));
#4989 = DIRECTION('',(-4.363507168446E-16,-0.5,-0.866025403784));
#4990 = DIRECTION('',(1.,-5.396345263007E-16,-1.922962686389E-16));
#4991 = ORIENTED_EDGE('',*,*,#4992,.F.);
#4992 = EDGE_CURVE('',#4849,#4984,#4993,.T.);
#4993 = LINE('',#4994,#4995);
#4994 = CARTESIAN_POINT('',(4.17243389487,4.391746824527,7.85672863406)
  );
#4995 = VECTOR('',#4996,1.);
#4996 = DIRECTION('',(-2.143061119189E-16,-0.5,-0.866025403784));
#4997 = CYLINDRICAL_SURFACE('',#4998,0.6105);
#4998 = AXIS2_PLACEMENT_3D('',#4999,#5000,#5001);
#4999 = CARTESIAN_POINT('',(4.77,4.5,7.79422863406));
#5000 = DIRECTION('',(2.143061119189E-16,0.5,0.866025403784));
#5001 = DIRECTION('',(1.,-4.286122238378E-16,-4.437342591868E-31));
#5002 = ADVANCED_FACE('',(#5003),#5157,.F.);
#5003 = FACE_BOUND('',#5004,.F.);
#5004 = EDGE_LOOP('',(#5005,#5016,#5024,#5033,#5041,#5050,#5058,#5067,
    #5074,#5113,#5150,#5151));
#5005 = ORIENTED_EDGE('',*,*,#5006,.F.);
#5006 = EDGE_CURVE('',#5007,#5009,#5011,.T.);
#5007 = VERTEX_POINT('',#5008);
#5008 = CARTESIAN_POINT('',(5.36756610513,2.591746824527,-4.739037180436
    ));
#5009 = VERTEX_POINT('',#5010);
#5010 = CARTESIAN_POINT('',(5.36756610513,2.808253175473,-4.614037180436
    ));
#5011 = CIRCLE('',#5012,0.6105);
#5012 = AXIS2_PLACEMENT_3D('',#5013,#5014,#5015);
#5013 = CARTESIAN_POINT('',(4.77,2.7,-4.676537180436));
#5014 = DIRECTION('',(-4.363507168431E-16,-0.5,0.866025403784));
#5015 = DIRECTION('',(1.,-5.396345262999E-16,1.922962686376E-16));
#5016 = ORIENTED_EDGE('',*,*,#5017,.F.);
#5017 = EDGE_CURVE('',#5018,#5007,#5020,.T.);
#5018 = VERTEX_POINT('',#5019);
#5019 = CARTESIAN_POINT('',(5.36756610513,2.761496824527,-5.033052805021
    ));
#5020 = LINE('',#5021,#5022);
#5021 = CARTESIAN_POINT('',(5.36756610513,4.391746824527,-7.85672863406)
  );
#5022 = VECTOR('',#5023,1.);
#5023 = DIRECTION('',(-2.143061119189E-16,-0.5,0.866025403784));
#5024 = ORIENTED_EDGE('',*,*,#5025,.F.);
#5025 = EDGE_CURVE('',#5026,#5018,#5028,.T.);
#5026 = VERTEX_POINT('',#5027);
#5027 = CARTESIAN_POINT('',(4.17243389487,2.761496824527,-5.033052805021
    ));
#5028 = CIRCLE('',#5029,0.6105);
#5029 = AXIS2_PLACEMENT_3D('',#5030,#5031,#5032);
#5030 = CARTESIAN_POINT('',(4.77,2.86975,-4.970552805021));
#5031 = DIRECTION('',(-2.143061119189E-16,-0.5,0.866025403784));
#5032 = DIRECTION('',(1.,-4.286122238378E-16,4.437342591868E-31));
#5033 = ORIENTED_EDGE('',*,*,#5034,.F.);
#5034 = EDGE_CURVE('',#5035,#5026,#5037,.T.);
#5035 = VERTEX_POINT('',#5036);
#5036 = CARTESIAN_POINT('',(4.17243389487,2.591746824527,-4.739037180436
    ));
#5037 = LINE('',#5038,#5039);
#5038 = CARTESIAN_POINT('',(4.17243389487,4.391746824527,-7.85672863406)
  );
#5039 = VECTOR('',#5040,1.);
#5040 = DIRECTION('',(2.143061119189E-16,0.5,-0.866025403784));
#5041 = ORIENTED_EDGE('',*,*,#5042,.F.);
#5042 = EDGE_CURVE('',#5043,#5035,#5045,.T.);
#5043 = VERTEX_POINT('',#5044);
#5044 = CARTESIAN_POINT('',(4.17243389487,2.808253175473,-4.614037180436
    ));
#5045 = CIRCLE('',#5046,0.6105);
#5046 = AXIS2_PLACEMENT_3D('',#5047,#5048,#5049);
#5047 = CARTESIAN_POINT('',(4.77,2.7,-4.676537180436));
#5048 = DIRECTION('',(-4.363507168431E-16,-0.5,0.866025403784));
#5049 = DIRECTION('',(1.,-5.396345262999E-16,1.922962686376E-16));
#5050 = ORIENTED_EDGE('',*,*,#5051,.F.);
#5051 = EDGE_CURVE('',#5052,#5043,#5054,.T.);
#5052 = VERTEX_POINT('',#5053);
#5053 = CARTESIAN_POINT('',(4.17243389487,2.978003175473,-4.908052805021
    ));
#5054 = LINE('',#5055,#5056);
#5055 = CARTESIAN_POINT('',(4.17243389487,4.608253175473,-7.73172863406)
  );
#5056 = VECTOR('',#5057,1.);
#5057 = DIRECTION('',(-2.143061119189E-16,-0.5,0.866025403784));
#5058 = ORIENTED_EDGE('',*,*,#5059,.F.);
#5059 = EDGE_CURVE('',#5060,#5052,#5062,.T.);
#5060 = VERTEX_POINT('',#5061);
#5061 = CARTESIAN_POINT('',(5.36756610513,2.978003175473,-4.908052805021
    ));
#5062 = CIRCLE('',#5063,0.6105);
#5063 = AXIS2_PLACEMENT_3D('',#5064,#5065,#5066);
#5064 = CARTESIAN_POINT('',(4.77,2.86975,-4.970552805021));
#5065 = DIRECTION('',(-2.143061119189E-16,-0.5,0.866025403784));
#5066 = DIRECTION('',(1.,-4.286122238378E-16,4.437342591868E-31));
#5067 = ORIENTED_EDGE('',*,*,#5068,.F.);
#5068 = EDGE_CURVE('',#5069,#5060,#5071,.T.);
#5069 = VERTEX_POINT('',#5070);
#5070 = CARTESIAN_POINT('',(5.36756610513,3.10758832326,-5.132500864895)
  );
#5071 = B_SPLINE_CURVE_WITH_KNOTS('',1,(#5072,#5073),.UNSPECIFIED.,.F.,
  .F.,(2,2),(3.001329704425,3.2605),.PIECEWISE_BEZIER_KNOTS.);
#5072 = CARTESIAN_POINT('',(5.36756610513,3.10758832326,-5.132500864895)
  );
#5073 = CARTESIAN_POINT('',(5.36756610513,2.978003175473,-4.908052805021
    ));
#5074 = ORIENTED_EDGE('',*,*,#5075,.T.);
#5075 = EDGE_CURVE('',#5069,#5076,#5078,.T.);
#5076 = VERTEX_POINT('',#5077);
#5077 = CARTESIAN_POINT('',(4.77,2.455721493101,-5.474434395289));
#5078 = B_SPLINE_CURVE_WITH_KNOTS('',3,(#5079,#5080,#5081,#5082,#5083,
    #5084,#5085,#5086,#5087,#5088,#5089,#5090,#5091,#5092,#5093,#5094,
    #5095,#5096,#5097,#5098,#5099,#5100,#5101,#5102,#5103,#5104,#5105,
    #5106,#5107,#5108,#5109,#5110,#5111,#5112),.UNSPECIFIED.,.T.,.F.,(1,
    3,2,2,2,2,2,2,2,2,2,2,2,2,2,2,2,3,1),(-2.301386379928E-02,0.,
    2.301386379928E-02,4.602772759855E-02,6.904150740737E-02,
    9.205528721619E-02,0.115069067025,0.138082846834,0.161096710633,
    0.184110574432,0.207124438232,0.230138302031,0.25315208184,
    0.276165861649,0.299179641457,0.322193421266,0.345207285066,
    0.368221148865,0.391235012664),.UNSPECIFIED.);
#5079 = CARTESIAN_POINT('',(4.77,2.455721493101,-5.474434395289));
#5080 = CARTESIAN_POINT('',(4.846712879331,2.455721493101,
    -5.474434395289));
#5081 = CARTESIAN_POINT('',(4.92850255141,2.469823679005,-5.468176168065
    ));
#5082 = CARTESIAN_POINT('',(5.078901298325,2.526736637666,
    -5.442111866715));
#5083 = CARTESIAN_POINT('',(5.147514919815,2.569501981106,
    -5.422232901451));
#5084 = CARTESIAN_POINT('',(5.255862262303,2.667241353263,
    -5.374827774952));
#5085 = CARTESIAN_POINT('',(5.302837773094,2.728741343159,
    -5.344121465886));
#5086 = CARTESIAN_POINT('',(5.36515810679,2.861921999522,-5.273999054659
    ));
#5087 = CARTESIAN_POINT('',(5.3805,2.933564940162,-5.234508722388));
#5088 = CARTESIAN_POINT('',(5.3805,3.066435059838,-5.157796123025));
#5089 = CARTESIAN_POINT('',(5.36515810679,3.136456161109,-5.115496682565
    ));
#5090 = CARTESIAN_POINT('',(5.302837773094,3.263774278787,
    -5.035220056475));
#5091 = CARTESIAN_POINT('',(5.255862262303,3.321116717443,
    -4.997312657427));
#5092 = CARTESIAN_POINT('',(5.147514919815,3.41104044734,-4.936370441438
    ));
#5093 = CARTESIAN_POINT('',(5.078901298325,3.449638807979,-4.90927405025
    ));
#5094 = CARTESIAN_POINT('',(4.92850255141,3.50066763441,-4.873018132919)
  );
#5095 = CARTESIAN_POINT('',(4.846712879331,3.513138511121,
    -4.863934395289));
#5096 = CARTESIAN_POINT('',(4.693287120669,3.513138511121,
    -4.863934395289));
#5097 = CARTESIAN_POINT('',(4.61149744859,3.50066763441,-4.873018132919)
  );
#5098 = CARTESIAN_POINT('',(4.461098701675,3.449638807979,-4.90927405025
    ));
#5099 = CARTESIAN_POINT('',(4.392485080185,3.41104044734,-4.936370441438
    ));
#5100 = CARTESIAN_POINT('',(4.284137737697,3.321116717443,
    -4.997312657427));
#5101 = CARTESIAN_POINT('',(4.237162226906,3.263774278787,
    -5.035220056475));
#5102 = CARTESIAN_POINT('',(4.17484189321,3.136456161109,-5.115496682565
    ));
#5103 = CARTESIAN_POINT('',(4.1595,3.066435059838,-5.157796123025));
#5104 = CARTESIAN_POINT('',(4.1595,2.933564940162,-5.234508722388));
#5105 = CARTESIAN_POINT('',(4.17484189321,2.861921999522,-5.273999054659
    ));
#5106 = CARTESIAN_POINT('',(4.237162226906,2.728741343159,
    -5.344121465886));
#5107 = CARTESIAN_POINT('',(4.284137737697,2.667241353263,
    -5.374827774952));
#5108 = CARTESIAN_POINT('',(4.392485080185,2.569501981106,
    -5.422232901451));
#5109 = CARTESIAN_POINT('',(4.461098701675,2.526736637666,
    -5.442111866715));
#5110 = CARTESIAN_POINT('',(4.61149744859,2.469823679005,-5.468176168065
    ));
#5111 = CARTESIAN_POINT('',(4.693287120669,2.455721493101,
    -5.474434395289));
#5112 = CARTESIAN_POINT('',(4.77,2.455721493101,-5.474434395289));
#5113 = ORIENTED_EDGE('',*,*,#5114,.T.);
#5114 = EDGE_CURVE('',#5076,#5069,#5115,.T.);
#5115 = B_SPLINE_CURVE_WITH_KNOTS('',3,(#5116,#5117,#5118,#5119,#5120,
    #5121,#5122,#5123,#5124,#5125,#5126,#5127,#5128,#5129,#5130,#5131,
    #5132,#5133,#5134,#5135,#5136,#5137,#5138,#5139,#5140,#5141,#5142,
    #5143,#5144,#5145,#5146,#5147,#5148,#5149),.UNSPECIFIED.,.T.,.F.,(1,
    3,2,2,2,2,2,2,2,2,2,2,2,2,2,2,2,3,1),(-2.301386379928E-02,0.,
    2.301386379928E-02,4.602772759855E-02,6.904150740737E-02,
    9.205528721619E-02,0.115069067025,0.138082846834,0.161096710633,
    0.184110574432,0.207124438232,0.230138302031,0.25315208184,
    0.276165861649,0.299179641457,0.322193421266,0.345207285066,
    0.368221148865,0.391235012664),.UNSPECIFIED.);
#5116 = CARTESIAN_POINT('',(4.77,2.455721493101,-5.474434395289));
#5117 = CARTESIAN_POINT('',(4.846712879331,2.455721493101,
    -5.474434395289));
#5118 = CARTESIAN_POINT('',(4.92850255141,2.469823679005,-5.468176168065
    ));
#5119 = CARTESIAN_POINT('',(5.078901298325,2.526736637666,
    -5.442111866715));
#5120 = CARTESIAN_POINT('',(5.147514919815,2.569501981106,
    -5.422232901451));
#5121 = CARTESIAN_POINT('',(5.255862262303,2.667241353263,
    -5.374827774952));
#5122 = CARTESIAN_POINT('',(5.302837773094,2.728741343159,
    -5.344121465886));
#5123 = CARTESIAN_POINT('',(5.36515810679,2.861921999522,-5.273999054659
    ));
#5124 = CARTESIAN_POINT('',(5.3805,2.933564940162,-5.234508722388));
#5125 = CARTESIAN_POINT('',(5.3805,3.066435059838,-5.157796123025));
#5126 = CARTESIAN_POINT('',(5.36515810679,3.136456161109,-5.115496682565
    ));
#5127 = CARTESIAN_POINT('',(5.302837773094,3.263774278787,
    -5.035220056475));
#5128 = CARTESIAN_POINT('',(5.255862262303,3.321116717443,
    -4.997312657427));
#5129 = CARTESIAN_POINT('',(5.147514919815,3.41104044734,-4.936370441438
    ));
#5130 = CARTESIAN_POINT('',(5.078901298325,3.449638807979,-4.90927405025
    ));
#5131 = CARTESIAN_POINT('',(4.92850255141,3.50066763441,-4.873018132919)
  );
#5132 = CARTESIAN_POINT('',(4.846712879331,3.513138511121,
    -4.863934395289));
#5133 = CARTESIAN_POINT('',(4.693287120669,3.513138511121,
    -4.863934395289));
#5134 = CARTESIAN_POINT('',(4.61149744859,3.50066763441,-4.873018132919)
  );
#5135 = CARTESIAN_POINT('',(4.461098701675,3.449638807979,-4.90927405025
    ));
#5136 = CARTESIAN_POINT('',(4.392485080185,3.41104044734,-4.936370441438
    ));
#5137 = CARTESIAN_POINT('',(4.284137737697,3.321116717443,
    -4.997312657427));
#5138 = CARTESIAN_POINT('',(4.237162226906,3.263774278787,
    -5.035220056475));
#5139 = CARTESIAN_POINT('',(4.17484189321,3.136456161109,-5.115496682565
    ));
#5140 = CARTESIAN_POINT('',(4.1595,3.066435059838,-5.157796123025));
#5141 = CARTESIAN_POINT('',(4.1595,2.933564940162,-5.234508722388));
#5142 = CARTESIAN_POINT('',(4.17484189321,2.861921999522,-5.273999054659
    ));
#5143 = CARTESIAN_POINT('',(4.237162226906,2.728741343159,
    -5.344121465886));
#5144 = CARTESIAN_POINT('',(4.284137737697,2.667241353263,
    -5.374827774952));
#5145 = CARTESIAN_POINT('',(4.392485080185,2.569501981106,
    -5.422232901451));
#5146 = CARTESIAN_POINT('',(4.461098701675,2.526736637666,
    -5.442111866715));
#5147 = CARTESIAN_POINT('',(4.61149744859,2.469823679005,-5.468176168065
    ));
#5148 = CARTESIAN_POINT('',(4.693287120669,2.455721493101,
    -5.474434395289));
#5149 = CARTESIAN_POINT('',(4.77,2.455721493101,-5.474434395289));
#5150 = ORIENTED_EDGE('',*,*,#5068,.T.);
#5151 = ORIENTED_EDGE('',*,*,#5152,.F.);
#5152 = EDGE_CURVE('',#5009,#5060,#5153,.T.);
#5153 = LINE('',#5154,#5155);
#5154 = CARTESIAN_POINT('',(5.36756610513,4.608253175473,-7.73172863406)
  );
#5155 = VECTOR('',#5156,1.);
#5156 = DIRECTION('',(2.143061119189E-16,0.5,-0.866025403784));
#5157 = CYLINDRICAL_SURFACE('',#5158,0.6105);
#5158 = AXIS2_PLACEMENT_3D('',#5159,#5160,#5161);
#5159 = CARTESIAN_POINT('',(4.77,4.5,-7.79422863406));
#5160 = DIRECTION('',(-2.143061119189E-16,-0.5,0.866025403784));
#5161 = DIRECTION('',(1.,-4.286122238378E-16,4.437342591868E-31));
#5162 = ADVANCED_FACE('',(#5163),#5217,.F.);
#5163 = FACE_BOUND('',#5164,.T.);
#5164 = EDGE_LOOP('',(#5165,#5175,#5184,#5193,#5201,#5210));
#5165 = ORIENTED_EDGE('',*,*,#5166,.T.);
#5166 = EDGE_CURVE('',#5167,#5169,#5171,.T.);
#5167 = VERTEX_POINT('',#5168);
#5168 = CARTESIAN_POINT('',(-6.600705700483,0.993645339851,3.3));
#5169 = VERTEX_POINT('',#5170);
#5170 = CARTESIAN_POINT('',(-6.86401624493,5.010987926547,3.3));
#5171 = LINE('',#5172,#5173);
#5172 = CARTESIAN_POINT('',(-6.720642588111,2.823528633717,3.3));
#5173 = VECTOR('',#5174,1.);
#5174 = DIRECTION('',(-6.540312923014E-02,0.997858923239,
    1.123815836209E-34));
#5175 = ORIENTED_EDGE('',*,*,#5176,.F.);
#5176 = EDGE_CURVE('',#5177,#5169,#5179,.T.);
#5177 = VERTEX_POINT('',#5178);
#5178 = CARTESIAN_POINT('',(-6.928839574182,6.,9.188564877425E-15));
#5179 = ELLIPSE('',#5180,6.012874024844,6.);
#5180 = AXIS2_PLACEMENT_3D('',#5181,#5182,#5183);
#5181 = CARTESIAN_POINT('',(-6.535578744099,2.465190328816E-29,
    1.123002366685E-32));
#5182 = DIRECTION('',(0.997858923239,6.540312923014E-02,
    -1.714611630113E-33));
#5183 = DIRECTION('',(-6.540312923014E-02,0.997858923239,
    1.123815836209E-34));
#5184 = ORIENTED_EDGE('',*,*,#5185,.F.);
#5185 = EDGE_CURVE('',#5186,#5177,#5188,.T.);
#5186 = VERTEX_POINT('',#5187);
#5187 = CARTESIAN_POINT('',(-6.207141243268,-5.010987926547,3.3));
#5188 = ELLIPSE('',#5189,6.012874024844,6.);
#5189 = AXIS2_PLACEMENT_3D('',#5190,#5191,#5192);
#5190 = CARTESIAN_POINT('',(-6.535578744099,2.465190328816E-29,
    1.123002366685E-32));
#5191 = DIRECTION('',(0.997858923239,6.540312923014E-02,
    -1.714611630113E-33));
#5192 = DIRECTION('',(-6.540312923014E-02,0.997858923239,
    1.123815836209E-34));
#5193 = ORIENTED_EDGE('',*,*,#5194,.T.);
#5194 = EDGE_CURVE('',#5186,#5195,#5197,.T.);
#5195 = VERTEX_POINT('',#5196);
#5196 = CARTESIAN_POINT('',(-6.448160700358,-1.333741611847,3.3));
#5197 = LINE('',#5198,#5199);
#5198 = CARTESIAN_POINT('',(-6.720642588111,2.823528633717,3.3));
#5199 = VECTOR('',#5200,1.);
#5200 = DIRECTION('',(-6.540312923014E-02,0.997858923239,
    1.123815836209E-34));
#5201 = ORIENTED_EDGE('',*,*,#5202,.F.);
#5202 = EDGE_CURVE('',#5203,#5195,#5205,.T.);
#5203 = VERTEX_POINT('',#5204);
#5204 = CARTESIAN_POINT('',(-6.753344152726,3.322458095337,
    1.160420792634E-32));
#5205 = CIRCLE('',#5206,3.5);
#5206 = AXIS2_PLACEMENT_3D('',#5207,#5208,#5209);
#5207 = CARTESIAN_POINT('',(-6.52443320042,-0.170048135998,
    1.121087238367E-32));
#5208 = DIRECTION('',(-0.997858923239,-6.540312923014E-02,
    1.714611630113E-33));
#5209 = DIRECTION('',(-6.540312923014E-02,0.997858923239,
    1.123815836209E-34));
#5210 = ORIENTED_EDGE('',*,*,#5211,.F.);
#5211 = EDGE_CURVE('',#5167,#5203,#5212,.T.);
#5212 = CIRCLE('',#5213,3.5);
#5213 = AXIS2_PLACEMENT_3D('',#5214,#5215,#5216);
#5214 = CARTESIAN_POINT('',(-6.52443320042,-0.170048135998,
    1.121087238367E-32));
#5215 = DIRECTION('',(-0.997858923239,-6.540312923014E-02,
    1.714611630113E-33));
#5216 = DIRECTION('',(-6.540312923014E-02,0.997858923239,
    1.123815836209E-34));
#5217 = PLANE('',#5218);
#5218 = AXIS2_PLACEMENT_3D('',#5219,#5220,#5221);
#5219 = CARTESIAN_POINT('',(-6.916851975801,5.817105403433,
    1.188516188539E-32));
#5220 = DIRECTION('',(0.997858923239,6.540312923014E-02,
    -1.714611630113E-33));
#5221 = DIRECTION('',(-1.710940514997E-33,-1.121409660238E-34,-1.));
#5222 = ADVANCED_FACE('',(#5223,#5243),#5254,.F.);
#5223 = FACE_BOUND('',#5224,.T.);
#5224 = EDGE_LOOP('',(#5225,#5236));
#5225 = ORIENTED_EDGE('',*,*,#5226,.T.);
#5226 = EDGE_CURVE('',#5227,#5229,#5231,.T.);
#5227 = VERTEX_POINT('',#5228);
#5228 = CARTESIAN_POINT('',(-7.02336266204,-0.202749700613,3.));
#5229 = VERTEX_POINT('',#5230);
#5230 = CARTESIAN_POINT('',(-6.951419219887,-1.300394516176,
    2.791057147391));
#5231 = CIRCLE('',#5232,3.);
#5232 = AXIS2_PLACEMENT_3D('',#5233,#5234,#5235);
#5233 = CARTESIAN_POINT('',(-7.02336266204,-0.202749700613,
    1.206817819873E-32));
#5234 = DIRECTION('',(-0.997858923239,-6.540312923014E-02,
    1.714611630113E-33));
#5235 = DIRECTION('',(-1.718290622233E-33,1.496748237652E-49,-1.));
#5236 = ORIENTED_EDGE('',*,*,#5237,.T.);
#5237 = EDGE_CURVE('',#5229,#5227,#5238,.T.);
#5238 = CIRCLE('',#5239,3.);
#5239 = AXIS2_PLACEMENT_3D('',#5240,#5241,#5242);
#5240 = CARTESIAN_POINT('',(-7.02336266204,-0.202749700613,
    1.206817819873E-32));
#5241 = DIRECTION('',(-0.997858923239,-6.540312923014E-02,
    1.714611630113E-33));
#5242 = DIRECTION('',(-1.718290622233E-33,1.496748237652E-49,-1.));
#5243 = FACE_BOUND('',#5244,.T.);
#5244 = EDGE_LOOP('',(#5245));
#5245 = ORIENTED_EDGE('',*,*,#5246,.F.);
#5246 = EDGE_CURVE('',#5247,#5247,#5249,.T.);
#5247 = VERTEX_POINT('',#5248);
#5248 = CARTESIAN_POINT('',(-7.02336266204,-0.202749700613,2.));
#5249 = CIRCLE('',#5250,2.);
#5250 = AXIS2_PLACEMENT_3D('',#5251,#5252,#5253);
#5251 = CARTESIAN_POINT('',(-7.02336266204,-0.202749700613,
    1.206817819873E-32));
#5252 = DIRECTION('',(-0.997858923239,-6.540312923014E-02,
    1.714611630113E-33));
#5253 = DIRECTION('',(-1.718290622233E-33,1.496748237652E-49,-1.));
#5254 = PLANE('',#5255);
#5255 = AXIS2_PLACEMENT_3D('',#5256,#5257,#5258);
#5256 = CARTESIAN_POINT('',(-7.02336266204,-0.202749700613,
    1.206817819873E-32));
#5257 = DIRECTION('',(0.997858923239,6.540312923014E-02,
    -1.714611630113E-33));
#5258 = DIRECTION('',(-1.710940514997E-33,-1.121409660238E-34,-1.));
#5259 = ADVANCED_FACE('',(#5260),#5278,.T.);
#5260 = FACE_BOUND('',#5261,.T.);
#5261 = EDGE_LOOP('',(#5262,#5271,#5276,#5277));
#5262 = ORIENTED_EDGE('',*,*,#5263,.T.);
#5263 = EDGE_CURVE('',#5264,#5264,#5266,.T.);
#5264 = VERTEX_POINT('',#5265);
#5265 = CARTESIAN_POINT('',(-9.917153539432,-0.392418775381,2.));
#5266 = CIRCLE('',#5267,2.);
#5267 = AXIS2_PLACEMENT_3D('',#5268,#5269,#5270);
#5268 = CARTESIAN_POINT('',(-9.917153539432,-0.392418775381,
    1.704055192605E-32));
#5269 = DIRECTION('',(0.997858923239,6.540312923014E-02,
    -1.714611630113E-33));
#5270 = DIRECTION('',(-1.718290622233E-33,1.496748237652E-49,-1.));
#5271 = ORIENTED_EDGE('',*,*,#5272,.T.);
#5272 = EDGE_CURVE('',#5264,#5247,#5273,.T.);
#5273 = B_SPLINE_CURVE_WITH_KNOTS('',1,(#5274,#5275),.UNSPECIFIED.,.F.,
  .F.,(2,2),(1.1,4.),.PIECEWISE_BEZIER_KNOTS.);
#5274 = CARTESIAN_POINT('',(-9.917153539432,-0.392418775381,2.));
#5275 = CARTESIAN_POINT('',(-7.02336266204,-0.202749700613,2.));
#5276 = ORIENTED_EDGE('',*,*,#5246,.T.);
#5277 = ORIENTED_EDGE('',*,*,#5272,.F.);
#5278 = CYLINDRICAL_SURFACE('',#5279,2.);
#5279 = AXIS2_PLACEMENT_3D('',#5280,#5281,#5282);
#5280 = CARTESIAN_POINT('',(-11.01479835499,-0.464362217534,
    1.892662471918E-32));
#5281 = DIRECTION('',(0.997858923239,6.540312923014E-02,
    -1.714611630113E-33));
#5282 = DIRECTION('',(-1.718290622233E-33,1.496748237652E-49,-1.));
#5283 = ADVANCED_FACE('',(#5284),#5287,.F.);
#5284 = FACE_BOUND('',#5285,.T.);
#5285 = EDGE_LOOP('',(#5286));
#5286 = ORIENTED_EDGE('',*,*,#5263,.F.);
#5287 = PLANE('',#5288);
#5288 = AXIS2_PLACEMENT_3D('',#5289,#5290,#5291);
#5289 = CARTESIAN_POINT('',(-9.917153539432,-0.392418775381,
    1.704055192605E-32));
#5290 = DIRECTION('',(0.997858923239,6.540312923014E-02,
    -1.714611630113E-33));
#5291 = DIRECTION('',(-1.710940514997E-33,-1.121409660238E-34,-1.));
#5292 = ADVANCED_FACE('',(#5293),#5335,.T.);
#5293 = FACE_BOUND('',#5294,.T.);
#5294 = EDGE_LOOP('',(#5295,#5303,#5304,#5311,#5318,#5319,#5320,#5328));
#5295 = ORIENTED_EDGE('',*,*,#5296,.T.);
#5296 = EDGE_CURVE('',#5297,#5167,#5299,.T.);
#5297 = VERTEX_POINT('',#5298);
#5298 = CARTESIAN_POINT('',(-7.498778731398,0.934782523544,3.3));
#5299 = LINE('',#5300,#5301);
#5300 = CARTESIAN_POINT('',(-7.099635162102,0.960943775236,3.3));
#5301 = VECTOR('',#5302,1.);
#5302 = DIRECTION('',(0.997858923239,6.540312923014E-02,
    -1.714611630113E-33));
#5303 = ORIENTED_EDGE('',*,*,#5211,.T.);
#5304 = ORIENTED_EDGE('',*,*,#5305,.T.);
#5305 = EDGE_CURVE('',#5203,#5306,#5308,.T.);
#5306 = VERTEX_POINT('',#5307);
#5307 = CARTESIAN_POINT('',(-7.751203075965,3.257054966107,
    1.331881955645E-32));
#5308 = B_SPLINE_CURVE_WITH_KNOTS('',1,(#5309,#5310),.UNSPECIFIED.,.F.,
  .F.,(2,2),(-0.5,0.5),.PIECEWISE_BEZIER_KNOTS.);
#5309 = CARTESIAN_POINT('',(-6.753344152726,3.322458095337,
    1.160420792634E-32));
#5310 = CARTESIAN_POINT('',(-7.751203075965,3.257054966107,
    1.331881955645E-32));
#5311 = ORIENTED_EDGE('',*,*,#5312,.F.);
#5312 = EDGE_CURVE('',#5306,#5306,#5313,.T.);
#5313 = CIRCLE('',#5314,3.5);
#5314 = AXIS2_PLACEMENT_3D('',#5315,#5316,#5317);
#5315 = CARTESIAN_POINT('',(-7.522292123659,-0.235451265229,
    1.292548401378E-32));
#5316 = DIRECTION('',(-0.997858923239,-6.540312923014E-02,
    1.714611630113E-33));
#5317 = DIRECTION('',(-6.540312923014E-02,0.997858923239,
    1.123815836209E-34));
#5318 = ORIENTED_EDGE('',*,*,#5305,.F.);
#5319 = ORIENTED_EDGE('',*,*,#5202,.T.);
#5320 = ORIENTED_EDGE('',*,*,#5321,.T.);
#5321 = EDGE_CURVE('',#5195,#5322,#5324,.T.);
#5322 = VERTEX_POINT('',#5323);
#5323 = CARTESIAN_POINT('',(-7.346233731272,-1.392604428155,3.3));
#5324 = LINE('',#5325,#5326);
#5325 = CARTESIAN_POINT('',(-6.947090161977,-1.366443176463,3.3));
#5326 = VECTOR('',#5327,1.);
#5327 = DIRECTION('',(-0.997858923239,-6.540312923014E-02,
    1.714611630113E-33));
#5328 = ORIENTED_EDGE('',*,*,#5329,.T.);
#5329 = EDGE_CURVE('',#5322,#5297,#5330,.T.);
#5330 = CIRCLE('',#5331,3.5);
#5331 = AXIS2_PLACEMENT_3D('',#5332,#5333,#5334);
#5332 = CARTESIAN_POINT('',(-7.422506231335,-0.228910952305,
    1.275402285077E-32));
#5333 = DIRECTION('',(-0.997858923239,-6.540312923014E-02,
    1.714611630113E-33));
#5334 = DIRECTION('',(-6.540312923014E-02,0.997858923239,
    1.123815836209E-34));
#5335 = CYLINDRICAL_SURFACE('',#5336,3.5);
#5336 = AXIS2_PLACEMENT_3D('',#5337,#5338,#5339);
#5337 = CARTESIAN_POINT('',(-7.02336266204,-0.202749700613,
    1.206817819873E-32));
#5338 = DIRECTION('',(-0.997858923239,-6.540312923014E-02,
    1.714611630113E-33));
#5339 = DIRECTION('',(-6.540312923014E-02,0.997858923239,
    1.123815836209E-34));
#5340 = ADVANCED_FACE('',(#5341),#5415,.F.);
#5341 = FACE_BOUND('',#5342,.F.);
#5342 = EDGE_LOOP('',(#5343,#5354,#5362,#5377,#5386,#5401,#5406,#5407,
    #5408,#5409));
#5343 = ORIENTED_EDGE('',*,*,#5344,.T.);
#5344 = EDGE_CURVE('',#5345,#5347,#5349,.T.);
#5345 = VERTEX_POINT('',#5346);
#5346 = CARTESIAN_POINT('',(-10.94285491284,-1.562007033096,
    2.791057147391));
#5347 = VERTEX_POINT('',#5348);
#5348 = CARTESIAN_POINT('',(-11.08674179714,0.633282598028,
    2.791057147391));
#5349 = CIRCLE('',#5350,3.);
#5350 = AXIS2_PLACEMENT_3D('',#5351,#5352,#5353);
#5351 = CARTESIAN_POINT('',(-11.01479835499,-0.464362217534,
    1.892662471918E-32));
#5352 = DIRECTION('',(0.997858923239,6.540312923014E-02,
    -1.714611630113E-33));
#5353 = DIRECTION('',(-1.718290622233E-33,1.496748237652E-49,-1.));
#5354 = ORIENTED_EDGE('',*,*,#5355,.F.);
#5355 = EDGE_CURVE('',#5356,#5347,#5358,.T.);
#5356 = VERTEX_POINT('',#5357);
#5357 = CARTESIAN_POINT('',(-8.84155921986,0.780439638796,2.791057147391
    ));
#5358 = LINE('',#5359,#5360);
#5359 = CARTESIAN_POINT('',(-11.08674179714,0.633282598028,
    2.791057147391));
#5360 = VECTOR('',#5361,1.);
#5361 = DIRECTION('',(-0.997858923239,-6.540312923014E-02,
    1.714611630113E-33));
#5362 = ORIENTED_EDGE('',*,*,#5363,.F.);
#5363 = EDGE_CURVE('',#5364,#5356,#5366,.T.);
#5364 = VERTEX_POINT('',#5365);
#5365 = CARTESIAN_POINT('',(-7.778297167392,-0.152016155212,
    2.998332870113));
#5366 = B_SPLINE_CURVE_WITH_KNOTS('',3,(#5367,#5368,#5369,#5370,#5371,
    #5372,#5373,#5374,#5375,#5376),.UNSPECIFIED.,.F.,.F.,(4,2,2,2,4),(
    -0.152383548349,-0.114212519575,-7.604149080115E-02,
    -3.802074540058E-02,0.),.UNSPECIFIED.);
#5367 = CARTESIAN_POINT('',(-7.778297167392,-0.152016155212,
    2.998332870113));
#5368 = CARTESIAN_POINT('',(-7.786614225376,-2.51223716559E-02,
    2.994091644694));
#5369 = CARTESIAN_POINT('',(-7.821071002606,0.107564680408,2.98071386959
    ));
#5370 = CARTESIAN_POINT('',(-7.939686062984,0.346601963016,
    2.940370385592));
#5371 = CARTESIAN_POINT('',(-8.023788517876,0.453046542452,2.91380060246
    ));
#5372 = CARTESIAN_POINT('',(-8.211319118383,0.617097422831,
    2.864590296553));
#5373 = CARTESIAN_POINT('',(-8.327586987187,0.686175380245,
    2.838580756962));
#5374 = CARTESIAN_POINT('',(-8.579420915125,0.772021282336,
    2.801517041948));
#5375 = CARTESIAN_POINT('',(-8.715094752973,0.788728557879,
    2.791057147391));
#5376 = CARTESIAN_POINT('',(-8.84155921986,0.780439638796,2.791057147391
    ));
#5377 = ORIENTED_EDGE('',*,*,#5378,.F.);
#5378 = EDGE_CURVE('',#5379,#5364,#5381,.T.);
#5379 = VERTEX_POINT('',#5380);
#5380 = CARTESIAN_POINT('',(-7.765216541546,-0.35158793986,
    2.998332870113));
#5381 = CIRCLE('',#5382,3.);
#5382 = AXIS2_PLACEMENT_3D('',#5383,#5384,#5385);
#5383 = CARTESIAN_POINT('',(-7.771756854469,-0.251802047536,
    1.335413692131E-32));
#5384 = DIRECTION('',(-0.997858923239,-6.540312923014E-02,
    1.714611630113E-33));
#5385 = DIRECTION('',(-1.718290622233E-33,6.414635304221E-50,-1.));
#5386 = ORIENTED_EDGE('',*,*,#5387,.F.);
#5387 = EDGE_CURVE('',#5388,#5379,#5390,.T.);
#5388 = VERTEX_POINT('',#5389);
#5389 = CARTESIAN_POINT('',(-8.697672335554,-1.414849992329,
    2.791057147391));
#5390 = B_SPLINE_CURVE_WITH_KNOTS('',3,(#5391,#5392,#5393,#5394,#5395,
    #5396,#5397,#5398,#5399,#5400),.UNSPECIFIED.,.F.,.F.,(4,2,2,2,4),(
    0.303979356418,0.342000101819,0.380020847219,0.418191875993,
    0.456362904767),.UNSPECIFIED.);
#5391 = CARTESIAN_POINT('',(-8.697672335554,-1.414849992329,
    2.791057147391));
#5392 = CARTESIAN_POINT('',(-8.571207868667,-1.406561073246,
    2.791057147391));
#5393 = CARTESIAN_POINT('',(-8.438875476369,-1.372287741323,
    2.801517041948));
#5394 = CARTESIAN_POINT('',(-8.200401161312,-1.254305339139,
    2.838580756962));
#5395 = CARTESIAN_POINT('',(-8.094144462991,-1.170642351034,
    2.864590296553));
#5396 = CARTESIAN_POINT('',(-7.929631149514,-0.98351729347,2.91380060246
    ));
#5397 = CARTESIAN_POINT('',(-7.860142008419,-0.867005788974,
    2.940370385592));
#5398 = CARTESIAN_POINT('',(-7.773742342623,-0.614531131284,
    2.98071386959));
#5399 = CARTESIAN_POINT('',(-7.756899483562,-0.478481723416,
    2.994091644694));
#5400 = CARTESIAN_POINT('',(-7.765216541546,-0.35158793986,
    2.998332870113));
#5401 = ORIENTED_EDGE('',*,*,#5402,.T.);
#5402 = EDGE_CURVE('',#5388,#5229,#5403,.T.);
#5403 = B_SPLINE_CURVE_WITH_KNOTS('',1,(#5404,#5405),.UNSPECIFIED.,.F.,
  .F.,(2,2),(2.25,4.),.PIECEWISE_BEZIER_KNOTS.);
#5404 = CARTESIAN_POINT('',(-8.697672335554,-1.414849992329,
    2.791057147391));
#5405 = CARTESIAN_POINT('',(-6.951419219887,-1.300394516176,
    2.791057147391));
#5406 = ORIENTED_EDGE('',*,*,#5237,.T.);
#5407 = ORIENTED_EDGE('',*,*,#5226,.T.);
#5408 = ORIENTED_EDGE('',*,*,#5402,.F.);
#5409 = ORIENTED_EDGE('',*,*,#5410,.F.);
#5410 = EDGE_CURVE('',#5345,#5388,#5411,.T.);
#5411 = LINE('',#5412,#5413);
#5412 = CARTESIAN_POINT('',(-10.94285491284,-1.562007033096,
    2.791057147391));
#5413 = VECTOR('',#5414,1.);
#5414 = DIRECTION('',(0.997858923239,6.540312923014E-02,
    -1.714611630113E-33));
#5415 = CYLINDRICAL_SURFACE('',#5416,3.);
#5416 = AXIS2_PLACEMENT_3D('',#5417,#5418,#5419);
#5417 = CARTESIAN_POINT('',(-11.01479835499,-0.464362217534,
    1.892662471918E-32));
#5418 = DIRECTION('',(0.997858923239,6.540312923014E-02,
    -1.714611630113E-33));
#5419 = DIRECTION('',(-1.718290622233E-33,1.496748237652E-49,-1.));
#5420 = ADVANCED_FACE('',(#5421),#5447,.F.);
#5421 = FACE_BOUND('',#5422,.F.);
#5422 = EDGE_LOOP('',(#5423,#5431,#5432,#5440));
#5423 = ORIENTED_EDGE('',*,*,#5424,.T.);
#5424 = EDGE_CURVE('',#5425,#5388,#5427,.T.);
#5425 = VERTEX_POINT('',#5426);
#5426 = CARTESIAN_POINT('',(-8.697672335554,-1.414849992329,3.6));
#5427 = LINE('',#5428,#5429);
#5428 = CARTESIAN_POINT('',(-8.697672335554,-1.414849992329,10.));
#5429 = VECTOR('',#5430,1.);
#5430 = DIRECTION('',(-1.718290622233E-33,7.364805613938E-49,-1.));
#5431 = ORIENTED_EDGE('',*,*,#5387,.T.);
#5432 = ORIENTED_EDGE('',*,*,#5433,.F.);
#5433 = EDGE_CURVE('',#5434,#5379,#5436,.T.);
#5434 = VERTEX_POINT('',#5435);
#5435 = CARTESIAN_POINT('',(-7.765216541546,-0.35158793986,3.6));
#5436 = LINE('',#5437,#5438);
#5437 = CARTESIAN_POINT('',(-7.765216541546,-0.35158793986,10.));
#5438 = VECTOR('',#5439,1.);
#5439 = DIRECTION('',(-1.718290622233E-33,7.364805613938E-49,-1.));
#5440 = ORIENTED_EDGE('',*,*,#5441,.F.);
#5441 = EDGE_CURVE('',#5425,#5434,#5442,.T.);
#5442 = CIRCLE('',#5443,1.);
#5443 = AXIS2_PLACEMENT_3D('',#5444,#5445,#5446);
#5444 = CARTESIAN_POINT('',(-8.763075464784,-0.41699106909,3.6));
#5445 = DIRECTION('',(-1.928757842524E-17,2.942715809753E-16,1.));
#5446 = DIRECTION('',(-6.540312923014E-02,0.997858923239,
    -2.949029909161E-16));
#5447 = CYLINDRICAL_SURFACE('',#5448,1.);
#5448 = AXIS2_PLACEMENT_3D('',#5449,#5450,#5451);
#5449 = CARTESIAN_POINT('',(-8.763075464784,-0.41699106909,10.));
#5450 = DIRECTION('',(-1.718290622233E-33,7.364805613938E-49,-1.));
#5451 = DIRECTION('',(-6.540312923014E-02,0.997858923239,
    1.123815836209E-34));
#5452 = ADVANCED_FACE('',(#5453),#5471,.F.);
#5453 = FACE_BOUND('',#5454,.T.);
#5454 = EDGE_LOOP('',(#5455,#5463,#5464,#5465));
#5455 = ORIENTED_EDGE('',*,*,#5456,.T.);
#5456 = EDGE_CURVE('',#5457,#5425,#5459,.T.);
#5457 = VERTEX_POINT('',#5458);
#5458 = CARTESIAN_POINT('',(-10.94285491284,-1.562007033096,3.6));
#5459 = LINE('',#5460,#5461);
#5460 = CARTESIAN_POINT('',(-10.94285491284,-1.562007033096,3.6));
#5461 = VECTOR('',#5462,1.);
#5462 = DIRECTION('',(0.997858923239,6.540312923014E-02,
    -4.670192861941E-31));
#5463 = ORIENTED_EDGE('',*,*,#5424,.T.);
#5464 = ORIENTED_EDGE('',*,*,#5410,.F.);
#5465 = ORIENTED_EDGE('',*,*,#5466,.F.);
#5466 = EDGE_CURVE('',#5457,#5345,#5467,.T.);
#5467 = LINE('',#5468,#5469);
#5468 = CARTESIAN_POINT('',(-10.94285491284,-1.562007033096,5.));
#5469 = VECTOR('',#5470,1.);
#5470 = DIRECTION('',(-1.718290622233E-33,7.364805613938E-49,-1.));
#5471 = PLANE('',#5472);
#5472 = AXIS2_PLACEMENT_3D('',#5473,#5474,#5475);
#5473 = CARTESIAN_POINT('',(-10.94285491284,-1.562007033096,10.));
#5474 = DIRECTION('',(6.540312923014E-02,-0.997858923239,
    -1.123815836209E-34));
#5475 = DIRECTION('',(-7.350107236644E-36,1.121409660238E-34,-1.));
#5476 = ADVANCED_FACE('',(#5477),#5495,.F.);
#5477 = FACE_BOUND('',#5478,.T.);
#5478 = EDGE_LOOP('',(#5479,#5487,#5493,#5494));
#5479 = ORIENTED_EDGE('',*,*,#5480,.T.);
#5480 = EDGE_CURVE('',#5434,#5481,#5483,.T.);
#5481 = VERTEX_POINT('',#5482);
#5482 = CARTESIAN_POINT('',(-7.778297167392,-0.152016155212,3.6));
#5483 = LINE('',#5484,#5485);
#5484 = CARTESIAN_POINT('',(-7.899292956467,1.694022852779,3.6));
#5485 = VECTOR('',#5486,1.);
#5486 = DIRECTION('',(-6.540312923014E-02,0.997858923239,
    -2.949029909161E-16));
#5487 = ORIENTED_EDGE('',*,*,#5488,.T.);
#5488 = EDGE_CURVE('',#5481,#5364,#5489,.T.);
#5489 = LINE('',#5490,#5491);
#5490 = CARTESIAN_POINT('',(-7.778297167392,-0.152016155212,10.));
#5491 = VECTOR('',#5492,1.);
#5492 = DIRECTION('',(-1.718290622233E-33,7.364805613938E-49,-1.));
#5493 = ORIENTED_EDGE('',*,*,#5378,.F.);
#5494 = ORIENTED_EDGE('',*,*,#5433,.F.);
#5495 = PLANE('',#5496);
#5496 = AXIS2_PLACEMENT_3D('',#5497,#5498,#5499);
#5497 = CARTESIAN_POINT('',(-7.765216541546,-0.35158793986,10.));
#5498 = DIRECTION('',(0.997858923239,6.540312923014E-02,
    -1.714611630113E-33));
#5499 = DIRECTION('',(-1.710940514997E-33,-1.121409660238E-34,-1.));
#5500 = ADVANCED_FACE('',(#5501),#5537,.T.);
#5501 = FACE_BOUND('',#5502,.T.);
#5502 = EDGE_LOOP('',(#5503,#5513,#5522,#5530));
#5503 = ORIENTED_EDGE('',*,*,#5504,.T.);
#5504 = EDGE_CURVE('',#5505,#5507,#5509,.T.);
#5505 = VERTEX_POINT('',#5506);
#5506 = CARTESIAN_POINT('',(-11.12883260735,1.275464264989,3.6));
#5507 = VERTEX_POINT('',#5508);
#5508 = CARTESIAN_POINT('',(-7.636326376021,1.504375217294,3.6));
#5509 = LINE('',#5510,#5511);
#5510 = CARTESIAN_POINT('',(-8.883650030069,1.422621305757,3.6));
#5511 = VECTOR('',#5512,1.);
#5512 = DIRECTION('',(0.997858923239,6.540312923014E-02,
    -1.714611630113E-33));
#5513 = ORIENTED_EDGE('',*,*,#5514,.T.);
#5514 = EDGE_CURVE('',#5507,#5515,#5517,.T.);
#5515 = VERTEX_POINT('',#5516);
#5516 = CARTESIAN_POINT('',(-7.408257871297,-1.975277747751,3.6));
#5517 = CIRCLE('',#5518,4.);
#5518 = AXIS2_PLACEMENT_3D('',#5519,#5520,#5521);
#5519 = CARTESIAN_POINT('',(-7.522292123659,-0.235451265229,
    1.292548401378E-32));
#5520 = DIRECTION('',(-0.997858923239,-6.540312923014E-02,
    1.714611630113E-33));
#5521 = DIRECTION('',(-6.540312923014E-02,0.997858923239,
    1.123815836209E-34));
#5522 = ORIENTED_EDGE('',*,*,#5523,.T.);
#5523 = EDGE_CURVE('',#5515,#5524,#5526,.T.);
#5524 = VERTEX_POINT('',#5525);
#5525 = CARTESIAN_POINT('',(-10.90076410263,-2.204188700057,3.6));
#5526 = LINE('',#5527,#5528);
#5527 = CARTESIAN_POINT('',(-8.655581525345,-2.057031659289,3.6));
#5528 = VECTOR('',#5529,1.);
#5529 = DIRECTION('',(-0.997858923239,-6.540312923014E-02,
    1.714611630113E-33));
#5530 = ORIENTED_EDGE('',*,*,#5531,.F.);
#5531 = EDGE_CURVE('',#5505,#5524,#5532,.T.);
#5532 = CIRCLE('',#5533,4.);
#5533 = AXIS2_PLACEMENT_3D('',#5534,#5535,#5536);
#5534 = CARTESIAN_POINT('',(-11.01479835499,-0.464362217534,
    1.892662471918E-32));
#5535 = DIRECTION('',(-0.997858923239,-6.540312923014E-02,
    1.714611630113E-33));
#5536 = DIRECTION('',(-6.540312923014E-02,0.997858923239,
    1.123815836209E-34));
#5537 = CYLINDRICAL_SURFACE('',#5538,4.);
#5538 = AXIS2_PLACEMENT_3D('',#5539,#5540,#5541);
#5539 = CARTESIAN_POINT('',(-8.769615777707,-0.317205176766,
    1.506874855142E-32));
#5540 = DIRECTION('',(-0.997858923239,-6.540312923014E-02,
    1.714611630113E-33));
#5541 = DIRECTION('',(-6.540312923014E-02,0.997858923239,
    1.123815836209E-34));
#5542 = ADVANCED_FACE('',(#5543,#5552),#5555,.F.);
#5543 = FACE_BOUND('',#5544,.T.);
#5544 = EDGE_LOOP('',(#5545,#5551));
#5545 = ORIENTED_EDGE('',*,*,#5546,.T.);
#5546 = EDGE_CURVE('',#5507,#5515,#5547,.T.);
#5547 = LINE('',#5548,#5549);
#5548 = CARTESIAN_POINT('',(-7.775729249426,3.631252062321,3.6));
#5549 = VECTOR('',#5550,1.);
#5550 = DIRECTION('',(6.540312923014E-02,-0.997858923239,
    2.949029909161E-16));
#5551 = ORIENTED_EDGE('',*,*,#5514,.F.);
#5552 = FACE_BOUND('',#5553,.T.);
#5553 = EDGE_LOOP('',(#5554));
#5554 = ORIENTED_EDGE('',*,*,#5312,.T.);
#5555 = PLANE('',#5556);
#5556 = AXIS2_PLACEMENT_3D('',#5557,#5558,#5559);
#5557 = CARTESIAN_POINT('',(-7.767553858272,3.506519696916,
    1.334691495236E-32));
#5558 = DIRECTION('',(-0.997858923239,-6.540312923014E-02,
    1.714611630113E-33));
#5559 = DIRECTION('',(1.710940514997E-33,1.121409660238E-34,1.));
#5560 = ADVANCED_FACE('',(#5561),#5586,.F.);
#5561 = FACE_BOUND('',#5562,.T.);
#5562 = EDGE_LOOP('',(#5563,#5571,#5572,#5578,#5579,#5580));
#5563 = ORIENTED_EDGE('',*,*,#5564,.T.);
#5564 = EDGE_CURVE('',#5565,#5505,#5567,.T.);
#5565 = VERTEX_POINT('',#5566);
#5566 = CARTESIAN_POINT('',(-11.08674179714,0.633282598028,3.6));
#5567 = LINE('',#5568,#5569);
#5568 = CARTESIAN_POINT('',(-11.23144622056,2.841045465694,3.6));
#5569 = VECTOR('',#5570,1.);
#5570 = DIRECTION('',(-6.540312923014E-02,0.997858923239,
    -2.949029909161E-16));
#5571 = ORIENTED_EDGE('',*,*,#5531,.T.);
#5572 = ORIENTED_EDGE('',*,*,#5573,.T.);
#5573 = EDGE_CURVE('',#5524,#5457,#5574,.T.);
#5574 = LINE('',#5575,#5576);
#5575 = CARTESIAN_POINT('',(-11.23144622056,2.841045465694,3.6));
#5576 = VECTOR('',#5577,1.);
#5577 = DIRECTION('',(-6.540312923014E-02,0.997858923239,
    -2.949029909161E-16));
#5578 = ORIENTED_EDGE('',*,*,#5466,.T.);
#5579 = ORIENTED_EDGE('',*,*,#5344,.T.);
#5580 = ORIENTED_EDGE('',*,*,#5581,.T.);
#5581 = EDGE_CURVE('',#5347,#5565,#5582,.T.);
#5582 = LINE('',#5583,#5584);
#5583 = CARTESIAN_POINT('',(-11.08674179714,0.633282598028,5.));
#5584 = VECTOR('',#5585,1.);
#5585 = DIRECTION('',(1.718290622233E-33,-7.364805613938E-49,1.));
#5586 = PLANE('',#5587);
#5587 = AXIS2_PLACEMENT_3D('',#5588,#5589,#5590);
#5588 = CARTESIAN_POINT('',(-11.18648156922,2.155017455967,
    1.922162637618E-32));
#5589 = DIRECTION('',(0.997858923239,6.540312923014E-02,
    -1.714611630113E-33));
#5590 = DIRECTION('',(-1.710940514997E-33,-1.121409660238E-34,-1.));
#5591 = ADVANCED_FACE('',(#5592),#5610,.F.);
#5592 = FACE_BOUND('',#5593,.T.);
#5593 = EDGE_LOOP('',(#5594,#5602,#5603,#5604));
#5594 = ORIENTED_EDGE('',*,*,#5595,.T.);
#5595 = EDGE_CURVE('',#5596,#5565,#5598,.T.);
#5596 = VERTEX_POINT('',#5597);
#5597 = CARTESIAN_POINT('',(-8.84155921986,0.780439638796,3.6));
#5598 = LINE('',#5599,#5600);
#5599 = CARTESIAN_POINT('',(-9.964150508504,0.706861118412,3.6));
#5600 = VECTOR('',#5601,1.);
#5601 = DIRECTION('',(-0.997858923239,-6.540312923014E-02,
    5.563824356136E-31));
#5602 = ORIENTED_EDGE('',*,*,#5581,.F.);
#5603 = ORIENTED_EDGE('',*,*,#5355,.F.);
#5604 = ORIENTED_EDGE('',*,*,#5605,.F.);
#5605 = EDGE_CURVE('',#5596,#5356,#5606,.T.);
#5606 = LINE('',#5607,#5608);
#5607 = CARTESIAN_POINT('',(-8.84155921986,0.780439638796,10.));
#5608 = VECTOR('',#5609,1.);
#5609 = DIRECTION('',(-1.718290622233E-33,7.364805613938E-49,-1.));
#5610 = PLANE('',#5611);
#5611 = AXIS2_PLACEMENT_3D('',#5612,#5613,#5614);
#5612 = CARTESIAN_POINT('',(-8.84155921986,0.780439638796,10.));
#5613 = DIRECTION('',(-6.540312923014E-02,0.997858923239,
    1.123815836209E-34));
#5614 = DIRECTION('',(7.350107236644E-36,-1.121409660238E-34,1.));
#5615 = ADVANCED_FACE('',(#5616),#5628,.F.);
#5616 = FACE_BOUND('',#5617,.F.);
#5617 = EDGE_LOOP('',(#5618,#5619,#5620,#5621));
#5618 = ORIENTED_EDGE('',*,*,#5488,.T.);
#5619 = ORIENTED_EDGE('',*,*,#5363,.T.);
#5620 = ORIENTED_EDGE('',*,*,#5605,.F.);
#5621 = ORIENTED_EDGE('',*,*,#5622,.F.);
#5622 = EDGE_CURVE('',#5481,#5596,#5623,.T.);
#5623 = CIRCLE('',#5624,1.);
#5624 = AXIS2_PLACEMENT_3D('',#5625,#5626,#5627);
#5625 = CARTESIAN_POINT('',(-8.77615609063,-0.217419284442,3.6));
#5626 = DIRECTION('',(-1.928757842524E-17,2.942715809753E-16,1.));
#5627 = DIRECTION('',(-0.997858923239,-6.540312923014E-02,
    5.854827030937E-31));
#5628 = CYLINDRICAL_SURFACE('',#5629,1.);
#5629 = AXIS2_PLACEMENT_3D('',#5630,#5631,#5632);
#5630 = CARTESIAN_POINT('',(-8.77615609063,-0.217419284442,10.));
#5631 = DIRECTION('',(-1.718290622233E-33,7.364805613938E-49,-1.));
#5632 = DIRECTION('',(-0.997858923239,-6.540312923014E-02,
    1.714611630113E-33));
#5633 = ADVANCED_FACE('',(#5634),#5646,.F.);
#5634 = FACE_BOUND('',#5635,.T.);
#5635 = EDGE_LOOP('',(#5636,#5637,#5638,#5639,#5640,#5641,#5642,#5643,
    #5644,#5645));
#5636 = ORIENTED_EDGE('',*,*,#5595,.F.);
#5637 = ORIENTED_EDGE('',*,*,#5622,.F.);
#5638 = ORIENTED_EDGE('',*,*,#5480,.F.);
#5639 = ORIENTED_EDGE('',*,*,#5441,.F.);
#5640 = ORIENTED_EDGE('',*,*,#5456,.F.);
#5641 = ORIENTED_EDGE('',*,*,#5573,.F.);
#5642 = ORIENTED_EDGE('',*,*,#5523,.F.);
#5643 = ORIENTED_EDGE('',*,*,#5546,.F.);
#5644 = ORIENTED_EDGE('',*,*,#5504,.F.);
#5645 = ORIENTED_EDGE('',*,*,#5564,.F.);
#5646 = PLANE('',#5647);
#5647 = AXIS2_PLACEMENT_3D('',#5648,#5649,#5650);
#5648 = CARTESIAN_POINT('',(-11.27641087191,3.52707347542,3.6));
#5649 = DIRECTION('',(1.928757842524E-17,-2.942715809753E-16,-1.));
#5650 = DIRECTION('',(-1.,4.440892098501E-16,-1.928757842524E-17));
#5651 = ADVANCED_FACE('',(#5652,#5686,#5697),#5708,.T.);
#5652 = FACE_BOUND('',#5653,.T.);
#5653 = EDGE_LOOP('',(#5654,#5662,#5663,#5664,#5670,#5671,#5672,#5680));
#5654 = ORIENTED_EDGE('',*,*,#5655,.F.);
#5655 = EDGE_CURVE('',#5169,#5656,#5658,.T.);
#5656 = VERTEX_POINT('',#5657);
#5657 = CARTESIAN_POINT('',(-4.759510336235,5.010987926547,3.3));
#5658 = LINE('',#5659,#5660);
#5659 = CARTESIAN_POINT('',(2.27,5.010987926547,3.3));
#5660 = VECTOR('',#5661,1.);
#5661 = DIRECTION('',(1.,1.883405411215E-29,-1.718290622233E-33));
#5662 = ORIENTED_EDGE('',*,*,#5166,.F.);
#5663 = ORIENTED_EDGE('',*,*,#5296,.F.);
#5664 = ORIENTED_EDGE('',*,*,#5665,.T.);
#5665 = EDGE_CURVE('',#5297,#5322,#5666,.T.);
#5666 = LINE('',#5667,#5668);
#5667 = CARTESIAN_POINT('',(-7.880328135946,6.756101510365,3.3));
#5668 = VECTOR('',#5669,1.);
#5669 = DIRECTION('',(6.540312923014E-02,-0.997858923239,
    -1.123815836209E-34));
#5670 = ORIENTED_EDGE('',*,*,#5321,.F.);
#5671 = ORIENTED_EDGE('',*,*,#5194,.F.);
#5672 = ORIENTED_EDGE('',*,*,#5673,.F.);
#5673 = EDGE_CURVE('',#5674,#5186,#5676,.T.);
#5674 = VERTEX_POINT('',#5675);
#5675 = CARTESIAN_POINT('',(-4.102635334572,-5.010987926547,3.3));
#5676 = LINE('',#5677,#5678);
#5677 = CARTESIAN_POINT('',(2.27,-5.010987926547,3.3));
#5678 = VECTOR('',#5679,1.);
#5679 = DIRECTION('',(-1.,-1.883405411215E-29,1.718290622233E-33));
#5680 = ORIENTED_EDGE('',*,*,#5681,.T.);
#5681 = EDGE_CURVE('',#5674,#5656,#5682,.T.);
#5682 = LINE('',#5683,#5684);
#5683 = CARTESIAN_POINT('',(-3.971107557008,-7.017714027285,3.3));
#5684 = VECTOR('',#5685,1.);
#5685 = DIRECTION('',(-6.540312923014E-02,0.997858923239,
    1.123815836209E-34));
#5686 = FACE_BOUND('',#5687,.T.);
#5687 = EDGE_LOOP('',(#5688));
#5688 = ORIENTED_EDGE('',*,*,#5689,.T.);
#5689 = EDGE_CURVE('',#5690,#5690,#5692,.T.);
#5690 = VERTEX_POINT('',#5691);
#5691 = CARTESIAN_POINT('',(-5.066579630191,-2.279215840504,3.3));
#5692 = CIRCLE('',#5693,0.316786025882);
#5693 = AXIS2_PLACEMENT_3D('',#5694,#5695,#5696);
#5694 = CARTESIAN_POINT('',(-5.382687392875,-2.299934637893,3.3));
#5695 = DIRECTION('',(-1.718290622233E-33,7.269920011451E-49,-1.));
#5696 = DIRECTION('',(-0.997858923239,-6.540312923014E-02,
    1.714611630113E-33));
#5697 = FACE_BOUND('',#5698,.T.);
#5698 = EDGE_LOOP('',(#5699));
#5699 = ORIENTED_EDGE('',*,*,#5700,.T.);
#5700 = EDGE_CURVE('',#5701,#5701,#5703,.T.);
#5701 = VERTEX_POINT('',#5702);
#5702 = CARTESIAN_POINT('',(-5.216739081516,-8.433733514226E-02,3.3));
#5703 = CIRCLE('',#5704,0.6105);
#5704 = AXIS2_PLACEMENT_3D('',#5705,#5706,#5707);
#5705 = CARTESIAN_POINT('',(-5.825931954153,-0.124265945537,3.3));
#5706 = DIRECTION('',(-1.718290622233E-33,7.269920011451E-49,-1.));
#5707 = DIRECTION('',(0.997858923239,6.540312923014E-02,
    -1.714611630113E-33));
#5708 = PLANE('',#5709);
#5709 = AXIS2_PLACEMENT_3D('',#5710,#5711,#5712);
#5710 = CARTESIAN_POINT('',(-5.925717846477,-0.13080625846,3.3));
#5711 = DIRECTION('',(1.718290622233E-33,-7.364805613938E-49,1.));
#5712 = DIRECTION('',(1.,-4.274358644807E-16,-1.718290622233E-33));
#5713 = ADVANCED_FACE('',(#5714),#5718,.F.);
#5714 = FACE_BOUND('',#5715,.T.);
#5715 = EDGE_LOOP('',(#5716,#5717));
#5716 = ORIENTED_EDGE('',*,*,#5329,.F.);
#5717 = ORIENTED_EDGE('',*,*,#5665,.F.);
#5718 = PLANE('',#5719);
#5719 = AXIS2_PLACEMENT_3D('',#5720,#5721,#5722);
#5720 = CARTESIAN_POINT('',(-7.880328135946,6.756101510365,10.));
#5721 = DIRECTION('',(-0.997858923239,-6.540312923014E-02,
    1.714611630113E-33));
#5722 = DIRECTION('',(1.710940514997E-33,1.121409660238E-34,1.));
#5723 = ADVANCED_FACE('',(#5724),#5734,.F.);
#5724 = FACE_BOUND('',#5725,.T.);
#5725 = EDGE_LOOP('',(#5726,#5733));
#5726 = ORIENTED_EDGE('',*,*,#5727,.F.);
#5727 = EDGE_CURVE('',#5656,#5674,#5728,.T.);
#5728 = ELLIPSE('',#5729,6.012874024844,6.);
#5729 = AXIS2_PLACEMENT_3D('',#5730,#5731,#5732);
#5730 = CARTESIAN_POINT('',(-4.431072835404,6.310887241768E-29,
    7.613870899506E-33));
#5731 = DIRECTION('',(0.997858923239,6.540312923014E-02,
    -1.714611630113E-33));
#5732 = DIRECTION('',(-6.540312923014E-02,0.997858923239,
    1.123815836209E-34));
#5733 = ORIENTED_EDGE('',*,*,#5681,.F.);
#5734 = PLANE('',#5735);
#5735 = AXIS2_PLACEMENT_3D('',#5736,#5737,#5738);
#5736 = CARTESIAN_POINT('',(-3.971107557008,-7.017714027285,10.));
#5737 = DIRECTION('',(0.997858923239,6.540312923014E-02,
    -1.714611630113E-33));
#5738 = DIRECTION('',(-1.710940514997E-33,-1.121409660238E-34,-1.));
#5739 = ADVANCED_FACE('',(#5740),#5826,.F.);
#5740 = FACE_BOUND('',#5741,.F.);
#5741 = EDGE_LOOP('',(#5742,#5753,#5761,#5770,#5775,#5776,#5777,#5786,
    #5794,#5803,#5811,#5820));
#5742 = ORIENTED_EDGE('',*,*,#5743,.F.);
#5743 = EDGE_CURVE('',#5744,#5746,#5748,.T.);
#5744 = VERTEX_POINT('',#5745);
#5745 = CARTESIAN_POINT('',(-5.228365849024,-0.249265945537,2.6895));
#5746 = VERTEX_POINT('',#5747);
#5747 = CARTESIAN_POINT('',(-6.423498059283,-0.249265945537,2.6895));
#5748 = CIRCLE('',#5749,0.6105);
#5749 = AXIS2_PLACEMENT_3D('',#5750,#5751,#5752);
#5750 = CARTESIAN_POINT('',(-5.825931954153,-0.124265945537,2.6895));
#5751 = DIRECTION('',(-1.718290622233E-33,7.269920011451E-49,-1.));
#5752 = DIRECTION('',(0.997858923239,6.540312923014E-02,
    -1.714611630113E-33));
#5753 = ORIENTED_EDGE('',*,*,#5754,.F.);
#5754 = EDGE_CURVE('',#5755,#5744,#5757,.T.);
#5755 = VERTEX_POINT('',#5756);
#5756 = CARTESIAN_POINT('',(-5.228365849024,-0.249265945537,2.35));
#5757 = LINE('',#5758,#5759);
#5758 = CARTESIAN_POINT('',(-5.228365849024,-0.249265945537,1.8));
#5759 = VECTOR('',#5760,1.);
#5760 = DIRECTION('',(1.718290622233E-33,-7.364805613938E-49,1.));
#5761 = ORIENTED_EDGE('',*,*,#5762,.F.);
#5762 = EDGE_CURVE('',#5763,#5755,#5765,.T.);
#5763 = VERTEX_POINT('',#5764);
#5764 = CARTESIAN_POINT('',(-5.216739081516,-8.433733514226E-02,2.35));
#5765 = CIRCLE('',#5766,0.6105);
#5766 = AXIS2_PLACEMENT_3D('',#5767,#5768,#5769);
#5767 = CARTESIAN_POINT('',(-5.825931954153,-0.124265945537,2.35));
#5768 = DIRECTION('',(-8.799312079343E-28,0.,-1.));
#5769 = DIRECTION('',(0.997858923239,6.540312923014E-02,
    -8.780472076733E-28));
#5770 = ORIENTED_EDGE('',*,*,#5771,.T.);
#5771 = EDGE_CURVE('',#5763,#5701,#5772,.T.);
#5772 = B_SPLINE_CURVE_WITH_KNOTS('',1,(#5773,#5774),.UNSPECIFIED.,.F.,
  .F.,(2,2),(0.55,1.5),.PIECEWISE_BEZIER_KNOTS.);
#5773 = CARTESIAN_POINT('',(-5.216739081516,-8.433733514226E-02,2.35));
#5774 = CARTESIAN_POINT('',(-5.216739081516,-8.433733514226E-02,3.3));
#5775 = ORIENTED_EDGE('',*,*,#5700,.T.);
#5776 = ORIENTED_EDGE('',*,*,#5771,.F.);
#5777 = ORIENTED_EDGE('',*,*,#5778,.F.);
#5778 = EDGE_CURVE('',#5779,#5763,#5781,.T.);
#5779 = VERTEX_POINT('',#5780);
#5780 = CARTESIAN_POINT('',(-5.228365849024,7.340544627408E-04,2.35));
#5781 = CIRCLE('',#5782,0.6105);
#5782 = AXIS2_PLACEMENT_3D('',#5783,#5784,#5785);
#5783 = CARTESIAN_POINT('',(-5.825931954153,-0.124265945537,2.35));
#5784 = DIRECTION('',(-8.799312079343E-28,0.,-1.));
#5785 = DIRECTION('',(0.997858923239,6.540312923014E-02,
    -8.780472076733E-28));
#5786 = ORIENTED_EDGE('',*,*,#5787,.F.);
#5787 = EDGE_CURVE('',#5788,#5779,#5790,.T.);
#5788 = VERTEX_POINT('',#5789);
#5789 = CARTESIAN_POINT('',(-5.228365849024,7.340544627408E-04,2.6895));
#5790 = LINE('',#5791,#5792);
#5791 = CARTESIAN_POINT('',(-5.228365849024,7.340544627407E-04,1.8));
#5792 = VECTOR('',#5793,1.);
#5793 = DIRECTION('',(-1.718290622233E-33,7.364805613938E-49,-1.));
#5794 = ORIENTED_EDGE('',*,*,#5795,.F.);
#5795 = EDGE_CURVE('',#5796,#5788,#5798,.T.);
#5796 = VERTEX_POINT('',#5797);
#5797 = CARTESIAN_POINT('',(-6.423498059283,7.340544627413E-04,2.6895));
#5798 = CIRCLE('',#5799,0.6105);
#5799 = AXIS2_PLACEMENT_3D('',#5800,#5801,#5802);
#5800 = CARTESIAN_POINT('',(-5.825931954153,-0.124265945537,2.6895));
#5801 = DIRECTION('',(-1.718290622233E-33,7.269920011451E-49,-1.));
#5802 = DIRECTION('',(0.997858923239,6.540312923014E-02,
    -1.714611630113E-33));
#5803 = ORIENTED_EDGE('',*,*,#5804,.F.);
#5804 = EDGE_CURVE('',#5805,#5796,#5807,.T.);
#5805 = VERTEX_POINT('',#5806);
#5806 = CARTESIAN_POINT('',(-6.423498059283,7.340544627413E-04,2.35));
#5807 = LINE('',#5808,#5809);
#5808 = CARTESIAN_POINT('',(-6.423498059283,7.340544627412E-04,1.8));
#5809 = VECTOR('',#5810,1.);
#5810 = DIRECTION('',(1.718290622233E-33,-7.364805613938E-49,1.));
#5811 = ORIENTED_EDGE('',*,*,#5812,.F.);
#5812 = EDGE_CURVE('',#5813,#5805,#5815,.T.);
#5813 = VERTEX_POINT('',#5814);
#5814 = CARTESIAN_POINT('',(-6.423498059283,-0.249265945537,2.35));
#5815 = CIRCLE('',#5816,0.6105);
#5816 = AXIS2_PLACEMENT_3D('',#5817,#5818,#5819);
#5817 = CARTESIAN_POINT('',(-5.825931954153,-0.124265945537,2.35));
#5818 = DIRECTION('',(-8.799312079343E-28,0.,-1.));
#5819 = DIRECTION('',(0.997858923239,6.540312923014E-02,
    -8.780472076733E-28));
#5820 = ORIENTED_EDGE('',*,*,#5821,.F.);
#5821 = EDGE_CURVE('',#5746,#5813,#5822,.T.);
#5822 = LINE('',#5823,#5824);
#5823 = CARTESIAN_POINT('',(-6.423498059283,-0.249265945537,1.8));
#5824 = VECTOR('',#5825,1.);
#5825 = DIRECTION('',(-1.718290622233E-33,7.364805613938E-49,-1.));
#5826 = CYLINDRICAL_SURFACE('',#5827,0.6105);
#5827 = AXIS2_PLACEMENT_3D('',#5828,#5829,#5830);
#5828 = CARTESIAN_POINT('',(-5.825931954153,-0.124265945537,1.8));
#5829 = DIRECTION('',(1.718290622233E-33,-7.364805613938E-49,1.));
#5830 = DIRECTION('',(0.997858923239,6.540312923014E-02,
    -1.714611630113E-33));
#5831 = ADVANCED_FACE('',(#5832,#5981,#6061,#6141,#6221,#6225),#6229,.T.
  );
#5832 = FACE_BOUND('',#5833,.T.);
#5833 = EDGE_LOOP('',(#5834,#5843,#5850,#5889,#5896,#5903,#5904,#5943,
    #5980));
#5834 = ORIENTED_EDGE('',*,*,#5835,.T.);
#5835 = EDGE_CURVE('',#5836,#5836,#5838,.T.);
#5836 = VERTEX_POINT('',#5837);
#5837 = CARTESIAN_POINT('',(3.385470053838,6.,-5.817221445361E-33));
#5838 = CIRCLE('',#5839,6.);
#5839 = AXIS2_PLACEMENT_3D('',#5840,#5841,#5842);
#5840 = CARTESIAN_POINT('',(3.385470053838,2.100342160151E-28,
    -5.817221445361E-33));
#5841 = DIRECTION('',(1.,1.883405411215E-29,-1.718290622233E-33));
#5842 = DIRECTION('',(-1.883405411215E-29,1.,7.364805613939E-49));
#5843 = ORIENTED_EDGE('',*,*,#5844,.T.);
#5844 = EDGE_CURVE('',#5836,#5845,#5847,.T.);
#5845 = VERTEX_POINT('',#5846);
#5846 = CARTESIAN_POINT('',(6.769999564394,6.,-1.821459649776E-17));
#5847 = B_SPLINE_CURVE_WITH_KNOTS('',1,(#5848,#5849),.UNSPECIFIED.,.F.,
  .F.,(2,2),(1.115470053838,4.499999564394),.PIECEWISE_BEZIER_KNOTS.);
#5848 = CARTESIAN_POINT('',(3.385470053838,6.,-5.817221445361E-33));
#5849 = CARTESIAN_POINT('',(6.769999564394,6.,-1.163282676402E-32));
#5850 = ORIENTED_EDGE('',*,*,#5851,.T.);
#5851 = EDGE_CURVE('',#5845,#5852,#5854,.T.);
#5852 = VERTEX_POINT('',#5853);
#5853 = CARTESIAN_POINT('',(10.770000435606,6.,3.044439700339E-16));
#5854 = B_SPLINE_CURVE_WITH_KNOTS('',3,(#5855,#5856,#5857,#5858,#5859,
    #5860,#5861,#5862,#5863,#5864,#5865,#5866,#5867,#5868,#5869,#5870,
    #5871,#5872,#5873,#5874,#5875,#5876,#5877,#5878,#5879,#5880,#5881,
    #5882,#5883,#5884,#5885,#5886,#5887,#5888),.UNSPECIFIED.,.T.,.F.,(1,
    3,2,2,2,2,2,2,2,2,2,2,2,2,2,2,2,3,1),(-7.598763624474E-02,0.,
    7.598763624474E-02,0.151975272489,0.22792766561,0.30388005873,
    0.379832451851,0.455784844971,0.531772481216,0.607760117461,
    0.683747753705,0.75973538995,0.83568778307,0.911640176191,
    0.987592569311,1.063544962432,1.139532598676,1.215520234921,
    1.291507871166),.UNSPECIFIED.);
#5855 = CARTESIAN_POINT('',(8.77,5.656854249492,2.));
#5856 = CARTESIAN_POINT('',(8.516707879184,5.656854249492,2.));
#5857 = CARTESIAN_POINT('',(8.247996053073,5.675653565742,1.948980678538
    ));
#5858 = CARTESIAN_POINT('',(7.755893640085,5.741860825525,1.744305815253
    ));
#5859 = CARTESIAN_POINT('',(7.532313835253,5.788137712126,1.590740959999
    ));
#5860 = CARTESIAN_POINT('',(7.179340913544,5.873746220314,1.23776803829)
  );
#5861 = CARTESIAN_POINT('',(7.025713027767,5.918873910607,1.014155623915
    ));
#5862 = CARTESIAN_POINT('',(6.820991158394,5.982404758869,0.521932274442
    ));
#5863 = CARTESIAN_POINT('',(6.77,6.,0.253174643735));
#5864 = CARTESIAN_POINT('',(6.77,6.,-0.253174643735));
#5865 = CARTESIAN_POINT('',(6.820991158394,5.982404758869,
    -0.521932274442));
#5866 = CARTESIAN_POINT('',(7.025713027767,5.918873910607,
    -1.014155623915));
#5867 = CARTESIAN_POINT('',(7.179340913544,5.873746220314,-1.23776803829
    ));
#5868 = CARTESIAN_POINT('',(7.532313835253,5.788137712126,
    -1.590740959999));
#5869 = CARTESIAN_POINT('',(7.755893640085,5.741860825525,
    -1.744305815253));
#5870 = CARTESIAN_POINT('',(8.247996053073,5.675653565742,
    -1.948980678538));
#5871 = CARTESIAN_POINT('',(8.516707879184,5.656854249492,-2.));
#5872 = CARTESIAN_POINT('',(9.023292120816,5.656854249492,-2.));
#5873 = CARTESIAN_POINT('',(9.292003946927,5.675653565742,
    -1.948980678538));
#5874 = CARTESIAN_POINT('',(9.784106359915,5.741860825525,
    -1.744305815253));
#5875 = CARTESIAN_POINT('',(10.007686164747,5.788137712126,
    -1.590740959999));
#5876 = CARTESIAN_POINT('',(10.360659086456,5.873746220314,
    -1.23776803829));
#5877 = CARTESIAN_POINT('',(10.514286972233,5.918873910607,
    -1.014155623915));
#5878 = CARTESIAN_POINT('',(10.719008841606,5.982404758869,
    -0.521932274442));
#5879 = CARTESIAN_POINT('',(10.77,6.,-0.253174643735));
#5880 = CARTESIAN_POINT('',(10.77,6.,0.253174643735));
#5881 = CARTESIAN_POINT('',(10.719008841606,5.982404758869,
    0.521932274442));
#5882 = CARTESIAN_POINT('',(10.514286972233,5.918873910607,
    1.014155623915));
#5883 = CARTESIAN_POINT('',(10.360659086456,5.873746220314,1.23776803829
    ));
#5884 = CARTESIAN_POINT('',(10.007686164747,5.788137712126,
    1.590740959999));
#5885 = CARTESIAN_POINT('',(9.784106359915,5.741860825525,1.744305815253
    ));
#5886 = CARTESIAN_POINT('',(9.292003946927,5.675653565742,1.948980678538
    ));
#5887 = CARTESIAN_POINT('',(9.023292120816,5.656854249492,2.));
#5888 = CARTESIAN_POINT('',(8.77,5.656854249492,2.));
#5889 = ORIENTED_EDGE('',*,*,#5890,.T.);
#5890 = EDGE_CURVE('',#5852,#5891,#5893,.T.);
#5891 = VERTEX_POINT('',#5892);
#5892 = CARTESIAN_POINT('',(16.47,6.,7.347880794884E-16));
#5893 = B_SPLINE_CURVE_WITH_KNOTS('',1,(#5894,#5895),.UNSPECIFIED.,.F.,
  .F.,(2,2),(8.500000435606,14.2),.PIECEWISE_BEZIER_KNOTS.);
#5894 = CARTESIAN_POINT('',(10.770000435606,6.,-1.850599074995E-32));
#5895 = CARTESIAN_POINT('',(16.47,6.,-2.830024654818E-32));
#5896 = ORIENTED_EDGE('',*,*,#5897,.F.);
#5897 = EDGE_CURVE('',#5891,#5891,#5898,.T.);
#5898 = CIRCLE('',#5899,6.);
#5899 = AXIS2_PLACEMENT_3D('',#5900,#5901,#5902);
#5900 = CARTESIAN_POINT('',(16.47,4.565532488967E-28,-2.830024654818E-32
    ));
#5901 = DIRECTION('',(1.,1.883405411215E-29,-1.718290622233E-33));
#5902 = DIRECTION('',(1.883405411215E-29,-1.,-7.364805613939E-49));
#5903 = ORIENTED_EDGE('',*,*,#5890,.F.);
#5904 = ORIENTED_EDGE('',*,*,#5905,.T.);
#5905 = EDGE_CURVE('',#5852,#5906,#5908,.T.);
#5906 = VERTEX_POINT('',#5907);
#5907 = CARTESIAN_POINT('',(8.77,5.656854249492,2.));
#5908 = B_SPLINE_CURVE_WITH_KNOTS('',3,(#5909,#5910,#5911,#5912,#5913,
    #5914,#5915,#5916,#5917,#5918,#5919,#5920,#5921,#5922,#5923,#5924,
    #5925,#5926,#5927,#5928,#5929,#5930,#5931,#5932,#5933,#5934,#5935,
    #5936,#5937,#5938,#5939,#5940,#5941,#5942),.UNSPECIFIED.,.T.,.F.,(1,
    3,2,2,2,2,2,2,2,2,2,2,2,2,2,2,2,3,1),(-7.598763624474E-02,0.,
    7.598763624474E-02,0.151975272489,0.22792766561,0.30388005873,
    0.379832451851,0.455784844971,0.531772481216,0.607760117461,
    0.683747753705,0.75973538995,0.83568778307,0.911640176191,
    0.987592569311,1.063544962432,1.139532598676,1.215520234921,
    1.291507871166),.UNSPECIFIED.);
#5909 = CARTESIAN_POINT('',(8.77,5.656854249492,2.));
#5910 = CARTESIAN_POINT('',(8.516707879184,5.656854249492,2.));
#5911 = CARTESIAN_POINT('',(8.247996053073,5.675653565742,1.948980678538
    ));
#5912 = CARTESIAN_POINT('',(7.755893640085,5.741860825525,1.744305815253
    ));
#5913 = CARTESIAN_POINT('',(7.532313835253,5.788137712126,1.590740959999
    ));
#5914 = CARTESIAN_POINT('',(7.179340913544,5.873746220314,1.23776803829)
  );
#5915 = CARTESIAN_POINT('',(7.025713027767,5.918873910607,1.014155623915
    ));
#5916 = CARTESIAN_POINT('',(6.820991158394,5.982404758869,0.521932274442
    ));
#5917 = CARTESIAN_POINT('',(6.77,6.,0.253174643735));
#5918 = CARTESIAN_POINT('',(6.77,6.,-0.253174643735));
#5919 = CARTESIAN_POINT('',(6.820991158394,5.982404758869,
    -0.521932274442));
#5920 = CARTESIAN_POINT('',(7.025713027767,5.918873910607,
    -1.014155623915));
#5921 = CARTESIAN_POINT('',(7.179340913544,5.873746220314,-1.23776803829
    ));
#5922 = CARTESIAN_POINT('',(7.532313835253,5.788137712126,
    -1.590740959999));
#5923 = CARTESIAN_POINT('',(7.755893640085,5.741860825525,
    -1.744305815253));
#5924 = CARTESIAN_POINT('',(8.247996053073,5.675653565742,
    -1.948980678538));
#5925 = CARTESIAN_POINT('',(8.516707879184,5.656854249492,-2.));
#5926 = CARTESIAN_POINT('',(9.023292120816,5.656854249492,-2.));
#5927 = CARTESIAN_POINT('',(9.292003946927,5.675653565742,
    -1.948980678538));
#5928 = CARTESIAN_POINT('',(9.784106359915,5.741860825525,
    -1.744305815253));
#5929 = CARTESIAN_POINT('',(10.007686164747,5.788137712126,
    -1.590740959999));
#5930 = CARTESIAN_POINT('',(10.360659086456,5.873746220314,
    -1.23776803829));
#5931 = CARTESIAN_POINT('',(10.514286972233,5.918873910607,
    -1.014155623915));
#5932 = CARTESIAN_POINT('',(10.719008841606,5.982404758869,
    -0.521932274442));
#5933 = CARTESIAN_POINT('',(10.77,6.,-0.253174643735));
#5934 = CARTESIAN_POINT('',(10.77,6.,0.253174643735));
#5935 = CARTESIAN_POINT('',(10.719008841606,5.982404758869,
    0.521932274442));
#5936 = CARTESIAN_POINT('',(10.514286972233,5.918873910607,
    1.014155623915));
#5937 = CARTESIAN_POINT('',(10.360659086456,5.873746220314,1.23776803829
    ));
#5938 = CARTESIAN_POINT('',(10.007686164747,5.788137712126,
    1.590740959999));
#5939 = CARTESIAN_POINT('',(9.784106359915,5.741860825525,1.744305815253
    ));
#5940 = CARTESIAN_POINT('',(9.292003946927,5.675653565742,1.948980678538
    ));
#5941 = CARTESIAN_POINT('',(9.023292120816,5.656854249492,2.));
#5942 = CARTESIAN_POINT('',(8.77,5.656854249492,2.));
#5943 = ORIENTED_EDGE('',*,*,#5944,.T.);
#5944 = EDGE_CURVE('',#5906,#5845,#5945,.T.);
#5945 = B_SPLINE_CURVE_WITH_KNOTS('',3,(#5946,#5947,#5948,#5949,#5950,
    #5951,#5952,#5953,#5954,#5955,#5956,#5957,#5958,#5959,#5960,#5961,
    #5962,#5963,#5964,#5965,#5966,#5967,#5968,#5969,#5970,#5971,#5972,
    #5973,#5974,#5975,#5976,#5977,#5978,#5979),.UNSPECIFIED.,.T.,.F.,(1,
    3,2,2,2,2,2,2,2,2,2,2,2,2,2,2,2,3,1),(-7.598763624474E-02,0.,
    7.598763624474E-02,0.151975272489,0.22792766561,0.30388005873,
    0.379832451851,0.455784844971,0.531772481216,0.607760117461,
    0.683747753705,0.75973538995,0.83568778307,0.911640176191,
    0.987592569311,1.063544962432,1.139532598676,1.215520234921,
    1.291507871166),.UNSPECIFIED.);
#5946 = CARTESIAN_POINT('',(8.77,5.656854249492,2.));
#5947 = CARTESIAN_POINT('',(8.516707879184,5.656854249492,2.));
#5948 = CARTESIAN_POINT('',(8.247996053073,5.675653565742,1.948980678538
    ));
#5949 = CARTESIAN_POINT('',(7.755893640085,5.741860825525,1.744305815253
    ));
#5950 = CARTESIAN_POINT('',(7.532313835253,5.788137712126,1.590740959999
    ));
#5951 = CARTESIAN_POINT('',(7.179340913544,5.873746220314,1.23776803829)
  );
#5952 = CARTESIAN_POINT('',(7.025713027767,5.918873910607,1.014155623915
    ));
#5953 = CARTESIAN_POINT('',(6.820991158394,5.982404758869,0.521932274442
    ));
#5954 = CARTESIAN_POINT('',(6.77,6.,0.253174643735));
#5955 = CARTESIAN_POINT('',(6.77,6.,-0.253174643735));
#5956 = CARTESIAN_POINT('',(6.820991158394,5.982404758869,
    -0.521932274442));
#5957 = CARTESIAN_POINT('',(7.025713027767,5.918873910607,
    -1.014155623915));
#5958 = CARTESIAN_POINT('',(7.179340913544,5.873746220314,-1.23776803829
    ));
#5959 = CARTESIAN_POINT('',(7.532313835253,5.788137712126,
    -1.590740959999));
#5960 = CARTESIAN_POINT('',(7.755893640085,5.741860825525,
    -1.744305815253));
#5961 = CARTESIAN_POINT('',(8.247996053073,5.675653565742,
    -1.948980678538));
#5962 = CARTESIAN_POINT('',(8.516707879184,5.656854249492,-2.));
#5963 = CARTESIAN_POINT('',(9.023292120816,5.656854249492,-2.));
#5964 = CARTESIAN_POINT('',(9.292003946927,5.675653565742,
    -1.948980678538));
#5965 = CARTESIAN_POINT('',(9.784106359915,5.741860825525,
    -1.744305815253));
#5966 = CARTESIAN_POINT('',(10.007686164747,5.788137712126,
    -1.590740959999));
#5967 = CARTESIAN_POINT('',(10.360659086456,5.873746220314,
    -1.23776803829));
#5968 = CARTESIAN_POINT('',(10.514286972233,5.918873910607,
    -1.014155623915));
#5969 = CARTESIAN_POINT('',(10.719008841606,5.982404758869,
    -0.521932274442));
#5970 = CARTESIAN_POINT('',(10.77,6.,-0.253174643735));
#5971 = CARTESIAN_POINT('',(10.77,6.,0.253174643735));
#5972 = CARTESIAN_POINT('',(10.719008841606,5.982404758869,
    0.521932274442));
#5973 = CARTESIAN_POINT('',(10.514286972233,5.918873910607,
    1.014155623915));
#5974 = CARTESIAN_POINT('',(10.360659086456,5.873746220314,1.23776803829
    ));
#5975 = CARTESIAN_POINT('',(10.007686164747,5.788137712126,
    1.590740959999));
#5976 = CARTESIAN_POINT('',(9.784106359915,5.741860825525,1.744305815253
    ));
#5977 = CARTESIAN_POINT('',(9.292003946927,5.675653565742,1.948980678538
    ));
#5978 = CARTESIAN_POINT('',(9.023292120816,5.656854249492,2.));
#5979 = CARTESIAN_POINT('',(8.77,5.656854249492,2.));
#5980 = ORIENTED_EDGE('',*,*,#5844,.F.);
#5981 = FACE_BOUND('',#5982,.T.);
#5982 = EDGE_LOOP('',(#5983,#6024));
#5983 = ORIENTED_EDGE('',*,*,#5984,.T.);
#5984 = EDGE_CURVE('',#5985,#5987,#5989,.T.);
#5985 = VERTEX_POINT('',#5986);
#5986 = CARTESIAN_POINT('',(15.07,3.513138511121,4.863934395289));
#5987 = VERTEX_POINT('',#5988);
#5988 = CARTESIAN_POINT('',(14.47243389487,3.107588323261,5.132500864895
    ));
#5989 = B_SPLINE_CURVE_WITH_KNOTS('',3,(#5990,#5991,#5992,#5993,#5994,
    #5995,#5996,#5997,#5998,#5999,#6000,#6001,#6002,#6003,#6004,#6005,
    #6006,#6007,#6008,#6009,#6010,#6011,#6012,#6013,#6014,#6015,#6016,
    #6017,#6018,#6019,#6020,#6021,#6022,#6023),.UNSPECIFIED.,.T.,.F.,(1,
    3,2,2,2,2,2,2,2,2,2,2,2,2,2,2,2,3,1),(-2.301386379928E-02,0.,
    2.301386379928E-02,4.602772759855E-02,6.904150740737E-02,
    9.205528721619E-02,0.115069067025,0.138082846834,0.161096710633,
    0.184110574432,0.207124438232,0.230138302031,0.25315208184,
    0.276165861649,0.299179641457,0.322193421266,0.345207285066,
    0.368221148865,0.391235012664),.UNSPECIFIED.);
#5990 = CARTESIAN_POINT('',(15.07,3.513138511121,4.863934395289));
#5991 = CARTESIAN_POINT('',(15.146712879331,3.513138511121,
    4.863934395289));
#5992 = CARTESIAN_POINT('',(15.22850255141,3.50066763441,4.873018132919)
  );
#5993 = CARTESIAN_POINT('',(15.378901298325,3.449638807979,4.90927405025
    ));
#5994 = CARTESIAN_POINT('',(15.447514919815,3.41104044734,4.936370441438
    ));
#5995 = CARTESIAN_POINT('',(15.555862262303,3.321116717443,
    4.997312657427));
#5996 = CARTESIAN_POINT('',(15.602837773094,3.263774278787,
    5.035220056475));
#5997 = CARTESIAN_POINT('',(15.66515810679,3.136456161109,5.115496682565
    ));
#5998 = CARTESIAN_POINT('',(15.6805,3.066435059839,5.157796123025));
#5999 = CARTESIAN_POINT('',(15.6805,2.933564940162,5.234508722388));
#6000 = CARTESIAN_POINT('',(15.66515810679,2.861921999522,5.273999054659
    ));
#6001 = CARTESIAN_POINT('',(15.602837773094,2.728741343159,
    5.344121465885));
#6002 = CARTESIAN_POINT('',(15.555862262303,2.667241353263,
    5.374827774952));
#6003 = CARTESIAN_POINT('',(15.447514919815,2.569501981106,
    5.422232901451));
#6004 = CARTESIAN_POINT('',(15.378901298325,2.526736637666,
    5.442111866715));
#6005 = CARTESIAN_POINT('',(15.22850255141,2.469823679005,5.468176168065
    ));
#6006 = CARTESIAN_POINT('',(15.146712879331,2.455721493101,
    5.474434395289));
#6007 = CARTESIAN_POINT('',(14.993287120669,2.455721493101,
    5.474434395289));
#6008 = CARTESIAN_POINT('',(14.91149744859,2.469823679005,5.468176168065
    ));
#6009 = CARTESIAN_POINT('',(14.761098701675,2.526736637666,
    5.442111866715));
#6010 = CARTESIAN_POINT('',(14.692485080185,2.569501981106,
    5.422232901451));
#6011 = CARTESIAN_POINT('',(14.584137737697,2.667241353263,
    5.374827774952));
#6012 = CARTESIAN_POINT('',(14.537162226905,2.728741343159,
    5.344121465885));
#6013 = CARTESIAN_POINT('',(14.47484189321,2.861921999522,5.273999054659
    ));
#6014 = CARTESIAN_POINT('',(14.4595,2.933564940162,5.234508722388));
#6015 = CARTESIAN_POINT('',(14.4595,3.066435059839,5.157796123025));
#6016 = CARTESIAN_POINT('',(14.47484189321,3.136456161109,5.115496682565
    ));
#6017 = CARTESIAN_POINT('',(14.537162226905,3.263774278787,
    5.035220056475));
#6018 = CARTESIAN_POINT('',(14.584137737697,3.321116717443,
    4.997312657427));
#6019 = CARTESIAN_POINT('',(14.692485080185,3.41104044734,4.936370441438
    ));
#6020 = CARTESIAN_POINT('',(14.761098701675,3.449638807979,4.90927405025
    ));
#6021 = CARTESIAN_POINT('',(14.91149744859,3.50066763441,4.873018132919)
  );
#6022 = CARTESIAN_POINT('',(14.993287120669,3.513138511121,
    4.863934395289));
#6023 = CARTESIAN_POINT('',(15.07,3.513138511121,4.863934395289));
#6024 = ORIENTED_EDGE('',*,*,#6025,.T.);
#6025 = EDGE_CURVE('',#5987,#5985,#6026,.T.);
#6026 = B_SPLINE_CURVE_WITH_KNOTS('',3,(#6027,#6028,#6029,#6030,#6031,
    #6032,#6033,#6034,#6035,#6036,#6037,#6038,#6039,#6040,#6041,#6042,
    #6043,#6044,#6045,#6046,#6047,#6048,#6049,#6050,#6051,#6052,#6053,
    #6054,#6055,#6056,#6057,#6058,#6059,#6060),.UNSPECIFIED.,.T.,.F.,(1,
    3,2,2,2,2,2,2,2,2,2,2,2,2,2,2,2,3,1),(-2.301386379928E-02,0.,
    2.301386379928E-02,4.602772759855E-02,6.904150740737E-02,
    9.205528721619E-02,0.115069067025,0.138082846834,0.161096710633,
    0.184110574432,0.207124438232,0.230138302031,0.25315208184,
    0.276165861649,0.299179641457,0.322193421266,0.345207285066,
    0.368221148865,0.391235012664),.UNSPECIFIED.);
#6027 = CARTESIAN_POINT('',(15.07,3.513138511121,4.863934395289));
#6028 = CARTESIAN_POINT('',(15.146712879331,3.513138511121,
    4.863934395289));
#6029 = CARTESIAN_POINT('',(15.22850255141,3.50066763441,4.873018132919)
  );
#6030 = CARTESIAN_POINT('',(15.378901298325,3.449638807979,4.90927405025
    ));
#6031 = CARTESIAN_POINT('',(15.447514919815,3.41104044734,4.936370441438
    ));
#6032 = CARTESIAN_POINT('',(15.555862262303,3.321116717443,
    4.997312657427));
#6033 = CARTESIAN_POINT('',(15.602837773094,3.263774278787,
    5.035220056475));
#6034 = CARTESIAN_POINT('',(15.66515810679,3.136456161109,5.115496682565
    ));
#6035 = CARTESIAN_POINT('',(15.6805,3.066435059839,5.157796123025));
#6036 = CARTESIAN_POINT('',(15.6805,2.933564940162,5.234508722388));
#6037 = CARTESIAN_POINT('',(15.66515810679,2.861921999522,5.273999054659
    ));
#6038 = CARTESIAN_POINT('',(15.602837773094,2.728741343159,
    5.344121465885));
#6039 = CARTESIAN_POINT('',(15.555862262303,2.667241353263,
    5.374827774952));
#6040 = CARTESIAN_POINT('',(15.447514919815,2.569501981106,
    5.422232901451));
#6041 = CARTESIAN_POINT('',(15.378901298325,2.526736637666,
    5.442111866715));
#6042 = CARTESIAN_POINT('',(15.22850255141,2.469823679005,5.468176168065
    ));
#6043 = CARTESIAN_POINT('',(15.146712879331,2.455721493101,
    5.474434395289));
#6044 = CARTESIAN_POINT('',(14.993287120669,2.455721493101,
    5.474434395289));
#6045 = CARTESIAN_POINT('',(14.91149744859,2.469823679005,5.468176168065
    ));
#6046 = CARTESIAN_POINT('',(14.761098701675,2.526736637666,
    5.442111866715));
#6047 = CARTESIAN_POINT('',(14.692485080185,2.569501981106,
    5.422232901451));
#6048 = CARTESIAN_POINT('',(14.584137737697,2.667241353263,
    5.374827774952));
#6049 = CARTESIAN_POINT('',(14.537162226905,2.728741343159,
    5.344121465885));
#6050 = CARTESIAN_POINT('',(14.47484189321,2.861921999522,5.273999054659
    ));
#6051 = CARTESIAN_POINT('',(14.4595,2.933564940162,5.234508722388));
#6052 = CARTESIAN_POINT('',(14.4595,3.066435059839,5.157796123025));
#6053 = CARTESIAN_POINT('',(14.47484189321,3.136456161109,5.115496682565
    ));
#6054 = CARTESIAN_POINT('',(14.537162226905,3.263774278787,
    5.035220056475));
#6055 = CARTESIAN_POINT('',(14.584137737697,3.321116717443,
    4.997312657427));
#6056 = CARTESIAN_POINT('',(14.692485080185,3.41104044734,4.936370441438
    ));
#6057 = CARTESIAN_POINT('',(14.761098701675,3.449638807979,4.90927405025
    ));
#6058 = CARTESIAN_POINT('',(14.91149744859,3.50066763441,4.873018132919)
  );
#6059 = CARTESIAN_POINT('',(14.993287120669,3.513138511121,
    4.863934395289));
#6060 = CARTESIAN_POINT('',(15.07,3.513138511121,4.863934395289));
#6061 = FACE_BOUND('',#6062,.T.);
#6062 = EDGE_LOOP('',(#6063,#6104));
#6063 = ORIENTED_EDGE('',*,*,#6064,.T.);
#6064 = EDGE_CURVE('',#6065,#6067,#6069,.T.);
#6065 = VERTEX_POINT('',#6066);
#6066 = CARTESIAN_POINT('',(15.07,2.455721493101,-5.474434395289));
#6067 = VERTEX_POINT('',#6068);
#6068 = CARTESIAN_POINT('',(14.47243389487,3.107588323261,
    -5.132500864895));
#6069 = B_SPLINE_CURVE_WITH_KNOTS('',3,(#6070,#6071,#6072,#6073,#6074,
    #6075,#6076,#6077,#6078,#6079,#6080,#6081,#6082,#6083,#6084,#6085,
    #6086,#6087,#6088,#6089,#6090,#6091,#6092,#6093,#6094,#6095,#6096,
    #6097,#6098,#6099,#6100,#6101,#6102,#6103),.UNSPECIFIED.,.T.,.F.,(1,
    3,2,2,2,2,2,2,2,2,2,2,2,2,2,2,2,3,1),(-2.301386379928E-02,0.,
    2.301386379928E-02,4.602772759855E-02,6.904150740737E-02,
    9.205528721619E-02,0.115069067025,0.138082846834,0.161096710633,
    0.184110574432,0.207124438232,0.230138302031,0.25315208184,
    0.276165861649,0.299179641457,0.322193421266,0.345207285066,
    0.368221148865,0.391235012664),.UNSPECIFIED.);
#6070 = CARTESIAN_POINT('',(15.07,2.455721493101,-5.474434395289));
#6071 = CARTESIAN_POINT('',(15.146712879331,2.455721493101,
    -5.474434395289));
#6072 = CARTESIAN_POINT('',(15.22850255141,2.469823679005,
    -5.468176168065));
#6073 = CARTESIAN_POINT('',(15.378901298325,2.526736637666,
    -5.442111866715));
#6074 = CARTESIAN_POINT('',(15.447514919815,2.569501981106,
    -5.422232901451));
#6075 = CARTESIAN_POINT('',(15.555862262303,2.667241353263,
    -5.374827774952));
#6076 = CARTESIAN_POINT('',(15.602837773094,2.728741343159,
    -5.344121465885));
#6077 = CARTESIAN_POINT('',(15.66515810679,2.861921999522,
    -5.273999054659));
#6078 = CARTESIAN_POINT('',(15.6805,2.933564940162,-5.234508722388));
#6079 = CARTESIAN_POINT('',(15.6805,3.066435059839,-5.157796123025));
#6080 = CARTESIAN_POINT('',(15.66515810679,3.136456161109,
    -5.115496682565));
#6081 = CARTESIAN_POINT('',(15.602837773094,3.263774278787,
    -5.035220056475));
#6082 = CARTESIAN_POINT('',(15.555862262303,3.321116717443,
    -4.997312657427));
#6083 = CARTESIAN_POINT('',(15.447514919815,3.41104044734,
    -4.936370441438));
#6084 = CARTESIAN_POINT('',(15.378901298325,3.449638807979,
    -4.90927405025));
#6085 = CARTESIAN_POINT('',(15.22850255141,3.50066763441,-4.873018132919
    ));
#6086 = CARTESIAN_POINT('',(15.146712879331,3.513138511121,
    -4.863934395289));
#6087 = CARTESIAN_POINT('',(14.993287120669,3.513138511121,
    -4.863934395289));
#6088 = CARTESIAN_POINT('',(14.91149744859,3.50066763441,-4.873018132919
    ));
#6089 = CARTESIAN_POINT('',(14.761098701675,3.449638807979,
    -4.90927405025));
#6090 = CARTESIAN_POINT('',(14.692485080185,3.41104044734,
    -4.936370441438));
#6091 = CARTESIAN_POINT('',(14.584137737697,3.321116717443,
    -4.997312657427));
#6092 = CARTESIAN_POINT('',(14.537162226905,3.263774278787,
    -5.035220056475));
#6093 = CARTESIAN_POINT('',(14.47484189321,3.136456161109,
    -5.115496682565));
#6094 = CARTESIAN_POINT('',(14.4595,3.066435059839,-5.157796123025));
#6095 = CARTESIAN_POINT('',(14.4595,2.933564940162,-5.234508722388));
#6096 = CARTESIAN_POINT('',(14.47484189321,2.861921999522,
    -5.273999054659));
#6097 = CARTESIAN_POINT('',(14.537162226905,2.728741343159,
    -5.344121465885));
#6098 = CARTESIAN_POINT('',(14.584137737697,2.667241353263,
    -5.374827774952));
#6099 = CARTESIAN_POINT('',(14.692485080185,2.569501981106,
    -5.422232901451));
#6100 = CARTESIAN_POINT('',(14.761098701675,2.526736637666,
    -5.442111866715));
#6101 = CARTESIAN_POINT('',(14.91149744859,2.469823679005,
    -5.468176168065));
#6102 = CARTESIAN_POINT('',(14.993287120669,2.455721493101,
    -5.474434395289));
#6103 = CARTESIAN_POINT('',(15.07,2.455721493101,-5.474434395289));
#6104 = ORIENTED_EDGE('',*,*,#6105,.T.);
#6105 = EDGE_CURVE('',#6067,#6065,#6106,.T.);
#6106 = B_SPLINE_CURVE_WITH_KNOTS('',3,(#6107,#6108,#6109,#6110,#6111,
    #6112,#6113,#6114,#6115,#6116,#6117,#6118,#6119,#6120,#6121,#6122,
    #6123,#6124,#6125,#6126,#6127,#6128,#6129,#6130,#6131,#6132,#6133,
    #6134,#6135,#6136,#6137,#6138,#6139,#6140),.UNSPECIFIED.,.T.,.F.,(1,
    3,2,2,2,2,2,2,2,2,2,2,2,2,2,2,2,3,1),(-2.301386379928E-02,0.,
    2.301386379928E-02,4.602772759855E-02,6.904150740737E-02,
    9.205528721619E-02,0.115069067025,0.138082846834,0.161096710633,
    0.184110574432,0.207124438232,0.230138302031,0.25315208184,
    0.276165861649,0.299179641457,0.322193421266,0.345207285066,
    0.368221148865,0.391235012664),.UNSPECIFIED.);
#6107 = CARTESIAN_POINT('',(15.07,2.455721493101,-5.474434395289));
#6108 = CARTESIAN_POINT('',(15.146712879331,2.455721493101,
    -5.474434395289));
#6109 = CARTESIAN_POINT('',(15.22850255141,2.469823679005,
    -5.468176168065));
#6110 = CARTESIAN_POINT('',(15.378901298325,2.526736637666,
    -5.442111866715));
#6111 = CARTESIAN_POINT('',(15.447514919815,2.569501981106,
    -5.422232901451));
#6112 = CARTESIAN_POINT('',(15.555862262303,2.667241353263,
    -5.374827774952));
#6113 = CARTESIAN_POINT('',(15.602837773094,2.728741343159,
    -5.344121465885));
#6114 = CARTESIAN_POINT('',(15.66515810679,2.861921999522,
    -5.273999054659));
#6115 = CARTESIAN_POINT('',(15.6805,2.933564940162,-5.234508722388));
#6116 = CARTESIAN_POINT('',(15.6805,3.066435059839,-5.157796123025));
#6117 = CARTESIAN_POINT('',(15.66515810679,3.136456161109,
    -5.115496682565));
#6118 = CARTESIAN_POINT('',(15.602837773094,3.263774278787,
    -5.035220056475));
#6119 = CARTESIAN_POINT('',(15.555862262303,3.321116717443,
    -4.997312657427));
#6120 = CARTESIAN_POINT('',(15.447514919815,3.41104044734,
    -4.936370441438));
#6121 = CARTESIAN_POINT('',(15.378901298325,3.449638807979,
    -4.90927405025));
#6122 = CARTESIAN_POINT('',(15.22850255141,3.50066763441,-4.873018132919
    ));
#6123 = CARTESIAN_POINT('',(15.146712879331,3.513138511121,
    -4.863934395289));
#6124 = CARTESIAN_POINT('',(14.993287120669,3.513138511121,
    -4.863934395289));
#6125 = CARTESIAN_POINT('',(14.91149744859,3.50066763441,-4.873018132919
    ));
#6126 = CARTESIAN_POINT('',(14.761098701675,3.449638807979,
    -4.90927405025));
#6127 = CARTESIAN_POINT('',(14.692485080185,3.41104044734,
    -4.936370441438));
#6128 = CARTESIAN_POINT('',(14.584137737697,3.321116717443,
    -4.997312657427));
#6129 = CARTESIAN_POINT('',(14.537162226905,3.263774278787,
    -5.035220056475));
#6130 = CARTESIAN_POINT('',(14.47484189321,3.136456161109,
    -5.115496682565));
#6131 = CARTESIAN_POINT('',(14.4595,3.066435059839,-5.157796123025));
#6132 = CARTESIAN_POINT('',(14.4595,2.933564940162,-5.234508722388));
#6133 = CARTESIAN_POINT('',(14.47484189321,2.861921999522,
    -5.273999054659));
#6134 = CARTESIAN_POINT('',(14.537162226905,2.728741343159,
    -5.344121465885));
#6135 = CARTESIAN_POINT('',(14.584137737697,2.667241353263,
    -5.374827774952));
#6136 = CARTESIAN_POINT('',(14.692485080185,2.569501981106,
    -5.422232901451));
#6137 = CARTESIAN_POINT('',(14.761098701675,2.526736637666,
    -5.442111866715));
#6138 = CARTESIAN_POINT('',(14.91149744859,2.469823679005,
    -5.468176168065));
#6139 = CARTESIAN_POINT('',(14.993287120669,2.455721493101,
    -5.474434395289));
#6140 = CARTESIAN_POINT('',(15.07,2.455721493101,-5.474434395289));
#6141 = FACE_BOUND('',#6142,.T.);
#6142 = EDGE_LOOP('',(#6143,#6184));
#6143 = ORIENTED_EDGE('',*,*,#6144,.T.);
#6144 = EDGE_CURVE('',#6145,#6147,#6149,.T.);
#6145 = VERTEX_POINT('',#6146);
#6146 = CARTESIAN_POINT('',(15.07,-5.968860004222,0.6105));
#6147 = VERTEX_POINT('',#6148);
#6148 = CARTESIAN_POINT('',(14.47243389487,-5.998670295575,0.125));
#6149 = B_SPLINE_CURVE_WITH_KNOTS('',3,(#6150,#6151,#6152,#6153,#6154,
    #6155,#6156,#6157,#6158,#6159,#6160,#6161,#6162,#6163,#6164,#6165,
    #6166,#6167,#6168,#6169,#6170,#6171,#6172,#6173,#6174,#6175,#6176,
    #6177,#6178,#6179,#6180,#6181,#6182,#6183),.UNSPECIFIED.,.T.,.F.,(1,
    3,2,2,2,2,2,2,2,2,2,2,2,2,2,2,2,3,1),(-2.301386379928E-02,0.,
    2.301386379928E-02,4.602772759855E-02,6.904150740737E-02,
    9.205528721619E-02,0.115069067025,0.138082846834,0.161096710633,
    0.184110574432,0.207124438232,0.230138302031,0.25315208184,
    0.276165861649,0.299179641457,0.322193421266,0.345207285066,
    0.368221148865,0.391235012664),.UNSPECIFIED.);
#6150 = CARTESIAN_POINT('',(15.07,-5.968860004222,0.6105));
#6151 = CARTESIAN_POINT('',(15.146712879331,-5.968860004222,0.6105));
#6152 = CARTESIAN_POINT('',(15.22850255141,-5.970491313415,
    0.595158035146));
#6153 = CARTESIAN_POINT('',(15.378901298325,-5.976375445645,
    0.532837816466));
#6154 = CARTESIAN_POINT('',(15.447514919815,-5.980542428446,
    0.485862460014));
#6155 = CARTESIAN_POINT('',(15.555862262303,-5.988358070706,
    0.377515117526));
#6156 = CARTESIAN_POINT('',(15.602837773094,-5.992515621946,
    0.30890140941));
#6157 = CARTESIAN_POINT('',(15.66515810679,-5.99837816063,0.158502372094
    ));
#6158 = CARTESIAN_POINT('',(15.6805,-6.,7.671259936274E-02));
#6159 = CARTESIAN_POINT('',(15.6805,-6.,-7.671259936274E-02));
#6160 = CARTESIAN_POINT('',(15.66515810679,-5.99837816063,
    -0.158502372094));
#6161 = CARTESIAN_POINT('',(15.602837773094,-5.992515621946,
    -0.30890140941));
#6162 = CARTESIAN_POINT('',(15.555862262303,-5.988358070706,
    -0.377515117526));
#6163 = CARTESIAN_POINT('',(15.447514919815,-5.980542428446,
    -0.485862460014));
#6164 = CARTESIAN_POINT('',(15.378901298325,-5.976375445645,
    -0.532837816466));
#6165 = CARTESIAN_POINT('',(15.22850255141,-5.970491313415,
    -0.595158035146));
#6166 = CARTESIAN_POINT('',(15.146712879331,-5.968860004222,-0.6105));
#6167 = CARTESIAN_POINT('',(14.993287120669,-5.968860004222,-0.6105));
#6168 = CARTESIAN_POINT('',(14.91149744859,-5.970491313415,
    -0.595158035146));
#6169 = CARTESIAN_POINT('',(14.761098701675,-5.976375445645,
    -0.532837816466));
#6170 = CARTESIAN_POINT('',(14.692485080185,-5.980542428446,
    -0.485862460014));
#6171 = CARTESIAN_POINT('',(14.584137737697,-5.988358070706,
    -0.377515117526));
#6172 = CARTESIAN_POINT('',(14.537162226905,-5.992515621946,
    -0.30890140941));
#6173 = CARTESIAN_POINT('',(14.47484189321,-5.99837816063,
    -0.158502372094));
#6174 = CARTESIAN_POINT('',(14.4595,-6.,-7.671259936274E-02));
#6175 = CARTESIAN_POINT('',(14.4595,-6.,7.671259936274E-02));
#6176 = CARTESIAN_POINT('',(14.47484189321,-5.99837816063,0.158502372094
    ));
#6177 = CARTESIAN_POINT('',(14.537162226905,-5.992515621946,
    0.30890140941));
#6178 = CARTESIAN_POINT('',(14.584137737697,-5.988358070706,
    0.377515117526));
#6179 = CARTESIAN_POINT('',(14.692485080185,-5.980542428446,
    0.485862460014));
#6180 = CARTESIAN_POINT('',(14.761098701675,-5.976375445645,
    0.532837816466));
#6181 = CARTESIAN_POINT('',(14.91149744859,-5.970491313415,
    0.595158035146));
#6182 = CARTESIAN_POINT('',(14.993287120669,-5.968860004222,0.6105));
#6183 = CARTESIAN_POINT('',(15.07,-5.968860004222,0.6105));
#6184 = ORIENTED_EDGE('',*,*,#6185,.T.);
#6185 = EDGE_CURVE('',#6147,#6145,#6186,.T.);
#6186 = B_SPLINE_CURVE_WITH_KNOTS('',3,(#6187,#6188,#6189,#6190,#6191,
    #6192,#6193,#6194,#6195,#6196,#6197,#6198,#6199,#6200,#6201,#6202,
    #6203,#6204,#6205,#6206,#6207,#6208,#6209,#6210,#6211,#6212,#6213,
    #6214,#6215,#6216,#6217,#6218,#6219,#6220),.UNSPECIFIED.,.T.,.F.,(1,
    3,2,2,2,2,2,2,2,2,2,2,2,2,2,2,2,3,1),(-2.301386379928E-02,0.,
    2.301386379928E-02,4.602772759855E-02,6.904150740737E-02,
    9.205528721619E-02,0.115069067025,0.138082846834,0.161096710633,
    0.184110574432,0.207124438232,0.230138302031,0.25315208184,
    0.276165861649,0.299179641457,0.322193421266,0.345207285066,
    0.368221148865,0.391235012664),.UNSPECIFIED.);
#6187 = CARTESIAN_POINT('',(15.07,-5.968860004222,0.6105));
#6188 = CARTESIAN_POINT('',(15.146712879331,-5.968860004222,0.6105));
#6189 = CARTESIAN_POINT('',(15.22850255141,-5.970491313415,
    0.595158035146));
#6190 = CARTESIAN_POINT('',(15.378901298325,-5.976375445645,
    0.532837816466));
#6191 = CARTESIAN_POINT('',(15.447514919815,-5.980542428446,
    0.485862460014));
#6192 = CARTESIAN_POINT('',(15.555862262303,-5.988358070706,
    0.377515117526));
#6193 = CARTESIAN_POINT('',(15.602837773094,-5.992515621946,
    0.30890140941));
#6194 = CARTESIAN_POINT('',(15.66515810679,-5.99837816063,0.158502372094
    ));
#6195 = CARTESIAN_POINT('',(15.6805,-6.,7.671259936274E-02));
#6196 = CARTESIAN_POINT('',(15.6805,-6.,-7.671259936274E-02));
#6197 = CARTESIAN_POINT('',(15.66515810679,-5.99837816063,
    -0.158502372094));
#6198 = CARTESIAN_POINT('',(15.602837773094,-5.992515621946,
    -0.30890140941));
#6199 = CARTESIAN_POINT('',(15.555862262303,-5.988358070706,
    -0.377515117526));
#6200 = CARTESIAN_POINT('',(15.447514919815,-5.980542428446,
    -0.485862460014));
#6201 = CARTESIAN_POINT('',(15.378901298325,-5.976375445645,
    -0.532837816466));
#6202 = CARTESIAN_POINT('',(15.22850255141,-5.970491313415,
    -0.595158035146));
#6203 = CARTESIAN_POINT('',(15.146712879331,-5.968860004222,-0.6105));
#6204 = CARTESIAN_POINT('',(14.993287120669,-5.968860004222,-0.6105));
#6205 = CARTESIAN_POINT('',(14.91149744859,-5.970491313415,
    -0.595158035146));
#6206 = CARTESIAN_POINT('',(14.761098701675,-5.976375445645,
    -0.532837816466));
#6207 = CARTESIAN_POINT('',(14.692485080185,-5.980542428446,
    -0.485862460014));
#6208 = CARTESIAN_POINT('',(14.584137737697,-5.988358070706,
    -0.377515117526));
#6209 = CARTESIAN_POINT('',(14.537162226905,-5.992515621946,
    -0.30890140941));
#6210 = CARTESIAN_POINT('',(14.47484189321,-5.99837816063,
    -0.158502372094));
#6211 = CARTESIAN_POINT('',(14.4595,-6.,-7.671259936274E-02));
#6212 = CARTESIAN_POINT('',(14.4595,-6.,7.671259936274E-02));
#6213 = CARTESIAN_POINT('',(14.47484189321,-5.99837816063,0.158502372094
    ));
#6214 = CARTESIAN_POINT('',(14.537162226905,-5.992515621946,
    0.30890140941));
#6215 = CARTESIAN_POINT('',(14.584137737697,-5.988358070706,
    0.377515117526));
#6216 = CARTESIAN_POINT('',(14.692485080185,-5.980542428446,
    0.485862460014));
#6217 = CARTESIAN_POINT('',(14.761098701675,-5.976375445645,
    0.532837816466));
#6218 = CARTESIAN_POINT('',(14.91149744859,-5.970491313415,
    0.595158035146));
#6219 = CARTESIAN_POINT('',(14.993287120669,-5.968860004222,0.6105));
#6220 = CARTESIAN_POINT('',(15.07,-5.968860004222,0.6105));
#6221 = FACE_BOUND('',#6222,.T.);
#6222 = EDGE_LOOP('',(#6223,#6224));
#6223 = ORIENTED_EDGE('',*,*,#5114,.T.);
#6224 = ORIENTED_EDGE('',*,*,#5075,.T.);
#6225 = FACE_BOUND('',#6226,.T.);
#6226 = EDGE_LOOP('',(#6227,#6228));
#6227 = ORIENTED_EDGE('',*,*,#4903,.T.);
#6228 = ORIENTED_EDGE('',*,*,#4864,.T.);
#6229 = CYLINDRICAL_SURFACE('',#6230,6.);
#6230 = AXIS2_PLACEMENT_3D('',#6231,#6232,#6233);
#6231 = CARTESIAN_POINT('',(2.27,1.89326617253E-28,-3.900519712469E-33)
  );
#6232 = DIRECTION('',(1.,1.883405411215E-29,-1.718290622233E-33));
#6233 = DIRECTION('',(-1.883405411215E-29,1.,7.364805613939E-49));
#6234 = ADVANCED_FACE('',(#6235),#6253,.T.);
#6235 = FACE_BOUND('',#6236,.T.);
#6236 = EDGE_LOOP('',(#6237,#6238,#6245,#6252));
#6237 = ORIENTED_EDGE('',*,*,#5897,.T.);
#6238 = ORIENTED_EDGE('',*,*,#6239,.F.);
#6239 = EDGE_CURVE('',#6240,#5891,#6242,.T.);
#6240 = VERTEX_POINT('',#6241);
#6241 = CARTESIAN_POINT('',(16.77,5.919615242271,-7.249437858631E-16));
#6242 = B_SPLINE_CURVE_WITH_KNOTS('',1,(#6243,#6244),.UNSPECIFIED.,.F.,
  .F.,(2,2),(-0.155291427062,0.155291427062),.PIECEWISE_BEZIER_KNOTS.);
#6243 = CARTESIAN_POINT('',(16.77,5.919615242271,2.174831357589E-15));
#6244 = CARTESIAN_POINT('',(16.47,6.,2.204364238465E-15));
#6245 = ORIENTED_EDGE('',*,*,#6246,.T.);
#6246 = EDGE_CURVE('',#6240,#6240,#6247,.T.);
#6247 = CIRCLE('',#6248,5.919615242271);
#6248 = AXIS2_PLACEMENT_3D('',#6249,#6250,#6251);
#6249 = CARTESIAN_POINT('',(16.77,4.624697056858E-28,-2.881573373485E-32
    ));
#6250 = DIRECTION('',(-1.,-1.883405411215E-29,1.718290622233E-33));
#6251 = DIRECTION('',(1.883405411215E-29,-1.,-7.364805613938E-49));
#6252 = ORIENTED_EDGE('',*,*,#6239,.T.);
#6253 = CONICAL_SURFACE('',#6254,5.959807621135,0.2617993878);
#6254 = AXIS2_PLACEMENT_3D('',#6255,#6256,#6257);
#6255 = CARTESIAN_POINT('',(16.62,4.585254011597E-28,-2.855799014152E-32
    ));
#6256 = DIRECTION('',(-1.,-1.942569979107E-29,1.718290622233E-33));
#6257 = DIRECTION('',(1.942569979107E-29,-1.,-7.364805613938E-49));
#6258 = ADVANCED_FACE('',(#6259,#6262),#6273,.T.);
#6259 = FACE_BOUND('',#6260,.T.);
#6260 = EDGE_LOOP('',(#6261));
#6261 = ORIENTED_EDGE('',*,*,#6246,.F.);
#6262 = FACE_BOUND('',#6263,.T.);
#6263 = EDGE_LOOP('',(#6264));
#6264 = ORIENTED_EDGE('',*,*,#6265,.F.);
#6265 = EDGE_CURVE('',#6266,#6266,#6268,.T.);
#6266 = VERTEX_POINT('',#6267);
#6267 = CARTESIAN_POINT('',(16.77,4.080384757729,4.997030132843E-16));
#6268 = CIRCLE('',#6269,4.080384757729);
#6269 = AXIS2_PLACEMENT_3D('',#6270,#6271,#6272);
#6270 = CARTESIAN_POINT('',(16.77,4.624697056858E-28,-2.881573373485E-32
    ));
#6271 = DIRECTION('',(1.,1.883405411215E-29,-1.718290622233E-33));
#6272 = DIRECTION('',(1.883405411215E-29,-1.,-7.364805613938E-49));
#6273 = PLANE('',#6274);
#6274 = AXIS2_PLACEMENT_3D('',#6275,#6276,#6277);
#6275 = CARTESIAN_POINT('',(16.77,5.,-2.881573373485E-32));
#6276 = DIRECTION('',(1.,1.883405411215E-29,-1.718290622233E-33));
#6277 = DIRECTION('',(-1.718290622233E-33,-3.236237855954E-62,-1.));
#6278 = ADVANCED_FACE('',(#6279),#6297,.F.);
#6279 = FACE_BOUND('',#6280,.F.);
#6280 = EDGE_LOOP('',(#6281,#6282,#6289,#6296));
#6281 = ORIENTED_EDGE('',*,*,#6265,.F.);
#6282 = ORIENTED_EDGE('',*,*,#6283,.F.);
#6283 = EDGE_CURVE('',#6284,#6266,#6286,.T.);
#6284 = VERTEX_POINT('',#6285);
#6285 = CARTESIAN_POINT('',(16.47,4.,-4.898587196589E-16));
#6286 = B_SPLINE_CURVE_WITH_KNOTS('',1,(#6287,#6288),.UNSPECIFIED.,.F.,
  .F.,(2,2),(-0.155291427062,0.155291427062),.PIECEWISE_BEZIER_KNOTS.);
#6287 = CARTESIAN_POINT('',(16.47,4.,-1.469576158977E-15));
#6288 = CARTESIAN_POINT('',(16.77,4.080384757729,-1.499109039853E-15));
#6289 = ORIENTED_EDGE('',*,*,#6290,.F.);
#6290 = EDGE_CURVE('',#6284,#6284,#6291,.T.);
#6291 = CIRCLE('',#6292,4.);
#6292 = AXIS2_PLACEMENT_3D('',#6293,#6294,#6295);
#6293 = CARTESIAN_POINT('',(16.47,4.575393250282E-28,-2.830024654818E-32
    ));
#6294 = DIRECTION('',(-1.,-1.883405411215E-29,1.718290622233E-33));
#6295 = DIRECTION('',(1.883405411215E-29,-1.,-7.364805613939E-49));
#6296 = ORIENTED_EDGE('',*,*,#6283,.T.);
#6297 = CONICAL_SURFACE('',#6298,4.040192378865,0.2617993878);
#6298 = AXIS2_PLACEMENT_3D('',#6299,#6300,#6301);
#6299 = CARTESIAN_POINT('',(16.62,4.595114772912E-28,-2.855799014152E-32
    ));
#6300 = DIRECTION('',(1.,1.696050946225E-29,-1.718290622233E-33));
#6301 = DIRECTION('',(1.696050946225E-29,-1.,-7.364805613938E-49));
#6302 = ADVANCED_FACE('',(#6303,#6314),#6318,.T.);
#6303 = FACE_BOUND('',#6304,.T.);
#6304 = EDGE_LOOP('',(#6305));
#6305 = ORIENTED_EDGE('',*,*,#6306,.T.);
#6306 = EDGE_CURVE('',#6307,#6307,#6309,.T.);
#6307 = VERTEX_POINT('',#6308);
#6308 = CARTESIAN_POINT('',(6.77,4.8,-1.163282751252E-32));
#6309 = CIRCLE('',#6310,2.);
#6310 = AXIS2_PLACEMENT_3D('',#6311,#6312,#6313);
#6311 = CARTESIAN_POINT('',(8.77,4.8,-1.506940875698E-32));
#6312 = DIRECTION('',(4.286122238378E-16,1.,1.965987763818E-55));
#6313 = DIRECTION('',(-1.,4.286122238378E-16,1.718290622233E-33));
#6314 = FACE_BOUND('',#6315,.T.);
#6315 = EDGE_LOOP('',(#6316,#6317));
#6316 = ORIENTED_EDGE('',*,*,#4831,.F.);
#6317 = ORIENTED_EDGE('',*,*,#4739,.F.);
#6318 = PLANE('',#6319);
#6319 = AXIS2_PLACEMENT_3D('',#6320,#6321,#6322);
#6320 = CARTESIAN_POINT('',(8.77,4.8,-1.506940875698E-32));
#6321 = DIRECTION('',(4.286122238378E-16,1.,1.965987764335E-55));
#6322 = DIRECTION('',(-1.,4.286122238378E-16,1.718290622233E-33));
#6323 = ADVANCED_FACE('',(#6324),#6336,.F.);
#6324 = FACE_BOUND('',#6325,.F.);
#6325 = EDGE_LOOP('',(#6326,#6327,#6328,#6333,#6334,#6335));
#6326 = ORIENTED_EDGE('',*,*,#5905,.T.);
#6327 = ORIENTED_EDGE('',*,*,#5944,.T.);
#6328 = ORIENTED_EDGE('',*,*,#6329,.F.);
#6329 = EDGE_CURVE('',#6307,#5845,#6330,.T.);
#6330 = B_SPLINE_CURVE_WITH_KNOTS('',1,(#6331,#6332),.UNSPECIFIED.,.F.,
  .F.,(2,2),(-5.1,-3.9),.PIECEWISE_BEZIER_KNOTS.);
#6331 = CARTESIAN_POINT('',(6.77,4.8,-4.898587196589E-16));
#6332 = CARTESIAN_POINT('',(6.77,6.,-4.898587196589E-16));
#6333 = ORIENTED_EDGE('',*,*,#6306,.T.);
#6334 = ORIENTED_EDGE('',*,*,#6329,.T.);
#6335 = ORIENTED_EDGE('',*,*,#5851,.T.);
#6336 = CYLINDRICAL_SURFACE('',#6337,2.);
#6337 = AXIS2_PLACEMENT_3D('',#6338,#6339,#6340);
#6338 = CARTESIAN_POINT('',(8.77,9.9,-1.506940875698E-32));
#6339 = DIRECTION('',(4.286122238378E-16,1.,1.965987764335E-55));
#6340 = DIRECTION('',(-1.,4.286122238378E-16,1.718290622233E-33));
#6341 = ADVANCED_FACE('',(#6342),#6420,.F.);
#6342 = FACE_BOUND('',#6343,.F.);
#6343 = EDGE_LOOP('',(#6344,#6355,#6363,#6372,#6380,#6389,#6397,#6406,
    #6411,#6412,#6413,#6414));
#6344 = ORIENTED_EDGE('',*,*,#6345,.F.);
#6345 = EDGE_CURVE('',#6346,#6348,#6350,.T.);
#6346 = VERTEX_POINT('',#6347);
#6347 = CARTESIAN_POINT('',(14.47243389487,-5.1,-0.125));
#6348 = VERTEX_POINT('',#6349);
#6349 = CARTESIAN_POINT('',(14.47243389487,-5.1,0.125));
#6350 = CIRCLE('',#6351,0.6105);
#6351 = AXIS2_PLACEMENT_3D('',#6352,#6353,#6354);
#6352 = CARTESIAN_POINT('',(15.07,-5.1,-2.589463967705E-32));
#6353 = DIRECTION('',(3.061475439229E-16,1.,2.095411779493E-31));
#6354 = DIRECTION('',(-1.,3.061475439229E-16,1.718290622233E-33));
#6355 = ORIENTED_EDGE('',*,*,#6356,.F.);
#6356 = EDGE_CURVE('',#6357,#6346,#6359,.T.);
#6357 = VERTEX_POINT('',#6358);
#6358 = CARTESIAN_POINT('',(14.47243389487,-5.4395,-0.125));
#6359 = LINE('',#6360,#6361);
#6360 = CARTESIAN_POINT('',(14.47243389487,-5.4,-0.125));
#6361 = VECTOR('',#6362,1.);
#6362 = DIRECTION('',(4.286122238378E-16,1.,1.965987764335E-55));
#6363 = ORIENTED_EDGE('',*,*,#6364,.F.);
#6364 = EDGE_CURVE('',#6365,#6357,#6367,.T.);
#6365 = VERTEX_POINT('',#6366);
#6366 = CARTESIAN_POINT('',(15.66756610513,-5.4395,-0.125));
#6367 = CIRCLE('',#6368,0.6105);
#6368 = AXIS2_PLACEMENT_3D('',#6369,#6370,#6371);
#6369 = CARTESIAN_POINT('',(15.07,-5.4395,-2.589463967705E-32));
#6370 = DIRECTION('',(4.286122238378E-16,1.,1.965987763818E-55));
#6371 = DIRECTION('',(-1.,4.286122238378E-16,1.718290622233E-33));
#6372 = ORIENTED_EDGE('',*,*,#6373,.F.);
#6373 = EDGE_CURVE('',#6374,#6365,#6376,.T.);
#6374 = VERTEX_POINT('',#6375);
#6375 = CARTESIAN_POINT('',(15.66756610513,-5.1,-0.125));
#6376 = LINE('',#6377,#6378);
#6377 = CARTESIAN_POINT('',(15.66756610513,-5.4,-0.125));
#6378 = VECTOR('',#6379,1.);
#6379 = DIRECTION('',(-4.286122238378E-16,-1.,-1.965987764335E-55));
#6380 = ORIENTED_EDGE('',*,*,#6381,.F.);
#6381 = EDGE_CURVE('',#6382,#6374,#6384,.T.);
#6382 = VERTEX_POINT('',#6383);
#6383 = CARTESIAN_POINT('',(15.66756610513,-5.1,0.125));
#6384 = CIRCLE('',#6385,0.6105);
#6385 = AXIS2_PLACEMENT_3D('',#6386,#6387,#6388);
#6386 = CARTESIAN_POINT('',(15.07,-5.1,-2.589463967705E-32));
#6387 = DIRECTION('',(3.061475439229E-16,1.,2.095411779493E-31));
#6388 = DIRECTION('',(-1.,3.061475439229E-16,1.718290622233E-33));
#6389 = ORIENTED_EDGE('',*,*,#6390,.F.);
#6390 = EDGE_CURVE('',#6391,#6382,#6393,.T.);
#6391 = VERTEX_POINT('',#6392);
#6392 = CARTESIAN_POINT('',(15.66756610513,-5.4395,0.125));
#6393 = LINE('',#6394,#6395);
#6394 = CARTESIAN_POINT('',(15.66756610513,-5.4,0.125));
#6395 = VECTOR('',#6396,1.);
#6396 = DIRECTION('',(4.286122238378E-16,1.,1.965987764335E-55));
#6397 = ORIENTED_EDGE('',*,*,#6398,.F.);
#6398 = EDGE_CURVE('',#6399,#6391,#6401,.T.);
#6399 = VERTEX_POINT('',#6400);
#6400 = CARTESIAN_POINT('',(14.47243389487,-5.4395,0.125));
#6401 = CIRCLE('',#6402,0.6105);
#6402 = AXIS2_PLACEMENT_3D('',#6403,#6404,#6405);
#6403 = CARTESIAN_POINT('',(15.07,-5.4395,-2.589463967705E-32));
#6404 = DIRECTION('',(4.286122238378E-16,1.,1.965987763818E-55));
#6405 = DIRECTION('',(-1.,4.286122238378E-16,1.718290622233E-33));
#6406 = ORIENTED_EDGE('',*,*,#6407,.F.);
#6407 = EDGE_CURVE('',#6147,#6399,#6408,.T.);
#6408 = B_SPLINE_CURVE_WITH_KNOTS('',1,(#6409,#6410),.UNSPECIFIED.,.F.,
  .F.,(2,2),(-0.598670295575,-3.949999999981E-02),
  .PIECEWISE_BEZIER_KNOTS.);
#6409 = CARTESIAN_POINT('',(14.47243389487,-5.998670295575,0.125));
#6410 = CARTESIAN_POINT('',(14.47243389487,-5.4395,0.125));
#6411 = ORIENTED_EDGE('',*,*,#6185,.T.);
#6412 = ORIENTED_EDGE('',*,*,#6144,.T.);
#6413 = ORIENTED_EDGE('',*,*,#6407,.T.);
#6414 = ORIENTED_EDGE('',*,*,#6415,.F.);
#6415 = EDGE_CURVE('',#6348,#6399,#6416,.T.);
#6416 = LINE('',#6417,#6418);
#6417 = CARTESIAN_POINT('',(14.47243389487,-5.4,0.125));
#6418 = VECTOR('',#6419,1.);
#6419 = DIRECTION('',(-4.286122238378E-16,-1.,-1.965987764335E-55));
#6420 = CYLINDRICAL_SURFACE('',#6421,0.6105);
#6421 = AXIS2_PLACEMENT_3D('',#6422,#6423,#6424);
#6422 = CARTESIAN_POINT('',(15.07,-5.4,-2.589463967705E-32));
#6423 = DIRECTION('',(4.286122238378E-16,1.,1.965987764335E-55));
#6424 = DIRECTION('',(-1.,4.286122238378E-16,1.718290622233E-33));
#6425 = ADVANCED_FACE('',(#6426),#6504,.F.);
#6426 = FACE_BOUND('',#6427,.F.);
#6427 = EDGE_LOOP('',(#6428,#6439,#6447,#6452,#6453,#6454,#6455,#6464,
    #6472,#6481,#6489,#6498));
#6428 = ORIENTED_EDGE('',*,*,#6429,.F.);
#6429 = EDGE_CURVE('',#6430,#6432,#6434,.T.);
#6430 = VERTEX_POINT('',#6431);
#6431 = CARTESIAN_POINT('',(14.47243389487,2.658253175473,
    -4.354229559301));
#6432 = VERTEX_POINT('',#6433);
#6433 = CARTESIAN_POINT('',(14.47243389487,2.441746824527,
    -4.479229559301));
#6434 = CIRCLE('',#6435,0.6105);
#6435 = AXIS2_PLACEMENT_3D('',#6436,#6437,#6438);
#6436 = CARTESIAN_POINT('',(15.07,2.55,-4.416729559301));
#6437 = DIRECTION('',(7.856406360918E-15,-0.5,0.866025403784));
#6438 = DIRECTION('',(-1.,-7.703332588956E-15,4.624275510787E-15));
#6439 = ORIENTED_EDGE('',*,*,#6440,.F.);
#6440 = EDGE_CURVE('',#6441,#6430,#6443,.T.);
#6441 = VERTEX_POINT('',#6442);
#6442 = CARTESIAN_POINT('',(14.47243389487,2.828003175473,
    -4.648245183885));
#6443 = LINE('',#6444,#6445);
#6444 = CARTESIAN_POINT('',(14.47243389487,2.808253175473,
    -4.614037180436));
#6445 = VECTOR('',#6446,1.);
#6446 = DIRECTION('',(7.978871040831E-15,-0.5,0.866025403784));
#6447 = ORIENTED_EDGE('',*,*,#6448,.F.);
#6448 = EDGE_CURVE('',#6067,#6441,#6449,.T.);
#6449 = B_SPLINE_CURVE_WITH_KNOTS('',1,(#6450,#6451),.UNSPECIFIED.,.F.,
  .F.,(2,2),(-0.598670295575,-3.949999999981E-02),
  .PIECEWISE_BEZIER_KNOTS.);
#6450 = CARTESIAN_POINT('',(14.47243389487,3.107588323261,
    -5.132500864895));
#6451 = CARTESIAN_POINT('',(14.47243389487,2.828003175473,
    -4.648245183885));
#6452 = ORIENTED_EDGE('',*,*,#6105,.T.);
#6453 = ORIENTED_EDGE('',*,*,#6064,.T.);
#6454 = ORIENTED_EDGE('',*,*,#6448,.T.);
#6455 = ORIENTED_EDGE('',*,*,#6456,.F.);
#6456 = EDGE_CURVE('',#6457,#6441,#6459,.T.);
#6457 = VERTEX_POINT('',#6458);
#6458 = CARTESIAN_POINT('',(15.66756610513,2.828003175473,
    -4.648245183885));
#6459 = CIRCLE('',#6460,0.6105);
#6460 = AXIS2_PLACEMENT_3D('',#6461,#6462,#6463);
#6461 = CARTESIAN_POINT('',(15.07,2.71975,-4.710745183885));
#6462 = DIRECTION('',(7.978871040831E-15,-0.5,0.866025403784));
#6463 = DIRECTION('',(-1.,-7.764564928913E-15,4.730333034659E-15));
#6464 = ORIENTED_EDGE('',*,*,#6465,.F.);
#6465 = EDGE_CURVE('',#6466,#6457,#6468,.T.);
#6466 = VERTEX_POINT('',#6467);
#6467 = CARTESIAN_POINT('',(15.66756610513,2.658253175473,
    -4.354229559301));
#6468 = LINE('',#6469,#6470);
#6469 = CARTESIAN_POINT('',(15.66756610513,2.808253175473,
    -4.614037180436));
#6470 = VECTOR('',#6471,1.);
#6471 = DIRECTION('',(-7.978871040831E-15,0.5,-0.866025403784));
#6472 = ORIENTED_EDGE('',*,*,#6473,.F.);
#6473 = EDGE_CURVE('',#6474,#6466,#6476,.T.);
#6474 = VERTEX_POINT('',#6475);
#6475 = CARTESIAN_POINT('',(15.66756610513,2.441746824527,
    -4.479229559301));
#6476 = CIRCLE('',#6477,0.6105);
#6477 = AXIS2_PLACEMENT_3D('',#6478,#6479,#6480);
#6478 = CARTESIAN_POINT('',(15.07,2.55,-4.416729559301));
#6479 = DIRECTION('',(7.856406360918E-15,-0.5,0.866025403784));
#6480 = DIRECTION('',(-1.,-7.703332588956E-15,4.624275510787E-15));
#6481 = ORIENTED_EDGE('',*,*,#6482,.F.);
#6482 = EDGE_CURVE('',#6483,#6474,#6485,.T.);
#6483 = VERTEX_POINT('',#6484);
#6484 = CARTESIAN_POINT('',(15.66756610513,2.611496824527,
    -4.773245183885));
#6485 = LINE('',#6486,#6487);
#6486 = CARTESIAN_POINT('',(15.66756610513,2.591746824527,
    -4.739037180436));
#6487 = VECTOR('',#6488,1.);
#6488 = DIRECTION('',(7.978871040831E-15,-0.5,0.866025403784));
#6489 = ORIENTED_EDGE('',*,*,#6490,.F.);
#6490 = EDGE_CURVE('',#6491,#6483,#6493,.T.);
#6491 = VERTEX_POINT('',#6492);
#6492 = CARTESIAN_POINT('',(14.47243389487,2.611496824527,
    -4.773245183885));
#6493 = CIRCLE('',#6494,0.6105);
#6494 = AXIS2_PLACEMENT_3D('',#6495,#6496,#6497);
#6495 = CARTESIAN_POINT('',(15.07,2.71975,-4.710745183885));
#6496 = DIRECTION('',(7.978871040831E-15,-0.5,0.866025403784));
#6497 = DIRECTION('',(-1.,-7.764564928913E-15,4.730333034659E-15));
#6498 = ORIENTED_EDGE('',*,*,#6499,.F.);
#6499 = EDGE_CURVE('',#6432,#6491,#6500,.T.);
#6500 = LINE('',#6501,#6502);
#6501 = CARTESIAN_POINT('',(14.47243389487,2.591746824527,
    -4.739037180436));
#6502 = VECTOR('',#6503,1.);
#6503 = DIRECTION('',(-7.978871040831E-15,0.5,-0.866025403784));
#6504 = CYLINDRICAL_SURFACE('',#6505,0.6105);
#6505 = AXIS2_PLACEMENT_3D('',#6506,#6507,#6508);
#6506 = CARTESIAN_POINT('',(15.07,2.7,-4.676537180436));
#6507 = DIRECTION('',(7.978871040831E-15,-0.5,0.866025403784));
#6508 = DIRECTION('',(-1.,-7.764564928913E-15,4.730333034659E-15));
#6509 = ADVANCED_FACE('',(#6510),#6588,.F.);
#6510 = FACE_BOUND('',#6511,.F.);
#6511 = EDGE_LOOP('',(#6512,#6523,#6531,#6540,#6548,#6557,#6565,#6574,
    #6579,#6580,#6581,#6582));
#6512 = ORIENTED_EDGE('',*,*,#6513,.F.);
#6513 = EDGE_CURVE('',#6514,#6516,#6518,.T.);
#6514 = VERTEX_POINT('',#6515);
#6515 = CARTESIAN_POINT('',(14.47243389487,2.441746824527,4.479229559301
    ));
#6516 = VERTEX_POINT('',#6517);
#6517 = CARTESIAN_POINT('',(14.47243389487,2.658253175473,4.354229559301
    ));
#6518 = CIRCLE('',#6519,0.6105);
#6519 = AXIS2_PLACEMENT_3D('',#6520,#6521,#6522);
#6520 = CARTESIAN_POINT('',(15.07,2.55,4.416729559301));
#6521 = DIRECTION('',(7.856406360916E-15,-0.5,-0.866025403784));
#6522 = DIRECTION('',(-1.,-7.703332588955E-15,-4.624275510786E-15));
#6523 = ORIENTED_EDGE('',*,*,#6524,.F.);
#6524 = EDGE_CURVE('',#6525,#6514,#6527,.T.);
#6525 = VERTEX_POINT('',#6526);
#6526 = CARTESIAN_POINT('',(14.47243389487,2.611496824527,4.773245183885
    ));
#6527 = LINE('',#6528,#6529);
#6528 = CARTESIAN_POINT('',(14.47243389487,2.591746824527,4.739037180436
    ));
#6529 = VECTOR('',#6530,1.);
#6530 = DIRECTION('',(7.978871040831E-15,-0.5,-0.866025403784));
#6531 = ORIENTED_EDGE('',*,*,#6532,.F.);
#6532 = EDGE_CURVE('',#6533,#6525,#6535,.T.);
#6533 = VERTEX_POINT('',#6534);
#6534 = CARTESIAN_POINT('',(15.66756610513,2.611496824527,4.773245183885
    ));
#6535 = CIRCLE('',#6536,0.6105);
#6536 = AXIS2_PLACEMENT_3D('',#6537,#6538,#6539);
#6537 = CARTESIAN_POINT('',(15.07,2.71975,4.710745183885));
#6538 = DIRECTION('',(7.978871040831E-15,-0.5,-0.866025403784));
#6539 = DIRECTION('',(-1.,-7.764564928913E-15,-4.730333034659E-15));
#6540 = ORIENTED_EDGE('',*,*,#6541,.F.);
#6541 = EDGE_CURVE('',#6542,#6533,#6544,.T.);
#6542 = VERTEX_POINT('',#6543);
#6543 = CARTESIAN_POINT('',(15.66756610513,2.441746824527,4.479229559301
    ));
#6544 = LINE('',#6545,#6546);
#6545 = CARTESIAN_POINT('',(15.66756610513,2.591746824527,4.739037180436
    ));
#6546 = VECTOR('',#6547,1.);
#6547 = DIRECTION('',(-7.978871040831E-15,0.5,0.866025403784));
#6548 = ORIENTED_EDGE('',*,*,#6549,.F.);
#6549 = EDGE_CURVE('',#6550,#6542,#6552,.T.);
#6550 = VERTEX_POINT('',#6551);
#6551 = CARTESIAN_POINT('',(15.66756610513,2.658253175473,4.354229559301
    ));
#6552 = CIRCLE('',#6553,0.6105);
#6553 = AXIS2_PLACEMENT_3D('',#6554,#6555,#6556);
#6554 = CARTESIAN_POINT('',(15.07,2.55,4.416729559301));
#6555 = DIRECTION('',(7.856406360916E-15,-0.5,-0.866025403784));
#6556 = DIRECTION('',(-1.,-7.703332588955E-15,-4.624275510786E-15));
#6557 = ORIENTED_EDGE('',*,*,#6558,.F.);
#6558 = EDGE_CURVE('',#6559,#6550,#6561,.T.);
#6559 = VERTEX_POINT('',#6560);
#6560 = CARTESIAN_POINT('',(15.66756610513,2.828003175473,4.648245183885
    ));
#6561 = LINE('',#6562,#6563);
#6562 = CARTESIAN_POINT('',(15.66756610513,2.808253175473,4.614037180436
    ));
#6563 = VECTOR('',#6564,1.);
#6564 = DIRECTION('',(7.978871040831E-15,-0.5,-0.866025403784));
#6565 = ORIENTED_EDGE('',*,*,#6566,.F.);
#6566 = EDGE_CURVE('',#6567,#6559,#6569,.T.);
#6567 = VERTEX_POINT('',#6568);
#6568 = CARTESIAN_POINT('',(14.47243389487,2.828003175473,4.648245183885
    ));
#6569 = CIRCLE('',#6570,0.6105);
#6570 = AXIS2_PLACEMENT_3D('',#6571,#6572,#6573);
#6571 = CARTESIAN_POINT('',(15.07,2.71975,4.710745183885));
#6572 = DIRECTION('',(7.978871040831E-15,-0.5,-0.866025403784));
#6573 = DIRECTION('',(-1.,-7.764564928913E-15,-4.730333034659E-15));
#6574 = ORIENTED_EDGE('',*,*,#6575,.F.);
#6575 = EDGE_CURVE('',#5987,#6567,#6576,.T.);
#6576 = B_SPLINE_CURVE_WITH_KNOTS('',1,(#6577,#6578),.UNSPECIFIED.,.F.,
  .F.,(2,2),(-0.598670295575,-3.949999999982E-02),
  .PIECEWISE_BEZIER_KNOTS.);
#6577 = CARTESIAN_POINT('',(14.47243389487,3.107588323261,5.132500864895
    ));
#6578 = CARTESIAN_POINT('',(14.47243389487,2.828003175473,4.648245183885
    ));
#6579 = ORIENTED_EDGE('',*,*,#6025,.T.);
#6580 = ORIENTED_EDGE('',*,*,#5984,.T.);
#6581 = ORIENTED_EDGE('',*,*,#6575,.T.);
#6582 = ORIENTED_EDGE('',*,*,#6583,.F.);
#6583 = EDGE_CURVE('',#6516,#6567,#6584,.T.);
#6584 = LINE('',#6585,#6586);
#6585 = CARTESIAN_POINT('',(14.47243389487,2.808253175473,4.614037180436
    ));
#6586 = VECTOR('',#6587,1.);
#6587 = DIRECTION('',(-7.978871040831E-15,0.5,0.866025403784));
#6588 = CYLINDRICAL_SURFACE('',#6589,0.6105);
#6589 = AXIS2_PLACEMENT_3D('',#6590,#6591,#6592);
#6590 = CARTESIAN_POINT('',(15.07,2.7,4.676537180436));
#6591 = DIRECTION('',(7.978871040831E-15,-0.5,-0.866025403784));
#6592 = DIRECTION('',(-1.,-7.764564928913E-15,-4.730333034659E-15));
#6593 = ADVANCED_FACE('',(#6594),#6605,.F.);
#6594 = FACE_BOUND('',#6595,.F.);
#6595 = EDGE_LOOP('',(#6596,#6597,#6604));
#6596 = ORIENTED_EDGE('',*,*,#5689,.T.);
#6597 = ORIENTED_EDGE('',*,*,#6598,.F.);
#6598 = EDGE_CURVE('',#6599,#5690,#6601,.T.);
#6599 = VERTEX_POINT('',#6600);
#6600 = CARTESIAN_POINT('',(-5.382687392875,-2.299934637893,
    3.10965575239));
#6601 = B_SPLINE_CURVE_WITH_KNOTS('',1,(#6602,#6603),.UNSPECIFIED.,.F.,
  .F.,(2,2),(-0.233326679443,0.136246478123),.PIECEWISE_BEZIER_KNOTS.);
#6602 = CARTESIAN_POINT('',(-5.382687392875,-2.299934637893,
    3.10965575239));
#6603 = CARTESIAN_POINT('',(-5.066579630191,-2.279215840504,3.3));
#6604 = ORIENTED_EDGE('',*,*,#6598,.T.);
#6605 = CONICAL_SURFACE('',#6606,0.2,1.02974425868);
#6606 = AXIS2_PLACEMENT_3D('',#6607,#6608,#6609);
#6607 = CARTESIAN_POINT('',(-5.382687392875,-2.299934637893,
    3.229827876194));
#6608 = DIRECTION('',(1.718290622233E-33,-7.364805613938E-49,1.));
#6609 = DIRECTION('',(-0.997858923239,-6.540312923014E-02,
    1.714611630113E-33));
#6610 = ADVANCED_FACE('',(#6611),#6633,.T.);
#6611 = FACE_BOUND('',#6612,.T.);
#6612 = EDGE_LOOP('',(#6613,#6614,#6615,#6616,#6617,#6624,#6631,#6632));
#6613 = ORIENTED_EDGE('',*,*,#5655,.T.);
#6614 = ORIENTED_EDGE('',*,*,#5727,.T.);
#6615 = ORIENTED_EDGE('',*,*,#5673,.T.);
#6616 = ORIENTED_EDGE('',*,*,#5185,.T.);
#6617 = ORIENTED_EDGE('',*,*,#6618,.T.);
#6618 = EDGE_CURVE('',#5177,#6619,#6621,.T.);
#6619 = VERTEX_POINT('',#6620);
#6620 = CARTESIAN_POINT('',(-1.045470053838,6.,1.796421389335E-33));
#6621 = B_SPLINE_CURVE_WITH_KNOTS('',1,(#6622,#6623),.UNSPECIFIED.,.F.,
  .F.,(2,2),(-9.198839574182,-3.315470053838),.PIECEWISE_BEZIER_KNOTS.);
#6622 = CARTESIAN_POINT('',(-6.928839574182,6.,1.190576006328E-32));
#6623 = CARTESIAN_POINT('',(-1.045470053838,6.,1.796421389335E-33));
#6624 = ORIENTED_EDGE('',*,*,#6625,.T.);
#6625 = EDGE_CURVE('',#6619,#6619,#6626,.T.);
#6626 = CIRCLE('',#6627,6.);
#6627 = AXIS2_PLACEMENT_3D('',#6628,#6629,#6630);
#6628 = CARTESIAN_POINT('',(-1.045470053838,1.272038209669E-28,
    1.796421389335E-33));
#6629 = DIRECTION('',(-1.,-1.883405411215E-29,1.718290622233E-33));
#6630 = DIRECTION('',(-1.883405411215E-29,1.,7.364805613939E-49));
#6631 = ORIENTED_EDGE('',*,*,#6618,.F.);
#6632 = ORIENTED_EDGE('',*,*,#5176,.T.);
#6633 = CYLINDRICAL_SURFACE('',#6634,6.);
#6634 = AXIS2_PLACEMENT_3D('',#6635,#6636,#6637);
#6635 = CARTESIAN_POINT('',(2.27,1.89326617253E-28,-3.900519712469E-33)
  );
#6636 = DIRECTION('',(1.,1.883405411215E-29,-1.718290622233E-33));
#6637 = DIRECTION('',(-1.883405411215E-29,1.,7.364805613939E-49));
#6638 = ADVANCED_FACE('',(#6639),#6657,.T.);
#6639 = FACE_BOUND('',#6640,.T.);
#6640 = EDGE_LOOP('',(#6641,#6650,#6655,#6656));
#6641 = ORIENTED_EDGE('',*,*,#6642,.T.);
#6642 = EDGE_CURVE('',#6643,#6643,#6645,.T.);
#6643 = VERTEX_POINT('',#6644);
#6644 = CARTESIAN_POINT('',(-0.93,5.8,1.598010278677E-33));
#6645 = CIRCLE('',#6646,5.8);
#6646 = AXIS2_PLACEMENT_3D('',#6647,#6648,#6649);
#6647 = CARTESIAN_POINT('',(-0.93,-2.887610702729E-15,1.598010278677E-33
    ));
#6648 = DIRECTION('',(-1.,4.286122238378E-16,1.718290622233E-33));
#6649 = DIRECTION('',(1.718290622233E-33,-7.364805613938E-49,1.));
#6650 = ORIENTED_EDGE('',*,*,#6651,.T.);
#6651 = EDGE_CURVE('',#6643,#6619,#6652,.T.);
#6652 = B_SPLINE_CURVE_WITH_KNOTS('',1,(#6653,#6654),.UNSPECIFIED.,.F.,
  .F.,(2,2),(-0.115470053838,0.115470053838),.PIECEWISE_BEZIER_KNOTS.);
#6653 = CARTESIAN_POINT('',(-0.93,5.8,1.598010278677E-33));
#6654 = CARTESIAN_POINT('',(-1.045470053838,6.,1.796421389335E-33));
#6655 = ORIENTED_EDGE('',*,*,#6625,.F.);
#6656 = ORIENTED_EDGE('',*,*,#6651,.F.);
#6657 = CONICAL_SURFACE('',#6658,5.9,1.0471975512);
#6658 = AXIS2_PLACEMENT_3D('',#6659,#6660,#6661);
#6659 = CARTESIAN_POINT('',(-0.987735026919,-2.862864764448E-15,
    1.697215834006E-33));
#6660 = DIRECTION('',(-1.,4.286122238378E-16,1.718290622233E-33));
#6661 = DIRECTION('',(4.286122238378E-16,1.,1.965987763818E-55));
#6662 = ADVANCED_FACE('',(#6663),#6681,.T.);
#6663 = FACE_BOUND('',#6664,.T.);
#6664 = EDGE_LOOP('',(#6665,#6666,#6673,#6680));
#6665 = ORIENTED_EDGE('',*,*,#5835,.F.);
#6666 = ORIENTED_EDGE('',*,*,#6667,.F.);
#6667 = EDGE_CURVE('',#6668,#5836,#6670,.T.);
#6668 = VERTEX_POINT('',#6669);
#6669 = CARTESIAN_POINT('',(3.27,5.8,-5.618810334702E-33));
#6670 = B_SPLINE_CURVE_WITH_KNOTS('',1,(#6671,#6672),.UNSPECIFIED.,.F.,
  .F.,(2,2),(-0.115470053838,0.115470053838),.PIECEWISE_BEZIER_KNOTS.);
#6671 = CARTESIAN_POINT('',(3.27,5.8,-1.420590287011E-15));
#6672 = CARTESIAN_POINT('',(3.385470053838,6.,-1.469576158977E-15));
#6673 = ORIENTED_EDGE('',*,*,#6674,.F.);
#6674 = EDGE_CURVE('',#6668,#6668,#6675,.T.);
#6675 = CIRCLE('',#6676,5.8);
#6676 = AXIS2_PLACEMENT_3D('',#6677,#6678,#6679);
#6677 = CARTESIAN_POINT('',(3.27,-4.687782042848E-15,-5.618810334702E-33
    ));
#6678 = DIRECTION('',(-1.,4.286122238378E-16,1.718290622233E-33));
#6679 = DIRECTION('',(1.718290622233E-33,-7.364805613938E-49,1.));
#6680 = ORIENTED_EDGE('',*,*,#6667,.T.);
#6681 = CONICAL_SURFACE('',#6682,5.9,1.0471975512);
#6682 = AXIS2_PLACEMENT_3D('',#6683,#6684,#6685);
#6683 = CARTESIAN_POINT('',(3.327735026919,-4.712527981129E-15,
    -5.718015890032E-33));
#6684 = DIRECTION('',(1.,-4.286122238378E-16,-1.718290622233E-33));
#6685 = DIRECTION('',(4.286122238378E-16,1.,1.965987763818E-55));
#6686 = ADVANCED_FACE('',(#6687),#6697,.T.);
#6687 = FACE_BOUND('',#6688,.T.);
#6688 = EDGE_LOOP('',(#6689,#6690,#6695,#6696));
#6689 = ORIENTED_EDGE('',*,*,#6674,.T.);
#6690 = ORIENTED_EDGE('',*,*,#6691,.T.);
#6691 = EDGE_CURVE('',#6668,#6643,#6692,.T.);
#6692 = B_SPLINE_CURVE_WITH_KNOTS('',1,(#6693,#6694),.UNSPECIFIED.,.F.,
  .F.,(2,2),(-2.1,2.1),.PIECEWISE_BEZIER_KNOTS.);
#6693 = CARTESIAN_POINT('',(3.27,5.8,-5.618810334702E-33));
#6694 = CARTESIAN_POINT('',(-0.93,5.8,1.598010278677E-33));
#6695 = ORIENTED_EDGE('',*,*,#6642,.F.);
#6696 = ORIENTED_EDGE('',*,*,#6691,.F.);
#6697 = CYLINDRICAL_SURFACE('',#6698,5.8);
#6698 = AXIS2_PLACEMENT_3D('',#6699,#6700,#6701);
#6699 = CARTESIAN_POINT('',(1.17,-3.787696372788E-15,-2.010400028013E-33
    ));
#6700 = DIRECTION('',(-1.,4.286122238378E-16,1.718290622233E-33));
#6701 = DIRECTION('',(4.286122238378E-16,1.,1.965987763818E-55));
#6702 = ADVANCED_FACE('',(#6703),#6722,.T.);
#6703 = FACE_BOUND('',#6704,.T.);
#6704 = EDGE_LOOP('',(#6705,#6715));
#6705 = ORIENTED_EDGE('',*,*,#6706,.T.);
#6706 = EDGE_CURVE('',#6707,#6709,#6711,.T.);
#6707 = VERTEX_POINT('',#6708);
#6708 = CARTESIAN_POINT('',(4.234392867859,2.791746824527,-5.08544734195
    ));
#6709 = VERTEX_POINT('',#6710);
#6710 = CARTESIAN_POINT('',(5.305607132141,2.791746824527,-5.08544734195
    ));
#6711 = LINE('',#6712,#6713);
#6712 = CARTESIAN_POINT('',(4.77,2.791746824527,-5.08544734195));
#6713 = VECTOR('',#6714,1.);
#6714 = DIRECTION('',(1.,-1.651465964855E-16,4.085069757242E-16));
#6715 = ORIENTED_EDGE('',*,*,#6716,.F.);
#6716 = EDGE_CURVE('',#6707,#6709,#6717,.T.);
#6717 = CIRCLE('',#6718,0.55);
#6718 = AXIS2_PLACEMENT_3D('',#6719,#6720,#6721);
#6719 = CARTESIAN_POINT('',(4.77,2.9,-5.02294734195));
#6720 = DIRECTION('',(-4.363507168431E-16,-0.5,0.866025403784));
#6721 = DIRECTION('',(-6.123233995712E-17,0.866025403784,0.5));
#6722 = PLANE('',#6723);
#6723 = AXIS2_PLACEMENT_3D('',#6724,#6725,#6726);
#6724 = CARTESIAN_POINT('',(4.77,2.553589838486,-5.22294734195));
#6725 = DIRECTION('',(4.363507168431E-16,0.5,-0.866025403784));
#6726 = DIRECTION('',(1.,-1.591058527382E-16,4.119946007528E-16));
#6727 = ADVANCED_FACE('',(#6728),#6744,.T.);
#6728 = FACE_BOUND('',#6729,.T.);
#6729 = EDGE_LOOP('',(#6730,#6731,#6737,#6738));
#6730 = ORIENTED_EDGE('',*,*,#5025,.F.);
#6731 = ORIENTED_EDGE('',*,*,#6732,.T.);
#6732 = EDGE_CURVE('',#5026,#6707,#6733,.T.);
#6733 = ( BOUNDED_CURVE() B_SPLINE_CURVE(2,(#6734,#6735,#6736),
.UNSPECIFIED.,.F.,.F.) B_SPLINE_CURVE_WITH_KNOTS((3,3),(
    2.570823079891E-02,3.567978239817E-02),.PIECEWISE_BEZIER_KNOTS.) 
CURVE() GEOMETRIC_REPRESENTATION_ITEM() RATIONAL_B_SPLINE_CURVE((
1.007357020424,1.005105308294,1.)) REPRESENTATION_ITEM('') );
#6734 = CARTESIAN_POINT('',(4.17243389487,2.761496824527,-5.033052805021
    ));
#6735 = CARTESIAN_POINT('',(4.205028425684,2.77744882029,-5.060682472165
    ));
#6736 = CARTESIAN_POINT('',(4.234392867859,2.791746824527,-5.08544734195
    ));
#6737 = ORIENTED_EDGE('',*,*,#6716,.T.);
#6738 = ORIENTED_EDGE('',*,*,#6739,.T.);
#6739 = EDGE_CURVE('',#6709,#5018,#6740,.T.);
#6740 = ( BOUNDED_CURVE() B_SPLINE_CURVE(2,(#6741,#6742,#6743),
.UNSPECIFIED.,.F.,.F.) B_SPLINE_CURVE_WITH_KNOTS((3,3),(0.,
9.971551599264E-03),.PIECEWISE_BEZIER_KNOTS.) CURVE() 
GEOMETRIC_REPRESENTATION_ITEM() RATIONAL_B_SPLINE_CURVE((1.,
1.005105308294,1.007357020424)) REPRESENTATION_ITEM('') );
#6741 = CARTESIAN_POINT('',(5.305607132141,2.791746824527,-5.08544734195
    ));
#6742 = CARTESIAN_POINT('',(5.334971574316,2.77744882029,-5.060682472165
    ));
#6743 = CARTESIAN_POINT('',(5.36756610513,2.761496824527,-5.033052805021
    ));
#6744 = CONICAL_SURFACE('',#6745,0.675,0.7853981634);
#6745 = AXIS2_PLACEMENT_3D('',#6746,#6747,#6748);
#6746 = CARTESIAN_POINT('',(4.77,2.8375,-4.914694166477));
#6747 = DIRECTION('',(-4.363507168431E-16,-0.5,0.866025403784));
#6748 = DIRECTION('',(-6.123233995712E-17,0.866025403784,0.5));
#6749 = ADVANCED_FACE('',(#6750),#6769,.T.);
#6750 = FACE_BOUND('',#6751,.T.);
#6751 = EDGE_LOOP('',(#6752,#6762));
#6752 = ORIENTED_EDGE('',*,*,#6753,.T.);
#6753 = EDGE_CURVE('',#6754,#6756,#6758,.T.);
#6754 = VERTEX_POINT('',#6755);
#6755 = CARTESIAN_POINT('',(5.305607132141,3.008253175473,-4.96044734195
    ));
#6756 = VERTEX_POINT('',#6757);
#6757 = CARTESIAN_POINT('',(4.234392867859,3.008253175473,-4.96044734195
    ));
#6758 = LINE('',#6759,#6760);
#6759 = CARTESIAN_POINT('',(4.77,3.008253175473,-4.96044734195));
#6760 = VECTOR('',#6761,1.);
#6761 = DIRECTION('',(-1.,1.651465964855E-16,-4.085069757242E-16));
#6762 = ORIENTED_EDGE('',*,*,#6763,.F.);
#6763 = EDGE_CURVE('',#6754,#6756,#6764,.T.);
#6764 = CIRCLE('',#6765,0.55);
#6765 = AXIS2_PLACEMENT_3D('',#6766,#6767,#6768);
#6766 = CARTESIAN_POINT('',(4.77,2.9,-5.02294734195));
#6767 = DIRECTION('',(-4.363507168431E-16,-0.5,0.866025403784));
#6768 = DIRECTION('',(-6.123233995712E-17,0.866025403784,0.5));
#6769 = PLANE('',#6770);
#6770 = AXIS2_PLACEMENT_3D('',#6771,#6772,#6773);
#6771 = CARTESIAN_POINT('',(4.77,2.553589838486,-5.22294734195));
#6772 = DIRECTION('',(4.363507168431E-16,0.5,-0.866025403784));
#6773 = DIRECTION('',(1.,-1.591058527382E-16,4.119946007528E-16));
#6774 = ADVANCED_FACE('',(#6775),#6788,.F.);
#6775 = FACE_BOUND('',#6776,.T.);
#6776 = EDGE_LOOP('',(#6777,#6778,#6784,#6785,#6786,#6787));
#6777 = ORIENTED_EDGE('',*,*,#5034,.F.);
#6778 = ORIENTED_EDGE('',*,*,#6779,.F.);
#6779 = EDGE_CURVE('',#5007,#5035,#6780,.T.);
#6780 = LINE('',#6781,#6782);
#6781 = CARTESIAN_POINT('',(4.77,2.591746824527,-4.739037180436));
#6782 = VECTOR('',#6783,1.);
#6783 = DIRECTION('',(-1.,1.651465964855E-16,-4.085069757242E-16));
#6784 = ORIENTED_EDGE('',*,*,#5017,.F.);
#6785 = ORIENTED_EDGE('',*,*,#6739,.F.);
#6786 = ORIENTED_EDGE('',*,*,#6706,.F.);
#6787 = ORIENTED_EDGE('',*,*,#6732,.F.);
#6788 = PLANE('',#6789);
#6789 = AXIS2_PLACEMENT_3D('',#6790,#6791,#6792);
#6790 = CARTESIAN_POINT('',(4.77,2.591746824527,-4.739037180436));
#6791 = DIRECTION('',(6.123233995712E-17,-0.866025403784,-0.5));
#6792 = DIRECTION('',(-1.,1.836764276873E-16,-4.406015848215E-16));
#6793 = ADVANCED_FACE('',(#6794),#6817,.F.);
#6794 = FACE_BOUND('',#6795,.T.);
#6795 = EDGE_LOOP('',(#6796,#6797,#6803,#6804,#6810,#6811));
#6796 = ORIENTED_EDGE('',*,*,#5051,.F.);
#6797 = ORIENTED_EDGE('',*,*,#6798,.F.);
#6798 = EDGE_CURVE('',#6756,#5052,#6799,.T.);
#6799 = ( BOUNDED_CURVE() B_SPLINE_CURVE(2,(#6800,#6801,#6802),
.UNSPECIFIED.,.F.,.F.) B_SPLINE_CURVE_WITH_KNOTS((3,3),(0.,
9.971551599264E-03),.PIECEWISE_BEZIER_KNOTS.) CURVE() 
GEOMETRIC_REPRESENTATION_ITEM() RATIONAL_B_SPLINE_CURVE((1.,
1.005105308294,1.007357020424)) REPRESENTATION_ITEM('') );
#6800 = CARTESIAN_POINT('',(4.234392867859,3.008253175473,-4.96044734195
    ));
#6801 = CARTESIAN_POINT('',(4.205028425684,2.993955171236,
    -4.935682472165));
#6802 = CARTESIAN_POINT('',(4.17243389487,2.978003175473,-4.908052805021
    ));
#6803 = ORIENTED_EDGE('',*,*,#6753,.F.);
#6804 = ORIENTED_EDGE('',*,*,#6805,.F.);
#6805 = EDGE_CURVE('',#5060,#6754,#6806,.T.);
#6806 = ( BOUNDED_CURVE() B_SPLINE_CURVE(2,(#6807,#6808,#6809),
.UNSPECIFIED.,.F.,.F.) B_SPLINE_CURVE_WITH_KNOTS((3,3),(
    2.570823079891E-02,3.567978239817E-02),.PIECEWISE_BEZIER_KNOTS.) 
CURVE() GEOMETRIC_REPRESENTATION_ITEM() RATIONAL_B_SPLINE_CURVE((
1.007357020424,1.005105308294,1.)) REPRESENTATION_ITEM('') );
#6807 = CARTESIAN_POINT('',(5.36756610513,2.978003175473,-4.908052805021
    ));
#6808 = CARTESIAN_POINT('',(5.334971574316,2.993955171236,
    -4.935682472165));
#6809 = CARTESIAN_POINT('',(5.305607132141,3.008253175473,-4.96044734195
    ));
#6810 = ORIENTED_EDGE('',*,*,#5152,.F.);
#6811 = ORIENTED_EDGE('',*,*,#6812,.F.);
#6812 = EDGE_CURVE('',#5043,#5009,#6813,.T.);
#6813 = LINE('',#6814,#6815);
#6814 = CARTESIAN_POINT('',(4.77,2.808253175473,-4.614037180436));
#6815 = VECTOR('',#6816,1.);
#6816 = DIRECTION('',(1.,-1.651465964855E-16,4.085069757242E-16));
#6817 = PLANE('',#6818);
#6818 = AXIS2_PLACEMENT_3D('',#6819,#6820,#6821);
#6819 = CARTESIAN_POINT('',(4.77,3.11917125935,-5.152563098703));
#6820 = DIRECTION('',(-6.123233995712E-17,0.866025403784,0.5));
#6821 = DIRECTION('',(1.,-1.836764276873E-16,4.406015848215E-16));
#6822 = ADVANCED_FACE('',(#6823),#6829,.F.);
#6823 = FACE_BOUND('',#6824,.T.);
#6824 = EDGE_LOOP('',(#6825,#6826,#6827,#6828));
#6825 = ORIENTED_EDGE('',*,*,#5042,.F.);
#6826 = ORIENTED_EDGE('',*,*,#6812,.T.);
#6827 = ORIENTED_EDGE('',*,*,#5006,.F.);
#6828 = ORIENTED_EDGE('',*,*,#6779,.T.);
#6829 = PLANE('',#6830);
#6830 = AXIS2_PLACEMENT_3D('',#6831,#6832,#6833);
#6831 = CARTESIAN_POINT('',(4.77,2.808253175473,-4.614037180436));
#6832 = DIRECTION('',(-4.363507168431E-16,-0.5,0.866025403784));
#6833 = DIRECTION('',(-1.,1.591058527382E-16,-4.119946007528E-16));
#6834 = ADVANCED_FACE('',(#6835),#6841,.T.);
#6835 = FACE_BOUND('',#6836,.T.);
#6836 = EDGE_LOOP('',(#6837,#6838,#6839,#6840));
#6837 = ORIENTED_EDGE('',*,*,#5059,.F.);
#6838 = ORIENTED_EDGE('',*,*,#6805,.T.);
#6839 = ORIENTED_EDGE('',*,*,#6763,.T.);
#6840 = ORIENTED_EDGE('',*,*,#6798,.T.);
#6841 = CONICAL_SURFACE('',#6842,0.675,0.7853981634);
#6842 = AXIS2_PLACEMENT_3D('',#6843,#6844,#6845);
#6843 = CARTESIAN_POINT('',(4.77,2.8375,-4.914694166477));
#6844 = DIRECTION('',(-4.363507168431E-16,-0.5,0.866025403784));
#6845 = DIRECTION('',(-6.123233995712E-17,0.866025403784,0.5));
#6846 = ADVANCED_FACE('',(#6847),#6866,.T.);
#6847 = FACE_BOUND('',#6848,.T.);
#6848 = EDGE_LOOP('',(#6849,#6859));
#6849 = ORIENTED_EDGE('',*,*,#6850,.T.);
#6850 = EDGE_CURVE('',#6851,#6853,#6855,.T.);
#6851 = VERTEX_POINT('',#6852);
#6852 = CARTESIAN_POINT('',(-6.361539086294,7.340544627413E-04,2.75));
#6853 = VERTEX_POINT('',#6854);
#6854 = CARTESIAN_POINT('',(-5.290324822013,7.340544627409E-04,2.75));
#6855 = LINE('',#6856,#6857);
#6856 = CARTESIAN_POINT('',(-5.825931954153,7.340544627411E-04,2.75));
#6857 = VECTOR('',#6858,1.);
#6858 = DIRECTION('',(1.,-4.286122238376E-16,-8.799312079343E-28));
#6859 = ORIENTED_EDGE('',*,*,#6860,.F.);
#6860 = EDGE_CURVE('',#6851,#6853,#6861,.T.);
#6861 = CIRCLE('',#6862,0.55);
#6862 = AXIS2_PLACEMENT_3D('',#6863,#6864,#6865);
#6863 = CARTESIAN_POINT('',(-5.825931954153,-0.124265945537,2.75));
#6864 = DIRECTION('',(-8.799312079343E-28,1.593091911132E-58,-1.));
#6865 = DIRECTION('',(-4.286122238376E-16,-1.,3.771492718568E-43));
#6866 = PLANE('',#6867);
#6867 = AXIS2_PLACEMENT_3D('',#6868,#6869,#6870);
#6868 = CARTESIAN_POINT('',(-5.825931954153,0.275734054463,2.75));
#6869 = DIRECTION('',(8.799312079343E-28,-1.565331428916E-58,1.));
#6870 = DIRECTION('',(1.,-4.274358644807E-16,-8.799312079343E-28));
#6871 = ADVANCED_FACE('',(#6872),#6898,.T.);
#6872 = FACE_BOUND('',#6873,.T.);
#6873 = EDGE_LOOP('',(#6874,#6875,#6883,#6892));
#6874 = ORIENTED_EDGE('',*,*,#5743,.F.);
#6875 = ORIENTED_EDGE('',*,*,#6876,.T.);
#6876 = EDGE_CURVE('',#5744,#6877,#6879,.T.);
#6877 = VERTEX_POINT('',#6878);
#6878 = CARTESIAN_POINT('',(-5.290324822013,-0.249265945537,2.75));
#6879 = ( BOUNDED_CURVE() B_SPLINE_CURVE(2,(#6880,#6881,#6882),
.UNSPECIFIED.,.F.,.F.) B_SPLINE_CURVE_WITH_KNOTS((3,3),(
    2.570823079891E-02,3.567978239817E-02),.PIECEWISE_BEZIER_KNOTS.) 
CURVE() GEOMETRIC_REPRESENTATION_ITEM() RATIONAL_B_SPLINE_CURVE((
1.007357020424,1.005105308294,1.)) REPRESENTATION_ITEM('') );
#6880 = CARTESIAN_POINT('',(-5.228365849024,-0.249265945537,2.6895));
#6881 = CARTESIAN_POINT('',(-5.260960379838,-0.249265945537,
    2.721403991527));
#6882 = CARTESIAN_POINT('',(-5.290324822013,-0.249265945537,2.75));
#6883 = ORIENTED_EDGE('',*,*,#6884,.T.);
#6884 = EDGE_CURVE('',#6877,#6885,#6887,.T.);
#6885 = VERTEX_POINT('',#6886);
#6886 = CARTESIAN_POINT('',(-6.361539086294,-0.249265945537,2.75));
#6887 = CIRCLE('',#6888,0.55);
#6888 = AXIS2_PLACEMENT_3D('',#6889,#6890,#6891);
#6889 = CARTESIAN_POINT('',(-5.825931954153,-0.124265945537,2.75));
#6890 = DIRECTION('',(-8.799312079343E-28,1.593091911132E-58,-1.));
#6891 = DIRECTION('',(-4.286122238376E-16,-1.,3.771492718568E-43));
#6892 = ORIENTED_EDGE('',*,*,#6893,.T.);
#6893 = EDGE_CURVE('',#6885,#5746,#6894,.T.);
#6894 = ( BOUNDED_CURVE() B_SPLINE_CURVE(2,(#6895,#6896,#6897),
.UNSPECIFIED.,.F.,.F.) B_SPLINE_CURVE_WITH_KNOTS((3,3),(0.,
9.971551599264E-03),.PIECEWISE_BEZIER_KNOTS.) CURVE() 
GEOMETRIC_REPRESENTATION_ITEM() RATIONAL_B_SPLINE_CURVE((1.,
1.005105308294,1.007357020424)) REPRESENTATION_ITEM('') );
#6895 = CARTESIAN_POINT('',(-6.361539086294,-0.249265945537,2.75));
#6896 = CARTESIAN_POINT('',(-6.390903528469,-0.249265945537,
    2.721403991527));
#6897 = CARTESIAN_POINT('',(-6.423498059283,-0.249265945537,2.6895));
#6898 = CONICAL_SURFACE('',#6899,0.675,0.7853981634);
#6899 = AXIS2_PLACEMENT_3D('',#6900,#6901,#6902);
#6900 = CARTESIAN_POINT('',(-5.825931954153,-0.124265945537,2.625));
#6901 = DIRECTION('',(-8.799312079343E-28,1.565331428916E-58,-1.));
#6902 = DIRECTION('',(-4.286122238376E-16,-1.,3.771492718568E-43));
#6903 = ADVANCED_FACE('',(#6904),#6913,.T.);
#6904 = FACE_BOUND('',#6905,.T.);
#6905 = EDGE_LOOP('',(#6906,#6912));
#6906 = ORIENTED_EDGE('',*,*,#6907,.T.);
#6907 = EDGE_CURVE('',#6877,#6885,#6908,.T.);
#6908 = LINE('',#6909,#6910);
#6909 = CARTESIAN_POINT('',(-5.825931954153,-0.249265945537,2.75));
#6910 = VECTOR('',#6911,1.);
#6911 = DIRECTION('',(-1.,4.286122238376E-16,8.799312079343E-28));
#6912 = ORIENTED_EDGE('',*,*,#6884,.F.);
#6913 = PLANE('',#6914);
#6914 = AXIS2_PLACEMENT_3D('',#6915,#6916,#6917);
#6915 = CARTESIAN_POINT('',(-5.825931954153,0.275734054463,2.75));
#6916 = DIRECTION('',(8.799312079343E-28,-1.565331428916E-58,1.));
#6917 = DIRECTION('',(1.,-4.274358644807E-16,-8.799312079343E-28));
#6918 = ADVANCED_FACE('',(#6919),#6942,.F.);
#6919 = FACE_BOUND('',#6920,.T.);
#6920 = EDGE_LOOP('',(#6921,#6922,#6928,#6929,#6935,#6936));
#6921 = ORIENTED_EDGE('',*,*,#5787,.F.);
#6922 = ORIENTED_EDGE('',*,*,#6923,.F.);
#6923 = EDGE_CURVE('',#6853,#5788,#6924,.T.);
#6924 = ( BOUNDED_CURVE() B_SPLINE_CURVE(2,(#6925,#6926,#6927),
.UNSPECIFIED.,.F.,.F.) B_SPLINE_CURVE_WITH_KNOTS((3,3),(0.,
9.971551599264E-03),.PIECEWISE_BEZIER_KNOTS.) CURVE() 
GEOMETRIC_REPRESENTATION_ITEM() RATIONAL_B_SPLINE_CURVE((1.,
1.005105308294,1.007357020424)) REPRESENTATION_ITEM('') );
#6925 = CARTESIAN_POINT('',(-5.290324822013,7.340544627409E-04,2.75));
#6926 = CARTESIAN_POINT('',(-5.260960379838,7.340544627408E-04,
    2.721403991527));
#6927 = CARTESIAN_POINT('',(-5.228365849024,7.340544627408E-04,2.6895));
#6928 = ORIENTED_EDGE('',*,*,#6850,.F.);
#6929 = ORIENTED_EDGE('',*,*,#6930,.F.);
#6930 = EDGE_CURVE('',#5796,#6851,#6931,.T.);
#6931 = ( BOUNDED_CURVE() B_SPLINE_CURVE(2,(#6932,#6933,#6934),
.UNSPECIFIED.,.F.,.F.) B_SPLINE_CURVE_WITH_KNOTS((3,3),(
    2.570823079891E-02,3.567978239817E-02),.PIECEWISE_BEZIER_KNOTS.) 
CURVE() GEOMETRIC_REPRESENTATION_ITEM() RATIONAL_B_SPLINE_CURVE((
1.007357020424,1.005105308294,1.)) REPRESENTATION_ITEM('') );
#6932 = CARTESIAN_POINT('',(-6.423498059283,7.340544627413E-04,2.6895));
#6933 = CARTESIAN_POINT('',(-6.390903528469,7.340544627413E-04,
    2.721403991527));
#6934 = CARTESIAN_POINT('',(-6.361539086294,7.340544627413E-04,2.75));
#6935 = ORIENTED_EDGE('',*,*,#5804,.F.);
#6936 = ORIENTED_EDGE('',*,*,#6937,.F.);
#6937 = EDGE_CURVE('',#5779,#5805,#6938,.T.);
#6938 = LINE('',#6939,#6940);
#6939 = CARTESIAN_POINT('',(-5.825931954153,7.34054462741E-04,2.35));
#6940 = VECTOR('',#6941,1.);
#6941 = DIRECTION('',(-1.,4.286122238376E-16,8.799312079343E-28));
#6942 = PLANE('',#6943);
#6943 = AXIS2_PLACEMENT_3D('',#6944,#6945,#6946);
#6944 = CARTESIAN_POINT('',(-5.825931954153,7.34054462741E-04,2.35));
#6945 = DIRECTION('',(4.286122238376E-16,1.,-1.394839642603E-16));
#6946 = DIRECTION('',(-1.,4.286122238376E-16,-7.561440568772E-37));
#6947 = ADVANCED_FACE('',(#6948),#6960,.F.);
#6948 = FACE_BOUND('',#6949,.F.);
#6949 = EDGE_LOOP('',(#6950,#6956,#6957,#6958,#6959));
#6950 = ORIENTED_EDGE('',*,*,#6951,.F.);
#6951 = EDGE_CURVE('',#5813,#5755,#6952,.T.);
#6952 = LINE('',#6953,#6954);
#6953 = CARTESIAN_POINT('',(-5.825931954153,-0.249265945537,2.35));
#6954 = VECTOR('',#6955,1.);
#6955 = DIRECTION('',(1.,-4.286122238376E-16,-8.799312079343E-28));
#6956 = ORIENTED_EDGE('',*,*,#5812,.T.);
#6957 = ORIENTED_EDGE('',*,*,#6937,.F.);
#6958 = ORIENTED_EDGE('',*,*,#5778,.T.);
#6959 = ORIENTED_EDGE('',*,*,#5762,.T.);
#6960 = PLANE('',#6961);
#6961 = AXIS2_PLACEMENT_3D('',#6962,#6963,#6964);
#6962 = CARTESIAN_POINT('',(-5.825931954153,-0.249265945537,2.35));
#6963 = DIRECTION('',(-8.799312079343E-28,1.565331428916E-58,-1.));
#6964 = DIRECTION('',(-1.,4.274358644807E-16,8.799312079343E-28));
#6965 = ADVANCED_FACE('',(#6966),#6974,.F.);
#6966 = FACE_BOUND('',#6967,.T.);
#6967 = EDGE_LOOP('',(#6968,#6969,#6970,#6971,#6972,#6973));
#6968 = ORIENTED_EDGE('',*,*,#5754,.F.);
#6969 = ORIENTED_EDGE('',*,*,#6951,.F.);
#6970 = ORIENTED_EDGE('',*,*,#5821,.F.);
#6971 = ORIENTED_EDGE('',*,*,#6893,.F.);
#6972 = ORIENTED_EDGE('',*,*,#6907,.F.);
#6973 = ORIENTED_EDGE('',*,*,#6876,.F.);
#6974 = PLANE('',#6975);
#6975 = AXIS2_PLACEMENT_3D('',#6976,#6977,#6978);
#6976 = CARTESIAN_POINT('',(-5.825931954153,-0.249265945537,
    2.971836167754));
#6977 = DIRECTION('',(-4.286122238376E-16,-1.,3.771492718568E-43));
#6978 = DIRECTION('',(1.,-4.286122238376E-16,4.436630749131E-61));
#6979 = ADVANCED_FACE('',(#6980),#6986,.T.);
#6980 = FACE_BOUND('',#6981,.T.);
#6981 = EDGE_LOOP('',(#6982,#6983,#6984,#6985));
#6982 = ORIENTED_EDGE('',*,*,#5795,.F.);
#6983 = ORIENTED_EDGE('',*,*,#6930,.T.);
#6984 = ORIENTED_EDGE('',*,*,#6860,.T.);
#6985 = ORIENTED_EDGE('',*,*,#6923,.T.);
#6986 = CONICAL_SURFACE('',#6987,0.675,0.7853981634);
#6987 = AXIS2_PLACEMENT_3D('',#6988,#6989,#6990);
#6988 = CARTESIAN_POINT('',(-5.825931954153,-0.124265945537,2.625));
#6989 = DIRECTION('',(-8.799312079343E-28,1.565331428916E-58,-1.));
#6990 = DIRECTION('',(-4.286122238376E-16,-1.,3.771492718568E-43));
#6991 = ADVANCED_FACE('',(#6992),#7066,.F.);
#6992 = FACE_BOUND('',#6993,.F.);
#6993 = EDGE_LOOP('',(#6994,#7033,#7040,#7049,#7058,#7065));
#6994 = ORIENTED_EDGE('',*,*,#6995,.T.);
#6995 = EDGE_CURVE('',#6996,#6996,#6998,.T.);
#6996 = VERTEX_POINT('',#6997);
#6997 = CARTESIAN_POINT('',(15.07,-3.953136697611,0.6105));
#6998 = B_SPLINE_CURVE_WITH_KNOTS('',3,(#6999,#7000,#7001,#7002,#7003,
    #7004,#7005,#7006,#7007,#7008,#7009,#7010,#7011,#7012,#7013,#7014,
    #7015,#7016,#7017,#7018,#7019,#7020,#7021,#7022,#7023,#7024,#7025,
    #7026,#7027,#7028,#7029,#7030,#7031,#7032),.UNSPECIFIED.,.T.,.F.,(1,
    3,2,2,2,2,2,2,2,2,2,2,2,2,2,2,2,3,1),(-2.303565415153E-02,0.,
    2.303565415153E-02,4.607130830306E-02,6.910653161696E-02,
    9.214175493086E-02,0.115176978245,0.138212201559,0.16124785571,
    0.184283509862,0.207319164013,0.230354818165,0.253390041479,
    0.276425264793,0.299460488106,0.32249571142,0.345531365572,
    0.368567019723,0.391602673875),.UNSPECIFIED.);
#6999 = CARTESIAN_POINT('',(15.07,-3.953136697611,0.6105));
#7000 = CARTESIAN_POINT('',(14.993214486162,-3.953136697611,0.6105));
#7001 = CARTESIAN_POINT('',(14.91139427735,-3.955605116774,
    0.595129785797));
#7002 = CARTESIAN_POINT('',(14.761016067706,-3.964483208833,
    0.532789056403));
#7003 = CARTESIAN_POINT('',(14.692447610223,-3.970760551227,
    0.485824990051));
#7004 = CARTESIAN_POINT('',(14.584176022464,-3.982514104638,
    0.377553402293));
#7005 = CARTESIAN_POINT('',(14.537211161863,-3.98875938952,
    0.308984508264));
#7006 = CARTESIAN_POINT('',(14.474869854717,-3.997563934336,
    0.158604806028));
#7007 = CARTESIAN_POINT('',(14.4595,-4.,7.6784077713E-02));
#7008 = CARTESIAN_POINT('',(14.4595,-4.,-7.6784077713E-02));
#7009 = CARTESIAN_POINT('',(14.474869854717,-3.997563934336,
    -0.158604806028));
#7010 = CARTESIAN_POINT('',(14.537211161863,-3.98875938952,
    -0.308984508264));
#7011 = CARTESIAN_POINT('',(14.584176022464,-3.982514104638,
    -0.377553402293));
#7012 = CARTESIAN_POINT('',(14.692447610223,-3.970760551227,
    -0.485824990051));
#7013 = CARTESIAN_POINT('',(14.761016067706,-3.964483208833,
    -0.532789056403));
#7014 = CARTESIAN_POINT('',(14.91139427735,-3.955605116774,
    -0.595129785797));
#7015 = CARTESIAN_POINT('',(14.993214486162,-3.953136697611,-0.6105));
#7016 = CARTESIAN_POINT('',(15.146785513838,-3.953136697611,-0.6105));
#7017 = CARTESIAN_POINT('',(15.228605722649,-3.955605116774,
    -0.595129785797));
#7018 = CARTESIAN_POINT('',(15.378983932294,-3.964483208833,
    -0.532789056403));
#7019 = CARTESIAN_POINT('',(15.447552389777,-3.970760551227,
    -0.485824990051));
#7020 = CARTESIAN_POINT('',(15.555823977536,-3.982514104638,
    -0.377553402293));
#7021 = CARTESIAN_POINT('',(15.602788838137,-3.98875938952,
    -0.308984508264));
#7022 = CARTESIAN_POINT('',(15.665130145283,-3.997563934336,
    -0.158604806028));
#7023 = CARTESIAN_POINT('',(15.6805,-4.,-7.6784077713E-02));
#7024 = CARTESIAN_POINT('',(15.6805,-4.,7.6784077713E-02));
#7025 = CARTESIAN_POINT('',(15.665130145283,-3.997563934336,
    0.158604806028));
#7026 = CARTESIAN_POINT('',(15.602788838137,-3.98875938952,
    0.308984508264));
#7027 = CARTESIAN_POINT('',(15.555823977536,-3.982514104638,
    0.377553402293));
#7028 = CARTESIAN_POINT('',(15.447552389777,-3.970760551227,
    0.485824990051));
#7029 = CARTESIAN_POINT('',(15.378983932294,-3.964483208833,
    0.532789056403));
#7030 = CARTESIAN_POINT('',(15.228605722649,-3.955605116774,
    0.595129785797));
#7031 = CARTESIAN_POINT('',(15.146785513838,-3.953136697611,0.6105));
#7032 = CARTESIAN_POINT('',(15.07,-3.953136697611,0.6105));
#7033 = ORIENTED_EDGE('',*,*,#7034,.F.);
#7034 = EDGE_CURVE('',#7035,#6996,#7037,.T.);
#7035 = VERTEX_POINT('',#7036);
#7036 = CARTESIAN_POINT('',(15.07,-4.50005403326,0.6105));
#7037 = B_SPLINE_CURVE_WITH_KNOTS('',1,(#7038,#7039),.UNSPECIFIED.,.F.,
  .F.,(2,2),(0.89994596674,1.446863302389),.PIECEWISE_BEZIER_KNOTS.);
#7038 = CARTESIAN_POINT('',(15.07,-4.50005403326,0.6105));
#7039 = CARTESIAN_POINT('',(15.07,-3.953136697611,0.6105));
#7040 = ORIENTED_EDGE('',*,*,#7041,.F.);
#7041 = EDGE_CURVE('',#7042,#7035,#7044,.T.);
#7042 = VERTEX_POINT('',#7043);
#7043 = CARTESIAN_POINT('',(15.6805,-4.50005403326,7.476468708795E-17));
#7044 = CIRCLE('',#7045,0.6105);
#7045 = AXIS2_PLACEMENT_3D('',#7046,#7047,#7048);
#7046 = CARTESIAN_POINT('',(15.07,-4.50005403326,-2.589463967705E-32));
#7047 = DIRECTION('',(-4.286122238378E-16,-1.,-1.965987763818E-55));
#7048 = DIRECTION('',(-1.,4.286122238378E-16,1.718290622233E-33));
#7049 = ORIENTED_EDGE('',*,*,#7050,.F.);
#7050 = EDGE_CURVE('',#7051,#7042,#7053,.T.);
#7051 = VERTEX_POINT('',#7052);
#7052 = CARTESIAN_POINT('',(15.07,-4.50005403326,-0.6105));
#7053 = CIRCLE('',#7054,0.6105);
#7054 = AXIS2_PLACEMENT_3D('',#7055,#7056,#7057);
#7055 = CARTESIAN_POINT('',(15.07,-4.50005403326,-2.589463967705E-32));
#7056 = DIRECTION('',(-4.286122238378E-16,-1.,-1.965987763818E-55));
#7057 = DIRECTION('',(-1.,4.286122238378E-16,1.718290622233E-33));
#7058 = ORIENTED_EDGE('',*,*,#7059,.F.);
#7059 = EDGE_CURVE('',#7035,#7051,#7060,.T.);
#7060 = CIRCLE('',#7061,0.6105);
#7061 = AXIS2_PLACEMENT_3D('',#7062,#7063,#7064);
#7062 = CARTESIAN_POINT('',(15.07,-4.50005403326,-2.589463967705E-32));
#7063 = DIRECTION('',(-4.286122238378E-16,-1.,-1.965987763818E-55));
#7064 = DIRECTION('',(-1.,4.286122238378E-16,1.718290622233E-33));
#7065 = ORIENTED_EDGE('',*,*,#7034,.T.);
#7066 = CYLINDRICAL_SURFACE('',#7067,0.6105);
#7067 = AXIS2_PLACEMENT_3D('',#7068,#7069,#7070);
#7068 = CARTESIAN_POINT('',(15.07,-5.4,-2.589463967705E-32));
#7069 = DIRECTION('',(4.286122238378E-16,1.,1.965987764335E-55));
#7070 = DIRECTION('',(-1.,4.286122238378E-16,1.718290622233E-33));
#7071 = ADVANCED_FACE('',(#7072),#7083,.T.);
#7072 = FACE_BOUND('',#7073,.T.);
#7073 = EDGE_LOOP('',(#7074));
#7074 = ORIENTED_EDGE('',*,*,#7075,.F.);
#7075 = EDGE_CURVE('',#7076,#7076,#7078,.T.);
#7076 = VERTEX_POINT('',#7077);
#7077 = CARTESIAN_POINT('',(15.07,-4.009358222275,-2.571150438746E-02));
#7078 = CIRCLE('',#7079,2.571150438746E-02);
#7079 = AXIS2_PLACEMENT_3D('',#7080,#7081,#7082);
#7080 = CARTESIAN_POINT('',(15.07,-4.009358222275,-5.208936383592E-31));
#7081 = DIRECTION('',(-3.061475439229E-16,-1.,-2.095411779493E-31));
#7082 = DIRECTION('',(3.330669073867E-16,1.075735622909E-31,-1.));
#7083 = SPHERICAL_SURFACE('',#7084,4.E-02);
#7084 = AXIS2_PLACEMENT_3D('',#7085,#7086,#7087);
#7085 = CARTESIAN_POINT('',(15.07,-4.04,-5.273143525581E-31));
#7086 = DIRECTION('',(1.,0.,3.330669073867E-16));
#7087 = DIRECTION('',(6.979123210975E-47,-1.,-2.095411779493E-31));
#7088 = ADVANCED_FACE('',(#7089),#7108,.T.);
#7089 = FACE_BOUND('',#7090,.T.);
#7090 = EDGE_LOOP('',(#7091,#7101));
#7091 = ORIENTED_EDGE('',*,*,#7092,.T.);
#7092 = EDGE_CURVE('',#7093,#7095,#7097,.T.);
#7093 = VERTEX_POINT('',#7094);
#7094 = CARTESIAN_POINT('',(15.605607132141,-5.5,-0.125));
#7095 = VERTEX_POINT('',#7096);
#7096 = CARTESIAN_POINT('',(14.534392867859,-5.5,-0.125));
#7097 = LINE('',#7098,#7099);
#7098 = CARTESIAN_POINT('',(15.07,-5.5,-0.125));
#7099 = VECTOR('',#7100,1.);
#7100 = DIRECTION('',(-1.,3.061475439229E-16,-3.330669073867E-16));
#7101 = ORIENTED_EDGE('',*,*,#7102,.F.);
#7102 = EDGE_CURVE('',#7093,#7095,#7103,.T.);
#7103 = CIRCLE('',#7104,0.55);
#7104 = AXIS2_PLACEMENT_3D('',#7105,#7106,#7107);
#7105 = CARTESIAN_POINT('',(15.07,-5.5,-8.332444723642E-31));
#7106 = DIRECTION('',(3.061475439229E-16,1.,2.095411779493E-31));
#7107 = DIRECTION('',(-3.330669073867E-16,-1.075735622909E-31,1.));
#7108 = PLANE('',#7109);
#7109 = AXIS2_PLACEMENT_3D('',#7110,#7111,#7112);
#7110 = CARTESIAN_POINT('',(15.07,-5.5,-0.4));
#7111 = DIRECTION('',(-3.061475439229E-16,-1.,-2.095411779493E-31));
#7112 = DIRECTION('',(-1.,3.061475439229E-16,-3.330669073875E-16));
#7113 = ADVANCED_FACE('',(#7114),#7130,.T.);
#7114 = FACE_BOUND('',#7115,.T.);
#7115 = EDGE_LOOP('',(#7116,#7117,#7123,#7124));
#7116 = ORIENTED_EDGE('',*,*,#6364,.F.);
#7117 = ORIENTED_EDGE('',*,*,#7118,.T.);
#7118 = EDGE_CURVE('',#6365,#7093,#7119,.T.);
#7119 = ( BOUNDED_CURVE() B_SPLINE_CURVE(2,(#7120,#7121,#7122),
.UNSPECIFIED.,.F.,.F.) B_SPLINE_CURVE_WITH_KNOTS((3,3),(
    2.570823079892E-02,3.567978239817E-02),.PIECEWISE_BEZIER_KNOTS.) 
CURVE() GEOMETRIC_REPRESENTATION_ITEM() RATIONAL_B_SPLINE_CURVE((
1.007357020424,1.005105308294,1.)) REPRESENTATION_ITEM('') );
#7120 = CARTESIAN_POINT('',(15.66756610513,-5.4395,-0.125));
#7121 = CARTESIAN_POINT('',(15.634971574316,-5.471403991527,-0.125));
#7122 = CARTESIAN_POINT('',(15.605607132141,-5.5,-0.125));
#7123 = ORIENTED_EDGE('',*,*,#7102,.T.);
#7124 = ORIENTED_EDGE('',*,*,#7125,.T.);
#7125 = EDGE_CURVE('',#7095,#6357,#7126,.T.);
#7126 = ( BOUNDED_CURVE() B_SPLINE_CURVE(2,(#7127,#7128,#7129),
.UNSPECIFIED.,.F.,.F.) B_SPLINE_CURVE_WITH_KNOTS((3,3),(0.,
9.97155159925E-03),.PIECEWISE_BEZIER_KNOTS.) CURVE() 
GEOMETRIC_REPRESENTATION_ITEM() RATIONAL_B_SPLINE_CURVE((1.,
1.005105308294,1.007357020424)) REPRESENTATION_ITEM('') );
#7127 = CARTESIAN_POINT('',(14.534392867859,-5.5,-0.125));
#7128 = CARTESIAN_POINT('',(14.505028425684,-5.471403991527,-0.125));
#7129 = CARTESIAN_POINT('',(14.47243389487,-5.4395,-0.125));
#7130 = CONICAL_SURFACE('',#7131,0.675,0.7853981634);
#7131 = AXIS2_PLACEMENT_3D('',#7132,#7133,#7134);
#7132 = CARTESIAN_POINT('',(15.07,-5.375,-8.070518251205E-31));
#7133 = DIRECTION('',(3.061475439229E-16,1.,2.095411779493E-31));
#7134 = DIRECTION('',(-3.330669073867E-16,-1.075735622909E-31,1.));
#7135 = ADVANCED_FACE('',(#7136),#7155,.T.);
#7136 = FACE_BOUND('',#7137,.T.);
#7137 = EDGE_LOOP('',(#7138,#7148));
#7138 = ORIENTED_EDGE('',*,*,#7139,.T.);
#7139 = EDGE_CURVE('',#7140,#7142,#7144,.T.);
#7140 = VERTEX_POINT('',#7141);
#7141 = CARTESIAN_POINT('',(14.534392867859,-5.5,0.125));
#7142 = VERTEX_POINT('',#7143);
#7143 = CARTESIAN_POINT('',(15.605607132141,-5.5,0.125));
#7144 = LINE('',#7145,#7146);
#7145 = CARTESIAN_POINT('',(15.07,-5.5,0.125));
#7146 = VECTOR('',#7147,1.);
#7147 = DIRECTION('',(1.,-3.061475439229E-16,3.330669073867E-16));
#7148 = ORIENTED_EDGE('',*,*,#7149,.F.);
#7149 = EDGE_CURVE('',#7140,#7142,#7150,.T.);
#7150 = CIRCLE('',#7151,0.55);
#7151 = AXIS2_PLACEMENT_3D('',#7152,#7153,#7154);
#7152 = CARTESIAN_POINT('',(15.07,-5.5,-8.332444723642E-31));
#7153 = DIRECTION('',(3.061475439229E-16,1.,2.095411779493E-31));
#7154 = DIRECTION('',(-3.330669073867E-16,-1.075735622909E-31,1.));
#7155 = PLANE('',#7156);
#7156 = AXIS2_PLACEMENT_3D('',#7157,#7158,#7159);
#7157 = CARTESIAN_POINT('',(15.07,-5.5,-0.4));
#7158 = DIRECTION('',(-3.061475439229E-16,-1.,-2.095411779493E-31));
#7159 = DIRECTION('',(-1.,3.061475439229E-16,-3.330669073875E-16));
#7160 = ADVANCED_FACE('',(#7161),#7174,.F.);
#7161 = FACE_BOUND('',#7162,.T.);
#7162 = EDGE_LOOP('',(#7163,#7164,#7170,#7171,#7172,#7173));
#7163 = ORIENTED_EDGE('',*,*,#6373,.F.);
#7164 = ORIENTED_EDGE('',*,*,#7165,.F.);
#7165 = EDGE_CURVE('',#6346,#6374,#7166,.T.);
#7166 = LINE('',#7167,#7168);
#7167 = CARTESIAN_POINT('',(15.07,-5.1,-0.125));
#7168 = VECTOR('',#7169,1.);
#7169 = DIRECTION('',(1.,-3.061475439229E-16,3.330669073867E-16));
#7170 = ORIENTED_EDGE('',*,*,#6356,.F.);
#7171 = ORIENTED_EDGE('',*,*,#7125,.F.);
#7172 = ORIENTED_EDGE('',*,*,#7092,.F.);
#7173 = ORIENTED_EDGE('',*,*,#7118,.F.);
#7174 = PLANE('',#7175);
#7175 = AXIS2_PLACEMENT_3D('',#7176,#7177,#7178);
#7176 = CARTESIAN_POINT('',(15.07,-5.1,-0.125));
#7177 = DIRECTION('',(3.330669073867E-16,1.394839642603E-16,-1.));
#7178 = DIRECTION('',(1.,-2.6645352591E-16,3.330669073867E-16));
#7179 = ADVANCED_FACE('',(#7180),#7192,.T.);
#7180 = FACE_BOUND('',#7181,.T.);
#7181 = EDGE_LOOP('',(#7182,#7183,#7188,#7189,#7190,#7191));
#7182 = ORIENTED_EDGE('',*,*,#7075,.T.);
#7183 = ORIENTED_EDGE('',*,*,#7184,.T.);
#7184 = EDGE_CURVE('',#7076,#7051,#7185,.T.);
#7185 = B_SPLINE_CURVE_WITH_KNOTS('',1,(#7186,#7187),.UNSPECIFIED.,.F.,
  .F.,(2,2),(-0.505380923109,0.258006241781),.PIECEWISE_BEZIER_KNOTS.);
#7186 = CARTESIAN_POINT('',(15.07,-4.009358222276,-2.571150438654E-02));
#7187 = CARTESIAN_POINT('',(15.07,-4.50005403326,-0.6105));
#7188 = ORIENTED_EDGE('',*,*,#7059,.F.);
#7189 = ORIENTED_EDGE('',*,*,#7041,.F.);
#7190 = ORIENTED_EDGE('',*,*,#7050,.F.);
#7191 = ORIENTED_EDGE('',*,*,#7184,.F.);
#7192 = CONICAL_SURFACE('',#7193,0.412855752194,0.872664626);
#7193 = AXIS2_PLACEMENT_3D('',#7194,#7195,#7196);
#7194 = CARTESIAN_POINT('',(15.07,-4.334210817822,-5.8896363389E-31));
#7195 = DIRECTION('',(-3.061475439229E-16,-1.,-2.095411779493E-31));
#7196 = DIRECTION('',(3.330669073867E-16,1.075735622909E-31,-1.));
#7197 = ADVANCED_FACE('',(#7198),#7221,.F.);
#7198 = FACE_BOUND('',#7199,.T.);
#7199 = EDGE_LOOP('',(#7200,#7201,#7207,#7208,#7214,#7215));
#7200 = ORIENTED_EDGE('',*,*,#6390,.F.);
#7201 = ORIENTED_EDGE('',*,*,#7202,.F.);
#7202 = EDGE_CURVE('',#7142,#6391,#7203,.T.);
#7203 = ( BOUNDED_CURVE() B_SPLINE_CURVE(2,(#7204,#7205,#7206),
.UNSPECIFIED.,.F.,.F.) B_SPLINE_CURVE_WITH_KNOTS((3,3),(0.,
9.97155159925E-03),.PIECEWISE_BEZIER_KNOTS.) CURVE() 
GEOMETRIC_REPRESENTATION_ITEM() RATIONAL_B_SPLINE_CURVE((1.,
1.005105308294,1.007357020424)) REPRESENTATION_ITEM('') );
#7204 = CARTESIAN_POINT('',(15.605607132141,-5.5,0.125));
#7205 = CARTESIAN_POINT('',(15.634971574316,-5.471403991527,0.125));
#7206 = CARTESIAN_POINT('',(15.66756610513,-5.4395,0.125));
#7207 = ORIENTED_EDGE('',*,*,#7139,.F.);
#7208 = ORIENTED_EDGE('',*,*,#7209,.F.);
#7209 = EDGE_CURVE('',#6399,#7140,#7210,.T.);
#7210 = ( BOUNDED_CURVE() B_SPLINE_CURVE(2,(#7211,#7212,#7213),
.UNSPECIFIED.,.F.,.F.) B_SPLINE_CURVE_WITH_KNOTS((3,3),(
    2.570823079892E-02,3.567978239817E-02),.PIECEWISE_BEZIER_KNOTS.) 
CURVE() GEOMETRIC_REPRESENTATION_ITEM() RATIONAL_B_SPLINE_CURVE((
1.007357020424,1.005105308294,1.)) REPRESENTATION_ITEM('') );
#7211 = CARTESIAN_POINT('',(14.47243389487,-5.4395,0.125));
#7212 = CARTESIAN_POINT('',(14.505028425684,-5.471403991527,0.125));
#7213 = CARTESIAN_POINT('',(14.534392867859,-5.5,0.125));
#7214 = ORIENTED_EDGE('',*,*,#6415,.F.);
#7215 = ORIENTED_EDGE('',*,*,#7216,.F.);
#7216 = EDGE_CURVE('',#6382,#6348,#7217,.T.);
#7217 = LINE('',#7218,#7219);
#7218 = CARTESIAN_POINT('',(15.07,-5.1,0.125));
#7219 = VECTOR('',#7220,1.);
#7220 = DIRECTION('',(-1.,3.061475439229E-16,-3.330669073867E-16));
#7221 = PLANE('',#7222);
#7222 = AXIS2_PLACEMENT_3D('',#7223,#7224,#7225);
#7223 = CARTESIAN_POINT('',(15.07,-5.721836167754,0.125));
#7224 = DIRECTION('',(-3.330669073867E-16,-9.860761315263E-32,1.));
#7225 = DIRECTION('',(-1.,2.6645352591E-16,-3.330669073867E-16));
#7226 = ADVANCED_FACE('',(#7227),#7233,.F.);
#7227 = FACE_BOUND('',#7228,.T.);
#7228 = EDGE_LOOP('',(#7229,#7230,#7231,#7232));
#7229 = ORIENTED_EDGE('',*,*,#6381,.F.);
#7230 = ORIENTED_EDGE('',*,*,#7216,.T.);
#7231 = ORIENTED_EDGE('',*,*,#6345,.F.);
#7232 = ORIENTED_EDGE('',*,*,#7165,.T.);
#7233 = PLANE('',#7234);
#7234 = AXIS2_PLACEMENT_3D('',#7235,#7236,#7237);
#7235 = CARTESIAN_POINT('',(15.07,-5.1,0.125));
#7236 = DIRECTION('',(3.061475439229E-16,1.,2.095411779493E-31));
#7237 = DIRECTION('',(1.,-3.061475439229E-16,3.330669073875E-16));
#7238 = ADVANCED_FACE('',(#7239),#7245,.T.);
#7239 = FACE_BOUND('',#7240,.T.);
#7240 = EDGE_LOOP('',(#7241,#7242,#7243,#7244));
#7241 = ORIENTED_EDGE('',*,*,#6398,.F.);
#7242 = ORIENTED_EDGE('',*,*,#7209,.T.);
#7243 = ORIENTED_EDGE('',*,*,#7149,.T.);
#7244 = ORIENTED_EDGE('',*,*,#7202,.T.);
#7245 = CONICAL_SURFACE('',#7246,0.675,0.7853981634);
#7246 = AXIS2_PLACEMENT_3D('',#7247,#7248,#7249);
#7247 = CARTESIAN_POINT('',(15.07,-5.375,-8.070518251205E-31));
#7248 = DIRECTION('',(3.061475439229E-16,1.,2.095411779493E-31));
#7249 = DIRECTION('',(-3.330669073867E-16,-1.075735622909E-31,1.));
#7250 = ADVANCED_FACE('',(#7251),#7325,.F.);
#7251 = FACE_BOUND('',#7252,.F.);
#7252 = EDGE_LOOP('',(#7253,#7292,#7299,#7308,#7317,#7324));
#7253 = ORIENTED_EDGE('',*,*,#7254,.T.);
#7254 = EDGE_CURVE('',#7255,#7255,#7257,.T.);
#7255 = VERTEX_POINT('',#7256);
#7256 = CARTESIAN_POINT('',(15.07,1.447859839795,-3.728766804764));
#7257 = B_SPLINE_CURVE_WITH_KNOTS('',3,(#7258,#7259,#7260,#7261,#7262,
    #7263,#7264,#7265,#7266,#7267,#7268,#7269,#7270,#7271,#7272,#7273,
    #7274,#7275,#7276,#7277,#7278,#7279,#7280,#7281,#7282,#7283,#7284,
    #7285,#7286,#7287,#7288,#7289,#7290,#7291),.UNSPECIFIED.,.T.,.F.,(1,
    3,2,2,2,2,2,2,2,2,2,2,2,2,2,2,2,3,1),(-2.303565415153E-02,0.,
    2.303565415153E-02,4.607130830306E-02,6.910653161696E-02,
    9.214175493086E-02,0.115176978245,0.138212201559,0.16124785571,
    0.184283509862,0.207319164013,0.230354818165,0.253390041479,
    0.276425264793,0.299460488106,0.32249571142,0.345531365572,
    0.368567019723,0.391602673875),.UNSPECIFIED.);
#7258 = CARTESIAN_POINT('',(15.07,1.447859839795,-3.728766804764));
#7259 = CARTESIAN_POINT('',(14.993214486162,1.447859839795,
    -3.728766804764));
#7260 = CARTESIAN_POINT('',(14.91139427735,1.462405045338,
    -3.723219411364));
#7261 = CARTESIAN_POINT('',(14.761016067706,1.520832746713,
    -3.699737699927));
#7262 = CARTESIAN_POINT('',(14.692447610223,1.564643492436,
    -3.681692004734));
#7263 = CARTESIAN_POINT('',(14.584176022464,1.664286214648,
    -3.637735086693));
#7264 = CARTESIAN_POINT('',(14.537211161863,1.726791261228,
    -3.60885921504));
#7265 = CARTESIAN_POINT('',(14.474869854717,1.861426175985,
    -3.541294323401));
#7266 = CARTESIAN_POINT('',(14.4595,1.933503038094,-3.502493653994));
#7267 = CARTESIAN_POINT('',(14.4595,2.066496961906,-3.425709576281));
#7268 = CARTESIAN_POINT('',(14.474869854717,2.136137758351,
    -3.382689517373));
#7269 = CARTESIAN_POINT('',(14.537211161863,2.261968128292,
    -3.299874706776));
#7270 = CARTESIAN_POINT('',(14.584176022464,2.31822788999,-3.2601816844)
  );
#7271 = CARTESIAN_POINT('',(14.692447610222,2.406117058792,
    -3.195867014682));
#7272 = CARTESIAN_POINT('',(14.761016067706,2.44365046212,
    -3.166948643525));
#7273 = CARTESIAN_POINT('',(14.91139427735,2.493200071436,
    -3.128089625567));
#7274 = CARTESIAN_POINT('',(14.993214486162,2.505276857816,
    -3.118266804764));
#7275 = CARTESIAN_POINT('',(15.146785513838,2.505276857816,
    -3.118266804764));
#7276 = CARTESIAN_POINT('',(15.228605722649,2.493200071436,
    -3.128089625567));
#7277 = CARTESIAN_POINT('',(15.378983932294,2.44365046212,
    -3.166948643525));
#7278 = CARTESIAN_POINT('',(15.447552389777,2.406117058792,
    -3.195867014682));
#7279 = CARTESIAN_POINT('',(15.555823977536,2.31822788999,-3.2601816844)
  );
#7280 = CARTESIAN_POINT('',(15.602788838137,2.261968128292,
    -3.299874706776));
#7281 = CARTESIAN_POINT('',(15.665130145283,2.136137758351,
    -3.382689517373));
#7282 = CARTESIAN_POINT('',(15.6805,2.066496961906,-3.425709576281));
#7283 = CARTESIAN_POINT('',(15.6805,1.933503038094,-3.502493653994));
#7284 = CARTESIAN_POINT('',(15.665130145283,1.861426175985,
    -3.541294323401));
#7285 = CARTESIAN_POINT('',(15.602788838137,1.726791261228,
    -3.60885921504));
#7286 = CARTESIAN_POINT('',(15.555823977536,1.664286214648,
    -3.637735086693));
#7287 = CARTESIAN_POINT('',(15.447552389777,1.564643492436,
    -3.681692004734));
#7288 = CARTESIAN_POINT('',(15.378983932294,1.520832746713,
    -3.699737699927));
#7289 = CARTESIAN_POINT('',(15.228605722649,1.462405045338,
    -3.723219411364));
#7290 = CARTESIAN_POINT('',(15.146785513838,1.447859839795,
    -3.728766804764));
#7291 = CARTESIAN_POINT('',(15.07,1.447859839795,-3.728766804764));
#7292 = ORIENTED_EDGE('',*,*,#7293,.F.);
#7293 = EDGE_CURVE('',#7294,#7255,#7296,.T.);
#7294 = VERTEX_POINT('',#7295);
#7295 = CARTESIAN_POINT('',(15.07,1.72131850762,-4.202411111206));
#7296 = B_SPLINE_CURVE_WITH_KNOTS('',1,(#7297,#7298),.UNSPECIFIED.,.F.,
  .F.,(2,2),(0.89994596674,1.446863302389),.PIECEWISE_BEZIER_KNOTS.);
#7297 = CARTESIAN_POINT('',(15.07,1.72131850762,-4.202411111206));
#7298 = CARTESIAN_POINT('',(15.07,1.447859839795,-3.728766804764));
#7299 = ORIENTED_EDGE('',*,*,#7300,.F.);
#7300 = EDGE_CURVE('',#7301,#7294,#7303,.T.);
#7301 = VERTEX_POINT('',#7302);
#7302 = CARTESIAN_POINT('',(15.6805,2.25002701663,-3.897161111206));
#7303 = CIRCLE('',#7304,0.6105);
#7304 = AXIS2_PLACEMENT_3D('',#7305,#7306,#7307);
#7305 = CARTESIAN_POINT('',(15.07,2.25002701663,-3.897161111206));
#7306 = DIRECTION('',(-7.978871040831E-15,0.5,-0.866025403784));
#7307 = DIRECTION('',(-1.,-7.764564928913E-15,4.730333034659E-15));
#7308 = ORIENTED_EDGE('',*,*,#7309,.F.);
#7309 = EDGE_CURVE('',#7310,#7301,#7312,.T.);
#7310 = VERTEX_POINT('',#7311);
#7311 = CARTESIAN_POINT('',(15.07,2.778735525641,-3.591911111205));
#7312 = CIRCLE('',#7313,0.6105);
#7313 = AXIS2_PLACEMENT_3D('',#7314,#7315,#7316);
#7314 = CARTESIAN_POINT('',(15.07,2.25002701663,-3.897161111206));
#7315 = DIRECTION('',(-7.978871040831E-15,0.5,-0.866025403784));
#7316 = DIRECTION('',(-1.,-7.764564928913E-15,4.730333034659E-15));
#7317 = ORIENTED_EDGE('',*,*,#7318,.F.);
#7318 = EDGE_CURVE('',#7294,#7310,#7319,.T.);
#7319 = CIRCLE('',#7320,0.6105);
#7320 = AXIS2_PLACEMENT_3D('',#7321,#7322,#7323);
#7321 = CARTESIAN_POINT('',(15.07,2.25002701663,-3.897161111206));
#7322 = DIRECTION('',(-7.978871040831E-15,0.5,-0.866025403784));
#7323 = DIRECTION('',(-1.,-7.764564928913E-15,4.730333034659E-15));
#7324 = ORIENTED_EDGE('',*,*,#7293,.T.);
#7325 = CYLINDRICAL_SURFACE('',#7326,0.6105);
#7326 = AXIS2_PLACEMENT_3D('',#7327,#7328,#7329);
#7327 = CARTESIAN_POINT('',(15.07,2.7,-4.676537180436));
#7328 = DIRECTION('',(7.978871040831E-15,-0.5,0.866025403784));
#7329 = DIRECTION('',(-1.,-7.764564928913E-15,4.730333034659E-15));
#7330 = ADVANCED_FACE('',(#7331),#7342,.T.);
#7331 = FACE_BOUND('',#7332,.T.);
#7332 = EDGE_LOOP('',(#7333));
#7333 = ORIENTED_EDGE('',*,*,#7334,.F.);
#7334 = EDGE_CURVE('',#7335,#7335,#7337,.T.);
#7335 = VERTEX_POINT('',#7336);
#7336 = CARTESIAN_POINT('',(15.07,2.026945927107,-3.459350321169));
#7337 = CIRCLE('',#7338,2.571150438746E-02);
#7338 = AXIS2_PLACEMENT_3D('',#7339,#7340,#7341);
#7339 = CARTESIAN_POINT('',(15.07,2.004679111138,-3.472206073362));
#7340 = DIRECTION('',(-7.856406360918E-15,0.5,-0.866025403784));
#7341 = DIRECTION('',(-4.026077053055E-15,0.866025403784,0.5));
#7342 = SPHERICAL_SURFACE('',#7343,4.E-02);
#7343 = AXIS2_PLACEMENT_3D('',#7344,#7345,#7346);
#7344 = CARTESIAN_POINT('',(15.07,2.02,-3.498742631289));
#7345 = DIRECTION('',(1.,1.110223024625E-14,0.));
#7346 = DIRECTION('',(-5.551115123126E-15,0.5,-0.866025403784));
#7347 = ADVANCED_FACE('',(#7348),#7367,.T.);
#7348 = FACE_BOUND('',#7349,.T.);
#7349 = EDGE_LOOP('',(#7350,#7360));
#7350 = ORIENTED_EDGE('',*,*,#7351,.T.);
#7351 = EDGE_CURVE('',#7352,#7354,#7356,.T.);
#7352 = VERTEX_POINT('',#7353);
#7353 = CARTESIAN_POINT('',(15.605607132141,2.858253175473,
    -4.700639720814));
#7354 = VERTEX_POINT('',#7355);
#7355 = CARTESIAN_POINT('',(14.534392867859,2.858253175473,
    -4.700639720814));
#7356 = LINE('',#7357,#7358);
#7357 = CARTESIAN_POINT('',(15.07,2.858253175473,-4.700639720814));
#7358 = VECTOR('',#7359,1.);
#7359 = DIRECTION('',(-1.,-7.414888185998E-15,4.790808964481E-15));
#7360 = ORIENTED_EDGE('',*,*,#7361,.F.);
#7361 = EDGE_CURVE('',#7352,#7354,#7362,.T.);
#7362 = CIRCLE('',#7363,0.55);
#7363 = AXIS2_PLACEMENT_3D('',#7364,#7365,#7366);
#7364 = CARTESIAN_POINT('',(15.07,2.75,-4.763139720814));
#7365 = DIRECTION('',(7.856406360918E-15,-0.5,0.866025403784));
#7366 = DIRECTION('',(4.026077053055E-15,-0.866025403784,-0.5));
#7367 = PLANE('',#7368);
#7368 = AXIS2_PLACEMENT_3D('',#7369,#7370,#7371);
#7369 = CARTESIAN_POINT('',(15.07,3.096410161514,-4.563139720814));
#7370 = DIRECTION('',(-7.856406360918E-15,0.5,-0.866025403784));
#7371 = DIRECTION('',(-1.,-7.413620832537E-15,4.791540671343E-15));
#7372 = ADVANCED_FACE('',(#7373),#7389,.T.);
#7373 = FACE_BOUND('',#7374,.T.);
#7374 = EDGE_LOOP('',(#7375,#7376,#7382,#7383));
#7375 = ORIENTED_EDGE('',*,*,#6456,.F.);
#7376 = ORIENTED_EDGE('',*,*,#7377,.T.);
#7377 = EDGE_CURVE('',#6457,#7352,#7378,.T.);
#7378 = ( BOUNDED_CURVE() B_SPLINE_CURVE(2,(#7379,#7380,#7381),
.UNSPECIFIED.,.F.,.F.) B_SPLINE_CURVE_WITH_KNOTS((3,3),(
    2.570823079892E-02,3.567978239817E-02),.PIECEWISE_BEZIER_KNOTS.) 
CURVE() GEOMETRIC_REPRESENTATION_ITEM() RATIONAL_B_SPLINE_CURVE((
1.007357020424,1.005105308294,1.)) REPRESENTATION_ITEM('') );
#7379 = CARTESIAN_POINT('',(15.66756610513,2.828003175473,
    -4.648245183885));
#7380 = CARTESIAN_POINT('',(15.634971574316,2.843955171236,
    -4.67587485103));
#7381 = CARTESIAN_POINT('',(15.605607132141,2.858253175473,
    -4.700639720814));
#7382 = ORIENTED_EDGE('',*,*,#7361,.T.);
#7383 = ORIENTED_EDGE('',*,*,#7384,.T.);
#7384 = EDGE_CURVE('',#7354,#6441,#7385,.T.);
#7385 = ( BOUNDED_CURVE() B_SPLINE_CURVE(2,(#7386,#7387,#7388),
.UNSPECIFIED.,.F.,.F.) B_SPLINE_CURVE_WITH_KNOTS((3,3),(0.,
9.97155159925E-03),.PIECEWISE_BEZIER_KNOTS.) CURVE() 
GEOMETRIC_REPRESENTATION_ITEM() RATIONAL_B_SPLINE_CURVE((1.,
1.005105308294,1.007357020424)) REPRESENTATION_ITEM('') );
#7386 = CARTESIAN_POINT('',(14.534392867859,2.858253175473,
    -4.700639720814));
#7387 = CARTESIAN_POINT('',(14.505028425684,2.843955171236,
    -4.67587485103));
#7388 = CARTESIAN_POINT('',(14.47243389487,2.828003175473,
    -4.648245183885));
#7389 = CONICAL_SURFACE('',#7390,0.675,0.7853981634);
#7390 = AXIS2_PLACEMENT_3D('',#7391,#7392,#7393);
#7391 = CARTESIAN_POINT('',(15.07,2.6875,-4.654886545341));
#7392 = DIRECTION('',(7.856406360918E-15,-0.5,0.866025403784));
#7393 = DIRECTION('',(4.026077053055E-15,-0.866025403784,-0.5));
#7394 = ADVANCED_FACE('',(#7395),#7414,.T.);
#7395 = FACE_BOUND('',#7396,.T.);
#7396 = EDGE_LOOP('',(#7397,#7407));
#7397 = ORIENTED_EDGE('',*,*,#7398,.T.);
#7398 = EDGE_CURVE('',#7399,#7401,#7403,.T.);
#7399 = VERTEX_POINT('',#7400);
#7400 = CARTESIAN_POINT('',(14.534392867859,2.641746824527,
    -4.825639720814));
#7401 = VERTEX_POINT('',#7402);
#7402 = CARTESIAN_POINT('',(15.605607132141,2.641746824527,
    -4.825639720814));
#7403 = LINE('',#7404,#7405);
#7404 = CARTESIAN_POINT('',(15.07,2.641746824527,-4.825639720814));
#7405 = VECTOR('',#7406,1.);
#7406 = DIRECTION('',(1.,7.414888185998E-15,-4.790808964481E-15));
#7407 = ORIENTED_EDGE('',*,*,#7408,.F.);
#7408 = EDGE_CURVE('',#7399,#7401,#7409,.T.);
#7409 = CIRCLE('',#7410,0.55);
#7410 = AXIS2_PLACEMENT_3D('',#7411,#7412,#7413);
#7411 = CARTESIAN_POINT('',(15.07,2.75,-4.763139720814));
#7412 = DIRECTION('',(7.856406360918E-15,-0.5,0.866025403784));
#7413 = DIRECTION('',(4.026077053055E-15,-0.866025403784,-0.5));
#7414 = PLANE('',#7415);
#7415 = AXIS2_PLACEMENT_3D('',#7416,#7417,#7418);
#7416 = CARTESIAN_POINT('',(15.07,3.096410161514,-4.563139720814));
#7417 = DIRECTION('',(-7.856406360918E-15,0.5,-0.866025403784));
#7418 = DIRECTION('',(-1.,-7.413620832537E-15,4.791540671343E-15));
#7419 = ADVANCED_FACE('',(#7420),#7433,.F.);
#7420 = FACE_BOUND('',#7421,.T.);
#7421 = EDGE_LOOP('',(#7422,#7423,#7429,#7430,#7431,#7432));
#7422 = ORIENTED_EDGE('',*,*,#6465,.F.);
#7423 = ORIENTED_EDGE('',*,*,#7424,.F.);
#7424 = EDGE_CURVE('',#6430,#6466,#7425,.T.);
#7425 = LINE('',#7426,#7427);
#7426 = CARTESIAN_POINT('',(15.07,2.658253175473,-4.354229559301));
#7427 = VECTOR('',#7428,1.);
#7428 = DIRECTION('',(1.,7.414888185998E-15,-4.790808964481E-15));
#7429 = ORIENTED_EDGE('',*,*,#6440,.F.);
#7430 = ORIENTED_EDGE('',*,*,#7384,.F.);
#7431 = ORIENTED_EDGE('',*,*,#7351,.F.);
#7432 = ORIENTED_EDGE('',*,*,#7377,.F.);
#7433 = PLANE('',#7434);
#7434 = AXIS2_PLACEMENT_3D('',#7435,#7436,#7437);
#7435 = CARTESIAN_POINT('',(15.07,2.658253175473,-4.354229559301));
#7436 = DIRECTION('',(-4.026077053055E-15,0.866025403784,0.5));
#7437 = DIRECTION('',(1.,7.417557157957E-15,-4.795431759519E-15));
#7438 = ADVANCED_FACE('',(#7439),#7451,.T.);
#7439 = FACE_BOUND('',#7440,.T.);
#7440 = EDGE_LOOP('',(#7441,#7442,#7447,#7448,#7449,#7450));
#7441 = ORIENTED_EDGE('',*,*,#7334,.T.);
#7442 = ORIENTED_EDGE('',*,*,#7443,.T.);
#7443 = EDGE_CURVE('',#7335,#7310,#7444,.T.);
#7444 = B_SPLINE_CURVE_WITH_KNOTS('',1,(#7445,#7446),.UNSPECIFIED.,.F.,
  .F.,(2,2),(-0.505380923109,0.258006241781),.PIECEWISE_BEZIER_KNOTS.);
#7445 = CARTESIAN_POINT('',(15.07,2.026945927106,-3.45935032117));
#7446 = CARTESIAN_POINT('',(15.07,2.778735525641,-3.591911111205));
#7447 = ORIENTED_EDGE('',*,*,#7318,.F.);
#7448 = ORIENTED_EDGE('',*,*,#7300,.F.);
#7449 = ORIENTED_EDGE('',*,*,#7309,.F.);
#7450 = ORIENTED_EDGE('',*,*,#7443,.F.);
#7451 = CONICAL_SURFACE('',#7452,0.412855752194,0.872664626);
#7452 = AXIS2_PLACEMENT_3D('',#7453,#7454,#7455);
#7453 = CARTESIAN_POINT('',(15.07,2.167105408911,-3.753536673591));
#7454 = DIRECTION('',(-7.856406360918E-15,0.5,-0.866025403784));
#7455 = DIRECTION('',(-4.026077053055E-15,0.866025403784,0.5));
#7456 = ADVANCED_FACE('',(#7457),#7480,.F.);
#7457 = FACE_BOUND('',#7458,.T.);
#7458 = EDGE_LOOP('',(#7459,#7460,#7466,#7467,#7473,#7474));
#7459 = ORIENTED_EDGE('',*,*,#6482,.F.);
#7460 = ORIENTED_EDGE('',*,*,#7461,.F.);
#7461 = EDGE_CURVE('',#7401,#6483,#7462,.T.);
#7462 = ( BOUNDED_CURVE() B_SPLINE_CURVE(2,(#7463,#7464,#7465),
.UNSPECIFIED.,.F.,.F.) B_SPLINE_CURVE_WITH_KNOTS((3,3),(0.,
9.97155159925E-03),.PIECEWISE_BEZIER_KNOTS.) CURVE() 
GEOMETRIC_REPRESENTATION_ITEM() RATIONAL_B_SPLINE_CURVE((1.,
1.005105308294,1.007357020424)) REPRESENTATION_ITEM('') );
#7463 = CARTESIAN_POINT('',(15.605607132141,2.641746824527,
    -4.825639720814));
#7464 = CARTESIAN_POINT('',(15.634971574316,2.62744882029,-4.80087485103
    ));
#7465 = CARTESIAN_POINT('',(15.66756610513,2.611496824527,
    -4.773245183885));
#7466 = ORIENTED_EDGE('',*,*,#7398,.F.);
#7467 = ORIENTED_EDGE('',*,*,#7468,.F.);
#7468 = EDGE_CURVE('',#6491,#7399,#7469,.T.);
#7469 = ( BOUNDED_CURVE() B_SPLINE_CURVE(2,(#7470,#7471,#7472),
.UNSPECIFIED.,.F.,.F.) B_SPLINE_CURVE_WITH_KNOTS((3,3),(
    2.570823079892E-02,3.567978239817E-02),.PIECEWISE_BEZIER_KNOTS.) 
CURVE() GEOMETRIC_REPRESENTATION_ITEM() RATIONAL_B_SPLINE_CURVE((
1.007357020424,1.005105308294,1.)) REPRESENTATION_ITEM('') );
#7470 = CARTESIAN_POINT('',(14.47243389487,2.611496824527,
    -4.773245183885));
#7471 = CARTESIAN_POINT('',(14.505028425684,2.62744882029,-4.80087485103
    ));
#7472 = CARTESIAN_POINT('',(14.534392867859,2.641746824527,
    -4.825639720814));
#7473 = ORIENTED_EDGE('',*,*,#6499,.F.);
#7474 = ORIENTED_EDGE('',*,*,#7475,.F.);
#7475 = EDGE_CURVE('',#6474,#6432,#7476,.T.);
#7476 = LINE('',#7477,#7478);
#7477 = CARTESIAN_POINT('',(15.07,2.441746824527,-4.479229559301));
#7478 = VECTOR('',#7479,1.);
#7479 = DIRECTION('',(-1.,-7.414888185998E-15,4.790808964481E-15));
#7480 = PLANE('',#7481);
#7481 = AXIS2_PLACEMENT_3D('',#7482,#7483,#7484);
#7482 = CARTESIAN_POINT('',(15.07,2.752664908404,-5.017755477568));
#7483 = DIRECTION('',(4.026077053055E-15,-0.866025403784,-0.5));
#7484 = DIRECTION('',(-1.,-7.417557157957E-15,4.795431759519E-15));
#7485 = ADVANCED_FACE('',(#7486),#7492,.F.);
#7486 = FACE_BOUND('',#7487,.T.);
#7487 = EDGE_LOOP('',(#7488,#7489,#7490,#7491));
#7488 = ORIENTED_EDGE('',*,*,#6473,.F.);
#7489 = ORIENTED_EDGE('',*,*,#7475,.T.);
#7490 = ORIENTED_EDGE('',*,*,#6429,.F.);
#7491 = ORIENTED_EDGE('',*,*,#7424,.T.);
#7492 = PLANE('',#7493);
#7493 = AXIS2_PLACEMENT_3D('',#7494,#7495,#7496);
#7494 = CARTESIAN_POINT('',(15.07,2.441746824527,-4.479229559301));
#7495 = DIRECTION('',(7.856406360918E-15,-0.5,0.866025403784));
#7496 = DIRECTION('',(1.,7.413620832537E-15,-4.791540671343E-15));
#7497 = ADVANCED_FACE('',(#7498),#7504,.T.);
#7498 = FACE_BOUND('',#7499,.T.);
#7499 = EDGE_LOOP('',(#7500,#7501,#7502,#7503));
#7500 = ORIENTED_EDGE('',*,*,#6490,.F.);
#7501 = ORIENTED_EDGE('',*,*,#7468,.T.);
#7502 = ORIENTED_EDGE('',*,*,#7408,.T.);
#7503 = ORIENTED_EDGE('',*,*,#7461,.T.);
#7504 = CONICAL_SURFACE('',#7505,0.675,0.7853981634);
#7505 = AXIS2_PLACEMENT_3D('',#7506,#7507,#7508);
#7506 = CARTESIAN_POINT('',(15.07,2.6875,-4.654886545341));
#7507 = DIRECTION('',(7.856406360918E-15,-0.5,0.866025403784));
#7508 = DIRECTION('',(4.026077053055E-15,-0.866025403784,-0.5));
#7509 = ADVANCED_FACE('',(#7510),#7584,.F.);
#7510 = FACE_BOUND('',#7511,.F.);
#7511 = EDGE_LOOP('',(#7512,#7551,#7558,#7567,#7576,#7583));
#7512 = ORIENTED_EDGE('',*,*,#7513,.T.);
#7513 = EDGE_CURVE('',#7514,#7514,#7516,.T.);
#7514 = VERTEX_POINT('',#7515);
#7515 = CARTESIAN_POINT('',(15.07,2.505276857816,3.118266804764));
#7516 = B_SPLINE_CURVE_WITH_KNOTS('',3,(#7517,#7518,#7519,#7520,#7521,
    #7522,#7523,#7524,#7525,#7526,#7527,#7528,#7529,#7530,#7531,#7532,
    #7533,#7534,#7535,#7536,#7537,#7538,#7539,#7540,#7541,#7542,#7543,
    #7544,#7545,#7546,#7547,#7548,#7549,#7550),.UNSPECIFIED.,.T.,.F.,(1,
    3,2,2,2,2,2,2,2,2,2,2,2,2,2,2,2,3,1),(-2.303565415153E-02,0.,
    2.303565415153E-02,4.607130830306E-02,6.910653161696E-02,
    9.214175493086E-02,0.115176978245,0.138212201559,0.16124785571,
    0.184283509862,0.207319164013,0.230354818165,0.253390041479,
    0.276425264793,0.299460488106,0.32249571142,0.345531365572,
    0.368567019723,0.391602673875),.UNSPECIFIED.);
#7517 = CARTESIAN_POINT('',(15.07,2.505276857816,3.118266804764));
#7518 = CARTESIAN_POINT('',(14.993214486162,2.505276857816,
    3.118266804764));
#7519 = CARTESIAN_POINT('',(14.91139427735,2.493200071436,3.128089625567
    ));
#7520 = CARTESIAN_POINT('',(14.761016067706,2.44365046212,3.166948643525
    ));
#7521 = CARTESIAN_POINT('',(14.692447610222,2.406117058792,
    3.195867014682));
#7522 = CARTESIAN_POINT('',(14.584176022464,2.31822788999,3.2601816844)
  );
#7523 = CARTESIAN_POINT('',(14.537211161863,2.261968128292,
    3.299874706776));
#7524 = CARTESIAN_POINT('',(14.474869854717,2.136137758351,
    3.382689517373));
#7525 = CARTESIAN_POINT('',(14.4595,2.066496961906,3.425709576281));
#7526 = CARTESIAN_POINT('',(14.4595,1.933503038094,3.502493653994));
#7527 = CARTESIAN_POINT('',(14.474869854717,1.861426175985,
    3.541294323401));
#7528 = CARTESIAN_POINT('',(14.537211161863,1.726791261228,3.60885921504
    ));
#7529 = CARTESIAN_POINT('',(14.584176022464,1.664286214648,
    3.637735086693));
#7530 = CARTESIAN_POINT('',(14.692447610223,1.564643492436,
    3.681692004734));
#7531 = CARTESIAN_POINT('',(14.761016067706,1.520832746713,
    3.699737699927));
#7532 = CARTESIAN_POINT('',(14.91139427735,1.462405045338,3.723219411364
    ));
#7533 = CARTESIAN_POINT('',(14.993214486162,1.447859839795,
    3.728766804764));
#7534 = CARTESIAN_POINT('',(15.146785513838,1.447859839795,
    3.728766804764));
#7535 = CARTESIAN_POINT('',(15.228605722649,1.462405045338,
    3.723219411364));
#7536 = CARTESIAN_POINT('',(15.378983932294,1.520832746713,
    3.699737699927));
#7537 = CARTESIAN_POINT('',(15.447552389777,1.564643492436,
    3.681692004734));
#7538 = CARTESIAN_POINT('',(15.555823977536,1.664286214648,
    3.637735086693));
#7539 = CARTESIAN_POINT('',(15.602788838137,1.726791261228,3.60885921504
    ));
#7540 = CARTESIAN_POINT('',(15.665130145283,1.861426175985,
    3.541294323401));
#7541 = CARTESIAN_POINT('',(15.6805,1.933503038094,3.502493653994));
#7542 = CARTESIAN_POINT('',(15.6805,2.066496961906,3.425709576281));
#7543 = CARTESIAN_POINT('',(15.665130145283,2.136137758351,
    3.382689517373));
#7544 = CARTESIAN_POINT('',(15.602788838137,2.261968128292,
    3.299874706776));
#7545 = CARTESIAN_POINT('',(15.555823977536,2.31822788999,3.2601816844)
  );
#7546 = CARTESIAN_POINT('',(15.447552389777,2.406117058792,
    3.195867014682));
#7547 = CARTESIAN_POINT('',(15.378983932294,2.44365046212,3.166948643525
    ));
#7548 = CARTESIAN_POINT('',(15.228605722649,2.493200071436,
    3.128089625567));
#7549 = CARTESIAN_POINT('',(15.146785513838,2.505276857816,
    3.118266804764));
#7550 = CARTESIAN_POINT('',(15.07,2.505276857816,3.118266804764));
#7551 = ORIENTED_EDGE('',*,*,#7552,.F.);
#7552 = EDGE_CURVE('',#7553,#7514,#7555,.T.);
#7553 = VERTEX_POINT('',#7554);
#7554 = CARTESIAN_POINT('',(15.07,2.778735525641,3.591911111206));
#7555 = B_SPLINE_CURVE_WITH_KNOTS('',1,(#7556,#7557),.UNSPECIFIED.,.F.,
  .F.,(2,2),(0.89994596674,1.446863302389),.PIECEWISE_BEZIER_KNOTS.);
#7556 = CARTESIAN_POINT('',(15.07,2.778735525641,3.591911111206));
#7557 = CARTESIAN_POINT('',(15.07,2.505276857816,3.118266804764));
#7558 = ORIENTED_EDGE('',*,*,#7559,.F.);
#7559 = EDGE_CURVE('',#7560,#7553,#7562,.T.);
#7560 = VERTEX_POINT('',#7561);
#7561 = CARTESIAN_POINT('',(15.6805,2.25002701663,3.897161111206));
#7562 = CIRCLE('',#7563,0.6105);
#7563 = AXIS2_PLACEMENT_3D('',#7564,#7565,#7566);
#7564 = CARTESIAN_POINT('',(15.07,2.25002701663,3.897161111206));
#7565 = DIRECTION('',(-7.978871040831E-15,0.5,0.866025403784));
#7566 = DIRECTION('',(-1.,-7.764564928913E-15,-4.730333034659E-15));
#7567 = ORIENTED_EDGE('',*,*,#7568,.F.);
#7568 = EDGE_CURVE('',#7569,#7560,#7571,.T.);
#7569 = VERTEX_POINT('',#7570);
#7570 = CARTESIAN_POINT('',(15.07,1.721318507619,4.202411111206));
#7571 = CIRCLE('',#7572,0.6105);
#7572 = AXIS2_PLACEMENT_3D('',#7573,#7574,#7575);
#7573 = CARTESIAN_POINT('',(15.07,2.25002701663,3.897161111206));
#7574 = DIRECTION('',(-7.978871040831E-15,0.5,0.866025403784));
#7575 = DIRECTION('',(-1.,-7.764564928913E-15,-4.730333034659E-15));
#7576 = ORIENTED_EDGE('',*,*,#7577,.F.);
#7577 = EDGE_CURVE('',#7553,#7569,#7578,.T.);
#7578 = CIRCLE('',#7579,0.6105);
#7579 = AXIS2_PLACEMENT_3D('',#7580,#7581,#7582);
#7580 = CARTESIAN_POINT('',(15.07,2.25002701663,3.897161111206));
#7581 = DIRECTION('',(-7.978871040831E-15,0.5,0.866025403784));
#7582 = DIRECTION('',(-1.,-7.764564928913E-15,-4.730333034659E-15));
#7583 = ORIENTED_EDGE('',*,*,#7552,.T.);
#7584 = CYLINDRICAL_SURFACE('',#7585,0.6105);
#7585 = AXIS2_PLACEMENT_3D('',#7586,#7587,#7588);
#7586 = CARTESIAN_POINT('',(15.07,2.7,4.676537180436));
#7587 = DIRECTION('',(7.978871040831E-15,-0.5,-0.866025403784));
#7588 = DIRECTION('',(-1.,-7.764564928913E-15,-4.730333034659E-15));
#7589 = ADVANCED_FACE('',(#7590),#7601,.T.);
#7590 = FACE_BOUND('',#7591,.T.);
#7591 = EDGE_LOOP('',(#7592));
#7592 = ORIENTED_EDGE('',*,*,#7593,.F.);
#7593 = EDGE_CURVE('',#7594,#7594,#7596,.T.);
#7594 = VERTEX_POINT('',#7595);
#7595 = CARTESIAN_POINT('',(15.07,1.982412295169,3.485061825556));
#7596 = CIRCLE('',#7597,2.571150438746E-02);
#7597 = AXIS2_PLACEMENT_3D('',#7598,#7599,#7600);
#7598 = CARTESIAN_POINT('',(15.07,2.004679111138,3.472206073362));
#7599 = DIRECTION('',(-7.856406360916E-15,0.5,0.866025403784));
#7600 = DIRECTION('',(4.692210867831E-15,-0.866025403784,0.5));
#7601 = SPHERICAL_SURFACE('',#7602,4.E-02);
#7602 = AXIS2_PLACEMENT_3D('',#7603,#7604,#7605);
#7603 = CARTESIAN_POINT('',(15.07,2.02,3.498742631289));
#7604 = DIRECTION('',(1.,1.110223024625E-14,0.));
#7605 = DIRECTION('',(-5.551115123126E-15,0.5,0.866025403784));
#7606 = ADVANCED_FACE('',(#7607),#7626,.T.);
#7607 = FACE_BOUND('',#7608,.T.);
#7608 = EDGE_LOOP('',(#7609,#7619));
#7609 = ORIENTED_EDGE('',*,*,#7610,.T.);
#7610 = EDGE_CURVE('',#7611,#7613,#7615,.T.);
#7611 = VERTEX_POINT('',#7612);
#7612 = CARTESIAN_POINT('',(15.605607132141,2.641746824527,
    4.825639720814));
#7613 = VERTEX_POINT('',#7614);
#7614 = CARTESIAN_POINT('',(14.534392867859,2.641746824527,
    4.825639720814));
#7615 = LINE('',#7616,#7617);
#7616 = CARTESIAN_POINT('',(15.07,2.641746824527,4.825639720814));
#7617 = VECTOR('',#7618,1.);
#7618 = DIRECTION('',(-1.,-7.991776991913E-15,-4.457742057092E-15));
#7619 = ORIENTED_EDGE('',*,*,#7620,.F.);
#7620 = EDGE_CURVE('',#7611,#7613,#7621,.T.);
#7621 = CIRCLE('',#7622,0.55);
#7622 = AXIS2_PLACEMENT_3D('',#7623,#7624,#7625);
#7623 = CARTESIAN_POINT('',(15.07,2.75,4.763139720814));
#7624 = DIRECTION('',(7.856406360916E-15,-0.5,-0.866025403784));
#7625 = DIRECTION('',(-4.692210867831E-15,0.866025403784,-0.5));
#7626 = PLANE('',#7627);
#7627 = AXIS2_PLACEMENT_3D('',#7628,#7629,#7630);
#7628 = CARTESIAN_POINT('',(15.07,2.403589838486,4.963139720814));
#7629 = DIRECTION('',(-7.856406360916E-15,0.5,0.866025403784));
#7630 = DIRECTION('',(-1.,-8.00044482705E-15,-4.452737680142E-15));
#7631 = ADVANCED_FACE('',(#7632),#7648,.T.);
#7632 = FACE_BOUND('',#7633,.T.);
#7633 = EDGE_LOOP('',(#7634,#7635,#7641,#7642));
#7634 = ORIENTED_EDGE('',*,*,#6532,.F.);
#7635 = ORIENTED_EDGE('',*,*,#7636,.T.);
#7636 = EDGE_CURVE('',#6533,#7611,#7637,.T.);
#7637 = ( BOUNDED_CURVE() B_SPLINE_CURVE(2,(#7638,#7639,#7640),
.UNSPECIFIED.,.F.,.F.) B_SPLINE_CURVE_WITH_KNOTS((3,3),(
    2.570823079892E-02,3.567978239817E-02),.PIECEWISE_BEZIER_KNOTS.) 
CURVE() GEOMETRIC_REPRESENTATION_ITEM() RATIONAL_B_SPLINE_CURVE((
1.007357020424,1.005105308294,1.)) REPRESENTATION_ITEM('') );
#7638 = CARTESIAN_POINT('',(15.66756610513,2.611496824527,4.773245183885
    ));
#7639 = CARTESIAN_POINT('',(15.634971574316,2.62744882029,4.80087485103)
  );
#7640 = CARTESIAN_POINT('',(15.605607132141,2.641746824527,
    4.825639720814));
#7641 = ORIENTED_EDGE('',*,*,#7620,.T.);
#7642 = ORIENTED_EDGE('',*,*,#7643,.T.);
#7643 = EDGE_CURVE('',#7613,#6525,#7644,.T.);
#7644 = ( BOUNDED_CURVE() B_SPLINE_CURVE(2,(#7645,#7646,#7647),
.UNSPECIFIED.,.F.,.F.) B_SPLINE_CURVE_WITH_KNOTS((3,3),(0.,
9.97155159925E-03),.PIECEWISE_BEZIER_KNOTS.) CURVE() 
GEOMETRIC_REPRESENTATION_ITEM() RATIONAL_B_SPLINE_CURVE((1.,
1.005105308294,1.007357020424)) REPRESENTATION_ITEM('') );
#7645 = CARTESIAN_POINT('',(14.534392867859,2.641746824527,
    4.825639720814));
#7646 = CARTESIAN_POINT('',(14.505028425684,2.62744882029,4.80087485103)
  );
#7647 = CARTESIAN_POINT('',(14.47243389487,2.611496824527,4.773245183885
    ));
#7648 = CONICAL_SURFACE('',#7649,0.675,0.7853981634);
#7649 = AXIS2_PLACEMENT_3D('',#7650,#7651,#7652);
#7650 = CARTESIAN_POINT('',(15.07,2.6875,4.654886545341));
#7651 = DIRECTION('',(7.856406360916E-15,-0.5,-0.866025403784));
#7652 = DIRECTION('',(-4.692210867831E-15,0.866025403784,-0.5));
#7653 = ADVANCED_FACE('',(#7654),#7673,.T.);
#7654 = FACE_BOUND('',#7655,.T.);
#7655 = EDGE_LOOP('',(#7656,#7666));
#7656 = ORIENTED_EDGE('',*,*,#7657,.T.);
#7657 = EDGE_CURVE('',#7658,#7660,#7662,.T.);
#7658 = VERTEX_POINT('',#7659);
#7659 = CARTESIAN_POINT('',(14.534392867859,2.858253175473,
    4.700639720814));
#7660 = VERTEX_POINT('',#7661);
#7661 = CARTESIAN_POINT('',(15.605607132141,2.858253175473,
    4.700639720814));
#7662 = LINE('',#7663,#7664);
#7663 = CARTESIAN_POINT('',(15.07,2.858253175473,4.700639720814));
#7664 = VECTOR('',#7665,1.);
#7665 = DIRECTION('',(1.,7.991776991913E-15,4.457742057092E-15));
#7666 = ORIENTED_EDGE('',*,*,#7667,.F.);
#7667 = EDGE_CURVE('',#7658,#7660,#7668,.T.);
#7668 = CIRCLE('',#7669,0.55);
#7669 = AXIS2_PLACEMENT_3D('',#7670,#7671,#7672);
#7670 = CARTESIAN_POINT('',(15.07,2.75,4.763139720814));
#7671 = DIRECTION('',(7.856406360916E-15,-0.5,-0.866025403784));
#7672 = DIRECTION('',(-4.692210867831E-15,0.866025403784,-0.5));
#7673 = PLANE('',#7674);
#7674 = AXIS2_PLACEMENT_3D('',#7675,#7676,#7677);
#7675 = CARTESIAN_POINT('',(15.07,2.403589838486,4.963139720814));
#7676 = DIRECTION('',(-7.856406360916E-15,0.5,0.866025403784));
#7677 = DIRECTION('',(-1.,-8.00044482705E-15,-4.452737680142E-15));
#7678 = ADVANCED_FACE('',(#7679),#7692,.F.);
#7679 = FACE_BOUND('',#7680,.T.);
#7680 = EDGE_LOOP('',(#7681,#7682,#7688,#7689,#7690,#7691));
#7681 = ORIENTED_EDGE('',*,*,#6541,.F.);
#7682 = ORIENTED_EDGE('',*,*,#7683,.F.);
#7683 = EDGE_CURVE('',#6514,#6542,#7684,.T.);
#7684 = LINE('',#7685,#7686);
#7685 = CARTESIAN_POINT('',(15.07,2.441746824527,4.479229559301));
#7686 = VECTOR('',#7687,1.);
#7687 = DIRECTION('',(1.,7.991776991913E-15,4.457742057092E-15));
#7688 = ORIENTED_EDGE('',*,*,#6524,.F.);
#7689 = ORIENTED_EDGE('',*,*,#7643,.F.);
#7690 = ORIENTED_EDGE('',*,*,#7610,.F.);
#7691 = ORIENTED_EDGE('',*,*,#7636,.F.);
#7692 = PLANE('',#7693);
#7693 = AXIS2_PLACEMENT_3D('',#7694,#7695,#7696);
#7694 = CARTESIAN_POINT('',(15.07,2.441746824527,4.479229559301));
#7695 = DIRECTION('',(4.692210867831E-15,-0.866025403784,0.5));
#7696 = DIRECTION('',(1.,7.984937942164E-15,4.44589647545E-15));
#7697 = ADVANCED_FACE('',(#7698),#7710,.T.);
#7698 = FACE_BOUND('',#7699,.T.);
#7699 = EDGE_LOOP('',(#7700,#7701,#7706,#7707,#7708,#7709));
#7700 = ORIENTED_EDGE('',*,*,#7593,.T.);
#7701 = ORIENTED_EDGE('',*,*,#7702,.T.);
#7702 = EDGE_CURVE('',#7594,#7569,#7703,.T.);
#7703 = B_SPLINE_CURVE_WITH_KNOTS('',1,(#7704,#7705),.UNSPECIFIED.,.F.,
  .F.,(2,2),(-0.505380923109,0.258006241781),.PIECEWISE_BEZIER_KNOTS.);
#7704 = CARTESIAN_POINT('',(15.07,1.98241229517,3.485061825556));
#7705 = CARTESIAN_POINT('',(15.07,1.721318507619,4.202411111206));
#7706 = ORIENTED_EDGE('',*,*,#7577,.F.);
#7707 = ORIENTED_EDGE('',*,*,#7559,.F.);
#7708 = ORIENTED_EDGE('',*,*,#7568,.F.);
#7709 = ORIENTED_EDGE('',*,*,#7702,.F.);
#7710 = CONICAL_SURFACE('',#7711,0.412855752194,0.872664626);
#7711 = AXIS2_PLACEMENT_3D('',#7712,#7713,#7714);
#7712 = CARTESIAN_POINT('',(15.07,2.167105408911,3.753536673591));
#7713 = DIRECTION('',(-7.856406360916E-15,0.5,0.866025403784));
#7714 = DIRECTION('',(4.692210867831E-15,-0.866025403784,0.5));
#7715 = ADVANCED_FACE('',(#7716),#7739,.F.);
#7716 = FACE_BOUND('',#7717,.T.);
#7717 = EDGE_LOOP('',(#7718,#7719,#7725,#7726,#7732,#7733));
#7718 = ORIENTED_EDGE('',*,*,#6558,.F.);
#7719 = ORIENTED_EDGE('',*,*,#7720,.F.);
#7720 = EDGE_CURVE('',#7660,#6559,#7721,.T.);
#7721 = ( BOUNDED_CURVE() B_SPLINE_CURVE(2,(#7722,#7723,#7724),
.UNSPECIFIED.,.F.,.F.) B_SPLINE_CURVE_WITH_KNOTS((3,3),(0.,
9.97155159925E-03),.PIECEWISE_BEZIER_KNOTS.) CURVE() 
GEOMETRIC_REPRESENTATION_ITEM() RATIONAL_B_SPLINE_CURVE((1.,
1.005105308294,1.007357020424)) REPRESENTATION_ITEM('') );
#7722 = CARTESIAN_POINT('',(15.605607132141,2.858253175473,
    4.700639720814));
#7723 = CARTESIAN_POINT('',(15.634971574316,2.843955171236,4.67587485103
    ));
#7724 = CARTESIAN_POINT('',(15.66756610513,2.828003175473,4.648245183885
    ));
#7725 = ORIENTED_EDGE('',*,*,#7657,.F.);
#7726 = ORIENTED_EDGE('',*,*,#7727,.F.);
#7727 = EDGE_CURVE('',#6567,#7658,#7728,.T.);
#7728 = ( BOUNDED_CURVE() B_SPLINE_CURVE(2,(#7729,#7730,#7731),
.UNSPECIFIED.,.F.,.F.) B_SPLINE_CURVE_WITH_KNOTS((3,3),(
    2.570823079892E-02,3.567978239817E-02),.PIECEWISE_BEZIER_KNOTS.) 
CURVE() GEOMETRIC_REPRESENTATION_ITEM() RATIONAL_B_SPLINE_CURVE((
1.007357020424,1.005105308294,1.)) REPRESENTATION_ITEM('') );
#7729 = CARTESIAN_POINT('',(14.47243389487,2.828003175473,4.648245183885
    ));
#7730 = CARTESIAN_POINT('',(14.505028425684,2.843955171236,4.67587485103
    ));
#7731 = CARTESIAN_POINT('',(14.534392867859,2.858253175473,
    4.700639720814));
#7732 = ORIENTED_EDGE('',*,*,#6583,.F.);
#7733 = ORIENTED_EDGE('',*,*,#7734,.F.);
#7734 = EDGE_CURVE('',#6550,#6516,#7735,.T.);
#7735 = LINE('',#7736,#7737);
#7736 = CARTESIAN_POINT('',(15.07,2.658253175473,4.354229559301));
#7737 = VECTOR('',#7738,1.);
#7738 = DIRECTION('',(-1.,-7.991776991913E-15,-4.457742057092E-15));
#7739 = PLANE('',#7740);
#7740 = AXIS2_PLACEMENT_3D('',#7741,#7742,#7743);
#7741 = CARTESIAN_POINT('',(15.07,2.96917125935,4.892755477568));
#7742 = DIRECTION('',(-4.692210867831E-15,0.866025403784,-0.5));
#7743 = DIRECTION('',(-1.,-7.984937942164E-15,-4.44589647545E-15));
#7744 = ADVANCED_FACE('',(#7745),#7751,.F.);
#7745 = FACE_BOUND('',#7746,.T.);
#7746 = EDGE_LOOP('',(#7747,#7748,#7749,#7750));
#7747 = ORIENTED_EDGE('',*,*,#6549,.F.);
#7748 = ORIENTED_EDGE('',*,*,#7734,.T.);
#7749 = ORIENTED_EDGE('',*,*,#6513,.F.);
#7750 = ORIENTED_EDGE('',*,*,#7683,.T.);
#7751 = PLANE('',#7752);
#7752 = AXIS2_PLACEMENT_3D('',#7753,#7754,#7755);
#7753 = CARTESIAN_POINT('',(15.07,2.658253175473,4.354229559301));
#7754 = DIRECTION('',(7.856406360916E-15,-0.5,-0.866025403784));
#7755 = DIRECTION('',(1.,8.00044482705E-15,4.452737680142E-15));
#7756 = ADVANCED_FACE('',(#7757),#7763,.T.);
#7757 = FACE_BOUND('',#7758,.T.);
#7758 = EDGE_LOOP('',(#7759,#7760,#7761,#7762));
#7759 = ORIENTED_EDGE('',*,*,#6566,.F.);
#7760 = ORIENTED_EDGE('',*,*,#7727,.T.);
#7761 = ORIENTED_EDGE('',*,*,#7667,.T.);
#7762 = ORIENTED_EDGE('',*,*,#7720,.T.);
#7763 = CONICAL_SURFACE('',#7764,0.675,0.7853981634);
#7764 = AXIS2_PLACEMENT_3D('',#7765,#7766,#7767);
#7765 = CARTESIAN_POINT('',(15.07,2.6875,4.654886545341));
#7766 = DIRECTION('',(7.856406360916E-15,-0.5,-0.866025403784));
#7767 = DIRECTION('',(-4.692210867831E-15,0.866025403784,-0.5));
#7768 = ADVANCED_FACE('',(#7769),#7788,.T.);
#7769 = FACE_BOUND('',#7770,.T.);
#7770 = EDGE_LOOP('',(#7771,#7781));
#7771 = ORIENTED_EDGE('',*,*,#7772,.T.);
#7772 = EDGE_CURVE('',#7773,#7775,#7777,.T.);
#7773 = VERTEX_POINT('',#7774);
#7774 = CARTESIAN_POINT('',(4.234392867859,3.008253175473,4.96044734195)
  );
#7775 = VERTEX_POINT('',#7776);
#7776 = CARTESIAN_POINT('',(5.305607132141,3.008253175473,4.96044734195)
  );
#7777 = LINE('',#7778,#7779);
#7778 = CARTESIAN_POINT('',(4.77,3.008253175473,4.96044734195));
#7779 = VECTOR('',#7780,1.);
#7780 = DIRECTION('',(1.,7.279054696636E-15,-4.706418596211E-15));
#7781 = ORIENTED_EDGE('',*,*,#7782,.F.);
#7782 = EDGE_CURVE('',#7773,#7775,#7783,.T.);
#7783 = CIRCLE('',#7784,0.55);
#7784 = AXIS2_PLACEMENT_3D('',#7785,#7786,#7787);
#7785 = CARTESIAN_POINT('',(4.77,2.9,5.02294734195));
#7786 = DIRECTION('',(-4.363507168446E-16,-0.5,-0.866025403784));
#7787 = DIRECTION('',(8.657055580929E-15,-0.866025403784,0.5));
#7788 = PLANE('',#7789);
#7789 = AXIS2_PLACEMENT_3D('',#7790,#7791,#7792);
#7790 = CARTESIAN_POINT('',(4.77,3.246410161514,4.82294734195));
#7791 = DIRECTION('',(4.363507168446E-16,0.5,0.866025403784));
#7792 = DIRECTION('',(1.,7.2824623703E-15,-4.708386017519E-15));
#7793 = ADVANCED_FACE('',(#7794),#7820,.T.);
#7794 = FACE_BOUND('',#7795,.T.);
#7795 = EDGE_LOOP('',(#7796,#7797,#7805,#7814));
#7796 = ORIENTED_EDGE('',*,*,#4846,.F.);
#7797 = ORIENTED_EDGE('',*,*,#7798,.T.);
#7798 = EDGE_CURVE('',#4847,#7799,#7801,.T.);
#7799 = VERTEX_POINT('',#7800);
#7800 = CARTESIAN_POINT('',(5.305607132141,2.791746824527,5.08544734195)
  );
#7801 = ( BOUNDED_CURVE() B_SPLINE_CURVE(2,(#7802,#7803,#7804),
.UNSPECIFIED.,.F.,.F.) B_SPLINE_CURVE_WITH_KNOTS((3,3),(
    2.570823079891E-02,3.567978239817E-02),.PIECEWISE_BEZIER_KNOTS.) 
CURVE() GEOMETRIC_REPRESENTATION_ITEM() RATIONAL_B_SPLINE_CURVE((
1.007357020424,1.005105308294,1.)) REPRESENTATION_ITEM('') );
#7802 = CARTESIAN_POINT('',(5.36756610513,2.761496824527,5.033052805021)
  );
#7803 = CARTESIAN_POINT('',(5.334971574316,2.77744882029,5.060682472165)
  );
#7804 = CARTESIAN_POINT('',(5.305607132141,2.791746824527,5.08544734195)
  );
#7805 = ORIENTED_EDGE('',*,*,#7806,.T.);
#7806 = EDGE_CURVE('',#7799,#7807,#7809,.T.);
#7807 = VERTEX_POINT('',#7808);
#7808 = CARTESIAN_POINT('',(4.234392867859,2.791746824527,5.08544734195)
  );
#7809 = CIRCLE('',#7810,0.55);
#7810 = AXIS2_PLACEMENT_3D('',#7811,#7812,#7813);
#7811 = CARTESIAN_POINT('',(4.77,2.9,5.02294734195));
#7812 = DIRECTION('',(-4.363507168446E-16,-0.5,-0.866025403784));
#7813 = DIRECTION('',(8.657055580929E-15,-0.866025403784,0.5));
#7814 = ORIENTED_EDGE('',*,*,#7815,.T.);
#7815 = EDGE_CURVE('',#7807,#4849,#7816,.T.);
#7816 = ( BOUNDED_CURVE() B_SPLINE_CURVE(2,(#7817,#7818,#7819),
.UNSPECIFIED.,.F.,.F.) B_SPLINE_CURVE_WITH_KNOTS((3,3),(0.,
9.971551599264E-03),.PIECEWISE_BEZIER_KNOTS.) CURVE() 
GEOMETRIC_REPRESENTATION_ITEM() RATIONAL_B_SPLINE_CURVE((1.,
1.005105308294,1.007357020424)) REPRESENTATION_ITEM('') );
#7817 = CARTESIAN_POINT('',(4.234392867859,2.791746824527,5.08544734195)
  );
#7818 = CARTESIAN_POINT('',(4.205028425684,2.77744882029,5.060682472165)
  );
#7819 = CARTESIAN_POINT('',(4.17243389487,2.761496824527,5.033052805021)
  );
#7820 = CONICAL_SURFACE('',#7821,0.675,0.7853981634);
#7821 = AXIS2_PLACEMENT_3D('',#7822,#7823,#7824);
#7822 = CARTESIAN_POINT('',(4.77,2.8375,4.914694166477));
#7823 = DIRECTION('',(-4.363507168446E-16,-0.5,-0.866025403784));
#7824 = DIRECTION('',(8.657055580929E-15,-0.866025403784,0.5));
#7825 = ADVANCED_FACE('',(#7826),#7835,.T.);
#7826 = FACE_BOUND('',#7827,.T.);
#7827 = EDGE_LOOP('',(#7828,#7834));
#7828 = ORIENTED_EDGE('',*,*,#7829,.T.);
#7829 = EDGE_CURVE('',#7799,#7807,#7830,.T.);
#7830 = LINE('',#7831,#7832);
#7831 = CARTESIAN_POINT('',(4.77,2.791746824527,5.08544734195));
#7832 = VECTOR('',#7833,1.);
#7833 = DIRECTION('',(-1.,-7.279054696636E-15,4.706418596211E-15));
#7834 = ORIENTED_EDGE('',*,*,#7806,.F.);
#7835 = PLANE('',#7836);
#7836 = AXIS2_PLACEMENT_3D('',#7837,#7838,#7839);
#7837 = CARTESIAN_POINT('',(4.77,3.246410161514,4.82294734195));
#7838 = DIRECTION('',(4.363507168446E-16,0.5,0.866025403784));
#7839 = DIRECTION('',(1.,7.2824623703E-15,-4.708386017519E-15));
#7840 = ADVANCED_FACE('',(#7841),#7864,.F.);
#7841 = FACE_BOUND('',#7842,.T.);
#7842 = EDGE_LOOP('',(#7843,#7844,#7850,#7851,#7857,#7858));
#7843 = ORIENTED_EDGE('',*,*,#4958,.F.);
#7844 = ORIENTED_EDGE('',*,*,#7845,.F.);
#7845 = EDGE_CURVE('',#7775,#4959,#7846,.T.);
#7846 = ( BOUNDED_CURVE() B_SPLINE_CURVE(2,(#7847,#7848,#7849),
.UNSPECIFIED.,.F.,.F.) B_SPLINE_CURVE_WITH_KNOTS((3,3),(0.,
9.971551599264E-03),.PIECEWISE_BEZIER_KNOTS.) CURVE() 
GEOMETRIC_REPRESENTATION_ITEM() RATIONAL_B_SPLINE_CURVE((1.,
1.005105308294,1.007357020424)) REPRESENTATION_ITEM('') );
#7847 = CARTESIAN_POINT('',(5.305607132141,3.008253175473,4.96044734195)
  );
#7848 = CARTESIAN_POINT('',(5.334971574316,2.993955171236,4.935682472165
    ));
#7849 = CARTESIAN_POINT('',(5.36756610513,2.978003175473,4.908052805021)
  );
#7850 = ORIENTED_EDGE('',*,*,#7772,.F.);
#7851 = ORIENTED_EDGE('',*,*,#7852,.F.);
#7852 = EDGE_CURVE('',#4967,#7773,#7853,.T.);
#7853 = ( BOUNDED_CURVE() B_SPLINE_CURVE(2,(#7854,#7855,#7856),
.UNSPECIFIED.,.F.,.F.) B_SPLINE_CURVE_WITH_KNOTS((3,3),(
    2.570823079891E-02,3.567978239817E-02),.PIECEWISE_BEZIER_KNOTS.) 
CURVE() GEOMETRIC_REPRESENTATION_ITEM() RATIONAL_B_SPLINE_CURVE((
1.007357020424,1.005105308294,1.)) REPRESENTATION_ITEM('') );
#7854 = CARTESIAN_POINT('',(4.17243389487,2.978003175473,4.908052805021)
  );
#7855 = CARTESIAN_POINT('',(4.205028425684,2.993955171236,4.935682472165
    ));
#7856 = CARTESIAN_POINT('',(4.234392867859,3.008253175473,4.96044734195)
  );
#7857 = ORIENTED_EDGE('',*,*,#4975,.F.);
#7858 = ORIENTED_EDGE('',*,*,#7859,.F.);
#7859 = EDGE_CURVE('',#4950,#4976,#7860,.T.);
#7860 = LINE('',#7861,#7862);
#7861 = CARTESIAN_POINT('',(4.77,2.808253175473,4.614037180436));
#7862 = VECTOR('',#7863,1.);
#7863 = DIRECTION('',(-1.,-7.279054696636E-15,4.706418596211E-15));
#7864 = PLANE('',#7865);
#7865 = AXIS2_PLACEMENT_3D('',#7866,#7867,#7868);
#7866 = CARTESIAN_POINT('',(4.77,2.808253175473,4.614037180436));
#7867 = DIRECTION('',(-8.657055580929E-15,0.866025403784,-0.5));
#7868 = DIRECTION('',(-1.,-7.279655367877E-15,4.705378203103E-15));
#7869 = ADVANCED_FACE('',(#7870),#7881,.F.);
#7870 = FACE_BOUND('',#7871,.T.);
#7871 = EDGE_LOOP('',(#7872,#7873,#7874,#7875));
#7872 = ORIENTED_EDGE('',*,*,#4949,.F.);
#7873 = ORIENTED_EDGE('',*,*,#7859,.T.);
#7874 = ORIENTED_EDGE('',*,*,#4983,.F.);
#7875 = ORIENTED_EDGE('',*,*,#7876,.T.);
#7876 = EDGE_CURVE('',#4984,#4942,#7877,.T.);
#7877 = LINE('',#7878,#7879);
#7878 = CARTESIAN_POINT('',(4.77,2.591746824527,4.739037180436));
#7879 = VECTOR('',#7880,1.);
#7880 = DIRECTION('',(1.,7.279054696636E-15,-4.706418596211E-15));
#7881 = PLANE('',#7882);
#7882 = AXIS2_PLACEMENT_3D('',#7883,#7884,#7885);
#7883 = CARTESIAN_POINT('',(4.77,2.591746824527,4.739037180436));
#7884 = DIRECTION('',(-4.363507168446E-16,-0.5,-0.866025403784));
#7885 = DIRECTION('',(-1.,-7.2824623703E-15,4.708386017519E-15));
#7886 = ADVANCED_FACE('',(#7887),#7895,.F.);
#7887 = FACE_BOUND('',#7888,.T.);
#7888 = EDGE_LOOP('',(#7889,#7890,#7891,#7892,#7893,#7894));
#7889 = ORIENTED_EDGE('',*,*,#4941,.F.);
#7890 = ORIENTED_EDGE('',*,*,#7876,.F.);
#7891 = ORIENTED_EDGE('',*,*,#4992,.F.);
#7892 = ORIENTED_EDGE('',*,*,#7815,.F.);
#7893 = ORIENTED_EDGE('',*,*,#7829,.F.);
#7894 = ORIENTED_EDGE('',*,*,#7798,.F.);
#7895 = PLANE('',#7896);
#7896 = AXIS2_PLACEMENT_3D('',#7897,#7898,#7899);
#7897 = CARTESIAN_POINT('',(4.77,2.902664908404,5.277563098703));
#7898 = DIRECTION('',(8.657055580929E-15,-0.866025403784,0.5));
#7899 = DIRECTION('',(1.,7.279655367877E-15,-4.705378203103E-15));
#7900 = ADVANCED_FACE('',(#7901),#7907,.T.);
#7901 = FACE_BOUND('',#7902,.T.);
#7902 = EDGE_LOOP('',(#7903,#7904,#7905,#7906));
#7903 = ORIENTED_EDGE('',*,*,#4966,.F.);
#7904 = ORIENTED_EDGE('',*,*,#7852,.T.);
#7905 = ORIENTED_EDGE('',*,*,#7782,.T.);
#7906 = ORIENTED_EDGE('',*,*,#7845,.T.);
#7907 = CONICAL_SURFACE('',#7908,0.675,0.7853981634);
#7908 = AXIS2_PLACEMENT_3D('',#7909,#7910,#7911);
#7909 = CARTESIAN_POINT('',(4.77,2.8375,4.914694166477));
#7910 = DIRECTION('',(-4.363507168446E-16,-0.5,-0.866025403784));
#7911 = DIRECTION('',(8.657055580929E-15,-0.866025403784,0.5));
#7912 = ADVANCED_FACE('',(#7913,#7924,#7927,#7930),#7933,.F.);
#7913 = FACE_BOUND('',#7914,.F.);
#7914 = EDGE_LOOP('',(#7915,#7916,#7921,#7922,#7923));
#7915 = ORIENTED_EDGE('',*,*,#4724,.F.);
#7916 = ORIENTED_EDGE('',*,*,#7917,.T.);
#7917 = EDGE_CURVE('',#4716,#6284,#7918,.T.);
#7918 = B_SPLINE_CURVE_WITH_KNOTS('',1,(#7919,#7920),.UNSPECIFIED.,.F.,
  .F.,(2,2),(1.875,5.075),.PIECEWISE_BEZIER_KNOTS.);
#7919 = CARTESIAN_POINT('',(13.27,4.,-2.280171655703E-32));
#7920 = CARTESIAN_POINT('',(16.47,4.,-2.830024654818E-32));
#7921 = ORIENTED_EDGE('',*,*,#6290,.T.);
#7922 = ORIENTED_EDGE('',*,*,#7917,.F.);
#7923 = ORIENTED_EDGE('',*,*,#4713,.F.);
#7924 = FACE_BOUND('',#7925,.F.);
#7925 = EDGE_LOOP('',(#7926));
#7926 = ORIENTED_EDGE('',*,*,#7513,.F.);
#7927 = FACE_BOUND('',#7928,.F.);
#7928 = EDGE_LOOP('',(#7929));
#7929 = ORIENTED_EDGE('',*,*,#7254,.F.);
#7930 = FACE_BOUND('',#7931,.F.);
#7931 = EDGE_LOOP('',(#7932));
#7932 = ORIENTED_EDGE('',*,*,#6995,.F.);
#7933 = CYLINDRICAL_SURFACE('',#7934,4.);
#7934 = AXIS2_PLACEMENT_3D('',#7935,#7936,#7937);
#7935 = CARTESIAN_POINT('',(11.395,3.618899402701E-28,
    -1.957992164035E-32));
#7936 = DIRECTION('',(1.,1.883405411215E-29,-1.718290622233E-33));
#7937 = DIRECTION('',(-1.883405411215E-29,1.,7.364805613938E-49));
#7938 = ADVANCED_FACE('',(#7939),#7946,.T.);
#7939 = FACE_BOUND('',#7940,.T.);
#7940 = EDGE_LOOP('',(#7941,#7942,#7943,#7944,#7945));
#7941 = ORIENTED_EDGE('',*,*,#4757,.T.);
#7942 = ORIENTED_EDGE('',*,*,#4780,.T.);
#7943 = ORIENTED_EDGE('',*,*,#4789,.T.);
#7944 = ORIENTED_EDGE('',*,*,#4800,.T.);
#7945 = ORIENTED_EDGE('',*,*,#4819,.T.);
#7946 = CYLINDRICAL_SURFACE('',#7947,4.);
#7947 = AXIS2_PLACEMENT_3D('',#7948,#7949,#7950);
#7948 = CARTESIAN_POINT('',(10.358538732935,3.026272212821E-31,
    2.27100014814E-31));
#7949 = DIRECTION('',(1.,-1.481396780927E-31,1.848892746612E-32));
#7950 = DIRECTION('',(-1.481396780927E-31,-1.,-1.665334536938E-16));
#7951 = ORIENTED_CLOSED_SHELL('',*,#7952,.F.);
#7952 = CLOSED_SHELL('',(#7953,#7981,#8005,#8034));
#7953 = ADVANCED_FACE('',(#7954,#7965),#7976,.F.);
#7954 = FACE_BOUND('',#7955,.F.);
#7955 = EDGE_LOOP('',(#7956));
#7956 = ORIENTED_EDGE('',*,*,#7957,.F.);
#7957 = EDGE_CURVE('',#7958,#7958,#7960,.T.);
#7958 = VERTEX_POINT('',#7959);
#7959 = CARTESIAN_POINT('',(-1.43,4.15,2.457155589793E-33));
#7960 = CIRCLE('',#7961,4.15);
#7961 = AXIS2_PLACEMENT_3D('',#7962,#7963,#7964);
#7962 = CARTESIAN_POINT('',(-1.43,1.203012880462E-28,2.457155589793E-33)
  );
#7963 = DIRECTION('',(1.,1.883405411215E-29,-1.718290622233E-33));
#7964 = DIRECTION('',(-1.883405411215E-29,1.,7.364805613939E-49));
#7965 = FACE_BOUND('',#7966,.F.);
#7966 = EDGE_LOOP('',(#7967));
#7967 = ORIENTED_EDGE('',*,*,#7968,.T.);
#7968 = EDGE_CURVE('',#7969,#7969,#7971,.T.);
#7969 = VERTEX_POINT('',#7970);
#7970 = CARTESIAN_POINT('',(-1.43,4.,2.457155589793E-33));
#7971 = CIRCLE('',#7972,4.);
#7972 = AXIS2_PLACEMENT_3D('',#7973,#7974,#7975);
#7973 = CARTESIAN_POINT('',(-1.43,1.203012880462E-28,2.457155589793E-33)
  );
#7974 = DIRECTION('',(1.,1.883405411215E-29,-1.718290622233E-33));
#7975 = DIRECTION('',(-1.883405411215E-29,1.,7.364805613938E-49));
#7976 = PLANE('',#7977);
#7977 = AXIS2_PLACEMENT_3D('',#7978,#7979,#7980);
#7978 = CARTESIAN_POINT('',(-1.43,4.075,2.457155589793E-33));
#7979 = DIRECTION('',(-1.,-1.883405411215E-29,1.718290622233E-33));
#7980 = DIRECTION('',(1.718290622233E-33,3.236237855954E-62,1.));
#7981 = ADVANCED_FACE('',(#7982),#8000,.T.);
#7982 = FACE_BOUND('',#7983,.T.);
#7983 = EDGE_LOOP('',(#7984,#7993,#7998,#7999));
#7984 = ORIENTED_EDGE('',*,*,#7985,.T.);
#7985 = EDGE_CURVE('',#7986,#7986,#7988,.T.);
#7986 = VERTEX_POINT('',#7987);
#7987 = CARTESIAN_POINT('',(-3.43,4.15,5.89373683426E-33));
#7988 = CIRCLE('',#7989,4.15);
#7989 = AXIS2_PLACEMENT_3D('',#7990,#7991,#7992);
#7990 = CARTESIAN_POINT('',(-3.43,8.184431891668E-29,5.89373683426E-33)
  );
#7991 = DIRECTION('',(1.,1.883405411215E-29,-1.718290622233E-33));
#7992 = DIRECTION('',(-1.883405411215E-29,1.,7.364805613938E-49));
#7993 = ORIENTED_EDGE('',*,*,#7994,.T.);
#7994 = EDGE_CURVE('',#7986,#7958,#7995,.T.);
#7995 = B_SPLINE_CURVE_WITH_KNOTS('',1,(#7996,#7997),.UNSPECIFIED.,.F.,
  .F.,(2,2),(-1.,1.),.PIECEWISE_BEZIER_KNOTS.);
#7996 = CARTESIAN_POINT('',(-3.43,4.15,5.89373683426E-33));
#7997 = CARTESIAN_POINT('',(-1.43,4.15,2.457155589793E-33));
#7998 = ORIENTED_EDGE('',*,*,#7957,.F.);
#7999 = ORIENTED_EDGE('',*,*,#7994,.F.);
#8000 = CYLINDRICAL_SURFACE('',#8001,4.15);
#8001 = AXIS2_PLACEMENT_3D('',#8002,#8003,#8004);
#8002 = CARTESIAN_POINT('',(-2.43,1.005797654157E-28,4.175446212027E-33)
  );
#8003 = DIRECTION('',(1.,1.883405411215E-29,-1.718290622233E-33));
#8004 = DIRECTION('',(-1.883405411215E-29,1.,7.364805613939E-49));
#8005 = ADVANCED_FACE('',(#8006,#8009),#8029,.F.);
#8006 = FACE_BOUND('',#8007,.F.);
#8007 = EDGE_LOOP('',(#8008));
#8008 = ORIENTED_EDGE('',*,*,#7985,.T.);
#8009 = FACE_BOUND('',#8010,.F.);
#8010 = EDGE_LOOP('',(#8011,#8022));
#8011 = ORIENTED_EDGE('',*,*,#8012,.T.);
#8012 = EDGE_CURVE('',#8013,#8015,#8017,.T.);
#8013 = VERTEX_POINT('',#8014);
#8014 = CARTESIAN_POINT('',(-3.43,-4.898587196589E-16,-4.));
#8015 = VERTEX_POINT('',#8016);
#8016 = CARTESIAN_POINT('',(-3.43,4.,2.449293598295E-16));
#8017 = CIRCLE('',#8018,4.);
#8018 = AXIS2_PLACEMENT_3D('',#8019,#8020,#8021);
#8019 = CARTESIAN_POINT('',(-3.43,8.275375663122E-29,-2.280171655703E-32
    ));
#8020 = DIRECTION('',(-1.,-1.883405411215E-29,1.718290622233E-33));
#8021 = DIRECTION('',(1.718290622233E-33,1.245856889436E-66,1.));
#8022 = ORIENTED_EDGE('',*,*,#8023,.T.);
#8023 = EDGE_CURVE('',#8015,#8013,#8024,.T.);
#8024 = CIRCLE('',#8025,4.);
#8025 = AXIS2_PLACEMENT_3D('',#8026,#8027,#8028);
#8026 = CARTESIAN_POINT('',(-3.43,8.275375663122E-29,-2.280171655703E-32
    ));
#8027 = DIRECTION('',(-1.,-1.883405411215E-29,1.718290622233E-33));
#8028 = DIRECTION('',(1.718290622233E-33,1.245856889436E-66,1.));
#8029 = PLANE('',#8030);
#8030 = AXIS2_PLACEMENT_3D('',#8031,#8032,#8033);
#8031 = CARTESIAN_POINT('',(-3.43,2.075,5.89373683426E-33));
#8032 = DIRECTION('',(1.,1.883405411215E-29,-1.718290622233E-33));
#8033 = DIRECTION('',(-1.718290622233E-33,-3.236237855954E-62,-1.));
#8034 = ADVANCED_FACE('',(#8035),#8046,.F.);
#8035 = FACE_BOUND('',#8036,.F.);
#8036 = EDGE_LOOP('',(#8037,#8038,#8043,#8044,#8045));
#8037 = ORIENTED_EDGE('',*,*,#8023,.F.);
#8038 = ORIENTED_EDGE('',*,*,#8039,.F.);
#8039 = EDGE_CURVE('',#7969,#8015,#8040,.T.);
#8040 = B_SPLINE_CURVE_WITH_KNOTS('',1,(#8041,#8042),.UNSPECIFIED.,.F.,
  .F.,(2,2),(14.7,16.7),.PIECEWISE_BEZIER_KNOTS.);
#8041 = CARTESIAN_POINT('',(-1.43,4.,1.224646799147E-15));
#8042 = CARTESIAN_POINT('',(-3.43,4.,1.224646799147E-15));
#8043 = ORIENTED_EDGE('',*,*,#7968,.F.);
#8044 = ORIENTED_EDGE('',*,*,#8039,.T.);
#8045 = ORIENTED_EDGE('',*,*,#8012,.F.);
#8046 = CYLINDRICAL_SURFACE('',#8047,4.);
#8047 = AXIS2_PLACEMENT_3D('',#8048,#8049,#8050);
#8048 = CARTESIAN_POINT('',(13.27,3.972703518693E-28,-2.280171655703E-32
    ));
#8049 = DIRECTION('',(-1.,-1.883332905617E-29,0.));
#8050 = DIRECTION('',(6.094678608195E-91,-3.236113270265E-62,1.));
#8051 = ( GEOMETRIC_REPRESENTATION_CONTEXT(3) 
GLOBAL_UNCERTAINTY_ASSIGNED_CONTEXT((#8055)) 
GLOBAL_UNIT_ASSIGNED_CONTEXT((#8052,#8053,#8054)) REPRESENTATION_CONTEXT
('Context #1','3D Context with UNIT and UNCERTAINTY') );
#8052 = ( LENGTH_UNIT() NAMED_UNIT(*) SI_UNIT(.MILLI.,.METRE.) );
#8053 = ( NAMED_UNIT(*) PLANE_ANGLE_UNIT() SI_UNIT($,.RADIAN.) );
#8054 = ( NAMED_UNIT(*) SI_UNIT($,.STERADIAN.) SOLID_ANGLE_UNIT() );
#8055 = UNCERTAINTY_MEASURE_WITH_UNIT(LENGTH_MEASURE(2.E-04),#8052,
  'distance_accuracy_value','confusion accuracy');
#8056 = CONTEXT_DEPENDENT_SHAPE_REPRESENTATION(#8057,#8059);
#8057 = ( REPRESENTATION_RELATIONSHIP('','',#4706,#10) 
REPRESENTATION_RELATIONSHIP_WITH_TRANSFORMATION(#8058) 
SHAPE_REPRESENTATION_RELATIONSHIP() );
#8058 = ITEM_DEFINED_TRANSFORMATION('','',#11,#23);
#8059 = PRODUCT_DEFINITION_SHAPE('Placement','Placement of an item',
  #8060);
#8060 = NEXT_ASSEMBLY_USAGE_OCCURRENCE('5',
  '60FC_4_XX_xx_01_Shrinkwrap_1','',#5,#4701,$);
#8061 = PRODUCT_RELATED_PRODUCT_CATEGORY('part',$,(#4703));
#8062 = SHAPE_DEFINITION_REPRESENTATION(#8063,#8069);
#8063 = PRODUCT_DEFINITION_SHAPE('','',#8064);
#8064 = PRODUCT_DEFINITION('design','',#8065,#8068);
#8065 = PRODUCT_DEFINITION_FORMATION('','',#8066);
#8066 = PRODUCT('WedgeHolderV5Back','WedgeHolderV5Back','',(#8067));
#8067 = PRODUCT_CONTEXT('',#2,'mechanical');
#8068 = PRODUCT_DEFINITION_CONTEXT('part definition',#2,'design');
#8069 = ADVANCED_BREP_SHAPE_REPRESENTATION('',(#11,#8070),#9100);
#8070 = MANIFOLD_SOLID_BREP('',#8071);
#8071 = CLOSED_SHELL('',(#8072,#8142,#8212,#8282,#8352,#8422,#8492,#8596
    ,#8732,#8774,#8798,#8818,#8884,#8904,#9014,#9028,#9040,#9052,#9064,
    #9076,#9088));
#8072 = ADVANCED_FACE('',(#8073),#8137,.F.);
#8073 = FACE_BOUND('',#8074,.F.);
#8074 = EDGE_LOOP('',(#8075,#8085,#8108,#8116));
#8075 = ORIENTED_EDGE('',*,*,#8076,.T.);
#8076 = EDGE_CURVE('',#8077,#8079,#8081,.T.);
#8077 = VERTEX_POINT('',#8078);
#8078 = CARTESIAN_POINT('',(-4.5,-4.687363136863,3.745480853399));
#8079 = VERTEX_POINT('',#8080);
#8080 = CARTESIAN_POINT('',(-4.5,-1.569900987672,1.945613242375));
#8081 = LINE('',#8082,#8083);
#8082 = CARTESIAN_POINT('',(-4.5,0.45,0.779422863406));
#8083 = VECTOR('',#8084,1.);
#8084 = DIRECTION('',(-0.,0.866025403784,-0.5));
#8085 = ORIENTED_EDGE('',*,*,#8086,.F.);
#8086 = EDGE_CURVE('',#8087,#8079,#8089,.T.);
#8087 = VERTEX_POINT('',#8088);
#8088 = CARTESIAN_POINT('',(-4.5,-2.469900987672,0.386767515563));
#8089 = B_SPLINE_CURVE_WITH_KNOTS('',3,(#8090,#8091,#8092,#8093,#8094,
    #8095,#8096,#8097,#8098,#8099,#8100,#8101,#8102,#8103,#8104,#8105,
    #8106,#8107),.UNSPECIFIED.,.F.,.F.,(4,2,2,2,2,2,2,2,4),(
    2.837744717587E-03,3.192378085978E-03,3.547011454369E-03,
    3.90164482276E-03,4.256278191151E-03,4.610911559542E-03,
    4.965544927933E-03,5.320178296325E-03,5.674811664716E-03),
  .UNSPECIFIED.);
#8090 = CARTESIAN_POINT('',(-4.5,-2.469900987672,0.386767515563));
#8091 = CARTESIAN_POINT('',(-4.618162016761,-2.469900987672,
    0.386767515563));
#8092 = CARTESIAN_POINT('',(-4.73739324933,-2.466236383119,
    0.412286086365));
#8093 = CARTESIAN_POINT('',(-4.954677655341,-2.448602443043,
    0.506604175226));
#8094 = CARTESIAN_POINT('',(-5.053298453104,-2.434554127613,
    0.57476182783));
#8095 = CARTESIAN_POINT('',(-5.21968480582,-2.389271334123,
    0.740801897234));
#8096 = CARTESIAN_POINT('',(-5.28549727251,-2.358526508452,
    0.836364984331));
#8097 = CARTESIAN_POINT('',(-5.376364426076,-2.275751554063,
    1.040725007994));
#8098 = CARTESIAN_POINT('',(-5.400040845155,-2.224224561328,
    1.147559460847));
#8099 = CARTESIAN_POINT('',(-5.399959047831,-2.105592081668,
    1.352978048977));
#8100 = CARTESIAN_POINT('',(-5.37585940194,-2.038290013917,
    1.451672497489));
#8101 = CARTESIAN_POINT('',(-5.285445548739,-1.903626629099,
    1.624249019636));
#8102 = CARTESIAN_POINT('',(-5.21863524095,-1.835361880323,
    1.699623181905));
#8103 = CARTESIAN_POINT('',(-5.053546736981,-1.715279313061,
    1.820738605731));
#8104 = CARTESIAN_POINT('',(-4.954982531076,-1.663127330973,
    1.86717006378));
#8105 = CARTESIAN_POINT('',(-4.736946907006,-1.59002695738,1.9298007257)
  );
#8106 = CARTESIAN_POINT('',(-4.620000690776,-1.569900987672,
    1.945613242375));
#8107 = CARTESIAN_POINT('',(-4.5,-1.569900987672,1.945613242375));
#8108 = ORIENTED_EDGE('',*,*,#8109,.F.);
#8109 = EDGE_CURVE('',#8110,#8087,#8112,.T.);
#8110 = VERTEX_POINT('',#8111);
#8111 = CARTESIAN_POINT('',(-4.5,-5.587363136863,2.186635126587));
#8112 = LINE('',#8113,#8114);
#8113 = CARTESIAN_POINT('',(-4.5,-0.45,-0.779422863406));
#8114 = VECTOR('',#8115,1.);
#8115 = DIRECTION('',(-0.,0.866025403784,-0.5));
#8116 = ORIENTED_EDGE('',*,*,#8117,.F.);
#8117 = EDGE_CURVE('',#8077,#8110,#8118,.T.);
#8118 = B_SPLINE_CURVE_WITH_KNOTS('',3,(#8119,#8120,#8121,#8122,#8123,
    #8124,#8125,#8126,#8127,#8128,#8129,#8130,#8131,#8132,#8133,#8134,
    #8135,#8136),.UNSPECIFIED.,.F.,.F.,(4,2,2,2,2,2,2,2,4),(0.,
    3.522230393727E-04,7.044460787454E-04,1.056669118118E-03,
    1.408892157491E-03,1.761115196864E-03,2.113338236236E-03,
    2.465561275609E-03,2.817784314982E-03),.UNSPECIFIED.);
#8119 = CARTESIAN_POINT('',(-4.5,-4.687363136863,3.745480853399));
#8120 = CARTESIAN_POINT('',(-4.619111427347,-4.687363136863,
    3.745480853399));
#8121 = CARTESIAN_POINT('',(-4.735979462799,-4.70231965207,
    3.726965799184));
#8122 = CARTESIAN_POINT('',(-4.953896945185,-4.758487409539,
    3.654980403749));
#8123 = CARTESIAN_POINT('',(-5.053639314113,-4.799601478509,
    3.601496904664));
#8124 = CARTESIAN_POINT('',(-5.219415443699,-4.897840767334,
    3.466714600982));
#8125 = CARTESIAN_POINT('',(-5.286441177029,-4.955646936916,
    3.384276310013));
#8126 = CARTESIAN_POINT('',(-5.376248632335,-5.074717964387,
    3.202967419099));
#8127 = CARTESIAN_POINT('',(-5.399956034025,-5.137184542807,
    3.10212217421));
#8128 = CARTESIAN_POINT('',(-5.400043840514,-5.25478425871,
    2.898459833254));
#8129 = CARTESIAN_POINT('',(-5.376683142772,-5.310665025466,
    2.794418195292));
#8130 = CARTESIAN_POINT('',(-5.286339385086,-5.408876412291,
    2.599229120229));
#8131 = CARTESIAN_POINT('',(-5.220294133333,-5.450837831336,
    2.509080096548));
#8132 = CARTESIAN_POINT('',(-5.05254556781,-5.519221700657,
    2.354847726161));
#8133 = CARTESIAN_POINT('',(-4.953495761909,-5.544634599315,
    2.293273795938));
#8134 = CARTESIAN_POINT('',(-4.735659296775,-5.578835198136,
    2.20877236833));
#8135 = CARTESIAN_POINT('',(-4.617562485257,-5.587363136863,
    2.186635126587));
#8136 = CARTESIAN_POINT('',(-4.5,-5.587363136863,2.186635126587));
#8137 = CYLINDRICAL_SURFACE('',#8138,0.9);
#8138 = AXIS2_PLACEMENT_3D('',#8139,#8140,#8141);
#8139 = CARTESIAN_POINT('',(-4.5,-2.755455298082E-16,-4.772588574262E-16
    ));
#8140 = DIRECTION('',(-0.,0.866025403784,-0.5));
#8141 = DIRECTION('',(0.,0.5,0.866025403784));
#8142 = ADVANCED_FACE('',(#8143),#8207,.F.);
#8143 = FACE_BOUND('',#8144,.F.);
#8144 = EDGE_LOOP('',(#8145,#8155,#8178,#8186));
#8145 = ORIENTED_EDGE('',*,*,#8146,.T.);
#8146 = EDGE_CURVE('',#8147,#8149,#8151,.T.);
#8147 = VERTEX_POINT('',#8148);
#8148 = CARTESIAN_POINT('',(-4.5,-5.587363136863,-2.186635126587));
#8149 = VERTEX_POINT('',#8150);
#8150 = CARTESIAN_POINT('',(-4.5,-2.469900987672,-0.386767515563));
#8151 = LINE('',#8152,#8153);
#8152 = CARTESIAN_POINT('',(-4.5,-0.45,0.779422863406));
#8153 = VECTOR('',#8154,1.);
#8154 = DIRECTION('',(-0.,0.866025403784,0.5));
#8155 = ORIENTED_EDGE('',*,*,#8156,.F.);
#8156 = EDGE_CURVE('',#8157,#8149,#8159,.T.);
#8157 = VERTEX_POINT('',#8158);
#8158 = CARTESIAN_POINT('',(-4.5,-1.569900987672,-1.945613242375));
#8159 = B_SPLINE_CURVE_WITH_KNOTS('',3,(#8160,#8161,#8162,#8163,#8164,
    #8165,#8166,#8167,#8168,#8169,#8170,#8171,#8172,#8173,#8174,#8175,
    #8176,#8177),.UNSPECIFIED.,.F.,.F.,(4,2,2,2,2,2,2,2,4),(
    2.837744717587E-03,3.192378085978E-03,3.547011454369E-03,
    3.90164482276E-03,4.256278191151E-03,4.610911559542E-03,
    4.965544927933E-03,5.320178296325E-03,5.674811664716E-03),
  .UNSPECIFIED.);
#8160 = CARTESIAN_POINT('',(-4.5,-1.569900987672,-1.945613242375));
#8161 = CARTESIAN_POINT('',(-4.618162016761,-1.569900987672,
    -1.945613242375));
#8162 = CARTESIAN_POINT('',(-4.73739324933,-1.590168415979,
    -1.929680316337));
#8163 = CARTESIAN_POINT('',(-4.954677655341,-1.663033306931,
    -1.867249831831));
#8164 = CARTESIAN_POINT('',(-5.053298453104,-1.715035407833,
    -1.821004807486));
#8165 = CARTESIAN_POINT('',(-5.21968480582,-1.836188929238,
    -1.698768723268));
#8166 = CARTESIAN_POINT('',(-5.28549727251,-1.903576577493,
    -1.624361379653));
#8167 = CARTESIAN_POINT('',(-5.376364426076,-2.039170072309,
    -1.450496154523));
#8168 = CARTESIAN_POINT('',(-5.400040845155,-2.105927926111,
    -1.352455243408));
#8169 = CARTESIAN_POINT('',(-5.399959047831,-2.224509402011,
    -1.147007208243));
#8170 = CARTESIAN_POINT('',(-5.37585940194,-2.27633026776,
    -1.039374683588));
#8171 = CARTESIAN_POINT('',(-5.285445548739,-2.358454227626,
    -0.836464510302));
#8172 = CARTESIAN_POINT('',(-5.21863524095,-2.389597792552,
    -0.739658422545));
#8173 = CARTESIAN_POINT('',(-5.053546736981,-2.434445542744,
    -0.575106156831));
#8174 = CARTESIAN_POINT('',(-4.954982531076,-2.448580373906,
    -0.506725486461));
#8175 = CARTESIAN_POINT('',(-4.736946907006,-2.466269931388,
    -0.412103374944));
#8176 = CARTESIAN_POINT('',(-4.620000690776,-2.469900987672,
    -0.386767515563));
#8177 = CARTESIAN_POINT('',(-4.5,-2.469900987672,-0.386767515563));
#8178 = ORIENTED_EDGE('',*,*,#8179,.F.);
#8179 = EDGE_CURVE('',#8180,#8157,#8182,.T.);
#8180 = VERTEX_POINT('',#8181);
#8181 = CARTESIAN_POINT('',(-4.5,-4.687363136863,-3.745480853399));
#8182 = LINE('',#8183,#8184);
#8183 = CARTESIAN_POINT('',(-4.5,0.45,-0.779422863406));
#8184 = VECTOR('',#8185,1.);
#8185 = DIRECTION('',(-0.,0.866025403784,0.5));
#8186 = ORIENTED_EDGE('',*,*,#8187,.F.);
#8187 = EDGE_CURVE('',#8147,#8180,#8188,.T.);
#8188 = B_SPLINE_CURVE_WITH_KNOTS('',3,(#8189,#8190,#8191,#8192,#8193,
    #8194,#8195,#8196,#8197,#8198,#8199,#8200,#8201,#8202,#8203,#8204,
    #8205,#8206),.UNSPECIFIED.,.F.,.F.,(4,2,2,2,2,2,2,2,4),(0.,
    3.522230393727E-04,7.044460787454E-04,1.056669118118E-03,
    1.408892157491E-03,1.761115196864E-03,2.113338236236E-03,
    2.465561275609E-03,2.817784314982E-03),.UNSPECIFIED.);
#8189 = CARTESIAN_POINT('',(-4.5,-5.587363136863,-2.186635126587));
#8190 = CARTESIAN_POINT('',(-4.619111427347,-5.587363136863,
    -2.186635126587));
#8191 = CARTESIAN_POINT('',(-4.735979462799,-5.578806887164,
    -2.208845375815));
#8192 = CARTESIAN_POINT('',(-4.953896945185,-5.544549584751,
    -2.293480778375));
#8193 = CARTESIAN_POINT('',(-5.053639314113,-5.518788550345,
    -2.355828356098));
#8194 = CARTESIAN_POINT('',(-5.219415443699,-5.451183295787,
    -2.508297227711));
#8195 = CARTESIAN_POINT('',(-5.286441177029,-5.408692726355,
    -2.599577984549));
#8196 = CARTESIAN_POINT('',(-5.376248632335,-5.311210134627,
    -2.793350964651));
#8197 = CARTESIAN_POINT('',(-5.399956034025,-5.255108879912,
    -2.897871230895));
#8198 = CARTESIAN_POINT('',(-5.400043840514,-5.137531976802,
    -3.101546742822));
#8199 = CARTESIAN_POINT('',(-5.376683142772,-5.075369658653,
    -3.201961725397));
#8200 = CARTESIAN_POINT('',(-5.286339385086,-4.95543665452,
    -3.384609818859));
#8201 = CARTESIAN_POINT('',(-5.220294133333,-4.898346019409,
    -3.466023985572));
#8202 = CARTESIAN_POINT('',(-5.05254556781,-4.798968803228,
    -3.602362338807));
#8203 = CARTESIAN_POINT('',(-4.953495761909,-4.758350664773,
    -3.65515751974));
#8204 = CARTESIAN_POINT('',(-4.735659296775,-4.702270581219,
    -3.727026820948));
#8205 = CARTESIAN_POINT('',(-4.617562485257,-4.687363136863,
    -3.745480853399));
#8206 = CARTESIAN_POINT('',(-4.5,-4.687363136863,-3.745480853399));
#8207 = CYLINDRICAL_SURFACE('',#8208,0.9);
#8208 = AXIS2_PLACEMENT_3D('',#8209,#8210,#8211);
#8209 = CARTESIAN_POINT('',(-4.5,2.755455298081E-16,-4.772588574262E-16)
  );
#8210 = DIRECTION('',(-0.,0.866025403784,0.5));
#8211 = DIRECTION('',(0.,-0.5,0.866025403784));
#8212 = ADVANCED_FACE('',(#8213),#8277,.F.);
#8213 = FACE_BOUND('',#8214,.F.);
#8214 = EDGE_LOOP('',(#8215,#8225,#8248,#8256));
#8215 = ORIENTED_EDGE('',*,*,#8216,.T.);
#8216 = EDGE_CURVE('',#8217,#8219,#8221,.T.);
#8217 = VERTEX_POINT('',#8218);
#8218 = CARTESIAN_POINT('',(-3.6,5.510910596163E-16,-6.));
#8219 = VERTEX_POINT('',#8220);
#8220 = CARTESIAN_POINT('',(-3.6,5.510910596163E-16,-2.5));
#8221 = LINE('',#8222,#8223);
#8222 = CARTESIAN_POINT('',(-3.6,5.510910596163E-16,0.));
#8223 = VECTOR('',#8224,1.);
#8224 = DIRECTION('',(-0.,-0.,1.));
#8225 = ORIENTED_EDGE('',*,*,#8226,.F.);
#8226 = EDGE_CURVE('',#8227,#8219,#8229,.T.);
#8227 = VERTEX_POINT('',#8228);
#8228 = CARTESIAN_POINT('',(-5.4,3.062191965342E-16,-2.5));
#8229 = B_SPLINE_CURVE_WITH_KNOTS('',3,(#8230,#8231,#8232,#8233,#8234,
    #8235,#8236,#8237,#8238,#8239,#8240,#8241,#8242,#8243,#8244,#8245,
    #8246,#8247),.UNSPECIFIED.,.F.,.F.,(4,2,2,2,2,2,2,2,4),(
    2.837843790587E-03,3.192493081427E-03,3.547142372267E-03,
    3.901791663107E-03,4.256440953947E-03,4.611090244787E-03,
    4.965739535627E-03,5.320388826467E-03,5.675038117307E-03),
  .UNSPECIFIED.);
#8230 = CARTESIAN_POINT('',(-5.4,3.062191965342E-16,-2.5));
#8231 = CARTESIAN_POINT('',(-5.4,-0.118184512544,-2.5));
#8232 = CARTESIAN_POINT('',(-5.37606634225,-0.237436546736,
    -2.491118584811));
#8233 = CARTESIAN_POINT('',(-5.285481687153,-0.454848182251,
    -2.460723683882));
#8234 = CARTESIAN_POINT('',(-5.219308786538,-0.553565832997,
    -2.439458476588));
#8235 = CARTESIAN_POINT('',(-5.052851588263,-0.71985789098,
    -2.395662206416));
#8236 = CARTESIAN_POINT('',(-4.954750668236,-0.785597656907,
    -2.373847402693));
#8237 = CARTESIAN_POINT('',(-4.736553802655,-0.876358458195,
    -2.341860589907));
#8238 = CARTESIAN_POINT('',(-4.61833754343,-0.900036478916,
    -2.332366681753));
#8239 = CARTESIAN_POINT('',(-4.381108234689,-0.899963435761,
    -2.332394867047));
#8240 = CARTESIAN_POINT('',(-4.262040780541,-0.875872060452,
    -2.342037765355));
#8241 = CARTESIAN_POINT('',(-4.045367334312,-0.785547958877,
    -2.373859129126));
#8242 = CARTESIAN_POINT('',(-3.946051656902,-0.718859022657,
    -2.395938906673));
#8243 = CARTESIAN_POINT('',(-3.781039180808,-0.553816216577,
    -2.439378842497));
#8244 = CARTESIAN_POINT('',(-3.714658164685,-0.455201981046,
    -2.460676424957));
#8245 = CARTESIAN_POINT('',(-3.62375293404,-0.23698464347,-2.49117955809
    ));
#8246 = CARTESIAN_POINT('',(-3.6,-0.119989718495,-2.5));
#8247 = CARTESIAN_POINT('',(-3.6,5.510910596163E-16,-2.5));
#8248 = ORIENTED_EDGE('',*,*,#8249,.F.);
#8249 = EDGE_CURVE('',#8250,#8227,#8252,.T.);
#8250 = VERTEX_POINT('',#8251);
#8251 = CARTESIAN_POINT('',(-5.400000000013,-1.600805922581E-12,
    -6.000000000002));
#8252 = LINE('',#8253,#8254);
#8253 = CARTESIAN_POINT('',(-5.4,6.613092715396E-16,0.));
#8254 = VECTOR('',#8255,1.);
#8255 = DIRECTION('',(-0.,-0.,1.));
#8256 = ORIENTED_EDGE('',*,*,#8257,.F.);
#8257 = EDGE_CURVE('',#8217,#8250,#8258,.T.);
#8258 = B_SPLINE_CURVE_WITH_KNOTS('',3,(#8259,#8260,#8261,#8262,#8263,
    #8264,#8265,#8266,#8267,#8268,#8269,#8270,#8271,#8272,#8273,#8274,
    #8275,#8276),.UNSPECIFIED.,.F.,.F.,(4,2,2,2,2,2,2,2,4),(0.,
    3.522234005735E-04,7.04446801147E-04,1.056670201721E-03,
    1.408893602294E-03,1.761117002868E-03,2.113340403441E-03,
    2.465563804015E-03,2.817787204588E-03),.UNSPECIFIED.);
#8259 = CARTESIAN_POINT('',(-3.6,5.510910596163E-16,-6.));
#8260 = CARTESIAN_POINT('',(-3.6,-0.119111095607,-6.));
#8261 = CARTESIAN_POINT('',(-3.623512592483,-0.235980207124,
    -5.996350993718));
#8262 = CARTESIAN_POINT('',(-3.713940596831,-0.453902465711,
    -5.983801839102));
#8263 = CARTESIAN_POINT('',(-3.780818130475,-0.553646189913,
    -5.974983218318));
#8264 = CARTESIAN_POINT('',(-3.946665137543,-0.719421430768,
    -5.957296481437));
#8265 = CARTESIAN_POINT('',(-4.046959521029,-0.786443834675,
    -5.948408339847));
#8266 = CARTESIAN_POINT('',(-4.263508485461,-0.87624844892,
    -5.935844029153));
#8267 = CARTESIAN_POINT('',(-4.382075503649,-0.899955893608,
    -5.932122671653));
#8268 = CARTESIAN_POINT('',(-4.617250292603,-0.900043980128,
    -5.932109307474));
#8269 = CARTESIAN_POINT('',(-4.735293719099,-0.876683294292,
    -5.935781897897));
#8270 = CARTESIAN_POINT('',(-4.95343449626,-0.786342094981,
    -5.948423862466));
#8271 = CARTESIAN_POINT('',(-5.052485402266,-0.72029887729,
    -5.957204395227));
#8272 = CARTESIAN_POINT('',(-5.220246672015,-0.552553457861,
    -5.975098271606));
#8273 = CARTESIAN_POINT('',(-5.286280948315,-0.453501618435,
    -5.983831481959));
#8274 = CARTESIAN_POINT('',(-5.376564584582,-0.235660723632,
    -5.996362809716));
#8275 = CARTESIAN_POINT('',(-5.4,-0.117562525513,-6.));
#8276 = CARTESIAN_POINT('',(-5.400000000013,-1.600805922581E-12,
    -6.000000000002));
#8277 = CYLINDRICAL_SURFACE('',#8278,0.9);
#8278 = AXIS2_PLACEMENT_3D('',#8279,#8280,#8281);
#8279 = CARTESIAN_POINT('',(-4.5,5.510910596163E-16,0.));
#8280 = DIRECTION('',(-0.,-0.,1.));
#8281 = DIRECTION('',(1.,0.,0.));
#8282 = ADVANCED_FACE('',(#8283),#8347,.F.);
#8283 = FACE_BOUND('',#8284,.F.);
#8284 = EDGE_LOOP('',(#8285,#8295,#8318,#8326));
#8285 = ORIENTED_EDGE('',*,*,#8286,.T.);
#8286 = EDGE_CURVE('',#8287,#8289,#8291,.T.);
#8287 = VERTEX_POINT('',#8288);
#8288 = CARTESIAN_POINT('',(-4.5,4.687363136863,-3.745480853399));
#8289 = VERTEX_POINT('',#8290);
#8290 = CARTESIAN_POINT('',(-4.5,1.569900987672,-1.945613242375));
#8291 = LINE('',#8292,#8293);
#8292 = CARTESIAN_POINT('',(-4.5,-0.45,-0.779422863406));
#8293 = VECTOR('',#8294,1.);
#8294 = DIRECTION('',(-0.,-0.866025403784,0.5));
#8295 = ORIENTED_EDGE('',*,*,#8296,.F.);
#8296 = EDGE_CURVE('',#8297,#8289,#8299,.T.);
#8297 = VERTEX_POINT('',#8298);
#8298 = CARTESIAN_POINT('',(-4.5,2.469900987672,-0.386767515563));
#8299 = B_SPLINE_CURVE_WITH_KNOTS('',3,(#8300,#8301,#8302,#8303,#8304,
    #8305,#8306,#8307,#8308,#8309,#8310,#8311,#8312,#8313,#8314,#8315,
    #8316,#8317),.UNSPECIFIED.,.F.,.F.,(4,2,2,2,2,2,2,2,4),(
    2.837744717587E-03,3.192378085978E-03,3.547011454369E-03,
    3.90164482276E-03,4.256278191151E-03,4.610911559542E-03,
    4.965544927933E-03,5.320178296325E-03,5.674811664716E-03),
  .UNSPECIFIED.);
#8300 = CARTESIAN_POINT('',(-4.5,2.469900987672,-0.386767515563));
#8301 = CARTESIAN_POINT('',(-4.618162016761,2.469900987672,
    -0.386767515563));
#8302 = CARTESIAN_POINT('',(-4.73739324933,2.466236383119,
    -0.412286086365));
#8303 = CARTESIAN_POINT('',(-4.954677655341,2.448602443043,
    -0.506604175226));
#8304 = CARTESIAN_POINT('',(-5.053298453104,2.434554127613,
    -0.57476182783));
#8305 = CARTESIAN_POINT('',(-5.21968480582,2.389271334123,
    -0.740801897234));
#8306 = CARTESIAN_POINT('',(-5.28549727251,2.358526508452,
    -0.836364984331));
#8307 = CARTESIAN_POINT('',(-5.376364426076,2.275751554063,
    -1.040725007994));
#8308 = CARTESIAN_POINT('',(-5.400040845155,2.224224561328,
    -1.147559460847));
#8309 = CARTESIAN_POINT('',(-5.399959047831,2.105592081668,
    -1.352978048977));
#8310 = CARTESIAN_POINT('',(-5.37585940194,2.038290013917,
    -1.451672497489));
#8311 = CARTESIAN_POINT('',(-5.285445548739,1.903626629099,
    -1.624249019636));
#8312 = CARTESIAN_POINT('',(-5.21863524095,1.835361880323,
    -1.699623181905));
#8313 = CARTESIAN_POINT('',(-5.053546736981,1.715279313061,
    -1.820738605731));
#8314 = CARTESIAN_POINT('',(-4.954982531076,1.663127330973,
    -1.86717006378));
#8315 = CARTESIAN_POINT('',(-4.736946907006,1.59002695738,-1.9298007257)
  );
#8316 = CARTESIAN_POINT('',(-4.620000690776,1.569900987672,
    -1.945613242375));
#8317 = CARTESIAN_POINT('',(-4.5,1.569900987672,-1.945613242375));
#8318 = ORIENTED_EDGE('',*,*,#8319,.F.);
#8319 = EDGE_CURVE('',#8320,#8297,#8322,.T.);
#8320 = VERTEX_POINT('',#8321);
#8321 = CARTESIAN_POINT('',(-4.5,5.587363136863,-2.186635126587));
#8322 = LINE('',#8323,#8324);
#8323 = CARTESIAN_POINT('',(-4.5,0.45,0.779422863406));
#8324 = VECTOR('',#8325,1.);
#8325 = DIRECTION('',(-0.,-0.866025403784,0.5));
#8326 = ORIENTED_EDGE('',*,*,#8327,.F.);
#8327 = EDGE_CURVE('',#8287,#8320,#8328,.T.);
#8328 = B_SPLINE_CURVE_WITH_KNOTS('',3,(#8329,#8330,#8331,#8332,#8333,
    #8334,#8335,#8336,#8337,#8338,#8339,#8340,#8341,#8342,#8343,#8344,
    #8345,#8346),.UNSPECIFIED.,.F.,.F.,(4,2,2,2,2,2,2,2,4),(0.,
    3.522230393727E-04,7.044460787454E-04,1.056669118118E-03,
    1.408892157491E-03,1.761115196864E-03,2.113338236236E-03,
    2.465561275609E-03,2.817784314982E-03),.UNSPECIFIED.);
#8329 = CARTESIAN_POINT('',(-4.5,4.687363136863,-3.745480853399));
#8330 = CARTESIAN_POINT('',(-4.619111427347,4.687363136863,
    -3.745480853399));
#8331 = CARTESIAN_POINT('',(-4.735979462799,4.70231965207,
    -3.726965799184));
#8332 = CARTESIAN_POINT('',(-4.953896945185,4.758487409539,
    -3.654980403749));
#8333 = CARTESIAN_POINT('',(-5.053639314113,4.799601478509,
    -3.601496904664));
#8334 = CARTESIAN_POINT('',(-5.219415443699,4.897840767334,
    -3.466714600982));
#8335 = CARTESIAN_POINT('',(-5.286441177029,4.955646936916,
    -3.384276310013));
#8336 = CARTESIAN_POINT('',(-5.376248632335,5.074717964387,
    -3.202967419099));
#8337 = CARTESIAN_POINT('',(-5.399956034025,5.137184542807,
    -3.102122174209));
#8338 = CARTESIAN_POINT('',(-5.400043840514,5.25478425871,
    -2.898459833254));
#8339 = CARTESIAN_POINT('',(-5.376683142772,5.310665025466,
    -2.794418195292));
#8340 = CARTESIAN_POINT('',(-5.286339385086,5.408876412291,
    -2.599229120229));
#8341 = CARTESIAN_POINT('',(-5.220294133333,5.450837831336,
    -2.509080096548));
#8342 = CARTESIAN_POINT('',(-5.05254556781,5.519221700657,
    -2.354847726161));
#8343 = CARTESIAN_POINT('',(-4.953495761909,5.544634599315,
    -2.293273795938));
#8344 = CARTESIAN_POINT('',(-4.735659296775,5.578835198136,
    -2.20877236833));
#8345 = CARTESIAN_POINT('',(-4.617562485257,5.587363136863,
    -2.186635126587));
#8346 = CARTESIAN_POINT('',(-4.5,5.587363136863,-2.186635126587));
#8347 = CYLINDRICAL_SURFACE('',#8348,0.9);
#8348 = AXIS2_PLACEMENT_3D('',#8349,#8350,#8351);
#8349 = CARTESIAN_POINT('',(-4.5,2.755455298082E-16,4.772588574262E-16)
  );
#8350 = DIRECTION('',(-0.,-0.866025403784,0.5));
#8351 = DIRECTION('',(0.,-0.5,-0.866025403784));
#8352 = ADVANCED_FACE('',(#8353),#8417,.F.);
#8353 = FACE_BOUND('',#8354,.F.);
#8354 = EDGE_LOOP('',(#8355,#8365,#8388,#8396));
#8355 = ORIENTED_EDGE('',*,*,#8356,.T.);
#8356 = EDGE_CURVE('',#8357,#8359,#8361,.T.);
#8357 = VERTEX_POINT('',#8358);
#8358 = CARTESIAN_POINT('',(-4.5,5.587363136863,2.186635126587));
#8359 = VERTEX_POINT('',#8360);
#8360 = CARTESIAN_POINT('',(-4.5,2.469900987672,0.386767515563));
#8361 = LINE('',#8362,#8363);
#8362 = CARTESIAN_POINT('',(-4.5,0.45,-0.779422863406));
#8363 = VECTOR('',#8364,1.);
#8364 = DIRECTION('',(-0.,-0.866025403784,-0.5));
#8365 = ORIENTED_EDGE('',*,*,#8366,.F.);
#8366 = EDGE_CURVE('',#8367,#8359,#8369,.T.);
#8367 = VERTEX_POINT('',#8368);
#8368 = CARTESIAN_POINT('',(-4.5,1.569900987672,1.945613242375));
#8369 = B_SPLINE_CURVE_WITH_KNOTS('',3,(#8370,#8371,#8372,#8373,#8374,
    #8375,#8376,#8377,#8378,#8379,#8380,#8381,#8382,#8383,#8384,#8385,
    #8386,#8387),.UNSPECIFIED.,.F.,.F.,(4,2,2,2,2,2,2,2,4),(
    2.837744717587E-03,3.192378085978E-03,3.547011454369E-03,
    3.90164482276E-03,4.256278191151E-03,4.610911559542E-03,
    4.965544927933E-03,5.320178296325E-03,5.674811664716E-03),
  .UNSPECIFIED.);
#8370 = CARTESIAN_POINT('',(-4.5,1.569900987672,1.945613242375));
#8371 = CARTESIAN_POINT('',(-4.618162016761,1.569900987672,
    1.945613242375));
#8372 = CARTESIAN_POINT('',(-4.73739324933,1.590168415978,1.929680316337
    ));
#8373 = CARTESIAN_POINT('',(-4.954677655341,1.663033306931,
    1.867249831831));
#8374 = CARTESIAN_POINT('',(-5.053298453104,1.715035407833,
    1.821004807486));
#8375 = CARTESIAN_POINT('',(-5.21968480582,1.836188929238,1.698768723268
    ));
#8376 = CARTESIAN_POINT('',(-5.28549727251,1.903576577493,1.624361379653
    ));
#8377 = CARTESIAN_POINT('',(-5.376364426076,2.039170072309,
    1.450496154523));
#8378 = CARTESIAN_POINT('',(-5.400040845155,2.105927926111,
    1.352455243408));
#8379 = CARTESIAN_POINT('',(-5.399959047831,2.224509402011,
    1.147007208243));
#8380 = CARTESIAN_POINT('',(-5.37585940194,2.27633026776,1.039374683588)
  );
#8381 = CARTESIAN_POINT('',(-5.285445548739,2.358454227626,
    0.836464510302));
#8382 = CARTESIAN_POINT('',(-5.21863524095,2.389597792552,0.739658422545
    ));
#8383 = CARTESIAN_POINT('',(-5.053546736981,2.434445542744,
    0.575106156831));
#8384 = CARTESIAN_POINT('',(-4.954982531076,2.448580373906,
    0.506725486461));
#8385 = CARTESIAN_POINT('',(-4.736946907006,2.466269931388,
    0.412103374944));
#8386 = CARTESIAN_POINT('',(-4.620000690776,2.469900987672,
    0.386767515563));
#8387 = CARTESIAN_POINT('',(-4.5,2.469900987672,0.386767515563));
#8388 = ORIENTED_EDGE('',*,*,#8389,.F.);
#8389 = EDGE_CURVE('',#8390,#8367,#8392,.T.);
#8390 = VERTEX_POINT('',#8391);
#8391 = CARTESIAN_POINT('',(-4.5,4.687363136863,3.745480853399));
#8392 = LINE('',#8393,#8394);
#8393 = CARTESIAN_POINT('',(-4.5,-0.45,0.779422863406));
#8394 = VECTOR('',#8395,1.);
#8395 = DIRECTION('',(-0.,-0.866025403784,-0.5));
#8396 = ORIENTED_EDGE('',*,*,#8397,.F.);
#8397 = EDGE_CURVE('',#8357,#8390,#8398,.T.);
#8398 = B_SPLINE_CURVE_WITH_KNOTS('',3,(#8399,#8400,#8401,#8402,#8403,
    #8404,#8405,#8406,#8407,#8408,#8409,#8410,#8411,#8412,#8413,#8414,
    #8415,#8416),.UNSPECIFIED.,.F.,.F.,(4,2,2,2,2,2,2,2,4),(0.,
    3.522230393727E-04,7.044460787454E-04,1.056669118118E-03,
    1.408892157491E-03,1.761115196864E-03,2.113338236236E-03,
    2.465561275609E-03,2.817784314982E-03),.UNSPECIFIED.);
#8399 = CARTESIAN_POINT('',(-4.5,5.587363136863,2.186635126587));
#8400 = CARTESIAN_POINT('',(-4.619111427347,5.587363136863,
    2.186635126587));
#8401 = CARTESIAN_POINT('',(-4.735979462799,5.578806887164,
    2.208845375815));
#8402 = CARTESIAN_POINT('',(-4.953896945185,5.544549584751,
    2.293480778375));
#8403 = CARTESIAN_POINT('',(-5.053639314113,5.518788550345,
    2.355828356098));
#8404 = CARTESIAN_POINT('',(-5.219415443699,5.451183295787,
    2.508297227711));
#8405 = CARTESIAN_POINT('',(-5.286441177029,5.408692726355,
    2.599577984549));
#8406 = CARTESIAN_POINT('',(-5.376248632335,5.311210134627,
    2.793350964651));
#8407 = CARTESIAN_POINT('',(-5.399956034025,5.255108879912,
    2.897871230895));
#8408 = CARTESIAN_POINT('',(-5.400043840514,5.137531976802,
    3.101546742822));
#8409 = CARTESIAN_POINT('',(-5.376683142772,5.075369658653,
    3.201961725397));
#8410 = CARTESIAN_POINT('',(-5.286339385086,4.95543665452,3.384609818859
    ));
#8411 = CARTESIAN_POINT('',(-5.220294133333,4.898346019409,
    3.466023985572));
#8412 = CARTESIAN_POINT('',(-5.05254556781,4.798968803228,3.602362338807
    ));
#8413 = CARTESIAN_POINT('',(-4.953495761909,4.758350664773,3.65515751974
    ));
#8414 = CARTESIAN_POINT('',(-4.735659296775,4.702270581218,
    3.727026820948));
#8415 = CARTESIAN_POINT('',(-4.617562485257,4.687363136863,
    3.745480853399));
#8416 = CARTESIAN_POINT('',(-4.5,4.687363136863,3.745480853399));
#8417 = CYLINDRICAL_SURFACE('',#8418,0.9);
#8418 = AXIS2_PLACEMENT_3D('',#8419,#8420,#8421);
#8419 = CARTESIAN_POINT('',(-4.5,-2.755455298082E-16,4.772588574262E-16)
  );
#8420 = DIRECTION('',(-0.,-0.866025403784,-0.5));
#8421 = DIRECTION('',(0.,0.5,-0.866025403784));
#8422 = ADVANCED_FACE('',(#8423),#8487,.F.);
#8423 = FACE_BOUND('',#8424,.F.);
#8424 = EDGE_LOOP('',(#8425,#8435,#8458,#8466));
#8425 = ORIENTED_EDGE('',*,*,#8426,.T.);
#8426 = EDGE_CURVE('',#8427,#8429,#8431,.T.);
#8427 = VERTEX_POINT('',#8428);
#8428 = CARTESIAN_POINT('',(-5.4,-5.510910596163E-16,6.));
#8429 = VERTEX_POINT('',#8430);
#8430 = CARTESIAN_POINT('',(-5.4,-5.749681496374E-20,2.5));
#8431 = LINE('',#8432,#8433);
#8432 = CARTESIAN_POINT('',(-5.4,-5.510910596163E-16,0.));
#8433 = VECTOR('',#8434,1.);
#8434 = DIRECTION('',(-0.,-0.,-1.));
#8435 = ORIENTED_EDGE('',*,*,#8436,.F.);
#8436 = EDGE_CURVE('',#8437,#8429,#8439,.T.);
#8437 = VERTEX_POINT('',#8438);
#8438 = CARTESIAN_POINT('',(-3.6,0.,2.5));
#8439 = B_SPLINE_CURVE_WITH_KNOTS('',3,(#8440,#8441,#8442,#8443,#8444,
    #8445,#8446,#8447,#8448,#8449,#8450,#8451,#8452,#8453,#8454,#8455,
    #8456,#8457),.UNSPECIFIED.,.F.,.F.,(4,2,2,2,2,2,2,2,4),(0.,
    3.547304738234E-04,7.094609476468E-04,1.06419142147E-03,
    1.418921895294E-03,1.773652369117E-03,2.12838284294E-03,
    2.483113316764E-03,2.837843790587E-03),.UNSPECIFIED.);
#8440 = CARTESIAN_POINT('',(-3.6,0.,2.5));
#8441 = CARTESIAN_POINT('',(-3.6,-0.120017185414,2.5));
#8442 = CARTESIAN_POINT('',(-3.623989556708,-0.237704637582,
    2.491097366685));
#8443 = CARTESIAN_POINT('',(-3.714765558652,-0.455307218926,
    2.460643192628));
#8444 = CARTESIAN_POINT('',(-3.781603744948,-0.554480148766,
    2.439218051985));
#8445 = CARTESIAN_POINT('',(-3.94625670403,-0.71896437799,2.395897152152
    ));
#8446 = CARTESIAN_POINT('',(-4.045753415416,-0.785727681864,
    2.373796912796));
#8447 = CARTESIAN_POINT('',(-4.261900803226,-0.875794908725,
    2.342063844368));
#8448 = CARTESIAN_POINT('',(-4.380972564816,-0.899936582215,
    2.33240522907));
#8449 = CARTESIAN_POINT('',(-4.618066456174,-0.900063161263,
    2.332356385791));
#8450 = CARTESIAN_POINT('',(-4.736438535406,-0.876467257201,
    2.341825808094));
#8451 = CARTESIAN_POINT('',(-4.955653715331,-0.785160955267,
    2.373997734356));
#8452 = CARTESIAN_POINT('',(-5.054023942754,-0.718832893344,
    2.395952751578));
#8453 = CARTESIAN_POINT('',(-5.219266538729,-0.553460842303,
    2.439465394791));
#8454 = CARTESIAN_POINT('',(-5.285805849705,-0.45417241327,
    2.460830579696));
#8455 = CARTESIAN_POINT('',(-5.375974446867,-0.237554589185,
    2.491089629079));
#8456 = CARTESIAN_POINT('',(-5.4,-0.118211566233,2.5));
#8457 = CARTESIAN_POINT('',(-5.4,-5.749681496374E-20,2.5));
#8458 = ORIENTED_EDGE('',*,*,#8459,.F.);
#8459 = EDGE_CURVE('',#8460,#8437,#8462,.T.);
#8460 = VERTEX_POINT('',#8461);
#8461 = CARTESIAN_POINT('',(-3.599999999987,-1.601540707946E-12,
    6.000000000002));
#8462 = LINE('',#8463,#8464);
#8463 = CARTESIAN_POINT('',(-3.6,-4.40872847693E-16,0.));
#8464 = VECTOR('',#8465,1.);
#8465 = DIRECTION('',(-0.,-0.,-1.));
#8466 = ORIENTED_EDGE('',*,*,#8467,.F.);
#8467 = EDGE_CURVE('',#8427,#8460,#8468,.T.);
#8468 = B_SPLINE_CURVE_WITH_KNOTS('',3,(#8469,#8470,#8471,#8472,#8473,
    #8474,#8475,#8476,#8477,#8478,#8479,#8480,#8481,#8482,#8483,#8484,
    #8485,#8486),.UNSPECIFIED.,.F.,.F.,(4,2,2,2,2,2,2,2,4),(0.,
    3.522234005735E-04,7.04446801147E-04,1.056670201721E-03,
    1.408893602294E-03,1.761117002868E-03,2.113340403441E-03,
    2.465563804015E-03,2.817787204588E-03),.UNSPECIFIED.);
#8469 = CARTESIAN_POINT('',(-5.4,-5.510910596163E-16,6.));
#8470 = CARTESIAN_POINT('',(-5.4,-0.119111095607,6.));
#8471 = CARTESIAN_POINT('',(-5.376487407517,-0.235980207124,
    5.996350993718));
#8472 = CARTESIAN_POINT('',(-5.286059403169,-0.453902465711,
    5.983801839102));
#8473 = CARTESIAN_POINT('',(-5.219181869525,-0.553646189913,
    5.974983218318));
#8474 = CARTESIAN_POINT('',(-5.053334862457,-0.719421430768,
    5.957296481437));
#8475 = CARTESIAN_POINT('',(-4.953040478971,-0.786443834675,
    5.948408339847));
#8476 = CARTESIAN_POINT('',(-4.736491514539,-0.87624844892,
    5.935844029153));
#8477 = CARTESIAN_POINT('',(-4.617924496351,-0.899955893608,
    5.932122671653));
#8478 = CARTESIAN_POINT('',(-4.382749707397,-0.900043980128,
    5.932109307474));
#8479 = CARTESIAN_POINT('',(-4.264706280901,-0.876683294292,
    5.935781897897));
#8480 = CARTESIAN_POINT('',(-4.04656550374,-0.786342094981,
    5.948423862466));
#8481 = CARTESIAN_POINT('',(-3.947514597734,-0.72029887729,
    5.957204395227));
#8482 = CARTESIAN_POINT('',(-3.779753327985,-0.552553457861,
    5.975098271606));
#8483 = CARTESIAN_POINT('',(-3.713719051685,-0.453501618435,
    5.983831481959));
#8484 = CARTESIAN_POINT('',(-3.623435415418,-0.235660723632,
    5.996362809716));
#8485 = CARTESIAN_POINT('',(-3.6,-0.117562525513,6.));
#8486 = CARTESIAN_POINT('',(-3.599999999987,-1.601540707946E-12,
    6.000000000002));
#8487 = CYLINDRICAL_SURFACE('',#8488,0.9);
#8488 = AXIS2_PLACEMENT_3D('',#8489,#8490,#8491);
#8489 = CARTESIAN_POINT('',(-4.5,-5.510910596163E-16,0.));
#8490 = DIRECTION('',(-0.,-0.,-1.));
#8491 = DIRECTION('',(-1.,0.,0.));
#8492 = ADVANCED_FACE('',(#8493,#8517,#8541),#8591,.F.);
#8493 = FACE_BOUND('',#8494,.F.);
#8494 = EDGE_LOOP('',(#8495,#8496));
#8495 = ORIENTED_EDGE('',*,*,#8156,.T.);
#8496 = ORIENTED_EDGE('',*,*,#8497,.T.);
#8497 = EDGE_CURVE('',#8149,#8157,#8498,.T.);
#8498 = B_SPLINE_CURVE_WITH_KNOTS('',3,(#8499,#8500,#8501,#8502,#8503,
    #8504,#8505,#8506,#8507,#8508,#8509,#8510,#8511,#8512,#8513,#8514,
    #8515,#8516),.UNSPECIFIED.,.F.,.F.,(4,2,2,2,2,2,2,2,4),(0.,
    3.547180896983E-04,7.094361793967E-04,1.064154269095E-03,
    1.418872358793E-03,1.773590448492E-03,2.12830853819E-03,
    2.483026627888E-03,2.837744717587E-03),.UNSPECIFIED.);
#8499 = CARTESIAN_POINT('',(-4.5,-2.469900987672,-0.386767515563));
#8500 = CARTESIAN_POINT('',(-4.379970641263,-2.469900987672,
    -0.386767515563));
#8501 = CARTESIAN_POINT('',(-4.262327379712,-2.466227080356,
    -0.412352224682));
#8502 = CARTESIAN_POINT('',(-4.044891832547,-2.448554090801,
    -0.506846360849));
#8503 = CARTESIAN_POINT('',(-3.945777888885,-2.434302242701,
    -0.57568475736));
#8504 = CARTESIAN_POINT('',(-3.781248807657,-2.38952592843,
    -0.73986903303));
#8505 = CARTESIAN_POINT('',(-3.714369210094,-2.35831305197,
    -0.836831272539));
#8506 = CARTESIAN_POINT('',(-3.624198447512,-2.276355693754,
    -1.03929388784));
#8507 = CARTESIAN_POINT('',(-3.600056851397,-2.224552635682,
    -1.146920877885));
#8508 = CARTESIAN_POINT('',(-3.599943354716,-2.106005017305,
    -1.352333093634));
#8509 = CARTESIAN_POINT('',(-3.62353905497,-2.039233765213,
    -1.450444911102));
#8510 = CARTESIAN_POINT('',(-3.714948315793,-1.902992304979,
    -1.625080021573));
#8511 = CARTESIAN_POINT('',(-3.78136456181,-1.83533176524,
    -1.699663195058));
#8512 = CARTESIAN_POINT('',(-3.946838509195,-1.715029420604,
    -1.820980986062));
#8513 = CARTESIAN_POINT('',(-4.046049898655,-1.662753647568,
    -1.867492877886));
#8514 = CARTESIAN_POINT('',(-4.262498939383,-1.590240351024,
    -1.929615238184));
#8515 = CARTESIAN_POINT('',(-4.381809754535,-1.569900987672,
    -1.945613242375));
#8516 = CARTESIAN_POINT('',(-4.5,-1.569900987672,-1.945613242375));
#8517 = FACE_BOUND('',#8518,.F.);
#8518 = EDGE_LOOP('',(#8519,#8520));
#8519 = ORIENTED_EDGE('',*,*,#8086,.T.);
#8520 = ORIENTED_EDGE('',*,*,#8521,.T.);
#8521 = EDGE_CURVE('',#8079,#8087,#8522,.T.);
#8522 = B_SPLINE_CURVE_WITH_KNOTS('',3,(#8523,#8524,#8525,#8526,#8527,
    #8528,#8529,#8530,#8531,#8532,#8533,#8534,#8535,#8536,#8537,#8538,
    #8539,#8540),.UNSPECIFIED.,.F.,.F.,(4,2,2,2,2,2,2,2,4),(0.,
    3.547180896983E-04,7.094361793967E-04,1.064154269095E-03,
    1.418872358793E-03,1.773590448492E-03,2.12830853819E-03,
    2.483026627888E-03,2.837744717587E-03),.UNSPECIFIED.);
#8523 = CARTESIAN_POINT('',(-4.5,-1.569900987672,1.945613242375));
#8524 = CARTESIAN_POINT('',(-4.379970641263,-1.569900987672,
    1.945613242375));
#8525 = CARTESIAN_POINT('',(-4.262327379712,-1.59022104206,
    1.929639190749));
#8526 = CARTESIAN_POINT('',(-4.044891832547,-1.663218869711,
    1.867086864749));
#8527 = CARTESIAN_POINT('',(-3.945777888885,-1.715708745796,
    1.820325203988));
#8528 = CARTESIAN_POINT('',(-3.781248807657,-1.835508342292,
    1.699455640507));
#8529 = CARTESIAN_POINT('',(-3.714369210094,-1.903873666685,
    1.623943376813));
#8530 = CARTESIAN_POINT('',(-3.624198447512,-2.038232755745,
    1.451734914921));
#8531 = CARTESIAN_POINT('',(-3.600056851397,-2.105538934221,
    1.353058655614));
#8532 = CARTESIAN_POINT('',(-3.599943354716,-2.224157322118,
    1.147687298666));
#8533 = CARTESIAN_POINT('',(-3.62353905497,-2.27573902241,1.040805789378
    ));
#8534 = CARTESIAN_POINT('',(-3.714948315793,-2.358856734354,
    0.835499668532));
#8535 = CARTESIAN_POINT('',(-3.78136456181,-2.389617387418,
    0.739612335542));
#8536 = CARTESIAN_POINT('',(-3.946838509195,-2.43453050404,
    0.574768553449));
#8537 = CARTESIAN_POINT('',(-4.046049898655,-2.44867309742,
    0.506240460086));
#8538 = CARTESIAN_POINT('',(-4.262498939383,-2.466215991309,
    0.412380923018));
#8539 = CARTESIAN_POINT('',(-4.381809754535,-2.469900987672,
    0.386767515563));
#8540 = CARTESIAN_POINT('',(-4.5,-2.469900987672,0.386767515563));
#8541 = FACE_BOUND('',#8542,.F.);
#8542 = EDGE_LOOP('',(#8543,#8551,#8552,#8560,#8569,#8575,#8576,#8584));
#8543 = ORIENTED_EDGE('',*,*,#8544,.T.);
#8544 = EDGE_CURVE('',#8545,#8437,#8547,.T.);
#8545 = VERTEX_POINT('',#8546);
#8546 = CARTESIAN_POINT('',(0.,0.,2.5));
#8547 = LINE('',#8548,#8549);
#8548 = CARTESIAN_POINT('',(-5.8,0.,2.5));
#8549 = VECTOR('',#8550,1.);
#8550 = DIRECTION('',(-1.,-0.,-0.));
#8551 = ORIENTED_EDGE('',*,*,#8436,.T.);
#8552 = ORIENTED_EDGE('',*,*,#8553,.T.);
#8553 = EDGE_CURVE('',#8429,#8554,#8556,.T.);
#8554 = VERTEX_POINT('',#8555);
#8555 = CARTESIAN_POINT('',(-5.8,0.,2.5));
#8556 = LINE('',#8557,#8558);
#8557 = CARTESIAN_POINT('',(-5.8,0.,2.5));
#8558 = VECTOR('',#8559,1.);
#8559 = DIRECTION('',(-1.,-0.,-0.));
#8560 = ORIENTED_EDGE('',*,*,#8561,.F.);
#8561 = EDGE_CURVE('',#8562,#8554,#8564,.T.);
#8562 = VERTEX_POINT('',#8563);
#8563 = CARTESIAN_POINT('',(-5.8,3.061616997868E-16,-2.5));
#8564 = CIRCLE('',#8565,2.5);
#8565 = AXIS2_PLACEMENT_3D('',#8566,#8567,#8568);
#8566 = CARTESIAN_POINT('',(-5.8,0.,0.));
#8567 = DIRECTION('',(-1.,0.,-0.));
#8568 = DIRECTION('',(-0.,0.,1.));
#8569 = ORIENTED_EDGE('',*,*,#8570,.F.);
#8570 = EDGE_CURVE('',#8227,#8562,#8571,.T.);
#8571 = LINE('',#8572,#8573);
#8572 = CARTESIAN_POINT('',(-5.8,3.061616997868E-16,-2.5));
#8573 = VECTOR('',#8574,1.);
#8574 = DIRECTION('',(-1.,-0.,-0.));
#8575 = ORIENTED_EDGE('',*,*,#8226,.T.);
#8576 = ORIENTED_EDGE('',*,*,#8577,.F.);
#8577 = EDGE_CURVE('',#8578,#8219,#8580,.T.);
#8578 = VERTEX_POINT('',#8579);
#8579 = CARTESIAN_POINT('',(0.,3.061616997868E-16,-2.5));
#8580 = LINE('',#8581,#8582);
#8581 = CARTESIAN_POINT('',(-5.8,3.061616997868E-16,-2.5));
#8582 = VECTOR('',#8583,1.);
#8583 = DIRECTION('',(-1.,-0.,-0.));
#8584 = ORIENTED_EDGE('',*,*,#8585,.T.);
#8585 = EDGE_CURVE('',#8578,#8545,#8586,.T.);
#8586 = CIRCLE('',#8587,2.5);
#8587 = AXIS2_PLACEMENT_3D('',#8588,#8589,#8590);
#8588 = CARTESIAN_POINT('',(0.,0.,0.));
#8589 = DIRECTION('',(-1.,0.,-0.));
#8590 = DIRECTION('',(-0.,0.,1.));
#8591 = CYLINDRICAL_SURFACE('',#8592,2.5);
#8592 = AXIS2_PLACEMENT_3D('',#8593,#8594,#8595);
#8593 = CARTESIAN_POINT('',(-5.8,0.,0.));
#8594 = DIRECTION('',(-1.,-0.,-0.));
#8595 = DIRECTION('',(-0.,0.,1.));
#8596 = ADVANCED_FACE('',(#8597,#8619,#8641),#8727,.T.);
#8597 = FACE_BOUND('',#8598,.T.);
#8598 = EDGE_LOOP('',(#8599,#8600));
#8599 = ORIENTED_EDGE('',*,*,#8397,.F.);
#8600 = ORIENTED_EDGE('',*,*,#8601,.F.);
#8601 = EDGE_CURVE('',#8390,#8357,#8602,.T.);
#8602 = B_SPLINE_CURVE_WITH_KNOTS('',3,(#8603,#8604,#8605,#8606,#8607,
    #8608,#8609,#8610,#8611,#8612,#8613,#8614,#8615,#8616,#8617,#8618),
  .UNSPECIFIED.,.F.,.F.,(4,2,2,2,2,2,2,4),(2.817784314982E-03,
    3.169920865155E-03,3.522057415327E-03,3.8741939655E-03,
    4.226330515673E-03,4.578467065846E-03,4.930603616019E-03,
    5.634876716364E-03),.UNSPECIFIED.);
#8603 = CARTESIAN_POINT('',(-4.5,4.687363136863,3.745480853399));
#8604 = CARTESIAN_POINT('',(-4.382466382489,4.687363136863,
    3.745480853399));
#8605 = CARTESIAN_POINT('',(-4.26390469872,4.702397794732,3.726862955813
    ));
#8606 = CARTESIAN_POINT('',(-4.047265197308,4.758139816961,
    3.655428564965));
#8607 = CARTESIAN_POINT('',(-3.947029853257,4.79928332263,3.601920340383
    ));
#8608 = CARTESIAN_POINT('',(-3.781013888934,4.897508466976,
    3.467183491718));
#8609 = CARTESIAN_POINT('',(-3.714219797663,4.954888786146,
    3.385409868086));
#8610 = CARTESIAN_POINT('',(-3.62361083619,5.074786764192,3.2028834128)
  );
#8611 = CARTESIAN_POINT('',(-3.600077690052,5.136370498218,
    3.103522023577));
#8612 = CARTESIAN_POINT('',(-3.599922691938,5.255347960117,
    2.897493514038));
#8613 = CARTESIAN_POINT('',(-3.623372110986,5.310712089164,
    2.794321773971));
#8614 = CARTESIAN_POINT('',(-3.713546399466,5.408765243698,
    2.599452944188));
#8615 = CARTESIAN_POINT('',(-3.780378421158,5.451064394238,
    2.508555230299));
#8616 = CARTESIAN_POINT('',(-4.028779856222,5.552469447447,
    2.279888709905));
#8617 = CARTESIAN_POINT('',(-4.26183564149,5.587363136863,2.186635126587
    ));
#8618 = CARTESIAN_POINT('',(-4.5,5.587363136863,2.186635126587));
#8619 = FACE_BOUND('',#8620,.T.);
#8620 = EDGE_LOOP('',(#8621,#8622));
#8621 = ORIENTED_EDGE('',*,*,#8327,.F.);
#8622 = ORIENTED_EDGE('',*,*,#8623,.F.);
#8623 = EDGE_CURVE('',#8320,#8287,#8624,.T.);
#8624 = B_SPLINE_CURVE_WITH_KNOTS('',3,(#8625,#8626,#8627,#8628,#8629,
    #8630,#8631,#8632,#8633,#8634,#8635,#8636,#8637,#8638,#8639,#8640),
  .UNSPECIFIED.,.F.,.F.,(4,2,2,2,2,2,2,4),(2.817784314982E-03,
    3.169920865155E-03,3.522057415327E-03,3.8741939655E-03,
    4.226330515673E-03,4.578467065846E-03,4.930603616019E-03,
    5.634876716364E-03),.UNSPECIFIED.);
#8625 = CARTESIAN_POINT('',(-4.5,5.587363136863,-2.186635126587));
#8626 = CARTESIAN_POINT('',(-4.382466382489,5.587363136863,
    -2.186635126587));
#8627 = CARTESIAN_POINT('',(-4.26390469872,5.578756893523,
    -2.208964471031));
#8628 = CARTESIAN_POINT('',(-4.047265197308,5.544763907459,
    -2.292955673764));
#8629 = CARTESIAN_POINT('',(-3.947029853257,5.518996178495,
    -2.355341107165));
#8630 = CARTESIAN_POINT('',(-3.781013888934,5.451423216898,
    -2.507775001792));
#8631 = CARTESIAN_POINT('',(-3.714219797663,5.409295341058,
    -2.598354627686));
#8632 = CARTESIAN_POINT('',(-3.62361083619,5.31117178294,-2.793452550179
    ));
#8633 = CARTESIAN_POINT('',(-3.600077690052,5.255914162731,
    -2.896466322918));
#8634 = CARTESIAN_POINT('',(-3.599922691938,5.136976970516,
    -3.102518082169));
#8635 = CARTESIAN_POINT('',(-3.623372110986,5.075309687189,
    -3.202050694416));
#8636 = CARTESIAN_POINT('',(-3.713546399466,4.955574907458,
    -3.384401632055));
#8637 = CARTESIAN_POINT('',(-3.780378421158,4.898004753355,
    -3.466482627926));
#8638 = CARTESIAN_POINT('',(-4.028779856222,4.750676264303,
    -3.668635240274));
#8639 = CARTESIAN_POINT('',(-4.26183564149,4.687363136863,
    -3.745480853399));
#8640 = CARTESIAN_POINT('',(-4.5,4.687363136863,-3.745480853399));
#8641 = FACE_BOUND('',#8642,.T.);
#8642 = EDGE_LOOP('',(#8643,#8654,#8660,#8679,#8687,#8696,#8702,#8721));
#8643 = ORIENTED_EDGE('',*,*,#8644,.T.);
#8644 = EDGE_CURVE('',#8645,#8647,#8649,.T.);
#8645 = VERTEX_POINT('',#8646);
#8646 = CARTESIAN_POINT('',(3.2,0.,6.));
#8647 = VERTEX_POINT('',#8648);
#8648 = CARTESIAN_POINT('',(3.2,7.347880794884E-16,-6.));
#8649 = CIRCLE('',#8650,6.);
#8650 = AXIS2_PLACEMENT_3D('',#8651,#8652,#8653);
#8651 = CARTESIAN_POINT('',(3.2,0.,0.));
#8652 = DIRECTION('',(-1.,0.,-0.));
#8653 = DIRECTION('',(-0.,0.,1.));
#8654 = ORIENTED_EDGE('',*,*,#8655,.T.);
#8655 = EDGE_CURVE('',#8647,#8217,#8656,.T.);
#8656 = LINE('',#8657,#8658);
#8657 = CARTESIAN_POINT('',(-5.8,7.347880794884E-16,-6.));
#8658 = VECTOR('',#8659,1.);
#8659 = DIRECTION('',(-1.,-0.,-0.));
#8660 = ORIENTED_EDGE('',*,*,#8661,.F.);
#8661 = EDGE_CURVE('',#8250,#8217,#8662,.T.);
#8662 = B_SPLINE_CURVE_WITH_KNOTS('',3,(#8663,#8664,#8665,#8666,#8667,
    #8668,#8669,#8670,#8671,#8672,#8673,#8674,#8675,#8676,#8677,#8678),
  .UNSPECIFIED.,.F.,.F.,(4,2,2,2,2,2,2,4),(2.817787204588E-03,
    3.169924231029E-03,3.522061257471E-03,3.874198283912E-03,
    4.226335310353E-03,4.578472336794E-03,4.930609363236E-03,
    5.634883416118E-03),.UNSPECIFIED.);
#8663 = CARTESIAN_POINT('',(-5.400000000013,-1.600805922581E-12,
    -6.000000000002));
#8664 = CARTESIAN_POINT('',(-5.4,0.117533696188,-6.));
#8665 = CARTESIAN_POINT('',(-5.376358951747,0.236096753592,
    -5.996334764905));
#8666 = CARTESIAN_POINT('',(-5.286621770413,0.452739306529,
    -5.983878291726));
#8667 = CARTESIAN_POINT('',(-5.219707185724,0.552977471995,
    -5.975046808808));
#8668 = CARTESIAN_POINT('',(-5.053907795703,0.718991426636,
    -5.957350063611));
#8669 = CARTESIAN_POINT('',(-4.954401137087,0.785782914993,
    -5.948498778761));
#8670 = CARTESIAN_POINT('',(-4.736384442048,0.876388942445,
    -5.935826389979));
#8671 = CARTESIAN_POINT('',(-4.619546604664,0.899922095583,
    -5.93212779937));
#8672 = CARTESIAN_POINT('',(-4.381629284865,0.90007752033,
    -5.932104218873));
#8673 = CARTESIAN_POINT('',(-4.264599534543,0.876628101603,
    -5.935789391951));
#8674 = CARTESIAN_POINT('',(-4.046815409174,0.7864565686,-5.948408072739
    ));
#8675 = CARTESIAN_POINT('',(-3.946947515939,0.719626989592,
    -5.957270416736));
#8676 = CARTESIAN_POINT('',(-3.698212535997,0.471229328108,
    -5.983784605868));
#8677 = CARTESIAN_POINT('',(-3.6,0.238163773077,-6.));
#8678 = CARTESIAN_POINT('',(-3.6,5.510910596163E-16,-6.));
#8679 = ORIENTED_EDGE('',*,*,#8680,.T.);
#8680 = EDGE_CURVE('',#8250,#8681,#8683,.T.);
#8681 = VERTEX_POINT('',#8682);
#8682 = CARTESIAN_POINT('',(-5.8,7.347880794884E-16,-6.));
#8683 = LINE('',#8684,#8685);
#8684 = CARTESIAN_POINT('',(-5.8,7.347880794884E-16,-6.));
#8685 = VECTOR('',#8686,1.);
#8686 = DIRECTION('',(-1.,-0.,-0.));
#8687 = ORIENTED_EDGE('',*,*,#8688,.F.);
#8688 = EDGE_CURVE('',#8689,#8681,#8691,.T.);
#8689 = VERTEX_POINT('',#8690);
#8690 = CARTESIAN_POINT('',(-5.8,0.,6.));
#8691 = CIRCLE('',#8692,6.);
#8692 = AXIS2_PLACEMENT_3D('',#8693,#8694,#8695);
#8693 = CARTESIAN_POINT('',(-5.8,0.,0.));
#8694 = DIRECTION('',(-1.,0.,-0.));
#8695 = DIRECTION('',(-0.,0.,1.));
#8696 = ORIENTED_EDGE('',*,*,#8697,.F.);
#8697 = EDGE_CURVE('',#8427,#8689,#8698,.T.);
#8698 = LINE('',#8699,#8700);
#8699 = CARTESIAN_POINT('',(-5.8,0.,6.));
#8700 = VECTOR('',#8701,1.);
#8701 = DIRECTION('',(-1.,-0.,-0.));
#8702 = ORIENTED_EDGE('',*,*,#8703,.F.);
#8703 = EDGE_CURVE('',#8460,#8427,#8704,.T.);
#8704 = B_SPLINE_CURVE_WITH_KNOTS('',3,(#8705,#8706,#8707,#8708,#8709,
    #8710,#8711,#8712,#8713,#8714,#8715,#8716,#8717,#8718,#8719,#8720),
  .UNSPECIFIED.,.F.,.F.,(4,2,2,2,2,2,2,4),(2.817787204588E-03,
    3.169924231029E-03,3.522061257471E-03,3.874198283912E-03,
    4.226335310353E-03,4.578472336794E-03,4.930609363236E-03,
    5.634883416118E-03),.UNSPECIFIED.);
#8705 = CARTESIAN_POINT('',(-3.599999999987,-1.601540707946E-12,
    6.000000000002));
#8706 = CARTESIAN_POINT('',(-3.6,0.117533696188,6.));
#8707 = CARTESIAN_POINT('',(-3.623641048253,0.236096753592,
    5.996334764905));
#8708 = CARTESIAN_POINT('',(-3.713378229587,0.452739306529,
    5.983878291726));
#8709 = CARTESIAN_POINT('',(-3.780292814276,0.552977471995,
    5.975046808808));
#8710 = CARTESIAN_POINT('',(-3.946092204297,0.718991426636,
    5.957350063611));
#8711 = CARTESIAN_POINT('',(-4.045598862913,0.785782914993,
    5.948498778761));
#8712 = CARTESIAN_POINT('',(-4.263615557952,0.876388942445,
    5.935826389979));
#8713 = CARTESIAN_POINT('',(-4.380453395336,0.899922095583,5.93212779937
    ));
#8714 = CARTESIAN_POINT('',(-4.618370715135,0.90007752033,5.932104218873
    ));
#8715 = CARTESIAN_POINT('',(-4.735400465457,0.876628101603,
    5.935789391951));
#8716 = CARTESIAN_POINT('',(-4.953184590826,0.7864565686,5.948408072739)
  );
#8717 = CARTESIAN_POINT('',(-5.053052484061,0.719626989592,
    5.957270416736));
#8718 = CARTESIAN_POINT('',(-5.301787464003,0.471229328108,
    5.983784605868));
#8719 = CARTESIAN_POINT('',(-5.4,0.238163773077,6.));
#8720 = CARTESIAN_POINT('',(-5.4,-5.510910596163E-16,6.));
#8721 = ORIENTED_EDGE('',*,*,#8722,.F.);
#8722 = EDGE_CURVE('',#8645,#8460,#8723,.T.);
#8723 = LINE('',#8724,#8725);
#8724 = CARTESIAN_POINT('',(-5.8,0.,6.));
#8725 = VECTOR('',#8726,1.);
#8726 = DIRECTION('',(-1.,-0.,-0.));
#8727 = CYLINDRICAL_SURFACE('',#8728,6.);
#8728 = AXIS2_PLACEMENT_3D('',#8729,#8730,#8731);
#8729 = CARTESIAN_POINT('',(-5.8,0.,0.));
#8730 = DIRECTION('',(-1.,-0.,-0.));
#8731 = DIRECTION('',(-0.,0.,1.));
#8732 = ADVANCED_FACE('',(#8733),#8769,.F.);
#8733 = FACE_BOUND('',#8734,.F.);
#8734 = EDGE_LOOP('',(#8735,#8745,#8754,#8762));
#8735 = ORIENTED_EDGE('',*,*,#8736,.T.);
#8736 = EDGE_CURVE('',#8737,#8739,#8741,.T.);
#8737 = VERTEX_POINT('',#8738);
#8738 = CARTESIAN_POINT('',(3.2,0.,3.1));
#8739 = VERTEX_POINT('',#8740);
#8740 = CARTESIAN_POINT('',(0.,0.,3.1));
#8741 = LINE('',#8742,#8743);
#8742 = CARTESIAN_POINT('',(-5.8,0.,3.1));
#8743 = VECTOR('',#8744,1.);
#8744 = DIRECTION('',(-1.,-0.,-0.));
#8745 = ORIENTED_EDGE('',*,*,#8746,.F.);
#8746 = EDGE_CURVE('',#8747,#8739,#8749,.T.);
#8747 = VERTEX_POINT('',#8748);
#8748 = CARTESIAN_POINT('',(0.,3.796405077357E-16,-3.1));
#8749 = CIRCLE('',#8750,3.1);
#8750 = AXIS2_PLACEMENT_3D('',#8751,#8752,#8753);
#8751 = CARTESIAN_POINT('',(0.,0.,0.));
#8752 = DIRECTION('',(-1.,0.,-0.));
#8753 = DIRECTION('',(-0.,0.,1.));
#8754 = ORIENTED_EDGE('',*,*,#8755,.F.);
#8755 = EDGE_CURVE('',#8756,#8747,#8758,.T.);
#8756 = VERTEX_POINT('',#8757);
#8757 = CARTESIAN_POINT('',(3.2,3.796405077357E-16,-3.1));
#8758 = LINE('',#8759,#8760);
#8759 = CARTESIAN_POINT('',(-5.8,3.796405077357E-16,-3.1));
#8760 = VECTOR('',#8761,1.);
#8761 = DIRECTION('',(-1.,-0.,-0.));
#8762 = ORIENTED_EDGE('',*,*,#8763,.T.);
#8763 = EDGE_CURVE('',#8756,#8737,#8764,.T.);
#8764 = CIRCLE('',#8765,3.1);
#8765 = AXIS2_PLACEMENT_3D('',#8766,#8767,#8768);
#8766 = CARTESIAN_POINT('',(3.2,0.,0.));
#8767 = DIRECTION('',(-1.,0.,-0.));
#8768 = DIRECTION('',(-0.,0.,1.));
#8769 = CYLINDRICAL_SURFACE('',#8770,3.1);
#8770 = AXIS2_PLACEMENT_3D('',#8771,#8772,#8773);
#8771 = CARTESIAN_POINT('',(-5.8,0.,0.));
#8772 = DIRECTION('',(-1.,-0.,-0.));
#8773 = DIRECTION('',(-0.,0.,1.));
#8774 = ADVANCED_FACE('',(#8775),#8793,.F.);
#8775 = FACE_BOUND('',#8776,.F.);
#8776 = EDGE_LOOP('',(#8777,#8784,#8785,#8792));
#8777 = ORIENTED_EDGE('',*,*,#8778,.F.);
#8778 = EDGE_CURVE('',#8739,#8747,#8779,.T.);
#8779 = CIRCLE('',#8780,3.1);
#8780 = AXIS2_PLACEMENT_3D('',#8781,#8782,#8783);
#8781 = CARTESIAN_POINT('',(0.,0.,0.));
#8782 = DIRECTION('',(-1.,0.,-0.));
#8783 = DIRECTION('',(-0.,0.,1.));
#8784 = ORIENTED_EDGE('',*,*,#8736,.F.);
#8785 = ORIENTED_EDGE('',*,*,#8786,.T.);
#8786 = EDGE_CURVE('',#8737,#8756,#8787,.T.);
#8787 = CIRCLE('',#8788,3.1);
#8788 = AXIS2_PLACEMENT_3D('',#8789,#8790,#8791);
#8789 = CARTESIAN_POINT('',(3.2,0.,0.));
#8790 = DIRECTION('',(-1.,0.,-0.));
#8791 = DIRECTION('',(-0.,0.,1.));
#8792 = ORIENTED_EDGE('',*,*,#8755,.T.);
#8793 = CYLINDRICAL_SURFACE('',#8794,3.1);
#8794 = AXIS2_PLACEMENT_3D('',#8795,#8796,#8797);
#8795 = CARTESIAN_POINT('',(-5.8,0.,0.));
#8796 = DIRECTION('',(-1.,-0.,-0.));
#8797 = DIRECTION('',(-0.,0.,1.));
#8798 = ADVANCED_FACE('',(#8799,#8803),#8813,.T.);
#8799 = FACE_BOUND('',#8800,.T.);
#8800 = EDGE_LOOP('',(#8801,#8802));
#8801 = ORIENTED_EDGE('',*,*,#8786,.T.);
#8802 = ORIENTED_EDGE('',*,*,#8763,.T.);
#8803 = FACE_BOUND('',#8804,.T.);
#8804 = EDGE_LOOP('',(#8805,#8806));
#8805 = ORIENTED_EDGE('',*,*,#8644,.F.);
#8806 = ORIENTED_EDGE('',*,*,#8807,.F.);
#8807 = EDGE_CURVE('',#8647,#8645,#8808,.T.);
#8808 = CIRCLE('',#8809,6.);
#8809 = AXIS2_PLACEMENT_3D('',#8810,#8811,#8812);
#8810 = CARTESIAN_POINT('',(3.2,0.,0.));
#8811 = DIRECTION('',(-1.,0.,-0.));
#8812 = DIRECTION('',(-0.,0.,1.));
#8813 = PLANE('',#8814);
#8814 = AXIS2_PLACEMENT_3D('',#8815,#8816,#8817);
#8815 = CARTESIAN_POINT('',(3.2,-3.1,0.));
#8816 = DIRECTION('',(1.,0.,0.));
#8817 = DIRECTION('',(0.,0.,-1.));
#8818 = ADVANCED_FACE('',(#8819,#8835,#8857),#8879,.T.);
#8819 = FACE_BOUND('',#8820,.T.);
#8820 = EDGE_LOOP('',(#8821,#8822,#8823,#8824,#8825,#8826,#8833,#8834));
#8821 = ORIENTED_EDGE('',*,*,#8655,.F.);
#8822 = ORIENTED_EDGE('',*,*,#8807,.T.);
#8823 = ORIENTED_EDGE('',*,*,#8722,.T.);
#8824 = ORIENTED_EDGE('',*,*,#8467,.F.);
#8825 = ORIENTED_EDGE('',*,*,#8697,.T.);
#8826 = ORIENTED_EDGE('',*,*,#8827,.F.);
#8827 = EDGE_CURVE('',#8681,#8689,#8828,.T.);
#8828 = CIRCLE('',#8829,6.);
#8829 = AXIS2_PLACEMENT_3D('',#8830,#8831,#8832);
#8830 = CARTESIAN_POINT('',(-5.8,0.,0.));
#8831 = DIRECTION('',(-1.,0.,-0.));
#8832 = DIRECTION('',(-0.,0.,1.));
#8833 = ORIENTED_EDGE('',*,*,#8680,.F.);
#8834 = ORIENTED_EDGE('',*,*,#8257,.F.);
#8835 = FACE_BOUND('',#8836,.T.);
#8836 = EDGE_LOOP('',(#8837,#8838));
#8837 = ORIENTED_EDGE('',*,*,#8117,.F.);
#8838 = ORIENTED_EDGE('',*,*,#8839,.F.);
#8839 = EDGE_CURVE('',#8110,#8077,#8840,.T.);
#8840 = B_SPLINE_CURVE_WITH_KNOTS('',3,(#8841,#8842,#8843,#8844,#8845,
    #8846,#8847,#8848,#8849,#8850,#8851,#8852,#8853,#8854,#8855,#8856),
  .UNSPECIFIED.,.F.,.F.,(4,2,2,2,2,2,2,4),(2.817784314982E-03,
    3.169920865155E-03,3.522057415327E-03,3.8741939655E-03,
    4.226330515673E-03,4.578467065846E-03,4.930603616019E-03,
    5.634876716364E-03),.UNSPECIFIED.);
#8841 = CARTESIAN_POINT('',(-4.5,-5.587363136863,2.186635126587));
#8842 = CARTESIAN_POINT('',(-4.382466382489,-5.587363136863,
    2.186635126587));
#8843 = CARTESIAN_POINT('',(-4.26390469872,-5.578756893523,
    2.208964471031));
#8844 = CARTESIAN_POINT('',(-4.047265197308,-5.544763907459,
    2.292955673764));
#8845 = CARTESIAN_POINT('',(-3.947029853257,-5.518996178495,
    2.355341107165));
#8846 = CARTESIAN_POINT('',(-3.781013888934,-5.451423216898,
    2.507775001792));
#8847 = CARTESIAN_POINT('',(-3.714219797663,-5.409295341058,
    2.598354627686));
#8848 = CARTESIAN_POINT('',(-3.62361083619,-5.31117178294,2.793452550179
    ));
#8849 = CARTESIAN_POINT('',(-3.600077690052,-5.255914162731,
    2.896466322918));
#8850 = CARTESIAN_POINT('',(-3.599922691938,-5.136976970516,
    3.102518082169));
#8851 = CARTESIAN_POINT('',(-3.623372110986,-5.075309687189,
    3.202050694416));
#8852 = CARTESIAN_POINT('',(-3.713546399466,-4.955574907458,
    3.384401632055));
#8853 = CARTESIAN_POINT('',(-3.780378421158,-4.898004753355,
    3.466482627926));
#8854 = CARTESIAN_POINT('',(-4.028779856222,-4.750676264303,
    3.668635240274));
#8855 = CARTESIAN_POINT('',(-4.26183564149,-4.687363136863,
    3.745480853399));
#8856 = CARTESIAN_POINT('',(-4.5,-4.687363136863,3.745480853399));
#8857 = FACE_BOUND('',#8858,.T.);
#8858 = EDGE_LOOP('',(#8859,#8860));
#8859 = ORIENTED_EDGE('',*,*,#8187,.F.);
#8860 = ORIENTED_EDGE('',*,*,#8861,.F.);
#8861 = EDGE_CURVE('',#8180,#8147,#8862,.T.);
#8862 = B_SPLINE_CURVE_WITH_KNOTS('',3,(#8863,#8864,#8865,#8866,#8867,
    #8868,#8869,#8870,#8871,#8872,#8873,#8874,#8875,#8876,#8877,#8878),
  .UNSPECIFIED.,.F.,.F.,(4,2,2,2,2,2,2,4),(2.817784314982E-03,
    3.169920865155E-03,3.522057415327E-03,3.8741939655E-03,
    4.226330515673E-03,4.578467065846E-03,4.930603616019E-03,
    5.634876716364E-03),.UNSPECIFIED.);
#8863 = CARTESIAN_POINT('',(-4.5,-4.687363136863,-3.745480853399));
#8864 = CARTESIAN_POINT('',(-4.382466382489,-4.687363136863,
    -3.745480853399));
#8865 = CARTESIAN_POINT('',(-4.26390469872,-4.702397794732,
    -3.726862955813));
#8866 = CARTESIAN_POINT('',(-4.047265197308,-4.758139816961,
    -3.655428564965));
#8867 = CARTESIAN_POINT('',(-3.947029853257,-4.79928332263,
    -3.601920340383));
#8868 = CARTESIAN_POINT('',(-3.781013888934,-4.897508466976,
    -3.467183491718));
#8869 = CARTESIAN_POINT('',(-3.714219797663,-4.954888786146,
    -3.385409868086));
#8870 = CARTESIAN_POINT('',(-3.62361083619,-5.074786764192,-3.2028834128
    ));
#8871 = CARTESIAN_POINT('',(-3.600077690052,-5.136370498218,
    -3.103522023577));
#8872 = CARTESIAN_POINT('',(-3.599922691938,-5.255347960117,
    -2.897493514038));
#8873 = CARTESIAN_POINT('',(-3.623372110986,-5.310712089164,
    -2.794321773971));
#8874 = CARTESIAN_POINT('',(-3.713546399466,-5.408765243698,
    -2.599452944188));
#8875 = CARTESIAN_POINT('',(-3.780378421158,-5.451064394238,
    -2.508555230299));
#8876 = CARTESIAN_POINT('',(-4.028779856222,-5.552469447447,
    -2.279888709905));
#8877 = CARTESIAN_POINT('',(-4.26183564149,-5.587363136863,
    -2.186635126587));
#8878 = CARTESIAN_POINT('',(-4.5,-5.587363136863,-2.186635126587));
#8879 = CYLINDRICAL_SURFACE('',#8880,6.);
#8880 = AXIS2_PLACEMENT_3D('',#8881,#8882,#8883);
#8881 = CARTESIAN_POINT('',(-5.8,0.,0.));
#8882 = DIRECTION('',(-1.,-0.,-0.));
#8883 = DIRECTION('',(-0.,0.,1.));
#8884 = ADVANCED_FACE('',(#8885,#8889),#8899,.T.);
#8885 = FACE_BOUND('',#8886,.T.);
#8886 = EDGE_LOOP('',(#8887,#8888));
#8887 = ORIENTED_EDGE('',*,*,#8688,.T.);
#8888 = ORIENTED_EDGE('',*,*,#8827,.T.);
#8889 = FACE_BOUND('',#8890,.T.);
#8890 = EDGE_LOOP('',(#8891,#8898));
#8891 = ORIENTED_EDGE('',*,*,#8892,.F.);
#8892 = EDGE_CURVE('',#8554,#8562,#8893,.T.);
#8893 = CIRCLE('',#8894,2.5);
#8894 = AXIS2_PLACEMENT_3D('',#8895,#8896,#8897);
#8895 = CARTESIAN_POINT('',(-5.8,0.,0.));
#8896 = DIRECTION('',(-1.,0.,-0.));
#8897 = DIRECTION('',(-0.,0.,1.));
#8898 = ORIENTED_EDGE('',*,*,#8561,.F.);
#8899 = PLANE('',#8900);
#8900 = AXIS2_PLACEMENT_3D('',#8901,#8902,#8903);
#8901 = CARTESIAN_POINT('',(-5.8,-6.,0.));
#8902 = DIRECTION('',(-1.,0.,-0.));
#8903 = DIRECTION('',(0.,0.,1.));
#8904 = ADVANCED_FACE('',(#8905,#8961,#8985),#9009,.F.);
#8905 = FACE_BOUND('',#8906,.F.);
#8906 = EDGE_LOOP('',(#8907,#8928,#8929,#8930,#8931,#8952,#8953,#8960));
#8907 = ORIENTED_EDGE('',*,*,#8908,.T.);
#8908 = EDGE_CURVE('',#8219,#8227,#8909,.T.);
#8909 = B_SPLINE_CURVE_WITH_KNOTS('',3,(#8910,#8911,#8912,#8913,#8914,
    #8915,#8916,#8917,#8918,#8919,#8920,#8921,#8922,#8923,#8924,#8925,
    #8926,#8927),.UNSPECIFIED.,.F.,.F.,(4,2,2,2,2,2,2,2,4),(0.,
    3.547304738234E-04,7.094609476468E-04,1.06419142147E-03,
    1.418921895294E-03,1.773652369117E-03,2.12838284294E-03,
    2.483113316764E-03,2.837843790587E-03),.UNSPECIFIED.);
#8910 = CARTESIAN_POINT('',(-3.6,5.510910596163E-16,-2.5));
#8911 = CARTESIAN_POINT('',(-3.6,0.120017185414,-2.5));
#8912 = CARTESIAN_POINT('',(-3.623989556708,0.237704637582,
    -2.491097366685));
#8913 = CARTESIAN_POINT('',(-3.714765558652,0.455307218926,
    -2.460643192628));
#8914 = CARTESIAN_POINT('',(-3.781603744948,0.554480148766,
    -2.439218051985));
#8915 = CARTESIAN_POINT('',(-3.94625670403,0.71896437799,-2.395897152152
    ));
#8916 = CARTESIAN_POINT('',(-4.045753415416,0.785727681864,
    -2.373796912796));
#8917 = CARTESIAN_POINT('',(-4.261900803226,0.875794908725,
    -2.342063844368));
#8918 = CARTESIAN_POINT('',(-4.380972564816,0.899936582215,
    -2.33240522907));
#8919 = CARTESIAN_POINT('',(-4.618066456174,0.900063161263,
    -2.332356385791));
#8920 = CARTESIAN_POINT('',(-4.736438535406,0.876467257201,
    -2.341825808094));
#8921 = CARTESIAN_POINT('',(-4.955653715331,0.785160955267,
    -2.373997734356));
#8922 = CARTESIAN_POINT('',(-5.054023942754,0.718832893344,
    -2.395952751578));
#8923 = CARTESIAN_POINT('',(-5.219266538729,0.553460842303,
    -2.439465394791));
#8924 = CARTESIAN_POINT('',(-5.285805849705,0.45417241327,
    -2.460830579696));
#8925 = CARTESIAN_POINT('',(-5.375974446867,0.237554589185,
    -2.491089629079));
#8926 = CARTESIAN_POINT('',(-5.4,0.118211566233,-2.5));
#8927 = CARTESIAN_POINT('',(-5.4,3.062191965342E-16,-2.5));
#8928 = ORIENTED_EDGE('',*,*,#8570,.T.);
#8929 = ORIENTED_EDGE('',*,*,#8892,.F.);
#8930 = ORIENTED_EDGE('',*,*,#8553,.F.);
#8931 = ORIENTED_EDGE('',*,*,#8932,.T.);
#8932 = EDGE_CURVE('',#8429,#8437,#8933,.T.);
#8933 = B_SPLINE_CURVE_WITH_KNOTS('',3,(#8934,#8935,#8936,#8937,#8938,
    #8939,#8940,#8941,#8942,#8943,#8944,#8945,#8946,#8947,#8948,#8949,
    #8950,#8951),.UNSPECIFIED.,.F.,.F.,(4,2,2,2,2,2,2,2,4),(
    2.837843790587E-03,3.192493081427E-03,3.547142372267E-03,
    3.901791663107E-03,4.256440953947E-03,4.611090244787E-03,
    4.965739535627E-03,5.320388826467E-03,5.675038117307E-03),
  .UNSPECIFIED.);
#8934 = CARTESIAN_POINT('',(-5.4,-5.749681496374E-20,2.5));
#8935 = CARTESIAN_POINT('',(-5.4,0.118184512544,2.5));
#8936 = CARTESIAN_POINT('',(-5.37606634225,0.237436546736,2.491118584811
    ));
#8937 = CARTESIAN_POINT('',(-5.285481687153,0.454848182251,
    2.460723683882));
#8938 = CARTESIAN_POINT('',(-5.219308786538,0.553565832997,
    2.439458476588));
#8939 = CARTESIAN_POINT('',(-5.052851588263,0.71985789098,2.395662206416
    ));
#8940 = CARTESIAN_POINT('',(-4.954750668236,0.785597656907,
    2.373847402693));
#8941 = CARTESIAN_POINT('',(-4.736553802655,0.876358458195,
    2.341860589907));
#8942 = CARTESIAN_POINT('',(-4.61833754343,0.900036478916,2.332366681753
    ));
#8943 = CARTESIAN_POINT('',(-4.381108234689,0.899963435761,
    2.332394867047));
#8944 = CARTESIAN_POINT('',(-4.262040780541,0.875872060452,
    2.342037765355));
#8945 = CARTESIAN_POINT('',(-4.045367334312,0.785547958877,
    2.373859129126));
#8946 = CARTESIAN_POINT('',(-3.946051656902,0.718859022657,
    2.395938906673));
#8947 = CARTESIAN_POINT('',(-3.781039180808,0.553816216577,
    2.439378842497));
#8948 = CARTESIAN_POINT('',(-3.714658164685,0.455201981046,
    2.460676424957));
#8949 = CARTESIAN_POINT('',(-3.62375293404,0.23698464347,2.49117955809)
  );
#8950 = CARTESIAN_POINT('',(-3.6,0.119989718495,2.5));
#8951 = CARTESIAN_POINT('',(-3.6,0.,2.5));
#8952 = ORIENTED_EDGE('',*,*,#8544,.F.);
#8953 = ORIENTED_EDGE('',*,*,#8954,.T.);
#8954 = EDGE_CURVE('',#8545,#8578,#8955,.T.);
#8955 = CIRCLE('',#8956,2.5);
#8956 = AXIS2_PLACEMENT_3D('',#8957,#8958,#8959);
#8957 = CARTESIAN_POINT('',(0.,0.,0.));
#8958 = DIRECTION('',(-1.,0.,-0.));
#8959 = DIRECTION('',(-0.,0.,1.));
#8960 = ORIENTED_EDGE('',*,*,#8577,.T.);
#8961 = FACE_BOUND('',#8962,.F.);
#8962 = EDGE_LOOP('',(#8963,#8964));
#8963 = ORIENTED_EDGE('',*,*,#8296,.T.);
#8964 = ORIENTED_EDGE('',*,*,#8965,.T.);
#8965 = EDGE_CURVE('',#8289,#8297,#8966,.T.);
#8966 = B_SPLINE_CURVE_WITH_KNOTS('',3,(#8967,#8968,#8969,#8970,#8971,
    #8972,#8973,#8974,#8975,#8976,#8977,#8978,#8979,#8980,#8981,#8982,
    #8983,#8984),.UNSPECIFIED.,.F.,.F.,(4,2,2,2,2,2,2,2,4),(0.,
    3.547180896983E-04,7.094361793967E-04,1.064154269095E-03,
    1.418872358793E-03,1.773590448492E-03,2.12830853819E-03,
    2.483026627888E-03,2.837744717587E-03),.UNSPECIFIED.);
#8967 = CARTESIAN_POINT('',(-4.5,1.569900987672,-1.945613242375));
#8968 = CARTESIAN_POINT('',(-4.379970641263,1.569900987672,
    -1.945613242375));
#8969 = CARTESIAN_POINT('',(-4.262327379712,1.59022104206,
    -1.929639190748));
#8970 = CARTESIAN_POINT('',(-4.044891832547,1.663218869711,
    -1.867086864749));
#8971 = CARTESIAN_POINT('',(-3.945777888885,1.715708745796,
    -1.820325203988));
#8972 = CARTESIAN_POINT('',(-3.781248807657,1.835508342292,
    -1.699455640507));
#8973 = CARTESIAN_POINT('',(-3.714369210094,1.903873666685,
    -1.623943376812));
#8974 = CARTESIAN_POINT('',(-3.624198447512,2.038232755745,
    -1.451734914921));
#8975 = CARTESIAN_POINT('',(-3.600056851397,2.105538934221,
    -1.353058655614));
#8976 = CARTESIAN_POINT('',(-3.599943354716,2.224157322118,
    -1.147687298666));
#8977 = CARTESIAN_POINT('',(-3.62353905497,2.27573902241,-1.040805789378
    ));
#8978 = CARTESIAN_POINT('',(-3.714948315793,2.358856734354,
    -0.835499668532));
#8979 = CARTESIAN_POINT('',(-3.78136456181,2.389617387418,
    -0.739612335542));
#8980 = CARTESIAN_POINT('',(-3.946838509195,2.43453050404,
    -0.574768553449));
#8981 = CARTESIAN_POINT('',(-4.046049898655,2.44867309742,
    -0.506240460086));
#8982 = CARTESIAN_POINT('',(-4.262498939383,2.466215991309,
    -0.412380923018));
#8983 = CARTESIAN_POINT('',(-4.381809754535,2.469900987672,
    -0.386767515563));
#8984 = CARTESIAN_POINT('',(-4.5,2.469900987672,-0.386767515563));
#8985 = FACE_BOUND('',#8986,.F.);
#8986 = EDGE_LOOP('',(#8987,#8988));
#8987 = ORIENTED_EDGE('',*,*,#8366,.T.);
#8988 = ORIENTED_EDGE('',*,*,#8989,.T.);
#8989 = EDGE_CURVE('',#8359,#8367,#8990,.T.);
#8990 = B_SPLINE_CURVE_WITH_KNOTS('',3,(#8991,#8992,#8993,#8994,#8995,
    #8996,#8997,#8998,#8999,#9000,#9001,#9002,#9003,#9004,#9005,#9006,
    #9007,#9008),.UNSPECIFIED.,.F.,.F.,(4,2,2,2,2,2,2,2,4),(0.,
    3.547180896983E-04,7.094361793967E-04,1.064154269095E-03,
    1.418872358793E-03,1.773590448492E-03,2.12830853819E-03,
    2.483026627888E-03,2.837744717587E-03),.UNSPECIFIED.);
#8991 = CARTESIAN_POINT('',(-4.5,2.469900987672,0.386767515563));
#8992 = CARTESIAN_POINT('',(-4.379970641263,2.469900987672,
    0.386767515563));
#8993 = CARTESIAN_POINT('',(-4.262327379712,2.466227080356,
    0.412352224682));
#8994 = CARTESIAN_POINT('',(-4.044891832547,2.448554090801,
    0.506846360849));
#8995 = CARTESIAN_POINT('',(-3.945777888885,2.434302242701,0.57568475736
    ));
#8996 = CARTESIAN_POINT('',(-3.781248807657,2.38952592843,0.73986903303)
  );
#8997 = CARTESIAN_POINT('',(-3.714369210094,2.35831305197,0.836831272539
    ));
#8998 = CARTESIAN_POINT('',(-3.624198447512,2.276355693754,1.03929388784
    ));
#8999 = CARTESIAN_POINT('',(-3.600056851397,2.224552635682,
    1.146920877885));
#9000 = CARTESIAN_POINT('',(-3.599943354716,2.106005017305,
    1.352333093634));
#9001 = CARTESIAN_POINT('',(-3.62353905497,2.039233765213,1.450444911102
    ));
#9002 = CARTESIAN_POINT('',(-3.714948315793,1.902992304979,
    1.625080021573));
#9003 = CARTESIAN_POINT('',(-3.78136456181,1.83533176524,1.699663195058)
  );
#9004 = CARTESIAN_POINT('',(-3.946838509195,1.715029420604,
    1.820980986062));
#9005 = CARTESIAN_POINT('',(-4.046049898655,1.662753647568,
    1.867492877886));
#9006 = CARTESIAN_POINT('',(-4.262498939383,1.590240351024,
    1.929615238184));
#9007 = CARTESIAN_POINT('',(-4.381809754535,1.569900987672,
    1.945613242375));
#9008 = CARTESIAN_POINT('',(-4.5,1.569900987672,1.945613242375));
#9009 = CYLINDRICAL_SURFACE('',#9010,2.5);
#9010 = AXIS2_PLACEMENT_3D('',#9011,#9012,#9013);
#9011 = CARTESIAN_POINT('',(-5.8,0.,0.));
#9012 = DIRECTION('',(-1.,-0.,-0.));
#9013 = DIRECTION('',(-0.,0.,1.));
#9014 = ADVANCED_FACE('',(#9015,#9019),#9023,.T.);
#9015 = FACE_BOUND('',#9016,.T.);
#9016 = EDGE_LOOP('',(#9017,#9018));
#9017 = ORIENTED_EDGE('',*,*,#8954,.T.);
#9018 = ORIENTED_EDGE('',*,*,#8585,.T.);
#9019 = FACE_BOUND('',#9020,.T.);
#9020 = EDGE_LOOP('',(#9021,#9022));
#9021 = ORIENTED_EDGE('',*,*,#8778,.F.);
#9022 = ORIENTED_EDGE('',*,*,#8746,.F.);
#9023 = PLANE('',#9024);
#9024 = AXIS2_PLACEMENT_3D('',#9025,#9026,#9027);
#9025 = CARTESIAN_POINT('',(3.673940397442E-17,-2.5,0.));
#9026 = DIRECTION('',(1.,0.,0.));
#9027 = DIRECTION('',(0.,0.,-1.));
#9028 = ADVANCED_FACE('',(#9029),#9035,.F.);
#9029 = FACE_BOUND('',#9030,.F.);
#9030 = EDGE_LOOP('',(#9031,#9032,#9033,#9034));
#9031 = ORIENTED_EDGE('',*,*,#8932,.F.);
#9032 = ORIENTED_EDGE('',*,*,#8426,.F.);
#9033 = ORIENTED_EDGE('',*,*,#8703,.F.);
#9034 = ORIENTED_EDGE('',*,*,#8459,.T.);
#9035 = CYLINDRICAL_SURFACE('',#9036,0.9);
#9036 = AXIS2_PLACEMENT_3D('',#9037,#9038,#9039);
#9037 = CARTESIAN_POINT('',(-4.5,-5.510910596163E-16,0.));
#9038 = DIRECTION('',(-0.,-0.,-1.));
#9039 = DIRECTION('',(-1.,0.,0.));
#9040 = ADVANCED_FACE('',(#9041),#9047,.F.);
#9041 = FACE_BOUND('',#9042,.F.);
#9042 = EDGE_LOOP('',(#9043,#9044,#9045,#9046));
#9043 = ORIENTED_EDGE('',*,*,#8989,.F.);
#9044 = ORIENTED_EDGE('',*,*,#8356,.F.);
#9045 = ORIENTED_EDGE('',*,*,#8601,.F.);
#9046 = ORIENTED_EDGE('',*,*,#8389,.T.);
#9047 = CYLINDRICAL_SURFACE('',#9048,0.9);
#9048 = AXIS2_PLACEMENT_3D('',#9049,#9050,#9051);
#9049 = CARTESIAN_POINT('',(-4.5,-2.755455298082E-16,4.772588574262E-16)
  );
#9050 = DIRECTION('',(-0.,-0.866025403784,-0.5));
#9051 = DIRECTION('',(0.,0.5,-0.866025403784));
#9052 = ADVANCED_FACE('',(#9053),#9059,.F.);
#9053 = FACE_BOUND('',#9054,.F.);
#9054 = EDGE_LOOP('',(#9055,#9056,#9057,#9058));
#9055 = ORIENTED_EDGE('',*,*,#8965,.F.);
#9056 = ORIENTED_EDGE('',*,*,#8286,.F.);
#9057 = ORIENTED_EDGE('',*,*,#8623,.F.);
#9058 = ORIENTED_EDGE('',*,*,#8319,.T.);
#9059 = CYLINDRICAL_SURFACE('',#9060,0.9);
#9060 = AXIS2_PLACEMENT_3D('',#9061,#9062,#9063);
#9061 = CARTESIAN_POINT('',(-4.5,2.755455298082E-16,4.772588574262E-16)
  );
#9062 = DIRECTION('',(-0.,-0.866025403784,0.5));
#9063 = DIRECTION('',(0.,-0.5,-0.866025403784));
#9064 = ADVANCED_FACE('',(#9065),#9071,.F.);
#9065 = FACE_BOUND('',#9066,.F.);
#9066 = EDGE_LOOP('',(#9067,#9068,#9069,#9070));
#9067 = ORIENTED_EDGE('',*,*,#8908,.F.);
#9068 = ORIENTED_EDGE('',*,*,#8216,.F.);
#9069 = ORIENTED_EDGE('',*,*,#8661,.F.);
#9070 = ORIENTED_EDGE('',*,*,#8249,.T.);
#9071 = CYLINDRICAL_SURFACE('',#9072,0.9);
#9072 = AXIS2_PLACEMENT_3D('',#9073,#9074,#9075);
#9073 = CARTESIAN_POINT('',(-4.5,5.510910596163E-16,0.));
#9074 = DIRECTION('',(-0.,-0.,1.));
#9075 = DIRECTION('',(1.,0.,0.));
#9076 = ADVANCED_FACE('',(#9077),#9083,.F.);
#9077 = FACE_BOUND('',#9078,.F.);
#9078 = EDGE_LOOP('',(#9079,#9080,#9081,#9082));
#9079 = ORIENTED_EDGE('',*,*,#8497,.F.);
#9080 = ORIENTED_EDGE('',*,*,#8146,.F.);
#9081 = ORIENTED_EDGE('',*,*,#8861,.F.);
#9082 = ORIENTED_EDGE('',*,*,#8179,.T.);
#9083 = CYLINDRICAL_SURFACE('',#9084,0.9);
#9084 = AXIS2_PLACEMENT_3D('',#9085,#9086,#9087);
#9085 = CARTESIAN_POINT('',(-4.5,2.755455298081E-16,-4.772588574262E-16)
  );
#9086 = DIRECTION('',(-0.,0.866025403784,0.5));
#9087 = DIRECTION('',(0.,-0.5,0.866025403784));
#9088 = ADVANCED_FACE('',(#9089),#9095,.F.);
#9089 = FACE_BOUND('',#9090,.F.);
#9090 = EDGE_LOOP('',(#9091,#9092,#9093,#9094));
#9091 = ORIENTED_EDGE('',*,*,#8521,.F.);
#9092 = ORIENTED_EDGE('',*,*,#8076,.F.);
#9093 = ORIENTED_EDGE('',*,*,#8839,.F.);
#9094 = ORIENTED_EDGE('',*,*,#8109,.T.);
#9095 = CYLINDRICAL_SURFACE('',#9096,0.9);
#9096 = AXIS2_PLACEMENT_3D('',#9097,#9098,#9099);
#9097 = CARTESIAN_POINT('',(-4.5,-2.755455298082E-16,-4.772588574262E-16
    ));
#9098 = DIRECTION('',(-0.,0.866025403784,-0.5));
#9099 = DIRECTION('',(0.,0.5,0.866025403784));
#9100 = ( GEOMETRIC_REPRESENTATION_CONTEXT(3) 
GLOBAL_UNCERTAINTY_ASSIGNED_CONTEXT((#9104)) 
GLOBAL_UNIT_ASSIGNED_CONTEXT((#9101,#9102,#9103)) REPRESENTATION_CONTEXT
('Context #1','3D Context with UNIT and UNCERTAINTY') );
#9101 = ( LENGTH_UNIT() NAMED_UNIT(*) SI_UNIT(.MILLI.,.METRE.) );
#9102 = ( NAMED_UNIT(*) PLANE_ANGLE_UNIT() SI_UNIT($,.RADIAN.) );
#9103 = ( NAMED_UNIT(*) SI_UNIT($,.STERADIAN.) SOLID_ANGLE_UNIT() );
#9104 = UNCERTAINTY_MEASURE_WITH_UNIT(LENGTH_MEASURE(2.E-04),#9101,
  'distance_accuracy_value','confusion accuracy');
#9105 = CONTEXT_DEPENDENT_SHAPE_REPRESENTATION(#9106,#9108);
#9106 = ( REPRESENTATION_RELATIONSHIP('','',#8069,#10) 
REPRESENTATION_RELATIONSHIP_WITH_TRANSFORMATION(#9107) 
SHAPE_REPRESENTATION_RELATIONSHIP() );
#9107 = ITEM_DEFINED_TRANSFORMATION('','',#11,#27);
#9108 = PRODUCT_DEFINITION_SHAPE('Placement','Placement of an item',
  #9109);
#9109 = NEXT_ASSEMBLY_USAGE_OCCURRENCE('6','WedgeHolderV5Back','',#5,
  #8064,$);
#9110 = PRODUCT_RELATED_PRODUCT_CATEGORY('part',$,(#8066));
#9111 = MECHANICAL_DESIGN_GEOMETRIC_PRESENTATION_REPRESENTATION('',(
    #9112),#1075);
#9112 = STYLED_ITEM('color',(#9113),#45);
#9113 = PRESENTATION_STYLE_ASSIGNMENT((#9114,#9120));
#9114 = SURFACE_STYLE_USAGE(.BOTH.,#9115);
#9115 = SURFACE_SIDE_STYLE('',(#9116));
#9116 = SURFACE_STYLE_FILL_AREA(#9117);
#9117 = FILL_AREA_STYLE('',(#9118));
#9118 = FILL_AREA_STYLE_COLOUR('',#9119);
#9119 = COLOUR_RGB('',0.792156867455,0.819607860991,0.933333342953);
#9120 = CURVE_STYLE('',#9121,POSITIVE_LENGTH_MEASURE(0.1),#9122);
#9121 = DRAUGHTING_PRE_DEFINED_CURVE_FONT('continuous');
#9122 = COLOUR_RGB('',9.803921802644E-02,9.803921802644E-02,
  9.803921802644E-02);
#9123 = MECHANICAL_DESIGN_GEOMETRIC_PRESENTATION_REPRESENTATION('',(
    #9124),#9100);
#9124 = STYLED_ITEM('color',(#9125),#8070);
#9125 = PRESENTATION_STYLE_ASSIGNMENT((#9126,#9131));
#9126 = SURFACE_STYLE_USAGE(.BOTH.,#9127);
#9127 = SURFACE_SIDE_STYLE('',(#9128));
#9128 = SURFACE_STYLE_FILL_AREA(#9129);
#9129 = FILL_AREA_STYLE('',(#9130));
#9130 = FILL_AREA_STYLE_COLOUR('',#9119);
#9131 = CURVE_STYLE('',#9132,POSITIVE_LENGTH_MEASURE(0.1),#9122);
#9132 = DRAUGHTING_PRE_DEFINED_CURVE_FONT('continuous');
#9133 = MECHANICAL_DESIGN_GEOMETRIC_PRESENTATION_REPRESENTATION('',(
    #9134,#9144,#9152,#9159,#9166,#9173,#9180,#9187,#9194,#9201,#9208,
    #9215,#9222,#9229,#9236,#9243,#9250,#9257,#9264,#9271,#9278,#9285,
    #9292,#9299,#9306,#9313,#9320,#9327,#9334,#9341,#9348,#9355,#9362,
    #9369,#9376,#9383,#9390,#9397,#9405,#9412,#9419,#9426,#9433,#9440,
    #9447,#9454,#9461,#9468,#9475,#9482,#9489,#9496,#9503,#9511,#9518,
    #9525,#9532,#9539,#9546,#9553,#9560,#9567,#9574,#9581,#9588,#9595,
    #9602,#9609,#9616,#9623,#9630,#9637,#9644,#9651,#9658,#9665,#9672,
    #9679,#9686,#9693,#9700,#9707,#9714,#9721,#9728,#9735,#9742,#9749,
    #9756,#9763,#9771,#9778,#9785),#8051);
#9134 = STYLED_ITEM('color',(#9135),#4707);
#9135 = PRESENTATION_STYLE_ASSIGNMENT((#9136,#9142));
#9136 = SURFACE_STYLE_USAGE(.BOTH.,#9137);
#9137 = SURFACE_SIDE_STYLE('',(#9138));
#9138 = SURFACE_STYLE_FILL_AREA(#9139);
#9139 = FILL_AREA_STYLE('',(#9140));
#9140 = FILL_AREA_STYLE_COLOUR('',#9141);
#9141 = COLOUR_RGB('',0.749019635948,0.749019635948,0.749019635948);
#9142 = CURVE_STYLE('',#9143,POSITIVE_LENGTH_MEASURE(0.1),#9122);
#9143 = DRAUGHTING_PRE_DEFINED_CURVE_FONT('continuous');
#9144 = OVER_RIDING_STYLED_ITEM('overriding color',(#9145),#4735,#9134);
#9145 = PRESENTATION_STYLE_ASSIGNMENT((#9146));
#9146 = SURFACE_STYLE_USAGE(.BOTH.,#9147);
#9147 = SURFACE_SIDE_STYLE('',(#9148));
#9148 = SURFACE_STYLE_FILL_AREA(#9149);
#9149 = FILL_AREA_STYLE('',(#9150));
#9150 = FILL_AREA_STYLE_COLOUR('',#9151);
#9151 = COLOUR_RGB('',0.850980411111,0.843137261657,0.521568595104);
#9152 = OVER_RIDING_STYLED_ITEM('overriding color',(#9153),#4842,#9134);
#9153 = PRESENTATION_STYLE_ASSIGNMENT((#9154));
#9154 = SURFACE_STYLE_USAGE(.BOTH.,#9155);
#9155 = SURFACE_SIDE_STYLE('',(#9156));
#9156 = SURFACE_STYLE_FILL_AREA(#9157);
#9157 = FILL_AREA_STYLE('',(#9158));
#9158 = FILL_AREA_STYLE_COLOUR('',#9151);
#9159 = OVER_RIDING_STYLED_ITEM('overriding color',(#9160),#5002,#9134);
#9160 = PRESENTATION_STYLE_ASSIGNMENT((#9161));
#9161 = SURFACE_STYLE_USAGE(.BOTH.,#9162);
#9162 = SURFACE_SIDE_STYLE('',(#9163));
#9163 = SURFACE_STYLE_FILL_AREA(#9164);
#9164 = FILL_AREA_STYLE('',(#9165));
#9165 = FILL_AREA_STYLE_COLOUR('',#9151);
#9166 = OVER_RIDING_STYLED_ITEM('overriding color',(#9167),#5162,#9134);
#9167 = PRESENTATION_STYLE_ASSIGNMENT((#9168));
#9168 = SURFACE_STYLE_USAGE(.BOTH.,#9169);
#9169 = SURFACE_SIDE_STYLE('',(#9170));
#9170 = SURFACE_STYLE_FILL_AREA(#9171);
#9171 = FILL_AREA_STYLE('',(#9172));
#9172 = FILL_AREA_STYLE_COLOUR('',#9151);
#9173 = OVER_RIDING_STYLED_ITEM('overriding color',(#9174),#5222,#9134);
#9174 = PRESENTATION_STYLE_ASSIGNMENT((#9175));
#9175 = SURFACE_STYLE_USAGE(.BOTH.,#9176);
#9176 = SURFACE_SIDE_STYLE('',(#9177));
#9177 = SURFACE_STYLE_FILL_AREA(#9178);
#9178 = FILL_AREA_STYLE('',(#9179));
#9179 = FILL_AREA_STYLE_COLOUR('',#9151);
#9180 = OVER_RIDING_STYLED_ITEM('overriding color',(#9181),#5259,#9134);
#9181 = PRESENTATION_STYLE_ASSIGNMENT((#9182));
#9182 = SURFACE_STYLE_USAGE(.BOTH.,#9183);
#9183 = SURFACE_SIDE_STYLE('',(#9184));
#9184 = SURFACE_STYLE_FILL_AREA(#9185);
#9185 = FILL_AREA_STYLE('',(#9186));
#9186 = FILL_AREA_STYLE_COLOUR('',#9151);
#9187 = OVER_RIDING_STYLED_ITEM('overriding color',(#9188),#5283,#9134);
#9188 = PRESENTATION_STYLE_ASSIGNMENT((#9189));
#9189 = SURFACE_STYLE_USAGE(.BOTH.,#9190);
#9190 = SURFACE_SIDE_STYLE('',(#9191));
#9191 = SURFACE_STYLE_FILL_AREA(#9192);
#9192 = FILL_AREA_STYLE('',(#9193));
#9193 = FILL_AREA_STYLE_COLOUR('',#9151);
#9194 = OVER_RIDING_STYLED_ITEM('overriding color',(#9195),#5292,#9134);
#9195 = PRESENTATION_STYLE_ASSIGNMENT((#9196));
#9196 = SURFACE_STYLE_USAGE(.BOTH.,#9197);
#9197 = SURFACE_SIDE_STYLE('',(#9198));
#9198 = SURFACE_STYLE_FILL_AREA(#9199);
#9199 = FILL_AREA_STYLE('',(#9200));
#9200 = FILL_AREA_STYLE_COLOUR('',#9151);
#9201 = OVER_RIDING_STYLED_ITEM('overriding color',(#9202),#5340,#9134);
#9202 = PRESENTATION_STYLE_ASSIGNMENT((#9203));
#9203 = SURFACE_STYLE_USAGE(.BOTH.,#9204);
#9204 = SURFACE_SIDE_STYLE('',(#9205));
#9205 = SURFACE_STYLE_FILL_AREA(#9206);
#9206 = FILL_AREA_STYLE('',(#9207));
#9207 = FILL_AREA_STYLE_COLOUR('',#9151);
#9208 = OVER_RIDING_STYLED_ITEM('overriding color',(#9209),#5420,#9134);
#9209 = PRESENTATION_STYLE_ASSIGNMENT((#9210));
#9210 = SURFACE_STYLE_USAGE(.BOTH.,#9211);
#9211 = SURFACE_SIDE_STYLE('',(#9212));
#9212 = SURFACE_STYLE_FILL_AREA(#9213);
#9213 = FILL_AREA_STYLE('',(#9214));
#9214 = FILL_AREA_STYLE_COLOUR('',#9151);
#9215 = OVER_RIDING_STYLED_ITEM('overriding color',(#9216),#5452,#9134);
#9216 = PRESENTATION_STYLE_ASSIGNMENT((#9217));
#9217 = SURFACE_STYLE_USAGE(.BOTH.,#9218);
#9218 = SURFACE_SIDE_STYLE('',(#9219));
#9219 = SURFACE_STYLE_FILL_AREA(#9220);
#9220 = FILL_AREA_STYLE('',(#9221));
#9221 = FILL_AREA_STYLE_COLOUR('',#9151);
#9222 = OVER_RIDING_STYLED_ITEM('overriding color',(#9223),#5476,#9134);
#9223 = PRESENTATION_STYLE_ASSIGNMENT((#9224));
#9224 = SURFACE_STYLE_USAGE(.BOTH.,#9225);
#9225 = SURFACE_SIDE_STYLE('',(#9226));
#9226 = SURFACE_STYLE_FILL_AREA(#9227);
#9227 = FILL_AREA_STYLE('',(#9228));
#9228 = FILL_AREA_STYLE_COLOUR('',#9151);
#9229 = OVER_RIDING_STYLED_ITEM('overriding color',(#9230),#5500,#9134);
#9230 = PRESENTATION_STYLE_ASSIGNMENT((#9231));
#9231 = SURFACE_STYLE_USAGE(.BOTH.,#9232);
#9232 = SURFACE_SIDE_STYLE('',(#9233));
#9233 = SURFACE_STYLE_FILL_AREA(#9234);
#9234 = FILL_AREA_STYLE('',(#9235));
#9235 = FILL_AREA_STYLE_COLOUR('',#9151);
#9236 = OVER_RIDING_STYLED_ITEM('overriding color',(#9237),#5542,#9134);
#9237 = PRESENTATION_STYLE_ASSIGNMENT((#9238));
#9238 = SURFACE_STYLE_USAGE(.BOTH.,#9239);
#9239 = SURFACE_SIDE_STYLE('',(#9240));
#9240 = SURFACE_STYLE_FILL_AREA(#9241);
#9241 = FILL_AREA_STYLE('',(#9242));
#9242 = FILL_AREA_STYLE_COLOUR('',#9151);
#9243 = OVER_RIDING_STYLED_ITEM('overriding color',(#9244),#5560,#9134);
#9244 = PRESENTATION_STYLE_ASSIGNMENT((#9245));
#9245 = SURFACE_STYLE_USAGE(.BOTH.,#9246);
#9246 = SURFACE_SIDE_STYLE('',(#9247));
#9247 = SURFACE_STYLE_FILL_AREA(#9248);
#9248 = FILL_AREA_STYLE('',(#9249));
#9249 = FILL_AREA_STYLE_COLOUR('',#9151);
#9250 = OVER_RIDING_STYLED_ITEM('overriding color',(#9251),#5591,#9134);
#9251 = PRESENTATION_STYLE_ASSIGNMENT((#9252));
#9252 = SURFACE_STYLE_USAGE(.BOTH.,#9253);
#9253 = SURFACE_SIDE_STYLE('',(#9254));
#9254 = SURFACE_STYLE_FILL_AREA(#9255);
#9255 = FILL_AREA_STYLE('',(#9256));
#9256 = FILL_AREA_STYLE_COLOUR('',#9151);
#9257 = OVER_RIDING_STYLED_ITEM('overriding color',(#9258),#5615,#9134);
#9258 = PRESENTATION_STYLE_ASSIGNMENT((#9259));
#9259 = SURFACE_STYLE_USAGE(.BOTH.,#9260);
#9260 = SURFACE_SIDE_STYLE('',(#9261));
#9261 = SURFACE_STYLE_FILL_AREA(#9262);
#9262 = FILL_AREA_STYLE('',(#9263));
#9263 = FILL_AREA_STYLE_COLOUR('',#9151);
#9264 = OVER_RIDING_STYLED_ITEM('overriding color',(#9265),#5633,#9134);
#9265 = PRESENTATION_STYLE_ASSIGNMENT((#9266));
#9266 = SURFACE_STYLE_USAGE(.BOTH.,#9267);
#9267 = SURFACE_SIDE_STYLE('',(#9268));
#9268 = SURFACE_STYLE_FILL_AREA(#9269);
#9269 = FILL_AREA_STYLE('',(#9270));
#9270 = FILL_AREA_STYLE_COLOUR('',#9151);
#9271 = OVER_RIDING_STYLED_ITEM('overriding color',(#9272),#5651,#9134);
#9272 = PRESENTATION_STYLE_ASSIGNMENT((#9273));
#9273 = SURFACE_STYLE_USAGE(.BOTH.,#9274);
#9274 = SURFACE_SIDE_STYLE('',(#9275));
#9275 = SURFACE_STYLE_FILL_AREA(#9276);
#9276 = FILL_AREA_STYLE('',(#9277));
#9277 = FILL_AREA_STYLE_COLOUR('',#9151);
#9278 = OVER_RIDING_STYLED_ITEM('overriding color',(#9279),#5713,#9134);
#9279 = PRESENTATION_STYLE_ASSIGNMENT((#9280));
#9280 = SURFACE_STYLE_USAGE(.BOTH.,#9281);
#9281 = SURFACE_SIDE_STYLE('',(#9282));
#9282 = SURFACE_STYLE_FILL_AREA(#9283);
#9283 = FILL_AREA_STYLE('',(#9284));
#9284 = FILL_AREA_STYLE_COLOUR('',#9151);
#9285 = OVER_RIDING_STYLED_ITEM('overriding color',(#9286),#5723,#9134);
#9286 = PRESENTATION_STYLE_ASSIGNMENT((#9287));
#9287 = SURFACE_STYLE_USAGE(.BOTH.,#9288);
#9288 = SURFACE_SIDE_STYLE('',(#9289));
#9289 = SURFACE_STYLE_FILL_AREA(#9290);
#9290 = FILL_AREA_STYLE('',(#9291));
#9291 = FILL_AREA_STYLE_COLOUR('',#9151);
#9292 = OVER_RIDING_STYLED_ITEM('overriding color',(#9293),#5739,#9134);
#9293 = PRESENTATION_STYLE_ASSIGNMENT((#9294));
#9294 = SURFACE_STYLE_USAGE(.BOTH.,#9295);
#9295 = SURFACE_SIDE_STYLE('',(#9296));
#9296 = SURFACE_STYLE_FILL_AREA(#9297);
#9297 = FILL_AREA_STYLE('',(#9298));
#9298 = FILL_AREA_STYLE_COLOUR('',#9151);
#9299 = OVER_RIDING_STYLED_ITEM('overriding color',(#9300),#5831,#9134);
#9300 = PRESENTATION_STYLE_ASSIGNMENT((#9301));
#9301 = SURFACE_STYLE_USAGE(.BOTH.,#9302);
#9302 = SURFACE_SIDE_STYLE('',(#9303));
#9303 = SURFACE_STYLE_FILL_AREA(#9304);
#9304 = FILL_AREA_STYLE('',(#9305));
#9305 = FILL_AREA_STYLE_COLOUR('',#9151);
#9306 = OVER_RIDING_STYLED_ITEM('overriding color',(#9307),#6234,#9134);
#9307 = PRESENTATION_STYLE_ASSIGNMENT((#9308));
#9308 = SURFACE_STYLE_USAGE(.BOTH.,#9309);
#9309 = SURFACE_SIDE_STYLE('',(#9310));
#9310 = SURFACE_STYLE_FILL_AREA(#9311);
#9311 = FILL_AREA_STYLE('',(#9312));
#9312 = FILL_AREA_STYLE_COLOUR('',#9151);
#9313 = OVER_RIDING_STYLED_ITEM('overriding color',(#9314),#6258,#9134);
#9314 = PRESENTATION_STYLE_ASSIGNMENT((#9315));
#9315 = SURFACE_STYLE_USAGE(.BOTH.,#9316);
#9316 = SURFACE_SIDE_STYLE('',(#9317));
#9317 = SURFACE_STYLE_FILL_AREA(#9318);
#9318 = FILL_AREA_STYLE('',(#9319));
#9319 = FILL_AREA_STYLE_COLOUR('',#9151);
#9320 = OVER_RIDING_STYLED_ITEM('overriding color',(#9321),#6278,#9134);
#9321 = PRESENTATION_STYLE_ASSIGNMENT((#9322));
#9322 = SURFACE_STYLE_USAGE(.BOTH.,#9323);
#9323 = SURFACE_SIDE_STYLE('',(#9324));
#9324 = SURFACE_STYLE_FILL_AREA(#9325);
#9325 = FILL_AREA_STYLE('',(#9326));
#9326 = FILL_AREA_STYLE_COLOUR('',#9151);
#9327 = OVER_RIDING_STYLED_ITEM('overriding color',(#9328),#6302,#9134);
#9328 = PRESENTATION_STYLE_ASSIGNMENT((#9329));
#9329 = SURFACE_STYLE_USAGE(.BOTH.,#9330);
#9330 = SURFACE_SIDE_STYLE('',(#9331));
#9331 = SURFACE_STYLE_FILL_AREA(#9332);
#9332 = FILL_AREA_STYLE('',(#9333));
#9333 = FILL_AREA_STYLE_COLOUR('',#9151);
#9334 = OVER_RIDING_STYLED_ITEM('overriding color',(#9335),#6323,#9134);
#9335 = PRESENTATION_STYLE_ASSIGNMENT((#9336));
#9336 = SURFACE_STYLE_USAGE(.BOTH.,#9337);
#9337 = SURFACE_SIDE_STYLE('',(#9338));
#9338 = SURFACE_STYLE_FILL_AREA(#9339);
#9339 = FILL_AREA_STYLE('',(#9340));
#9340 = FILL_AREA_STYLE_COLOUR('',#9151);
#9341 = OVER_RIDING_STYLED_ITEM('overriding color',(#9342),#6341,#9134);
#9342 = PRESENTATION_STYLE_ASSIGNMENT((#9343));
#9343 = SURFACE_STYLE_USAGE(.BOTH.,#9344);
#9344 = SURFACE_SIDE_STYLE('',(#9345));
#9345 = SURFACE_STYLE_FILL_AREA(#9346);
#9346 = FILL_AREA_STYLE('',(#9347));
#9347 = FILL_AREA_STYLE_COLOUR('',#9151);
#9348 = OVER_RIDING_STYLED_ITEM('overriding color',(#9349),#6425,#9134);
#9349 = PRESENTATION_STYLE_ASSIGNMENT((#9350));
#9350 = SURFACE_STYLE_USAGE(.BOTH.,#9351);
#9351 = SURFACE_SIDE_STYLE('',(#9352));
#9352 = SURFACE_STYLE_FILL_AREA(#9353);
#9353 = FILL_AREA_STYLE('',(#9354));
#9354 = FILL_AREA_STYLE_COLOUR('',#9151);
#9355 = OVER_RIDING_STYLED_ITEM('overriding color',(#9356),#6509,#9134);
#9356 = PRESENTATION_STYLE_ASSIGNMENT((#9357));
#9357 = SURFACE_STYLE_USAGE(.BOTH.,#9358);
#9358 = SURFACE_SIDE_STYLE('',(#9359));
#9359 = SURFACE_STYLE_FILL_AREA(#9360);
#9360 = FILL_AREA_STYLE('',(#9361));
#9361 = FILL_AREA_STYLE_COLOUR('',#9151);
#9362 = OVER_RIDING_STYLED_ITEM('overriding color',(#9363),#6593,#9134);
#9363 = PRESENTATION_STYLE_ASSIGNMENT((#9364));
#9364 = SURFACE_STYLE_USAGE(.BOTH.,#9365);
#9365 = SURFACE_SIDE_STYLE('',(#9366));
#9366 = SURFACE_STYLE_FILL_AREA(#9367);
#9367 = FILL_AREA_STYLE('',(#9368));
#9368 = FILL_AREA_STYLE_COLOUR('',#9151);
#9369 = OVER_RIDING_STYLED_ITEM('overriding color',(#9370),#6610,#9134);
#9370 = PRESENTATION_STYLE_ASSIGNMENT((#9371));
#9371 = SURFACE_STYLE_USAGE(.BOTH.,#9372);
#9372 = SURFACE_SIDE_STYLE('',(#9373));
#9373 = SURFACE_STYLE_FILL_AREA(#9374);
#9374 = FILL_AREA_STYLE('',(#9375));
#9375 = FILL_AREA_STYLE_COLOUR('',#9151);
#9376 = OVER_RIDING_STYLED_ITEM('overriding color',(#9377),#6638,#9134);
#9377 = PRESENTATION_STYLE_ASSIGNMENT((#9378));
#9378 = SURFACE_STYLE_USAGE(.BOTH.,#9379);
#9379 = SURFACE_SIDE_STYLE('',(#9380));
#9380 = SURFACE_STYLE_FILL_AREA(#9381);
#9381 = FILL_AREA_STYLE('',(#9382));
#9382 = FILL_AREA_STYLE_COLOUR('',#9151);
#9383 = OVER_RIDING_STYLED_ITEM('overriding color',(#9384),#6662,#9134);
#9384 = PRESENTATION_STYLE_ASSIGNMENT((#9385));
#9385 = SURFACE_STYLE_USAGE(.BOTH.,#9386);
#9386 = SURFACE_SIDE_STYLE('',(#9387));
#9387 = SURFACE_STYLE_FILL_AREA(#9388);
#9388 = FILL_AREA_STYLE('',(#9389));
#9389 = FILL_AREA_STYLE_COLOUR('',#9151);
#9390 = OVER_RIDING_STYLED_ITEM('overriding color',(#9391),#6686,#9134);
#9391 = PRESENTATION_STYLE_ASSIGNMENT((#9392));
#9392 = SURFACE_STYLE_USAGE(.BOTH.,#9393);
#9393 = SURFACE_SIDE_STYLE('',(#9394));
#9394 = SURFACE_STYLE_FILL_AREA(#9395);
#9395 = FILL_AREA_STYLE('',(#9396));
#9396 = FILL_AREA_STYLE_COLOUR('',#9151);
#9397 = OVER_RIDING_STYLED_ITEM('overriding color',(#9398),#6702,#9134);
#9398 = PRESENTATION_STYLE_ASSIGNMENT((#9399));
#9399 = SURFACE_STYLE_USAGE(.BOTH.,#9400);
#9400 = SURFACE_SIDE_STYLE('',(#9401));
#9401 = SURFACE_STYLE_FILL_AREA(#9402);
#9402 = FILL_AREA_STYLE('',(#9403));
#9403 = FILL_AREA_STYLE_COLOUR('',#9404);
#9404 = COLOUR_RGB('',0.639215714193,0.639215714193,0.686274528749);
#9405 = OVER_RIDING_STYLED_ITEM('overriding color',(#9406),#6727,#9134);
#9406 = PRESENTATION_STYLE_ASSIGNMENT((#9407));
#9407 = SURFACE_STYLE_USAGE(.BOTH.,#9408);
#9408 = SURFACE_SIDE_STYLE('',(#9409));
#9409 = SURFACE_STYLE_FILL_AREA(#9410);
#9410 = FILL_AREA_STYLE('',(#9411));
#9411 = FILL_AREA_STYLE_COLOUR('',#9404);
#9412 = OVER_RIDING_STYLED_ITEM('overriding color',(#9413),#6749,#9134);
#9413 = PRESENTATION_STYLE_ASSIGNMENT((#9414));
#9414 = SURFACE_STYLE_USAGE(.BOTH.,#9415);
#9415 = SURFACE_SIDE_STYLE('',(#9416));
#9416 = SURFACE_STYLE_FILL_AREA(#9417);
#9417 = FILL_AREA_STYLE('',(#9418));
#9418 = FILL_AREA_STYLE_COLOUR('',#9404);
#9419 = OVER_RIDING_STYLED_ITEM('overriding color',(#9420),#6774,#9134);
#9420 = PRESENTATION_STYLE_ASSIGNMENT((#9421));
#9421 = SURFACE_STYLE_USAGE(.BOTH.,#9422);
#9422 = SURFACE_SIDE_STYLE('',(#9423));
#9423 = SURFACE_STYLE_FILL_AREA(#9424);
#9424 = FILL_AREA_STYLE('',(#9425));
#9425 = FILL_AREA_STYLE_COLOUR('',#9404);
#9426 = OVER_RIDING_STYLED_ITEM('overriding color',(#9427),#6793,#9134);
#9427 = PRESENTATION_STYLE_ASSIGNMENT((#9428));
#9428 = SURFACE_STYLE_USAGE(.BOTH.,#9429);
#9429 = SURFACE_SIDE_STYLE('',(#9430));
#9430 = SURFACE_STYLE_FILL_AREA(#9431);
#9431 = FILL_AREA_STYLE('',(#9432));
#9432 = FILL_AREA_STYLE_COLOUR('',#9404);
#9433 = OVER_RIDING_STYLED_ITEM('overriding color',(#9434),#6822,#9134);
#9434 = PRESENTATION_STYLE_ASSIGNMENT((#9435));
#9435 = SURFACE_STYLE_USAGE(.BOTH.,#9436);
#9436 = SURFACE_SIDE_STYLE('',(#9437));
#9437 = SURFACE_STYLE_FILL_AREA(#9438);
#9438 = FILL_AREA_STYLE('',(#9439));
#9439 = FILL_AREA_STYLE_COLOUR('',#9404);
#9440 = OVER_RIDING_STYLED_ITEM('overriding color',(#9441),#6834,#9134);
#9441 = PRESENTATION_STYLE_ASSIGNMENT((#9442));
#9442 = SURFACE_STYLE_USAGE(.BOTH.,#9443);
#9443 = SURFACE_SIDE_STYLE('',(#9444));
#9444 = SURFACE_STYLE_FILL_AREA(#9445);
#9445 = FILL_AREA_STYLE('',(#9446));
#9446 = FILL_AREA_STYLE_COLOUR('',#9404);
#9447 = OVER_RIDING_STYLED_ITEM('overriding color',(#9448),#6846,#9134);
#9448 = PRESENTATION_STYLE_ASSIGNMENT((#9449));
#9449 = SURFACE_STYLE_USAGE(.BOTH.,#9450);
#9450 = SURFACE_SIDE_STYLE('',(#9451));
#9451 = SURFACE_STYLE_FILL_AREA(#9452);
#9452 = FILL_AREA_STYLE('',(#9453));
#9453 = FILL_AREA_STYLE_COLOUR('',#9404);
#9454 = OVER_RIDING_STYLED_ITEM('overriding color',(#9455),#6871,#9134);
#9455 = PRESENTATION_STYLE_ASSIGNMENT((#9456));
#9456 = SURFACE_STYLE_USAGE(.BOTH.,#9457);
#9457 = SURFACE_SIDE_STYLE('',(#9458));
#9458 = SURFACE_STYLE_FILL_AREA(#9459);
#9459 = FILL_AREA_STYLE('',(#9460));
#9460 = FILL_AREA_STYLE_COLOUR('',#9404);
#9461 = OVER_RIDING_STYLED_ITEM('overriding color',(#9462),#6903,#9134);
#9462 = PRESENTATION_STYLE_ASSIGNMENT((#9463));
#9463 = SURFACE_STYLE_USAGE(.BOTH.,#9464);
#9464 = SURFACE_SIDE_STYLE('',(#9465));
#9465 = SURFACE_STYLE_FILL_AREA(#9466);
#9466 = FILL_AREA_STYLE('',(#9467));
#9467 = FILL_AREA_STYLE_COLOUR('',#9404);
#9468 = OVER_RIDING_STYLED_ITEM('overriding color',(#9469),#6918,#9134);
#9469 = PRESENTATION_STYLE_ASSIGNMENT((#9470));
#9470 = SURFACE_STYLE_USAGE(.BOTH.,#9471);
#9471 = SURFACE_SIDE_STYLE('',(#9472));
#9472 = SURFACE_STYLE_FILL_AREA(#9473);
#9473 = FILL_AREA_STYLE('',(#9474));
#9474 = FILL_AREA_STYLE_COLOUR('',#9404);
#9475 = OVER_RIDING_STYLED_ITEM('overriding color',(#9476),#6947,#9134);
#9476 = PRESENTATION_STYLE_ASSIGNMENT((#9477));
#9477 = SURFACE_STYLE_USAGE(.BOTH.,#9478);
#9478 = SURFACE_SIDE_STYLE('',(#9479));
#9479 = SURFACE_STYLE_FILL_AREA(#9480);
#9480 = FILL_AREA_STYLE('',(#9481));
#9481 = FILL_AREA_STYLE_COLOUR('',#9404);
#9482 = OVER_RIDING_STYLED_ITEM('overriding color',(#9483),#6965,#9134);
#9483 = PRESENTATION_STYLE_ASSIGNMENT((#9484));
#9484 = SURFACE_STYLE_USAGE(.BOTH.,#9485);
#9485 = SURFACE_SIDE_STYLE('',(#9486));
#9486 = SURFACE_STYLE_FILL_AREA(#9487);
#9487 = FILL_AREA_STYLE('',(#9488));
#9488 = FILL_AREA_STYLE_COLOUR('',#9404);
#9489 = OVER_RIDING_STYLED_ITEM('overriding color',(#9490),#6979,#9134);
#9490 = PRESENTATION_STYLE_ASSIGNMENT((#9491));
#9491 = SURFACE_STYLE_USAGE(.BOTH.,#9492);
#9492 = SURFACE_SIDE_STYLE('',(#9493));
#9493 = SURFACE_STYLE_FILL_AREA(#9494);
#9494 = FILL_AREA_STYLE('',(#9495));
#9495 = FILL_AREA_STYLE_COLOUR('',#9404);
#9496 = OVER_RIDING_STYLED_ITEM('overriding color',(#9497),#6991,#9134);
#9497 = PRESENTATION_STYLE_ASSIGNMENT((#9498));
#9498 = SURFACE_STYLE_USAGE(.BOTH.,#9499);
#9499 = SURFACE_SIDE_STYLE('',(#9500));
#9500 = SURFACE_STYLE_FILL_AREA(#9501);
#9501 = FILL_AREA_STYLE('',(#9502));
#9502 = FILL_AREA_STYLE_COLOUR('',#9151);
#9503 = OVER_RIDING_STYLED_ITEM('overriding color',(#9504),#7071,#9134);
#9504 = PRESENTATION_STYLE_ASSIGNMENT((#9505));
#9505 = SURFACE_STYLE_USAGE(.BOTH.,#9506);
#9506 = SURFACE_SIDE_STYLE('',(#9507));
#9507 = SURFACE_STYLE_FILL_AREA(#9508);
#9508 = FILL_AREA_STYLE('',(#9509));
#9509 = FILL_AREA_STYLE_COLOUR('',#9510);
#9510 = COLOUR_RGB('',0.745098043297,0.737254912529,0.729411790161);
#9511 = OVER_RIDING_STYLED_ITEM('overriding color',(#9512),#7088,#9134);
#9512 = PRESENTATION_STYLE_ASSIGNMENT((#9513));
#9513 = SURFACE_STYLE_USAGE(.BOTH.,#9514);
#9514 = SURFACE_SIDE_STYLE('',(#9515));
#9515 = SURFACE_STYLE_FILL_AREA(#9516);
#9516 = FILL_AREA_STYLE('',(#9517));
#9517 = FILL_AREA_STYLE_COLOUR('',#9510);
#9518 = OVER_RIDING_STYLED_ITEM('overriding color',(#9519),#7113,#9134);
#9519 = PRESENTATION_STYLE_ASSIGNMENT((#9520));
#9520 = SURFACE_STYLE_USAGE(.BOTH.,#9521);
#9521 = SURFACE_SIDE_STYLE('',(#9522));
#9522 = SURFACE_STYLE_FILL_AREA(#9523);
#9523 = FILL_AREA_STYLE('',(#9524));
#9524 = FILL_AREA_STYLE_COLOUR('',#9510);
#9525 = OVER_RIDING_STYLED_ITEM('overriding color',(#9526),#7135,#9134);
#9526 = PRESENTATION_STYLE_ASSIGNMENT((#9527));
#9527 = SURFACE_STYLE_USAGE(.BOTH.,#9528);
#9528 = SURFACE_SIDE_STYLE('',(#9529));
#9529 = SURFACE_STYLE_FILL_AREA(#9530);
#9530 = FILL_AREA_STYLE('',(#9531));
#9531 = FILL_AREA_STYLE_COLOUR('',#9510);
#9532 = OVER_RIDING_STYLED_ITEM('overriding color',(#9533),#7160,#9134);
#9533 = PRESENTATION_STYLE_ASSIGNMENT((#9534));
#9534 = SURFACE_STYLE_USAGE(.BOTH.,#9535);
#9535 = SURFACE_SIDE_STYLE('',(#9536));
#9536 = SURFACE_STYLE_FILL_AREA(#9537);
#9537 = FILL_AREA_STYLE('',(#9538));
#9538 = FILL_AREA_STYLE_COLOUR('',#9510);
#9539 = OVER_RIDING_STYLED_ITEM('overriding color',(#9540),#7179,#9134);
#9540 = PRESENTATION_STYLE_ASSIGNMENT((#9541));
#9541 = SURFACE_STYLE_USAGE(.BOTH.,#9542);
#9542 = SURFACE_SIDE_STYLE('',(#9543));
#9543 = SURFACE_STYLE_FILL_AREA(#9544);
#9544 = FILL_AREA_STYLE('',(#9545));
#9545 = FILL_AREA_STYLE_COLOUR('',#9510);
#9546 = OVER_RIDING_STYLED_ITEM('overriding color',(#9547),#7197,#9134);
#9547 = PRESENTATION_STYLE_ASSIGNMENT((#9548));
#9548 = SURFACE_STYLE_USAGE(.BOTH.,#9549);
#9549 = SURFACE_SIDE_STYLE('',(#9550));
#9550 = SURFACE_STYLE_FILL_AREA(#9551);
#9551 = FILL_AREA_STYLE('',(#9552));
#9552 = FILL_AREA_STYLE_COLOUR('',#9510);
#9553 = OVER_RIDING_STYLED_ITEM('overriding color',(#9554),#7226,#9134);
#9554 = PRESENTATION_STYLE_ASSIGNMENT((#9555));
#9555 = SURFACE_STYLE_USAGE(.BOTH.,#9556);
#9556 = SURFACE_SIDE_STYLE('',(#9557));
#9557 = SURFACE_STYLE_FILL_AREA(#9558);
#9558 = FILL_AREA_STYLE('',(#9559));
#9559 = FILL_AREA_STYLE_COLOUR('',#9510);
#9560 = OVER_RIDING_STYLED_ITEM('overriding color',(#9561),#7238,#9134);
#9561 = PRESENTATION_STYLE_ASSIGNMENT((#9562));
#9562 = SURFACE_STYLE_USAGE(.BOTH.,#9563);
#9563 = SURFACE_SIDE_STYLE('',(#9564));
#9564 = SURFACE_STYLE_FILL_AREA(#9565);
#9565 = FILL_AREA_STYLE('',(#9566));
#9566 = FILL_AREA_STYLE_COLOUR('',#9510);
#9567 = OVER_RIDING_STYLED_ITEM('overriding color',(#9568),#7250,#9134);
#9568 = PRESENTATION_STYLE_ASSIGNMENT((#9569));
#9569 = SURFACE_STYLE_USAGE(.BOTH.,#9570);
#9570 = SURFACE_SIDE_STYLE('',(#9571));
#9571 = SURFACE_STYLE_FILL_AREA(#9572);
#9572 = FILL_AREA_STYLE('',(#9573));
#9573 = FILL_AREA_STYLE_COLOUR('',#9151);
#9574 = OVER_RIDING_STYLED_ITEM('overriding color',(#9575),#7330,#9134);
#9575 = PRESENTATION_STYLE_ASSIGNMENT((#9576));
#9576 = SURFACE_STYLE_USAGE(.BOTH.,#9577);
#9577 = SURFACE_SIDE_STYLE('',(#9578));
#9578 = SURFACE_STYLE_FILL_AREA(#9579);
#9579 = FILL_AREA_STYLE('',(#9580));
#9580 = FILL_AREA_STYLE_COLOUR('',#9510);
#9581 = OVER_RIDING_STYLED_ITEM('overriding color',(#9582),#7347,#9134);
#9582 = PRESENTATION_STYLE_ASSIGNMENT((#9583));
#9583 = SURFACE_STYLE_USAGE(.BOTH.,#9584);
#9584 = SURFACE_SIDE_STYLE('',(#9585));
#9585 = SURFACE_STYLE_FILL_AREA(#9586);
#9586 = FILL_AREA_STYLE('',(#9587));
#9587 = FILL_AREA_STYLE_COLOUR('',#9510);
#9588 = OVER_RIDING_STYLED_ITEM('overriding color',(#9589),#7372,#9134);
#9589 = PRESENTATION_STYLE_ASSIGNMENT((#9590));
#9590 = SURFACE_STYLE_USAGE(.BOTH.,#9591);
#9591 = SURFACE_SIDE_STYLE('',(#9592));
#9592 = SURFACE_STYLE_FILL_AREA(#9593);
#9593 = FILL_AREA_STYLE('',(#9594));
#9594 = FILL_AREA_STYLE_COLOUR('',#9510);
#9595 = OVER_RIDING_STYLED_ITEM('overriding color',(#9596),#7394,#9134);
#9596 = PRESENTATION_STYLE_ASSIGNMENT((#9597));
#9597 = SURFACE_STYLE_USAGE(.BOTH.,#9598);
#9598 = SURFACE_SIDE_STYLE('',(#9599));
#9599 = SURFACE_STYLE_FILL_AREA(#9600);
#9600 = FILL_AREA_STYLE('',(#9601));
#9601 = FILL_AREA_STYLE_COLOUR('',#9510);
#9602 = OVER_RIDING_STYLED_ITEM('overriding color',(#9603),#7419,#9134);
#9603 = PRESENTATION_STYLE_ASSIGNMENT((#9604));
#9604 = SURFACE_STYLE_USAGE(.BOTH.,#9605);
#9605 = SURFACE_SIDE_STYLE('',(#9606));
#9606 = SURFACE_STYLE_FILL_AREA(#9607);
#9607 = FILL_AREA_STYLE('',(#9608));
#9608 = FILL_AREA_STYLE_COLOUR('',#9510);
#9609 = OVER_RIDING_STYLED_ITEM('overriding color',(#9610),#7438,#9134);
#9610 = PRESENTATION_STYLE_ASSIGNMENT((#9611));
#9611 = SURFACE_STYLE_USAGE(.BOTH.,#9612);
#9612 = SURFACE_SIDE_STYLE('',(#9613));
#9613 = SURFACE_STYLE_FILL_AREA(#9614);
#9614 = FILL_AREA_STYLE('',(#9615));
#9615 = FILL_AREA_STYLE_COLOUR('',#9510);
#9616 = OVER_RIDING_STYLED_ITEM('overriding color',(#9617),#7456,#9134);
#9617 = PRESENTATION_STYLE_ASSIGNMENT((#9618));
#9618 = SURFACE_STYLE_USAGE(.BOTH.,#9619);
#9619 = SURFACE_SIDE_STYLE('',(#9620));
#9620 = SURFACE_STYLE_FILL_AREA(#9621);
#9621 = FILL_AREA_STYLE('',(#9622));
#9622 = FILL_AREA_STYLE_COLOUR('',#9510);
#9623 = OVER_RIDING_STYLED_ITEM('overriding color',(#9624),#7485,#9134);
#9624 = PRESENTATION_STYLE_ASSIGNMENT((#9625));
#9625 = SURFACE_STYLE_USAGE(.BOTH.,#9626);
#9626 = SURFACE_SIDE_STYLE('',(#9627));
#9627 = SURFACE_STYLE_FILL_AREA(#9628);
#9628 = FILL_AREA_STYLE('',(#9629));
#9629 = FILL_AREA_STYLE_COLOUR('',#9510);
#9630 = OVER_RIDING_STYLED_ITEM('overriding color',(#9631),#7497,#9134);
#9631 = PRESENTATION_STYLE_ASSIGNMENT((#9632));
#9632 = SURFACE_STYLE_USAGE(.BOTH.,#9633);
#9633 = SURFACE_SIDE_STYLE('',(#9634));
#9634 = SURFACE_STYLE_FILL_AREA(#9635);
#9635 = FILL_AREA_STYLE('',(#9636));
#9636 = FILL_AREA_STYLE_COLOUR('',#9510);
#9637 = OVER_RIDING_STYLED_ITEM('overriding color',(#9638),#7509,#9134);
#9638 = PRESENTATION_STYLE_ASSIGNMENT((#9639));
#9639 = SURFACE_STYLE_USAGE(.BOTH.,#9640);
#9640 = SURFACE_SIDE_STYLE('',(#9641));
#9641 = SURFACE_STYLE_FILL_AREA(#9642);
#9642 = FILL_AREA_STYLE('',(#9643));
#9643 = FILL_AREA_STYLE_COLOUR('',#9151);
#9644 = OVER_RIDING_STYLED_ITEM('overriding color',(#9645),#7589,#9134);
#9645 = PRESENTATION_STYLE_ASSIGNMENT((#9646));
#9646 = SURFACE_STYLE_USAGE(.BOTH.,#9647);
#9647 = SURFACE_SIDE_STYLE('',(#9648));
#9648 = SURFACE_STYLE_FILL_AREA(#9649);
#9649 = FILL_AREA_STYLE('',(#9650));
#9650 = FILL_AREA_STYLE_COLOUR('',#9510);
#9651 = OVER_RIDING_STYLED_ITEM('overriding color',(#9652),#7606,#9134);
#9652 = PRESENTATION_STYLE_ASSIGNMENT((#9653));
#9653 = SURFACE_STYLE_USAGE(.BOTH.,#9654);
#9654 = SURFACE_SIDE_STYLE('',(#9655));
#9655 = SURFACE_STYLE_FILL_AREA(#9656);
#9656 = FILL_AREA_STYLE('',(#9657));
#9657 = FILL_AREA_STYLE_COLOUR('',#9510);
#9658 = OVER_RIDING_STYLED_ITEM('overriding color',(#9659),#7631,#9134);
#9659 = PRESENTATION_STYLE_ASSIGNMENT((#9660));
#9660 = SURFACE_STYLE_USAGE(.BOTH.,#9661);
#9661 = SURFACE_SIDE_STYLE('',(#9662));
#9662 = SURFACE_STYLE_FILL_AREA(#9663);
#9663 = FILL_AREA_STYLE('',(#9664));
#9664 = FILL_AREA_STYLE_COLOUR('',#9510);
#9665 = OVER_RIDING_STYLED_ITEM('overriding color',(#9666),#7653,#9134);
#9666 = PRESENTATION_STYLE_ASSIGNMENT((#9667));
#9667 = SURFACE_STYLE_USAGE(.BOTH.,#9668);
#9668 = SURFACE_SIDE_STYLE('',(#9669));
#9669 = SURFACE_STYLE_FILL_AREA(#9670);
#9670 = FILL_AREA_STYLE('',(#9671));
#9671 = FILL_AREA_STYLE_COLOUR('',#9510);
#9672 = OVER_RIDING_STYLED_ITEM('overriding color',(#9673),#7678,#9134);
#9673 = PRESENTATION_STYLE_ASSIGNMENT((#9674));
#9674 = SURFACE_STYLE_USAGE(.BOTH.,#9675);
#9675 = SURFACE_SIDE_STYLE('',(#9676));
#9676 = SURFACE_STYLE_FILL_AREA(#9677);
#9677 = FILL_AREA_STYLE('',(#9678));
#9678 = FILL_AREA_STYLE_COLOUR('',#9510);
#9679 = OVER_RIDING_STYLED_ITEM('overriding color',(#9680),#7697,#9134);
#9680 = PRESENTATION_STYLE_ASSIGNMENT((#9681));
#9681 = SURFACE_STYLE_USAGE(.BOTH.,#9682);
#9682 = SURFACE_SIDE_STYLE('',(#9683));
#9683 = SURFACE_STYLE_FILL_AREA(#9684);
#9684 = FILL_AREA_STYLE('',(#9685));
#9685 = FILL_AREA_STYLE_COLOUR('',#9510);
#9686 = OVER_RIDING_STYLED_ITEM('overriding color',(#9687),#7715,#9134);
#9687 = PRESENTATION_STYLE_ASSIGNMENT((#9688));
#9688 = SURFACE_STYLE_USAGE(.BOTH.,#9689);
#9689 = SURFACE_SIDE_STYLE('',(#9690));
#9690 = SURFACE_STYLE_FILL_AREA(#9691);
#9691 = FILL_AREA_STYLE('',(#9692));
#9692 = FILL_AREA_STYLE_COLOUR('',#9510);
#9693 = OVER_RIDING_STYLED_ITEM('overriding color',(#9694),#7744,#9134);
#9694 = PRESENTATION_STYLE_ASSIGNMENT((#9695));
#9695 = SURFACE_STYLE_USAGE(.BOTH.,#9696);
#9696 = SURFACE_SIDE_STYLE('',(#9697));
#9697 = SURFACE_STYLE_FILL_AREA(#9698);
#9698 = FILL_AREA_STYLE('',(#9699));
#9699 = FILL_AREA_STYLE_COLOUR('',#9510);
#9700 = OVER_RIDING_STYLED_ITEM('overriding color',(#9701),#7756,#9134);
#9701 = PRESENTATION_STYLE_ASSIGNMENT((#9702));
#9702 = SURFACE_STYLE_USAGE(.BOTH.,#9703);
#9703 = SURFACE_SIDE_STYLE('',(#9704));
#9704 = SURFACE_STYLE_FILL_AREA(#9705);
#9705 = FILL_AREA_STYLE('',(#9706));
#9706 = FILL_AREA_STYLE_COLOUR('',#9510);
#9707 = OVER_RIDING_STYLED_ITEM('overriding color',(#9708),#7768,#9134);
#9708 = PRESENTATION_STYLE_ASSIGNMENT((#9709));
#9709 = SURFACE_STYLE_USAGE(.BOTH.,#9710);
#9710 = SURFACE_SIDE_STYLE('',(#9711));
#9711 = SURFACE_STYLE_FILL_AREA(#9712);
#9712 = FILL_AREA_STYLE('',(#9713));
#9713 = FILL_AREA_STYLE_COLOUR('',#9404);
#9714 = OVER_RIDING_STYLED_ITEM('overriding color',(#9715),#7793,#9134);
#9715 = PRESENTATION_STYLE_ASSIGNMENT((#9716));
#9716 = SURFACE_STYLE_USAGE(.BOTH.,#9717);
#9717 = SURFACE_SIDE_STYLE('',(#9718));
#9718 = SURFACE_STYLE_FILL_AREA(#9719);
#9719 = FILL_AREA_STYLE('',(#9720));
#9720 = FILL_AREA_STYLE_COLOUR('',#9404);
#9721 = OVER_RIDING_STYLED_ITEM('overriding color',(#9722),#7825,#9134);
#9722 = PRESENTATION_STYLE_ASSIGNMENT((#9723));
#9723 = SURFACE_STYLE_USAGE(.BOTH.,#9724);
#9724 = SURFACE_SIDE_STYLE('',(#9725));
#9725 = SURFACE_STYLE_FILL_AREA(#9726);
#9726 = FILL_AREA_STYLE('',(#9727));
#9727 = FILL_AREA_STYLE_COLOUR('',#9404);
#9728 = OVER_RIDING_STYLED_ITEM('overriding color',(#9729),#7840,#9134);
#9729 = PRESENTATION_STYLE_ASSIGNMENT((#9730));
#9730 = SURFACE_STYLE_USAGE(.BOTH.,#9731);
#9731 = SURFACE_SIDE_STYLE('',(#9732));
#9732 = SURFACE_STYLE_FILL_AREA(#9733);
#9733 = FILL_AREA_STYLE('',(#9734));
#9734 = FILL_AREA_STYLE_COLOUR('',#9404);
#9735 = OVER_RIDING_STYLED_ITEM('overriding color',(#9736),#7869,#9134);
#9736 = PRESENTATION_STYLE_ASSIGNMENT((#9737));
#9737 = SURFACE_STYLE_USAGE(.BOTH.,#9738);
#9738 = SURFACE_SIDE_STYLE('',(#9739));
#9739 = SURFACE_STYLE_FILL_AREA(#9740);
#9740 = FILL_AREA_STYLE('',(#9741));
#9741 = FILL_AREA_STYLE_COLOUR('',#9404);
#9742 = OVER_RIDING_STYLED_ITEM('overriding color',(#9743),#7886,#9134);
#9743 = PRESENTATION_STYLE_ASSIGNMENT((#9744));
#9744 = SURFACE_STYLE_USAGE(.BOTH.,#9745);
#9745 = SURFACE_SIDE_STYLE('',(#9746));
#9746 = SURFACE_STYLE_FILL_AREA(#9747);
#9747 = FILL_AREA_STYLE('',(#9748));
#9748 = FILL_AREA_STYLE_COLOUR('',#9404);
#9749 = OVER_RIDING_STYLED_ITEM('overriding color',(#9750),#7900,#9134);
#9750 = PRESENTATION_STYLE_ASSIGNMENT((#9751));
#9751 = SURFACE_STYLE_USAGE(.BOTH.,#9752);
#9752 = SURFACE_SIDE_STYLE('',(#9753));
#9753 = SURFACE_STYLE_FILL_AREA(#9754);
#9754 = FILL_AREA_STYLE('',(#9755));
#9755 = FILL_AREA_STYLE_COLOUR('',#9404);
#9756 = OVER_RIDING_STYLED_ITEM('overriding color',(#9757),#7912,#9134);
#9757 = PRESENTATION_STYLE_ASSIGNMENT((#9758));
#9758 = SURFACE_STYLE_USAGE(.BOTH.,#9759);
#9759 = SURFACE_SIDE_STYLE('',(#9760));
#9760 = SURFACE_STYLE_FILL_AREA(#9761);
#9761 = FILL_AREA_STYLE('',(#9762));
#9762 = FILL_AREA_STYLE_COLOUR('',#9151);
#9763 = OVER_RIDING_STYLED_ITEM('overriding color',(#9764),#7938,#9134);
#9764 = PRESENTATION_STYLE_ASSIGNMENT((#9765));
#9765 = SURFACE_STYLE_USAGE(.BOTH.,#9766);
#9766 = SURFACE_SIDE_STYLE('',(#9767));
#9767 = SURFACE_STYLE_FILL_AREA(#9768);
#9768 = FILL_AREA_STYLE('',(#9769));
#9769 = FILL_AREA_STYLE_COLOUR('',#9770);
#9770 = DRAUGHTING_PRE_DEFINED_COLOUR('black');
#9771 = OVER_RIDING_STYLED_ITEM('overriding color',(#9772),#7953,#9134);
#9772 = PRESENTATION_STYLE_ASSIGNMENT((#9773));
#9773 = SURFACE_STYLE_USAGE(.BOTH.,#9774);
#9774 = SURFACE_SIDE_STYLE('',(#9775));
#9775 = SURFACE_STYLE_FILL_AREA(#9776);
#9776 = FILL_AREA_STYLE('',(#9777));
#9777 = FILL_AREA_STYLE_COLOUR('',#9151);
#9778 = OVER_RIDING_STYLED_ITEM('overriding color',(#9779),#7981,#9134);
#9779 = PRESENTATION_STYLE_ASSIGNMENT((#9780));
#9780 = SURFACE_STYLE_USAGE(.BOTH.,#9781);
#9781 = SURFACE_SIDE_STYLE('',(#9782));
#9782 = SURFACE_STYLE_FILL_AREA(#9783);
#9783 = FILL_AREA_STYLE('',(#9784));
#9784 = FILL_AREA_STYLE_COLOUR('',#9151);
#9785 = OVER_RIDING_STYLED_ITEM('overriding color',(#9786),#8005,#9134);
#9786 = PRESENTATION_STYLE_ASSIGNMENT((#9787));
#9787 = SURFACE_STYLE_USAGE(.BOTH.,#9788);
#9788 = SURFACE_SIDE_STYLE('',(#9789));
#9789 = SURFACE_STYLE_FILL_AREA(#9790);
#9790 = FILL_AREA_STYLE('',(#9791));
#9791 = FILL_AREA_STYLE_COLOUR('',#9151);
#9792 = MECHANICAL_DESIGN_GEOMETRIC_PRESENTATION_REPRESENTATION('',(
    #9793),#4688);
#9793 = STYLED_ITEM('color',(#9794),#1094);
#9794 = PRESENTATION_STYLE_ASSIGNMENT((#9795,#9800));
#9795 = SURFACE_STYLE_USAGE(.BOTH.,#9796);
#9796 = SURFACE_SIDE_STYLE('',(#9797));
#9797 = SURFACE_STYLE_FILL_AREA(#9798);
#9798 = FILL_AREA_STYLE('',(#9799));
#9799 = FILL_AREA_STYLE_COLOUR('',#9119);
#9800 = CURVE_STYLE('',#9801,POSITIVE_LENGTH_MEASURE(0.1),#9122);
#9801 = DRAUGHTING_PRE_DEFINED_CURVE_FONT('continuous');
ENDSEC;
END-ISO-10303-21;
