ISO-10303-21;
HEADER;
FILE_DESCRIPTION(('FreeCAD Model'),'2;1');
FILE_NAME('Open CASCADE Shape Model','2026-02-12T16:11:48',(''),(''),
  'Open CASCADE STEP processor 7.8','FreeCAD','Unknown');
FILE_SCHEMA(('AUTOMOTIVE_DESIGN { 1 0 10303 214 1 1 1 1 }'));
ENDSEC;
DATA;
#1 = APPLICATION_PROTOCOL_DEFINITION('international standard',
  'automotive_design',2000,#2);
#2 = APPLICATION_CONTEXT(
  'core data for automotive mechanical design processes');
#3 = SHAPE_DEFINITION_REPRESENTATION(#4,#10);
#4 = PRODUCT_DEFINITION_SHAPE('','',#5);
#5 = PRODUCT_DEFINITION('design','',#6,#9);
#6 = PRODUCT_DEFINITION_FORMATION('','',#7);
#7 = PRODUCT('WedgePrismAssembly','WedgePrismAssembly','',(#8));
#8 = PRODUCT_CONTEXT('',#2,'mechanical');
#9 = PRODUCT_DEFINITION_CONTEXT('part definition',#2,'design');
#10 = SHAPE_REPRESENTATION('',(#11,#15,#19,#23,#27),#31);
#11 = AXIS2_PLACEMENT_3D('',#12,#13,#14);
#12 = CARTESIAN_POINT('',(0.,0.,0.));
#13 = DIRECTION('',(0.,0.,1.));
#14 = DIRECTION('',(1.,0.,-0.));
#15 = AXIS2_PLACEMENT_3D('',#16,#17,#18);
#16 = CARTESIAN_POINT('',(0.,0.,9.));
#17 = DIRECTION('',(-0.767005852711,-0.641640103101,-2.059276923396E-16)
  );
#18 = DIRECTION('',(-2.22044604925E-16,-5.551115123126E-17,1.));
#19 = AXIS2_PLACEMENT_3D('',#20,#21,#22);
#20 = CARTESIAN_POINT('',(0.,0.,0.));
#21 = DIRECTION('',(0.,0.,1.));
#22 = DIRECTION('',(1.,0.,0.));
#23 = AXIS2_PLACEMENT_3D('',#24,#25,#26);
#24 = CARTESIAN_POINT('',(8.5,12.,4.));
#25 = DIRECTION('',(6.783802827666E-15,0.,-1.));
#26 = DIRECTION('',(-1.,0.,-6.783802827666E-15));
#27 = AXIS2_PLACEMENT_3D('',#28,#29,#30);
#28 = CARTESIAN_POINT('',(-7.7,12.,4.));
#29 = DIRECTION('',(-1.,0.,-2.22044604925E-16));
#30 = DIRECTION('',(-2.22044604925E-16,0.,1.));
#31 = ( GEOMETRIC_REPRESENTATION_CONTEXT(3) 
GLOBAL_UNCERTAINTY_ASSIGNED_CONTEXT((#35)) GLOBAL_UNIT_ASSIGNED_CONTEXT(
(#32,#33,#34)) REPRESENTATION_CONTEXT('Context #1',
  '3D Context with UNIT and UNCERTAINTY') );
#32 = ( LENGTH_UNIT() NAMED_UNIT(*) SI_UNIT(.MILLI.,.METRE.) );
#33 = ( NAMED_UNIT(*) PLANE_ANGLE_UNIT() SI_UNIT($,.RADIAN.) );
#34 = ( NAMED_UNIT(*) SI_UNIT($,.STERADIAN.) SOLID_ANGLE_UNIT() );
#35 = UNCERTAINTY_MEASURE_WITH_UNIT(LENGTH_MEASURE(2.E-04),#32,
  'distance_accuracy_value','confusion accuracy');
#36 = PRODUCT_RELATED_PRODUCT_CATEGORY('part',$,(#7));
#37 = SHAPE_DEFINITION_REPRESENTATION(#38,#44);
#38 = PRODUCT_DEFINITION_SHAPE('','',#39);
#39 = PRODUCT_DEFINITION('design','',#40,#43);
#40 = PRODUCT_DEFINITION_FORMATION('','',#41);
#41 = PRODUCT('WedgeInsert','WedgeInsert','',(#42));
#42 = PRODUCT_CONTEXT('',#2,'mechanical');
#43 = PRODUCT_DEFINITION_CONTEXT('part definition',#2,'design');
#44 = ADVANCED_BREP_SHAPE_REPRESENTATION('',(#11,#45),#1159);
#45 = MANIFOLD_SOLID_BREP('',#46);
#46 = CLOSED_SHELL('',(#47,#109,#175,#241,#303,#379,#455,#497,#625,#751,
    #793,#819,#837,#857,#943,#963,#1051,#1071,#1083,#1097,#1111,#1123,
    #1135,#1147));
#47 = ADVANCED_FACE('',(#48),#104,.F.);
#48 = FACE_BOUND('',#49,.F.);
#49 = EDGE_LOOP('',(#50,#60,#77,#85));
#50 = ORIENTED_EDGE('',*,*,#51,.T.);
#51 = EDGE_CURVE('',#52,#54,#56,.T.);
#52 = VERTEX_POINT('',#53);
#53 = CARTESIAN_POINT('',(-10.5,1.796906911707,-4.612334067548));
#54 = VERTEX_POINT('',#55);
#55 = CARTESIAN_POINT('',(-10.5,0.802849701989,-2.890576474687));
#56 = LINE('',#57,#58);
#57 = CARTESIAN_POINT('',(-10.5,4.438925576259,-9.188444629097));
#58 = VECTOR('',#59,1.);
#59 = DIRECTION('',(1.8E-16,-0.5,0.866025403784));
#60 = ORIENTED_EDGE('',*,*,#61,.F.);
#61 = EDGE_CURVE('',#62,#54,#64,.T.);
#62 = VERTEX_POINT('',#63);
#63 = CARTESIAN_POINT('',(-10.5,2.101887807666,-2.140576474687));
#64 = B_SPLINE_CURVE_WITH_KNOTS('',3,(#65,#66,#67,#68,#69,#70,#71,#72,
    #73,#74,#75,#76),.UNSPECIFIED.,.F.,.F.,(4,2,2,2,2,4),(
    2.354192181778E-03,2.648386185579E-03,2.942580189379E-03,
    3.53096819698E-03,4.119356204581E-03,4.707744212182E-03),
  .UNSPECIFIED.);
#65 = CARTESIAN_POINT('',(-10.5,2.101887807666,-2.140576474687));
#66 = CARTESIAN_POINT('',(-10.5981009338,2.101887807666,-2.140576474687)
  );
#67 = CARTESIAN_POINT('',(-10.69714557146,2.087390563604,-2.155060248108
    ));
#68 = CARTESIAN_POINT('',(-10.8777897279,2.0313648448,-2.207949479791));
#69 = CARTESIAN_POINT('',(-10.96088969406,1.98950217459,-2.246511237356)
  );
#70 = CARTESIAN_POINT('',(-11.16844512664,1.828557144317,-2.382457835728
    ));
#71 = CARTESIAN_POINT('',(-11.24994032068,1.671544119624,-2.499017939778
    ));
#72 = CARTESIAN_POINT('',(-11.25005961115,1.328847459956,-2.696908384679
    ));
#73 = CARTESIAN_POINT('',(-11.16816874642,1.148968742984,-2.774787818042
    ));
#74 = CARTESIAN_POINT('',(-10.89300569124,0.88571733287,-2.869683155639)
  );
#75 = CARTESIAN_POINT('',(-10.69901788154,0.802849701989,-2.890576474687
    ));
#76 = CARTESIAN_POINT('',(-10.5,0.802849701989,-2.890576474687));
#77 = ORIENTED_EDGE('',*,*,#78,.F.);
#78 = EDGE_CURVE('',#79,#62,#81,.T.);
#79 = VERTEX_POINT('',#80);
#80 = CARTESIAN_POINT('',(-10.49999999999,3.095945017393,-3.86233406754)
  );
#81 = LINE('',#82,#83);
#82 = CARTESIAN_POINT('',(-10.5,5.737963681935,-8.438444629097));
#83 = VECTOR('',#84,1.);
#84 = DIRECTION('',(1.8E-16,-0.5,0.866025403784));
#85 = ORIENTED_EDGE('',*,*,#86,.F.);
#86 = EDGE_CURVE('',#52,#79,#87,.T.);
#87 = B_SPLINE_CURVE_WITH_KNOTS('',3,(#88,#89,#90,#91,#92,#93,#94,#95,
    #96,#97,#98,#99,#100,#101,#102,#103),.UNSPECIFIED.,.F.,.F.,(4,2,2,2,
    2,2,2,4),(0.,2.935276808813E-04,5.870553617626E-04,
    1.174110723525E-03,1.467638404407E-03,1.761166085288E-03,
    2.054693766169E-03,2.348221447051E-03),.UNSPECIFIED.);
#88 = CARTESIAN_POINT('',(-10.5,1.796906911707,-4.612334067548));
#89 = CARTESIAN_POINT('',(-10.59926262218,1.796906911707,-4.612334067548
    ));
#90 = CARTESIAN_POINT('',(-10.69665545304,1.815432948739,-4.605230848373
    ));
#91 = CARTESIAN_POINT('',(-10.87825185017,1.886017629929,-4.576776754198
    ));
#92 = CARTESIAN_POINT('',(-10.96136864966,1.938011737037,-4.555374922609
    ));
#93 = CARTESIAN_POINT('',(-11.16858183809,2.128704516619,-4.471066740122
    ));
#94 = CARTESIAN_POINT('',(-11.24992669655,2.305022023276,-4.384949754575
    ));
#95 = CARTESIAN_POINT('',(-11.25003657314,2.559624841131,-4.237973972567
    ));
#96 = CARTESIAN_POINT('',(-11.23056851727,2.643289650555,-4.186144962636
    ));
#97 = CARTESIAN_POINT('',(-11.15527872738,2.795446401878,-4.086106856062
    ));
#98 = CARTESIAN_POINT('',(-11.10023826831,2.863254197172,-4.038467217596
    ));
#99 = CARTESIAN_POINT('',(-10.96045710574,2.976784780937,-3.955527074007
    ));
#100 = CARTESIAN_POINT('',(-10.87791399541,3.020744942163,
    -3.921612329172));
#101 = CARTESIAN_POINT('',(-10.69638920675,3.080580863962,
    -3.874785775563));
#102 = CARTESIAN_POINT('',(-10.59797030659,3.095945017383,
    -3.862334067548));
#103 = CARTESIAN_POINT('',(-10.49999999999,3.095945017393,-3.86233406754
    ));
#104 = CYLINDRICAL_SURFACE('',#105,0.75);
#105 = AXIS2_PLACEMENT_3D('',#106,#107,#108);
#106 = CARTESIAN_POINT('',(-10.5,5.088444629097,-8.813444629097));
#107 = DIRECTION('',(1.8E-16,-0.5,0.866025403784));
#108 = DIRECTION('',(0.,-0.866025403784,-0.5));
#109 = ADVANCED_FACE('',(#110),#170,.F.);
#110 = FACE_BOUND('',#111,.F.);
#111 = EDGE_LOOP('',(#112,#122,#141,#149));
#112 = ORIENTED_EDGE('',*,*,#113,.T.);
#113 = EDGE_CURVE('',#114,#116,#118,.T.);
#114 = VERTEX_POINT('',#115);
#115 = CARTESIAN_POINT('',(-10.5,-0.802849701989,-2.890576474687));
#116 = VERTEX_POINT('',#117);
#117 = CARTESIAN_POINT('',(-10.5,-1.796906911707,-4.612334067548));
#118 = LINE('',#119,#120);
#119 = CARTESIAN_POINT('',(-10.5,5.737963681935,8.438444629097));
#120 = VECTOR('',#121,1.);
#121 = DIRECTION('',(1.8E-16,-0.5,-0.866025403784));
#122 = ORIENTED_EDGE('',*,*,#123,.F.);
#123 = EDGE_CURVE('',#124,#116,#126,.T.);
#124 = VERTEX_POINT('',#125);
#125 = CARTESIAN_POINT('',(-10.5,-3.095945017393,-3.86233406754));
#126 = B_SPLINE_CURVE_WITH_KNOTS('',3,(#127,#128,#129,#130,#131,#132,
    #133,#134,#135,#136,#137,#138,#139,#140),.UNSPECIFIED.,.F.,.F.,(4,2,
    2,2,2,2,4),(2.348221447051E-03,2.935132427824E-03,3.228587918211E-03
    ,3.522043408597E-03,3.815498898984E-03,4.108954389371E-03,
    4.695865370144E-03),.UNSPECIFIED.);
#127 = CARTESIAN_POINT('',(-10.5,-3.095945017393,-3.86233406754));
#128 = CARTESIAN_POINT('',(-10.69589242335,-3.095945017383,
    -3.862334067548));
#129 = CARTESIAN_POINT('',(-10.89163624915,-3.032521241284,
    -3.914795838577));
#130 = CARTESIAN_POINT('',(-11.09915559192,-2.864213232297,
    -4.037772955985));
#131 = CARTESIAN_POINT('',(-11.15481349086,-2.796112138063,
    -4.085650244569));
#132 = CARTESIAN_POINT('',(-11.23032505337,-2.644053593191,
    -4.185661429918));
#133 = CARTESIAN_POINT('',(-11.24993567354,-2.561263155785,
    -4.23701043831));
#134 = CARTESIAN_POINT('',(-11.25006401217,-2.389577734866,
    -4.336155515726));
#135 = CARTESIAN_POINT('',(-11.23051989998,-2.303576957148,
    -4.382270515638));
#136 = CARTESIAN_POINT('',(-11.15537607452,-2.141140563826,
    -4.463886059889));
#137 = CARTESIAN_POINT('',(-11.09968075497,-2.065353514865,
    -4.499071407306));
#138 = CARTESIAN_POINT('',(-10.89268941577,-1.874694707023,
    -4.583375877352));
#139 = CARTESIAN_POINT('',(-10.69847641886,-1.796906911707,
    -4.612334067548));
#140 = CARTESIAN_POINT('',(-10.5,-1.796906911707,-4.612334067548));
#141 = ORIENTED_EDGE('',*,*,#142,.F.);
#142 = EDGE_CURVE('',#143,#124,#145,.T.);
#143 = VERTEX_POINT('',#144);
#144 = CARTESIAN_POINT('',(-10.5,-2.101887807666,-2.140576474687));
#145 = LINE('',#146,#147);
#146 = CARTESIAN_POINT('',(-10.5,4.438925576259,9.188444629097));
#147 = VECTOR('',#148,1.);
#148 = DIRECTION('',(1.8E-16,-0.5,-0.866025403784));
#149 = ORIENTED_EDGE('',*,*,#150,.F.);
#150 = EDGE_CURVE('',#114,#143,#151,.T.);
#151 = B_SPLINE_CURVE_WITH_KNOTS('',3,(#152,#153,#154,#155,#156,#157,
    #158,#159,#160,#161,#162,#163,#164,#165,#166,#167,#168,#169),
  .UNSPECIFIED.,.F.,.F.,(4,2,2,2,2,2,2,2,4),(0.,2.942740227223E-04,
    5.885480454446E-04,8.828220681669E-04,1.177096090889E-03,
    1.471370113611E-03,1.765644136334E-03,2.059918159056E-03,
    2.354192181778E-03),.UNSPECIFIED.);
#152 = CARTESIAN_POINT('',(-10.5,-0.802849701989,-2.890576474687));
#153 = CARTESIAN_POINT('',(-10.59953600657,-0.802849701989,
    -2.890576474687));
#154 = CARTESIAN_POINT('',(-10.69717004371,-0.822587628579,
    -2.885282015362));
#155 = CARTESIAN_POINT('',(-10.87862997322,-0.896865582156,
    -2.863063890731));
#156 = CARTESIAN_POINT('',(-10.9615746361,-0.951350920988,
    -2.846020426991));
#157 = CARTESIAN_POINT('',(-11.09932137615,-1.083068848873,
    -2.798546536028));
#158 = CARTESIAN_POINT('',(-11.15513520896,-1.161437604991,
    -2.767538857812));
#159 = CARTESIAN_POINT('',(-11.23007131277,-1.326330779239,
    -2.692406972178));
#160 = CARTESIAN_POINT('',(-11.24995974809,-1.414615173652,
    -2.647361544108));
#161 = CARTESIAN_POINT('',(-11.25004012648,-1.584853608547,
    -2.549097541136));
#162 = CARTESIAN_POINT('',(-11.23050124636,-1.66760277871,
    -2.495490046318));
#163 = CARTESIAN_POINT('',(-11.15490906466,-1.816563448493,
    -2.389239803041));
#164 = CARTESIAN_POINT('',(-11.09967994941,-1.881858900981,
    -2.337432018168));
#165 = CARTESIAN_POINT('',(-10.96066397749,-1.989698104241,
    -2.246348774509));
#166 = CARTESIAN_POINT('',(-10.87801270899,-2.031293974523,
    -2.208016272233));
#167 = CARTESIAN_POINT('',(-10.69695180869,-2.087452371716,
    -2.155002010485));
#168 = CARTESIAN_POINT('',(-10.59812761664,-2.101887807666,
    -2.140576474687));
#169 = CARTESIAN_POINT('',(-10.5,-2.101887807666,-2.140576474687));
#170 = CYLINDRICAL_SURFACE('',#171,0.75);
#171 = AXIS2_PLACEMENT_3D('',#172,#173,#174);
#172 = CARTESIAN_POINT('',(-10.5,5.088444629097,8.813444629097));
#173 = DIRECTION('',(1.8E-16,-0.5,-0.866025403784));
#174 = DIRECTION('',(0.,0.866025403784,-0.5));
#175 = ADVANCED_FACE('',(#176),#236,.F.);
#176 = FACE_BOUND('',#177,.F.);
#177 = EDGE_LOOP('',(#178,#188,#207,#215));
#178 = ORIENTED_EDGE('',*,*,#179,.T.);
#179 = EDGE_CURVE('',#180,#182,#184,.T.);
#180 = VERTEX_POINT('',#181);
#181 = CARTESIAN_POINT('',(-10.5,-2.101887807666,2.140576474687));
#182 = VERTEX_POINT('',#183);
#183 = CARTESIAN_POINT('',(-10.5,-3.095945017383,3.862334067548));
#184 = LINE('',#185,#186);
#185 = CARTESIAN_POINT('',(-10.5,4.438925576259,-9.188444629097));
#186 = VECTOR('',#187,1.);
#187 = DIRECTION('',(1.8E-16,-0.5,0.866025403784));
#188 = ORIENTED_EDGE('',*,*,#189,.F.);
#189 = EDGE_CURVE('',#190,#182,#192,.T.);
#190 = VERTEX_POINT('',#191);
#191 = CARTESIAN_POINT('',(-10.5,-1.796906911696,4.612334067552));
#192 = B_SPLINE_CURVE_WITH_KNOTS('',3,(#193,#194,#195,#196,#197,#198,
    #199,#200,#201,#202,#203,#204,#205,#206),.UNSPECIFIED.,.F.,.F.,(4,2,
    2,2,2,2,4),(2.348221447051E-03,2.935132427824E-03,3.228587918211E-03
    ,3.522043408597E-03,3.815498898984E-03,4.108954389371E-03,
    4.695865370144E-03),.UNSPECIFIED.);
#193 = CARTESIAN_POINT('',(-10.5,-1.796906911696,4.612334067552));
#194 = CARTESIAN_POINT('',(-10.69589242335,-1.796906911707,
    4.612334067548));
#195 = CARTESIAN_POINT('',(-10.89163624915,-1.874052026195,
    4.583638351756));
#196 = CARTESIAN_POINT('',(-11.09915559192,-2.064707338448,
    4.499367899017));
#197 = CARTESIAN_POINT('',(-11.15481349086,-2.140220833743,
    4.464329265677));
#198 = CARTESIAN_POINT('',(-11.23032505337,-2.302862333354,4.38264829563
    ));
#199 = CARTESIAN_POINT('',(-11.24993567354,-2.388727097784,
    4.336624177842));
#200 = CARTESIAN_POINT('',(-11.25006401217,-2.560431963946,
    4.237512780575));
#201 = CARTESIAN_POINT('',(-11.23051989998,-2.643369114224,
    4.186091422282));
#202 = CARTESIAN_POINT('',(-11.15537607452,-2.79526844555,4.086225151291
    ));
#203 = CARTESIAN_POINT('',(-11.09968075497,-2.863633374735,
    4.038184315322));
#204 = CARTESIAN_POINT('',(-10.89268941577,-3.031972591369,
    3.915221179298));
#205 = CARTESIAN_POINT('',(-10.69847641886,-3.095945017383,
    3.862334067548));
#206 = CARTESIAN_POINT('',(-10.5,-3.095945017383,3.862334067548));
#207 = ORIENTED_EDGE('',*,*,#208,.F.);
#208 = EDGE_CURVE('',#209,#190,#211,.T.);
#209 = VERTEX_POINT('',#210);
#210 = CARTESIAN_POINT('',(-10.5,-0.802849701989,2.890576474687));
#211 = LINE('',#212,#213);
#212 = CARTESIAN_POINT('',(-10.5,5.737963681935,-8.438444629097));
#213 = VECTOR('',#214,1.);
#214 = DIRECTION('',(1.8E-16,-0.5,0.866025403784));
#215 = ORIENTED_EDGE('',*,*,#216,.F.);
#216 = EDGE_CURVE('',#180,#209,#217,.T.);
#217 = B_SPLINE_CURVE_WITH_KNOTS('',3,(#218,#219,#220,#221,#222,#223,
    #224,#225,#226,#227,#228,#229,#230,#231,#232,#233,#234,#235),
  .UNSPECIFIED.,.F.,.F.,(4,2,2,2,2,2,2,2,4),(0.,2.942740227223E-04,
    5.885480454446E-04,8.828220681669E-04,1.177096090889E-03,
    1.471370113611E-03,1.765644136334E-03,2.059918159056E-03,
    2.354192181778E-03),.UNSPECIFIED.);
#218 = CARTESIAN_POINT('',(-10.5,-2.101887807666,2.140576474687));
#219 = CARTESIAN_POINT('',(-10.59953600657,-2.101887807666,
    2.140576474687));
#220 = CARTESIAN_POINT('',(-10.69717004371,-2.087433708096,
    2.155022790869));
#221 = CARTESIAN_POINT('',(-10.87862997322,-2.031053270952,
    2.208240323293));
#222 = CARTESIAN_POINT('',(-10.9615746361,-1.989050528969,2.246904278985
    ));
#223 = CARTESIAN_POINT('',(-11.09932137615,-1.882077969437,
    2.337238405185));
#224 = CARTESIAN_POINT('',(-11.15513520896,-1.81604015433,2.389603899739
    ));
#225 = CARTESIAN_POINT('',(-11.23007131277,-1.668527445612,
    2.494839634731));
#226 = CARTESIAN_POINT('',(-11.24995974809,-1.585374763373,
    2.548773449016));
#227 = CARTESIAN_POINT('',(-11.25004012648,-1.415156423075,
    2.647072256849));
#228 = CARTESIAN_POINT('',(-11.23050124636,-1.327356385647,
    2.691931392944));
#229 = CARTESIAN_POINT('',(-11.15490906466,-1.16086064092,2.767809995502
    ));
#230 = CARTESIAN_POINT('',(-11.09967994941,-1.083346056863,
    2.798453623671));
#231 = CARTESIAN_POINT('',(-10.96066397749,-0.950546052365,
    2.846303491389));
#232 = CARTESIAN_POINT('',(-10.87801270899,-0.896551196462,
    2.863160320608));
#233 = CARTESIAN_POINT('',(-10.69695180869,-0.822560300429,
    2.885287788339));
#234 = CARTESIAN_POINT('',(-10.59812761664,-0.802849701989,
    2.890576474687));
#235 = CARTESIAN_POINT('',(-10.5,-0.802849701989,2.890576474687));
#236 = CYLINDRICAL_SURFACE('',#237,0.75);
#237 = AXIS2_PLACEMENT_3D('',#238,#239,#240);
#238 = CARTESIAN_POINT('',(-10.5,5.088444629097,-8.813444629097));
#239 = DIRECTION('',(1.8E-16,-0.5,0.866025403784));
#240 = DIRECTION('',(0.,-0.866025403784,-0.5));
#241 = ADVANCED_FACE('',(#242),#298,.F.);
#242 = FACE_BOUND('',#243,.F.);
#243 = EDGE_LOOP('',(#244,#254,#271,#279));
#244 = ORIENTED_EDGE('',*,*,#245,.T.);
#245 = EDGE_CURVE('',#246,#248,#250,.T.);
#246 = VERTEX_POINT('',#247);
#247 = CARTESIAN_POINT('',(-10.5,3.095945017383,3.862334067548));
#248 = VERTEX_POINT('',#249);
#249 = CARTESIAN_POINT('',(-10.5,2.101887807666,2.140576474687));
#250 = LINE('',#251,#252);
#251 = CARTESIAN_POINT('',(-10.5,5.737963681935,8.438444629097));
#252 = VECTOR('',#253,1.);
#253 = DIRECTION('',(1.8E-16,-0.5,-0.866025403784));
#254 = ORIENTED_EDGE('',*,*,#255,.F.);
#255 = EDGE_CURVE('',#256,#248,#258,.T.);
#256 = VERTEX_POINT('',#257);
#257 = CARTESIAN_POINT('',(-10.5,0.802849701989,2.890576474687));
#258 = B_SPLINE_CURVE_WITH_KNOTS('',3,(#259,#260,#261,#262,#263,#264,
    #265,#266,#267,#268,#269,#270),.UNSPECIFIED.,.F.,.F.,(4,2,2,2,2,4),(
    2.354192181778E-03,2.648386185579E-03,2.942580189379E-03,
    3.53096819698E-03,4.119356204581E-03,4.707744212182E-03),
  .UNSPECIFIED.);
#259 = CARTESIAN_POINT('',(-10.5,0.802849701989,2.890576474687));
#260 = CARTESIAN_POINT('',(-10.5981009338,0.802849701989,2.890576474687)
  );
#261 = CARTESIAN_POINT('',(-10.69714557146,0.822641639746,2.885263379755
    ));
#262 = CARTESIAN_POINT('',(-10.8777897279,0.896457917372,2.863188299847)
  );
#263 = CARTESIAN_POINT('',(-10.96088969406,0.950784714142,2.846215042757
    ));
#264 = CARTESIAN_POINT('',(-11.16844512664,1.148990437027,2.774805857115
    ));
#265 = CARTESIAN_POINT('',(-11.24994032068,1.328440960549,2.69710864103)
  );
#266 = CARTESIAN_POINT('',(-11.25005961115,1.671167442834,2.499269850416
    ));
#267 = CARTESIAN_POINT('',(-11.16816874642,1.828552369044,2.382430028599
    ));
#268 = CARTESIAN_POINT('',(-10.89300569124,2.042359847161,2.201895288658
    ));
#269 = CARTESIAN_POINT('',(-10.69901788154,2.101887807666,2.140576474687
    ));
#270 = CARTESIAN_POINT('',(-10.5,2.101887807666,2.140576474687));
#271 = ORIENTED_EDGE('',*,*,#272,.F.);
#272 = EDGE_CURVE('',#273,#256,#275,.T.);
#273 = VERTEX_POINT('',#274);
#274 = CARTESIAN_POINT('',(-10.49999999999,1.796906911695,4.612334067552
    ));
#275 = LINE('',#276,#277);
#276 = CARTESIAN_POINT('',(-10.5,4.438925576259,9.188444629097));
#277 = VECTOR('',#278,1.);
#278 = DIRECTION('',(1.8E-16,-0.5,-0.866025403784));
#279 = ORIENTED_EDGE('',*,*,#280,.F.);
#280 = EDGE_CURVE('',#246,#273,#281,.T.);
#281 = B_SPLINE_CURVE_WITH_KNOTS('',3,(#282,#283,#284,#285,#286,#287,
    #288,#289,#290,#291,#292,#293,#294,#295,#296,#297),.UNSPECIFIED.,.F.
  ,.F.,(4,2,2,2,2,2,2,4),(0.,2.935276808813E-04,5.870553617626E-04,
    1.174110723525E-03,1.467638404407E-03,1.761166085288E-03,
    2.054693766169E-03,2.348221447051E-03),.UNSPECIFIED.);
#282 = CARTESIAN_POINT('',(-10.5,3.095945017383,3.862334067548));
#283 = CARTESIAN_POINT('',(-10.59926262218,3.095945017383,3.862334067548
    ));
#284 = CARTESIAN_POINT('',(-10.69665545304,3.080530430613,3.874826476662
    ));
#285 = CARTESIAN_POINT('',(-10.87825185017,3.020596121622,3.921727556603
    ));
#286 = CARTESIAN_POINT('',(-10.96136864966,2.976064538223,3.956054858411
    ));
#287 = CARTESIAN_POINT('',(-11.16858183809,2.807705120651,4.079045558604
    ));
#288 = CARTESIAN_POINT('',(-11.24992669655,2.644966870143,4.188682505727
    ));
#289 = CARTESIAN_POINT('',(-11.25003657314,2.390380700255,4.33568712286)
  );
#290 = CARTESIAN_POINT('',(-11.23056851727,2.30366305629,4.382228468259)
  );
#291 = CARTESIAN_POINT('',(-11.15527872738,2.140949138989,4.463981026976
    ));
#292 = CARTESIAN_POINT('',(-11.10023826831,2.065788104203,4.498884481041
    ));
#293 = CARTESIAN_POINT('',(-10.96045710574,1.937194540979,4.555734778893
    ));
#294 = CARTESIAN_POINT('',(-10.87791399541,1.885843429776,4.576848022852
    ));
#295 = CARTESIAN_POINT('',(-10.69638920675,1.81537248388,4.605254174385)
  );
#296 = CARTESIAN_POINT('',(-10.59797030659,1.796906911707,4.612334067548
    ));
#297 = CARTESIAN_POINT('',(-10.49999999999,1.796906911695,4.612334067552
    ));
#298 = CYLINDRICAL_SURFACE('',#299,0.75);
#299 = AXIS2_PLACEMENT_3D('',#300,#301,#302);
#300 = CARTESIAN_POINT('',(-10.5,5.088444629097,8.813444629097));
#301 = DIRECTION('',(1.8E-16,-0.5,-0.866025403784));
#302 = DIRECTION('',(0.,0.866025403784,-0.5));
#303 = ADVANCED_FACE('',(#304),#374,.F.);
#304 = FACE_BOUND('',#305,.F.);
#305 = EDGE_LOOP('',(#306,#319,#327,#340,#353,#361));
#306 = ORIENTED_EDGE('',*,*,#307,.F.);
#307 = EDGE_CURVE('',#308,#310,#312,.T.);
#308 = VERTEX_POINT('',#309);
#309 = CARTESIAN_POINT('',(-10.5,2.904737509656,0.75));
#310 = VERTEX_POINT('',#311);
#311 = CARTESIAN_POINT('',(-11.25,3.,0.));
#312 = B_SPLINE_CURVE_WITH_KNOTS('',3,(#313,#314,#315,#316,#317,#318),
  .UNSPECIFIED.,.F.,.F.,(4,2,4),(3.531231671753E-03,4.119509821854E-03,
    4.707787971954E-03),.UNSPECIFIED.);
#313 = CARTESIAN_POINT('',(-10.5,2.904737509656,0.75));
#314 = CARTESIAN_POINT('',(-10.69782898851,2.904737509656,0.75));
#315 = CARTESIAN_POINT('',(-10.89243269751,2.927995822845,0.668112801171
    ));
#316 = CARTESIAN_POINT('',(-11.16778583197,2.977430777348,0.392988829083
    ));
#317 = CARTESIAN_POINT('',(-11.25,3.,0.198974713953));
#318 = CARTESIAN_POINT('',(-11.25,3.,0.));
#319 = ORIENTED_EDGE('',*,*,#320,.T.);
#320 = EDGE_CURVE('',#308,#321,#323,.T.);
#321 = VERTEX_POINT('',#322);
#322 = CARTESIAN_POINT('',(-10.5,4.892851929089,0.750000000007));
#323 = LINE('',#324,#325);
#324 = CARTESIAN_POINT('',(-10.5,-7.45,0.75));
#325 = VECTOR('',#326,1.);
#326 = DIRECTION('',(-0.,1.,-0.));
#327 = ORIENTED_EDGE('',*,*,#328,.F.);
#328 = EDGE_CURVE('',#329,#321,#331,.T.);
#329 = VERTEX_POINT('',#330);
#330 = CARTESIAN_POINT('',(-11.25,4.95,0.));
#331 = B_SPLINE_CURVE_WITH_KNOTS('',3,(#332,#333,#334,#335,#336,#337,
    #338,#339),.UNSPECIFIED.,.F.,.F.,(4,2,2,4),(0.,2.935981982269E-04,
    5.871963964537E-04,1.174392792907E-03),.UNSPECIFIED.);
#332 = CARTESIAN_POINT('',(-11.25,4.95,0.));
#333 = CARTESIAN_POINT('',(-11.25,4.95,9.928607514077E-02));
#334 = CARTESIAN_POINT('',(-11.23039462565,4.946926646069,0.196704066113
    ));
#335 = CARTESIAN_POINT('',(-11.15500261098,4.936358511372,0.378338972899
    ));
#336 = CARTESIAN_POINT('',(-11.09924514732,4.928932065894,0.461470799899
    ));
#337 = CARTESIAN_POINT('',(-10.89185675013,4.906593315841,0.668691610818
    ));
#338 = CARTESIAN_POINT('',(-10.69603656316,4.89285192909,0.75));
#339 = CARTESIAN_POINT('',(-10.5,4.892851929089,0.750000000007));
#340 = ORIENTED_EDGE('',*,*,#341,.F.);
#341 = EDGE_CURVE('',#342,#329,#344,.T.);
#342 = VERTEX_POINT('',#343);
#343 = CARTESIAN_POINT('',(-10.5,4.89285192909,-0.75));
#344 = B_SPLINE_CURVE_WITH_KNOTS('',3,(#345,#346,#347,#348,#349,#350,
    #351,#352),.UNSPECIFIED.,.F.,.F.,(4,2,2,4),(3.522528049254E-03,
    3.815863832884E-03,4.109199616514E-03,4.695871183774E-03),
  .UNSPECIFIED.);
#345 = CARTESIAN_POINT('',(-10.5,4.89285192909,-0.75));
#346 = CARTESIAN_POINT('',(-10.59907820011,4.89285192909,-0.75));
#347 = CARTESIAN_POINT('',(-10.69657163032,4.895962205587,
    -0.730408015848));
#348 = CARTESIAN_POINT('',(-10.87793018059,4.906591152123,
    -0.655213746845));
#349 = CARTESIAN_POINT('',(-10.96110182872,4.914051679826,
    -0.599508850357));
#350 = CARTESIAN_POINT('',(-11.1682167975,4.936361995502,-0.392542155674
    ));
#351 = CARTESIAN_POINT('',(-11.25,4.95,-0.198394668842));
#352 = CARTESIAN_POINT('',(-11.25,4.95,0.));
#353 = ORIENTED_EDGE('',*,*,#354,.F.);
#354 = EDGE_CURVE('',#355,#342,#357,.T.);
#355 = VERTEX_POINT('',#356);
#356 = CARTESIAN_POINT('',(-10.5,2.904737509655,-0.750000000004));
#357 = LINE('',#358,#359);
#358 = CARTESIAN_POINT('',(-10.5,-7.45,-0.75));
#359 = VECTOR('',#360,1.);
#360 = DIRECTION('',(-0.,1.,-0.));
#361 = ORIENTED_EDGE('',*,*,#362,.F.);
#362 = EDGE_CURVE('',#310,#355,#363,.T.);
#363 = B_SPLINE_CURVE_WITH_KNOTS('',3,(#364,#365,#366,#367,#368,#369,
    #370,#371,#372,#373),.UNSPECIFIED.,.F.,.F.,(4,2,2,2,4),(0.,
    2.943548652374E-04,5.887097304749E-04,8.830645957123E-04,
    1.17741946095E-03),.UNSPECIFIED.);
#364 = CARTESIAN_POINT('',(-11.25,3.,0.));
#365 = CARTESIAN_POINT('',(-11.25,3.,-9.95603442035E-02));
#366 = CARTESIAN_POINT('',(-11.23024914926,2.994898268179,
    -0.197228853469));
#367 = CARTESIAN_POINT('',(-11.1547558502,2.977390978713,-0.378758257026
    ));
#368 = CARTESIAN_POINT('',(-11.0990027332,2.965080808294,-0.461727758182
    ));
#369 = CARTESIAN_POINT('',(-10.961115044,2.940327704379,-0.599474530943)
  );
#370 = CARTESIAN_POINT('',(-10.87771973589,2.927817315236,
    -0.655260652194));
#371 = CARTESIAN_POINT('',(-10.69731004765,2.910046956222,
    -0.730142086373));
#372 = CARTESIAN_POINT('',(-10.59830423525,2.904737509656,-0.75));
#373 = CARTESIAN_POINT('',(-10.5,2.904737509655,-0.750000000004));
#374 = CYLINDRICAL_SURFACE('',#375,0.75);
#375 = AXIS2_PLACEMENT_3D('',#376,#377,#378);
#376 = CARTESIAN_POINT('',(-10.5,-7.45,-1.E-17));
#377 = DIRECTION('',(-0.,1.,-0.));
#378 = DIRECTION('',(0.,0.,1.));
#379 = ADVANCED_FACE('',(#380),#450,.F.);
#380 = FACE_BOUND('',#381,.F.);
#381 = EDGE_LOOP('',(#382,#397,#405,#416,#429,#437));
#382 = ORIENTED_EDGE('',*,*,#383,.F.);
#383 = EDGE_CURVE('',#384,#386,#388,.T.);
#384 = VERTEX_POINT('',#385);
#385 = CARTESIAN_POINT('',(-10.5,-4.89285192909,0.75));
#386 = VERTEX_POINT('',#387);
#387 = CARTESIAN_POINT('',(-11.25,-4.950000000001,-7.7E-13));
#388 = B_SPLINE_CURVE_WITH_KNOTS('',3,(#389,#390,#391,#392,#393,#394,
    #395,#396),.UNSPECIFIED.,.F.,.F.,(4,2,2,4),(0.,2.935976512115E-04,
    5.871953024229E-04,1.174390604846E-03),.UNSPECIFIED.);
#389 = CARTESIAN_POINT('',(-10.5,-4.89285192909,0.75));
#390 = CARTESIAN_POINT('',(-10.59928628413,-4.89285192909,0.75));
#391 = CARTESIAN_POINT('',(-10.69670325873,-4.895964984557,
    0.730394509406));
#392 = CARTESIAN_POINT('',(-10.87833390662,-4.906619763433,
    0.655005165223));
#393 = CARTESIAN_POINT('',(-10.96146450986,-4.914085237738,
    0.599249900782));
#394 = CARTESIAN_POINT('',(-11.16868645815,-4.93642365472,0.391864990111
    ));
#395 = CARTESIAN_POINT('',(-11.25,-4.95,0.196037982942));
#396 = CARTESIAN_POINT('',(-11.25,-4.950000000001,-7.6983E-13));
#397 = ORIENTED_EDGE('',*,*,#398,.T.);
#398 = EDGE_CURVE('',#384,#399,#401,.T.);
#399 = VERTEX_POINT('',#400);
#400 = CARTESIAN_POINT('',(-10.5,-2.904737509656,0.75));
#401 = LINE('',#402,#403);
#402 = CARTESIAN_POINT('',(-10.5,-7.45,0.75));
#403 = VECTOR('',#404,1.);
#404 = DIRECTION('',(-0.,1.,-0.));
#405 = ORIENTED_EDGE('',*,*,#406,.F.);
#406 = EDGE_CURVE('',#407,#399,#409,.T.);
#407 = VERTEX_POINT('',#408);
#408 = CARTESIAN_POINT('',(-11.25,-3.,0.));
#409 = B_SPLINE_CURVE_WITH_KNOTS('',3,(#410,#411,#412,#413,#414,#415),
  .UNSPECIFIED.,.F.,.F.,(4,2,4),(3.531192302291E-03,4.119468257236E-03,
    4.707744212182E-03),.UNSPECIFIED.);
#410 = CARTESIAN_POINT('',(-11.25,-3.,3.6E-16));
#411 = CARTESIAN_POINT('',(-11.25,-3.,0.197818852428));
#412 = CARTESIAN_POINT('',(-11.16808432759,-2.977502399569,
    0.392483113563));
#413 = CARTESIAN_POINT('',(-10.8929328922,-2.928067644103,0.667819889962
    ));
#414 = CARTESIAN_POINT('',(-10.69897998056,-2.904737509656,0.75));
#415 = CARTESIAN_POINT('',(-10.5,-2.904737509656,0.75));
#416 = ORIENTED_EDGE('',*,*,#417,.F.);
#417 = EDGE_CURVE('',#418,#407,#420,.T.);
#418 = VERTEX_POINT('',#419);
#419 = CARTESIAN_POINT('',(-10.5,-2.904737509656,-0.75));
#420 = B_SPLINE_CURVE_WITH_KNOTS('',3,(#421,#422,#423,#424,#425,#426,
    #427,#428),.UNSPECIFIED.,.F.,.F.,(4,2,2,4),(2.354192181778E-03,
    2.648442211906E-03,2.942692242035E-03,3.531192302291E-03),
  .UNSPECIFIED.);
#421 = CARTESIAN_POINT('',(-10.5,-2.904737509656,-0.75));
#422 = CARTESIAN_POINT('',(-10.59811961615,-2.904737509656,-0.75));
#423 = CARTESIAN_POINT('',(-10.69718264316,-2.910034273254,
    -0.730195633832));
#424 = CARTESIAN_POINT('',(-10.87785586033,-2.927830857126,
    -0.65520348537));
#425 = CARTESIAN_POINT('',(-10.96096488135,-2.940298594917,
    -0.599649279479));
#426 = CARTESIAN_POINT('',(-11.16853189733,-2.977566744755,
    -0.392220120771));
#427 = CARTESIAN_POINT('',(-11.25,-3.,-0.197894212053));
#428 = CARTESIAN_POINT('',(-11.25,-3.,3.6E-16));
#429 = ORIENTED_EDGE('',*,*,#430,.F.);
#430 = EDGE_CURVE('',#431,#418,#433,.T.);
#431 = VERTEX_POINT('',#432);
#432 = CARTESIAN_POINT('',(-10.49999999999,-4.892851929088,
    -0.750000000012));
#433 = LINE('',#434,#435);
#434 = CARTESIAN_POINT('',(-10.5,-7.45,-0.75));
#435 = VECTOR('',#436,1.);
#436 = DIRECTION('',(-0.,1.,-0.));
#437 = ORIENTED_EDGE('',*,*,#438,.F.);
#438 = EDGE_CURVE('',#386,#431,#439,.T.);
#439 = B_SPLINE_CURVE_WITH_KNOTS('',3,(#440,#441,#442,#443,#444,#445,
    #446,#447,#448,#449),.UNSPECIFIED.,.F.,.F.,(4,2,2,2,4),(
    1.174390604846E-03,1.467848315397E-03,1.761306025948E-03,
    2.054763736499E-03,2.348221447051E-03),.UNSPECIFIED.);
#440 = CARTESIAN_POINT('',(-11.25,-4.950000000001,-7.6983E-13));
#441 = CARTESIAN_POINT('',(-11.25,-4.95,-9.797227160865E-02));
#442 = CARTESIAN_POINT('',(-11.23050550678,-4.946943268489,
    -0.196307914872));
#443 = CARTESIAN_POINT('',(-11.15518015408,-4.936382323171,
    -0.378039757925));
#444 = CARTESIAN_POINT('',(-11.10013267101,-4.929029520009,
    -0.460549191408));
#445 = CARTESIAN_POINT('',(-10.96036276333,-4.913970559554,
    -0.600275692214));
#446 = CARTESIAN_POINT('',(-10.87783009885,-4.906582259504,
    -0.655280421621));
#447 = CARTESIAN_POINT('',(-10.69634328726,-4.895951855577,
    -0.730477465844));
#448 = CARTESIAN_POINT('',(-10.59794695269,-4.89285192909,-0.75));
#449 = CARTESIAN_POINT('',(-10.49999999999,-4.892851929088,
    -0.750000000012));
#450 = CYLINDRICAL_SURFACE('',#451,0.75);
#451 = AXIS2_PLACEMENT_3D('',#452,#453,#454);
#452 = CARTESIAN_POINT('',(-10.5,-7.45,-1.E-17));
#453 = DIRECTION('',(-0.,1.,-0.));
#454 = DIRECTION('',(0.,0.,1.));
#455 = ADVANCED_FACE('',(#456),#492,.F.);
#456 = FACE_BOUND('',#457,.F.);
#457 = EDGE_LOOP('',(#458,#468,#477,#485));
#458 = ORIENTED_EDGE('',*,*,#459,.T.);
#459 = EDGE_CURVE('',#460,#462,#464,.T.);
#460 = VERTEX_POINT('',#461);
#461 = CARTESIAN_POINT('',(0.,6.45,0.));
#462 = VERTEX_POINT('',#463);
#463 = CARTESIAN_POINT('',(3.,6.45,0.));
#464 = LINE('',#465,#466);
#465 = CARTESIAN_POINT('',(-7.9E-16,6.45,0.));
#466 = VECTOR('',#467,1.);
#467 = DIRECTION('',(1.,1.2E-16,-0.));
#468 = ORIENTED_EDGE('',*,*,#469,.F.);
#469 = EDGE_CURVE('',#470,#462,#472,.T.);
#470 = VERTEX_POINT('',#471);
#471 = CARTESIAN_POINT('',(3.,-6.45,1.E-15));
#472 = CIRCLE('',#473,6.45);
#473 = AXIS2_PLACEMENT_3D('',#474,#475,#476);
#474 = CARTESIAN_POINT('',(3.,3.7E-16,0.));
#475 = DIRECTION('',(1.,1.2E-16,-0.));
#476 = DIRECTION('',(-1.2E-16,1.,0.));
#477 = ORIENTED_EDGE('',*,*,#478,.F.);
#478 = EDGE_CURVE('',#479,#470,#481,.T.);
#479 = VERTEX_POINT('',#480);
#480 = CARTESIAN_POINT('',(2.E-15,-6.45,1.E-15));
#481 = LINE('',#482,#483);
#482 = CARTESIAN_POINT('',(7.9E-16,-6.45,7.9E-16));
#483 = VECTOR('',#484,1.);
#484 = DIRECTION('',(1.,1.2E-16,-0.));
#485 = ORIENTED_EDGE('',*,*,#486,.T.);
#486 = EDGE_CURVE('',#479,#460,#487,.T.);
#487 = CIRCLE('',#488,6.45);
#488 = AXIS2_PLACEMENT_3D('',#489,#490,#491);
#489 = CARTESIAN_POINT('',(7.9E-16,0.,0.));
#490 = DIRECTION('',(1.,1.2E-16,-0.));
#491 = DIRECTION('',(-1.2E-16,1.,0.));
#492 = CYLINDRICAL_SURFACE('',#493,6.45);
#493 = AXIS2_PLACEMENT_3D('',#494,#495,#496);
#494 = CARTESIAN_POINT('',(0.,0.,0.));
#495 = DIRECTION('',(1.,1.2E-16,-0.));
#496 = DIRECTION('',(-1.2E-16,1.,0.));
#497 = ADVANCED_FACE('',(#498,#516,#540),#620,.F.);
#498 = FACE_BOUND('',#499,.F.);
#499 = EDGE_LOOP('',(#500,#515));
#500 = ORIENTED_EDGE('',*,*,#501,.T.);
#501 = EDGE_CURVE('',#143,#114,#502,.T.);
#502 = B_SPLINE_CURVE_WITH_KNOTS('',3,(#503,#504,#505,#506,#507,#508,
    #509,#510,#511,#512,#513,#514),.UNSPECIFIED.,.F.,.F.,(4,2,2,2,2,4),(
    2.354192181778E-03,2.648386185579E-03,2.942580189379E-03,
    3.53096819698E-03,4.119356204581E-03,4.707744212182E-03),
  .UNSPECIFIED.);
#503 = CARTESIAN_POINT('',(-10.5,-2.101887807666,-2.140576474687));
#504 = CARTESIAN_POINT('',(-10.40189906619,-2.101887807666,
    -2.140576474687));
#505 = CARTESIAN_POINT('',(-10.30285442853,-2.087390563604,
    -2.155060248108));
#506 = CARTESIAN_POINT('',(-10.12221027209,-2.0313648448,-2.207949479791
    ));
#507 = CARTESIAN_POINT('',(-10.03911030593,-1.98950217459,
    -2.246511237356));
#508 = CARTESIAN_POINT('',(-9.831554873351,-1.828557144317,
    -2.382457835728));
#509 = CARTESIAN_POINT('',(-9.750059679311,-1.671544119624,
    -2.499017939778));
#510 = CARTESIAN_POINT('',(-9.749940388841,-1.328847459956,
    -2.696908384679));
#511 = CARTESIAN_POINT('',(-9.831831253573,-1.148968742984,
    -2.774787818042));
#512 = CARTESIAN_POINT('',(-10.10699430875,-0.88571733287,
    -2.869683155639));
#513 = CARTESIAN_POINT('',(-10.30098211845,-0.802849701989,
    -2.890576474687));
#514 = CARTESIAN_POINT('',(-10.5,-0.802849701989,-2.890576474687));
#515 = ORIENTED_EDGE('',*,*,#150,.T.);
#516 = FACE_BOUND('',#517,.F.);
#517 = EDGE_LOOP('',(#518,#519));
#518 = ORIENTED_EDGE('',*,*,#61,.T.);
#519 = ORIENTED_EDGE('',*,*,#520,.T.);
#520 = EDGE_CURVE('',#54,#62,#521,.T.);
#521 = B_SPLINE_CURVE_WITH_KNOTS('',3,(#522,#523,#524,#525,#526,#527,
    #528,#529,#530,#531,#532,#533,#534,#535,#536,#537,#538,#539),
  .UNSPECIFIED.,.F.,.F.,(4,2,2,2,2,2,2,2,4),(0.,2.942740227223E-04,
    5.885480454446E-04,8.828220681669E-04,1.177096090889E-03,
    1.471370113611E-03,1.765644136334E-03,2.059918159056E-03,
    2.354192181778E-03),.UNSPECIFIED.);
#522 = CARTESIAN_POINT('',(-10.5,0.802849701989,-2.890576474687));
#523 = CARTESIAN_POINT('',(-10.40046399342,0.802849701989,
    -2.890576474687));
#524 = CARTESIAN_POINT('',(-10.30282995628,0.822587628579,
    -2.885282015362));
#525 = CARTESIAN_POINT('',(-10.12137002677,0.896865582156,
    -2.863063890731));
#526 = CARTESIAN_POINT('',(-10.03842536389,0.951350920988,
    -2.846020426991));
#527 = CARTESIAN_POINT('',(-9.900678623845,1.083068848873,
    -2.798546536028));
#528 = CARTESIAN_POINT('',(-9.844864791037,1.161437604991,
    -2.767538857812));
#529 = CARTESIAN_POINT('',(-9.769928687229,1.32633077924,-2.692406972178
    ));
#530 = CARTESIAN_POINT('',(-9.750040251901,1.414615173652,
    -2.647361544108));
#531 = CARTESIAN_POINT('',(-9.749959873511,1.584853608547,
    -2.549097541136));
#532 = CARTESIAN_POINT('',(-9.769498753635,1.667602778711,
    -2.495490046318));
#533 = CARTESIAN_POINT('',(-9.845090935332,1.816563448493,
    -2.389239803041));
#534 = CARTESIAN_POINT('',(-9.900320050585,1.881858900981,
    -2.337432018168));
#535 = CARTESIAN_POINT('',(-10.0393360225,1.989698104241,-2.246348774509
    ));
#536 = CARTESIAN_POINT('',(-10.121987291,2.031293974523,-2.208016272233)
  );
#537 = CARTESIAN_POINT('',(-10.30304819131,2.087452371717,
    -2.155002010485));
#538 = CARTESIAN_POINT('',(-10.40187238335,2.101887807666,
    -2.140576474687));
#539 = CARTESIAN_POINT('',(-10.5,2.101887807666,-2.140576474687));
#540 = FACE_BOUND('',#541,.F.);
#541 = EDGE_LOOP('',(#542,#550,#551,#566,#574,#583,#591,#604,#605,#613)
  );
#542 = ORIENTED_EDGE('',*,*,#543,.T.);
#543 = EDGE_CURVE('',#544,#310,#546,.T.);
#544 = VERTEX_POINT('',#545);
#545 = CARTESIAN_POINT('',(-12.,3.,0.));
#546 = LINE('',#547,#548);
#547 = CARTESIAN_POINT('',(-3.7E-16,3.,0.));
#548 = VECTOR('',#549,1.);
#549 = DIRECTION('',(1.,1.2E-16,-0.));
#550 = ORIENTED_EDGE('',*,*,#362,.T.);
#551 = ORIENTED_EDGE('',*,*,#552,.T.);
#552 = EDGE_CURVE('',#355,#553,#555,.T.);
#553 = VERTEX_POINT('',#554);
#554 = CARTESIAN_POINT('',(-9.75,3.,0.));
#555 = B_SPLINE_CURVE_WITH_KNOTS('',3,(#556,#557,#558,#559,#560,#561,
    #562,#563,#564,#565),.UNSPECIFIED.,.F.,.F.,(4,2,2,2,4),(
    1.17741946095E-03,1.471617394411E-03,1.765815327872E-03,
    2.060013261333E-03,2.354211194795E-03),.UNSPECIFIED.);
#556 = CARTESIAN_POINT('',(-10.5,2.904737509655,-0.750000000004));
#557 = CARTESIAN_POINT('',(-10.40174817447,2.904737509656,-0.75));
#558 = CARTESIAN_POINT('',(-10.30331858309,2.909979309295,
    -0.730431579192));
#559 = CARTESIAN_POINT('',(-10.12128034324,2.927921545941,
    -0.654816992161));
#560 = CARTESIAN_POINT('',(-10.0388766828,2.940317916746,-0.599595962335
    ));
#561 = CARTESIAN_POINT('',(-9.900011231357,2.965269171657,-0.46061210276
    ));
#562 = CARTESIAN_POINT('',(-9.844826316054,2.977485120252,-0.37795898896
    ));
#563 = CARTESIAN_POINT('',(-9.769704072073,2.994911889778,
    -0.196909652189));
#564 = CARTESIAN_POINT('',(-9.75,3.,-9.810321773924E-02));
#565 = CARTESIAN_POINT('',(-9.75,3.,0.));
#566 = ORIENTED_EDGE('',*,*,#567,.T.);
#567 = EDGE_CURVE('',#553,#568,#570,.T.);
#568 = VERTEX_POINT('',#569);
#569 = CARTESIAN_POINT('',(0.,3.,0.));
#570 = LINE('',#571,#572);
#571 = CARTESIAN_POINT('',(-3.7E-16,3.,0.));
#572 = VECTOR('',#573,1.);
#573 = DIRECTION('',(1.,1.2E-16,-0.));
#574 = ORIENTED_EDGE('',*,*,#575,.F.);
#575 = EDGE_CURVE('',#576,#568,#578,.T.);
#576 = VERTEX_POINT('',#577);
#577 = CARTESIAN_POINT('',(1.E-15,-3.,0.));
#578 = CIRCLE('',#579,3.);
#579 = AXIS2_PLACEMENT_3D('',#580,#581,#582);
#580 = CARTESIAN_POINT('',(3.7E-16,0.,0.));
#581 = DIRECTION('',(1.,1.2E-16,-0.));
#582 = DIRECTION('',(-1.2E-16,1.,0.));
#583 = ORIENTED_EDGE('',*,*,#584,.F.);
#584 = EDGE_CURVE('',#585,#576,#587,.T.);
#585 = VERTEX_POINT('',#586);
#586 = CARTESIAN_POINT('',(-9.749999999997,-3.000000000001,-3.52E-13));
#587 = LINE('',#588,#589);
#588 = CARTESIAN_POINT('',(3.7E-16,-3.,3.7E-16));
#589 = VECTOR('',#590,1.);
#590 = DIRECTION('',(1.,1.2E-16,-0.));
#591 = ORIENTED_EDGE('',*,*,#592,.T.);
#592 = EDGE_CURVE('',#585,#418,#593,.T.);
#593 = B_SPLINE_CURVE_WITH_KNOTS('',3,(#594,#595,#596,#597,#598,#599,
    #600,#601,#602,#603),.UNSPECIFIED.,.F.,.F.,(4,2,2,2,4),(
    1.177402183053E-03,1.471599682734E-03,1.765797182416E-03,
    2.059994682097E-03,2.354192181778E-03),.UNSPECIFIED.);
#594 = CARTESIAN_POINT('',(-9.749999999997,-3.000000000001,-3.5201E-13)
  );
#595 = CARTESIAN_POINT('',(-9.75,-3.,-9.825868939279E-02));
#596 = CARTESIAN_POINT('',(-9.769567696528,-2.99494211264,
    -0.196686479366));
#597 = CARTESIAN_POINT('',(-9.845198974181,-2.977400089259,-0.3787512874
    ));
#598 = CARTESIAN_POINT('',(-9.900434369858,-2.965181962695,
    -0.461164228368));
#599 = CARTESIAN_POINT('',(-10.03943862063,-2.940228207334,
    -0.600028837819));
#600 = CARTESIAN_POINT('',(-10.12207831508,-2.927834038235,
    -0.655192636508));
#601 = CARTESIAN_POINT('',(-10.30309841895,-2.910009894852,
    -0.730295801882));
#602 = CARTESIAN_POINT('',(-10.40189790047,-2.904737509656,-0.75));
#603 = CARTESIAN_POINT('',(-10.5,-2.904737509656,-0.75));
#604 = ORIENTED_EDGE('',*,*,#417,.T.);
#605 = ORIENTED_EDGE('',*,*,#606,.F.);
#606 = EDGE_CURVE('',#607,#407,#609,.T.);
#607 = VERTEX_POINT('',#608);
#608 = CARTESIAN_POINT('',(-12.,-3.,0.));
#609 = LINE('',#610,#611);
#610 = CARTESIAN_POINT('',(3.7E-16,-3.,3.7E-16));
#611 = VECTOR('',#612,1.);
#612 = DIRECTION('',(1.,1.2E-16,-0.));
#613 = ORIENTED_EDGE('',*,*,#614,.T.);
#614 = EDGE_CURVE('',#607,#544,#615,.T.);
#615 = CIRCLE('',#616,3.);
#616 = AXIS2_PLACEMENT_3D('',#617,#618,#619);
#617 = CARTESIAN_POINT('',(-12.,-1.47E-15,0.));
#618 = DIRECTION('',(1.,1.2E-16,-0.));
#619 = DIRECTION('',(-1.2E-16,1.,0.));
#620 = CYLINDRICAL_SURFACE('',#621,3.);
#621 = AXIS2_PLACEMENT_3D('',#622,#623,#624);
#622 = CARTESIAN_POINT('',(0.,0.,0.));
#623 = DIRECTION('',(1.,1.2E-16,-0.));
#624 = DIRECTION('',(-1.2E-16,1.,0.));
#625 = ADVANCED_FACE('',(#626,#646,#668),#746,.T.);
#626 = FACE_BOUND('',#627,.T.);
#627 = EDGE_LOOP('',(#628,#629));
#628 = ORIENTED_EDGE('',*,*,#280,.F.);
#629 = ORIENTED_EDGE('',*,*,#630,.F.);
#630 = EDGE_CURVE('',#273,#246,#631,.T.);
#631 = B_SPLINE_CURVE_WITH_KNOTS('',3,(#632,#633,#634,#635,#636,#637,
    #638,#639,#640,#641,#642,#643,#644,#645),.UNSPECIFIED.,.F.,.F.,(4,2,
    2,2,2,2,4),(2.348221447051E-03,2.935132427824E-03,3.228587918211E-03
    ,3.522043408597E-03,3.815498898984E-03,4.108954389371E-03,
    4.695865370144E-03),.UNSPECIFIED.);
#632 = CARTESIAN_POINT('',(-10.49999999999,1.796906911695,4.612334067552
    ));
#633 = CARTESIAN_POINT('',(-10.30410757664,1.796906911707,4.612334067548
    ));
#634 = CARTESIAN_POINT('',(-10.10836375084,1.874052026195,4.583638351756
    ));
#635 = CARTESIAN_POINT('',(-9.900844408071,2.064707338448,4.499367899017
    ));
#636 = CARTESIAN_POINT('',(-9.845186509131,2.140220833743,4.464329265677
    ));
#637 = CARTESIAN_POINT('',(-9.769674946624,2.302862333354,4.38264829563)
  );
#638 = CARTESIAN_POINT('',(-9.750064326457,2.388727097784,4.336624177842
    ));
#639 = CARTESIAN_POINT('',(-9.749935987826,2.560431963946,4.237512780575
    ));
#640 = CARTESIAN_POINT('',(-9.769480100017,2.643369114224,4.186091422282
    ));
#641 = CARTESIAN_POINT('',(-9.844623925476,2.79526844555,4.086225151291)
  );
#642 = CARTESIAN_POINT('',(-9.900319245023,2.863633374735,4.038184315322
    ));
#643 = CARTESIAN_POINT('',(-10.10731058422,3.031972591369,3.915221179298
    ));
#644 = CARTESIAN_POINT('',(-10.30152358113,3.095945017383,3.862334067548
    ));
#645 = CARTESIAN_POINT('',(-10.5,3.095945017383,3.862334067548));
#646 = FACE_BOUND('',#647,.T.);
#647 = EDGE_LOOP('',(#648,#667));
#648 = ORIENTED_EDGE('',*,*,#649,.F.);
#649 = EDGE_CURVE('',#182,#190,#650,.T.);
#650 = B_SPLINE_CURVE_WITH_KNOTS('',3,(#651,#652,#653,#654,#655,#656,
    #657,#658,#659,#660,#661,#662,#663,#664,#665,#666),.UNSPECIFIED.,.F.
  ,.F.,(4,2,2,2,2,2,2,4),(0.,2.935276808813E-04,5.870553617626E-04,
    1.174110723525E-03,1.467638404407E-03,1.761166085288E-03,
    2.054693766169E-03,2.348221447051E-03),.UNSPECIFIED.);
#651 = CARTESIAN_POINT('',(-10.5,-3.095945017383,3.862334067548));
#652 = CARTESIAN_POINT('',(-10.40073737782,-3.095945017383,
    3.862334067548));
#653 = CARTESIAN_POINT('',(-10.30334454695,-3.080530430613,
    3.874826476662));
#654 = CARTESIAN_POINT('',(-10.12174814982,-3.020596121622,
    3.921727556603));
#655 = CARTESIAN_POINT('',(-10.03863135033,-2.976064538223,
    3.956054858411));
#656 = CARTESIAN_POINT('',(-9.831418161907,-2.807705120651,
    4.079045558604));
#657 = CARTESIAN_POINT('',(-9.750073303443,-2.644966870143,
    4.188682505727));
#658 = CARTESIAN_POINT('',(-9.749963426855,-2.390380700255,4.33568712286
    ));
#659 = CARTESIAN_POINT('',(-9.769431482724,-2.30366305629,4.382228468259
    ));
#660 = CARTESIAN_POINT('',(-9.844721272611,-2.140949138989,
    4.463981026976));
#661 = CARTESIAN_POINT('',(-9.899761731681,-2.065788104203,
    4.498884481041));
#662 = CARTESIAN_POINT('',(-10.03954289425,-1.937194540979,
    4.555734778893));
#663 = CARTESIAN_POINT('',(-10.12208600458,-1.885843429776,
    4.576848022852));
#664 = CARTESIAN_POINT('',(-10.30361079324,-1.81537248388,4.605254174385
    ));
#665 = CARTESIAN_POINT('',(-10.4020296934,-1.796906911707,4.612334067548
    ));
#666 = CARTESIAN_POINT('',(-10.5,-1.796906911696,4.612334067552));
#667 = ORIENTED_EDGE('',*,*,#189,.F.);
#668 = FACE_BOUND('',#669,.T.);
#669 = EDGE_LOOP('',(#670,#681,#687,#688,#701,#709,#718,#726,#739,#740)
  );
#670 = ORIENTED_EDGE('',*,*,#671,.T.);
#671 = EDGE_CURVE('',#672,#674,#676,.T.);
#672 = VERTEX_POINT('',#673);
#673 = CARTESIAN_POINT('',(-12.,4.95,0.));
#674 = VERTEX_POINT('',#675);
#675 = CARTESIAN_POINT('',(-12.,-4.95,1.E-15));
#676 = CIRCLE('',#677,4.95);
#677 = AXIS2_PLACEMENT_3D('',#678,#679,#680);
#678 = CARTESIAN_POINT('',(-12.,-1.47E-15,0.));
#679 = DIRECTION('',(1.,1.2E-16,-0.));
#680 = DIRECTION('',(-1.2E-16,1.,0.));
#681 = ORIENTED_EDGE('',*,*,#682,.T.);
#682 = EDGE_CURVE('',#674,#386,#683,.T.);
#683 = LINE('',#684,#685);
#684 = CARTESIAN_POINT('',(6.1E-16,-4.95,6.1E-16));
#685 = VECTOR('',#686,1.);
#686 = DIRECTION('',(1.,1.2E-16,-0.));
#687 = ORIENTED_EDGE('',*,*,#383,.F.);
#688 = ORIENTED_EDGE('',*,*,#689,.F.);
#689 = EDGE_CURVE('',#690,#384,#692,.T.);
#690 = VERTEX_POINT('',#691);
#691 = CARTESIAN_POINT('',(-9.75,-4.95,1.E-15));
#692 = B_SPLINE_CURVE_WITH_KNOTS('',3,(#693,#694,#695,#696,#697,#698,
    #699,#700),.UNSPECIFIED.,.F.,.F.,(4,2,2,4),(3.522522521617E-03,
    3.815858233749E-03,4.10919394588E-03,4.695865370144E-03),
  .UNSPECIFIED.);
#693 = CARTESIAN_POINT('',(-9.75,-4.95,6.1E-16));
#694 = CARTESIAN_POINT('',(-9.75,-4.95,9.907720112763E-02));
#695 = CARTESIAN_POINT('',(-9.769591854029,-4.94692937249,0.196572200299
    ));
#696 = CARTESIAN_POINT('',(-9.844788364336,-4.936386982826,
    0.377934388647));
#697 = CARTESIAN_POINT('',(-9.900495353537,-4.928965561441,
    0.461107418389));
#698 = CARTESIAN_POINT('',(-10.10746536426,-4.906655294517,
    0.668221557154));
#699 = CARTESIAN_POINT('',(-10.30160459226,-4.89285192909,0.75));
#700 = CARTESIAN_POINT('',(-10.5,-4.89285192909,0.75));
#701 = ORIENTED_EDGE('',*,*,#702,.T.);
#702 = EDGE_CURVE('',#690,#703,#705,.T.);
#703 = VERTEX_POINT('',#704);
#704 = CARTESIAN_POINT('',(-1.,-4.95,1.E-15));
#705 = LINE('',#706,#707);
#706 = CARTESIAN_POINT('',(6.1E-16,-4.95,6.1E-16));
#707 = VECTOR('',#708,1.);
#708 = DIRECTION('',(1.,1.2E-16,-0.));
#709 = ORIENTED_EDGE('',*,*,#710,.F.);
#710 = EDGE_CURVE('',#711,#703,#713,.T.);
#711 = VERTEX_POINT('',#712);
#712 = CARTESIAN_POINT('',(-1.,4.95,0.));
#713 = CIRCLE('',#714,4.95);
#714 = AXIS2_PLACEMENT_3D('',#715,#716,#717);
#715 = CARTESIAN_POINT('',(-1.,-1.2E-16,0.));
#716 = DIRECTION('',(1.,1.2E-16,-0.));
#717 = DIRECTION('',(-1.2E-16,1.,0.));
#718 = ORIENTED_EDGE('',*,*,#719,.F.);
#719 = EDGE_CURVE('',#720,#711,#722,.T.);
#720 = VERTEX_POINT('',#721);
#721 = CARTESIAN_POINT('',(-9.749999999989,4.950000000002,1.366E-12));
#722 = LINE('',#723,#724);
#723 = CARTESIAN_POINT('',(-6.1E-16,4.95,0.));
#724 = VECTOR('',#725,1.);
#725 = DIRECTION('',(1.,1.2E-16,-0.));
#726 = ORIENTED_EDGE('',*,*,#727,.F.);
#727 = EDGE_CURVE('',#321,#720,#728,.T.);
#728 = B_SPLINE_CURVE_WITH_KNOTS('',3,(#729,#730,#731,#732,#733,#734,
    #735,#736,#737,#738),.UNSPECIFIED.,.F.,.F.,(4,2,2,2,4),(
    1.174392792907E-03,1.467850583357E-03,1.761308373806E-03,
    2.054766164255E-03,2.348223954704E-03),.UNSPECIFIED.);
#729 = CARTESIAN_POINT('',(-10.5,4.892851929089,0.750000000007));
#730 = CARTESIAN_POINT('',(-10.4020285938,4.89285192909,0.75));
#731 = CARTESIAN_POINT('',(-10.30369276932,4.895948177781,0.730505428955
    ));
#732 = CARTESIAN_POINT('',(-10.12196426142,4.90659587192,0.655182181463)
  );
#733 = CARTESIAN_POINT('',(-10.03945593607,4.913987856706,0.60013644235)
  );
#734 = CARTESIAN_POINT('',(-9.899729481896,4.929046613286,0.460369296701
    ));
#735 = CARTESIAN_POINT('',(-9.844722019603,4.936395778691,0.377834900803
    ));
#736 = CARTESIAN_POINT('',(-9.769522531584,4.946939597786,0.196344370926
    ));
#737 = CARTESIAN_POINT('',(-9.75,4.95,9.794691205755E-02));
#738 = CARTESIAN_POINT('',(-9.749999999989,4.950000000002,1.36583E-12));
#739 = ORIENTED_EDGE('',*,*,#328,.F.);
#740 = ORIENTED_EDGE('',*,*,#741,.F.);
#741 = EDGE_CURVE('',#672,#329,#742,.T.);
#742 = LINE('',#743,#744);
#743 = CARTESIAN_POINT('',(-6.1E-16,4.95,0.));
#744 = VECTOR('',#745,1.);
#745 = DIRECTION('',(1.,1.2E-16,-0.));
#746 = CYLINDRICAL_SURFACE('',#747,4.95);
#747 = AXIS2_PLACEMENT_3D('',#748,#749,#750);
#748 = CARTESIAN_POINT('',(0.,0.,0.));
#749 = DIRECTION('',(1.,1.2E-16,-0.));
#750 = DIRECTION('',(-1.2E-16,1.,0.));
#751 = ADVANCED_FACE('',(#752),#788,.T.);
#752 = FACE_BOUND('',#753,.T.);
#753 = EDGE_LOOP('',(#754,#765,#773,#782));
#754 = ORIENTED_EDGE('',*,*,#755,.T.);
#755 = EDGE_CURVE('',#756,#758,#760,.T.);
#756 = VERTEX_POINT('',#757);
#757 = CARTESIAN_POINT('',(-1.,7.45,0.));
#758 = VERTEX_POINT('',#759);
#759 = CARTESIAN_POINT('',(-1.,-7.45,1.E-15));
#760 = CIRCLE('',#761,7.45);
#761 = AXIS2_PLACEMENT_3D('',#762,#763,#764);
#762 = CARTESIAN_POINT('',(-1.,-1.2E-16,0.));
#763 = DIRECTION('',(1.,1.2E-16,-0.));
#764 = DIRECTION('',(-1.2E-16,1.,0.));
#765 = ORIENTED_EDGE('',*,*,#766,.T.);
#766 = EDGE_CURVE('',#758,#767,#769,.T.);
#767 = VERTEX_POINT('',#768);
#768 = CARTESIAN_POINT('',(3.,-7.45,1.E-15));
#769 = LINE('',#770,#771);
#770 = CARTESIAN_POINT('',(9.1E-16,-7.45,9.1E-16));
#771 = VECTOR('',#772,1.);
#772 = DIRECTION('',(1.,1.2E-16,-0.));
#773 = ORIENTED_EDGE('',*,*,#774,.F.);
#774 = EDGE_CURVE('',#775,#767,#777,.T.);
#775 = VERTEX_POINT('',#776);
#776 = CARTESIAN_POINT('',(3.,7.45,0.));
#777 = CIRCLE('',#778,7.45);
#778 = AXIS2_PLACEMENT_3D('',#779,#780,#781);
#779 = CARTESIAN_POINT('',(3.,3.7E-16,0.));
#780 = DIRECTION('',(1.,1.2E-16,-0.));
#781 = DIRECTION('',(-1.2E-16,1.,0.));
#782 = ORIENTED_EDGE('',*,*,#783,.F.);
#783 = EDGE_CURVE('',#756,#775,#784,.T.);
#784 = LINE('',#785,#786);
#785 = CARTESIAN_POINT('',(-9.1E-16,7.45,0.));
#786 = VECTOR('',#787,1.);
#787 = DIRECTION('',(1.,1.2E-16,-0.));
#788 = CYLINDRICAL_SURFACE('',#789,7.45);
#789 = AXIS2_PLACEMENT_3D('',#790,#791,#792);
#790 = CARTESIAN_POINT('',(0.,0.,0.));
#791 = DIRECTION('',(1.,1.2E-16,-0.));
#792 = DIRECTION('',(-1.2E-16,1.,0.));
#793 = ADVANCED_FACE('',(#794,#804),#814,.T.);
#794 = FACE_BOUND('',#795,.T.);
#795 = EDGE_LOOP('',(#796,#797));
#796 = ORIENTED_EDGE('',*,*,#774,.T.);
#797 = ORIENTED_EDGE('',*,*,#798,.T.);
#798 = EDGE_CURVE('',#767,#775,#799,.T.);
#799 = CIRCLE('',#800,7.45);
#800 = AXIS2_PLACEMENT_3D('',#801,#802,#803);
#801 = CARTESIAN_POINT('',(3.,3.7E-16,0.));
#802 = DIRECTION('',(1.,1.2E-16,-0.));
#803 = DIRECTION('',(-1.2E-16,1.,0.));
#804 = FACE_BOUND('',#805,.T.);
#805 = EDGE_LOOP('',(#806,#813));
#806 = ORIENTED_EDGE('',*,*,#807,.F.);
#807 = EDGE_CURVE('',#462,#470,#808,.T.);
#808 = CIRCLE('',#809,6.45);
#809 = AXIS2_PLACEMENT_3D('',#810,#811,#812);
#810 = CARTESIAN_POINT('',(3.,3.7E-16,0.));
#811 = DIRECTION('',(1.,1.2E-16,-0.));
#812 = DIRECTION('',(-1.2E-16,1.,0.));
#813 = ORIENTED_EDGE('',*,*,#469,.F.);
#814 = PLANE('',#815);
#815 = AXIS2_PLACEMENT_3D('',#816,#817,#818);
#816 = CARTESIAN_POINT('',(3.,6.45,0.));
#817 = DIRECTION('',(1.,1.2E-16,-0.));
#818 = DIRECTION('',(-1.2E-16,1.,0.));
#819 = ADVANCED_FACE('',(#820),#832,.T.);
#820 = FACE_BOUND('',#821,.T.);
#821 = EDGE_LOOP('',(#822,#823,#830,#831));
#822 = ORIENTED_EDGE('',*,*,#766,.F.);
#823 = ORIENTED_EDGE('',*,*,#824,.T.);
#824 = EDGE_CURVE('',#758,#756,#825,.T.);
#825 = CIRCLE('',#826,7.45);
#826 = AXIS2_PLACEMENT_3D('',#827,#828,#829);
#827 = CARTESIAN_POINT('',(-1.,-1.2E-16,0.));
#828 = DIRECTION('',(1.,1.2E-16,-0.));
#829 = DIRECTION('',(-1.2E-16,1.,0.));
#830 = ORIENTED_EDGE('',*,*,#783,.T.);
#831 = ORIENTED_EDGE('',*,*,#798,.F.);
#832 = CYLINDRICAL_SURFACE('',#833,7.45);
#833 = AXIS2_PLACEMENT_3D('',#834,#835,#836);
#834 = CARTESIAN_POINT('',(0.,0.,0.));
#835 = DIRECTION('',(1.,1.2E-16,-0.));
#836 = DIRECTION('',(-1.2E-16,1.,0.));
#837 = ADVANCED_FACE('',(#838,#848),#852,.T.);
#838 = FACE_BOUND('',#839,.T.);
#839 = EDGE_LOOP('',(#840,#841));
#840 = ORIENTED_EDGE('',*,*,#710,.T.);
#841 = ORIENTED_EDGE('',*,*,#842,.T.);
#842 = EDGE_CURVE('',#703,#711,#843,.T.);
#843 = CIRCLE('',#844,4.95);
#844 = AXIS2_PLACEMENT_3D('',#845,#846,#847);
#845 = CARTESIAN_POINT('',(-1.,-1.2E-16,0.));
#846 = DIRECTION('',(1.,1.2E-16,-0.));
#847 = DIRECTION('',(-1.2E-16,1.,0.));
#848 = FACE_BOUND('',#849,.T.);
#849 = EDGE_LOOP('',(#850,#851));
#850 = ORIENTED_EDGE('',*,*,#755,.F.);
#851 = ORIENTED_EDGE('',*,*,#824,.F.);
#852 = PLANE('',#853);
#853 = AXIS2_PLACEMENT_3D('',#854,#855,#856);
#854 = CARTESIAN_POINT('',(-1.,7.45,0.));
#855 = DIRECTION('',(-1.,-1.2E-16,0.));
#856 = DIRECTION('',(1.2E-16,-1.,0.));
#857 = ADVANCED_FACE('',(#858,#896,#916),#938,.T.);
#858 = FACE_BOUND('',#859,.T.);
#859 = EDGE_LOOP('',(#860,#861,#868,#869,#870,#881,#882,#883,#884,#895)
  );
#860 = ORIENTED_EDGE('',*,*,#682,.F.);
#861 = ORIENTED_EDGE('',*,*,#862,.T.);
#862 = EDGE_CURVE('',#674,#672,#863,.T.);
#863 = CIRCLE('',#864,4.95);
#864 = AXIS2_PLACEMENT_3D('',#865,#866,#867);
#865 = CARTESIAN_POINT('',(-12.,-1.47E-15,0.));
#866 = DIRECTION('',(1.,1.2E-16,-0.));
#867 = DIRECTION('',(-1.2E-16,1.,0.));
#868 = ORIENTED_EDGE('',*,*,#741,.T.);
#869 = ORIENTED_EDGE('',*,*,#341,.F.);
#870 = ORIENTED_EDGE('',*,*,#871,.F.);
#871 = EDGE_CURVE('',#720,#342,#872,.T.);
#872 = B_SPLINE_CURVE_WITH_KNOTS('',3,(#873,#874,#875,#876,#877,#878,
    #879,#880),.UNSPECIFIED.,.F.,.F.,(4,2,2,4),(2.348223954704E-03,
    2.935376001979E-03,3.228952025617E-03,3.522528049254E-03),
  .UNSPECIFIED.);
#873 = CARTESIAN_POINT('',(-9.749999999989,4.950000000002,1.36583E-12));
#874 = CARTESIAN_POINT('',(-9.749999999999,4.95,-0.195972749093));
#875 = CARTESIAN_POINT('',(-9.831227828005,4.936431889561,
    -0.391798102795));
#876 = CARTESIAN_POINT('',(-10.038632646,4.914075267117,-0.599337682378)
  );
#877 = CARTESIAN_POINT('',(-10.12159936101,4.906623253908,
    -0.654980997028));
#878 = CARTESIAN_POINT('',(-10.30340937645,4.895958801448,
    -0.730437729575));
#879 = CARTESIAN_POINT('',(-10.40084065551,4.89285192909,-0.75));
#880 = CARTESIAN_POINT('',(-10.5,4.89285192909,-0.75));
#881 = ORIENTED_EDGE('',*,*,#719,.T.);
#882 = ORIENTED_EDGE('',*,*,#842,.F.);
#883 = ORIENTED_EDGE('',*,*,#702,.F.);
#884 = ORIENTED_EDGE('',*,*,#885,.F.);
#885 = EDGE_CURVE('',#431,#690,#886,.T.);
#886 = B_SPLINE_CURVE_WITH_KNOTS('',3,(#887,#888,#889,#890,#891,#892,
    #893,#894),.UNSPECIFIED.,.F.,.F.,(4,2,2,4),(2.348221447051E-03,
    2.935371984334E-03,3.228947252975E-03,3.522522521617E-03),
  .UNSPECIFIED.);
#887 = CARTESIAN_POINT('',(-10.49999999999,-4.892851929088,
    -0.750000000012));
#888 = CARTESIAN_POINT('',(-10.30402762021,-4.89285192909,-0.75));
#889 = CARTESIAN_POINT('',(-10.10820957554,-4.906585166514,
    -0.668776735429));
#890 = CARTESIAN_POINT('',(-9.900667427212,-4.928941985629,
    -0.461374015124));
#891 = CARTESIAN_POINT('',(-9.845021821717,-4.936355017099,
    -0.37840611592));
#892 = CARTESIAN_POINT('',(-9.769562395764,-4.946932740042,
    -0.196592240206));
#893 = CARTESIAN_POINT('',(-9.75,-4.95,-9.915811384128E-02));
#894 = CARTESIAN_POINT('',(-9.75,-4.95,6.1E-16));
#895 = ORIENTED_EDGE('',*,*,#438,.F.);
#896 = FACE_BOUND('',#897,.T.);
#897 = EDGE_LOOP('',(#898,#899));
#898 = ORIENTED_EDGE('',*,*,#86,.F.);
#899 = ORIENTED_EDGE('',*,*,#900,.F.);
#900 = EDGE_CURVE('',#79,#52,#901,.T.);
#901 = B_SPLINE_CURVE_WITH_KNOTS('',3,(#902,#903,#904,#905,#906,#907,
    #908,#909,#910,#911,#912,#913,#914,#915),.UNSPECIFIED.,.F.,.F.,(4,2,
    2,2,2,2,4),(2.348221447051E-03,2.935132427824E-03,3.228587918211E-03
    ,3.522043408597E-03,3.815498898984E-03,4.108954389371E-03,
    4.695865370144E-03),.UNSPECIFIED.);
#902 = CARTESIAN_POINT('',(-10.49999999999,3.095945017393,-3.86233406754
    ));
#903 = CARTESIAN_POINT('',(-10.30410757664,3.095945017383,
    -3.862334067548));
#904 = CARTESIAN_POINT('',(-10.10836375084,3.032521241284,
    -3.914795838577));
#905 = CARTESIAN_POINT('',(-9.900844408071,2.864213232297,
    -4.037772955985));
#906 = CARTESIAN_POINT('',(-9.845186509131,2.796112138063,
    -4.085650244569));
#907 = CARTESIAN_POINT('',(-9.769674946624,2.644053593191,
    -4.185661429918));
#908 = CARTESIAN_POINT('',(-9.750064326457,2.561263155786,-4.23701043831
    ));
#909 = CARTESIAN_POINT('',(-9.749935987826,2.389577734866,
    -4.336155515726));
#910 = CARTESIAN_POINT('',(-9.769480100017,2.303576957148,
    -4.382270515638));
#911 = CARTESIAN_POINT('',(-9.844623925476,2.141140563826,
    -4.463886059889));
#912 = CARTESIAN_POINT('',(-9.900319245023,2.065353514865,
    -4.499071407306));
#913 = CARTESIAN_POINT('',(-10.10731058422,1.874694707023,
    -4.583375877352));
#914 = CARTESIAN_POINT('',(-10.30152358113,1.796906911707,
    -4.612334067548));
#915 = CARTESIAN_POINT('',(-10.5,1.796906911707,-4.612334067548));
#916 = FACE_BOUND('',#917,.T.);
#917 = EDGE_LOOP('',(#918,#937));
#918 = ORIENTED_EDGE('',*,*,#919,.F.);
#919 = EDGE_CURVE('',#116,#124,#920,.T.);
#920 = B_SPLINE_CURVE_WITH_KNOTS('',3,(#921,#922,#923,#924,#925,#926,
    #927,#928,#929,#930,#931,#932,#933,#934,#935,#936),.UNSPECIFIED.,.F.
  ,.F.,(4,2,2,2,2,2,2,4),(0.,2.935276808813E-04,5.870553617626E-04,
    1.174110723525E-03,1.467638404407E-03,1.761166085288E-03,
    2.054693766169E-03,2.348221447051E-03),.UNSPECIFIED.);
#921 = CARTESIAN_POINT('',(-10.5,-1.796906911707,-4.612334067548));
#922 = CARTESIAN_POINT('',(-10.40073737782,-1.796906911707,
    -4.612334067548));
#923 = CARTESIAN_POINT('',(-10.30334454695,-1.815432948739,
    -4.605230848373));
#924 = CARTESIAN_POINT('',(-10.12174814982,-1.886017629929,
    -4.576776754199));
#925 = CARTESIAN_POINT('',(-10.03863135033,-1.938011737037,
    -4.555374922609));
#926 = CARTESIAN_POINT('',(-9.831418161907,-2.128704516619,
    -4.471066740122));
#927 = CARTESIAN_POINT('',(-9.750073303443,-2.305022023276,
    -4.384949754575));
#928 = CARTESIAN_POINT('',(-9.749963426855,-2.55962484113,
    -4.237973972567));
#929 = CARTESIAN_POINT('',(-9.769431482724,-2.643289650555,
    -4.186144962636));
#930 = CARTESIAN_POINT('',(-9.844721272611,-2.795446401878,
    -4.086106856063));
#931 = CARTESIAN_POINT('',(-9.899761731681,-2.863254197172,
    -4.038467217596));
#932 = CARTESIAN_POINT('',(-10.03954289425,-2.976784780937,
    -3.955527074007));
#933 = CARTESIAN_POINT('',(-10.12208600458,-3.020744942163,
    -3.921612329172));
#934 = CARTESIAN_POINT('',(-10.30361079324,-3.080580863962,
    -3.874785775564));
#935 = CARTESIAN_POINT('',(-10.4020296934,-3.095945017383,
    -3.862334067548));
#936 = CARTESIAN_POINT('',(-10.5,-3.095945017393,-3.86233406754));
#937 = ORIENTED_EDGE('',*,*,#123,.F.);
#938 = CYLINDRICAL_SURFACE('',#939,4.95);
#939 = AXIS2_PLACEMENT_3D('',#940,#941,#942);
#940 = CARTESIAN_POINT('',(0.,0.,0.));
#941 = DIRECTION('',(1.,1.2E-16,-0.));
#942 = DIRECTION('',(-1.2E-16,1.,0.));
#943 = ADVANCED_FACE('',(#944,#954),#958,.T.);
#944 = FACE_BOUND('',#945,.T.);
#945 = EDGE_LOOP('',(#946,#953));
#946 = ORIENTED_EDGE('',*,*,#947,.T.);
#947 = EDGE_CURVE('',#544,#607,#948,.T.);
#948 = CIRCLE('',#949,3.);
#949 = AXIS2_PLACEMENT_3D('',#950,#951,#952);
#950 = CARTESIAN_POINT('',(-12.,-1.47E-15,0.));
#951 = DIRECTION('',(1.,1.2E-16,-0.));
#952 = DIRECTION('',(-1.2E-16,1.,0.));
#953 = ORIENTED_EDGE('',*,*,#614,.T.);
#954 = FACE_BOUND('',#955,.T.);
#955 = EDGE_LOOP('',(#956,#957));
#956 = ORIENTED_EDGE('',*,*,#671,.F.);
#957 = ORIENTED_EDGE('',*,*,#862,.F.);
#958 = PLANE('',#959);
#959 = AXIS2_PLACEMENT_3D('',#960,#961,#962);
#960 = CARTESIAN_POINT('',(-12.,4.95,0.));
#961 = DIRECTION('',(-1.,-1.2E-16,0.));
#962 = DIRECTION('',(1.2E-16,-1.,0.));
#963 = ADVANCED_FACE('',(#964,#1004,#1022),#1046,.F.);
#964 = FACE_BOUND('',#965,.F.);
#965 = EDGE_LOOP('',(#966,#967,#980,#981,#988,#989,#1000,#1001,#1002,
    #1003));
#966 = ORIENTED_EDGE('',*,*,#406,.T.);
#967 = ORIENTED_EDGE('',*,*,#968,.T.);
#968 = EDGE_CURVE('',#399,#585,#969,.T.);
#969 = B_SPLINE_CURVE_WITH_KNOTS('',3,(#970,#971,#972,#973,#974,#975,
    #976,#977,#978,#979),.UNSPECIFIED.,.F.,.F.,(4,2,2,2,4),(0.,
    2.943505457632E-04,5.887010915264E-04,8.830516372896E-04,
    1.177402183053E-03),.UNSPECIFIED.);
#970 = CARTESIAN_POINT('',(-10.5,-2.904737509656,0.75));
#971 = CARTESIAN_POINT('',(-10.40043811007,-2.904737509656,0.75));
#972 = CARTESIAN_POINT('',(-10.30277780255,-2.910024302452,
    0.730248417255));
#973 = CARTESIAN_POINT('',(-10.12128062382,-2.927929850865,
    0.654775518919));
#974 = CARTESIAN_POINT('',(-10.03832128248,-2.940417724017,
    0.599039935211));
#975 = CARTESIAN_POINT('',(-9.900567809903,-2.965169152684,
    0.461169309108));
#976 = CARTESIAN_POINT('',(-9.844759693484,-2.977501096376,
    0.377759490529));
#977 = CARTESIAN_POINT('',(-9.769858470871,-2.994875552039,
    0.197320651246));
#978 = CARTESIAN_POINT('',(-9.75,-3.,9.830980507899E-02));
#979 = CARTESIAN_POINT('',(-9.749999999997,-3.000000000001,-3.5201E-13)
  );
#980 = ORIENTED_EDGE('',*,*,#584,.T.);
#981 = ORIENTED_EDGE('',*,*,#982,.F.);
#982 = EDGE_CURVE('',#568,#576,#983,.T.);
#983 = CIRCLE('',#984,3.);
#984 = AXIS2_PLACEMENT_3D('',#985,#986,#987);
#985 = CARTESIAN_POINT('',(3.7E-16,0.,0.));
#986 = DIRECTION('',(1.,1.2E-16,-0.));
#987 = DIRECTION('',(-1.2E-16,1.,0.));
#988 = ORIENTED_EDGE('',*,*,#567,.F.);
#989 = ORIENTED_EDGE('',*,*,#990,.T.);
#990 = EDGE_CURVE('',#553,#308,#991,.T.);
#991 = B_SPLINE_CURVE_WITH_KNOTS('',3,(#992,#993,#994,#995,#996,#997,
    #998,#999),.UNSPECIFIED.,.F.,.F.,(4,2,2,4),(2.354211194795E-03,
    2.648466314034E-03,2.942721433274E-03,3.531231671753E-03),
  .UNSPECIFIED.);
#992 = CARTESIAN_POINT('',(-9.75,3.,0.));
#993 = CARTESIAN_POINT('',(-9.75,3.,9.8122286904E-02));
#994 = CARTESIAN_POINT('',(-9.769805410678,2.994887856362,0.197193110226
    ));
#995 = CARTESIAN_POINT('',(-9.844813389844,2.977488644485,0.377888564088
    ));
#996 = CARTESIAN_POINT('',(-9.900391089299,2.965198783907,0.461016878484
    ));
#997 = CARTESIAN_POINT('',(-10.10783253668,2.927932247926,0.668561375545
    ));
#998 = CARTESIAN_POINT('',(-10.30209296369,2.904737509656,0.75));
#999 = CARTESIAN_POINT('',(-10.5,2.904737509656,0.75));
#1000 = ORIENTED_EDGE('',*,*,#307,.T.);
#1001 = ORIENTED_EDGE('',*,*,#543,.F.);
#1002 = ORIENTED_EDGE('',*,*,#947,.T.);
#1003 = ORIENTED_EDGE('',*,*,#606,.T.);
#1004 = FACE_BOUND('',#1005,.F.);
#1005 = EDGE_LOOP('',(#1006,#1021));
#1006 = ORIENTED_EDGE('',*,*,#1007,.T.);
#1007 = EDGE_CURVE('',#209,#180,#1008,.T.);
#1008 = B_SPLINE_CURVE_WITH_KNOTS('',3,(#1009,#1010,#1011,#1012,#1013,
    #1014,#1015,#1016,#1017,#1018,#1019,#1020),.UNSPECIFIED.,.F.,.F.,(4,
    2,2,2,2,4),(2.354192181778E-03,2.648386185579E-03,2.942580189379E-03
    ,3.53096819698E-03,4.119356204581E-03,4.707744212182E-03),
  .UNSPECIFIED.);
#1009 = CARTESIAN_POINT('',(-10.5,-0.802849701989,2.890576474687));
#1010 = CARTESIAN_POINT('',(-10.40189906619,-0.802849701989,
    2.890576474687));
#1011 = CARTESIAN_POINT('',(-10.30285442853,-0.822641639746,
    2.885263379755));
#1012 = CARTESIAN_POINT('',(-10.12221027209,-0.896457917372,
    2.863188299847));
#1013 = CARTESIAN_POINT('',(-10.03911030593,-0.950784714142,
    2.846215042757));
#1014 = CARTESIAN_POINT('',(-9.831554873351,-1.148990437027,
    2.774805857115));
#1015 = CARTESIAN_POINT('',(-9.750059679311,-1.328440960549,
    2.69710864103));
#1016 = CARTESIAN_POINT('',(-9.749940388841,-1.671167442834,
    2.499269850416));
#1017 = CARTESIAN_POINT('',(-9.831831253573,-1.828552369044,
    2.382430028599));
#1018 = CARTESIAN_POINT('',(-10.10699430875,-2.042359847161,
    2.201895288658));
#1019 = CARTESIAN_POINT('',(-10.30098211845,-2.101887807666,
    2.140576474687));
#1020 = CARTESIAN_POINT('',(-10.5,-2.101887807666,2.140576474687));
#1021 = ORIENTED_EDGE('',*,*,#216,.T.);
#1022 = FACE_BOUND('',#1023,.F.);
#1023 = EDGE_LOOP('',(#1024,#1025));
#1024 = ORIENTED_EDGE('',*,*,#255,.T.);
#1025 = ORIENTED_EDGE('',*,*,#1026,.T.);
#1026 = EDGE_CURVE('',#248,#256,#1027,.T.);
#1027 = B_SPLINE_CURVE_WITH_KNOTS('',3,(#1028,#1029,#1030,#1031,#1032,
    #1033,#1034,#1035,#1036,#1037,#1038,#1039,#1040,#1041,#1042,#1043,
    #1044,#1045),.UNSPECIFIED.,.F.,.F.,(4,2,2,2,2,2,2,2,4),(0.,
    2.942740227223E-04,5.885480454446E-04,8.828220681669E-04,
    1.177096090889E-03,1.471370113611E-03,1.765644136334E-03,
    2.059918159056E-03,2.354192181778E-03),.UNSPECIFIED.);
#1028 = CARTESIAN_POINT('',(-10.5,2.101887807666,2.140576474687));
#1029 = CARTESIAN_POINT('',(-10.40046399342,2.101887807666,
    2.140576474687));
#1030 = CARTESIAN_POINT('',(-10.30282995628,2.087433708096,
    2.155022790869));
#1031 = CARTESIAN_POINT('',(-10.12137002677,2.031053270952,
    2.208240323293));
#1032 = CARTESIAN_POINT('',(-10.03842536389,1.989050528969,
    2.246904278985));
#1033 = CARTESIAN_POINT('',(-9.900678623845,1.882077969437,
    2.337238405185));
#1034 = CARTESIAN_POINT('',(-9.844864791037,1.81604015433,2.389603899739
    ));
#1035 = CARTESIAN_POINT('',(-9.769928687229,1.668527445612,
    2.494839634731));
#1036 = CARTESIAN_POINT('',(-9.750040251901,1.585374763373,
    2.548773449016));
#1037 = CARTESIAN_POINT('',(-9.749959873511,1.415156423075,
    2.647072256849));
#1038 = CARTESIAN_POINT('',(-9.769498753635,1.327356385647,
    2.691931392944));
#1039 = CARTESIAN_POINT('',(-9.845090935332,1.16086064092,2.767809995502
    ));
#1040 = CARTESIAN_POINT('',(-9.900320050585,1.083346056862,
    2.798453623671));
#1041 = CARTESIAN_POINT('',(-10.0393360225,0.950546052365,2.846303491389
    ));
#1042 = CARTESIAN_POINT('',(-10.121987291,0.896551196462,2.863160320608)
  );
#1043 = CARTESIAN_POINT('',(-10.30304819131,0.822560300429,
    2.885287788339));
#1044 = CARTESIAN_POINT('',(-10.40187238335,0.802849701989,
    2.890576474687));
#1045 = CARTESIAN_POINT('',(-10.5,0.802849701989,2.890576474687));
#1046 = CYLINDRICAL_SURFACE('',#1047,3.);
#1047 = AXIS2_PLACEMENT_3D('',#1048,#1049,#1050);
#1048 = CARTESIAN_POINT('',(0.,0.,0.));
#1049 = DIRECTION('',(1.,1.2E-16,-0.));
#1050 = DIRECTION('',(-1.2E-16,1.,0.));
#1051 = ADVANCED_FACE('',(#1052,#1062),#1066,.T.);
#1052 = FACE_BOUND('',#1053,.T.);
#1053 = EDGE_LOOP('',(#1054,#1061));
#1054 = ORIENTED_EDGE('',*,*,#1055,.T.);
#1055 = EDGE_CURVE('',#460,#479,#1056,.T.);
#1056 = CIRCLE('',#1057,6.45);
#1057 = AXIS2_PLACEMENT_3D('',#1058,#1059,#1060);
#1058 = CARTESIAN_POINT('',(7.9E-16,0.,0.));
#1059 = DIRECTION('',(1.,1.2E-16,-0.));
#1060 = DIRECTION('',(-1.2E-16,1.,0.));
#1061 = ORIENTED_EDGE('',*,*,#486,.T.);
#1062 = FACE_BOUND('',#1063,.T.);
#1063 = EDGE_LOOP('',(#1064,#1065));
#1064 = ORIENTED_EDGE('',*,*,#982,.F.);
#1065 = ORIENTED_EDGE('',*,*,#575,.F.);
#1066 = PLANE('',#1067);
#1067 = AXIS2_PLACEMENT_3D('',#1068,#1069,#1070);
#1068 = CARTESIAN_POINT('',(2.1E-16,3.,0.));
#1069 = DIRECTION('',(1.,1.2E-16,-0.));
#1070 = DIRECTION('',(-1.2E-16,1.,0.));
#1071 = ADVANCED_FACE('',(#1072),#1078,.F.);
#1072 = FACE_BOUND('',#1073,.F.);
#1073 = EDGE_LOOP('',(#1074,#1075,#1076,#1077));
#1074 = ORIENTED_EDGE('',*,*,#807,.F.);
#1075 = ORIENTED_EDGE('',*,*,#459,.F.);
#1076 = ORIENTED_EDGE('',*,*,#1055,.T.);
#1077 = ORIENTED_EDGE('',*,*,#478,.T.);
#1078 = CYLINDRICAL_SURFACE('',#1079,6.45);
#1079 = AXIS2_PLACEMENT_3D('',#1080,#1081,#1082);
#1080 = CARTESIAN_POINT('',(0.,0.,0.));
#1081 = DIRECTION('',(1.,1.2E-16,-0.));
#1082 = DIRECTION('',(-1.2E-16,1.,0.));
#1083 = ADVANCED_FACE('',(#1084),#1092,.F.);
#1084 = FACE_BOUND('',#1085,.F.);
#1085 = EDGE_LOOP('',(#1086,#1087,#1088,#1089,#1090,#1091));
#1086 = ORIENTED_EDGE('',*,*,#592,.F.);
#1087 = ORIENTED_EDGE('',*,*,#968,.F.);
#1088 = ORIENTED_EDGE('',*,*,#398,.F.);
#1089 = ORIENTED_EDGE('',*,*,#689,.F.);
#1090 = ORIENTED_EDGE('',*,*,#885,.F.);
#1091 = ORIENTED_EDGE('',*,*,#430,.T.);
#1092 = CYLINDRICAL_SURFACE('',#1093,0.75);
#1093 = AXIS2_PLACEMENT_3D('',#1094,#1095,#1096);
#1094 = CARTESIAN_POINT('',(-10.5,-7.45,-1.E-17));
#1095 = DIRECTION('',(-0.,1.,-0.));
#1096 = DIRECTION('',(0.,0.,1.));
#1097 = ADVANCED_FACE('',(#1098),#1106,.F.);
#1098 = FACE_BOUND('',#1099,.F.);
#1099 = EDGE_LOOP('',(#1100,#1101,#1102,#1103,#1104,#1105));
#1100 = ORIENTED_EDGE('',*,*,#871,.F.);
#1101 = ORIENTED_EDGE('',*,*,#727,.F.);
#1102 = ORIENTED_EDGE('',*,*,#320,.F.);
#1103 = ORIENTED_EDGE('',*,*,#990,.F.);
#1104 = ORIENTED_EDGE('',*,*,#552,.F.);
#1105 = ORIENTED_EDGE('',*,*,#354,.T.);
#1106 = CYLINDRICAL_SURFACE('',#1107,0.75);
#1107 = AXIS2_PLACEMENT_3D('',#1108,#1109,#1110);
#1108 = CARTESIAN_POINT('',(-10.5,-7.45,-1.E-17));
#1109 = DIRECTION('',(-0.,1.,-0.));
#1110 = DIRECTION('',(0.,0.,1.));
#1111 = ADVANCED_FACE('',(#1112),#1118,.F.);
#1112 = FACE_BOUND('',#1113,.F.);
#1113 = EDGE_LOOP('',(#1114,#1115,#1116,#1117));
#1114 = ORIENTED_EDGE('',*,*,#1026,.F.);
#1115 = ORIENTED_EDGE('',*,*,#245,.F.);
#1116 = ORIENTED_EDGE('',*,*,#630,.F.);
#1117 = ORIENTED_EDGE('',*,*,#272,.T.);
#1118 = CYLINDRICAL_SURFACE('',#1119,0.75);
#1119 = AXIS2_PLACEMENT_3D('',#1120,#1121,#1122);
#1120 = CARTESIAN_POINT('',(-10.5,5.088444629097,8.813444629097));
#1121 = DIRECTION('',(1.8E-16,-0.5,-0.866025403784));
#1122 = DIRECTION('',(0.,0.866025403784,-0.5));
#1123 = ADVANCED_FACE('',(#1124),#1130,.F.);
#1124 = FACE_BOUND('',#1125,.F.);
#1125 = EDGE_LOOP('',(#1126,#1127,#1128,#1129));
#1126 = ORIENTED_EDGE('',*,*,#649,.F.);
#1127 = ORIENTED_EDGE('',*,*,#179,.F.);
#1128 = ORIENTED_EDGE('',*,*,#1007,.F.);
#1129 = ORIENTED_EDGE('',*,*,#208,.T.);
#1130 = CYLINDRICAL_SURFACE('',#1131,0.75);
#1131 = AXIS2_PLACEMENT_3D('',#1132,#1133,#1134);
#1132 = CARTESIAN_POINT('',(-10.5,5.088444629097,-8.813444629097));
#1133 = DIRECTION('',(1.8E-16,-0.5,0.866025403784));
#1134 = DIRECTION('',(0.,-0.866025403784,-0.5));
#1135 = ADVANCED_FACE('',(#1136),#1142,.F.);
#1136 = FACE_BOUND('',#1137,.F.);
#1137 = EDGE_LOOP('',(#1138,#1139,#1140,#1141));
#1138 = ORIENTED_EDGE('',*,*,#919,.F.);
#1139 = ORIENTED_EDGE('',*,*,#113,.F.);
#1140 = ORIENTED_EDGE('',*,*,#501,.F.);
#1141 = ORIENTED_EDGE('',*,*,#142,.T.);
#1142 = CYLINDRICAL_SURFACE('',#1143,0.75);
#1143 = AXIS2_PLACEMENT_3D('',#1144,#1145,#1146);
#1144 = CARTESIAN_POINT('',(-10.5,5.088444629097,8.813444629097));
#1145 = DIRECTION('',(1.8E-16,-0.5,-0.866025403784));
#1146 = DIRECTION('',(0.,0.866025403784,-0.5));
#1147 = ADVANCED_FACE('',(#1148),#1154,.F.);
#1148 = FACE_BOUND('',#1149,.F.);
#1149 = EDGE_LOOP('',(#1150,#1151,#1152,#1153));
#1150 = ORIENTED_EDGE('',*,*,#520,.F.);
#1151 = ORIENTED_EDGE('',*,*,#51,.F.);
#1152 = ORIENTED_EDGE('',*,*,#900,.F.);
#1153 = ORIENTED_EDGE('',*,*,#78,.T.);
#1154 = CYLINDRICAL_SURFACE('',#1155,0.75);
#1155 = AXIS2_PLACEMENT_3D('',#1156,#1157,#1158);
#1156 = CARTESIAN_POINT('',(-10.5,5.088444629097,-8.813444629097));
#1157 = DIRECTION('',(1.8E-16,-0.5,0.866025403784));
#1158 = DIRECTION('',(0.,-0.866025403784,-0.5));
#1159 = ( GEOMETRIC_REPRESENTATION_CONTEXT(3) 
GLOBAL_UNCERTAINTY_ASSIGNED_CONTEXT((#1163)) 
GLOBAL_UNIT_ASSIGNED_CONTEXT((#1160,#1161,#1162)) REPRESENTATION_CONTEXT
('Context #1','3D Context with UNIT and UNCERTAINTY') );
#1160 = ( LENGTH_UNIT() NAMED_UNIT(*) SI_UNIT(.MILLI.,.METRE.) );
#1161 = ( NAMED_UNIT(*) PLANE_ANGLE_UNIT() SI_UNIT($,.RADIAN.) );
#1162 = ( NAMED_UNIT(*) SI_UNIT($,.STERADIAN.) SOLID_ANGLE_UNIT() );
#1163 = UNCERTAINTY_MEASURE_WITH_UNIT(LENGTH_MEASURE(5.E-04),#1160,
  'distance_accuracy_value','confusion accuracy');
#1164 = CONTEXT_DEPENDENT_SHAPE_REPRESENTATION(#1165,#1167);
#1165 = ( REPRESENTATION_RELATIONSHIP('','',#44,#10) 
REPRESENTATION_RELATIONSHIP_WITH_TRANSFORMATION(#1166) 
SHAPE_REPRESENTATION_RELATIONSHIP() );
#1166 = ITEM_DEFINED_TRANSFORMATION('','',#11,#15);
#1167 = PRODUCT_DEFINITION_SHAPE('Placement','Placement of an item',
  #1168);
#1168 = NEXT_ASSEMBLY_USAGE_OCCURRENCE('1','WedgeInsert','',#5,#39,$);
#1169 = PRODUCT_RELATED_PRODUCT_CATEGORY('part',$,(#41));
#1170 = SHAPE_DEFINITION_REPRESENTATION(#1171,#1177);
#1171 = PRODUCT_DEFINITION_SHAPE('','',#1172);
#1172 = PRODUCT_DEFINITION('design','',#1173,#1176);
#1173 = PRODUCT_DEFINITION_FORMATION('','',#1174);
#1174 = PRODUCT('WedgeHolder','WedgeHolder','',(#1175));
#1175 = PRODUCT_CONTEXT('',#2,'mechanical');
#1176 = PRODUCT_DEFINITION_CONTEXT('part definition',#2,'design');
#1177 = ADVANCED_BREP_SHAPE_REPRESENTATION('',(#11,#1178),#1944);
#1178 = MANIFOLD_SOLID_BREP('',#1179);
#1179 = CLOSED_SHELL('',(#1180,#1222,#1264,#1306,#1339,#1372,#1413,#1444
    ,#1485,#1516,#1547,#1578,#1609,#1640,#1671,#1702,#1733,#1764,#1805,
    #1836,#1868,#1894,#1920,#1932));
#1180 = ADVANCED_FACE('',(#1181),#1217,.F.);
#1181 = FACE_BOUND('',#1182,.F.);
#1182 = EDGE_LOOP('',(#1183,#1193,#1202,#1210));
#1183 = ORIENTED_EDGE('',*,*,#1184,.T.);
#1184 = EDGE_CURVE('',#1185,#1187,#1189,.T.);
#1185 = VERTEX_POINT('',#1186);
#1186 = CARTESIAN_POINT('',(-4.5,12.,1.85));
#1187 = VERTEX_POINT('',#1188);
#1188 = CARTESIAN_POINT('',(-0.5,12.,1.85));
#1189 = LINE('',#1190,#1191);
#1190 = CARTESIAN_POINT('',(4.5,12.,1.85));
#1191 = VECTOR('',#1192,1.);
#1192 = DIRECTION('',(1.,-0.,-0.));
#1193 = ORIENTED_EDGE('',*,*,#1194,.T.);
#1194 = EDGE_CURVE('',#1187,#1195,#1197,.T.);
#1195 = VERTEX_POINT('',#1196);
#1196 = CARTESIAN_POINT('',(-0.5,12.,6.15));
#1197 = CIRCLE('',#1198,2.15);
#1198 = AXIS2_PLACEMENT_3D('',#1199,#1200,#1201);
#1199 = CARTESIAN_POINT('',(-0.5,12.,4.));
#1200 = DIRECTION('',(-1.,-2.E-16,0.));
#1201 = DIRECTION('',(2.E-16,-1.,0.));
#1202 = ORIENTED_EDGE('',*,*,#1203,.F.);
#1203 = EDGE_CURVE('',#1204,#1195,#1206,.T.);
#1204 = VERTEX_POINT('',#1205);
#1205 = CARTESIAN_POINT('',(-4.5,12.,6.15));
#1206 = LINE('',#1207,#1208);
#1207 = CARTESIAN_POINT('',(4.5,12.,6.15));
#1208 = VECTOR('',#1209,1.);
#1209 = DIRECTION('',(1.,-0.,-0.));
#1210 = ORIENTED_EDGE('',*,*,#1211,.T.);
#1211 = EDGE_CURVE('',#1204,#1185,#1212,.T.);
#1212 = CIRCLE('',#1213,2.15);
#1213 = AXIS2_PLACEMENT_3D('',#1214,#1215,#1216);
#1214 = CARTESIAN_POINT('',(-4.5,12.,4.));
#1215 = DIRECTION('',(1.,1.E-16,-0.));
#1216 = DIRECTION('',(-1.E-16,1.,0.));
#1217 = CYLINDRICAL_SURFACE('',#1218,2.15);
#1218 = AXIS2_PLACEMENT_3D('',#1219,#1220,#1221);
#1219 = CARTESIAN_POINT('',(4.5,12.,4.));
#1220 = DIRECTION('',(1.,-0.,-0.));
#1221 = DIRECTION('',(0.,0.,-1.));
#1222 = ADVANCED_FACE('',(#1223),#1259,.F.);
#1223 = FACE_BOUND('',#1224,.F.);
#1224 = EDGE_LOOP('',(#1225,#1235,#1244,#1252));
#1225 = ORIENTED_EDGE('',*,*,#1226,.T.);
#1226 = EDGE_CURVE('',#1227,#1229,#1231,.T.);
#1227 = VERTEX_POINT('',#1228);
#1228 = CARTESIAN_POINT('',(0.5,12.,1.85));
#1229 = VERTEX_POINT('',#1230);
#1230 = CARTESIAN_POINT('',(4.5,12.,1.85));
#1231 = LINE('',#1232,#1233);
#1232 = CARTESIAN_POINT('',(4.5,12.,1.85));
#1233 = VECTOR('',#1234,1.);
#1234 = DIRECTION('',(1.,-0.,-0.));
#1235 = ORIENTED_EDGE('',*,*,#1236,.F.);
#1236 = EDGE_CURVE('',#1237,#1229,#1239,.T.);
#1237 = VERTEX_POINT('',#1238);
#1238 = CARTESIAN_POINT('',(4.5,12.,6.15));
#1239 = CIRCLE('',#1240,2.15);
#1240 = AXIS2_PLACEMENT_3D('',#1241,#1242,#1243);
#1241 = CARTESIAN_POINT('',(4.5,12.,4.));
#1242 = DIRECTION('',(1.,-0.,0.));
#1243 = DIRECTION('',(0.,0.,-1.));
#1244 = ORIENTED_EDGE('',*,*,#1245,.F.);
#1245 = EDGE_CURVE('',#1246,#1237,#1248,.T.);
#1246 = VERTEX_POINT('',#1247);
#1247 = CARTESIAN_POINT('',(0.5,12.,6.15));
#1248 = LINE('',#1249,#1250);
#1249 = CARTESIAN_POINT('',(4.5,12.,6.15));
#1250 = VECTOR('',#1251,1.);
#1251 = DIRECTION('',(1.,-0.,-0.));
#1252 = ORIENTED_EDGE('',*,*,#1253,.T.);
#1253 = EDGE_CURVE('',#1246,#1227,#1254,.T.);
#1254 = CIRCLE('',#1255,2.15);
#1255 = AXIS2_PLACEMENT_3D('',#1256,#1257,#1258);
#1256 = CARTESIAN_POINT('',(0.5,12.,4.));
#1257 = DIRECTION('',(1.,3.2E-16,-0.));
#1258 = DIRECTION('',(-3.2E-16,1.,0.));
#1259 = CYLINDRICAL_SURFACE('',#1260,2.15);
#1260 = AXIS2_PLACEMENT_3D('',#1261,#1262,#1263);
#1261 = CARTESIAN_POINT('',(4.5,12.,4.));
#1262 = DIRECTION('',(1.,-0.,-0.));
#1263 = DIRECTION('',(0.,0.,-1.));
#1264 = ADVANCED_FACE('',(#1265),#1301,.F.);
#1265 = FACE_BOUND('',#1266,.F.);
#1266 = EDGE_LOOP('',(#1267,#1277,#1286,#1294));
#1267 = ORIENTED_EDGE('',*,*,#1268,.T.);
#1268 = EDGE_CURVE('',#1269,#1271,#1273,.T.);
#1269 = VERTEX_POINT('',#1270);
#1270 = CARTESIAN_POINT('',(-5.,0.,8.));
#1271 = VERTEX_POINT('',#1272);
#1272 = CARTESIAN_POINT('',(-5.,0.,0.));
#1273 = LINE('',#1274,#1275);
#1274 = CARTESIAN_POINT('',(-5.,0.,8.));
#1275 = VECTOR('',#1276,1.);
#1276 = DIRECTION('',(-0.,-0.,-1.));
#1277 = ORIENTED_EDGE('',*,*,#1278,.F.);
#1278 = EDGE_CURVE('',#1279,#1271,#1281,.T.);
#1279 = VERTEX_POINT('',#1280);
#1280 = CARTESIAN_POINT('',(5.,1.E-15,0.));
#1281 = CIRCLE('',#1282,5.);
#1282 = AXIS2_PLACEMENT_3D('',#1283,#1284,#1285);
#1283 = CARTESIAN_POINT('',(0.,0.,0.));
#1284 = DIRECTION('',(-0.,0.,-1.));
#1285 = DIRECTION('',(-1.,0.,0.));
#1286 = ORIENTED_EDGE('',*,*,#1287,.F.);
#1287 = EDGE_CURVE('',#1288,#1279,#1290,.T.);
#1288 = VERTEX_POINT('',#1289);
#1289 = CARTESIAN_POINT('',(5.,1.E-15,8.));
#1290 = LINE('',#1291,#1292);
#1291 = CARTESIAN_POINT('',(5.,6.1E-16,8.));
#1292 = VECTOR('',#1293,1.);
#1293 = DIRECTION('',(-0.,-0.,-1.));
#1294 = ORIENTED_EDGE('',*,*,#1295,.T.);
#1295 = EDGE_CURVE('',#1288,#1269,#1296,.T.);
#1296 = CIRCLE('',#1297,5.);
#1297 = AXIS2_PLACEMENT_3D('',#1298,#1299,#1300);
#1298 = CARTESIAN_POINT('',(0.,0.,8.));
#1299 = DIRECTION('',(-0.,0.,-1.));
#1300 = DIRECTION('',(-1.,0.,0.));
#1301 = CYLINDRICAL_SURFACE('',#1302,5.);
#1302 = AXIS2_PLACEMENT_3D('',#1303,#1304,#1305);
#1303 = CARTESIAN_POINT('',(0.,0.,8.));
#1304 = DIRECTION('',(-0.,-0.,-1.));
#1305 = DIRECTION('',(-1.,0.,0.));
#1306 = ADVANCED_FACE('',(#1307),#1334,.F.);
#1307 = FACE_BOUND('',#1308,.F.);
#1308 = EDGE_LOOP('',(#1309,#1319,#1326,#1327));
#1309 = ORIENTED_EDGE('',*,*,#1310,.T.);
#1310 = EDGE_CURVE('',#1311,#1313,#1315,.T.);
#1311 = VERTEX_POINT('',#1312);
#1312 = CARTESIAN_POINT('',(-0.5,4.974937185533,8.));
#1313 = VERTEX_POINT('',#1314);
#1314 = CARTESIAN_POINT('',(-0.5,4.974937185533,0.));
#1315 = LINE('',#1316,#1317);
#1316 = CARTESIAN_POINT('',(-0.5,4.974937185533,8.));
#1317 = VECTOR('',#1318,1.);
#1318 = DIRECTION('',(-0.,-0.,-1.));
#1319 = ORIENTED_EDGE('',*,*,#1320,.F.);
#1320 = EDGE_CURVE('',#1271,#1313,#1321,.T.);
#1321 = CIRCLE('',#1322,5.);
#1322 = AXIS2_PLACEMENT_3D('',#1323,#1324,#1325);
#1323 = CARTESIAN_POINT('',(0.,0.,0.));
#1324 = DIRECTION('',(-0.,0.,-1.));
#1325 = DIRECTION('',(-1.,0.,0.));
#1326 = ORIENTED_EDGE('',*,*,#1268,.F.);
#1327 = ORIENTED_EDGE('',*,*,#1328,.T.);
#1328 = EDGE_CURVE('',#1269,#1311,#1329,.T.);
#1329 = CIRCLE('',#1330,5.);
#1330 = AXIS2_PLACEMENT_3D('',#1331,#1332,#1333);
#1331 = CARTESIAN_POINT('',(0.,0.,8.));
#1332 = DIRECTION('',(-0.,0.,-1.));
#1333 = DIRECTION('',(-1.,0.,0.));
#1334 = CYLINDRICAL_SURFACE('',#1335,5.);
#1335 = AXIS2_PLACEMENT_3D('',#1336,#1337,#1338);
#1336 = CARTESIAN_POINT('',(0.,0.,8.));
#1337 = DIRECTION('',(-0.,-0.,-1.));
#1338 = DIRECTION('',(-1.,0.,0.));
#1339 = ADVANCED_FACE('',(#1340),#1367,.F.);
#1340 = FACE_BOUND('',#1341,.F.);
#1341 = EDGE_LOOP('',(#1342,#1351,#1359,#1366));
#1342 = ORIENTED_EDGE('',*,*,#1343,.F.);
#1343 = EDGE_CURVE('',#1344,#1279,#1346,.T.);
#1344 = VERTEX_POINT('',#1345);
#1345 = CARTESIAN_POINT('',(0.5,4.974937185533,0.));
#1346 = CIRCLE('',#1347,5.);
#1347 = AXIS2_PLACEMENT_3D('',#1348,#1349,#1350);
#1348 = CARTESIAN_POINT('',(0.,0.,0.));
#1349 = DIRECTION('',(-0.,0.,-1.));
#1350 = DIRECTION('',(-1.,0.,0.));
#1351 = ORIENTED_EDGE('',*,*,#1352,.F.);
#1352 = EDGE_CURVE('',#1353,#1344,#1355,.T.);
#1353 = VERTEX_POINT('',#1354);
#1354 = CARTESIAN_POINT('',(0.5,4.974937185533,8.));
#1355 = LINE('',#1356,#1357);
#1356 = CARTESIAN_POINT('',(0.5,4.974937185533,8.));
#1357 = VECTOR('',#1358,1.);
#1358 = DIRECTION('',(-0.,-0.,-1.));
#1359 = ORIENTED_EDGE('',*,*,#1360,.T.);
#1360 = EDGE_CURVE('',#1353,#1288,#1361,.T.);
#1361 = CIRCLE('',#1362,5.);
#1362 = AXIS2_PLACEMENT_3D('',#1363,#1364,#1365);
#1363 = CARTESIAN_POINT('',(0.,0.,8.));
#1364 = DIRECTION('',(-0.,0.,-1.));
#1365 = DIRECTION('',(-1.,0.,0.));
#1366 = ORIENTED_EDGE('',*,*,#1287,.T.);
#1367 = CYLINDRICAL_SURFACE('',#1368,5.);
#1368 = AXIS2_PLACEMENT_3D('',#1369,#1370,#1371);
#1369 = CARTESIAN_POINT('',(0.,0.,8.));
#1370 = DIRECTION('',(-0.,-0.,-1.));
#1371 = DIRECTION('',(-1.,0.,0.));
#1372 = ADVANCED_FACE('',(#1373,#1383),#1408,.F.);
#1373 = FACE_BOUND('',#1374,.T.);
#1374 = EDGE_LOOP('',(#1375,#1376));
#1375 = ORIENTED_EDGE('',*,*,#1194,.T.);
#1376 = ORIENTED_EDGE('',*,*,#1377,.T.);
#1377 = EDGE_CURVE('',#1195,#1187,#1378,.T.);
#1378 = CIRCLE('',#1379,2.15);
#1379 = AXIS2_PLACEMENT_3D('',#1380,#1381,#1382);
#1380 = CARTESIAN_POINT('',(-0.5,12.,4.));
#1381 = DIRECTION('',(-1.,-2.E-16,0.));
#1382 = DIRECTION('',(2.E-16,-1.,0.));
#1383 = FACE_BOUND('',#1384,.T.);
#1384 = EDGE_LOOP('',(#1385,#1393,#1401,#1407));
#1385 = ORIENTED_EDGE('',*,*,#1386,.T.);
#1386 = EDGE_CURVE('',#1313,#1387,#1389,.T.);
#1387 = VERTEX_POINT('',#1388);
#1388 = CARTESIAN_POINT('',(-0.5,16.,0.));
#1389 = LINE('',#1390,#1391);
#1390 = CARTESIAN_POINT('',(-0.5,4.974937185533,0.));
#1391 = VECTOR('',#1392,1.);
#1392 = DIRECTION('',(-2.E-16,1.,0.));
#1393 = ORIENTED_EDGE('',*,*,#1394,.F.);
#1394 = EDGE_CURVE('',#1395,#1387,#1397,.T.);
#1395 = VERTEX_POINT('',#1396);
#1396 = CARTESIAN_POINT('',(-0.5,16.,8.));
#1397 = LINE('',#1398,#1399);
#1398 = CARTESIAN_POINT('',(-0.5,16.,8.));
#1399 = VECTOR('',#1400,1.);
#1400 = DIRECTION('',(-0.,-0.,-1.));
#1401 = ORIENTED_EDGE('',*,*,#1402,.F.);
#1402 = EDGE_CURVE('',#1311,#1395,#1403,.T.);
#1403 = LINE('',#1404,#1405);
#1404 = CARTESIAN_POINT('',(-0.5,4.974937185533,8.));
#1405 = VECTOR('',#1406,1.);
#1406 = DIRECTION('',(-2.E-16,1.,0.));
#1407 = ORIENTED_EDGE('',*,*,#1310,.T.);
#1408 = PLANE('',#1409);
#1409 = AXIS2_PLACEMENT_3D('',#1410,#1411,#1412);
#1410 = CARTESIAN_POINT('',(-0.5,4.974937185533,8.));
#1411 = DIRECTION('',(-1.,-2.E-16,0.));
#1412 = DIRECTION('',(2.E-16,-1.,0.));
#1413 = ADVANCED_FACE('',(#1414),#1439,.F.);
#1414 = FACE_BOUND('',#1415,.T.);
#1415 = EDGE_LOOP('',(#1416,#1424,#1432,#1438));
#1416 = ORIENTED_EDGE('',*,*,#1417,.T.);
#1417 = EDGE_CURVE('',#1387,#1418,#1420,.T.);
#1418 = VERTEX_POINT('',#1419);
#1419 = CARTESIAN_POINT('',(-4.5,16.,0.));
#1420 = LINE('',#1421,#1422);
#1421 = CARTESIAN_POINT('',(-0.5,16.,0.));
#1422 = VECTOR('',#1423,1.);
#1423 = DIRECTION('',(-1.,0.,0.));
#1424 = ORIENTED_EDGE('',*,*,#1425,.F.);
#1425 = EDGE_CURVE('',#1426,#1418,#1428,.T.);
#1426 = VERTEX_POINT('',#1427);
#1427 = CARTESIAN_POINT('',(-4.5,16.,8.));
#1428 = LINE('',#1429,#1430);
#1429 = CARTESIAN_POINT('',(-4.5,16.,8.));
#1430 = VECTOR('',#1431,1.);
#1431 = DIRECTION('',(-0.,-0.,-1.));
#1432 = ORIENTED_EDGE('',*,*,#1433,.F.);
#1433 = EDGE_CURVE('',#1395,#1426,#1434,.T.);
#1434 = LINE('',#1435,#1436);
#1435 = CARTESIAN_POINT('',(-0.5,16.,8.));
#1436 = VECTOR('',#1437,1.);
#1437 = DIRECTION('',(-1.,0.,0.));
#1438 = ORIENTED_EDGE('',*,*,#1394,.T.);
#1439 = PLANE('',#1440);
#1440 = AXIS2_PLACEMENT_3D('',#1441,#1442,#1443);
#1441 = CARTESIAN_POINT('',(-0.5,16.,8.));
#1442 = DIRECTION('',(0.,-1.,0.));
#1443 = DIRECTION('',(0.,-0.,-1.));
#1444 = ADVANCED_FACE('',(#1445,#1455),#1480,.F.);
#1445 = FACE_BOUND('',#1446,.T.);
#1446 = EDGE_LOOP('',(#1447,#1454));
#1447 = ORIENTED_EDGE('',*,*,#1448,.T.);
#1448 = EDGE_CURVE('',#1185,#1204,#1449,.T.);
#1449 = CIRCLE('',#1450,2.15);
#1450 = AXIS2_PLACEMENT_3D('',#1451,#1452,#1453);
#1451 = CARTESIAN_POINT('',(-4.5,12.,4.));
#1452 = DIRECTION('',(1.,1.E-16,-0.));
#1453 = DIRECTION('',(-1.E-16,1.,0.));
#1454 = ORIENTED_EDGE('',*,*,#1211,.T.);
#1455 = FACE_BOUND('',#1456,.T.);
#1456 = EDGE_LOOP('',(#1457,#1465,#1473,#1479));
#1457 = ORIENTED_EDGE('',*,*,#1458,.T.);
#1458 = EDGE_CURVE('',#1418,#1459,#1461,.T.);
#1459 = VERTEX_POINT('',#1460);
#1460 = CARTESIAN_POINT('',(-4.5,7.5,0.));
#1461 = LINE('',#1462,#1463);
#1462 = CARTESIAN_POINT('',(-4.5,16.,0.));
#1463 = VECTOR('',#1464,1.);
#1464 = DIRECTION('',(1.E-16,-1.,0.));
#1465 = ORIENTED_EDGE('',*,*,#1466,.F.);
#1466 = EDGE_CURVE('',#1467,#1459,#1469,.T.);
#1467 = VERTEX_POINT('',#1468);
#1468 = CARTESIAN_POINT('',(-4.5,7.5,8.));
#1469 = LINE('',#1470,#1471);
#1470 = CARTESIAN_POINT('',(-4.5,7.5,8.));
#1471 = VECTOR('',#1472,1.);
#1472 = DIRECTION('',(-0.,-0.,-1.));
#1473 = ORIENTED_EDGE('',*,*,#1474,.F.);
#1474 = EDGE_CURVE('',#1426,#1467,#1475,.T.);
#1475 = LINE('',#1476,#1477);
#1476 = CARTESIAN_POINT('',(-4.5,16.,8.));
#1477 = VECTOR('',#1478,1.);
#1478 = DIRECTION('',(1.E-16,-1.,0.));
#1479 = ORIENTED_EDGE('',*,*,#1425,.T.);
#1480 = PLANE('',#1481);
#1481 = AXIS2_PLACEMENT_3D('',#1482,#1483,#1484);
#1482 = CARTESIAN_POINT('',(-4.5,16.,8.));
#1483 = DIRECTION('',(1.,1.E-16,-0.));
#1484 = DIRECTION('',(-1.E-16,1.,0.));
#1485 = ADVANCED_FACE('',(#1486),#1511,.F.);
#1486 = FACE_BOUND('',#1487,.T.);
#1487 = EDGE_LOOP('',(#1488,#1496,#1504,#1510));
#1488 = ORIENTED_EDGE('',*,*,#1489,.T.);
#1489 = EDGE_CURVE('',#1459,#1490,#1492,.T.);
#1490 = VERTEX_POINT('',#1491);
#1491 = CARTESIAN_POINT('',(-6.5,7.5,0.));
#1492 = LINE('',#1493,#1494);
#1493 = CARTESIAN_POINT('',(-4.5,7.5,0.));
#1494 = VECTOR('',#1495,1.);
#1495 = DIRECTION('',(-1.,0.,0.));
#1496 = ORIENTED_EDGE('',*,*,#1497,.F.);
#1497 = EDGE_CURVE('',#1498,#1490,#1500,.T.);
#1498 = VERTEX_POINT('',#1499);
#1499 = CARTESIAN_POINT('',(-6.5,7.5,8.));
#1500 = LINE('',#1501,#1502);
#1501 = CARTESIAN_POINT('',(-6.5,7.5,8.));
#1502 = VECTOR('',#1503,1.);
#1503 = DIRECTION('',(-0.,-0.,-1.));
#1504 = ORIENTED_EDGE('',*,*,#1505,.F.);
#1505 = EDGE_CURVE('',#1467,#1498,#1506,.T.);
#1506 = LINE('',#1507,#1508);
#1507 = CARTESIAN_POINT('',(-4.5,7.5,8.));
#1508 = VECTOR('',#1509,1.);
#1509 = DIRECTION('',(-1.,0.,0.));
#1510 = ORIENTED_EDGE('',*,*,#1466,.T.);
#1511 = PLANE('',#1512);
#1512 = AXIS2_PLACEMENT_3D('',#1513,#1514,#1515);
#1513 = CARTESIAN_POINT('',(-4.5,7.5,8.));
#1514 = DIRECTION('',(0.,-1.,0.));
#1515 = DIRECTION('',(0.,-0.,-1.));
#1516 = ADVANCED_FACE('',(#1517),#1542,.F.);
#1517 = FACE_BOUND('',#1518,.T.);
#1518 = EDGE_LOOP('',(#1519,#1527,#1535,#1541));
#1519 = ORIENTED_EDGE('',*,*,#1520,.T.);
#1520 = EDGE_CURVE('',#1490,#1521,#1523,.T.);
#1521 = VERTEX_POINT('',#1522);
#1522 = CARTESIAN_POINT('',(-6.5,-7.5,0.));
#1523 = LINE('',#1524,#1525);
#1524 = CARTESIAN_POINT('',(-6.5,7.5,0.));
#1525 = VECTOR('',#1526,1.);
#1526 = DIRECTION('',(1.7E-16,-1.,0.));
#1527 = ORIENTED_EDGE('',*,*,#1528,.F.);
#1528 = EDGE_CURVE('',#1529,#1521,#1531,.T.);
#1529 = VERTEX_POINT('',#1530);
#1530 = CARTESIAN_POINT('',(-6.5,-7.5,8.));
#1531 = LINE('',#1532,#1533);
#1532 = CARTESIAN_POINT('',(-6.5,-7.5,8.));
#1533 = VECTOR('',#1534,1.);
#1534 = DIRECTION('',(-0.,-0.,-1.));
#1535 = ORIENTED_EDGE('',*,*,#1536,.F.);
#1536 = EDGE_CURVE('',#1498,#1529,#1537,.T.);
#1537 = LINE('',#1538,#1539);
#1538 = CARTESIAN_POINT('',(-6.5,7.5,8.));
#1539 = VECTOR('',#1540,1.);
#1540 = DIRECTION('',(1.7E-16,-1.,0.));
#1541 = ORIENTED_EDGE('',*,*,#1497,.T.);
#1542 = PLANE('',#1543);
#1543 = AXIS2_PLACEMENT_3D('',#1544,#1545,#1546);
#1544 = CARTESIAN_POINT('',(-6.5,7.5,8.));
#1545 = DIRECTION('',(1.,1.7E-16,-0.));
#1546 = DIRECTION('',(-1.7E-16,1.,0.));
#1547 = ADVANCED_FACE('',(#1548),#1573,.F.);
#1548 = FACE_BOUND('',#1549,.T.);
#1549 = EDGE_LOOP('',(#1550,#1558,#1566,#1572));
#1550 = ORIENTED_EDGE('',*,*,#1551,.T.);
#1551 = EDGE_CURVE('',#1521,#1552,#1554,.T.);
#1552 = VERTEX_POINT('',#1553);
#1553 = CARTESIAN_POINT('',(-2.5,-7.5,0.));
#1554 = LINE('',#1555,#1556);
#1555 = CARTESIAN_POINT('',(-6.5,-7.5,0.));
#1556 = VECTOR('',#1557,1.);
#1557 = DIRECTION('',(1.,0.,0.));
#1558 = ORIENTED_EDGE('',*,*,#1559,.F.);
#1559 = EDGE_CURVE('',#1560,#1552,#1562,.T.);
#1560 = VERTEX_POINT('',#1561);
#1561 = CARTESIAN_POINT('',(-2.5,-7.5,8.));
#1562 = LINE('',#1563,#1564);
#1563 = CARTESIAN_POINT('',(-2.5,-7.5,8.));
#1564 = VECTOR('',#1565,1.);
#1565 = DIRECTION('',(-0.,-0.,-1.));
#1566 = ORIENTED_EDGE('',*,*,#1567,.F.);
#1567 = EDGE_CURVE('',#1529,#1560,#1568,.T.);
#1568 = LINE('',#1569,#1570);
#1569 = CARTESIAN_POINT('',(-6.5,-7.5,8.));
#1570 = VECTOR('',#1571,1.);
#1571 = DIRECTION('',(1.,0.,0.));
#1572 = ORIENTED_EDGE('',*,*,#1528,.T.);
#1573 = PLANE('',#1574);
#1574 = AXIS2_PLACEMENT_3D('',#1575,#1576,#1577);
#1575 = CARTESIAN_POINT('',(-6.5,-7.5,8.));
#1576 = DIRECTION('',(0.,1.,0.));
#1577 = DIRECTION('',(0.,-0.,1.));
#1578 = ADVANCED_FACE('',(#1579),#1604,.F.);
#1579 = FACE_BOUND('',#1580,.T.);
#1580 = EDGE_LOOP('',(#1581,#1589,#1597,#1603));
#1581 = ORIENTED_EDGE('',*,*,#1582,.T.);
#1582 = EDGE_CURVE('',#1552,#1583,#1585,.T.);
#1583 = VERTEX_POINT('',#1584);
#1584 = CARTESIAN_POINT('',(-2.5,-7.3,0.));
#1585 = LINE('',#1586,#1587);
#1586 = CARTESIAN_POINT('',(-2.5,-7.5,0.));
#1587 = VECTOR('',#1588,1.);
#1588 = DIRECTION('',(0.,1.,0.));
#1589 = ORIENTED_EDGE('',*,*,#1590,.F.);
#1590 = EDGE_CURVE('',#1591,#1583,#1593,.T.);
#1591 = VERTEX_POINT('',#1592);
#1592 = CARTESIAN_POINT('',(-2.5,-7.3,8.));
#1593 = LINE('',#1594,#1595);
#1594 = CARTESIAN_POINT('',(-2.5,-7.3,8.));
#1595 = VECTOR('',#1596,1.);
#1596 = DIRECTION('',(-0.,-0.,-1.));
#1597 = ORIENTED_EDGE('',*,*,#1598,.F.);
#1598 = EDGE_CURVE('',#1560,#1591,#1599,.T.);
#1599 = LINE('',#1600,#1601);
#1600 = CARTESIAN_POINT('',(-2.5,-7.5,8.));
#1601 = VECTOR('',#1602,1.);
#1602 = DIRECTION('',(0.,1.,0.));
#1603 = ORIENTED_EDGE('',*,*,#1559,.T.);
#1604 = PLANE('',#1605);
#1605 = AXIS2_PLACEMENT_3D('',#1606,#1607,#1608);
#1606 = CARTESIAN_POINT('',(-2.5,-7.5,8.));
#1607 = DIRECTION('',(-1.,0.,0.));
#1608 = DIRECTION('',(0.,0.,1.));
#1609 = ADVANCED_FACE('',(#1610),#1635,.F.);
#1610 = FACE_BOUND('',#1611,.T.);
#1611 = EDGE_LOOP('',(#1612,#1620,#1628,#1634));
#1612 = ORIENTED_EDGE('',*,*,#1613,.T.);
#1613 = EDGE_CURVE('',#1583,#1614,#1616,.T.);
#1614 = VERTEX_POINT('',#1615);
#1615 = CARTESIAN_POINT('',(2.5,-7.3,0.));
#1616 = LINE('',#1617,#1618);
#1617 = CARTESIAN_POINT('',(-2.5,-7.3,0.));
#1618 = VECTOR('',#1619,1.);
#1619 = DIRECTION('',(1.,1.7E-16,0.));
#1620 = ORIENTED_EDGE('',*,*,#1621,.F.);
#1621 = EDGE_CURVE('',#1622,#1614,#1624,.T.);
#1622 = VERTEX_POINT('',#1623);
#1623 = CARTESIAN_POINT('',(2.5,-7.3,8.));
#1624 = LINE('',#1625,#1626);
#1625 = CARTESIAN_POINT('',(2.5,-7.3,8.));
#1626 = VECTOR('',#1627,1.);
#1627 = DIRECTION('',(-0.,-0.,-1.));
#1628 = ORIENTED_EDGE('',*,*,#1629,.F.);
#1629 = EDGE_CURVE('',#1591,#1622,#1630,.T.);
#1630 = LINE('',#1631,#1632);
#1631 = CARTESIAN_POINT('',(-2.5,-7.3,8.));
#1632 = VECTOR('',#1633,1.);
#1633 = DIRECTION('',(1.,1.7E-16,0.));
#1634 = ORIENTED_EDGE('',*,*,#1590,.T.);
#1635 = PLANE('',#1636);
#1636 = AXIS2_PLACEMENT_3D('',#1637,#1638,#1639);
#1637 = CARTESIAN_POINT('',(-2.5,-7.3,8.));
#1638 = DIRECTION('',(-1.7E-16,1.,0.));
#1639 = DIRECTION('',(-1.,-1.7E-16,0.));
#1640 = ADVANCED_FACE('',(#1641),#1666,.F.);
#1641 = FACE_BOUND('',#1642,.T.);
#1642 = EDGE_LOOP('',(#1643,#1651,#1659,#1665));
#1643 = ORIENTED_EDGE('',*,*,#1644,.T.);
#1644 = EDGE_CURVE('',#1614,#1645,#1647,.T.);
#1645 = VERTEX_POINT('',#1646);
#1646 = CARTESIAN_POINT('',(2.5,-7.5,0.));
#1647 = LINE('',#1648,#1649);
#1648 = CARTESIAN_POINT('',(2.5,-7.3,0.));
#1649 = VECTOR('',#1650,1.);
#1650 = DIRECTION('',(0.,-1.,0.));
#1651 = ORIENTED_EDGE('',*,*,#1652,.F.);
#1652 = EDGE_CURVE('',#1653,#1645,#1655,.T.);
#1653 = VERTEX_POINT('',#1654);
#1654 = CARTESIAN_POINT('',(2.5,-7.5,8.));
#1655 = LINE('',#1656,#1657);
#1656 = CARTESIAN_POINT('',(2.5,-7.5,8.));
#1657 = VECTOR('',#1658,1.);
#1658 = DIRECTION('',(-0.,-0.,-1.));
#1659 = ORIENTED_EDGE('',*,*,#1660,.F.);
#1660 = EDGE_CURVE('',#1622,#1653,#1661,.T.);
#1661 = LINE('',#1662,#1663);
#1662 = CARTESIAN_POINT('',(2.5,-7.3,8.));
#1663 = VECTOR('',#1664,1.);
#1664 = DIRECTION('',(0.,-1.,0.));
#1665 = ORIENTED_EDGE('',*,*,#1621,.T.);
#1666 = PLANE('',#1667);
#1667 = AXIS2_PLACEMENT_3D('',#1668,#1669,#1670);
#1668 = CARTESIAN_POINT('',(2.5,-7.3,8.));
#1669 = DIRECTION('',(1.,0.,-0.));
#1670 = DIRECTION('',(-0.,0.,-1.));
#1671 = ADVANCED_FACE('',(#1672),#1697,.F.);
#1672 = FACE_BOUND('',#1673,.T.);
#1673 = EDGE_LOOP('',(#1674,#1682,#1690,#1696));
#1674 = ORIENTED_EDGE('',*,*,#1675,.T.);
#1675 = EDGE_CURVE('',#1645,#1676,#1678,.T.);
#1676 = VERTEX_POINT('',#1677);
#1677 = CARTESIAN_POINT('',(6.5,-7.5,0.));
#1678 = LINE('',#1679,#1680);
#1679 = CARTESIAN_POINT('',(2.5,-7.5,0.));
#1680 = VECTOR('',#1681,1.);
#1681 = DIRECTION('',(1.,2.2E-16,0.));
#1682 = ORIENTED_EDGE('',*,*,#1683,.F.);
#1683 = EDGE_CURVE('',#1684,#1676,#1686,.T.);
#1684 = VERTEX_POINT('',#1685);
#1685 = CARTESIAN_POINT('',(6.5,-7.5,8.));
#1686 = LINE('',#1687,#1688);
#1687 = CARTESIAN_POINT('',(6.5,-7.5,8.));
#1688 = VECTOR('',#1689,1.);
#1689 = DIRECTION('',(-0.,-0.,-1.));
#1690 = ORIENTED_EDGE('',*,*,#1691,.F.);
#1691 = EDGE_CURVE('',#1653,#1684,#1692,.T.);
#1692 = LINE('',#1693,#1694);
#1693 = CARTESIAN_POINT('',(2.5,-7.5,8.));
#1694 = VECTOR('',#1695,1.);
#1695 = DIRECTION('',(1.,2.2E-16,0.));
#1696 = ORIENTED_EDGE('',*,*,#1652,.T.);
#1697 = PLANE('',#1698);
#1698 = AXIS2_PLACEMENT_3D('',#1699,#1700,#1701);
#1699 = CARTESIAN_POINT('',(2.5,-7.5,8.));
#1700 = DIRECTION('',(-2.2E-16,1.,0.));
#1701 = DIRECTION('',(-1.,-2.2E-16,0.));
#1702 = ADVANCED_FACE('',(#1703),#1728,.F.);
#1703 = FACE_BOUND('',#1704,.T.);
#1704 = EDGE_LOOP('',(#1705,#1713,#1721,#1727));
#1705 = ORIENTED_EDGE('',*,*,#1706,.T.);
#1706 = EDGE_CURVE('',#1676,#1707,#1709,.T.);
#1707 = VERTEX_POINT('',#1708);
#1708 = CARTESIAN_POINT('',(6.5,7.5,0.));
#1709 = LINE('',#1710,#1711);
#1710 = CARTESIAN_POINT('',(6.5,-7.5,0.));
#1711 = VECTOR('',#1712,1.);
#1712 = DIRECTION('',(-6.E-17,1.,0.));
#1713 = ORIENTED_EDGE('',*,*,#1714,.F.);
#1714 = EDGE_CURVE('',#1715,#1707,#1717,.T.);
#1715 = VERTEX_POINT('',#1716);
#1716 = CARTESIAN_POINT('',(6.5,7.5,8.));
#1717 = LINE('',#1718,#1719);
#1718 = CARTESIAN_POINT('',(6.5,7.5,8.));
#1719 = VECTOR('',#1720,1.);
#1720 = DIRECTION('',(-0.,-0.,-1.));
#1721 = ORIENTED_EDGE('',*,*,#1722,.F.);
#1722 = EDGE_CURVE('',#1684,#1715,#1723,.T.);
#1723 = LINE('',#1724,#1725);
#1724 = CARTESIAN_POINT('',(6.5,-7.5,8.));
#1725 = VECTOR('',#1726,1.);
#1726 = DIRECTION('',(-6.E-17,1.,0.));
#1727 = ORIENTED_EDGE('',*,*,#1683,.T.);
#1728 = PLANE('',#1729);
#1729 = AXIS2_PLACEMENT_3D('',#1730,#1731,#1732);
#1730 = CARTESIAN_POINT('',(6.5,-7.5,8.));
#1731 = DIRECTION('',(-1.,-6.E-17,0.));
#1732 = DIRECTION('',(6.E-17,-1.,0.));
#1733 = ADVANCED_FACE('',(#1734),#1759,.F.);
#1734 = FACE_BOUND('',#1735,.T.);
#1735 = EDGE_LOOP('',(#1736,#1744,#1752,#1758));
#1736 = ORIENTED_EDGE('',*,*,#1737,.T.);
#1737 = EDGE_CURVE('',#1707,#1738,#1740,.T.);
#1738 = VERTEX_POINT('',#1739);
#1739 = CARTESIAN_POINT('',(4.5,7.5,0.));
#1740 = LINE('',#1741,#1742);
#1741 = CARTESIAN_POINT('',(6.5,7.5,0.));
#1742 = VECTOR('',#1743,1.);
#1743 = DIRECTION('',(-1.,0.,0.));
#1744 = ORIENTED_EDGE('',*,*,#1745,.F.);
#1745 = EDGE_CURVE('',#1746,#1738,#1748,.T.);
#1746 = VERTEX_POINT('',#1747);
#1747 = CARTESIAN_POINT('',(4.5,7.5,8.));
#1748 = LINE('',#1749,#1750);
#1749 = CARTESIAN_POINT('',(4.5,7.5,8.));
#1750 = VECTOR('',#1751,1.);
#1751 = DIRECTION('',(-0.,-0.,-1.));
#1752 = ORIENTED_EDGE('',*,*,#1753,.F.);
#1753 = EDGE_CURVE('',#1715,#1746,#1754,.T.);
#1754 = LINE('',#1755,#1756);
#1755 = CARTESIAN_POINT('',(6.5,7.5,8.));
#1756 = VECTOR('',#1757,1.);
#1757 = DIRECTION('',(-1.,0.,0.));
#1758 = ORIENTED_EDGE('',*,*,#1714,.T.);
#1759 = PLANE('',#1760);
#1760 = AXIS2_PLACEMENT_3D('',#1761,#1762,#1763);
#1761 = CARTESIAN_POINT('',(6.5,7.5,8.));
#1762 = DIRECTION('',(0.,-1.,0.));
#1763 = DIRECTION('',(0.,-0.,-1.));
#1764 = ADVANCED_FACE('',(#1765,#1775),#1800,.F.);
#1765 = FACE_BOUND('',#1766,.T.);
#1766 = EDGE_LOOP('',(#1767,#1774));
#1767 = ORIENTED_EDGE('',*,*,#1768,.F.);
#1768 = EDGE_CURVE('',#1229,#1237,#1769,.T.);
#1769 = CIRCLE('',#1770,2.15);
#1770 = AXIS2_PLACEMENT_3D('',#1771,#1772,#1773);
#1771 = CARTESIAN_POINT('',(4.5,12.,4.));
#1772 = DIRECTION('',(1.,-0.,0.));
#1773 = DIRECTION('',(0.,0.,-1.));
#1774 = ORIENTED_EDGE('',*,*,#1236,.F.);
#1775 = FACE_BOUND('',#1776,.T.);
#1776 = EDGE_LOOP('',(#1777,#1785,#1793,#1799));
#1777 = ORIENTED_EDGE('',*,*,#1778,.T.);
#1778 = EDGE_CURVE('',#1738,#1779,#1781,.T.);
#1779 = VERTEX_POINT('',#1780);
#1780 = CARTESIAN_POINT('',(4.5,16.,0.));
#1781 = LINE('',#1782,#1783);
#1782 = CARTESIAN_POINT('',(4.5,7.5,0.));
#1783 = VECTOR('',#1784,1.);
#1784 = DIRECTION('',(0.,1.,0.));
#1785 = ORIENTED_EDGE('',*,*,#1786,.F.);
#1786 = EDGE_CURVE('',#1787,#1779,#1789,.T.);
#1787 = VERTEX_POINT('',#1788);
#1788 = CARTESIAN_POINT('',(4.5,16.,8.));
#1789 = LINE('',#1790,#1791);
#1790 = CARTESIAN_POINT('',(4.5,16.,8.));
#1791 = VECTOR('',#1792,1.);
#1792 = DIRECTION('',(-0.,-0.,-1.));
#1793 = ORIENTED_EDGE('',*,*,#1794,.F.);
#1794 = EDGE_CURVE('',#1746,#1787,#1795,.T.);
#1795 = LINE('',#1796,#1797);
#1796 = CARTESIAN_POINT('',(4.5,7.5,8.));
#1797 = VECTOR('',#1798,1.);
#1798 = DIRECTION('',(0.,1.,0.));
#1799 = ORIENTED_EDGE('',*,*,#1745,.T.);
#1800 = PLANE('',#1801);
#1801 = AXIS2_PLACEMENT_3D('',#1802,#1803,#1804);
#1802 = CARTESIAN_POINT('',(4.5,7.5,8.));
#1803 = DIRECTION('',(-1.,0.,0.));
#1804 = DIRECTION('',(0.,0.,1.));
#1805 = ADVANCED_FACE('',(#1806),#1831,.F.);
#1806 = FACE_BOUND('',#1807,.T.);
#1807 = EDGE_LOOP('',(#1808,#1816,#1824,#1830));
#1808 = ORIENTED_EDGE('',*,*,#1809,.T.);
#1809 = EDGE_CURVE('',#1779,#1810,#1812,.T.);
#1810 = VERTEX_POINT('',#1811);
#1811 = CARTESIAN_POINT('',(0.5,16.,0.));
#1812 = LINE('',#1813,#1814);
#1813 = CARTESIAN_POINT('',(4.5,16.,0.));
#1814 = VECTOR('',#1815,1.);
#1815 = DIRECTION('',(-1.,0.,0.));
#1816 = ORIENTED_EDGE('',*,*,#1817,.F.);
#1817 = EDGE_CURVE('',#1818,#1810,#1820,.T.);
#1818 = VERTEX_POINT('',#1819);
#1819 = CARTESIAN_POINT('',(0.5,16.,8.));
#1820 = LINE('',#1821,#1822);
#1821 = CARTESIAN_POINT('',(0.5,16.,8.));
#1822 = VECTOR('',#1823,1.);
#1823 = DIRECTION('',(-0.,-0.,-1.));
#1824 = ORIENTED_EDGE('',*,*,#1825,.F.);
#1825 = EDGE_CURVE('',#1787,#1818,#1826,.T.);
#1826 = LINE('',#1827,#1828);
#1827 = CARTESIAN_POINT('',(4.5,16.,8.));
#1828 = VECTOR('',#1829,1.);
#1829 = DIRECTION('',(-1.,0.,0.));
#1830 = ORIENTED_EDGE('',*,*,#1786,.T.);
#1831 = PLANE('',#1832);
#1832 = AXIS2_PLACEMENT_3D('',#1833,#1834,#1835);
#1833 = CARTESIAN_POINT('',(4.5,16.,8.));
#1834 = DIRECTION('',(0.,-1.,0.));
#1835 = DIRECTION('',(0.,-0.,-1.));
#1836 = ADVANCED_FACE('',(#1837,#1847),#1863,.F.);
#1837 = FACE_BOUND('',#1838,.T.);
#1838 = EDGE_LOOP('',(#1839,#1846));
#1839 = ORIENTED_EDGE('',*,*,#1840,.T.);
#1840 = EDGE_CURVE('',#1227,#1246,#1841,.T.);
#1841 = CIRCLE('',#1842,2.15);
#1842 = AXIS2_PLACEMENT_3D('',#1843,#1844,#1845);
#1843 = CARTESIAN_POINT('',(0.5,12.,4.));
#1844 = DIRECTION('',(1.,3.2E-16,-0.));
#1845 = DIRECTION('',(-3.2E-16,1.,0.));
#1846 = ORIENTED_EDGE('',*,*,#1253,.T.);
#1847 = FACE_BOUND('',#1848,.T.);
#1848 = EDGE_LOOP('',(#1849,#1855,#1856,#1862));
#1849 = ORIENTED_EDGE('',*,*,#1850,.T.);
#1850 = EDGE_CURVE('',#1810,#1344,#1851,.T.);
#1851 = LINE('',#1852,#1853);
#1852 = CARTESIAN_POINT('',(0.5,16.,0.));
#1853 = VECTOR('',#1854,1.);
#1854 = DIRECTION('',(3.2E-16,-1.,0.));
#1855 = ORIENTED_EDGE('',*,*,#1352,.F.);
#1856 = ORIENTED_EDGE('',*,*,#1857,.F.);
#1857 = EDGE_CURVE('',#1818,#1353,#1858,.T.);
#1858 = LINE('',#1859,#1860);
#1859 = CARTESIAN_POINT('',(0.5,16.,8.));
#1860 = VECTOR('',#1861,1.);
#1861 = DIRECTION('',(3.2E-16,-1.,0.));
#1862 = ORIENTED_EDGE('',*,*,#1817,.T.);
#1863 = PLANE('',#1864);
#1864 = AXIS2_PLACEMENT_3D('',#1865,#1866,#1867);
#1865 = CARTESIAN_POINT('',(0.5,16.,8.));
#1866 = DIRECTION('',(1.,3.2E-16,-0.));
#1867 = DIRECTION('',(-3.2E-16,1.,0.));
#1868 = ADVANCED_FACE('',(#1869),#1889,.F.);
#1869 = FACE_BOUND('',#1870,.T.);
#1870 = EDGE_LOOP('',(#1871,#1872,#1873,#1874,#1875,#1876,#1877,#1878,
    #1879,#1880,#1881,#1882,#1883,#1884,#1885,#1886,#1887,#1888));
#1871 = ORIENTED_EDGE('',*,*,#1360,.T.);
#1872 = ORIENTED_EDGE('',*,*,#1295,.T.);
#1873 = ORIENTED_EDGE('',*,*,#1328,.T.);
#1874 = ORIENTED_EDGE('',*,*,#1402,.T.);
#1875 = ORIENTED_EDGE('',*,*,#1433,.T.);
#1876 = ORIENTED_EDGE('',*,*,#1474,.T.);
#1877 = ORIENTED_EDGE('',*,*,#1505,.T.);
#1878 = ORIENTED_EDGE('',*,*,#1536,.T.);
#1879 = ORIENTED_EDGE('',*,*,#1567,.T.);
#1880 = ORIENTED_EDGE('',*,*,#1598,.T.);
#1881 = ORIENTED_EDGE('',*,*,#1629,.T.);
#1882 = ORIENTED_EDGE('',*,*,#1660,.T.);
#1883 = ORIENTED_EDGE('',*,*,#1691,.T.);
#1884 = ORIENTED_EDGE('',*,*,#1722,.T.);
#1885 = ORIENTED_EDGE('',*,*,#1753,.T.);
#1886 = ORIENTED_EDGE('',*,*,#1794,.T.);
#1887 = ORIENTED_EDGE('',*,*,#1825,.T.);
#1888 = ORIENTED_EDGE('',*,*,#1857,.T.);
#1889 = PLANE('',#1890);
#1890 = AXIS2_PLACEMENT_3D('',#1891,#1892,#1893);
#1891 = CARTESIAN_POINT('',(0.,0.,8.));
#1892 = DIRECTION('',(-0.,0.,-1.));
#1893 = DIRECTION('',(-1.,0.,0.));
#1894 = ADVANCED_FACE('',(#1895),#1915,.T.);
#1895 = FACE_BOUND('',#1896,.T.);
#1896 = EDGE_LOOP('',(#1897,#1898,#1899,#1900,#1901,#1902,#1903,#1904,
    #1905,#1906,#1907,#1908,#1909,#1910,#1911,#1912,#1913,#1914));
#1897 = ORIENTED_EDGE('',*,*,#1343,.F.);
#1898 = ORIENTED_EDGE('',*,*,#1850,.F.);
#1899 = ORIENTED_EDGE('',*,*,#1809,.F.);
#1900 = ORIENTED_EDGE('',*,*,#1778,.F.);
#1901 = ORIENTED_EDGE('',*,*,#1737,.F.);
#1902 = ORIENTED_EDGE('',*,*,#1706,.F.);
#1903 = ORIENTED_EDGE('',*,*,#1675,.F.);
#1904 = ORIENTED_EDGE('',*,*,#1644,.F.);
#1905 = ORIENTED_EDGE('',*,*,#1613,.F.);
#1906 = ORIENTED_EDGE('',*,*,#1582,.F.);
#1907 = ORIENTED_EDGE('',*,*,#1551,.F.);
#1908 = ORIENTED_EDGE('',*,*,#1520,.F.);
#1909 = ORIENTED_EDGE('',*,*,#1489,.F.);
#1910 = ORIENTED_EDGE('',*,*,#1458,.F.);
#1911 = ORIENTED_EDGE('',*,*,#1417,.F.);
#1912 = ORIENTED_EDGE('',*,*,#1386,.F.);
#1913 = ORIENTED_EDGE('',*,*,#1320,.F.);
#1914 = ORIENTED_EDGE('',*,*,#1278,.F.);
#1915 = PLANE('',#1916);
#1916 = AXIS2_PLACEMENT_3D('',#1917,#1918,#1919);
#1917 = CARTESIAN_POINT('',(0.,0.,0.));
#1918 = DIRECTION('',(-0.,0.,-1.));
#1919 = DIRECTION('',(-1.,0.,0.));
#1920 = ADVANCED_FACE('',(#1921),#1927,.F.);
#1921 = FACE_BOUND('',#1922,.F.);
#1922 = EDGE_LOOP('',(#1923,#1924,#1925,#1926));
#1923 = ORIENTED_EDGE('',*,*,#1768,.F.);
#1924 = ORIENTED_EDGE('',*,*,#1226,.F.);
#1925 = ORIENTED_EDGE('',*,*,#1840,.T.);
#1926 = ORIENTED_EDGE('',*,*,#1245,.T.);
#1927 = CYLINDRICAL_SURFACE('',#1928,2.15);
#1928 = AXIS2_PLACEMENT_3D('',#1929,#1930,#1931);
#1929 = CARTESIAN_POINT('',(4.5,12.,4.));
#1930 = DIRECTION('',(1.,-0.,-0.));
#1931 = DIRECTION('',(0.,0.,-1.));
#1932 = ADVANCED_FACE('',(#1933),#1939,.F.);
#1933 = FACE_BOUND('',#1934,.F.);
#1934 = EDGE_LOOP('',(#1935,#1936,#1937,#1938));
#1935 = ORIENTED_EDGE('',*,*,#1377,.T.);
#1936 = ORIENTED_EDGE('',*,*,#1184,.F.);
#1937 = ORIENTED_EDGE('',*,*,#1448,.T.);
#1938 = ORIENTED_EDGE('',*,*,#1203,.T.);
#1939 = CYLINDRICAL_SURFACE('',#1940,2.15);
#1940 = AXIS2_PLACEMENT_3D('',#1941,#1942,#1943);
#1941 = CARTESIAN_POINT('',(4.5,12.,4.));
#1942 = DIRECTION('',(1.,-0.,-0.));
#1943 = DIRECTION('',(0.,0.,-1.));
#1944 = ( GEOMETRIC_REPRESENTATION_CONTEXT(3) 
GLOBAL_UNCERTAINTY_ASSIGNED_CONTEXT((#1948)) 
GLOBAL_UNIT_ASSIGNED_CONTEXT((#1945,#1946,#1947)) REPRESENTATION_CONTEXT
('Context #1','3D Context with UNIT and UNCERTAINTY') );
#1945 = ( LENGTH_UNIT() NAMED_UNIT(*) SI_UNIT(.MILLI.,.METRE.) );
#1946 = ( NAMED_UNIT(*) PLANE_ANGLE_UNIT() SI_UNIT($,.RADIAN.) );
#1947 = ( NAMED_UNIT(*) SI_UNIT($,.STERADIAN.) SOLID_ANGLE_UNIT() );
#1948 = UNCERTAINTY_MEASURE_WITH_UNIT(LENGTH_MEASURE(1.E-07),#1945,
  'distance_accuracy_value','confusion accuracy');
#1949 = CONTEXT_DEPENDENT_SHAPE_REPRESENTATION(#1950,#1952);
#1950 = ( REPRESENTATION_RELATIONSHIP('','',#1177,#10) 
REPRESENTATION_RELATIONSHIP_WITH_TRANSFORMATION(#1951) 
SHAPE_REPRESENTATION_RELATIONSHIP() );
#1951 = ITEM_DEFINED_TRANSFORMATION('','',#11,#19);
#1952 = PRODUCT_DEFINITION_SHAPE('Placement','Placement of an item',
  #1953);
#1953 = NEXT_ASSEMBLY_USAGE_OCCURRENCE('2','WedgeHolder','',#5,#1172,$);
#1954 = PRODUCT_RELATED_PRODUCT_CATEGORY('part',$,(#1174));
#1955 = SHAPE_DEFINITION_REPRESENTATION(#1956,#1962);
#1956 = PRODUCT_DEFINITION_SHAPE('','',#1957);
#1957 = PRODUCT_DEFINITION('design','',#1958,#1961);
#1958 = PRODUCT_DEFINITION_FORMATION('','',#1959);
#1959 = PRODUCT(
  'socket head cap screw_am_B18.3.1M - 4 x 0.7 x 12 Hex SHCS -- 12NHX',
  'socket head cap screw_am_B18.3.1M - 4 x 0.7 x 12 Hex SHCS -- 12NHX',
  '',(#1960));
#1960 = PRODUCT_CONTEXT('',#2,'mechanical');
#1961 = PRODUCT_DEFINITION_CONTEXT('part definition',#2,'design');
#1962 = ADVANCED_BREP_SHAPE_REPRESENTATION('',(#11,#1963),#2665);
#1963 = MANIFOLD_SOLID_BREP('',#1964);
#1964 = CLOSED_SHELL('',(#1965,#2016,#2060,#2102,#2134,#2172,#2204,#2270
    ,#2286,#2304,#2316,#2342,#2360,#2372,#2384,#2423,#2453,#2483,#2513,
    #2543,#2568,#2579,#2590,#2601,#2618,#2635,#2652));
#1965 = ADVANCED_FACE('',(#1966),#2011,.F.);
#1966 = FACE_BOUND('',#1967,.F.);
#1967 = EDGE_LOOP('',(#1968,#1979,#1988,#1997,#2005));
#1968 = ORIENTED_EDGE('',*,*,#1969,.F.);
#1969 = EDGE_CURVE('',#1970,#1972,#1974,.T.);
#1970 = VERTEX_POINT('',#1971);
#1971 = CARTESIAN_POINT('',(2.,-1.329782007511,0.76775));
#1972 = VERTEX_POINT('',#1973);
#1973 = CARTESIAN_POINT('',(2.,2.E-15,1.5355));
#1974 = CIRCLE('',#1975,1.5355);
#1975 = AXIS2_PLACEMENT_3D('',#1976,#1977,#1978);
#1976 = CARTESIAN_POINT('',(2.,0.,0.));
#1977 = DIRECTION('',(-1.,0.,-0.));
#1978 = DIRECTION('',(-0.,0.,1.));
#1979 = ORIENTED_EDGE('',*,*,#1980,.F.);
#1980 = EDGE_CURVE('',#1981,#1970,#1983,.T.);
#1981 = VERTEX_POINT('',#1982);
#1982 = CARTESIAN_POINT('',(2.,-1.329782007511,-0.76775));
#1983 = CIRCLE('',#1984,1.5355);
#1984 = AXIS2_PLACEMENT_3D('',#1985,#1986,#1987);
#1985 = CARTESIAN_POINT('',(2.,0.,0.));
#1986 = DIRECTION('',(-1.,0.,-0.));
#1987 = DIRECTION('',(-0.,0.,1.));
#1988 = ORIENTED_EDGE('',*,*,#1989,.F.);
#1989 = EDGE_CURVE('',#1990,#1981,#1992,.T.);
#1990 = VERTEX_POINT('',#1991);
#1991 = CARTESIAN_POINT('',(2.,-2.E-15,-1.5355));
#1992 = CIRCLE('',#1993,1.5355);
#1993 = AXIS2_PLACEMENT_3D('',#1994,#1995,#1996);
#1994 = CARTESIAN_POINT('',(2.,0.,0.));
#1995 = DIRECTION('',(-1.,0.,-0.));
#1996 = DIRECTION('',(-0.,0.,1.));
#1997 = ORIENTED_EDGE('',*,*,#1998,.F.);
#1998 = EDGE_CURVE('',#1999,#1990,#2001,.T.);
#1999 = VERTEX_POINT('',#2000);
#2000 = CARTESIAN_POINT('',(2.886521338341,0.,0.));
#2001 = LINE('',#2002,#2003);
#2002 = CARTESIAN_POINT('',(2.,1.9E-16,-1.5355));
#2003 = VECTOR('',#2004,1.);
#2004 = DIRECTION('',(-0.5,1.1E-16,-0.866025403784));
#2005 = ORIENTED_EDGE('',*,*,#2006,.T.);
#2006 = EDGE_CURVE('',#1999,#1972,#2007,.T.);
#2007 = LINE('',#2008,#2009);
#2008 = CARTESIAN_POINT('',(2.,0.,1.5355));
#2009 = VECTOR('',#2010,1.);
#2010 = DIRECTION('',(-0.5,0.,0.866025403784));
#2011 = CONICAL_SURFACE('',#2012,1.5355,1.047197551197);
#2012 = AXIS2_PLACEMENT_3D('',#2013,#2014,#2015);
#2013 = CARTESIAN_POINT('',(2.,0.,0.));
#2014 = DIRECTION('',(-1.,-0.,-0.));
#2015 = DIRECTION('',(-0.,0.,1.));
#2016 = ADVANCED_FACE('',(#2017),#2055,.F.);
#2017 = FACE_BOUND('',#2018,.F.);
#2018 = EDGE_LOOP('',(#2019,#2030,#2039,#2048));
#2019 = ORIENTED_EDGE('',*,*,#2020,.T.);
#2020 = EDGE_CURVE('',#2021,#2023,#2025,.T.);
#2021 = VERTEX_POINT('',#2022);
#2022 = CARTESIAN_POINT('',(4.2,0.,-2.));
#2023 = VERTEX_POINT('',#2024);
#2024 = CARTESIAN_POINT('',(4.,0.,-2.2));
#2025 = CIRCLE('',#2026,0.2);
#2026 = AXIS2_PLACEMENT_3D('',#2027,#2028,#2029);
#2027 = CARTESIAN_POINT('',(4.2,0.,-2.2));
#2028 = DIRECTION('',(0.,-1.,0.));
#2029 = DIRECTION('',(0.,0.,-1.));
#2030 = ORIENTED_EDGE('',*,*,#2031,.T.);
#2031 = EDGE_CURVE('',#2023,#2032,#2034,.T.);
#2032 = VERTEX_POINT('',#2033);
#2033 = CARTESIAN_POINT('',(4.,0.,2.2));
#2034 = CIRCLE('',#2035,2.2);
#2035 = AXIS2_PLACEMENT_3D('',#2036,#2037,#2038);
#2036 = CARTESIAN_POINT('',(4.,0.,0.));
#2037 = DIRECTION('',(-1.,-0.,-0.));
#2038 = DIRECTION('',(0.,0.,-1.));
#2039 = ORIENTED_EDGE('',*,*,#2040,.F.);
#2040 = EDGE_CURVE('',#2041,#2032,#2043,.T.);
#2041 = VERTEX_POINT('',#2042);
#2042 = CARTESIAN_POINT('',(4.2,0.,2.));
#2043 = CIRCLE('',#2044,0.2);
#2044 = AXIS2_PLACEMENT_3D('',#2045,#2046,#2047);
#2045 = CARTESIAN_POINT('',(4.2,2.7E-16,2.2));
#2046 = DIRECTION('',(0.,1.,-1.2E-16));
#2047 = DIRECTION('',(0.,1.2E-16,1.));
#2048 = ORIENTED_EDGE('',*,*,#2049,.T.);
#2049 = EDGE_CURVE('',#2041,#2021,#2050,.T.);
#2050 = CIRCLE('',#2051,2.);
#2051 = AXIS2_PLACEMENT_3D('',#2052,#2053,#2054);
#2052 = CARTESIAN_POINT('',(4.2,0.,0.));
#2053 = DIRECTION('',(1.,0.,0.));
#2054 = DIRECTION('',(0.,0.,-1.));
#2055 = TOROIDAL_SURFACE('',#2056,2.2,0.2);
#2056 = AXIS2_PLACEMENT_3D('',#2057,#2058,#2059);
#2057 = CARTESIAN_POINT('',(4.2,0.,0.));
#2058 = DIRECTION('',(1.,0.,0.));
#2059 = DIRECTION('',(0.,0.,-1.));
#2060 = ADVANCED_FACE('',(#2061),#2097,.T.);
#2061 = FACE_BOUND('',#2062,.T.);
#2062 = EDGE_LOOP('',(#2063,#2074,#2082,#2091));
#2063 = ORIENTED_EDGE('',*,*,#2064,.F.);
#2064 = EDGE_CURVE('',#2065,#2067,#2069,.T.);
#2065 = VERTEX_POINT('',#2066);
#2066 = CARTESIAN_POINT('',(0.,0.,3.1));
#2067 = VERTEX_POINT('',#2068);
#2068 = CARTESIAN_POINT('',(0.,0.,-3.1));
#2069 = CIRCLE('',#2070,3.1);
#2070 = AXIS2_PLACEMENT_3D('',#2071,#2072,#2073);
#2071 = CARTESIAN_POINT('',(0.,0.,0.));
#2072 = DIRECTION('',(-1.,0.,-0.));
#2073 = DIRECTION('',(-0.,0.,1.));
#2074 = ORIENTED_EDGE('',*,*,#2075,.T.);
#2075 = EDGE_CURVE('',#2065,#2076,#2078,.T.);
#2076 = VERTEX_POINT('',#2077);
#2077 = CARTESIAN_POINT('',(0.4,0.,3.5));
#2078 = LINE('',#2079,#2080);
#2079 = CARTESIAN_POINT('',(0.,3.8E-16,3.1));
#2080 = VECTOR('',#2081,1.);
#2081 = DIRECTION('',(0.707106781187,9.E-17,0.707106781187));
#2082 = ORIENTED_EDGE('',*,*,#2083,.T.);
#2083 = EDGE_CURVE('',#2076,#2084,#2086,.T.);
#2084 = VERTEX_POINT('',#2085);
#2085 = CARTESIAN_POINT('',(0.4,0.,-3.5));
#2086 = CIRCLE('',#2087,3.5);
#2087 = AXIS2_PLACEMENT_3D('',#2088,#2089,#2090);
#2088 = CARTESIAN_POINT('',(0.4,0.,0.));
#2089 = DIRECTION('',(-1.,0.,-0.));
#2090 = DIRECTION('',(-0.,0.,1.));
#2091 = ORIENTED_EDGE('',*,*,#2092,.F.);
#2092 = EDGE_CURVE('',#2067,#2084,#2093,.T.);
#2093 = LINE('',#2094,#2095);
#2094 = CARTESIAN_POINT('',(0.,0.,-3.1));
#2095 = VECTOR('',#2096,1.);
#2096 = DIRECTION('',(0.707106781187,0.,-0.707106781187));
#2097 = CONICAL_SURFACE('',#2098,3.1,0.785398163397);
#2098 = AXIS2_PLACEMENT_3D('',#2099,#2100,#2101);
#2099 = CARTESIAN_POINT('',(0.,0.,0.));
#2100 = DIRECTION('',(1.,0.,0.));
#2101 = DIRECTION('',(0.,0.,-1.));
#2102 = ADVANCED_FACE('',(#2103),#2129,.T.);
#2103 = FACE_BOUND('',#2104,.T.);
#2104 = EDGE_LOOP('',(#2105,#2116,#2122,#2123));
#2105 = ORIENTED_EDGE('',*,*,#2106,.T.);
#2106 = EDGE_CURVE('',#2107,#2109,#2111,.T.);
#2107 = VERTEX_POINT('',#2108);
#2108 = CARTESIAN_POINT('',(4.,0.,3.5));
#2109 = VERTEX_POINT('',#2110);
#2110 = CARTESIAN_POINT('',(4.,0.,-3.5));
#2111 = CIRCLE('',#2112,3.5);
#2112 = AXIS2_PLACEMENT_3D('',#2113,#2114,#2115);
#2113 = CARTESIAN_POINT('',(4.,0.,0.));
#2114 = DIRECTION('',(-1.,0.,-0.));
#2115 = DIRECTION('',(-0.,0.,1.));
#2116 = ORIENTED_EDGE('',*,*,#2117,.T.);
#2117 = EDGE_CURVE('',#2109,#2084,#2118,.T.);
#2118 = LINE('',#2119,#2120);
#2119 = CARTESIAN_POINT('',(-31.75,4.3E-16,-3.5));
#2120 = VECTOR('',#2121,1.);
#2121 = DIRECTION('',(-1.,-0.,-0.));
#2122 = ORIENTED_EDGE('',*,*,#2083,.F.);
#2123 = ORIENTED_EDGE('',*,*,#2124,.F.);
#2124 = EDGE_CURVE('',#2107,#2076,#2125,.T.);
#2125 = LINE('',#2126,#2127);
#2126 = CARTESIAN_POINT('',(-31.75,0.,3.5));
#2127 = VECTOR('',#2128,1.);
#2128 = DIRECTION('',(-1.,-0.,-0.));
#2129 = CYLINDRICAL_SURFACE('',#2130,3.5);
#2130 = AXIS2_PLACEMENT_3D('',#2131,#2132,#2133);
#2131 = CARTESIAN_POINT('',(-31.75,0.,0.));
#2132 = DIRECTION('',(-1.,-0.,-0.));
#2133 = DIRECTION('',(-0.,0.,1.));
#2134 = ADVANCED_FACE('',(#2135),#2167,.T.);
#2135 = FACE_BOUND('',#2136,.T.);
#2136 = EDGE_LOOP('',(#2137,#2148,#2154,#2161));
#2137 = ORIENTED_EDGE('',*,*,#2138,.T.);
#2138 = EDGE_CURVE('',#2139,#2141,#2143,.T.);
#2139 = VERTEX_POINT('',#2140);
#2140 = CARTESIAN_POINT('',(15.61,0.,2.));
#2141 = VERTEX_POINT('',#2142);
#2142 = CARTESIAN_POINT('',(15.61,0.,-2.));
#2143 = CIRCLE('',#2144,2.);
#2144 = AXIS2_PLACEMENT_3D('',#2145,#2146,#2147);
#2145 = CARTESIAN_POINT('',(15.61,0.,0.));
#2146 = DIRECTION('',(-1.,0.,-0.));
#2147 = DIRECTION('',(-0.,0.,1.));
#2148 = ORIENTED_EDGE('',*,*,#2149,.T.);
#2149 = EDGE_CURVE('',#2141,#2021,#2150,.T.);
#2150 = LINE('',#2151,#2152);
#2151 = CARTESIAN_POINT('',(-31.75,2.4E-16,-2.));
#2152 = VECTOR('',#2153,1.);
#2153 = DIRECTION('',(-1.,-0.,-0.));
#2154 = ORIENTED_EDGE('',*,*,#2155,.T.);
#2155 = EDGE_CURVE('',#2021,#2041,#2156,.T.);
#2156 = CIRCLE('',#2157,2.);
#2157 = AXIS2_PLACEMENT_3D('',#2158,#2159,#2160);
#2158 = CARTESIAN_POINT('',(4.2,0.,0.));
#2159 = DIRECTION('',(1.,0.,0.));
#2160 = DIRECTION('',(0.,0.,-1.));
#2161 = ORIENTED_EDGE('',*,*,#2162,.F.);
#2162 = EDGE_CURVE('',#2139,#2041,#2163,.T.);
#2163 = LINE('',#2164,#2165);
#2164 = CARTESIAN_POINT('',(-31.75,0.,2.));
#2165 = VECTOR('',#2166,1.);
#2166 = DIRECTION('',(-1.,-0.,-0.));
#2167 = CYLINDRICAL_SURFACE('',#2168,2.);
#2168 = AXIS2_PLACEMENT_3D('',#2169,#2170,#2171);
#2169 = CARTESIAN_POINT('',(-31.75,0.,0.));
#2170 = DIRECTION('',(-1.,-0.,-0.));
#2171 = DIRECTION('',(-0.,0.,1.));
#2172 = ADVANCED_FACE('',(#2173),#2199,.T.);
#2173 = FACE_BOUND('',#2174,.T.);
#2174 = EDGE_LOOP('',(#2175,#2186,#2192,#2193));
#2175 = ORIENTED_EDGE('',*,*,#2176,.T.);
#2176 = EDGE_CURVE('',#2177,#2179,#2181,.T.);
#2177 = VERTEX_POINT('',#2178);
#2178 = CARTESIAN_POINT('',(16.,0.,1.61));
#2179 = VERTEX_POINT('',#2180);
#2180 = CARTESIAN_POINT('',(16.,0.,-1.61));
#2181 = CIRCLE('',#2182,1.61);
#2182 = AXIS2_PLACEMENT_3D('',#2183,#2184,#2185);
#2183 = CARTESIAN_POINT('',(16.,0.,0.));
#2184 = DIRECTION('',(-1.,0.,-0.));
#2185 = DIRECTION('',(-0.,0.,1.));
#2186 = ORIENTED_EDGE('',*,*,#2187,.T.);
#2187 = EDGE_CURVE('',#2179,#2141,#2188,.T.);
#2188 = LINE('',#2189,#2190);
#2189 = CARTESIAN_POINT('',(16.,2.E-16,-1.61));
#2190 = VECTOR('',#2191,1.);
#2191 = DIRECTION('',(-0.707106781187,9.E-17,-0.707106781186));
#2192 = ORIENTED_EDGE('',*,*,#2138,.F.);
#2193 = ORIENTED_EDGE('',*,*,#2194,.F.);
#2194 = EDGE_CURVE('',#2177,#2139,#2195,.T.);
#2195 = LINE('',#2196,#2197);
#2196 = CARTESIAN_POINT('',(16.,0.,1.61));
#2197 = VECTOR('',#2198,1.);
#2198 = DIRECTION('',(-0.707106781187,0.,0.707106781186));
#2199 = CONICAL_SURFACE('',#2200,1.61,0.785398163397);
#2200 = AXIS2_PLACEMENT_3D('',#2201,#2202,#2203);
#2201 = CARTESIAN_POINT('',(16.,0.,0.));
#2202 = DIRECTION('',(-1.,-0.,-0.));
#2203 = DIRECTION('',(-0.,0.,1.));
#2204 = ADVANCED_FACE('',(#2205,#2255),#2265,.T.);
#2205 = FACE_BOUND('',#2206,.T.);
#2206 = EDGE_LOOP('',(#2207,#2217,#2225,#2233,#2241,#2249));
#2207 = ORIENTED_EDGE('',*,*,#2208,.T.);
#2208 = EDGE_CURVE('',#2209,#2211,#2213,.T.);
#2209 = VERTEX_POINT('',#2210);
#2210 = CARTESIAN_POINT('',(0.,1.773042676681,-6.E-15));
#2211 = VERTEX_POINT('',#2212);
#2212 = CARTESIAN_POINT('',(0.,0.886521338341,1.5355));
#2213 = LINE('',#2214,#2215);
#2214 = CARTESIAN_POINT('',(0.,1.773042676681,-5.64E-15));
#2215 = VECTOR('',#2216,1.);
#2216 = DIRECTION('',(0.,-0.5,0.866025403784));
#2217 = ORIENTED_EDGE('',*,*,#2218,.F.);
#2218 = EDGE_CURVE('',#2219,#2211,#2221,.T.);
#2219 = VERTEX_POINT('',#2220);
#2220 = CARTESIAN_POINT('',(0.,-0.886521338341,1.5355));
#2221 = LINE('',#2222,#2223);
#2222 = CARTESIAN_POINT('',(0.,-0.886521338341,1.5355));
#2223 = VECTOR('',#2224,1.);
#2224 = DIRECTION('',(0.,1.,-1.22E-15));
#2225 = ORIENTED_EDGE('',*,*,#2226,.T.);
#2226 = EDGE_CURVE('',#2219,#2227,#2229,.T.);
#2227 = VERTEX_POINT('',#2228);
#2228 = CARTESIAN_POINT('',(0.,-1.773042676681,-0.));
#2229 = LINE('',#2230,#2231);
#2230 = CARTESIAN_POINT('',(0.,-0.886521338341,1.5355));
#2231 = VECTOR('',#2232,1.);
#2232 = DIRECTION('',(0.,-0.5,-0.866025403784));
#2233 = ORIENTED_EDGE('',*,*,#2234,.T.);
#2234 = EDGE_CURVE('',#2227,#2235,#2237,.T.);
#2235 = VERTEX_POINT('',#2236);
#2236 = CARTESIAN_POINT('',(0.,-0.886521338341,-1.5355));
#2237 = LINE('',#2238,#2239);
#2238 = CARTESIAN_POINT('',(0.,-1.773042676681,-3.3E-16));
#2239 = VECTOR('',#2240,1.);
#2240 = DIRECTION('',(0.,0.5,-0.866025403784));
#2241 = ORIENTED_EDGE('',*,*,#2242,.F.);
#2242 = EDGE_CURVE('',#2243,#2235,#2245,.T.);
#2243 = VERTEX_POINT('',#2244);
#2244 = CARTESIAN_POINT('',(0.,0.886521338341,-1.5355));
#2245 = LINE('',#2246,#2247);
#2246 = CARTESIAN_POINT('',(0.,0.886521338341,-1.5355));
#2247 = VECTOR('',#2248,1.);
#2248 = DIRECTION('',(0.,-1.,1.1E-15));
#2249 = ORIENTED_EDGE('',*,*,#2250,.F.);
#2250 = EDGE_CURVE('',#2209,#2243,#2251,.T.);
#2251 = LINE('',#2252,#2253);
#2252 = CARTESIAN_POINT('',(0.,1.773042676681,-5.64E-15));
#2253 = VECTOR('',#2254,1.);
#2254 = DIRECTION('',(0.,-0.5,-0.866025403784));
#2255 = FACE_BOUND('',#2256,.T.);
#2256 = EDGE_LOOP('',(#2257,#2264));
#2257 = ORIENTED_EDGE('',*,*,#2258,.T.);
#2258 = EDGE_CURVE('',#2067,#2065,#2259,.T.);
#2259 = CIRCLE('',#2260,3.1);
#2260 = AXIS2_PLACEMENT_3D('',#2261,#2262,#2263);
#2261 = CARTESIAN_POINT('',(0.,0.,0.));
#2262 = DIRECTION('',(-1.,0.,-0.));
#2263 = DIRECTION('',(-0.,0.,1.));
#2264 = ORIENTED_EDGE('',*,*,#2064,.T.);
#2265 = PLANE('',#2266);
#2266 = AXIS2_PLACEMENT_3D('',#2267,#2268,#2269);
#2267 = CARTESIAN_POINT('',(-2.E-17,0.,0.));
#2268 = DIRECTION('',(-1.,0.,-0.));
#2269 = DIRECTION('',(0.,0.,1.));
#2270 = ADVANCED_FACE('',(#2271),#2281,.T.);
#2271 = FACE_BOUND('',#2272,.T.);
#2272 = EDGE_LOOP('',(#2273,#2274));
#2273 = ORIENTED_EDGE('',*,*,#2176,.F.);
#2274 = ORIENTED_EDGE('',*,*,#2275,.F.);
#2275 = EDGE_CURVE('',#2179,#2177,#2276,.T.);
#2276 = CIRCLE('',#2277,1.61);
#2277 = AXIS2_PLACEMENT_3D('',#2278,#2279,#2280);
#2278 = CARTESIAN_POINT('',(16.,0.,0.));
#2279 = DIRECTION('',(-1.,0.,-0.));
#2280 = DIRECTION('',(-0.,0.,1.));
#2281 = PLANE('',#2282);
#2282 = AXIS2_PLACEMENT_3D('',#2283,#2284,#2285);
#2283 = CARTESIAN_POINT('',(16.,1.61,0.));
#2284 = DIRECTION('',(1.,0.,0.));
#2285 = DIRECTION('',(0.,0.,-1.));
#2286 = ADVANCED_FACE('',(#2287),#2299,.T.);
#2287 = FACE_BOUND('',#2288,.T.);
#2288 = EDGE_LOOP('',(#2289,#2290,#2291,#2292));
#2289 = ORIENTED_EDGE('',*,*,#2187,.F.);
#2290 = ORIENTED_EDGE('',*,*,#2275,.T.);
#2291 = ORIENTED_EDGE('',*,*,#2194,.T.);
#2292 = ORIENTED_EDGE('',*,*,#2293,.F.);
#2293 = EDGE_CURVE('',#2141,#2139,#2294,.T.);
#2294 = CIRCLE('',#2295,2.);
#2295 = AXIS2_PLACEMENT_3D('',#2296,#2297,#2298);
#2296 = CARTESIAN_POINT('',(15.61,0.,0.));
#2297 = DIRECTION('',(-1.,0.,-0.));
#2298 = DIRECTION('',(-0.,0.,1.));
#2299 = CONICAL_SURFACE('',#2300,1.61,0.785398163397);
#2300 = AXIS2_PLACEMENT_3D('',#2301,#2302,#2303);
#2301 = CARTESIAN_POINT('',(16.,0.,0.));
#2302 = DIRECTION('',(-1.,-0.,-0.));
#2303 = DIRECTION('',(-0.,0.,1.));
#2304 = ADVANCED_FACE('',(#2305),#2311,.T.);
#2305 = FACE_BOUND('',#2306,.T.);
#2306 = EDGE_LOOP('',(#2307,#2308,#2309,#2310));
#2307 = ORIENTED_EDGE('',*,*,#2149,.F.);
#2308 = ORIENTED_EDGE('',*,*,#2293,.T.);
#2309 = ORIENTED_EDGE('',*,*,#2162,.T.);
#2310 = ORIENTED_EDGE('',*,*,#2049,.T.);
#2311 = CYLINDRICAL_SURFACE('',#2312,2.);
#2312 = AXIS2_PLACEMENT_3D('',#2313,#2314,#2315);
#2313 = CARTESIAN_POINT('',(-31.75,0.,0.));
#2314 = DIRECTION('',(-1.,-0.,-0.));
#2315 = DIRECTION('',(-0.,0.,1.));
#2316 = ADVANCED_FACE('',(#2317,#2327),#2337,.T.);
#2317 = FACE_BOUND('',#2318,.T.);
#2318 = EDGE_LOOP('',(#2319,#2320));
#2319 = ORIENTED_EDGE('',*,*,#2031,.T.);
#2320 = ORIENTED_EDGE('',*,*,#2321,.T.);
#2321 = EDGE_CURVE('',#2032,#2023,#2322,.T.);
#2322 = CIRCLE('',#2323,2.2);
#2323 = AXIS2_PLACEMENT_3D('',#2324,#2325,#2326);
#2324 = CARTESIAN_POINT('',(4.,0.,0.));
#2325 = DIRECTION('',(-1.,-0.,-0.));
#2326 = DIRECTION('',(0.,0.,-1.));
#2327 = FACE_BOUND('',#2328,.T.);
#2328 = EDGE_LOOP('',(#2329,#2330));
#2329 = ORIENTED_EDGE('',*,*,#2106,.F.);
#2330 = ORIENTED_EDGE('',*,*,#2331,.F.);
#2331 = EDGE_CURVE('',#2109,#2107,#2332,.T.);
#2332 = CIRCLE('',#2333,3.5);
#2333 = AXIS2_PLACEMENT_3D('',#2334,#2335,#2336);
#2334 = CARTESIAN_POINT('',(4.,0.,0.));
#2335 = DIRECTION('',(-1.,0.,-0.));
#2336 = DIRECTION('',(-0.,0.,1.));
#2337 = PLANE('',#2338);
#2338 = AXIS2_PLACEMENT_3D('',#2339,#2340,#2341);
#2339 = CARTESIAN_POINT('',(4.,3.5,0.));
#2340 = DIRECTION('',(1.,0.,0.));
#2341 = DIRECTION('',(0.,0.,-1.));
#2342 = ADVANCED_FACE('',(#2343),#2355,.T.);
#2343 = FACE_BOUND('',#2344,.T.);
#2344 = EDGE_LOOP('',(#2345,#2346,#2347,#2348));
#2345 = ORIENTED_EDGE('',*,*,#2117,.F.);
#2346 = ORIENTED_EDGE('',*,*,#2331,.T.);
#2347 = ORIENTED_EDGE('',*,*,#2124,.T.);
#2348 = ORIENTED_EDGE('',*,*,#2349,.F.);
#2349 = EDGE_CURVE('',#2084,#2076,#2350,.T.);
#2350 = CIRCLE('',#2351,3.5);
#2351 = AXIS2_PLACEMENT_3D('',#2352,#2353,#2354);
#2352 = CARTESIAN_POINT('',(0.4,0.,0.));
#2353 = DIRECTION('',(-1.,0.,-0.));
#2354 = DIRECTION('',(-0.,0.,1.));
#2355 = CYLINDRICAL_SURFACE('',#2356,3.5);
#2356 = AXIS2_PLACEMENT_3D('',#2357,#2358,#2359);
#2357 = CARTESIAN_POINT('',(-31.75,0.,0.));
#2358 = DIRECTION('',(-1.,-0.,-0.));
#2359 = DIRECTION('',(-0.,0.,1.));
#2360 = ADVANCED_FACE('',(#2361),#2367,.T.);
#2361 = FACE_BOUND('',#2362,.T.);
#2362 = EDGE_LOOP('',(#2363,#2364,#2365,#2366));
#2363 = ORIENTED_EDGE('',*,*,#2075,.F.);
#2364 = ORIENTED_EDGE('',*,*,#2258,.F.);
#2365 = ORIENTED_EDGE('',*,*,#2092,.T.);
#2366 = ORIENTED_EDGE('',*,*,#2349,.T.);
#2367 = CONICAL_SURFACE('',#2368,3.1,0.785398163397);
#2368 = AXIS2_PLACEMENT_3D('',#2369,#2370,#2371);
#2369 = CARTESIAN_POINT('',(0.,0.,0.));
#2370 = DIRECTION('',(1.,0.,0.));
#2371 = DIRECTION('',(0.,0.,-1.));
#2372 = ADVANCED_FACE('',(#2373),#2379,.F.);
#2373 = FACE_BOUND('',#2374,.F.);
#2374 = EDGE_LOOP('',(#2375,#2376,#2377,#2378));
#2375 = ORIENTED_EDGE('',*,*,#2321,.T.);
#2376 = ORIENTED_EDGE('',*,*,#2020,.F.);
#2377 = ORIENTED_EDGE('',*,*,#2155,.T.);
#2378 = ORIENTED_EDGE('',*,*,#2040,.T.);
#2379 = TOROIDAL_SURFACE('',#2380,2.2,0.2);
#2380 = AXIS2_PLACEMENT_3D('',#2381,#2382,#2383);
#2381 = CARTESIAN_POINT('',(4.2,0.,0.));
#2382 = DIRECTION('',(1.,0.,0.));
#2383 = DIRECTION('',(0.,0.,-1.));
#2384 = ADVANCED_FACE('',(#2385),#2418,.T.);
#2385 = FACE_BOUND('',#2386,.T.);
#2386 = EDGE_LOOP('',(#2387,#2388,#2396,#2404,#2412));
#2387 = ORIENTED_EDGE('',*,*,#2208,.F.);
#2388 = ORIENTED_EDGE('',*,*,#2389,.F.);
#2389 = EDGE_CURVE('',#2390,#2209,#2392,.T.);
#2390 = VERTEX_POINT('',#2391);
#2391 = CARTESIAN_POINT('',(2.,1.773042676681,-6.E-15));
#2392 = LINE('',#2393,#2394);
#2393 = CARTESIAN_POINT('',(2.,1.773042676681,-5.64E-15));
#2394 = VECTOR('',#2395,1.);
#2395 = DIRECTION('',(-1.,-0.,-0.));
#2396 = ORIENTED_EDGE('',*,*,#2397,.T.);
#2397 = EDGE_CURVE('',#2390,#2398,#2400,.T.);
#2398 = VERTEX_POINT('',#2399);
#2399 = CARTESIAN_POINT('',(2.,1.329782007511,0.76775));
#2400 = LINE('',#2401,#2402);
#2401 = CARTESIAN_POINT('',(2.,1.773042676681,-5.64E-15));
#2402 = VECTOR('',#2403,1.);
#2403 = DIRECTION('',(0.,-0.5,0.866025403784));
#2404 = ORIENTED_EDGE('',*,*,#2405,.T.);
#2405 = EDGE_CURVE('',#2398,#2406,#2408,.T.);
#2406 = VERTEX_POINT('',#2407);
#2407 = CARTESIAN_POINT('',(2.,0.886521338341,1.5355));
#2408 = LINE('',#2409,#2410);
#2409 = CARTESIAN_POINT('',(2.,1.773042676681,-5.64E-15));
#2410 = VECTOR('',#2411,1.);
#2411 = DIRECTION('',(0.,-0.5,0.866025403784));
#2412 = ORIENTED_EDGE('',*,*,#2413,.T.);
#2413 = EDGE_CURVE('',#2406,#2211,#2414,.T.);
#2414 = LINE('',#2415,#2416);
#2415 = CARTESIAN_POINT('',(2.,0.886521338341,1.5355));
#2416 = VECTOR('',#2417,1.);
#2417 = DIRECTION('',(-1.,-0.,-0.));
#2418 = PLANE('',#2419);
#2419 = AXIS2_PLACEMENT_3D('',#2420,#2421,#2422);
#2420 = CARTESIAN_POINT('',(2.,1.773042676681,-5.64E-15));
#2421 = DIRECTION('',(0.,-0.866025403784,-0.5));
#2422 = DIRECTION('',(0.,0.5,-0.866025403784));
#2423 = ADVANCED_FACE('',(#2424),#2448,.F.);
#2424 = FACE_BOUND('',#2425,.T.);
#2425 = EDGE_LOOP('',(#2426,#2427,#2428,#2434,#2442));
#2426 = ORIENTED_EDGE('',*,*,#2218,.T.);
#2427 = ORIENTED_EDGE('',*,*,#2413,.F.);
#2428 = ORIENTED_EDGE('',*,*,#2429,.F.);
#2429 = EDGE_CURVE('',#1972,#2406,#2430,.T.);
#2430 = LINE('',#2431,#2432);
#2431 = CARTESIAN_POINT('',(2.,-0.886521338341,1.5355));
#2432 = VECTOR('',#2433,1.);
#2433 = DIRECTION('',(0.,1.,-1.22E-15));
#2434 = ORIENTED_EDGE('',*,*,#2435,.F.);
#2435 = EDGE_CURVE('',#2436,#1972,#2438,.T.);
#2436 = VERTEX_POINT('',#2437);
#2437 = CARTESIAN_POINT('',(2.,-0.886521338341,1.5355));
#2438 = LINE('',#2439,#2440);
#2439 = CARTESIAN_POINT('',(2.,-0.886521338341,1.5355));
#2440 = VECTOR('',#2441,1.);
#2441 = DIRECTION('',(0.,1.,-1.22E-15));
#2442 = ORIENTED_EDGE('',*,*,#2443,.T.);
#2443 = EDGE_CURVE('',#2436,#2219,#2444,.T.);
#2444 = LINE('',#2445,#2446);
#2445 = CARTESIAN_POINT('',(2.,-0.886521338341,1.5355));
#2446 = VECTOR('',#2447,1.);
#2447 = DIRECTION('',(-1.,-0.,-0.));
#2448 = PLANE('',#2449);
#2449 = AXIS2_PLACEMENT_3D('',#2450,#2451,#2452);
#2450 = CARTESIAN_POINT('',(2.,-0.886521338341,1.5355));
#2451 = DIRECTION('',(-0.,1.22E-15,1.));
#2452 = DIRECTION('',(0.,-1.,1.22E-15));
#2453 = ADVANCED_FACE('',(#2454),#2478,.T.);
#2454 = FACE_BOUND('',#2455,.T.);
#2455 = EDGE_LOOP('',(#2456,#2457,#2458,#2464,#2472));
#2456 = ORIENTED_EDGE('',*,*,#2226,.F.);
#2457 = ORIENTED_EDGE('',*,*,#2443,.F.);
#2458 = ORIENTED_EDGE('',*,*,#2459,.T.);
#2459 = EDGE_CURVE('',#2436,#1970,#2460,.T.);
#2460 = LINE('',#2461,#2462);
#2461 = CARTESIAN_POINT('',(2.,-0.886521338341,1.5355));
#2462 = VECTOR('',#2463,1.);
#2463 = DIRECTION('',(0.,-0.5,-0.866025403784));
#2464 = ORIENTED_EDGE('',*,*,#2465,.T.);
#2465 = EDGE_CURVE('',#1970,#2466,#2468,.T.);
#2466 = VERTEX_POINT('',#2467);
#2467 = CARTESIAN_POINT('',(2.,-1.773042676681,-0.));
#2468 = LINE('',#2469,#2470);
#2469 = CARTESIAN_POINT('',(2.,-0.886521338341,1.5355));
#2470 = VECTOR('',#2471,1.);
#2471 = DIRECTION('',(0.,-0.5,-0.866025403784));
#2472 = ORIENTED_EDGE('',*,*,#2473,.T.);
#2473 = EDGE_CURVE('',#2466,#2227,#2474,.T.);
#2474 = LINE('',#2475,#2476);
#2475 = CARTESIAN_POINT('',(2.,-1.773042676681,-3.3E-16));
#2476 = VECTOR('',#2477,1.);
#2477 = DIRECTION('',(-1.,-0.,-0.));
#2478 = PLANE('',#2479);
#2479 = AXIS2_PLACEMENT_3D('',#2480,#2481,#2482);
#2480 = CARTESIAN_POINT('',(2.,-0.886521338341,1.5355));
#2481 = DIRECTION('',(0.,0.866025403784,-0.5));
#2482 = DIRECTION('',(0.,0.5,0.866025403784));
#2483 = ADVANCED_FACE('',(#2484),#2508,.T.);
#2484 = FACE_BOUND('',#2485,.T.);
#2485 = EDGE_LOOP('',(#2486,#2487,#2488,#2494,#2502));
#2486 = ORIENTED_EDGE('',*,*,#2234,.F.);
#2487 = ORIENTED_EDGE('',*,*,#2473,.F.);
#2488 = ORIENTED_EDGE('',*,*,#2489,.T.);
#2489 = EDGE_CURVE('',#2466,#1981,#2490,.T.);
#2490 = LINE('',#2491,#2492);
#2491 = CARTESIAN_POINT('',(2.,-1.773042676681,-3.3E-16));
#2492 = VECTOR('',#2493,1.);
#2493 = DIRECTION('',(0.,0.5,-0.866025403784));
#2494 = ORIENTED_EDGE('',*,*,#2495,.T.);
#2495 = EDGE_CURVE('',#1981,#2496,#2498,.T.);
#2496 = VERTEX_POINT('',#2497);
#2497 = CARTESIAN_POINT('',(2.,-0.886521338341,-1.5355));
#2498 = LINE('',#2499,#2500);
#2499 = CARTESIAN_POINT('',(2.,-1.773042676681,-3.3E-16));
#2500 = VECTOR('',#2501,1.);
#2501 = DIRECTION('',(0.,0.5,-0.866025403784));
#2502 = ORIENTED_EDGE('',*,*,#2503,.T.);
#2503 = EDGE_CURVE('',#2496,#2235,#2504,.T.);
#2504 = LINE('',#2505,#2506);
#2505 = CARTESIAN_POINT('',(2.,-0.886521338341,-1.5355));
#2506 = VECTOR('',#2507,1.);
#2507 = DIRECTION('',(-1.,-0.,-0.));
#2508 = PLANE('',#2509);
#2509 = AXIS2_PLACEMENT_3D('',#2510,#2511,#2512);
#2510 = CARTESIAN_POINT('',(2.,-1.773042676681,-3.3E-16));
#2511 = DIRECTION('',(-0.,0.866025403784,0.5));
#2512 = DIRECTION('',(0.,-0.5,0.866025403784));
#2513 = ADVANCED_FACE('',(#2514),#2538,.F.);
#2514 = FACE_BOUND('',#2515,.T.);
#2515 = EDGE_LOOP('',(#2516,#2517,#2518,#2524,#2532));
#2516 = ORIENTED_EDGE('',*,*,#2242,.T.);
#2517 = ORIENTED_EDGE('',*,*,#2503,.F.);
#2518 = ORIENTED_EDGE('',*,*,#2519,.F.);
#2519 = EDGE_CURVE('',#1990,#2496,#2520,.T.);
#2520 = LINE('',#2521,#2522);
#2521 = CARTESIAN_POINT('',(2.,0.886521338341,-1.5355));
#2522 = VECTOR('',#2523,1.);
#2523 = DIRECTION('',(0.,-1.,1.1E-15));
#2524 = ORIENTED_EDGE('',*,*,#2525,.F.);
#2525 = EDGE_CURVE('',#2526,#1990,#2528,.T.);
#2526 = VERTEX_POINT('',#2527);
#2527 = CARTESIAN_POINT('',(2.,0.886521338341,-1.5355));
#2528 = LINE('',#2529,#2530);
#2529 = CARTESIAN_POINT('',(2.,0.886521338341,-1.5355));
#2530 = VECTOR('',#2531,1.);
#2531 = DIRECTION('',(0.,-1.,1.1E-15));
#2532 = ORIENTED_EDGE('',*,*,#2533,.T.);
#2533 = EDGE_CURVE('',#2526,#2243,#2534,.T.);
#2534 = LINE('',#2535,#2536);
#2535 = CARTESIAN_POINT('',(2.,0.886521338341,-1.5355));
#2536 = VECTOR('',#2537,1.);
#2537 = DIRECTION('',(-1.,-0.,-0.));
#2538 = PLANE('',#2539);
#2539 = AXIS2_PLACEMENT_3D('',#2540,#2541,#2542);
#2540 = CARTESIAN_POINT('',(2.,0.886521338341,-1.5355));
#2541 = DIRECTION('',(0.,-1.1E-15,-1.));
#2542 = DIRECTION('',(0.,1.,-1.1E-15));
#2543 = ADVANCED_FACE('',(#2544),#2563,.F.);
#2544 = FACE_BOUND('',#2545,.T.);
#2545 = EDGE_LOOP('',(#2546,#2547,#2548,#2556,#2562));
#2546 = ORIENTED_EDGE('',*,*,#2250,.T.);
#2547 = ORIENTED_EDGE('',*,*,#2533,.F.);
#2548 = ORIENTED_EDGE('',*,*,#2549,.F.);
#2549 = EDGE_CURVE('',#2550,#2526,#2552,.T.);
#2550 = VERTEX_POINT('',#2551);
#2551 = CARTESIAN_POINT('',(2.,1.329782007511,-0.76775));
#2552 = LINE('',#2553,#2554);
#2553 = CARTESIAN_POINT('',(2.,1.773042676681,-5.64E-15));
#2554 = VECTOR('',#2555,1.);
#2555 = DIRECTION('',(0.,-0.5,-0.866025403784));
#2556 = ORIENTED_EDGE('',*,*,#2557,.F.);
#2557 = EDGE_CURVE('',#2390,#2550,#2558,.T.);
#2558 = LINE('',#2559,#2560);
#2559 = CARTESIAN_POINT('',(2.,1.773042676681,-5.64E-15));
#2560 = VECTOR('',#2561,1.);
#2561 = DIRECTION('',(0.,-0.5,-0.866025403784));
#2562 = ORIENTED_EDGE('',*,*,#2389,.T.);
#2563 = PLANE('',#2564);
#2564 = AXIS2_PLACEMENT_3D('',#2565,#2566,#2567);
#2565 = CARTESIAN_POINT('',(2.,1.773042676681,-5.64E-15));
#2566 = DIRECTION('',(0.,0.866025403784,-0.5));
#2567 = DIRECTION('',(0.,0.5,0.866025403784));
#2568 = ADVANCED_FACE('',(#2569),#2574,.F.);
#2569 = FACE_BOUND('',#2570,.T.);
#2570 = EDGE_LOOP('',(#2571,#2572,#2573));
#2571 = ORIENTED_EDGE('',*,*,#2519,.T.);
#2572 = ORIENTED_EDGE('',*,*,#2495,.F.);
#2573 = ORIENTED_EDGE('',*,*,#1989,.F.);
#2574 = PLANE('',#2575);
#2575 = AXIS2_PLACEMENT_3D('',#2576,#2577,#2578);
#2576 = CARTESIAN_POINT('',(2.,2.659564015022,-1.5355));
#2577 = DIRECTION('',(1.,0.,0.));
#2578 = DIRECTION('',(0.,0.,-1.));
#2579 = ADVANCED_FACE('',(#2580),#2585,.F.);
#2580 = FACE_BOUND('',#2581,.T.);
#2581 = EDGE_LOOP('',(#2582,#2583,#2584));
#2582 = ORIENTED_EDGE('',*,*,#2489,.F.);
#2583 = ORIENTED_EDGE('',*,*,#2465,.F.);
#2584 = ORIENTED_EDGE('',*,*,#1980,.F.);
#2585 = PLANE('',#2586);
#2586 = AXIS2_PLACEMENT_3D('',#2587,#2588,#2589);
#2587 = CARTESIAN_POINT('',(2.,2.659564015022,-1.5355));
#2588 = DIRECTION('',(1.,0.,0.));
#2589 = DIRECTION('',(0.,0.,-1.));
#2590 = ADVANCED_FACE('',(#2591),#2596,.F.);
#2591 = FACE_BOUND('',#2592,.T.);
#2592 = EDGE_LOOP('',(#2593,#2594,#2595));
#2593 = ORIENTED_EDGE('',*,*,#2459,.F.);
#2594 = ORIENTED_EDGE('',*,*,#2435,.T.);
#2595 = ORIENTED_EDGE('',*,*,#1969,.F.);
#2596 = PLANE('',#2597);
#2597 = AXIS2_PLACEMENT_3D('',#2598,#2599,#2600);
#2598 = CARTESIAN_POINT('',(2.,2.659564015022,-1.5355));
#2599 = DIRECTION('',(1.,0.,0.));
#2600 = DIRECTION('',(0.,0.,-1.));
#2601 = ADVANCED_FACE('',(#2602),#2613,.F.);
#2602 = FACE_BOUND('',#2603,.T.);
#2603 = EDGE_LOOP('',(#2604,#2605,#2606));
#2604 = ORIENTED_EDGE('',*,*,#2429,.T.);
#2605 = ORIENTED_EDGE('',*,*,#2405,.F.);
#2606 = ORIENTED_EDGE('',*,*,#2607,.F.);
#2607 = EDGE_CURVE('',#1972,#2398,#2608,.T.);
#2608 = CIRCLE('',#2609,1.5355);
#2609 = AXIS2_PLACEMENT_3D('',#2610,#2611,#2612);
#2610 = CARTESIAN_POINT('',(2.,0.,0.));
#2611 = DIRECTION('',(-1.,0.,-0.));
#2612 = DIRECTION('',(-0.,0.,1.));
#2613 = PLANE('',#2614);
#2614 = AXIS2_PLACEMENT_3D('',#2615,#2616,#2617);
#2615 = CARTESIAN_POINT('',(2.,2.659564015022,-1.5355));
#2616 = DIRECTION('',(1.,0.,0.));
#2617 = DIRECTION('',(0.,0.,-1.));
#2618 = ADVANCED_FACE('',(#2619),#2630,.F.);
#2619 = FACE_BOUND('',#2620,.T.);
#2620 = EDGE_LOOP('',(#2621,#2622,#2623));
#2621 = ORIENTED_EDGE('',*,*,#2397,.F.);
#2622 = ORIENTED_EDGE('',*,*,#2557,.T.);
#2623 = ORIENTED_EDGE('',*,*,#2624,.F.);
#2624 = EDGE_CURVE('',#2398,#2550,#2625,.T.);
#2625 = CIRCLE('',#2626,1.5355);
#2626 = AXIS2_PLACEMENT_3D('',#2627,#2628,#2629);
#2627 = CARTESIAN_POINT('',(2.,0.,0.));
#2628 = DIRECTION('',(-1.,0.,-0.));
#2629 = DIRECTION('',(-0.,0.,1.));
#2630 = PLANE('',#2631);
#2631 = AXIS2_PLACEMENT_3D('',#2632,#2633,#2634);
#2632 = CARTESIAN_POINT('',(2.,2.659564015022,-1.5355));
#2633 = DIRECTION('',(1.,0.,0.));
#2634 = DIRECTION('',(0.,0.,-1.));
#2635 = ADVANCED_FACE('',(#2636),#2647,.F.);
#2636 = FACE_BOUND('',#2637,.T.);
#2637 = EDGE_LOOP('',(#2638,#2639,#2640));
#2638 = ORIENTED_EDGE('',*,*,#2549,.T.);
#2639 = ORIENTED_EDGE('',*,*,#2525,.T.);
#2640 = ORIENTED_EDGE('',*,*,#2641,.F.);
#2641 = EDGE_CURVE('',#2550,#1990,#2642,.T.);
#2642 = CIRCLE('',#2643,1.5355);
#2643 = AXIS2_PLACEMENT_3D('',#2644,#2645,#2646);
#2644 = CARTESIAN_POINT('',(2.,0.,0.));
#2645 = DIRECTION('',(-1.,0.,-0.));
#2646 = DIRECTION('',(-0.,0.,1.));
#2647 = PLANE('',#2648);
#2648 = AXIS2_PLACEMENT_3D('',#2649,#2650,#2651);
#2649 = CARTESIAN_POINT('',(2.,2.659564015022,-1.5355));
#2650 = DIRECTION('',(1.,0.,0.));
#2651 = DIRECTION('',(0.,0.,-1.));
#2652 = ADVANCED_FACE('',(#2653),#2660,.F.);
#2653 = FACE_BOUND('',#2654,.F.);
#2654 = EDGE_LOOP('',(#2655,#2656,#2657,#2658,#2659));
#2655 = ORIENTED_EDGE('',*,*,#2641,.F.);
#2656 = ORIENTED_EDGE('',*,*,#2624,.F.);
#2657 = ORIENTED_EDGE('',*,*,#2607,.F.);
#2658 = ORIENTED_EDGE('',*,*,#2006,.F.);
#2659 = ORIENTED_EDGE('',*,*,#1998,.T.);
#2660 = CONICAL_SURFACE('',#2661,1.5355,1.047197551197);
#2661 = AXIS2_PLACEMENT_3D('',#2662,#2663,#2664);
#2662 = CARTESIAN_POINT('',(2.,0.,0.));
#2663 = DIRECTION('',(-1.,-0.,-0.));
#2664 = DIRECTION('',(-0.,0.,1.));
#2665 = ( GEOMETRIC_REPRESENTATION_CONTEXT(3) 
GLOBAL_UNCERTAINTY_ASSIGNED_CONTEXT((#2669)) 
GLOBAL_UNIT_ASSIGNED_CONTEXT((#2666,#2667,#2668)) REPRESENTATION_CONTEXT
('Context #1','3D Context with UNIT and UNCERTAINTY') );
#2666 = ( LENGTH_UNIT() NAMED_UNIT(*) SI_UNIT(.MILLI.,.METRE.) );
#2667 = ( NAMED_UNIT(*) PLANE_ANGLE_UNIT() SI_UNIT($,.RADIAN.) );
#2668 = ( NAMED_UNIT(*) SI_UNIT($,.STERADIAN.) SOLID_ANGLE_UNIT() );
#2669 = UNCERTAINTY_MEASURE_WITH_UNIT(LENGTH_MEASURE(1.E-07),#2666,
  'distance_accuracy_value','confusion accuracy');
#2670 = CONTEXT_DEPENDENT_SHAPE_REPRESENTATION(#2671,#2673);
#2671 = ( REPRESENTATION_RELATIONSHIP('','',#1962,#10) 
REPRESENTATION_RELATIONSHIP_WITH_TRANSFORMATION(#2672) 
SHAPE_REPRESENTATION_RELATIONSHIP() );
#2672 = ITEM_DEFINED_TRANSFORMATION('','',#11,#23);
#2673 = PRODUCT_DEFINITION_SHAPE('Placement','Placement of an item',
  #2674);
#2674 = NEXT_ASSEMBLY_USAGE_OCCURRENCE('3',
  'socket head cap screw_am_B18.3.1M - 4 x 0.7 x 12 Hex SHCS -- 12NHX',
  '',#5,#1957,$);
#2675 = PRODUCT_RELATED_PRODUCT_CATEGORY('part',$,(#1959));
#2676 = SHAPE_DEFINITION_REPRESENTATION(#2677,#2683);
#2677 = PRODUCT_DEFINITION_SHAPE('','',#2678);
#2678 = PRODUCT_DEFINITION('design','',#2679,#2682);
#2679 = PRODUCT_DEFINITION_FORMATION('','',#2680);
#2680 = PRODUCT(
  'hex nut style 1_am_B18.2.4.1M - Hex nut, Style 1,  M4 x 0.7 --D-N',
  'hex nut style 1_am_B18.2.4.1M - Hex nut, Style 1,  M4 x 0.7 --D-N',''
  ,(#2681));
#2681 = PRODUCT_CONTEXT('',#2,'mechanical');
#2682 = PRODUCT_DEFINITION_CONTEXT('part definition',#2,'design');
#2683 = ADVANCED_BREP_SHAPE_REPRESENTATION('',(#11,#2684),#3480);
#2684 = MANIFOLD_SOLID_BREP('',#2685);
#2685 = CLOSED_SHELL('',(#2686,#2728,#2760,#2802,#2824,#2848,#2912,#2967
    ,#3026,#3081,#3136,#3186,#3246,#3306,#3317,#3328,#3339,#3350,#3361,
    #3372,#3383,#3394,#3405,#3416,#3427,#3438,#3450,#3468));
#2686 = ADVANCED_FACE('',(#2687),#2723,.F.);
#2687 = FACE_BOUND('',#2688,.F.);
#2688 = EDGE_LOOP('',(#2689,#2699,#2708,#2716));
#2689 = ORIENTED_EDGE('',*,*,#2690,.T.);
#2690 = EDGE_CURVE('',#2691,#2693,#2695,.T.);
#2691 = VERTEX_POINT('',#2692);
#2692 = CARTESIAN_POINT('',(2.,0.,-3.2));
#2693 = VERTEX_POINT('',#2694);
#2694 = CARTESIAN_POINT('',(2.,0.,-3.1746));
#2695 = LINE('',#2696,#2697);
#2696 = CARTESIAN_POINT('',(2.,0.,-25.03750572909));
#2697 = VECTOR('',#2698,1.);
#2698 = DIRECTION('',(-0.,-0.,1.));
#2699 = ORIENTED_EDGE('',*,*,#2700,.F.);
#2700 = EDGE_CURVE('',#2701,#2693,#2703,.T.);
#2701 = VERTEX_POINT('',#2702);
#2702 = CARTESIAN_POINT('',(-2.,0.,-3.1746));
#2703 = CIRCLE('',#2704,2.);
#2704 = AXIS2_PLACEMENT_3D('',#2705,#2706,#2707);
#2705 = CARTESIAN_POINT('',(0.,0.,-3.1746));
#2706 = DIRECTION('',(0.,-0.,1.));
#2707 = DIRECTION('',(1.,0.,0.));
#2708 = ORIENTED_EDGE('',*,*,#2709,.F.);
#2709 = EDGE_CURVE('',#2710,#2701,#2712,.T.);
#2710 = VERTEX_POINT('',#2711);
#2711 = CARTESIAN_POINT('',(-2.,0.,-3.2));
#2712 = LINE('',#2713,#2714);
#2713 = CARTESIAN_POINT('',(-2.,2.4E-16,-25.03750572909));
#2714 = VECTOR('',#2715,1.);
#2715 = DIRECTION('',(-0.,-0.,1.));
#2716 = ORIENTED_EDGE('',*,*,#2717,.T.);
#2717 = EDGE_CURVE('',#2710,#2691,#2718,.T.);
#2718 = CIRCLE('',#2719,2.);
#2719 = AXIS2_PLACEMENT_3D('',#2720,#2721,#2722);
#2720 = CARTESIAN_POINT('',(0.,0.,-3.2));
#2721 = DIRECTION('',(0.,0.,1.));
#2722 = DIRECTION('',(-1.,0.,0.));
#2723 = CYLINDRICAL_SURFACE('',#2724,2.);
#2724 = AXIS2_PLACEMENT_3D('',#2725,#2726,#2727);
#2725 = CARTESIAN_POINT('',(0.,0.,-25.03750572909));
#2726 = DIRECTION('',(-0.,-0.,1.));
#2727 = DIRECTION('',(1.,0.,0.));
#2728 = ADVANCED_FACE('',(#2729),#2755,.F.);
#2729 = FACE_BOUND('',#2730,.F.);
#2730 = EDGE_LOOP('',(#2731,#2739,#2740,#2748));
#2731 = ORIENTED_EDGE('',*,*,#2732,.T.);
#2732 = EDGE_CURVE('',#2733,#2701,#2735,.T.);
#2733 = VERTEX_POINT('',#2734);
#2734 = CARTESIAN_POINT('',(-1.65,0.,-2.929527361627));
#2735 = LINE('',#2736,#2737);
#2736 = CARTESIAN_POINT('',(-2.,0.,-3.1746));
#2737 = VECTOR('',#2738,1.);
#2738 = DIRECTION('',(-0.819152044289,0.,-0.573576436351));
#2739 = ORIENTED_EDGE('',*,*,#2700,.T.);
#2740 = ORIENTED_EDGE('',*,*,#2741,.F.);
#2741 = EDGE_CURVE('',#2742,#2693,#2744,.T.);
#2742 = VERTEX_POINT('',#2743);
#2743 = CARTESIAN_POINT('',(1.65,0.,-2.929527361627));
#2744 = LINE('',#2745,#2746);
#2745 = CARTESIAN_POINT('',(2.,2.4E-16,-3.1746));
#2746 = VECTOR('',#2747,1.);
#2747 = DIRECTION('',(0.819152044289,1.E-16,-0.573576436351));
#2748 = ORIENTED_EDGE('',*,*,#2749,.F.);
#2749 = EDGE_CURVE('',#2733,#2742,#2750,.T.);
#2750 = CIRCLE('',#2751,1.65);
#2751 = AXIS2_PLACEMENT_3D('',#2752,#2753,#2754);
#2752 = CARTESIAN_POINT('',(0.,0.,-2.929527361627));
#2753 = DIRECTION('',(0.,-0.,1.));
#2754 = DIRECTION('',(-1.,0.,0.));
#2755 = CONICAL_SURFACE('',#2756,2.,0.959931088597);
#2756 = AXIS2_PLACEMENT_3D('',#2757,#2758,#2759);
#2757 = CARTESIAN_POINT('',(0.,0.,-3.1746));
#2758 = DIRECTION('',(0.,0.,-1.));
#2759 = DIRECTION('',(-1.,0.,0.));
#2760 = ADVANCED_FACE('',(#2761),#2797,.F.);
#2761 = FACE_BOUND('',#2762,.F.);
#2762 = EDGE_LOOP('',(#2763,#2773,#2782,#2790));
#2763 = ORIENTED_EDGE('',*,*,#2764,.T.);
#2764 = EDGE_CURVE('',#2765,#2767,#2769,.T.);
#2765 = VERTEX_POINT('',#2766);
#2766 = CARTESIAN_POINT('',(1.65,0.,-0.245072638373));
#2767 = VERTEX_POINT('',#2768);
#2768 = CARTESIAN_POINT('',(2.,0.,0.));
#2769 = LINE('',#2770,#2771);
#2770 = CARTESIAN_POINT('',(1.615,0.,-0.269579902211));
#2771 = VECTOR('',#2772,1.);
#2772 = DIRECTION('',(0.819152044289,0.,0.573576436351));
#2773 = ORIENTED_EDGE('',*,*,#2774,.F.);
#2774 = EDGE_CURVE('',#2775,#2767,#2777,.T.);
#2775 = VERTEX_POINT('',#2776);
#2776 = CARTESIAN_POINT('',(-2.,0.,0.));
#2777 = CIRCLE('',#2778,2.);
#2778 = AXIS2_PLACEMENT_3D('',#2779,#2780,#2781);
#2779 = CARTESIAN_POINT('',(0.,0.,0.));
#2780 = DIRECTION('',(0.,-0.,1.));
#2781 = DIRECTION('',(1.,0.,0.));
#2782 = ORIENTED_EDGE('',*,*,#2783,.F.);
#2783 = EDGE_CURVE('',#2784,#2775,#2786,.T.);
#2784 = VERTEX_POINT('',#2785);
#2785 = CARTESIAN_POINT('',(-1.65,0.,-0.245072638373));
#2786 = LINE('',#2787,#2788);
#2787 = CARTESIAN_POINT('',(-1.615,2.E-16,-0.269579902211));
#2788 = VECTOR('',#2789,1.);
#2789 = DIRECTION('',(-0.819152044289,1.E-16,0.573576436351));
#2790 = ORIENTED_EDGE('',*,*,#2791,.F.);
#2791 = EDGE_CURVE('',#2765,#2784,#2792,.T.);
#2792 = CIRCLE('',#2793,1.65);
#2793 = AXIS2_PLACEMENT_3D('',#2794,#2795,#2796);
#2794 = CARTESIAN_POINT('',(0.,0.,-0.245072638373));
#2795 = DIRECTION('',(0.,0.,-1.));
#2796 = DIRECTION('',(1.,0.,0.));
#2797 = CONICAL_SURFACE('',#2798,1.615,0.959931088597);
#2798 = AXIS2_PLACEMENT_3D('',#2799,#2800,#2801);
#2799 = CARTESIAN_POINT('',(0.,0.,-0.269579902211));
#2800 = DIRECTION('',(-0.,-0.,1.));
#2801 = DIRECTION('',(1.,0.,0.));
#2802 = ADVANCED_FACE('',(#2803),#2819,.F.);
#2803 = FACE_BOUND('',#2804,.F.);
#2804 = EDGE_LOOP('',(#2805,#2811,#2812,#2818));
#2805 = ORIENTED_EDGE('',*,*,#2806,.T.);
#2806 = EDGE_CURVE('',#2742,#2765,#2807,.T.);
#2807 = LINE('',#2808,#2809);
#2808 = CARTESIAN_POINT('',(1.65,0.,-3.2));
#2809 = VECTOR('',#2810,1.);
#2810 = DIRECTION('',(0.,0.,1.));
#2811 = ORIENTED_EDGE('',*,*,#2791,.T.);
#2812 = ORIENTED_EDGE('',*,*,#2813,.F.);
#2813 = EDGE_CURVE('',#2733,#2784,#2814,.T.);
#2814 = LINE('',#2815,#2816);
#2815 = CARTESIAN_POINT('',(-1.65,2.E-16,-3.2));
#2816 = VECTOR('',#2817,1.);
#2817 = DIRECTION('',(0.,0.,1.));
#2818 = ORIENTED_EDGE('',*,*,#2749,.T.);
#2819 = CYLINDRICAL_SURFACE('',#2820,1.65);
#2820 = AXIS2_PLACEMENT_3D('',#2821,#2822,#2823);
#2821 = CARTESIAN_POINT('',(0.,0.,-3.2));
#2822 = DIRECTION('',(0.,0.,1.));
#2823 = DIRECTION('',(1.,0.,-0.));
#2824 = ADVANCED_FACE('',(#2825),#2843,.F.);
#2825 = FACE_BOUND('',#2826,.F.);
#2826 = EDGE_LOOP('',(#2827,#2834,#2835,#2842));
#2827 = ORIENTED_EDGE('',*,*,#2828,.T.);
#2828 = EDGE_CURVE('',#2784,#2765,#2829,.T.);
#2829 = CIRCLE('',#2830,1.65);
#2830 = AXIS2_PLACEMENT_3D('',#2831,#2832,#2833);
#2831 = CARTESIAN_POINT('',(0.,0.,-0.245072638373));
#2832 = DIRECTION('',(0.,0.,-1.));
#2833 = DIRECTION('',(1.,0.,0.));
#2834 = ORIENTED_EDGE('',*,*,#2806,.F.);
#2835 = ORIENTED_EDGE('',*,*,#2836,.T.);
#2836 = EDGE_CURVE('',#2742,#2733,#2837,.T.);
#2837 = CIRCLE('',#2838,1.65);
#2838 = AXIS2_PLACEMENT_3D('',#2839,#2840,#2841);
#2839 = CARTESIAN_POINT('',(0.,0.,-2.929527361627));
#2840 = DIRECTION('',(0.,-0.,1.));
#2841 = DIRECTION('',(-1.,0.,0.));
#2842 = ORIENTED_EDGE('',*,*,#2813,.T.);
#2843 = CYLINDRICAL_SURFACE('',#2844,1.65);
#2844 = AXIS2_PLACEMENT_3D('',#2845,#2846,#2847);
#2845 = CARTESIAN_POINT('',(0.,0.,-3.2));
#2846 = DIRECTION('',(0.,0.,1.));
#2847 = DIRECTION('',(1.,0.,-0.));
#2848 = ADVANCED_FACE('',(#2849),#2907,.T.);
#2849 = FACE_BOUND('',#2850,.T.);
#2850 = EDGE_LOOP('',(#2851,#2861,#2870,#2881,#2889,#2900));
#2851 = ORIENTED_EDGE('',*,*,#2852,.T.);
#2852 = EDGE_CURVE('',#2853,#2855,#2857,.T.);
#2853 = VERTEX_POINT('',#2854);
#2854 = CARTESIAN_POINT('',(-3.5,2.020725942164,-2.88739260883));
#2855 = VERTEX_POINT('',#2856);
#2856 = CARTESIAN_POINT('',(-3.5,2.020725942164,-0.31260739117));
#2857 = LINE('',#2858,#2859);
#2858 = CARTESIAN_POINT('',(-3.5,2.020725942164,-3.2));
#2859 = VECTOR('',#2860,1.);
#2860 = DIRECTION('',(0.,0.,1.));
#2861 = ORIENTED_EDGE('',*,*,#2862,.T.);
#2862 = EDGE_CURVE('',#2855,#2863,#2865,.T.);
#2863 = VERTEX_POINT('',#2864);
#2864 = CARTESIAN_POINT('',(-1.75,3.031088913246,0.));
#2865 = B_SPLINE_CURVE_WITH_KNOTS('',3,(#2866,#2867,#2868,#2869),
  .UNSPECIFIED.,.F.,.F.,(4,4),(2.3807392822E-07,2.044882221488E-03),
  .PIECEWISE_BEZIER_KNOTS.);
#2866 = CARTESIAN_POINT('',(-3.5,2.020725942164,-0.31260739117));
#2867 = CARTESIAN_POINT('',(-2.92744741735,2.351289329882,
    -0.121756530285));
#2868 = CARTESIAN_POINT('',(-2.346298152288,2.686816014505,2.16E-15));
#2869 = CARTESIAN_POINT('',(-1.75,3.031088913246,0.));
#2870 = ORIENTED_EDGE('',*,*,#2871,.T.);
#2871 = EDGE_CURVE('',#2863,#2872,#2874,.T.);
#2872 = VERTEX_POINT('',#2873);
#2873 = CARTESIAN_POINT('',(2.E-15,4.041451884327,-0.31260739117));
#2874 = B_SPLINE_CURVE_WITH_KNOTS('',3,(#2875,#2876,#2877,#2878,#2879,
    #2880),.UNSPECIFIED.,.F.,.F.,(4,2,4),(2.044882221488E-03,
    3.063384235218E-03,4.081886248949E-03),.UNSPECIFIED.);
#2875 = CARTESIAN_POINT('',(-1.75,3.031088913246,0.));
#2876 = CARTESIAN_POINT('',(-1.45296500268,3.202582148907,2.23E-15));
#2877 = CARTESIAN_POINT('',(-1.156317065392,3.373851915355,
    -2.993401039714E-02));
#2878 = CARTESIAN_POINT('',(-0.573506447904,3.710337782248,
    -0.138841061105));
#2879 = CARTESIAN_POINT('',(-0.285561978472,3.876582599186,
    -0.217420065012));
#2880 = CARTESIAN_POINT('',(2.39E-15,4.041451884327,-0.31260739117));
#2881 = ORIENTED_EDGE('',*,*,#2882,.F.);
#2882 = EDGE_CURVE('',#2883,#2872,#2885,.T.);
#2883 = VERTEX_POINT('',#2884);
#2884 = CARTESIAN_POINT('',(2.E-15,4.041451884327,-2.88739260883));
#2885 = LINE('',#2886,#2887);
#2886 = CARTESIAN_POINT('',(-3.6E-16,4.041451884327,-3.2));
#2887 = VECTOR('',#2888,1.);
#2888 = DIRECTION('',(0.,0.,1.));
#2889 = ORIENTED_EDGE('',*,*,#2890,.F.);
#2890 = EDGE_CURVE('',#2891,#2883,#2893,.T.);
#2891 = VERTEX_POINT('',#2892);
#2892 = CARTESIAN_POINT('',(-1.75,3.031088913246,-3.2));
#2893 = B_SPLINE_CURVE_WITH_KNOTS('',3,(#2894,#2895,#2896,#2897,#2898,
    #2899),.UNSPECIFIED.,.F.,.F.,(4,2,4),(2.044882221488E-03,
    3.063384235218E-03,4.081886248949E-03),.UNSPECIFIED.);
#2894 = CARTESIAN_POINT('',(-1.75,3.031088913246,-3.2));
#2895 = CARTESIAN_POINT('',(-1.45296500268,3.202582148907,-3.2));
#2896 = CARTESIAN_POINT('',(-1.156317065392,3.373851915355,
    -3.170065989603));
#2897 = CARTESIAN_POINT('',(-0.573506447904,3.710337782248,
    -3.061158938895));
#2898 = CARTESIAN_POINT('',(-0.285561978472,3.876582599186,
    -2.982579934988));
#2899 = CARTESIAN_POINT('',(2.39E-15,4.041451884327,-2.88739260883));
#2900 = ORIENTED_EDGE('',*,*,#2901,.F.);
#2901 = EDGE_CURVE('',#2853,#2891,#2902,.T.);
#2902 = B_SPLINE_CURVE_WITH_KNOTS('',3,(#2903,#2904,#2905,#2906),
  .UNSPECIFIED.,.F.,.F.,(4,4),(2.3807392822E-07,2.044882221488E-03),
  .PIECEWISE_BEZIER_KNOTS.);
#2903 = CARTESIAN_POINT('',(-3.5,2.020725942164,-2.88739260883));
#2904 = CARTESIAN_POINT('',(-2.92744741735,2.351289329882,
    -3.078243469715));
#2905 = CARTESIAN_POINT('',(-2.346298152288,2.686816014505,-3.2));
#2906 = CARTESIAN_POINT('',(-1.75,3.031088913246,-3.2));
#2907 = PLANE('',#2908);
#2908 = AXIS2_PLACEMENT_3D('',#2909,#2910,#2911);
#2909 = CARTESIAN_POINT('',(-3.6E-16,4.041451884327,-3.2));
#2910 = DIRECTION('',(-0.5,0.866025403784,0.));
#2911 = DIRECTION('',(-0.866025403784,-0.5,0.));
#2912 = ADVANCED_FACE('',(#2913),#2962,.T.);
#2913 = FACE_BOUND('',#2914,.T.);
#2914 = EDGE_LOOP('',(#2915,#2916,#2925,#2936,#2944,#2955));
#2915 = ORIENTED_EDGE('',*,*,#2882,.T.);
#2916 = ORIENTED_EDGE('',*,*,#2917,.T.);
#2917 = EDGE_CURVE('',#2872,#2918,#2920,.T.);
#2918 = VERTEX_POINT('',#2919);
#2919 = CARTESIAN_POINT('',(1.75,3.031088913246,0.));
#2920 = B_SPLINE_CURVE_WITH_KNOTS('',3,(#2921,#2922,#2923,#2924),
  .UNSPECIFIED.,.F.,.F.,(4,4),(2.3807392822E-07,2.044882221488E-03),
  .PIECEWISE_BEZIER_KNOTS.);
#2921 = CARTESIAN_POINT('',(2.39E-15,4.041451884327,-0.31260739117));
#2922 = CARTESIAN_POINT('',(0.57255258265,3.710888496609,-0.121756530285
    ));
#2923 = CARTESIAN_POINT('',(1.153701847712,3.375361811987,1.91E-15));
#2924 = CARTESIAN_POINT('',(1.75,3.031088913246,0.));
#2925 = ORIENTED_EDGE('',*,*,#2926,.T.);
#2926 = EDGE_CURVE('',#2918,#2927,#2929,.T.);
#2927 = VERTEX_POINT('',#2928);
#2928 = CARTESIAN_POINT('',(3.5,2.020725942164,-0.31260739117));
#2929 = B_SPLINE_CURVE_WITH_KNOTS('',3,(#2930,#2931,#2932,#2933,#2934,
    #2935),.UNSPECIFIED.,.F.,.F.,(4,2,4),(2.044882221488E-03,
    3.063384235218E-03,4.081886248949E-03),.UNSPECIFIED.);
#2930 = CARTESIAN_POINT('',(1.75,3.031088913246,0.));
#2931 = CARTESIAN_POINT('',(2.04703499732,2.859595677584,1.97E-15));
#2932 = CARTESIAN_POINT('',(2.343682934608,2.688325911136,
    -2.993401039714E-02));
#2933 = CARTESIAN_POINT('',(2.926493552096,2.351840044243,
    -0.138841061105));
#2934 = CARTESIAN_POINT('',(3.214438021528,2.185595227305,
    -0.217420065012));
#2935 = CARTESIAN_POINT('',(3.5,2.020725942164,-0.31260739117));
#2936 = ORIENTED_EDGE('',*,*,#2937,.F.);
#2937 = EDGE_CURVE('',#2938,#2927,#2940,.T.);
#2938 = VERTEX_POINT('',#2939);
#2939 = CARTESIAN_POINT('',(3.5,2.020725942164,-2.88739260883));
#2940 = LINE('',#2941,#2942);
#2941 = CARTESIAN_POINT('',(3.5,2.020725942164,-3.2));
#2942 = VECTOR('',#2943,1.);
#2943 = DIRECTION('',(0.,0.,1.));
#2944 = ORIENTED_EDGE('',*,*,#2945,.F.);
#2945 = EDGE_CURVE('',#2946,#2938,#2948,.T.);
#2946 = VERTEX_POINT('',#2947);
#2947 = CARTESIAN_POINT('',(1.75,3.031088913246,-3.2));
#2948 = B_SPLINE_CURVE_WITH_KNOTS('',3,(#2949,#2950,#2951,#2952,#2953,
    #2954),.UNSPECIFIED.,.F.,.F.,(4,2,4),(2.044882221488E-03,
    3.063384235218E-03,4.081886248949E-03),.UNSPECIFIED.);
#2949 = CARTESIAN_POINT('',(1.75,3.031088913246,-3.2));
#2950 = CARTESIAN_POINT('',(2.04703499732,2.859595677584,-3.2));
#2951 = CARTESIAN_POINT('',(2.343682934608,2.688325911136,
    -3.170065989603));
#2952 = CARTESIAN_POINT('',(2.926493552096,2.351840044243,
    -3.061158938895));
#2953 = CARTESIAN_POINT('',(3.214438021528,2.185595227305,
    -2.982579934988));
#2954 = CARTESIAN_POINT('',(3.5,2.020725942164,-2.88739260883));
#2955 = ORIENTED_EDGE('',*,*,#2956,.F.);
#2956 = EDGE_CURVE('',#2883,#2946,#2957,.T.);
#2957 = B_SPLINE_CURVE_WITH_KNOTS('',3,(#2958,#2959,#2960,#2961),
  .UNSPECIFIED.,.F.,.F.,(4,4),(2.3807392822E-07,2.044882221488E-03),
  .PIECEWISE_BEZIER_KNOTS.);
#2958 = CARTESIAN_POINT('',(2.39E-15,4.041451884327,-2.88739260883));
#2959 = CARTESIAN_POINT('',(0.57255258265,3.710888496609,-3.078243469715
    ));
#2960 = CARTESIAN_POINT('',(1.153701847712,3.375361811987,-3.2));
#2961 = CARTESIAN_POINT('',(1.75,3.031088913246,-3.2));
#2962 = PLANE('',#2963);
#2963 = AXIS2_PLACEMENT_3D('',#2964,#2965,#2966);
#2964 = CARTESIAN_POINT('',(3.5,2.020725942164,-3.2));
#2965 = DIRECTION('',(0.5,0.866025403784,-0.));
#2966 = DIRECTION('',(-0.866025403784,0.5,0.));
#2967 = ADVANCED_FACE('',(#2968),#3021,.F.);
#2968 = FACE_BOUND('',#2969,.T.);
#2969 = EDGE_LOOP('',(#2970,#2983,#2991,#3002,#3011,#3012));
#2970 = ORIENTED_EDGE('',*,*,#2971,.F.);
#2971 = EDGE_CURVE('',#2972,#2974,#2976,.T.);
#2972 = VERTEX_POINT('',#2973);
#2973 = CARTESIAN_POINT('',(3.5,-2.020725942164,-0.31260739117));
#2974 = VERTEX_POINT('',#2975);
#2975 = CARTESIAN_POINT('',(3.5,0.,0.));
#2976 = B_SPLINE_CURVE_WITH_KNOTS('',3,(#2977,#2978,#2979,#2980,#2981,
    #2982),.UNSPECIFIED.,.F.,.F.,(4,2,4),(3.605240635278E-03,
    4.627368318297E-03,5.649496001316E-03),.UNSPECIFIED.);
#2977 = CARTESIAN_POINT('',(3.5,-2.020725942164,-0.31260739117));
#2978 = CARTESIAN_POINT('',(3.5,-1.692071238847,-0.217732950455));
#2979 = CARTESIAN_POINT('',(3.5,-1.355464348822,-0.138158421271));
#2980 = CARTESIAN_POINT('',(3.5,-0.6807265985,-2.935130719647E-02));
#2981 = CARTESIAN_POINT('',(3.5,-0.341469452025,2.7E-16));
#2982 = CARTESIAN_POINT('',(3.5,0.,0.));
#2983 = ORIENTED_EDGE('',*,*,#2984,.F.);
#2984 = EDGE_CURVE('',#2985,#2972,#2987,.T.);
#2985 = VERTEX_POINT('',#2986);
#2986 = CARTESIAN_POINT('',(3.5,-2.020725942164,-2.88739260883));
#2987 = LINE('',#2988,#2989);
#2988 = CARTESIAN_POINT('',(3.5,-2.020725942164,-3.2));
#2989 = VECTOR('',#2990,1.);
#2990 = DIRECTION('',(0.,0.,1.));
#2991 = ORIENTED_EDGE('',*,*,#2992,.T.);
#2992 = EDGE_CURVE('',#2985,#2993,#2995,.T.);
#2993 = VERTEX_POINT('',#2994);
#2994 = CARTESIAN_POINT('',(3.5,0.,-3.2));
#2995 = B_SPLINE_CURVE_WITH_KNOTS('',3,(#2996,#2997,#2998,#2999,#3000,
    #3001),.UNSPECIFIED.,.F.,.F.,(4,2,4),(3.605240635278E-03,
    4.627368318297E-03,5.649496001316E-03),.UNSPECIFIED.);
#2996 = CARTESIAN_POINT('',(3.5,-2.020725942164,-2.88739260883));
#2997 = CARTESIAN_POINT('',(3.5,-1.692071238847,-2.982267049545));
#2998 = CARTESIAN_POINT('',(3.5,-1.355464348822,-3.061841578729));
#2999 = CARTESIAN_POINT('',(3.5,-0.6807265985,-3.170648692804));
#3000 = CARTESIAN_POINT('',(3.5,-0.341469452025,-3.2));
#3001 = CARTESIAN_POINT('',(3.5,0.,-3.2));
#3002 = ORIENTED_EDGE('',*,*,#3003,.T.);
#3003 = EDGE_CURVE('',#2993,#2938,#3004,.T.);
#3004 = B_SPLINE_CURVE_WITH_KNOTS('',3,(#3005,#3006,#3007,#3008,#3009,
    #3010),.UNSPECIFIED.,.F.,.F.,(4,2,4),(5.649496001316E-03,
    6.672230966438E-03,7.69496593156E-03),.UNSPECIFIED.);
#3005 = CARTESIAN_POINT('',(3.5,0.,-3.2));
#3006 = CARTESIAN_POINT('',(3.5,0.341672331069,-3.2));
#3007 = CARTESIAN_POINT('',(3.5,0.687990450077,-3.169836757076));
#3008 = CARTESIAN_POINT('',(3.5,1.362959798492,-3.060265505016));
#3009 = CARTESIAN_POINT('',(3.5,1.693985822988,-2.981714356711));
#3010 = CARTESIAN_POINT('',(3.5,2.020725942164,-2.88739260883));
#3011 = ORIENTED_EDGE('',*,*,#2937,.T.);
#3012 = ORIENTED_EDGE('',*,*,#3013,.F.);
#3013 = EDGE_CURVE('',#2974,#2927,#3014,.T.);
#3014 = B_SPLINE_CURVE_WITH_KNOTS('',3,(#3015,#3016,#3017,#3018,#3019,
    #3020),.UNSPECIFIED.,.F.,.F.,(4,2,4),(5.649496001316E-03,
    6.672230966438E-03,7.69496593156E-03),.UNSPECIFIED.);
#3015 = CARTESIAN_POINT('',(3.5,0.,0.));
#3016 = CARTESIAN_POINT('',(3.5,0.341672331069,2.3E-16));
#3017 = CARTESIAN_POINT('',(3.5,0.687990450077,-3.016324292412E-02));
#3018 = CARTESIAN_POINT('',(3.5,1.362959798492,-0.139734494984));
#3019 = CARTESIAN_POINT('',(3.5,1.693985822988,-0.218285643289));
#3020 = CARTESIAN_POINT('',(3.5,2.020725942164,-0.31260739117));
#3021 = PLANE('',#3022);
#3022 = AXIS2_PLACEMENT_3D('',#3023,#3024,#3025);
#3023 = CARTESIAN_POINT('',(3.5,2.020725942164,-3.2));
#3024 = DIRECTION('',(-1.,0.,0.));
#3025 = DIRECTION('',(0.,0.,1.));
#3026 = ADVANCED_FACE('',(#3027),#3076,.T.);
#3027 = FACE_BOUND('',#3028,.T.);
#3028 = EDGE_LOOP('',(#3029,#3030,#3039,#3050,#3058,#3069));
#3029 = ORIENTED_EDGE('',*,*,#2984,.T.);
#3030 = ORIENTED_EDGE('',*,*,#3031,.T.);
#3031 = EDGE_CURVE('',#2972,#3032,#3034,.T.);
#3032 = VERTEX_POINT('',#3033);
#3033 = CARTESIAN_POINT('',(1.75,-3.031088913246,0.));
#3034 = B_SPLINE_CURVE_WITH_KNOTS('',3,(#3035,#3036,#3037,#3038),
  .UNSPECIFIED.,.F.,.F.,(4,4),(2.3807392822E-07,2.044882221488E-03),
  .PIECEWISE_BEZIER_KNOTS.);
#3035 = CARTESIAN_POINT('',(3.5,-2.020725942164,-0.31260739117));
#3036 = CARTESIAN_POINT('',(2.92744741735,-2.351289329882,
    -0.121756530285));
#3037 = CARTESIAN_POINT('',(2.346298152288,-2.686816014505,5.8E-16));
#3038 = CARTESIAN_POINT('',(1.75,-3.031088913246,0.));
#3039 = ORIENTED_EDGE('',*,*,#3040,.T.);
#3040 = EDGE_CURVE('',#3032,#3041,#3043,.T.);
#3041 = VERTEX_POINT('',#3042);
#3042 = CARTESIAN_POINT('',(-7.E-15,-4.041451884327,-0.31260739117));
#3043 = B_SPLINE_CURVE_WITH_KNOTS('',3,(#3044,#3045,#3046,#3047,#3048,
    #3049),.UNSPECIFIED.,.F.,.F.,(4,2,4),(2.044882221488E-03,
    3.063384235218E-03,4.081886248949E-03),.UNSPECIFIED.);
#3044 = CARTESIAN_POINT('',(1.75,-3.031088913246,0.));
#3045 = CARTESIAN_POINT('',(1.45296500268,-3.202582148907,5.7E-16));
#3046 = CARTESIAN_POINT('',(1.156317065392,-3.373851915355,
    -2.993401039714E-02));
#3047 = CARTESIAN_POINT('',(0.573506447904,-3.710337782248,
    -0.138841061105));
#3048 = CARTESIAN_POINT('',(0.285561978472,-3.876582599186,
    -0.217420065012));
#3049 = CARTESIAN_POINT('',(-6.51E-15,-4.041451884327,-0.31260739117));
#3050 = ORIENTED_EDGE('',*,*,#3051,.F.);
#3051 = EDGE_CURVE('',#3052,#3041,#3054,.T.);
#3052 = VERTEX_POINT('',#3053);
#3053 = CARTESIAN_POINT('',(-7.E-15,-4.041451884327,-2.88739260883));
#3054 = LINE('',#3055,#3056);
#3055 = CARTESIAN_POINT('',(2.5E-16,-4.041451884327,-3.2));
#3056 = VECTOR('',#3057,1.);
#3057 = DIRECTION('',(0.,0.,1.));
#3058 = ORIENTED_EDGE('',*,*,#3059,.F.);
#3059 = EDGE_CURVE('',#3060,#3052,#3062,.T.);
#3060 = VERTEX_POINT('',#3061);
#3061 = CARTESIAN_POINT('',(1.75,-3.031088913246,-3.2));
#3062 = B_SPLINE_CURVE_WITH_KNOTS('',3,(#3063,#3064,#3065,#3066,#3067,
    #3068),.UNSPECIFIED.,.F.,.F.,(4,2,4),(2.044882221488E-03,
    3.063384235218E-03,4.081886248949E-03),.UNSPECIFIED.);
#3063 = CARTESIAN_POINT('',(1.75,-3.031088913246,-3.2));
#3064 = CARTESIAN_POINT('',(1.45296500268,-3.202582148907,-3.2));
#3065 = CARTESIAN_POINT('',(1.156317065392,-3.373851915355,
    -3.170065989603));
#3066 = CARTESIAN_POINT('',(0.573506447904,-3.710337782248,
    -3.061158938895));
#3067 = CARTESIAN_POINT('',(0.285561978472,-3.876582599186,
    -2.982579934988));
#3068 = CARTESIAN_POINT('',(-6.51E-15,-4.041451884327,-2.88739260883));
#3069 = ORIENTED_EDGE('',*,*,#3070,.F.);
#3070 = EDGE_CURVE('',#2985,#3060,#3071,.T.);
#3071 = B_SPLINE_CURVE_WITH_KNOTS('',3,(#3072,#3073,#3074,#3075),
  .UNSPECIFIED.,.F.,.F.,(4,4),(2.3807392822E-07,2.044882221488E-03),
  .PIECEWISE_BEZIER_KNOTS.);
#3072 = CARTESIAN_POINT('',(3.5,-2.020725942164,-2.88739260883));
#3073 = CARTESIAN_POINT('',(2.92744741735,-2.351289329882,
    -3.078243469715));
#3074 = CARTESIAN_POINT('',(2.346298152288,-2.686816014505,-3.2));
#3075 = CARTESIAN_POINT('',(1.75,-3.031088913246,-3.2));
#3076 = PLANE('',#3077);
#3077 = AXIS2_PLACEMENT_3D('',#3078,#3079,#3080);
#3078 = CARTESIAN_POINT('',(2.5E-16,-4.041451884327,-3.2));
#3079 = DIRECTION('',(0.5,-0.866025403784,0.));
#3080 = DIRECTION('',(0.866025403784,0.5,0.));
#3081 = ADVANCED_FACE('',(#3082),#3131,.T.);
#3082 = FACE_BOUND('',#3083,.T.);
#3083 = EDGE_LOOP('',(#3084,#3085,#3094,#3105,#3113,#3124));
#3084 = ORIENTED_EDGE('',*,*,#3051,.T.);
#3085 = ORIENTED_EDGE('',*,*,#3086,.T.);
#3086 = EDGE_CURVE('',#3041,#3087,#3089,.T.);
#3087 = VERTEX_POINT('',#3088);
#3088 = CARTESIAN_POINT('',(-1.75,-3.031088913246,0.));
#3089 = B_SPLINE_CURVE_WITH_KNOTS('',3,(#3090,#3091,#3092,#3093),
  .UNSPECIFIED.,.F.,.F.,(4,4),(2.3807392822E-07,2.044882221488E-03),
  .PIECEWISE_BEZIER_KNOTS.);
#3090 = CARTESIAN_POINT('',(-6.51E-15,-4.041451884327,-0.31260739117));
#3091 = CARTESIAN_POINT('',(-0.57255258265,-3.710888496609,
    -0.121756530285));
#3092 = CARTESIAN_POINT('',(-1.153701847712,-3.375361811987,3.1E-16));
#3093 = CARTESIAN_POINT('',(-1.75,-3.031088913246,0.));
#3094 = ORIENTED_EDGE('',*,*,#3095,.T.);
#3095 = EDGE_CURVE('',#3087,#3096,#3098,.T.);
#3096 = VERTEX_POINT('',#3097);
#3097 = CARTESIAN_POINT('',(-3.5,-2.020725942164,-0.31260739117));
#3098 = B_SPLINE_CURVE_WITH_KNOTS('',3,(#3099,#3100,#3101,#3102,#3103,
    #3104),.UNSPECIFIED.,.F.,.F.,(4,2,4),(2.044882221488E-03,
    3.063384235218E-03,4.081886248949E-03),.UNSPECIFIED.);
#3099 = CARTESIAN_POINT('',(-1.75,-3.031088913246,0.));
#3100 = CARTESIAN_POINT('',(-2.04703499732,-2.859595677584,3.4E-16));
#3101 = CARTESIAN_POINT('',(-2.343682934608,-2.688325911136,
    -2.993401039714E-02));
#3102 = CARTESIAN_POINT('',(-2.926493552096,-2.351840044243,
    -0.138841061105));
#3103 = CARTESIAN_POINT('',(-3.214438021528,-2.185595227305,
    -0.217420065012));
#3104 = CARTESIAN_POINT('',(-3.5,-2.020725942164,-0.31260739117));
#3105 = ORIENTED_EDGE('',*,*,#3106,.F.);
#3106 = EDGE_CURVE('',#3107,#3096,#3109,.T.);
#3107 = VERTEX_POINT('',#3108);
#3108 = CARTESIAN_POINT('',(-3.5,-2.020725942164,-2.88739260883));
#3109 = LINE('',#3110,#3111);
#3110 = CARTESIAN_POINT('',(-3.5,-2.020725942164,-3.2));
#3111 = VECTOR('',#3112,1.);
#3112 = DIRECTION('',(0.,0.,1.));
#3113 = ORIENTED_EDGE('',*,*,#3114,.F.);
#3114 = EDGE_CURVE('',#3115,#3107,#3117,.T.);
#3115 = VERTEX_POINT('',#3116);
#3116 = CARTESIAN_POINT('',(-1.75,-3.031088913246,-3.2));
#3117 = B_SPLINE_CURVE_WITH_KNOTS('',3,(#3118,#3119,#3120,#3121,#3122,
    #3123),.UNSPECIFIED.,.F.,.F.,(4,2,4),(2.044882221488E-03,
    3.063384235218E-03,4.081886248949E-03),.UNSPECIFIED.);
#3118 = CARTESIAN_POINT('',(-1.75,-3.031088913246,-3.2));
#3119 = CARTESIAN_POINT('',(-2.04703499732,-2.859595677584,-3.2));
#3120 = CARTESIAN_POINT('',(-2.343682934608,-2.688325911136,
    -3.170065989603));
#3121 = CARTESIAN_POINT('',(-2.926493552096,-2.351840044243,
    -3.061158938895));
#3122 = CARTESIAN_POINT('',(-3.214438021528,-2.185595227305,
    -2.982579934988));
#3123 = CARTESIAN_POINT('',(-3.5,-2.020725942164,-2.88739260883));
#3124 = ORIENTED_EDGE('',*,*,#3125,.F.);
#3125 = EDGE_CURVE('',#3052,#3115,#3126,.T.);
#3126 = B_SPLINE_CURVE_WITH_KNOTS('',3,(#3127,#3128,#3129,#3130),
  .UNSPECIFIED.,.F.,.F.,(4,4),(2.3807392822E-07,2.044882221488E-03),
  .PIECEWISE_BEZIER_KNOTS.);
#3127 = CARTESIAN_POINT('',(-6.51E-15,-4.041451884327,-2.88739260883));
#3128 = CARTESIAN_POINT('',(-0.57255258265,-3.710888496609,
    -3.078243469715));
#3129 = CARTESIAN_POINT('',(-1.153701847712,-3.375361811987,-3.2));
#3130 = CARTESIAN_POINT('',(-1.75,-3.031088913246,-3.2));
#3131 = PLANE('',#3132);
#3132 = AXIS2_PLACEMENT_3D('',#3133,#3134,#3135);
#3133 = CARTESIAN_POINT('',(-3.5,-2.020725942164,-3.2));
#3134 = DIRECTION('',(-0.5,-0.866025403784,0.));
#3135 = DIRECTION('',(0.866025403784,-0.5,0.));
#3136 = ADVANCED_FACE('',(#3137),#3181,.T.);
#3137 = FACE_BOUND('',#3138,.T.);
#3138 = EDGE_LOOP('',(#3139,#3140,#3151,#3160,#3161,#3172));
#3139 = ORIENTED_EDGE('',*,*,#3106,.T.);
#3140 = ORIENTED_EDGE('',*,*,#3141,.T.);
#3141 = EDGE_CURVE('',#3096,#3142,#3144,.T.);
#3142 = VERTEX_POINT('',#3143);
#3143 = CARTESIAN_POINT('',(-3.5,0.,0.));
#3144 = B_SPLINE_CURVE_WITH_KNOTS('',3,(#3145,#3146,#3147,#3148,#3149,
    #3150),.UNSPECIFIED.,.F.,.F.,(4,2,4),(3.605240635278E-03,
    4.627368318297E-03,5.649496001316E-03),.UNSPECIFIED.);
#3145 = CARTESIAN_POINT('',(-3.5,-2.020725942164,-0.31260739117));
#3146 = CARTESIAN_POINT('',(-3.5,-1.692071238847,-0.217732950455));
#3147 = CARTESIAN_POINT('',(-3.5,-1.355464348822,-0.138158421271));
#3148 = CARTESIAN_POINT('',(-3.5,-0.6807265985,-2.935130719647E-02));
#3149 = CARTESIAN_POINT('',(-3.5,-0.341469452025,2.4E-16));
#3150 = CARTESIAN_POINT('',(-3.5,0.,0.));
#3151 = ORIENTED_EDGE('',*,*,#3152,.T.);
#3152 = EDGE_CURVE('',#3142,#2855,#3153,.T.);
#3153 = B_SPLINE_CURVE_WITH_KNOTS('',3,(#3154,#3155,#3156,#3157,#3158,
    #3159),.UNSPECIFIED.,.F.,.F.,(4,2,4),(5.649496001316E-03,
    6.672230966438E-03,7.69496593156E-03),.UNSPECIFIED.);
#3154 = CARTESIAN_POINT('',(-3.5,0.,0.));
#3155 = CARTESIAN_POINT('',(-3.5,0.341672331069,2.6E-16));
#3156 = CARTESIAN_POINT('',(-3.5,0.687990450077,-3.016324292412E-02));
#3157 = CARTESIAN_POINT('',(-3.5,1.362959798492,-0.139734494984));
#3158 = CARTESIAN_POINT('',(-3.5,1.693985822988,-0.218285643289));
#3159 = CARTESIAN_POINT('',(-3.5,2.020725942164,-0.31260739117));
#3160 = ORIENTED_EDGE('',*,*,#2852,.F.);
#3161 = ORIENTED_EDGE('',*,*,#3162,.F.);
#3162 = EDGE_CURVE('',#3163,#2853,#3165,.T.);
#3163 = VERTEX_POINT('',#3164);
#3164 = CARTESIAN_POINT('',(-3.5,0.,-3.2));
#3165 = B_SPLINE_CURVE_WITH_KNOTS('',3,(#3166,#3167,#3168,#3169,#3170,
    #3171),.UNSPECIFIED.,.F.,.F.,(4,2,4),(5.649496001316E-03,
    6.672230966438E-03,7.69496593156E-03),.UNSPECIFIED.);
#3166 = CARTESIAN_POINT('',(-3.5,0.,-3.2));
#3167 = CARTESIAN_POINT('',(-3.5,0.341672331069,-3.2));
#3168 = CARTESIAN_POINT('',(-3.5,0.687990450077,-3.169836757076));
#3169 = CARTESIAN_POINT('',(-3.5,1.362959798492,-3.060265505016));
#3170 = CARTESIAN_POINT('',(-3.5,1.693985822988,-2.981714356711));
#3171 = CARTESIAN_POINT('',(-3.5,2.020725942164,-2.88739260883));
#3172 = ORIENTED_EDGE('',*,*,#3173,.F.);
#3173 = EDGE_CURVE('',#3107,#3163,#3174,.T.);
#3174 = B_SPLINE_CURVE_WITH_KNOTS('',3,(#3175,#3176,#3177,#3178,#3179,
    #3180),.UNSPECIFIED.,.F.,.F.,(4,2,4),(3.605240635278E-03,
    4.627368318297E-03,5.649496001316E-03),.UNSPECIFIED.);
#3175 = CARTESIAN_POINT('',(-3.5,-2.020725942164,-2.88739260883));
#3176 = CARTESIAN_POINT('',(-3.5,-1.692071238847,-2.982267049545));
#3177 = CARTESIAN_POINT('',(-3.5,-1.355464348822,-3.061841578729));
#3178 = CARTESIAN_POINT('',(-3.5,-0.6807265985,-3.170648692804));
#3179 = CARTESIAN_POINT('',(-3.5,-0.341469452025,-3.2));
#3180 = CARTESIAN_POINT('',(-3.5,0.,-3.2));
#3181 = PLANE('',#3182);
#3182 = AXIS2_PLACEMENT_3D('',#3183,#3184,#3185);
#3183 = CARTESIAN_POINT('',(-3.5,2.020725942164,-3.2));
#3184 = DIRECTION('',(-1.,0.,0.));
#3185 = DIRECTION('',(0.,0.,1.));
#3186 = ADVANCED_FACE('',(#3187,#3197),#3241,.F.);
#3187 = FACE_BOUND('',#3188,.T.);
#3188 = EDGE_LOOP('',(#3189,#3196));
#3189 = ORIENTED_EDGE('',*,*,#3190,.F.);
#3190 = EDGE_CURVE('',#2767,#2775,#3191,.T.);
#3191 = CIRCLE('',#3192,2.);
#3192 = AXIS2_PLACEMENT_3D('',#3193,#3194,#3195);
#3193 = CARTESIAN_POINT('',(0.,0.,0.));
#3194 = DIRECTION('',(0.,-0.,1.));
#3195 = DIRECTION('',(1.,0.,0.));
#3196 = ORIENTED_EDGE('',*,*,#2774,.F.);
#3197 = FACE_BOUND('',#3198,.T.);
#3198 = EDGE_LOOP('',(#3199,#3206,#3213,#3220,#3227,#3234));
#3199 = ORIENTED_EDGE('',*,*,#3200,.F.);
#3200 = EDGE_CURVE('',#3142,#2863,#3201,.T.);
#3201 = CIRCLE('',#3202,3.5);
#3202 = AXIS2_PLACEMENT_3D('',#3203,#3204,#3205);
#3203 = CARTESIAN_POINT('',(0.,0.,0.));
#3204 = DIRECTION('',(0.,0.,-1.));
#3205 = DIRECTION('',(-1.,0.,0.));
#3206 = ORIENTED_EDGE('',*,*,#3207,.F.);
#3207 = EDGE_CURVE('',#3087,#3142,#3208,.T.);
#3208 = CIRCLE('',#3209,3.5);
#3209 = AXIS2_PLACEMENT_3D('',#3210,#3211,#3212);
#3210 = CARTESIAN_POINT('',(0.,0.,0.));
#3211 = DIRECTION('',(0.,0.,-1.));
#3212 = DIRECTION('',(-1.,0.,0.));
#3213 = ORIENTED_EDGE('',*,*,#3214,.F.);
#3214 = EDGE_CURVE('',#3032,#3087,#3215,.T.);
#3215 = CIRCLE('',#3216,3.5);
#3216 = AXIS2_PLACEMENT_3D('',#3217,#3218,#3219);
#3217 = CARTESIAN_POINT('',(0.,0.,0.));
#3218 = DIRECTION('',(0.,0.,-1.));
#3219 = DIRECTION('',(-1.,0.,0.));
#3220 = ORIENTED_EDGE('',*,*,#3221,.F.);
#3221 = EDGE_CURVE('',#2974,#3032,#3222,.T.);
#3222 = CIRCLE('',#3223,3.5);
#3223 = AXIS2_PLACEMENT_3D('',#3224,#3225,#3226);
#3224 = CARTESIAN_POINT('',(0.,0.,0.));
#3225 = DIRECTION('',(0.,0.,-1.));
#3226 = DIRECTION('',(-1.,0.,0.));
#3227 = ORIENTED_EDGE('',*,*,#3228,.T.);
#3228 = EDGE_CURVE('',#2974,#2918,#3229,.T.);
#3229 = CIRCLE('',#3230,3.5);
#3230 = AXIS2_PLACEMENT_3D('',#3231,#3232,#3233);
#3231 = CARTESIAN_POINT('',(0.,0.,0.));
#3232 = DIRECTION('',(0.,-0.,1.));
#3233 = DIRECTION('',(1.,0.,0.));
#3234 = ORIENTED_EDGE('',*,*,#3235,.F.);
#3235 = EDGE_CURVE('',#2863,#2918,#3236,.T.);
#3236 = CIRCLE('',#3237,3.5);
#3237 = AXIS2_PLACEMENT_3D('',#3238,#3239,#3240);
#3238 = CARTESIAN_POINT('',(0.,0.,0.));
#3239 = DIRECTION('',(0.,0.,-1.));
#3240 = DIRECTION('',(-1.,0.,0.));
#3241 = PLANE('',#3242);
#3242 = AXIS2_PLACEMENT_3D('',#3243,#3244,#3245);
#3243 = CARTESIAN_POINT('',(-2.17E-15,4.041451884327,0.));
#3244 = DIRECTION('',(0.,0.,-1.));
#3245 = DIRECTION('',(-1.,0.,0.));
#3246 = ADVANCED_FACE('',(#3247,#3257),#3301,.T.);
#3247 = FACE_BOUND('',#3248,.T.);
#3248 = EDGE_LOOP('',(#3249,#3256));
#3249 = ORIENTED_EDGE('',*,*,#3250,.T.);
#3250 = EDGE_CURVE('',#2691,#2710,#3251,.T.);
#3251 = CIRCLE('',#3252,2.);
#3252 = AXIS2_PLACEMENT_3D('',#3253,#3254,#3255);
#3253 = CARTESIAN_POINT('',(0.,0.,-3.2));
#3254 = DIRECTION('',(0.,0.,1.));
#3255 = DIRECTION('',(-1.,0.,0.));
#3256 = ORIENTED_EDGE('',*,*,#2717,.T.);
#3257 = FACE_BOUND('',#3258,.T.);
#3258 = EDGE_LOOP('',(#3259,#3266,#3273,#3280,#3287,#3294));
#3259 = ORIENTED_EDGE('',*,*,#3260,.F.);
#3260 = EDGE_CURVE('',#3163,#3115,#3261,.T.);
#3261 = CIRCLE('',#3262,3.5);
#3262 = AXIS2_PLACEMENT_3D('',#3263,#3264,#3265);
#3263 = CARTESIAN_POINT('',(0.,0.,-3.2));
#3264 = DIRECTION('',(0.,0.,1.));
#3265 = DIRECTION('',(-1.,0.,0.));
#3266 = ORIENTED_EDGE('',*,*,#3267,.F.);
#3267 = EDGE_CURVE('',#2891,#3163,#3268,.T.);
#3268 = CIRCLE('',#3269,3.5);
#3269 = AXIS2_PLACEMENT_3D('',#3270,#3271,#3272);
#3270 = CARTESIAN_POINT('',(0.,0.,-3.2));
#3271 = DIRECTION('',(0.,0.,1.));
#3272 = DIRECTION('',(-1.,1.78E-15,0.));
#3273 = ORIENTED_EDGE('',*,*,#3274,.F.);
#3274 = EDGE_CURVE('',#2946,#2891,#3275,.T.);
#3275 = CIRCLE('',#3276,3.5);
#3276 = AXIS2_PLACEMENT_3D('',#3277,#3278,#3279);
#3277 = CARTESIAN_POINT('',(0.,0.,-3.2));
#3278 = DIRECTION('',(0.,0.,1.));
#3279 = DIRECTION('',(-1.,-3.55E-15,0.));
#3280 = ORIENTED_EDGE('',*,*,#3281,.F.);
#3281 = EDGE_CURVE('',#2993,#2946,#3282,.T.);
#3282 = CIRCLE('',#3283,3.5);
#3283 = AXIS2_PLACEMENT_3D('',#3284,#3285,#3286);
#3284 = CARTESIAN_POINT('',(0.,0.,-3.2));
#3285 = DIRECTION('',(0.,-0.,1.));
#3286 = DIRECTION('',(1.,0.,0.));
#3287 = ORIENTED_EDGE('',*,*,#3288,.F.);
#3288 = EDGE_CURVE('',#3060,#2993,#3289,.T.);
#3289 = CIRCLE('',#3290,3.5);
#3290 = AXIS2_PLACEMENT_3D('',#3291,#3292,#3293);
#3291 = CARTESIAN_POINT('',(0.,0.,-3.2));
#3292 = DIRECTION('',(0.,0.,1.));
#3293 = DIRECTION('',(-1.,0.,0.));
#3294 = ORIENTED_EDGE('',*,*,#3295,.F.);
#3295 = EDGE_CURVE('',#3115,#3060,#3296,.T.);
#3296 = CIRCLE('',#3297,3.5);
#3297 = AXIS2_PLACEMENT_3D('',#3298,#3299,#3300);
#3298 = CARTESIAN_POINT('',(0.,0.,-3.2));
#3299 = DIRECTION('',(0.,0.,1.));
#3300 = DIRECTION('',(-1.,0.,0.));
#3301 = PLANE('',#3302);
#3302 = AXIS2_PLACEMENT_3D('',#3303,#3304,#3305);
#3303 = CARTESIAN_POINT('',(-2.17E-15,4.041451884327,-3.2));
#3304 = DIRECTION('',(0.,0.,-1.));
#3305 = DIRECTION('',(-1.,0.,0.));
#3306 = ADVANCED_FACE('',(#3307),#3312,.T.);
#3307 = FACE_BOUND('',#3308,.T.);
#3308 = EDGE_LOOP('',(#3309,#3310,#3311));
#3309 = ORIENTED_EDGE('',*,*,#2901,.T.);
#3310 = ORIENTED_EDGE('',*,*,#3267,.T.);
#3311 = ORIENTED_EDGE('',*,*,#3162,.T.);
#3312 = CONICAL_SURFACE('',#3313,3.5,1.047197551197);
#3313 = AXIS2_PLACEMENT_3D('',#3314,#3315,#3316);
#3314 = CARTESIAN_POINT('',(0.,0.,-3.2));
#3315 = DIRECTION('',(-0.,-0.,1.));
#3316 = DIRECTION('',(1.,0.,0.));
#3317 = ADVANCED_FACE('',(#3318),#3323,.T.);
#3318 = FACE_BOUND('',#3319,.T.);
#3319 = EDGE_LOOP('',(#3320,#3321,#3322));
#3320 = ORIENTED_EDGE('',*,*,#2890,.T.);
#3321 = ORIENTED_EDGE('',*,*,#2956,.T.);
#3322 = ORIENTED_EDGE('',*,*,#3274,.T.);
#3323 = CONICAL_SURFACE('',#3324,3.5,1.047197551197);
#3324 = AXIS2_PLACEMENT_3D('',#3325,#3326,#3327);
#3325 = CARTESIAN_POINT('',(0.,0.,-3.2));
#3326 = DIRECTION('',(-0.,-0.,1.));
#3327 = DIRECTION('',(1.,0.,0.));
#3328 = ADVANCED_FACE('',(#3329),#3334,.T.);
#3329 = FACE_BOUND('',#3330,.T.);
#3330 = EDGE_LOOP('',(#3331,#3332,#3333));
#3331 = ORIENTED_EDGE('',*,*,#2945,.T.);
#3332 = ORIENTED_EDGE('',*,*,#3003,.F.);
#3333 = ORIENTED_EDGE('',*,*,#3281,.T.);
#3334 = CONICAL_SURFACE('',#3335,3.5,1.047197551197);
#3335 = AXIS2_PLACEMENT_3D('',#3336,#3337,#3338);
#3336 = CARTESIAN_POINT('',(0.,0.,-3.2));
#3337 = DIRECTION('',(-0.,-0.,1.));
#3338 = DIRECTION('',(1.,0.,0.));
#3339 = ADVANCED_FACE('',(#3340),#3345,.T.);
#3340 = FACE_BOUND('',#3341,.T.);
#3341 = EDGE_LOOP('',(#3342,#3343,#3344));
#3342 = ORIENTED_EDGE('',*,*,#3070,.T.);
#3343 = ORIENTED_EDGE('',*,*,#3288,.T.);
#3344 = ORIENTED_EDGE('',*,*,#2992,.F.);
#3345 = CONICAL_SURFACE('',#3346,3.5,1.047197551197);
#3346 = AXIS2_PLACEMENT_3D('',#3347,#3348,#3349);
#3347 = CARTESIAN_POINT('',(0.,0.,-3.2));
#3348 = DIRECTION('',(-0.,-0.,1.));
#3349 = DIRECTION('',(1.,0.,0.));
#3350 = ADVANCED_FACE('',(#3351),#3356,.T.);
#3351 = FACE_BOUND('',#3352,.T.);
#3352 = EDGE_LOOP('',(#3353,#3354,#3355));
#3353 = ORIENTED_EDGE('',*,*,#3059,.T.);
#3354 = ORIENTED_EDGE('',*,*,#3125,.T.);
#3355 = ORIENTED_EDGE('',*,*,#3295,.T.);
#3356 = CONICAL_SURFACE('',#3357,3.5,1.047197551197);
#3357 = AXIS2_PLACEMENT_3D('',#3358,#3359,#3360);
#3358 = CARTESIAN_POINT('',(0.,0.,-3.2));
#3359 = DIRECTION('',(-0.,-0.,1.));
#3360 = DIRECTION('',(1.,0.,0.));
#3361 = ADVANCED_FACE('',(#3362),#3367,.T.);
#3362 = FACE_BOUND('',#3363,.T.);
#3363 = EDGE_LOOP('',(#3364,#3365,#3366));
#3364 = ORIENTED_EDGE('',*,*,#3114,.T.);
#3365 = ORIENTED_EDGE('',*,*,#3173,.T.);
#3366 = ORIENTED_EDGE('',*,*,#3260,.T.);
#3367 = CONICAL_SURFACE('',#3368,3.5,1.047197551197);
#3368 = AXIS2_PLACEMENT_3D('',#3369,#3370,#3371);
#3369 = CARTESIAN_POINT('',(0.,0.,-3.2));
#3370 = DIRECTION('',(-0.,-0.,1.));
#3371 = DIRECTION('',(1.,0.,0.));
#3372 = ADVANCED_FACE('',(#3373),#3378,.T.);
#3373 = FACE_BOUND('',#3374,.T.);
#3374 = EDGE_LOOP('',(#3375,#3376,#3377));
#3375 = ORIENTED_EDGE('',*,*,#3207,.T.);
#3376 = ORIENTED_EDGE('',*,*,#3141,.F.);
#3377 = ORIENTED_EDGE('',*,*,#3095,.F.);
#3378 = CONICAL_SURFACE('',#3379,3.5,1.047197551197);
#3379 = AXIS2_PLACEMENT_3D('',#3380,#3381,#3382);
#3380 = CARTESIAN_POINT('',(0.,0.,0.));
#3381 = DIRECTION('',(0.,0.,-1.));
#3382 = DIRECTION('',(-1.,0.,0.));
#3383 = ADVANCED_FACE('',(#3384),#3389,.T.);
#3384 = FACE_BOUND('',#3385,.T.);
#3385 = EDGE_LOOP('',(#3386,#3387,#3388));
#3386 = ORIENTED_EDGE('',*,*,#3214,.T.);
#3387 = ORIENTED_EDGE('',*,*,#3086,.F.);
#3388 = ORIENTED_EDGE('',*,*,#3040,.F.);
#3389 = CONICAL_SURFACE('',#3390,3.5,1.047197551197);
#3390 = AXIS2_PLACEMENT_3D('',#3391,#3392,#3393);
#3391 = CARTESIAN_POINT('',(0.,0.,0.));
#3392 = DIRECTION('',(0.,0.,-1.));
#3393 = DIRECTION('',(-1.,0.,0.));
#3394 = ADVANCED_FACE('',(#3395),#3400,.T.);
#3395 = FACE_BOUND('',#3396,.T.);
#3396 = EDGE_LOOP('',(#3397,#3398,#3399));
#3397 = ORIENTED_EDGE('',*,*,#2971,.T.);
#3398 = ORIENTED_EDGE('',*,*,#3221,.T.);
#3399 = ORIENTED_EDGE('',*,*,#3031,.F.);
#3400 = CONICAL_SURFACE('',#3401,3.5,1.047197551197);
#3401 = AXIS2_PLACEMENT_3D('',#3402,#3403,#3404);
#3402 = CARTESIAN_POINT('',(0.,0.,0.));
#3403 = DIRECTION('',(0.,0.,-1.));
#3404 = DIRECTION('',(-1.,0.,0.));
#3405 = ADVANCED_FACE('',(#3406),#3411,.T.);
#3406 = FACE_BOUND('',#3407,.T.);
#3407 = EDGE_LOOP('',(#3408,#3409,#3410));
#3408 = ORIENTED_EDGE('',*,*,#3228,.F.);
#3409 = ORIENTED_EDGE('',*,*,#3013,.T.);
#3410 = ORIENTED_EDGE('',*,*,#2926,.F.);
#3411 = CONICAL_SURFACE('',#3412,3.5,1.047197551197);
#3412 = AXIS2_PLACEMENT_3D('',#3413,#3414,#3415);
#3413 = CARTESIAN_POINT('',(0.,0.,0.));
#3414 = DIRECTION('',(0.,0.,-1.));
#3415 = DIRECTION('',(-1.,0.,0.));
#3416 = ADVANCED_FACE('',(#3417),#3422,.T.);
#3417 = FACE_BOUND('',#3418,.T.);
#3418 = EDGE_LOOP('',(#3419,#3420,#3421));
#3419 = ORIENTED_EDGE('',*,*,#3235,.T.);
#3420 = ORIENTED_EDGE('',*,*,#2917,.F.);
#3421 = ORIENTED_EDGE('',*,*,#2871,.F.);
#3422 = CONICAL_SURFACE('',#3423,3.5,1.047197551197);
#3423 = AXIS2_PLACEMENT_3D('',#3424,#3425,#3426);
#3424 = CARTESIAN_POINT('',(0.,0.,0.));
#3425 = DIRECTION('',(0.,0.,-1.));
#3426 = DIRECTION('',(-1.,0.,0.));
#3427 = ADVANCED_FACE('',(#3428),#3433,.T.);
#3428 = FACE_BOUND('',#3429,.T.);
#3429 = EDGE_LOOP('',(#3430,#3431,#3432));
#3430 = ORIENTED_EDGE('',*,*,#3152,.F.);
#3431 = ORIENTED_EDGE('',*,*,#3200,.T.);
#3432 = ORIENTED_EDGE('',*,*,#2862,.F.);
#3433 = CONICAL_SURFACE('',#3434,3.5,1.047197551197);
#3434 = AXIS2_PLACEMENT_3D('',#3435,#3436,#3437);
#3435 = CARTESIAN_POINT('',(0.,0.,0.));
#3436 = DIRECTION('',(0.,0.,-1.));
#3437 = DIRECTION('',(-1.,0.,0.));
#3438 = ADVANCED_FACE('',(#3439),#3445,.F.);
#3439 = FACE_BOUND('',#3440,.F.);
#3440 = EDGE_LOOP('',(#3441,#3442,#3443,#3444));
#3441 = ORIENTED_EDGE('',*,*,#3190,.F.);
#3442 = ORIENTED_EDGE('',*,*,#2764,.F.);
#3443 = ORIENTED_EDGE('',*,*,#2828,.F.);
#3444 = ORIENTED_EDGE('',*,*,#2783,.T.);
#3445 = CONICAL_SURFACE('',#3446,1.615,0.959931088597);
#3446 = AXIS2_PLACEMENT_3D('',#3447,#3448,#3449);
#3447 = CARTESIAN_POINT('',(0.,0.,-0.269579902211));
#3448 = DIRECTION('',(-0.,-0.,1.));
#3449 = DIRECTION('',(1.,0.,0.));
#3450 = ADVANCED_FACE('',(#3451),#3463,.F.);
#3451 = FACE_BOUND('',#3452,.F.);
#3452 = EDGE_LOOP('',(#3453,#3460,#3461,#3462));
#3453 = ORIENTED_EDGE('',*,*,#3454,.T.);
#3454 = EDGE_CURVE('',#2693,#2701,#3455,.T.);
#3455 = CIRCLE('',#3456,2.);
#3456 = AXIS2_PLACEMENT_3D('',#3457,#3458,#3459);
#3457 = CARTESIAN_POINT('',(0.,0.,-3.1746));
#3458 = DIRECTION('',(0.,-0.,1.));
#3459 = DIRECTION('',(1.,0.,0.));
#3460 = ORIENTED_EDGE('',*,*,#2732,.F.);
#3461 = ORIENTED_EDGE('',*,*,#2836,.F.);
#3462 = ORIENTED_EDGE('',*,*,#2741,.T.);
#3463 = CONICAL_SURFACE('',#3464,2.,0.959931088597);
#3464 = AXIS2_PLACEMENT_3D('',#3465,#3466,#3467);
#3465 = CARTESIAN_POINT('',(0.,0.,-3.1746));
#3466 = DIRECTION('',(0.,0.,-1.));
#3467 = DIRECTION('',(-1.,0.,0.));
#3468 = ADVANCED_FACE('',(#3469),#3475,.F.);
#3469 = FACE_BOUND('',#3470,.F.);
#3470 = EDGE_LOOP('',(#3471,#3472,#3473,#3474));
#3471 = ORIENTED_EDGE('',*,*,#3454,.F.);
#3472 = ORIENTED_EDGE('',*,*,#2690,.F.);
#3473 = ORIENTED_EDGE('',*,*,#3250,.T.);
#3474 = ORIENTED_EDGE('',*,*,#2709,.T.);
#3475 = CYLINDRICAL_SURFACE('',#3476,2.);
#3476 = AXIS2_PLACEMENT_3D('',#3477,#3478,#3479);
#3477 = CARTESIAN_POINT('',(0.,0.,-25.03750572909));
#3478 = DIRECTION('',(-0.,-0.,1.));
#3479 = DIRECTION('',(1.,0.,0.));
#3480 = ( GEOMETRIC_REPRESENTATION_CONTEXT(3) 
GLOBAL_UNCERTAINTY_ASSIGNED_CONTEXT((#3484)) 
GLOBAL_UNIT_ASSIGNED_CONTEXT((#3481,#3482,#3483)) REPRESENTATION_CONTEXT
('Context #1','3D Context with UNIT and UNCERTAINTY') );
#3481 = ( LENGTH_UNIT() NAMED_UNIT(*) SI_UNIT(.MILLI.,.METRE.) );
#3482 = ( NAMED_UNIT(*) PLANE_ANGLE_UNIT() SI_UNIT($,.RADIAN.) );
#3483 = ( NAMED_UNIT(*) SI_UNIT($,.STERADIAN.) SOLID_ANGLE_UNIT() );
#3484 = UNCERTAINTY_MEASURE_WITH_UNIT(LENGTH_MEASURE(2.E-04),#3481,
  'distance_accuracy_value','confusion accuracy');
#3485 = CONTEXT_DEPENDENT_SHAPE_REPRESENTATION(#3486,#3488);
#3486 = ( REPRESENTATION_RELATIONSHIP('','',#2683,#10) 
REPRESENTATION_RELATIONSHIP_WITH_TRANSFORMATION(#3487) 
SHAPE_REPRESENTATION_RELATIONSHIP() );
#3487 = ITEM_DEFINED_TRANSFORMATION('','',#11,#27);
#3488 = PRODUCT_DEFINITION_SHAPE('Placement','Placement of an item',
  #3489);
#3489 = NEXT_ASSEMBLY_USAGE_OCCURRENCE('4',
  'hex nut style 1_am_B18.2.4.1M - Hex nut, Style 1,  M4 x 0.7 --D-N',''
  ,#5,#2678,$);
#3490 = PRODUCT_RELATED_PRODUCT_CATEGORY('part',$,(#2680));
#3491 = MECHANICAL_DESIGN_GEOMETRIC_PRESENTATION_REPRESENTATION('',(
    #3492),#2665);
#3492 = STYLED_ITEM('color',(#3493),#1963);
#3493 = PRESENTATION_STYLE_ASSIGNMENT((#3494,#3500));
#3494 = SURFACE_STYLE_USAGE(.BOTH.,#3495);
#3495 = SURFACE_SIDE_STYLE('',(#3496));
#3496 = SURFACE_STYLE_FILL_AREA(#3497);
#3497 = FILL_AREA_STYLE('',(#3498));
#3498 = FILL_AREA_STYLE_COLOUR('',#3499);
#3499 = COLOUR_RGB('',0.776470591567,0.756862767111,0.737254912529);
#3500 = CURVE_STYLE('',#3501,POSITIVE_LENGTH_MEASURE(0.1),#3502);
#3501 = DRAUGHTING_PRE_DEFINED_CURVE_FONT('continuous');
#3502 = COLOUR_RGB('',9.803921802644E-02,9.803921802644E-02,
  9.803921802644E-02);
#3503 = MECHANICAL_DESIGN_GEOMETRIC_PRESENTATION_REPRESENTATION('',(
    #3504),#1944);
#3504 = STYLED_ITEM('color',(#3505),#1178);
#3505 = PRESENTATION_STYLE_ASSIGNMENT((#3506,#3512));
#3506 = SURFACE_STYLE_USAGE(.BOTH.,#3507);
#3507 = SURFACE_SIDE_STYLE('',(#3508));
#3508 = SURFACE_STYLE_FILL_AREA(#3509);
#3509 = FILL_AREA_STYLE('',(#3510));
#3510 = FILL_AREA_STYLE_COLOUR('',#3511);
#3511 = COLOUR_RGB('',0.792156867455,0.819607860991,0.933333342953);
#3512 = CURVE_STYLE('',#3513,POSITIVE_LENGTH_MEASURE(0.1),#3502);
#3513 = DRAUGHTING_PRE_DEFINED_CURVE_FONT('continuous');
#3514 = MECHANICAL_DESIGN_GEOMETRIC_PRESENTATION_REPRESENTATION('',(
    #3515),#3480);
#3515 = STYLED_ITEM('color',(#3516),#2684);
#3516 = PRESENTATION_STYLE_ASSIGNMENT((#3517,#3522));
#3517 = SURFACE_STYLE_USAGE(.BOTH.,#3518);
#3518 = SURFACE_SIDE_STYLE('',(#3519));
#3519 = SURFACE_STYLE_FILL_AREA(#3520);
#3520 = FILL_AREA_STYLE('',(#3521));
#3521 = FILL_AREA_STYLE_COLOUR('',#3499);
#3522 = CURVE_STYLE('',#3523,POSITIVE_LENGTH_MEASURE(0.1),#3502);
#3523 = DRAUGHTING_PRE_DEFINED_CURVE_FONT('continuous');
#3524 = MECHANICAL_DESIGN_GEOMETRIC_PRESENTATION_REPRESENTATION('',(
    #3525),#1159);
#3525 = STYLED_ITEM('color',(#3526),#45);
#3526 = PRESENTATION_STYLE_ASSIGNMENT((#3527,#3532));
#3527 = SURFACE_STYLE_USAGE(.BOTH.,#3528);
#3528 = SURFACE_SIDE_STYLE('',(#3529));
#3529 = SURFACE_STYLE_FILL_AREA(#3530);
#3530 = FILL_AREA_STYLE('',(#3531));
#3531 = FILL_AREA_STYLE_COLOUR('',#3511);
#3532 = CURVE_STYLE('',#3533,POSITIVE_LENGTH_MEASURE(0.1),#3502);
#3533 = DRAUGHTING_PRE_DEFINED_CURVE_FONT('continuous');
ENDSEC;
END-ISO-10303-21;
