ISO-10303-21;
HEADER;
FILE_DESCRIPTION(('Open CASCADE Model'),'2;1');
FILE_NAME('Open CASCADE Shape Model','2025-06-28T22:50:06',('Author'),(
    'Open CASCADE'),'Open CASCADE STEP processor 7.7','Open CASCADE 7.7'
  ,'Unknown');
FILE_SCHEMA(('AUTOMOTIVE_DESIGN { 1 0 10303 214 1 1 1 1 }'));
ENDSEC;
DATA;
#1 = APPLICATION_PROTOCOL_DEFINITION('international standard',
  'automotive_design',2000,#2);
#2 = APPLICATION_CONTEXT(
  'core data for automotive mechanical design processes');
#3 = SHAPE_DEFINITION_REPRESENTATION(#4,#10);
#4 = PRODUCT_DEFINITION_SHAPE('','',#5);
#5 = PRODUCT_DEFINITION('design','',#6,#9);
#6 = PRODUCT_DEFINITION_FORMATION('','',#7);
#7 = PRODUCT('78845d34-5461-11f0-a1a0-a002a5e3bdbc',
  '78845d34-5461-11f0-a1a0-a002a5e3bdbc','',(#8));
#8 = PRODUCT_CONTEXT('',#2,'mechanical');
#9 = PRODUCT_DEFINITION_CONTEXT('part definition',#2,'design');
#10 = SHAPE_REPRESENTATION('',(#11,#15),#19);
#11 = AXIS2_PLACEMENT_3D('',#12,#13,#14);
#12 = CARTESIAN_POINT('',(0.,0.,0.));
#13 = DIRECTION('',(0.,0.,1.));
#14 = DIRECTION('',(1.,0.,-0.));
#15 = AXIS2_PLACEMENT_3D('',#16,#17,#18);
#16 = CARTESIAN_POINT('',(0.,0.,0.));
#17 = DIRECTION('',(0.,0.,1.));
#18 = DIRECTION('',(1.,0.,0.));
#19 = ( GEOMETRIC_REPRESENTATION_CONTEXT(3) 
GLOBAL_UNCERTAINTY_ASSIGNED_CONTEXT((#23)) GLOBAL_UNIT_ASSIGNED_CONTEXT(
(#20,#21,#22)) REPRESENTATION_CONTEXT('Context #1',
  '3D Context with UNIT and UNCERTAINTY') );
#20 = ( LENGTH_UNIT() NAMED_UNIT(*) SI_UNIT(.MILLI.,.METRE.) );
#21 = ( NAMED_UNIT(*) PLANE_ANGLE_UNIT() SI_UNIT($,.RADIAN.) );
#22 = ( NAMED_UNIT(*) SI_UNIT($,.STERADIAN.) SOLID_ANGLE_UNIT() );
#23 = UNCERTAINTY_MEASURE_WITH_UNIT(LENGTH_MEASURE(1.E-07),#20,
  'distance_accuracy_value','confusion accuracy');
#24 = PRODUCT_RELATED_PRODUCT_CATEGORY('part',$,(#7));
#25 = SHAPE_DEFINITION_REPRESENTATION(#26,#32);
#26 = PRODUCT_DEFINITION_SHAPE('','',#27);
#27 = PRODUCT_DEFINITION('design','',#28,#31);
#28 = PRODUCT_DEFINITION_FORMATION('','',#29);
#29 = PRODUCT('78845d34-5461-11f0-a1a0-a002a5e3bdbc',
  '78845d34-5461-11f0-a1a0-a002a5e3bdbc','',(#30));
#30 = PRODUCT_CONTEXT('',#2,'mechanical');
#31 = PRODUCT_DEFINITION_CONTEXT('part definition',#2,'design');
#32 = SHAPE_REPRESENTATION('',(#11,#33),#37);
#33 = AXIS2_PLACEMENT_3D('',#34,#35,#36);
#34 = CARTESIAN_POINT('',(0.,0.,0.));
#35 = DIRECTION('',(0.,0.,1.));
#36 = DIRECTION('',(1.,0.,0.));
#37 = ( GEOMETRIC_REPRESENTATION_CONTEXT(3) 
GLOBAL_UNCERTAINTY_ASSIGNED_CONTEXT((#41)) GLOBAL_UNIT_ASSIGNED_CONTEXT(
(#38,#39,#40)) REPRESENTATION_CONTEXT('Context #1',
  '3D Context with UNIT and UNCERTAINTY') );
#38 = ( LENGTH_UNIT() NAMED_UNIT(*) SI_UNIT(.MILLI.,.METRE.) );
#39 = ( NAMED_UNIT(*) PLANE_ANGLE_UNIT() SI_UNIT($,.RADIAN.) );
#40 = ( NAMED_UNIT(*) SI_UNIT($,.STERADIAN.) SOLID_ANGLE_UNIT() );
#41 = UNCERTAINTY_MEASURE_WITH_UNIT(LENGTH_MEASURE(1.E-07),#38,
  'distance_accuracy_value','confusion accuracy');
#42 = CONTEXT_DEPENDENT_SHAPE_REPRESENTATION(#43,#45);
#43 = ( REPRESENTATION_RELATIONSHIP('','',#32,#10) 
REPRESENTATION_RELATIONSHIP_WITH_TRANSFORMATION(#44) 
SHAPE_REPRESENTATION_RELATIONSHIP() );
#44 = ITEM_DEFINED_TRANSFORMATION('','',#11,#15);
#45 = PRODUCT_DEFINITION_SHAPE('Placement','Placement of an item',#46);
#46 = NEXT_ASSEMBLY_USAGE_OCCURRENCE('3',
  '78845d34-5461-11f0-a1a0-a002a5e3bdbc','',#5,#27,$);
#47 = PRODUCT_RELATED_PRODUCT_CATEGORY('part',$,(#29));
#48 = SHAPE_DEFINITION_REPRESENTATION(#49,#55);
#49 = PRODUCT_DEFINITION_SHAPE('','',#50);
#50 = PRODUCT_DEFINITION('design','',#51,#54);
#51 = PRODUCT_DEFINITION_FORMATION('','',#52);
#52 = PRODUCT('Glass','Glass','',(#53));
#53 = PRODUCT_CONTEXT('',#2,'mechanical');
#54 = PRODUCT_DEFINITION_CONTEXT('part definition',#2,'design');
#55 = SHAPE_REPRESENTATION('',(#11,#56),#60);
#56 = AXIS2_PLACEMENT_3D('',#57,#58,#59);
#57 = CARTESIAN_POINT('',(0.,0.,0.));
#58 = DIRECTION('',(0.,0.,1.));
#59 = DIRECTION('',(1.,0.,-0.));
#60 = ( GEOMETRIC_REPRESENTATION_CONTEXT(3) 
GLOBAL_UNCERTAINTY_ASSIGNED_CONTEXT((#64)) GLOBAL_UNIT_ASSIGNED_CONTEXT(
(#61,#62,#63)) REPRESENTATION_CONTEXT('Context #1',
  '3D Context with UNIT and UNCERTAINTY') );
#61 = ( LENGTH_UNIT() NAMED_UNIT(*) SI_UNIT(.MILLI.,.METRE.) );
#62 = ( NAMED_UNIT(*) PLANE_ANGLE_UNIT() SI_UNIT($,.RADIAN.) );
#63 = ( NAMED_UNIT(*) SI_UNIT($,.STERADIAN.) SOLID_ANGLE_UNIT() );
#64 = UNCERTAINTY_MEASURE_WITH_UNIT(LENGTH_MEASURE(1.E-07),#61,
  'distance_accuracy_value','confusion accuracy');
#65 = CONTEXT_DEPENDENT_SHAPE_REPRESENTATION(#66,#68);
#66 = ( REPRESENTATION_RELATIONSHIP('','',#55,#32) 
REPRESENTATION_RELATIONSHIP_WITH_TRANSFORMATION(#67) 
SHAPE_REPRESENTATION_RELATIONSHIP() );
#67 = ITEM_DEFINED_TRANSFORMATION('','',#11,#33);
#68 = PRODUCT_DEFINITION_SHAPE('Placement','Placement of an item',#69);
#69 = NEXT_ASSEMBLY_USAGE_OCCURRENCE('2','','',#27,#50,$);
#70 = PRODUCT_RELATED_PRODUCT_CATEGORY('part',$,(#52));
#71 = SHAPE_DEFINITION_REPRESENTATION(#72,#78);
#72 = PRODUCT_DEFINITION_SHAPE('','',#73);
#73 = PRODUCT_DEFINITION('design','',#74,#77);
#74 = PRODUCT_DEFINITION_FORMATION('','',#75);
#75 = PRODUCT('Glass_part','Glass_part','',(#76));
#76 = PRODUCT_CONTEXT('',#2,'mechanical');
#77 = PRODUCT_DEFINITION_CONTEXT('part definition',#2,'design');
#78 = ADVANCED_BREP_SHAPE_REPRESENTATION('',(#11,#79),#2169);
#79 = MANIFOLD_SOLID_BREP('',#80);
#80 = CLOSED_SHELL('',(#81,#201,#287,#390,#493,#564,#621,#681,#741,#1234
    ,#1272,#1685,#1723,#1730,#1737,#1784,#1811,#1838,#1865,#1892,#1919,
    #1946,#1953,#2000,#2027,#2054,#2081,#2108,#2135,#2162));
#81 = ADVANCED_FACE('',(#82),#96,.F.);
#82 = FACE_BOUND('',#83,.F.);
#83 = EDGE_LOOP('',(#84,#119,#147,#175));
#84 = ORIENTED_EDGE('',*,*,#85,.F.);
#85 = EDGE_CURVE('',#86,#88,#90,.T.);
#86 = VERTEX_POINT('',#87);
#87 = CARTESIAN_POINT('',(0.,-8.5,0.));
#88 = VERTEX_POINT('',#89);
#89 = CARTESIAN_POINT('',(0.,-26.5,0.));
#90 = SURFACE_CURVE('',#91,(#95,#107),.PCURVE_S1.);
#91 = LINE('',#92,#93);
#92 = CARTESIAN_POINT('',(0.,-7.5,0.));
#93 = VECTOR('',#94,1.);
#94 = DIRECTION('',(0.,-1.,0.));
#95 = PCURVE('',#96,#101);
#96 = PLANE('',#97);
#97 = AXIS2_PLACEMENT_3D('',#98,#99,#100);
#98 = CARTESIAN_POINT('',(0.,-7.5,0.));
#99 = DIRECTION('',(1.,0.,0.));
#100 = DIRECTION('',(0.,-1.,0.));
#101 = DEFINITIONAL_REPRESENTATION('',(#102),#106);
#102 = LINE('',#103,#104);
#103 = CARTESIAN_POINT('',(0.,0.));
#104 = VECTOR('',#105,1.);
#105 = DIRECTION('',(1.,0.));
#106 = ( GEOMETRIC_REPRESENTATION_CONTEXT(2) 
PARAMETRIC_REPRESENTATION_CONTEXT() REPRESENTATION_CONTEXT('2D SPACE',''
  ) );
#107 = PCURVE('',#108,#113);
#108 = PLANE('',#109);
#109 = AXIS2_PLACEMENT_3D('',#110,#111,#112);
#110 = CARTESIAN_POINT('',(0.,-7.5,0.));
#111 = DIRECTION('',(0.,0.,1.));
#112 = DIRECTION('',(0.,-1.,0.));
#113 = DEFINITIONAL_REPRESENTATION('',(#114),#118);
#114 = LINE('',#115,#116);
#115 = CARTESIAN_POINT('',(0.,0.));
#116 = VECTOR('',#117,1.);
#117 = DIRECTION('',(1.,0.));
#118 = ( GEOMETRIC_REPRESENTATION_CONTEXT(2) 
PARAMETRIC_REPRESENTATION_CONTEXT() REPRESENTATION_CONTEXT('2D SPACE',''
  ) );
#119 = ORIENTED_EDGE('',*,*,#120,.T.);
#120 = EDGE_CURVE('',#86,#121,#123,.T.);
#121 = VERTEX_POINT('',#122);
#122 = CARTESIAN_POINT('',(0.,-8.5,230.));
#123 = SURFACE_CURVE('',#124,(#128,#135),.PCURVE_S1.);
#124 = LINE('',#125,#126);
#125 = CARTESIAN_POINT('',(0.,-8.5,0.));
#126 = VECTOR('',#127,1.);
#127 = DIRECTION('',(0.,0.,1.));
#128 = PCURVE('',#96,#129);
#129 = DEFINITIONAL_REPRESENTATION('',(#130),#134);
#130 = LINE('',#131,#132);
#131 = CARTESIAN_POINT('',(1.,0.));
#132 = VECTOR('',#133,1.);
#133 = DIRECTION('',(0.,-1.));
#134 = ( GEOMETRIC_REPRESENTATION_CONTEXT(2) 
PARAMETRIC_REPRESENTATION_CONTEXT() REPRESENTATION_CONTEXT('2D SPACE',''
  ) );
#135 = PCURVE('',#136,#141);
#136 = CYLINDRICAL_SURFACE('',#137,1.);
#137 = AXIS2_PLACEMENT_3D('',#138,#139,#140);
#138 = CARTESIAN_POINT('',(1.,-8.5,0.));
#139 = DIRECTION('',(0.,0.,1.));
#140 = DIRECTION('',(-1.,0.,0.));
#141 = DEFINITIONAL_REPRESENTATION('',(#142),#146);
#142 = LINE('',#143,#144);
#143 = CARTESIAN_POINT('',(-0.,0.));
#144 = VECTOR('',#145,1.);
#145 = DIRECTION('',(-0.,1.));
#146 = ( GEOMETRIC_REPRESENTATION_CONTEXT(2) 
PARAMETRIC_REPRESENTATION_CONTEXT() REPRESENTATION_CONTEXT('2D SPACE',''
  ) );
#147 = ORIENTED_EDGE('',*,*,#148,.T.);
#148 = EDGE_CURVE('',#121,#149,#151,.T.);
#149 = VERTEX_POINT('',#150);
#150 = CARTESIAN_POINT('',(0.,-26.5,230.));
#151 = SURFACE_CURVE('',#152,(#156,#163),.PCURVE_S1.);
#152 = LINE('',#153,#154);
#153 = CARTESIAN_POINT('',(0.,-7.5,230.));
#154 = VECTOR('',#155,1.);
#155 = DIRECTION('',(0.,-1.,0.));
#156 = PCURVE('',#96,#157);
#157 = DEFINITIONAL_REPRESENTATION('',(#158),#162);
#158 = LINE('',#159,#160);
#159 = CARTESIAN_POINT('',(0.,-230.));
#160 = VECTOR('',#161,1.);
#161 = DIRECTION('',(1.,0.));
#162 = ( GEOMETRIC_REPRESENTATION_CONTEXT(2) 
PARAMETRIC_REPRESENTATION_CONTEXT() REPRESENTATION_CONTEXT('2D SPACE',''
  ) );
#163 = PCURVE('',#164,#169);
#164 = PLANE('',#165);
#165 = AXIS2_PLACEMENT_3D('',#166,#167,#168);
#166 = CARTESIAN_POINT('',(0.,-7.5,230.));
#167 = DIRECTION('',(0.,0.,1.));
#168 = DIRECTION('',(0.,-1.,0.));
#169 = DEFINITIONAL_REPRESENTATION('',(#170),#174);
#170 = LINE('',#171,#172);
#171 = CARTESIAN_POINT('',(0.,0.));
#172 = VECTOR('',#173,1.);
#173 = DIRECTION('',(1.,0.));
#174 = ( GEOMETRIC_REPRESENTATION_CONTEXT(2) 
PARAMETRIC_REPRESENTATION_CONTEXT() REPRESENTATION_CONTEXT('2D SPACE',''
  ) );
#175 = ORIENTED_EDGE('',*,*,#176,.F.);
#176 = EDGE_CURVE('',#88,#149,#177,.T.);
#177 = SURFACE_CURVE('',#178,(#182,#189),.PCURVE_S1.);
#178 = LINE('',#179,#180);
#179 = CARTESIAN_POINT('',(0.,-26.5,0.));
#180 = VECTOR('',#181,1.);
#181 = DIRECTION('',(0.,0.,1.));
#182 = PCURVE('',#96,#183);
#183 = DEFINITIONAL_REPRESENTATION('',(#184),#188);
#184 = LINE('',#185,#186);
#185 = CARTESIAN_POINT('',(19.,0.));
#186 = VECTOR('',#187,1.);
#187 = DIRECTION('',(0.,-1.));
#188 = ( GEOMETRIC_REPRESENTATION_CONTEXT(2) 
PARAMETRIC_REPRESENTATION_CONTEXT() REPRESENTATION_CONTEXT('2D SPACE',''
  ) );
#189 = PCURVE('',#190,#195);
#190 = CYLINDRICAL_SURFACE('',#191,1.);
#191 = AXIS2_PLACEMENT_3D('',#192,#193,#194);
#192 = CARTESIAN_POINT('',(1.,-26.5,0.));
#193 = DIRECTION('',(0.,0.,1.));
#194 = DIRECTION('',(-1.,0.,0.));
#195 = DEFINITIONAL_REPRESENTATION('',(#196),#200);
#196 = LINE('',#197,#198);
#197 = CARTESIAN_POINT('',(0.,0.));
#198 = VECTOR('',#199,1.);
#199 = DIRECTION('',(0.,1.));
#200 = ( GEOMETRIC_REPRESENTATION_CONTEXT(2) 
PARAMETRIC_REPRESENTATION_CONTEXT() REPRESENTATION_CONTEXT('2D SPACE',''
  ) );
#201 = ADVANCED_FACE('',(#202),#108,.F.);
#202 = FACE_BOUND('',#203,.F.);
#203 = EDGE_LOOP('',(#204,#234,#260,#261));
#204 = ORIENTED_EDGE('',*,*,#205,.F.);
#205 = EDGE_CURVE('',#206,#208,#210,.T.);
#206 = VERTEX_POINT('',#207);
#207 = CARTESIAN_POINT('',(320.,-8.5,0.));
#208 = VERTEX_POINT('',#209);
#209 = CARTESIAN_POINT('',(320.,-26.5,0.));
#210 = SURFACE_CURVE('',#211,(#215,#222),.PCURVE_S1.);
#211 = LINE('',#212,#213);
#212 = CARTESIAN_POINT('',(320.,-7.5,0.));
#213 = VECTOR('',#214,1.);
#214 = DIRECTION('',(0.,-1.,0.));
#215 = PCURVE('',#108,#216);
#216 = DEFINITIONAL_REPRESENTATION('',(#217),#221);
#217 = LINE('',#218,#219);
#218 = CARTESIAN_POINT('',(0.,320.));
#219 = VECTOR('',#220,1.);
#220 = DIRECTION('',(1.,0.));
#221 = ( GEOMETRIC_REPRESENTATION_CONTEXT(2) 
PARAMETRIC_REPRESENTATION_CONTEXT() REPRESENTATION_CONTEXT('2D SPACE',''
  ) );
#222 = PCURVE('',#223,#228);
#223 = PLANE('',#224);
#224 = AXIS2_PLACEMENT_3D('',#225,#226,#227);
#225 = CARTESIAN_POINT('',(320.,-7.5,0.));
#226 = DIRECTION('',(1.,0.,0.));
#227 = DIRECTION('',(0.,-1.,0.));
#228 = DEFINITIONAL_REPRESENTATION('',(#229),#233);
#229 = LINE('',#230,#231);
#230 = CARTESIAN_POINT('',(0.,0.));
#231 = VECTOR('',#232,1.);
#232 = DIRECTION('',(1.,0.));
#233 = ( GEOMETRIC_REPRESENTATION_CONTEXT(2) 
PARAMETRIC_REPRESENTATION_CONTEXT() REPRESENTATION_CONTEXT('2D SPACE',''
  ) );
#234 = ORIENTED_EDGE('',*,*,#235,.F.);
#235 = EDGE_CURVE('',#86,#206,#236,.T.);
#236 = SURFACE_CURVE('',#237,(#241,#248),.PCURVE_S1.);
#237 = LINE('',#238,#239);
#238 = CARTESIAN_POINT('',(0.,-8.5,0.));
#239 = VECTOR('',#240,1.);
#240 = DIRECTION('',(1.,0.,0.));
#241 = PCURVE('',#108,#242);
#242 = DEFINITIONAL_REPRESENTATION('',(#243),#247);
#243 = LINE('',#244,#245);
#244 = CARTESIAN_POINT('',(1.,0.));
#245 = VECTOR('',#246,1.);
#246 = DIRECTION('',(0.,1.));
#247 = ( GEOMETRIC_REPRESENTATION_CONTEXT(2) 
PARAMETRIC_REPRESENTATION_CONTEXT() REPRESENTATION_CONTEXT('2D SPACE',''
  ) );
#248 = PCURVE('',#249,#254);
#249 = CYLINDRICAL_SURFACE('',#250,1.);
#250 = AXIS2_PLACEMENT_3D('',#251,#252,#253);
#251 = CARTESIAN_POINT('',(0.,-8.5,1.));
#252 = DIRECTION('',(1.,0.,0.));
#253 = DIRECTION('',(0.,0.,-1.));
#254 = DEFINITIONAL_REPRESENTATION('',(#255),#259);
#255 = LINE('',#256,#257);
#256 = CARTESIAN_POINT('',(0.,0.));
#257 = VECTOR('',#258,1.);
#258 = DIRECTION('',(0.,1.));
#259 = ( GEOMETRIC_REPRESENTATION_CONTEXT(2) 
PARAMETRIC_REPRESENTATION_CONTEXT() REPRESENTATION_CONTEXT('2D SPACE',''
  ) );
#260 = ORIENTED_EDGE('',*,*,#85,.T.);
#261 = ORIENTED_EDGE('',*,*,#262,.T.);
#262 = EDGE_CURVE('',#88,#208,#263,.T.);
#263 = SURFACE_CURVE('',#264,(#268,#275),.PCURVE_S1.);
#264 = LINE('',#265,#266);
#265 = CARTESIAN_POINT('',(0.,-26.5,0.));
#266 = VECTOR('',#267,1.);
#267 = DIRECTION('',(1.,0.,0.));
#268 = PCURVE('',#108,#269);
#269 = DEFINITIONAL_REPRESENTATION('',(#270),#274);
#270 = LINE('',#271,#272);
#271 = CARTESIAN_POINT('',(19.,0.));
#272 = VECTOR('',#273,1.);
#273 = DIRECTION('',(0.,1.));
#274 = ( GEOMETRIC_REPRESENTATION_CONTEXT(2) 
PARAMETRIC_REPRESENTATION_CONTEXT() REPRESENTATION_CONTEXT('2D SPACE',''
  ) );
#275 = PCURVE('',#276,#281);
#276 = CYLINDRICAL_SURFACE('',#277,1.);
#277 = AXIS2_PLACEMENT_3D('',#278,#279,#280);
#278 = CARTESIAN_POINT('',(0.,-26.5,1.));
#279 = DIRECTION('',(1.,0.,0.));
#280 = DIRECTION('',(0.,0.,-1.));
#281 = DEFINITIONAL_REPRESENTATION('',(#282),#286);
#282 = LINE('',#283,#284);
#283 = CARTESIAN_POINT('',(-0.,0.));
#284 = VECTOR('',#285,1.);
#285 = DIRECTION('',(-0.,1.));
#286 = ( GEOMETRIC_REPRESENTATION_CONTEXT(2) 
PARAMETRIC_REPRESENTATION_CONTEXT() REPRESENTATION_CONTEXT('2D SPACE',''
  ) );
#287 = ADVANCED_FACE('',(#288),#136,.T.);
#288 = FACE_BOUND('',#289,.F.);
#289 = EDGE_LOOP('',(#290,#324,#352,#389));
#290 = ORIENTED_EDGE('',*,*,#291,.T.);
#291 = EDGE_CURVE('',#86,#292,#294,.T.);
#292 = VERTEX_POINT('',#293);
#293 = CARTESIAN_POINT('',(1.,-7.5,1.));
#294 = SURFACE_CURVE('',#295,(#300,#312),.PCURVE_S1.);
#295 = ELLIPSE('',#296,1.414213562373,1.);
#296 = AXIS2_PLACEMENT_3D('',#297,#298,#299);
#297 = CARTESIAN_POINT('',(1.,-8.5,1.));
#298 = DIRECTION('',(0.707106781187,0.,-0.707106781187));
#299 = DIRECTION('',(0.707106781187,0.,0.707106781187));
#300 = PCURVE('',#136,#301);
#301 = DEFINITIONAL_REPRESENTATION('',(#302),#311);
#302 = B_SPLINE_CURVE_WITH_KNOTS('',7,(#303,#304,#305,#306,#307,#308,
    #309,#310),.UNSPECIFIED.,.F.,.F.,(8,8),(3.14159265359,4.712388980385
    ),.PIECEWISE_BEZIER_KNOTS.);
#303 = CARTESIAN_POINT('',(0.,0.));
#304 = CARTESIAN_POINT('',(-0.224399475256,-2.748100991031E-17));
#305 = CARTESIAN_POINT('',(-0.448798950513,5.874867260994E-02));
#306 = CARTESIAN_POINT('',(-0.673198425769,0.176237495375));
#307 = CARTESIAN_POINT('',(-0.897597901026,0.345253174226));
#308 = CARTESIAN_POINT('',(-1.121997376282,0.551201960681));
#309 = CARTESIAN_POINT('',(-1.346396851538,0.775600524744));
#310 = CARTESIAN_POINT('',(-1.570796326795,1.));
#311 = ( GEOMETRIC_REPRESENTATION_CONTEXT(2) 
PARAMETRIC_REPRESENTATION_CONTEXT() REPRESENTATION_CONTEXT('2D SPACE',''
  ) );
#312 = PCURVE('',#249,#313);
#313 = DEFINITIONAL_REPRESENTATION('',(#314),#323);
#314 = B_SPLINE_CURVE_WITH_KNOTS('',7,(#315,#316,#317,#318,#319,#320,
    #321,#322),.UNSPECIFIED.,.F.,.F.,(8,8),(3.14159265359,4.712388980385
    ),.PIECEWISE_BEZIER_KNOTS.);
#315 = CARTESIAN_POINT('',(0.,0.));
#316 = CARTESIAN_POINT('',(0.224399475256,-2.748100991031E-17));
#317 = CARTESIAN_POINT('',(0.448798950513,5.874867260988E-02));
#318 = CARTESIAN_POINT('',(0.673198425769,0.176237495375));
#319 = CARTESIAN_POINT('',(0.897597901026,0.345253174226));
#320 = CARTESIAN_POINT('',(1.121997376282,0.551201960681));
#321 = CARTESIAN_POINT('',(1.346396851538,0.775600524744));
#322 = CARTESIAN_POINT('',(1.570796326795,1.));
#323 = ( GEOMETRIC_REPRESENTATION_CONTEXT(2) 
PARAMETRIC_REPRESENTATION_CONTEXT() REPRESENTATION_CONTEXT('2D SPACE',''
  ) );
#324 = ORIENTED_EDGE('',*,*,#325,.T.);
#325 = EDGE_CURVE('',#292,#326,#328,.T.);
#326 = VERTEX_POINT('',#327);
#327 = CARTESIAN_POINT('',(1.,-7.5,229.));
#328 = SURFACE_CURVE('',#329,(#333,#340),.PCURVE_S1.);
#329 = LINE('',#330,#331);
#330 = CARTESIAN_POINT('',(1.,-7.5,0.));
#331 = VECTOR('',#332,1.);
#332 = DIRECTION('',(0.,0.,1.));
#333 = PCURVE('',#136,#334);
#334 = DEFINITIONAL_REPRESENTATION('',(#335),#339);
#335 = LINE('',#336,#337);
#336 = CARTESIAN_POINT('',(-1.570796326795,0.));
#337 = VECTOR('',#338,1.);
#338 = DIRECTION('',(-0.,1.));
#339 = ( GEOMETRIC_REPRESENTATION_CONTEXT(2) 
PARAMETRIC_REPRESENTATION_CONTEXT() REPRESENTATION_CONTEXT('2D SPACE',''
  ) );
#340 = PCURVE('',#341,#346);
#341 = PLANE('',#342);
#342 = AXIS2_PLACEMENT_3D('',#343,#344,#345);
#343 = CARTESIAN_POINT('',(0.,-7.5,0.));
#344 = DIRECTION('',(0.,-1.,0.));
#345 = DIRECTION('',(1.,0.,0.));
#346 = DEFINITIONAL_REPRESENTATION('',(#347),#351);
#347 = LINE('',#348,#349);
#348 = CARTESIAN_POINT('',(1.,0.));
#349 = VECTOR('',#350,1.);
#350 = DIRECTION('',(0.,1.));
#351 = ( GEOMETRIC_REPRESENTATION_CONTEXT(2) 
PARAMETRIC_REPRESENTATION_CONTEXT() REPRESENTATION_CONTEXT('2D SPACE',''
  ) );
#352 = ORIENTED_EDGE('',*,*,#353,.F.);
#353 = EDGE_CURVE('',#121,#326,#354,.T.);
#354 = SURFACE_CURVE('',#355,(#360,#372),.PCURVE_S1.);
#355 = ELLIPSE('',#356,1.414213562373,1.);
#356 = AXIS2_PLACEMENT_3D('',#357,#358,#359);
#357 = CARTESIAN_POINT('',(1.,-8.5,229.));
#358 = DIRECTION('',(-0.707106781187,-0.,-0.707106781187));
#359 = DIRECTION('',(0.707106781187,0.,-0.707106781187));
#360 = PCURVE('',#136,#361);
#361 = DEFINITIONAL_REPRESENTATION('',(#362),#371);
#362 = B_SPLINE_CURVE_WITH_KNOTS('',7,(#363,#364,#365,#366,#367,#368,
    #369,#370),.UNSPECIFIED.,.F.,.F.,(8,8),(3.14159265359,4.712388980385
    ),.PIECEWISE_BEZIER_KNOTS.);
#363 = CARTESIAN_POINT('',(0.,230.));
#364 = CARTESIAN_POINT('',(-0.224399475256,230.));
#365 = CARTESIAN_POINT('',(-0.448798950513,229.94125132742));
#366 = CARTESIAN_POINT('',(-0.673198425769,229.82376250455));
#367 = CARTESIAN_POINT('',(-0.897597901026,229.65474682595));
#368 = CARTESIAN_POINT('',(-1.121997376282,229.44879803928));
#369 = CARTESIAN_POINT('',(-1.346396851538,229.22439947525));
#370 = CARTESIAN_POINT('',(-1.570796326795,229.));
#371 = ( GEOMETRIC_REPRESENTATION_CONTEXT(2) 
PARAMETRIC_REPRESENTATION_CONTEXT() REPRESENTATION_CONTEXT('2D SPACE',''
  ) );
#372 = PCURVE('',#373,#378);
#373 = CYLINDRICAL_SURFACE('',#374,1.);
#374 = AXIS2_PLACEMENT_3D('',#375,#376,#377);
#375 = CARTESIAN_POINT('',(0.,-8.5,229.));
#376 = DIRECTION('',(1.,0.,0.));
#377 = DIRECTION('',(-0.,0.,1.));
#378 = DEFINITIONAL_REPRESENTATION('',(#379),#388);
#379 = B_SPLINE_CURVE_WITH_KNOTS('',7,(#380,#381,#382,#383,#384,#385,
    #386,#387),.UNSPECIFIED.,.F.,.F.,(8,8),(3.14159265359,4.712388980385
    ),.PIECEWISE_BEZIER_KNOTS.);
#380 = CARTESIAN_POINT('',(0.,0.));
#381 = CARTESIAN_POINT('',(-0.224399475256,2.748100991031E-17));
#382 = CARTESIAN_POINT('',(-0.448798950513,5.874867260994E-02));
#383 = CARTESIAN_POINT('',(-0.673198425769,0.176237495375));
#384 = CARTESIAN_POINT('',(-0.897597901026,0.345253174226));
#385 = CARTESIAN_POINT('',(-1.121997376282,0.551201960681));
#386 = CARTESIAN_POINT('',(-1.346396851538,0.775600524744));
#387 = CARTESIAN_POINT('',(-1.570796326795,1.));
#388 = ( GEOMETRIC_REPRESENTATION_CONTEXT(2) 
PARAMETRIC_REPRESENTATION_CONTEXT() REPRESENTATION_CONTEXT('2D SPACE',''
  ) );
#389 = ORIENTED_EDGE('',*,*,#120,.F.);
#390 = ADVANCED_FACE('',(#391),#190,.T.);
#391 = FACE_BOUND('',#392,.T.);
#392 = EDGE_LOOP('',(#393,#427,#455,#492));
#393 = ORIENTED_EDGE('',*,*,#394,.T.);
#394 = EDGE_CURVE('',#88,#395,#397,.T.);
#395 = VERTEX_POINT('',#396);
#396 = CARTESIAN_POINT('',(1.,-27.5,1.));
#397 = SURFACE_CURVE('',#398,(#403,#415),.PCURVE_S1.);
#398 = ELLIPSE('',#399,1.414213562373,1.);
#399 = AXIS2_PLACEMENT_3D('',#400,#401,#402);
#400 = CARTESIAN_POINT('',(1.,-26.5,1.));
#401 = DIRECTION('',(-0.707106781187,-0.,0.707106781187));
#402 = DIRECTION('',(0.707106781187,0.,0.707106781187));
#403 = PCURVE('',#190,#404);
#404 = DEFINITIONAL_REPRESENTATION('',(#405),#414);
#405 = B_SPLINE_CURVE_WITH_KNOTS('',7,(#406,#407,#408,#409,#410,#411,
    #412,#413),.UNSPECIFIED.,.F.,.F.,(8,8),(3.14159265359,4.712388980385
    ),.PIECEWISE_BEZIER_KNOTS.);
#406 = CARTESIAN_POINT('',(0.,0.));
#407 = CARTESIAN_POINT('',(0.224399475256,2.748100991031E-17));
#408 = CARTESIAN_POINT('',(0.448798950513,5.874867261008E-02));
#409 = CARTESIAN_POINT('',(0.673198425769,0.176237495375));
#410 = CARTESIAN_POINT('',(0.897597901026,0.345253174226));
#411 = CARTESIAN_POINT('',(1.121997376282,0.551201960681));
#412 = CARTESIAN_POINT('',(1.346396851538,0.775600524744));
#413 = CARTESIAN_POINT('',(1.570796326795,1.));
#414 = ( GEOMETRIC_REPRESENTATION_CONTEXT(2) 
PARAMETRIC_REPRESENTATION_CONTEXT() REPRESENTATION_CONTEXT('2D SPACE',''
  ) );
#415 = PCURVE('',#276,#416);
#416 = DEFINITIONAL_REPRESENTATION('',(#417),#426);
#417 = B_SPLINE_CURVE_WITH_KNOTS('',7,(#418,#419,#420,#421,#422,#423,
    #424,#425),.UNSPECIFIED.,.F.,.F.,(8,8),(3.14159265359,4.712388980385
    ),.PIECEWISE_BEZIER_KNOTS.);
#418 = CARTESIAN_POINT('',(0.,0.));
#419 = CARTESIAN_POINT('',(-0.224399475256,2.748100991031E-17));
#420 = CARTESIAN_POINT('',(-0.448798950513,5.874867260994E-02));
#421 = CARTESIAN_POINT('',(-0.673198425769,0.176237495375));
#422 = CARTESIAN_POINT('',(-0.897597901026,0.345253174226));
#423 = CARTESIAN_POINT('',(-1.121997376282,0.551201960681));
#424 = CARTESIAN_POINT('',(-1.346396851538,0.775600524744));
#425 = CARTESIAN_POINT('',(-1.570796326795,1.));
#426 = ( GEOMETRIC_REPRESENTATION_CONTEXT(2) 
PARAMETRIC_REPRESENTATION_CONTEXT() REPRESENTATION_CONTEXT('2D SPACE',''
  ) );
#427 = ORIENTED_EDGE('',*,*,#428,.T.);
#428 = EDGE_CURVE('',#395,#429,#431,.T.);
#429 = VERTEX_POINT('',#430);
#430 = CARTESIAN_POINT('',(1.,-27.5,229.));
#431 = SURFACE_CURVE('',#432,(#436,#443),.PCURVE_S1.);
#432 = LINE('',#433,#434);
#433 = CARTESIAN_POINT('',(1.,-27.5,0.));
#434 = VECTOR('',#435,1.);
#435 = DIRECTION('',(0.,0.,1.));
#436 = PCURVE('',#190,#437);
#437 = DEFINITIONAL_REPRESENTATION('',(#438),#442);
#438 = LINE('',#439,#440);
#439 = CARTESIAN_POINT('',(1.570796326795,0.));
#440 = VECTOR('',#441,1.);
#441 = DIRECTION('',(0.,1.));
#442 = ( GEOMETRIC_REPRESENTATION_CONTEXT(2) 
PARAMETRIC_REPRESENTATION_CONTEXT() REPRESENTATION_CONTEXT('2D SPACE',''
  ) );
#443 = PCURVE('',#444,#449);
#444 = PLANE('',#445);
#445 = AXIS2_PLACEMENT_3D('',#446,#447,#448);
#446 = CARTESIAN_POINT('',(0.,-27.5,0.));
#447 = DIRECTION('',(0.,-1.,0.));
#448 = DIRECTION('',(1.,0.,0.));
#449 = DEFINITIONAL_REPRESENTATION('',(#450),#454);
#450 = LINE('',#451,#452);
#451 = CARTESIAN_POINT('',(1.,0.));
#452 = VECTOR('',#453,1.);
#453 = DIRECTION('',(0.,1.));
#454 = ( GEOMETRIC_REPRESENTATION_CONTEXT(2) 
PARAMETRIC_REPRESENTATION_CONTEXT() REPRESENTATION_CONTEXT('2D SPACE',''
  ) );
#455 = ORIENTED_EDGE('',*,*,#456,.F.);
#456 = EDGE_CURVE('',#149,#429,#457,.T.);
#457 = SURFACE_CURVE('',#458,(#463,#475),.PCURVE_S1.);
#458 = ELLIPSE('',#459,1.414213562373,1.);
#459 = AXIS2_PLACEMENT_3D('',#460,#461,#462);
#460 = CARTESIAN_POINT('',(1.,-26.5,229.));
#461 = DIRECTION('',(0.707106781187,0.,0.707106781187));
#462 = DIRECTION('',(-0.707106781187,0.,0.707106781187));
#463 = PCURVE('',#190,#464);
#464 = DEFINITIONAL_REPRESENTATION('',(#465),#474);
#465 = B_SPLINE_CURVE_WITH_KNOTS('',7,(#466,#467,#468,#469,#470,#471,
    #472,#473),.UNSPECIFIED.,.F.,.F.,(8,8),(0.,1.570796326795),
  .PIECEWISE_BEZIER_KNOTS.);
#466 = CARTESIAN_POINT('',(0.,230.));
#467 = CARTESIAN_POINT('',(0.224399475256,230.));
#468 = CARTESIAN_POINT('',(0.448798950513,229.94125132742));
#469 = CARTESIAN_POINT('',(0.673198425769,229.8237625045));
#470 = CARTESIAN_POINT('',(0.897597901026,229.65474682592));
#471 = CARTESIAN_POINT('',(1.121997376282,229.44879803928));
#472 = CARTESIAN_POINT('',(1.346396851538,229.22439947525));
#473 = CARTESIAN_POINT('',(1.570796326795,229.));
#474 = ( GEOMETRIC_REPRESENTATION_CONTEXT(2) 
PARAMETRIC_REPRESENTATION_CONTEXT() REPRESENTATION_CONTEXT('2D SPACE',''
  ) );
#475 = PCURVE('',#476,#481);
#476 = CYLINDRICAL_SURFACE('',#477,1.);
#477 = AXIS2_PLACEMENT_3D('',#478,#479,#480);
#478 = CARTESIAN_POINT('',(0.,-26.5,229.));
#479 = DIRECTION('',(1.,0.,0.));
#480 = DIRECTION('',(-0.,0.,1.));
#481 = DEFINITIONAL_REPRESENTATION('',(#482),#491);
#482 = B_SPLINE_CURVE_WITH_KNOTS('',7,(#483,#484,#485,#486,#487,#488,
    #489,#490),.UNSPECIFIED.,.F.,.F.,(8,8),(0.,1.570796326795),
  .PIECEWISE_BEZIER_KNOTS.);
#483 = CARTESIAN_POINT('',(0.,0.));
#484 = CARTESIAN_POINT('',(0.224399475256,0.));
#485 = CARTESIAN_POINT('',(0.448798950513,5.874867260988E-02));
#486 = CARTESIAN_POINT('',(0.67319842577,0.176237495375));
#487 = CARTESIAN_POINT('',(0.897597901026,0.345253174226));
#488 = CARTESIAN_POINT('',(1.121997376282,0.551201960681));
#489 = CARTESIAN_POINT('',(1.346396851538,0.775600524744));
#490 = CARTESIAN_POINT('',(1.570796326795,1.));
#491 = ( GEOMETRIC_REPRESENTATION_CONTEXT(2) 
PARAMETRIC_REPRESENTATION_CONTEXT() REPRESENTATION_CONTEXT('2D SPACE',''
  ) );
#492 = ORIENTED_EDGE('',*,*,#176,.F.);
#493 = ADVANCED_FACE('',(#494),#164,.T.);
#494 = FACE_BOUND('',#495,.T.);
#495 = EDGE_LOOP('',(#496,#521,#542,#543));
#496 = ORIENTED_EDGE('',*,*,#497,.F.);
#497 = EDGE_CURVE('',#498,#500,#502,.T.);
#498 = VERTEX_POINT('',#499);
#499 = CARTESIAN_POINT('',(320.,-8.5,230.));
#500 = VERTEX_POINT('',#501);
#501 = CARTESIAN_POINT('',(320.,-26.5,230.));
#502 = SURFACE_CURVE('',#503,(#507,#514),.PCURVE_S1.);
#503 = LINE('',#504,#505);
#504 = CARTESIAN_POINT('',(320.,-7.5,230.));
#505 = VECTOR('',#506,1.);
#506 = DIRECTION('',(0.,-1.,0.));
#507 = PCURVE('',#164,#508);
#508 = DEFINITIONAL_REPRESENTATION('',(#509),#513);
#509 = LINE('',#510,#511);
#510 = CARTESIAN_POINT('',(0.,320.));
#511 = VECTOR('',#512,1.);
#512 = DIRECTION('',(1.,0.));
#513 = ( GEOMETRIC_REPRESENTATION_CONTEXT(2) 
PARAMETRIC_REPRESENTATION_CONTEXT() REPRESENTATION_CONTEXT('2D SPACE',''
  ) );
#514 = PCURVE('',#223,#515);
#515 = DEFINITIONAL_REPRESENTATION('',(#516),#520);
#516 = LINE('',#517,#518);
#517 = CARTESIAN_POINT('',(0.,-230.));
#518 = VECTOR('',#519,1.);
#519 = DIRECTION('',(1.,0.));
#520 = ( GEOMETRIC_REPRESENTATION_CONTEXT(2) 
PARAMETRIC_REPRESENTATION_CONTEXT() REPRESENTATION_CONTEXT('2D SPACE',''
  ) );
#521 = ORIENTED_EDGE('',*,*,#522,.F.);
#522 = EDGE_CURVE('',#121,#498,#523,.T.);
#523 = SURFACE_CURVE('',#524,(#528,#535),.PCURVE_S1.);
#524 = LINE('',#525,#526);
#525 = CARTESIAN_POINT('',(0.,-8.5,230.));
#526 = VECTOR('',#527,1.);
#527 = DIRECTION('',(1.,0.,0.));
#528 = PCURVE('',#164,#529);
#529 = DEFINITIONAL_REPRESENTATION('',(#530),#534);
#530 = LINE('',#531,#532);
#531 = CARTESIAN_POINT('',(1.,0.));
#532 = VECTOR('',#533,1.);
#533 = DIRECTION('',(0.,1.));
#534 = ( GEOMETRIC_REPRESENTATION_CONTEXT(2) 
PARAMETRIC_REPRESENTATION_CONTEXT() REPRESENTATION_CONTEXT('2D SPACE',''
  ) );
#535 = PCURVE('',#373,#536);
#536 = DEFINITIONAL_REPRESENTATION('',(#537),#541);
#537 = LINE('',#538,#539);
#538 = CARTESIAN_POINT('',(-0.,0.));
#539 = VECTOR('',#540,1.);
#540 = DIRECTION('',(-0.,1.));
#541 = ( GEOMETRIC_REPRESENTATION_CONTEXT(2) 
PARAMETRIC_REPRESENTATION_CONTEXT() REPRESENTATION_CONTEXT('2D SPACE',''
  ) );
#542 = ORIENTED_EDGE('',*,*,#148,.T.);
#543 = ORIENTED_EDGE('',*,*,#544,.T.);
#544 = EDGE_CURVE('',#149,#500,#545,.T.);
#545 = SURFACE_CURVE('',#546,(#550,#557),.PCURVE_S1.);
#546 = LINE('',#547,#548);
#547 = CARTESIAN_POINT('',(0.,-26.5,230.));
#548 = VECTOR('',#549,1.);
#549 = DIRECTION('',(1.,0.,0.));
#550 = PCURVE('',#164,#551);
#551 = DEFINITIONAL_REPRESENTATION('',(#552),#556);
#552 = LINE('',#553,#554);
#553 = CARTESIAN_POINT('',(19.,0.));
#554 = VECTOR('',#555,1.);
#555 = DIRECTION('',(0.,1.));
#556 = ( GEOMETRIC_REPRESENTATION_CONTEXT(2) 
PARAMETRIC_REPRESENTATION_CONTEXT() REPRESENTATION_CONTEXT('2D SPACE',''
  ) );
#557 = PCURVE('',#476,#558);
#558 = DEFINITIONAL_REPRESENTATION('',(#559),#563);
#559 = LINE('',#560,#561);
#560 = CARTESIAN_POINT('',(0.,0.));
#561 = VECTOR('',#562,1.);
#562 = DIRECTION('',(0.,1.));
#563 = ( GEOMETRIC_REPRESENTATION_CONTEXT(2) 
PARAMETRIC_REPRESENTATION_CONTEXT() REPRESENTATION_CONTEXT('2D SPACE',''
  ) );
#564 = ADVANCED_FACE('',(#565),#223,.T.);
#565 = FACE_BOUND('',#566,.T.);
#566 = EDGE_LOOP('',(#567,#568,#594,#595));
#567 = ORIENTED_EDGE('',*,*,#205,.F.);
#568 = ORIENTED_EDGE('',*,*,#569,.T.);
#569 = EDGE_CURVE('',#206,#498,#570,.T.);
#570 = SURFACE_CURVE('',#571,(#575,#582),.PCURVE_S1.);
#571 = LINE('',#572,#573);
#572 = CARTESIAN_POINT('',(320.,-8.5,0.));
#573 = VECTOR('',#574,1.);
#574 = DIRECTION('',(0.,0.,1.));
#575 = PCURVE('',#223,#576);
#576 = DEFINITIONAL_REPRESENTATION('',(#577),#581);
#577 = LINE('',#578,#579);
#578 = CARTESIAN_POINT('',(1.,0.));
#579 = VECTOR('',#580,1.);
#580 = DIRECTION('',(0.,-1.));
#581 = ( GEOMETRIC_REPRESENTATION_CONTEXT(2) 
PARAMETRIC_REPRESENTATION_CONTEXT() REPRESENTATION_CONTEXT('2D SPACE',''
  ) );
#582 = PCURVE('',#583,#588);
#583 = CYLINDRICAL_SURFACE('',#584,1.);
#584 = AXIS2_PLACEMENT_3D('',#585,#586,#587);
#585 = CARTESIAN_POINT('',(319.,-8.5,0.));
#586 = DIRECTION('',(0.,0.,1.));
#587 = DIRECTION('',(1.,0.,-0.));
#588 = DEFINITIONAL_REPRESENTATION('',(#589),#593);
#589 = LINE('',#590,#591);
#590 = CARTESIAN_POINT('',(0.,0.));
#591 = VECTOR('',#592,1.);
#592 = DIRECTION('',(0.,1.));
#593 = ( GEOMETRIC_REPRESENTATION_CONTEXT(2) 
PARAMETRIC_REPRESENTATION_CONTEXT() REPRESENTATION_CONTEXT('2D SPACE',''
  ) );
#594 = ORIENTED_EDGE('',*,*,#497,.T.);
#595 = ORIENTED_EDGE('',*,*,#596,.F.);
#596 = EDGE_CURVE('',#208,#500,#597,.T.);
#597 = SURFACE_CURVE('',#598,(#602,#609),.PCURVE_S1.);
#598 = LINE('',#599,#600);
#599 = CARTESIAN_POINT('',(320.,-26.5,0.));
#600 = VECTOR('',#601,1.);
#601 = DIRECTION('',(0.,0.,1.));
#602 = PCURVE('',#223,#603);
#603 = DEFINITIONAL_REPRESENTATION('',(#604),#608);
#604 = LINE('',#605,#606);
#605 = CARTESIAN_POINT('',(19.,0.));
#606 = VECTOR('',#607,1.);
#607 = DIRECTION('',(0.,-1.));
#608 = ( GEOMETRIC_REPRESENTATION_CONTEXT(2) 
PARAMETRIC_REPRESENTATION_CONTEXT() REPRESENTATION_CONTEXT('2D SPACE',''
  ) );
#609 = PCURVE('',#610,#615);
#610 = CYLINDRICAL_SURFACE('',#611,1.);
#611 = AXIS2_PLACEMENT_3D('',#612,#613,#614);
#612 = CARTESIAN_POINT('',(319.,-26.5,0.));
#613 = DIRECTION('',(0.,0.,1.));
#614 = DIRECTION('',(1.,0.,-0.));
#615 = DEFINITIONAL_REPRESENTATION('',(#616),#620);
#616 = LINE('',#617,#618);
#617 = CARTESIAN_POINT('',(-0.,0.));
#618 = VECTOR('',#619,1.);
#619 = DIRECTION('',(-0.,1.));
#620 = ( GEOMETRIC_REPRESENTATION_CONTEXT(2) 
PARAMETRIC_REPRESENTATION_CONTEXT() REPRESENTATION_CONTEXT('2D SPACE',''
  ) );
#621 = ADVANCED_FACE('',(#622),#249,.T.);
#622 = FACE_BOUND('',#623,.T.);
#623 = EDGE_LOOP('',(#624,#625,#648,#680));
#624 = ORIENTED_EDGE('',*,*,#291,.T.);
#625 = ORIENTED_EDGE('',*,*,#626,.T.);
#626 = EDGE_CURVE('',#292,#627,#629,.T.);
#627 = VERTEX_POINT('',#628);
#628 = CARTESIAN_POINT('',(319.,-7.5,1.));
#629 = SURFACE_CURVE('',#630,(#634,#641),.PCURVE_S1.);
#630 = LINE('',#631,#632);
#631 = CARTESIAN_POINT('',(0.,-7.5,1.));
#632 = VECTOR('',#633,1.);
#633 = DIRECTION('',(1.,0.,0.));
#634 = PCURVE('',#249,#635);
#635 = DEFINITIONAL_REPRESENTATION('',(#636),#640);
#636 = LINE('',#637,#638);
#637 = CARTESIAN_POINT('',(1.570796326795,0.));
#638 = VECTOR('',#639,1.);
#639 = DIRECTION('',(0.,1.));
#640 = ( GEOMETRIC_REPRESENTATION_CONTEXT(2) 
PARAMETRIC_REPRESENTATION_CONTEXT() REPRESENTATION_CONTEXT('2D SPACE',''
  ) );
#641 = PCURVE('',#341,#642);
#642 = DEFINITIONAL_REPRESENTATION('',(#643),#647);
#643 = LINE('',#644,#645);
#644 = CARTESIAN_POINT('',(0.,1.));
#645 = VECTOR('',#646,1.);
#646 = DIRECTION('',(1.,0.));
#647 = ( GEOMETRIC_REPRESENTATION_CONTEXT(2) 
PARAMETRIC_REPRESENTATION_CONTEXT() REPRESENTATION_CONTEXT('2D SPACE',''
  ) );
#648 = ORIENTED_EDGE('',*,*,#649,.F.);
#649 = EDGE_CURVE('',#206,#627,#650,.T.);
#650 = SURFACE_CURVE('',#651,(#656,#668),.PCURVE_S1.);
#651 = ELLIPSE('',#652,1.414213562373,1.);
#652 = AXIS2_PLACEMENT_3D('',#653,#654,#655);
#653 = CARTESIAN_POINT('',(319.,-8.5,1.));
#654 = DIRECTION('',(0.707106781187,0.,0.707106781187));
#655 = DIRECTION('',(0.707106781187,0.,-0.707106781187));
#656 = PCURVE('',#249,#657);
#657 = DEFINITIONAL_REPRESENTATION('',(#658),#667);
#658 = B_SPLINE_CURVE_WITH_KNOTS('',7,(#659,#660,#661,#662,#663,#664,
    #665,#666),.UNSPECIFIED.,.F.,.F.,(8,8),(0.,1.570796326795),
  .PIECEWISE_BEZIER_KNOTS.);
#659 = CARTESIAN_POINT('',(0.,320.));
#660 = CARTESIAN_POINT('',(0.224399475256,320.));
#661 = CARTESIAN_POINT('',(0.448798950513,319.9412513274));
#662 = CARTESIAN_POINT('',(0.67319842577,319.82376250458));
#663 = CARTESIAN_POINT('',(0.897597901026,319.65474682589));
#664 = CARTESIAN_POINT('',(1.121997376282,319.44879803928));
#665 = CARTESIAN_POINT('',(1.346396851538,319.22439947525));
#666 = CARTESIAN_POINT('',(1.570796326795,319.));
#667 = ( GEOMETRIC_REPRESENTATION_CONTEXT(2) 
PARAMETRIC_REPRESENTATION_CONTEXT() REPRESENTATION_CONTEXT('2D SPACE',''
  ) );
#668 = PCURVE('',#583,#669);
#669 = DEFINITIONAL_REPRESENTATION('',(#670),#679);
#670 = B_SPLINE_CURVE_WITH_KNOTS('',7,(#671,#672,#673,#674,#675,#676,
    #677,#678),.UNSPECIFIED.,.F.,.F.,(8,8),(0.,1.570796326795),
  .PIECEWISE_BEZIER_KNOTS.);
#671 = CARTESIAN_POINT('',(0.,0.));
#672 = CARTESIAN_POINT('',(0.224399475256,0.));
#673 = CARTESIAN_POINT('',(0.448798950513,5.874867260998E-02));
#674 = CARTESIAN_POINT('',(0.673198425769,0.176237495375));
#675 = CARTESIAN_POINT('',(0.897597901026,0.345253174226));
#676 = CARTESIAN_POINT('',(1.121997376282,0.551201960681));
#677 = CARTESIAN_POINT('',(1.346396851538,0.775600524744));
#678 = CARTESIAN_POINT('',(1.570796326795,1.));
#679 = ( GEOMETRIC_REPRESENTATION_CONTEXT(2) 
PARAMETRIC_REPRESENTATION_CONTEXT() REPRESENTATION_CONTEXT('2D SPACE',''
  ) );
#680 = ORIENTED_EDGE('',*,*,#235,.F.);
#681 = ADVANCED_FACE('',(#682),#276,.T.);
#682 = FACE_BOUND('',#683,.F.);
#683 = EDGE_LOOP('',(#684,#685,#708,#740));
#684 = ORIENTED_EDGE('',*,*,#394,.T.);
#685 = ORIENTED_EDGE('',*,*,#686,.T.);
#686 = EDGE_CURVE('',#395,#687,#689,.T.);
#687 = VERTEX_POINT('',#688);
#688 = CARTESIAN_POINT('',(319.,-27.5,1.));
#689 = SURFACE_CURVE('',#690,(#694,#701),.PCURVE_S1.);
#690 = LINE('',#691,#692);
#691 = CARTESIAN_POINT('',(0.,-27.5,1.));
#692 = VECTOR('',#693,1.);
#693 = DIRECTION('',(1.,0.,0.));
#694 = PCURVE('',#276,#695);
#695 = DEFINITIONAL_REPRESENTATION('',(#696),#700);
#696 = LINE('',#697,#698);
#697 = CARTESIAN_POINT('',(-1.570796326795,0.));
#698 = VECTOR('',#699,1.);
#699 = DIRECTION('',(-0.,1.));
#700 = ( GEOMETRIC_REPRESENTATION_CONTEXT(2) 
PARAMETRIC_REPRESENTATION_CONTEXT() REPRESENTATION_CONTEXT('2D SPACE',''
  ) );
#701 = PCURVE('',#444,#702);
#702 = DEFINITIONAL_REPRESENTATION('',(#703),#707);
#703 = LINE('',#704,#705);
#704 = CARTESIAN_POINT('',(0.,1.));
#705 = VECTOR('',#706,1.);
#706 = DIRECTION('',(1.,0.));
#707 = ( GEOMETRIC_REPRESENTATION_CONTEXT(2) 
PARAMETRIC_REPRESENTATION_CONTEXT() REPRESENTATION_CONTEXT('2D SPACE',''
  ) );
#708 = ORIENTED_EDGE('',*,*,#709,.F.);
#709 = EDGE_CURVE('',#208,#687,#710,.T.);
#710 = SURFACE_CURVE('',#711,(#716,#728),.PCURVE_S1.);
#711 = ELLIPSE('',#712,1.414213562373,1.);
#712 = AXIS2_PLACEMENT_3D('',#713,#714,#715);
#713 = CARTESIAN_POINT('',(319.,-26.5,1.));
#714 = DIRECTION('',(-0.707106781187,-0.,-0.707106781187));
#715 = DIRECTION('',(0.707106781187,0.,-0.707106781187));
#716 = PCURVE('',#276,#717);
#717 = DEFINITIONAL_REPRESENTATION('',(#718),#727);
#718 = B_SPLINE_CURVE_WITH_KNOTS('',7,(#719,#720,#721,#722,#723,#724,
    #725,#726),.UNSPECIFIED.,.F.,.F.,(8,8),(0.,1.570796326795),
  .PIECEWISE_BEZIER_KNOTS.);
#719 = CARTESIAN_POINT('',(0.,320.));
#720 = CARTESIAN_POINT('',(-0.224399475256,320.));
#721 = CARTESIAN_POINT('',(-0.448798950513,319.94125132734));
#722 = CARTESIAN_POINT('',(-0.673198425769,319.82376250482));
#723 = CARTESIAN_POINT('',(-0.897597901026,319.65474682569));
#724 = CARTESIAN_POINT('',(-1.121997376282,319.44879803937));
#725 = CARTESIAN_POINT('',(-1.346396851538,319.22439947525));
#726 = CARTESIAN_POINT('',(-1.570796326795,319.));
#727 = ( GEOMETRIC_REPRESENTATION_CONTEXT(2) 
PARAMETRIC_REPRESENTATION_CONTEXT() REPRESENTATION_CONTEXT('2D SPACE',''
  ) );
#728 = PCURVE('',#610,#729);
#729 = DEFINITIONAL_REPRESENTATION('',(#730),#739);
#730 = B_SPLINE_CURVE_WITH_KNOTS('',7,(#731,#732,#733,#734,#735,#736,
    #737,#738),.UNSPECIFIED.,.F.,.F.,(8,8),(0.,1.570796326795),
  .PIECEWISE_BEZIER_KNOTS.);
#731 = CARTESIAN_POINT('',(0.,0.));
#732 = CARTESIAN_POINT('',(-0.224399475256,5.496201982062E-17));
#733 = CARTESIAN_POINT('',(-0.448798950513,5.874867261008E-02));
#734 = CARTESIAN_POINT('',(-0.673198425769,0.176237495375));
#735 = CARTESIAN_POINT('',(-0.897597901026,0.345253174226));
#736 = CARTESIAN_POINT('',(-1.121997376282,0.551201960681));
#737 = CARTESIAN_POINT('',(-1.346396851538,0.775600524744));
#738 = CARTESIAN_POINT('',(-1.570796326795,1.));
#739 = ( GEOMETRIC_REPRESENTATION_CONTEXT(2) 
PARAMETRIC_REPRESENTATION_CONTEXT() REPRESENTATION_CONTEXT('2D SPACE',''
  ) );
#740 = ORIENTED_EDGE('',*,*,#262,.F.);
#741 = ADVANCED_FACE('',(#742,#790,#1012),#341,.F.);
#742 = FACE_BOUND('',#743,.F.);
#743 = EDGE_LOOP('',(#744,#767,#768,#769));
#744 = ORIENTED_EDGE('',*,*,#745,.F.);
#745 = EDGE_CURVE('',#326,#746,#748,.T.);
#746 = VERTEX_POINT('',#747);
#747 = CARTESIAN_POINT('',(319.,-7.5,229.));
#748 = SURFACE_CURVE('',#749,(#753,#760),.PCURVE_S1.);
#749 = LINE('',#750,#751);
#750 = CARTESIAN_POINT('',(0.,-7.5,229.));
#751 = VECTOR('',#752,1.);
#752 = DIRECTION('',(1.,0.,0.));
#753 = PCURVE('',#341,#754);
#754 = DEFINITIONAL_REPRESENTATION('',(#755),#759);
#755 = LINE('',#756,#757);
#756 = CARTESIAN_POINT('',(0.,229.));
#757 = VECTOR('',#758,1.);
#758 = DIRECTION('',(1.,0.));
#759 = ( GEOMETRIC_REPRESENTATION_CONTEXT(2) 
PARAMETRIC_REPRESENTATION_CONTEXT() REPRESENTATION_CONTEXT('2D SPACE',''
  ) );
#760 = PCURVE('',#373,#761);
#761 = DEFINITIONAL_REPRESENTATION('',(#762),#766);
#762 = LINE('',#763,#764);
#763 = CARTESIAN_POINT('',(-1.570796326795,0.));
#764 = VECTOR('',#765,1.);
#765 = DIRECTION('',(-0.,1.));
#766 = ( GEOMETRIC_REPRESENTATION_CONTEXT(2) 
PARAMETRIC_REPRESENTATION_CONTEXT() REPRESENTATION_CONTEXT('2D SPACE',''
  ) );
#767 = ORIENTED_EDGE('',*,*,#325,.F.);
#768 = ORIENTED_EDGE('',*,*,#626,.T.);
#769 = ORIENTED_EDGE('',*,*,#770,.T.);
#770 = EDGE_CURVE('',#627,#746,#771,.T.);
#771 = SURFACE_CURVE('',#772,(#776,#783),.PCURVE_S1.);
#772 = LINE('',#773,#774);
#773 = CARTESIAN_POINT('',(319.,-7.5,0.));
#774 = VECTOR('',#775,1.);
#775 = DIRECTION('',(0.,0.,1.));
#776 = PCURVE('',#341,#777);
#777 = DEFINITIONAL_REPRESENTATION('',(#778),#782);
#778 = LINE('',#779,#780);
#779 = CARTESIAN_POINT('',(319.,0.));
#780 = VECTOR('',#781,1.);
#781 = DIRECTION('',(0.,1.));
#782 = ( GEOMETRIC_REPRESENTATION_CONTEXT(2) 
PARAMETRIC_REPRESENTATION_CONTEXT() REPRESENTATION_CONTEXT('2D SPACE',''
  ) );
#783 = PCURVE('',#583,#784);
#784 = DEFINITIONAL_REPRESENTATION('',(#785),#789);
#785 = LINE('',#786,#787);
#786 = CARTESIAN_POINT('',(1.570796326795,0.));
#787 = VECTOR('',#788,1.);
#788 = DIRECTION('',(0.,1.));
#789 = ( GEOMETRIC_REPRESENTATION_CONTEXT(2) 
PARAMETRIC_REPRESENTATION_CONTEXT() REPRESENTATION_CONTEXT('2D SPACE',''
  ) );
#790 = FACE_BOUND('',#791,.F.);
#791 = EDGE_LOOP('',(#792,#823,#849,#878,#904,#933,#959,#988));
#792 = ORIENTED_EDGE('',*,*,#793,.F.);
#793 = EDGE_CURVE('',#794,#796,#798,.T.);
#794 = VERTEX_POINT('',#795);
#795 = CARTESIAN_POINT('',(201.441,-7.5,108.75));
#796 = VERTEX_POINT('',#797);
#797 = CARTESIAN_POINT('',(201.691,-7.5,108.5));
#798 = SURFACE_CURVE('',#799,(#804,#811),.PCURVE_S1.);
#799 = CIRCLE('',#800,0.25);
#800 = AXIS2_PLACEMENT_3D('',#801,#802,#803);
#801 = CARTESIAN_POINT('',(201.691,-7.5,108.75));
#802 = DIRECTION('',(0.,-1.,0.));
#803 = DIRECTION('',(-1.,0.,0.));
#804 = PCURVE('',#341,#805);
#805 = DEFINITIONAL_REPRESENTATION('',(#806),#810);
#806 = CIRCLE('',#807,0.25);
#807 = AXIS2_PLACEMENT_2D('',#808,#809);
#808 = CARTESIAN_POINT('',(201.691,108.75));
#809 = DIRECTION('',(-1.,0.));
#810 = ( GEOMETRIC_REPRESENTATION_CONTEXT(2) 
PARAMETRIC_REPRESENTATION_CONTEXT() REPRESENTATION_CONTEXT('2D SPACE',''
  ) );
#811 = PCURVE('',#812,#817);
#812 = CYLINDRICAL_SURFACE('',#813,0.25);
#813 = AXIS2_PLACEMENT_3D('',#814,#815,#816);
#814 = CARTESIAN_POINT('',(201.691,-7.,108.75));
#815 = DIRECTION('',(0.,-1.,0.));
#816 = DIRECTION('',(-1.,-0.,0.));
#817 = DEFINITIONAL_REPRESENTATION('',(#818),#822);
#818 = LINE('',#819,#820);
#819 = CARTESIAN_POINT('',(0.,0.5));
#820 = VECTOR('',#821,1.);
#821 = DIRECTION('',(1.,0.));
#822 = ( GEOMETRIC_REPRESENTATION_CONTEXT(2) 
PARAMETRIC_REPRESENTATION_CONTEXT() REPRESENTATION_CONTEXT('2D SPACE',''
  ) );
#823 = ORIENTED_EDGE('',*,*,#824,.T.);
#824 = EDGE_CURVE('',#794,#825,#827,.T.);
#825 = VERTEX_POINT('',#826);
#826 = CARTESIAN_POINT('',(201.441,-7.5,154.25));
#827 = SURFACE_CURVE('',#828,(#832,#838),.PCURVE_S1.);
#828 = LINE('',#829,#830);
#829 = CARTESIAN_POINT('',(201.441,-7.5,54.25));
#830 = VECTOR('',#831,1.);
#831 = DIRECTION('',(-0.,0.,1.));
#832 = PCURVE('',#341,#833);
#833 = DEFINITIONAL_REPRESENTATION('',(#834),#837);
#834 = B_SPLINE_CURVE_WITH_KNOTS('',1,(#835,#836),.UNSPECIFIED.,.F.,.F.,
  (2,2),(54.5,100.),.PIECEWISE_BEZIER_KNOTS.);
#835 = CARTESIAN_POINT('',(201.441,108.75));
#836 = CARTESIAN_POINT('',(201.441,154.25));
#837 = ( GEOMETRIC_REPRESENTATION_CONTEXT(2) 
PARAMETRIC_REPRESENTATION_CONTEXT() REPRESENTATION_CONTEXT('2D SPACE',''
  ) );
#838 = PCURVE('',#839,#844);
#839 = PLANE('',#840);
#840 = AXIS2_PLACEMENT_3D('',#841,#842,#843);
#841 = CARTESIAN_POINT('',(201.441,-7.,108.5));
#842 = DIRECTION('',(1.,0.,0.));
#843 = DIRECTION('',(0.,-1.,0.));
#844 = DEFINITIONAL_REPRESENTATION('',(#845),#848);
#845 = B_SPLINE_CURVE_WITH_KNOTS('',1,(#846,#847),.UNSPECIFIED.,.F.,.F.,
  (2,2),(54.5,100.),.PIECEWISE_BEZIER_KNOTS.);
#846 = CARTESIAN_POINT('',(0.5,-0.25));
#847 = CARTESIAN_POINT('',(0.5,-45.75));
#848 = ( GEOMETRIC_REPRESENTATION_CONTEXT(2) 
PARAMETRIC_REPRESENTATION_CONTEXT() REPRESENTATION_CONTEXT('2D SPACE',''
  ) );
#849 = ORIENTED_EDGE('',*,*,#850,.F.);
#850 = EDGE_CURVE('',#851,#825,#853,.T.);
#851 = VERTEX_POINT('',#852);
#852 = CARTESIAN_POINT('',(201.691,-7.5,154.5));
#853 = SURFACE_CURVE('',#854,(#859,#866),.PCURVE_S1.);
#854 = CIRCLE('',#855,0.25);
#855 = AXIS2_PLACEMENT_3D('',#856,#857,#858);
#856 = CARTESIAN_POINT('',(201.691,-7.5,154.25));
#857 = DIRECTION('',(0.,-1.,0.));
#858 = DIRECTION('',(-1.,0.,0.));
#859 = PCURVE('',#341,#860);
#860 = DEFINITIONAL_REPRESENTATION('',(#861),#865);
#861 = CIRCLE('',#862,0.25);
#862 = AXIS2_PLACEMENT_2D('',#863,#864);
#863 = CARTESIAN_POINT('',(201.691,154.25));
#864 = DIRECTION('',(-1.,0.));
#865 = ( GEOMETRIC_REPRESENTATION_CONTEXT(2) 
PARAMETRIC_REPRESENTATION_CONTEXT() REPRESENTATION_CONTEXT('2D SPACE',''
  ) );
#866 = PCURVE('',#867,#872);
#867 = CYLINDRICAL_SURFACE('',#868,0.25);
#868 = AXIS2_PLACEMENT_3D('',#869,#870,#871);
#869 = CARTESIAN_POINT('',(201.691,-7.,154.25));
#870 = DIRECTION('',(0.,-1.,0.));
#871 = DIRECTION('',(-1.,-0.,0.));
#872 = DEFINITIONAL_REPRESENTATION('',(#873),#877);
#873 = LINE('',#874,#875);
#874 = CARTESIAN_POINT('',(-6.28318530718,0.5));
#875 = VECTOR('',#876,1.);
#876 = DIRECTION('',(1.,-0.));
#877 = ( GEOMETRIC_REPRESENTATION_CONTEXT(2) 
PARAMETRIC_REPRESENTATION_CONTEXT() REPRESENTATION_CONTEXT('2D SPACE',''
  ) );
#878 = ORIENTED_EDGE('',*,*,#879,.F.);
#879 = EDGE_CURVE('',#880,#851,#882,.T.);
#880 = VERTEX_POINT('',#881);
#881 = CARTESIAN_POINT('',(232.191,-7.5,154.5));
#882 = SURFACE_CURVE('',#883,(#887,#893),.PCURVE_S1.);
#883 = LINE('',#884,#885);
#884 = CARTESIAN_POINT('',(100.7205,-7.5,154.5));
#885 = VECTOR('',#886,1.);
#886 = DIRECTION('',(-1.,0.,0.));
#887 = PCURVE('',#341,#888);
#888 = DEFINITIONAL_REPRESENTATION('',(#889),#892);
#889 = B_SPLINE_CURVE_WITH_KNOTS('',1,(#890,#891),.UNSPECIFIED.,.F.,.F.,
  (2,2),(-131.4705,-100.9705),.PIECEWISE_BEZIER_KNOTS.);
#890 = CARTESIAN_POINT('',(232.191,154.5));
#891 = CARTESIAN_POINT('',(201.691,154.5));
#892 = ( GEOMETRIC_REPRESENTATION_CONTEXT(2) 
PARAMETRIC_REPRESENTATION_CONTEXT() REPRESENTATION_CONTEXT('2D SPACE',''
  ) );
#893 = PCURVE('',#894,#899);
#894 = PLANE('',#895);
#895 = AXIS2_PLACEMENT_3D('',#896,#897,#898);
#896 = CARTESIAN_POINT('',(201.441,-7.,154.5));
#897 = DIRECTION('',(0.,0.,1.));
#898 = DIRECTION('',(0.,-1.,0.));
#899 = DEFINITIONAL_REPRESENTATION('',(#900),#903);
#900 = B_SPLINE_CURVE_WITH_KNOTS('',1,(#901,#902),.UNSPECIFIED.,.F.,.F.,
  (2,2),(-131.4705,-100.9705),.PIECEWISE_BEZIER_KNOTS.);
#901 = CARTESIAN_POINT('',(0.5,30.75));
#902 = CARTESIAN_POINT('',(0.5,0.25));
#903 = ( GEOMETRIC_REPRESENTATION_CONTEXT(2) 
PARAMETRIC_REPRESENTATION_CONTEXT() REPRESENTATION_CONTEXT('2D SPACE',''
  ) );
#904 = ORIENTED_EDGE('',*,*,#905,.F.);
#905 = EDGE_CURVE('',#906,#880,#908,.T.);
#906 = VERTEX_POINT('',#907);
#907 = CARTESIAN_POINT('',(232.441,-7.5,154.25));
#908 = SURFACE_CURVE('',#909,(#914,#921),.PCURVE_S1.);
#909 = CIRCLE('',#910,0.25);
#910 = AXIS2_PLACEMENT_3D('',#911,#912,#913);
#911 = CARTESIAN_POINT('',(232.191,-7.5,154.25));
#912 = DIRECTION('',(0.,-1.,0.));
#913 = DIRECTION('',(1.,0.,0.));
#914 = PCURVE('',#341,#915);
#915 = DEFINITIONAL_REPRESENTATION('',(#916),#920);
#916 = CIRCLE('',#917,0.25);
#917 = AXIS2_PLACEMENT_2D('',#918,#919);
#918 = CARTESIAN_POINT('',(232.191,154.25));
#919 = DIRECTION('',(1.,0.));
#920 = ( GEOMETRIC_REPRESENTATION_CONTEXT(2) 
PARAMETRIC_REPRESENTATION_CONTEXT() REPRESENTATION_CONTEXT('2D SPACE',''
  ) );
#921 = PCURVE('',#922,#927);
#922 = CYLINDRICAL_SURFACE('',#923,0.25);
#923 = AXIS2_PLACEMENT_3D('',#924,#925,#926);
#924 = CARTESIAN_POINT('',(232.191,-7.,154.25));
#925 = DIRECTION('',(0.,-1.,0.));
#926 = DIRECTION('',(1.,0.,0.));
#927 = DEFINITIONAL_REPRESENTATION('',(#928),#932);
#928 = LINE('',#929,#930);
#929 = CARTESIAN_POINT('',(0.,0.5));
#930 = VECTOR('',#931,1.);
#931 = DIRECTION('',(1.,0.));
#932 = ( GEOMETRIC_REPRESENTATION_CONTEXT(2) 
PARAMETRIC_REPRESENTATION_CONTEXT() REPRESENTATION_CONTEXT('2D SPACE',''
  ) );
#933 = ORIENTED_EDGE('',*,*,#934,.F.);
#934 = EDGE_CURVE('',#935,#906,#937,.T.);
#935 = VERTEX_POINT('',#936);
#936 = CARTESIAN_POINT('',(232.441,-7.5,108.75));
#937 = SURFACE_CURVE('',#938,(#942,#948),.PCURVE_S1.);
#938 = LINE('',#939,#940);
#939 = CARTESIAN_POINT('',(232.441,-7.5,54.25));
#940 = VECTOR('',#941,1.);
#941 = DIRECTION('',(-0.,0.,1.));
#942 = PCURVE('',#341,#943);
#943 = DEFINITIONAL_REPRESENTATION('',(#944),#947);
#944 = B_SPLINE_CURVE_WITH_KNOTS('',1,(#945,#946),.UNSPECIFIED.,.F.,.F.,
  (2,2),(54.5,100.),.PIECEWISE_BEZIER_KNOTS.);
#945 = CARTESIAN_POINT('',(232.441,108.75));
#946 = CARTESIAN_POINT('',(232.441,154.25));
#947 = ( GEOMETRIC_REPRESENTATION_CONTEXT(2) 
PARAMETRIC_REPRESENTATION_CONTEXT() REPRESENTATION_CONTEXT('2D SPACE',''
  ) );
#948 = PCURVE('',#949,#954);
#949 = PLANE('',#950);
#950 = AXIS2_PLACEMENT_3D('',#951,#952,#953);
#951 = CARTESIAN_POINT('',(232.441,-7.,108.5));
#952 = DIRECTION('',(1.,0.,0.));
#953 = DIRECTION('',(0.,-1.,0.));
#954 = DEFINITIONAL_REPRESENTATION('',(#955),#958);
#955 = B_SPLINE_CURVE_WITH_KNOTS('',1,(#956,#957),.UNSPECIFIED.,.F.,.F.,
  (2,2),(54.5,100.),.PIECEWISE_BEZIER_KNOTS.);
#956 = CARTESIAN_POINT('',(0.5,-0.25));
#957 = CARTESIAN_POINT('',(0.5,-45.75));
#958 = ( GEOMETRIC_REPRESENTATION_CONTEXT(2) 
PARAMETRIC_REPRESENTATION_CONTEXT() REPRESENTATION_CONTEXT('2D SPACE',''
  ) );
#959 = ORIENTED_EDGE('',*,*,#960,.F.);
#960 = EDGE_CURVE('',#961,#935,#963,.T.);
#961 = VERTEX_POINT('',#962);
#962 = CARTESIAN_POINT('',(232.191,-7.5,108.5));
#963 = SURFACE_CURVE('',#964,(#969,#976),.PCURVE_S1.);
#964 = CIRCLE('',#965,0.25);
#965 = AXIS2_PLACEMENT_3D('',#966,#967,#968);
#966 = CARTESIAN_POINT('',(232.191,-7.5,108.75));
#967 = DIRECTION('',(0.,-1.,0.));
#968 = DIRECTION('',(1.,0.,0.));
#969 = PCURVE('',#341,#970);
#970 = DEFINITIONAL_REPRESENTATION('',(#971),#975);
#971 = CIRCLE('',#972,0.25);
#972 = AXIS2_PLACEMENT_2D('',#973,#974);
#973 = CARTESIAN_POINT('',(232.191,108.75));
#974 = DIRECTION('',(1.,0.));
#975 = ( GEOMETRIC_REPRESENTATION_CONTEXT(2) 
PARAMETRIC_REPRESENTATION_CONTEXT() REPRESENTATION_CONTEXT('2D SPACE',''
  ) );
#976 = PCURVE('',#977,#982);
#977 = CYLINDRICAL_SURFACE('',#978,0.25);
#978 = AXIS2_PLACEMENT_3D('',#979,#980,#981);
#979 = CARTESIAN_POINT('',(232.191,-7.,108.75));
#980 = DIRECTION('',(0.,-1.,0.));
#981 = DIRECTION('',(1.,0.,0.));
#982 = DEFINITIONAL_REPRESENTATION('',(#983),#987);
#983 = LINE('',#984,#985);
#984 = CARTESIAN_POINT('',(-6.28318530718,0.5));
#985 = VECTOR('',#986,1.);
#986 = DIRECTION('',(1.,-0.));
#987 = ( GEOMETRIC_REPRESENTATION_CONTEXT(2) 
PARAMETRIC_REPRESENTATION_CONTEXT() REPRESENTATION_CONTEXT('2D SPACE',''
  ) );
#988 = ORIENTED_EDGE('',*,*,#989,.T.);
#989 = EDGE_CURVE('',#961,#796,#990,.T.);
#990 = SURFACE_CURVE('',#991,(#995,#1001),.PCURVE_S1.);
#991 = LINE('',#992,#993);
#992 = CARTESIAN_POINT('',(100.7205,-7.5,108.5));
#993 = VECTOR('',#994,1.);
#994 = DIRECTION('',(-1.,0.,0.));
#995 = PCURVE('',#341,#996);
#996 = DEFINITIONAL_REPRESENTATION('',(#997),#1000);
#997 = B_SPLINE_CURVE_WITH_KNOTS('',1,(#998,#999),.UNSPECIFIED.,.F.,.F.,
  (2,2),(-131.4705,-100.9705),.PIECEWISE_BEZIER_KNOTS.);
#998 = CARTESIAN_POINT('',(232.191,108.5));
#999 = CARTESIAN_POINT('',(201.691,108.5));
#1000 = ( GEOMETRIC_REPRESENTATION_CONTEXT(2) 
PARAMETRIC_REPRESENTATION_CONTEXT() REPRESENTATION_CONTEXT('2D SPACE',''
  ) );
#1001 = PCURVE('',#1002,#1007);
#1002 = PLANE('',#1003);
#1003 = AXIS2_PLACEMENT_3D('',#1004,#1005,#1006);
#1004 = CARTESIAN_POINT('',(201.441,-7.,108.5));
#1005 = DIRECTION('',(0.,0.,1.));
#1006 = DIRECTION('',(0.,-1.,0.));
#1007 = DEFINITIONAL_REPRESENTATION('',(#1008),#1011);
#1008 = B_SPLINE_CURVE_WITH_KNOTS('',1,(#1009,#1010),.UNSPECIFIED.,.F.,
  .F.,(2,2),(-131.4705,-100.9705),.PIECEWISE_BEZIER_KNOTS.);
#1009 = CARTESIAN_POINT('',(0.5,30.75));
#1010 = CARTESIAN_POINT('',(0.5,0.25));
#1011 = ( GEOMETRIC_REPRESENTATION_CONTEXT(2) 
PARAMETRIC_REPRESENTATION_CONTEXT() REPRESENTATION_CONTEXT('2D SPACE',''
  ) );
#1012 = FACE_BOUND('',#1013,.F.);
#1013 = EDGE_LOOP('',(#1014,#1045,#1071,#1100,#1126,#1155,#1181,#1210));
#1014 = ORIENTED_EDGE('',*,*,#1015,.F.);
#1015 = EDGE_CURVE('',#1016,#1018,#1020,.T.);
#1016 = VERTEX_POINT('',#1017);
#1017 = CARTESIAN_POINT('',(97.013,-7.5,109.25));
#1018 = VERTEX_POINT('',#1019);
#1019 = CARTESIAN_POINT('',(97.263,-7.5,109.));
#1020 = SURFACE_CURVE('',#1021,(#1026,#1033),.PCURVE_S1.);
#1021 = CIRCLE('',#1022,0.25);
#1022 = AXIS2_PLACEMENT_3D('',#1023,#1024,#1025);
#1023 = CARTESIAN_POINT('',(97.263,-7.5,109.25));
#1024 = DIRECTION('',(0.,-1.,0.));
#1025 = DIRECTION('',(-1.,0.,0.));
#1026 = PCURVE('',#341,#1027);
#1027 = DEFINITIONAL_REPRESENTATION('',(#1028),#1032);
#1028 = CIRCLE('',#1029,0.25);
#1029 = AXIS2_PLACEMENT_2D('',#1030,#1031);
#1030 = CARTESIAN_POINT('',(97.263,109.25));
#1031 = DIRECTION('',(-1.,0.));
#1032 = ( GEOMETRIC_REPRESENTATION_CONTEXT(2) 
PARAMETRIC_REPRESENTATION_CONTEXT() REPRESENTATION_CONTEXT('2D SPACE',''
  ) );
#1033 = PCURVE('',#1034,#1039);
#1034 = CYLINDRICAL_SURFACE('',#1035,0.25);
#1035 = AXIS2_PLACEMENT_3D('',#1036,#1037,#1038);
#1036 = CARTESIAN_POINT('',(97.263,-7.,109.25));
#1037 = DIRECTION('',(0.,-1.,0.));
#1038 = DIRECTION('',(-1.,-0.,0.));
#1039 = DEFINITIONAL_REPRESENTATION('',(#1040),#1044);
#1040 = LINE('',#1041,#1042);
#1041 = CARTESIAN_POINT('',(0.,0.5));
#1042 = VECTOR('',#1043,1.);
#1043 = DIRECTION('',(1.,0.));
#1044 = ( GEOMETRIC_REPRESENTATION_CONTEXT(2) 
PARAMETRIC_REPRESENTATION_CONTEXT() REPRESENTATION_CONTEXT('2D SPACE',''
  ) );
#1045 = ORIENTED_EDGE('',*,*,#1046,.T.);
#1046 = EDGE_CURVE('',#1016,#1047,#1049,.T.);
#1047 = VERTEX_POINT('',#1048);
#1048 = CARTESIAN_POINT('',(97.013,-7.5,154.75));
#1049 = SURFACE_CURVE('',#1050,(#1054,#1060),.PCURVE_S1.);
#1050 = LINE('',#1051,#1052);
#1051 = CARTESIAN_POINT('',(97.013,-7.5,54.5));
#1052 = VECTOR('',#1053,1.);
#1053 = DIRECTION('',(-0.,0.,1.));
#1054 = PCURVE('',#341,#1055);
#1055 = DEFINITIONAL_REPRESENTATION('',(#1056),#1059);
#1056 = B_SPLINE_CURVE_WITH_KNOTS('',1,(#1057,#1058),.UNSPECIFIED.,.F.,
  .F.,(2,2),(54.75,100.25),.PIECEWISE_BEZIER_KNOTS.);
#1057 = CARTESIAN_POINT('',(97.013,109.25));
#1058 = CARTESIAN_POINT('',(97.013,154.75));
#1059 = ( GEOMETRIC_REPRESENTATION_CONTEXT(2) 
PARAMETRIC_REPRESENTATION_CONTEXT() REPRESENTATION_CONTEXT('2D SPACE',''
  ) );
#1060 = PCURVE('',#1061,#1066);
#1061 = PLANE('',#1062);
#1062 = AXIS2_PLACEMENT_3D('',#1063,#1064,#1065);
#1063 = CARTESIAN_POINT('',(97.013,-7.,109.));
#1064 = DIRECTION('',(1.,0.,0.));
#1065 = DIRECTION('',(0.,-1.,0.));
#1066 = DEFINITIONAL_REPRESENTATION('',(#1067),#1070);
#1067 = B_SPLINE_CURVE_WITH_KNOTS('',1,(#1068,#1069),.UNSPECIFIED.,.F.,
  .F.,(2,2),(54.75,100.25),.PIECEWISE_BEZIER_KNOTS.);
#1068 = CARTESIAN_POINT('',(0.5,-0.25));
#1069 = CARTESIAN_POINT('',(0.5,-45.75));
#1070 = ( GEOMETRIC_REPRESENTATION_CONTEXT(2) 
PARAMETRIC_REPRESENTATION_CONTEXT() REPRESENTATION_CONTEXT('2D SPACE',''
  ) );
#1071 = ORIENTED_EDGE('',*,*,#1072,.F.);
#1072 = EDGE_CURVE('',#1073,#1047,#1075,.T.);
#1073 = VERTEX_POINT('',#1074);
#1074 = CARTESIAN_POINT('',(97.263,-7.5,155.));
#1075 = SURFACE_CURVE('',#1076,(#1081,#1088),.PCURVE_S1.);
#1076 = CIRCLE('',#1077,0.25);
#1077 = AXIS2_PLACEMENT_3D('',#1078,#1079,#1080);
#1078 = CARTESIAN_POINT('',(97.263,-7.5,154.75));
#1079 = DIRECTION('',(0.,-1.,0.));
#1080 = DIRECTION('',(-1.,0.,0.));
#1081 = PCURVE('',#341,#1082);
#1082 = DEFINITIONAL_REPRESENTATION('',(#1083),#1087);
#1083 = CIRCLE('',#1084,0.25);
#1084 = AXIS2_PLACEMENT_2D('',#1085,#1086);
#1085 = CARTESIAN_POINT('',(97.263,154.75));
#1086 = DIRECTION('',(-1.,0.));
#1087 = ( GEOMETRIC_REPRESENTATION_CONTEXT(2) 
PARAMETRIC_REPRESENTATION_CONTEXT() REPRESENTATION_CONTEXT('2D SPACE',''
  ) );
#1088 = PCURVE('',#1089,#1094);
#1089 = CYLINDRICAL_SURFACE('',#1090,0.25);
#1090 = AXIS2_PLACEMENT_3D('',#1091,#1092,#1093);
#1091 = CARTESIAN_POINT('',(97.263,-7.,154.75));
#1092 = DIRECTION('',(0.,-1.,0.));
#1093 = DIRECTION('',(-1.,-0.,0.));
#1094 = DEFINITIONAL_REPRESENTATION('',(#1095),#1099);
#1095 = LINE('',#1096,#1097);
#1096 = CARTESIAN_POINT('',(-6.28318530718,0.5));
#1097 = VECTOR('',#1098,1.);
#1098 = DIRECTION('',(1.,-0.));
#1099 = ( GEOMETRIC_REPRESENTATION_CONTEXT(2) 
PARAMETRIC_REPRESENTATION_CONTEXT() REPRESENTATION_CONTEXT('2D SPACE',''
  ) );
#1100 = ORIENTED_EDGE('',*,*,#1101,.F.);
#1101 = EDGE_CURVE('',#1102,#1073,#1104,.T.);
#1102 = VERTEX_POINT('',#1103);
#1103 = CARTESIAN_POINT('',(127.763,-7.5,155.));
#1104 = SURFACE_CURVE('',#1105,(#1109,#1115),.PCURVE_S1.);
#1105 = LINE('',#1106,#1107);
#1106 = CARTESIAN_POINT('',(48.5065,-7.5,155.));
#1107 = VECTOR('',#1108,1.);
#1108 = DIRECTION('',(-1.,0.,0.));
#1109 = PCURVE('',#341,#1110);
#1110 = DEFINITIONAL_REPRESENTATION('',(#1111),#1114);
#1111 = B_SPLINE_CURVE_WITH_KNOTS('',1,(#1112,#1113),.UNSPECIFIED.,.F.,
  .F.,(2,2),(-79.2565,-48.7565),.PIECEWISE_BEZIER_KNOTS.);
#1112 = CARTESIAN_POINT('',(127.763,155.));
#1113 = CARTESIAN_POINT('',(97.263,155.));
#1114 = ( GEOMETRIC_REPRESENTATION_CONTEXT(2) 
PARAMETRIC_REPRESENTATION_CONTEXT() REPRESENTATION_CONTEXT('2D SPACE',''
  ) );
#1115 = PCURVE('',#1116,#1121);
#1116 = PLANE('',#1117);
#1117 = AXIS2_PLACEMENT_3D('',#1118,#1119,#1120);
#1118 = CARTESIAN_POINT('',(97.013,-7.,155.));
#1119 = DIRECTION('',(0.,0.,1.));
#1120 = DIRECTION('',(0.,-1.,0.));
#1121 = DEFINITIONAL_REPRESENTATION('',(#1122),#1125);
#1122 = B_SPLINE_CURVE_WITH_KNOTS('',1,(#1123,#1124),.UNSPECIFIED.,.F.,
  .F.,(2,2),(-79.2565,-48.7565),.PIECEWISE_BEZIER_KNOTS.);
#1123 = CARTESIAN_POINT('',(0.5,30.75));
#1124 = CARTESIAN_POINT('',(0.5,0.25));
#1125 = ( GEOMETRIC_REPRESENTATION_CONTEXT(2) 
PARAMETRIC_REPRESENTATION_CONTEXT() REPRESENTATION_CONTEXT('2D SPACE',''
  ) );
#1126 = ORIENTED_EDGE('',*,*,#1127,.F.);
#1127 = EDGE_CURVE('',#1128,#1102,#1130,.T.);
#1128 = VERTEX_POINT('',#1129);
#1129 = CARTESIAN_POINT('',(128.013,-7.5,154.75));
#1130 = SURFACE_CURVE('',#1131,(#1136,#1143),.PCURVE_S1.);
#1131 = CIRCLE('',#1132,0.25);
#1132 = AXIS2_PLACEMENT_3D('',#1133,#1134,#1135);
#1133 = CARTESIAN_POINT('',(127.763,-7.5,154.75));
#1134 = DIRECTION('',(0.,-1.,0.));
#1135 = DIRECTION('',(1.,0.,0.));
#1136 = PCURVE('',#341,#1137);
#1137 = DEFINITIONAL_REPRESENTATION('',(#1138),#1142);
#1138 = CIRCLE('',#1139,0.25);
#1139 = AXIS2_PLACEMENT_2D('',#1140,#1141);
#1140 = CARTESIAN_POINT('',(127.763,154.75));
#1141 = DIRECTION('',(1.,0.));
#1142 = ( GEOMETRIC_REPRESENTATION_CONTEXT(2) 
PARAMETRIC_REPRESENTATION_CONTEXT() REPRESENTATION_CONTEXT('2D SPACE',''
  ) );
#1143 = PCURVE('',#1144,#1149);
#1144 = CYLINDRICAL_SURFACE('',#1145,0.25);
#1145 = AXIS2_PLACEMENT_3D('',#1146,#1147,#1148);
#1146 = CARTESIAN_POINT('',(127.763,-7.,154.75));
#1147 = DIRECTION('',(0.,-1.,0.));
#1148 = DIRECTION('',(1.,0.,0.));
#1149 = DEFINITIONAL_REPRESENTATION('',(#1150),#1154);
#1150 = LINE('',#1151,#1152);
#1151 = CARTESIAN_POINT('',(0.,0.5));
#1152 = VECTOR('',#1153,1.);
#1153 = DIRECTION('',(1.,0.));
#1154 = ( GEOMETRIC_REPRESENTATION_CONTEXT(2) 
PARAMETRIC_REPRESENTATION_CONTEXT() REPRESENTATION_CONTEXT('2D SPACE',''
  ) );
#1155 = ORIENTED_EDGE('',*,*,#1156,.F.);
#1156 = EDGE_CURVE('',#1157,#1128,#1159,.T.);
#1157 = VERTEX_POINT('',#1158);
#1158 = CARTESIAN_POINT('',(128.013,-7.5,109.25));
#1159 = SURFACE_CURVE('',#1160,(#1164,#1170),.PCURVE_S1.);
#1160 = LINE('',#1161,#1162);
#1161 = CARTESIAN_POINT('',(128.013,-7.5,54.5));
#1162 = VECTOR('',#1163,1.);
#1163 = DIRECTION('',(-0.,0.,1.));
#1164 = PCURVE('',#341,#1165);
#1165 = DEFINITIONAL_REPRESENTATION('',(#1166),#1169);
#1166 = B_SPLINE_CURVE_WITH_KNOTS('',1,(#1167,#1168),.UNSPECIFIED.,.F.,
  .F.,(2,2),(54.75,100.25),.PIECEWISE_BEZIER_KNOTS.);
#1167 = CARTESIAN_POINT('',(128.013,109.25));
#1168 = CARTESIAN_POINT('',(128.013,154.75));
#1169 = ( GEOMETRIC_REPRESENTATION_CONTEXT(2) 
PARAMETRIC_REPRESENTATION_CONTEXT() REPRESENTATION_CONTEXT('2D SPACE',''
  ) );
#1170 = PCURVE('',#1171,#1176);
#1171 = PLANE('',#1172);
#1172 = AXIS2_PLACEMENT_3D('',#1173,#1174,#1175);
#1173 = CARTESIAN_POINT('',(128.013,-7.,109.));
#1174 = DIRECTION('',(1.,0.,0.));
#1175 = DIRECTION('',(0.,-1.,0.));
#1176 = DEFINITIONAL_REPRESENTATION('',(#1177),#1180);
#1177 = B_SPLINE_CURVE_WITH_KNOTS('',1,(#1178,#1179),.UNSPECIFIED.,.F.,
  .F.,(2,2),(54.75,100.25),.PIECEWISE_BEZIER_KNOTS.);
#1178 = CARTESIAN_POINT('',(0.5,-0.25));
#1179 = CARTESIAN_POINT('',(0.5,-45.75));
#1180 = ( GEOMETRIC_REPRESENTATION_CONTEXT(2) 
PARAMETRIC_REPRESENTATION_CONTEXT() REPRESENTATION_CONTEXT('2D SPACE',''
  ) );
#1181 = ORIENTED_EDGE('',*,*,#1182,.F.);
#1182 = EDGE_CURVE('',#1183,#1157,#1185,.T.);
#1183 = VERTEX_POINT('',#1184);
#1184 = CARTESIAN_POINT('',(127.763,-7.5,109.));
#1185 = SURFACE_CURVE('',#1186,(#1191,#1198),.PCURVE_S1.);
#1186 = CIRCLE('',#1187,0.25);
#1187 = AXIS2_PLACEMENT_3D('',#1188,#1189,#1190);
#1188 = CARTESIAN_POINT('',(127.763,-7.5,109.25));
#1189 = DIRECTION('',(0.,-1.,0.));
#1190 = DIRECTION('',(1.,0.,0.));
#1191 = PCURVE('',#341,#1192);
#1192 = DEFINITIONAL_REPRESENTATION('',(#1193),#1197);
#1193 = CIRCLE('',#1194,0.25);
#1194 = AXIS2_PLACEMENT_2D('',#1195,#1196);
#1195 = CARTESIAN_POINT('',(127.763,109.25));
#1196 = DIRECTION('',(1.,0.));
#1197 = ( GEOMETRIC_REPRESENTATION_CONTEXT(2) 
PARAMETRIC_REPRESENTATION_CONTEXT() REPRESENTATION_CONTEXT('2D SPACE',''
  ) );
#1198 = PCURVE('',#1199,#1204);
#1199 = CYLINDRICAL_SURFACE('',#1200,0.25);
#1200 = AXIS2_PLACEMENT_3D('',#1201,#1202,#1203);
#1201 = CARTESIAN_POINT('',(127.763,-7.,109.25));
#1202 = DIRECTION('',(0.,-1.,0.));
#1203 = DIRECTION('',(1.,0.,0.));
#1204 = DEFINITIONAL_REPRESENTATION('',(#1205),#1209);
#1205 = LINE('',#1206,#1207);
#1206 = CARTESIAN_POINT('',(-6.28318530718,0.5));
#1207 = VECTOR('',#1208,1.);
#1208 = DIRECTION('',(1.,-0.));
#1209 = ( GEOMETRIC_REPRESENTATION_CONTEXT(2) 
PARAMETRIC_REPRESENTATION_CONTEXT() REPRESENTATION_CONTEXT('2D SPACE',''
  ) );
#1210 = ORIENTED_EDGE('',*,*,#1211,.T.);
#1211 = EDGE_CURVE('',#1183,#1018,#1212,.T.);
#1212 = SURFACE_CURVE('',#1213,(#1217,#1223),.PCURVE_S1.);
#1213 = LINE('',#1214,#1215);
#1214 = CARTESIAN_POINT('',(48.5065,-7.5,109.));
#1215 = VECTOR('',#1216,1.);
#1216 = DIRECTION('',(-1.,0.,0.));
#1217 = PCURVE('',#341,#1218);
#1218 = DEFINITIONAL_REPRESENTATION('',(#1219),#1222);
#1219 = B_SPLINE_CURVE_WITH_KNOTS('',1,(#1220,#1221),.UNSPECIFIED.,.F.,
  .F.,(2,2),(-79.2565,-48.7565),.PIECEWISE_BEZIER_KNOTS.);
#1220 = CARTESIAN_POINT('',(127.763,109.));
#1221 = CARTESIAN_POINT('',(97.263,109.));
#1222 = ( GEOMETRIC_REPRESENTATION_CONTEXT(2) 
PARAMETRIC_REPRESENTATION_CONTEXT() REPRESENTATION_CONTEXT('2D SPACE',''
  ) );
#1223 = PCURVE('',#1224,#1229);
#1224 = PLANE('',#1225);
#1225 = AXIS2_PLACEMENT_3D('',#1226,#1227,#1228);
#1226 = CARTESIAN_POINT('',(97.013,-7.,109.));
#1227 = DIRECTION('',(0.,0.,1.));
#1228 = DIRECTION('',(0.,-1.,0.));
#1229 = DEFINITIONAL_REPRESENTATION('',(#1230),#1233);
#1230 = B_SPLINE_CURVE_WITH_KNOTS('',1,(#1231,#1232),.UNSPECIFIED.,.F.,
  .F.,(2,2),(-79.2565,-48.7565),.PIECEWISE_BEZIER_KNOTS.);
#1231 = CARTESIAN_POINT('',(0.5,30.75));
#1232 = CARTESIAN_POINT('',(0.5,0.25));
#1233 = ( GEOMETRIC_REPRESENTATION_CONTEXT(2) 
PARAMETRIC_REPRESENTATION_CONTEXT() REPRESENTATION_CONTEXT('2D SPACE',''
  ) );
#1234 = ADVANCED_FACE('',(#1235),#373,.T.);
#1235 = FACE_BOUND('',#1236,.F.);
#1236 = EDGE_LOOP('',(#1237,#1238,#1239,#1271));
#1237 = ORIENTED_EDGE('',*,*,#353,.T.);
#1238 = ORIENTED_EDGE('',*,*,#745,.T.);
#1239 = ORIENTED_EDGE('',*,*,#1240,.F.);
#1240 = EDGE_CURVE('',#498,#746,#1241,.T.);
#1241 = SURFACE_CURVE('',#1242,(#1247,#1259),.PCURVE_S1.);
#1242 = ELLIPSE('',#1243,1.414213562373,1.);
#1243 = AXIS2_PLACEMENT_3D('',#1244,#1245,#1246);
#1244 = CARTESIAN_POINT('',(319.,-8.5,229.));
#1245 = DIRECTION('',(-0.707106781187,-0.,0.707106781187));
#1246 = DIRECTION('',(0.707106781187,0.,0.707106781187));
#1247 = PCURVE('',#373,#1248);
#1248 = DEFINITIONAL_REPRESENTATION('',(#1249),#1258);
#1249 = B_SPLINE_CURVE_WITH_KNOTS('',7,(#1250,#1251,#1252,#1253,#1254,
    #1255,#1256,#1257),.UNSPECIFIED.,.F.,.F.,(8,8),(0.,1.570796326795),
  .PIECEWISE_BEZIER_KNOTS.);
#1250 = CARTESIAN_POINT('',(0.,320.));
#1251 = CARTESIAN_POINT('',(-0.224399475256,320.));
#1252 = CARTESIAN_POINT('',(-0.448798950513,319.94125132734));
#1253 = CARTESIAN_POINT('',(-0.673198425769,319.82376250482));
#1254 = CARTESIAN_POINT('',(-0.897597901026,319.65474682569));
#1255 = CARTESIAN_POINT('',(-1.121997376282,319.44879803937));
#1256 = CARTESIAN_POINT('',(-1.346396851538,319.22439947525));
#1257 = CARTESIAN_POINT('',(-1.570796326795,319.));
#1258 = ( GEOMETRIC_REPRESENTATION_CONTEXT(2) 
PARAMETRIC_REPRESENTATION_CONTEXT() REPRESENTATION_CONTEXT('2D SPACE',''
  ) );
#1259 = PCURVE('',#583,#1260);
#1260 = DEFINITIONAL_REPRESENTATION('',(#1261),#1270);
#1261 = B_SPLINE_CURVE_WITH_KNOTS('',7,(#1262,#1263,#1264,#1265,#1266,
    #1267,#1268,#1269),.UNSPECIFIED.,.F.,.F.,(8,8),(0.,1.570796326795),
  .PIECEWISE_BEZIER_KNOTS.);
#1262 = CARTESIAN_POINT('',(0.,230.));
#1263 = CARTESIAN_POINT('',(0.224399475256,230.));
#1264 = CARTESIAN_POINT('',(0.448798950513,229.94125132742));
#1265 = CARTESIAN_POINT('',(0.673198425769,229.82376250455));
#1266 = CARTESIAN_POINT('',(0.897597901026,229.65474682595));
#1267 = CARTESIAN_POINT('',(1.121997376282,229.44879803928));
#1268 = CARTESIAN_POINT('',(1.346396851538,229.22439947525));
#1269 = CARTESIAN_POINT('',(1.570796326795,229.));
#1270 = ( GEOMETRIC_REPRESENTATION_CONTEXT(2) 
PARAMETRIC_REPRESENTATION_CONTEXT() REPRESENTATION_CONTEXT('2D SPACE',''
  ) );
#1271 = ORIENTED_EDGE('',*,*,#522,.F.);
#1272 = ADVANCED_FACE('',(#1273,#1321,#1503),#444,.T.);
#1273 = FACE_BOUND('',#1274,.T.);
#1274 = EDGE_LOOP('',(#1275,#1276,#1299,#1320));
#1275 = ORIENTED_EDGE('',*,*,#686,.T.);
#1276 = ORIENTED_EDGE('',*,*,#1277,.T.);
#1277 = EDGE_CURVE('',#687,#1278,#1280,.T.);
#1278 = VERTEX_POINT('',#1279);
#1279 = CARTESIAN_POINT('',(319.,-27.5,229.));
#1280 = SURFACE_CURVE('',#1281,(#1285,#1292),.PCURVE_S1.);
#1281 = LINE('',#1282,#1283);
#1282 = CARTESIAN_POINT('',(319.,-27.5,0.));
#1283 = VECTOR('',#1284,1.);
#1284 = DIRECTION('',(0.,0.,1.));
#1285 = PCURVE('',#444,#1286);
#1286 = DEFINITIONAL_REPRESENTATION('',(#1287),#1291);
#1287 = LINE('',#1288,#1289);
#1288 = CARTESIAN_POINT('',(319.,0.));
#1289 = VECTOR('',#1290,1.);
#1290 = DIRECTION('',(0.,1.));
#1291 = ( GEOMETRIC_REPRESENTATION_CONTEXT(2) 
PARAMETRIC_REPRESENTATION_CONTEXT() REPRESENTATION_CONTEXT('2D SPACE',''
  ) );
#1292 = PCURVE('',#610,#1293);
#1293 = DEFINITIONAL_REPRESENTATION('',(#1294),#1298);
#1294 = LINE('',#1295,#1296);
#1295 = CARTESIAN_POINT('',(-1.570796326795,0.));
#1296 = VECTOR('',#1297,1.);
#1297 = DIRECTION('',(-0.,1.));
#1298 = ( GEOMETRIC_REPRESENTATION_CONTEXT(2) 
PARAMETRIC_REPRESENTATION_CONTEXT() REPRESENTATION_CONTEXT('2D SPACE',''
  ) );
#1299 = ORIENTED_EDGE('',*,*,#1300,.F.);
#1300 = EDGE_CURVE('',#429,#1278,#1301,.T.);
#1301 = SURFACE_CURVE('',#1302,(#1306,#1313),.PCURVE_S1.);
#1302 = LINE('',#1303,#1304);
#1303 = CARTESIAN_POINT('',(0.,-27.5,229.));
#1304 = VECTOR('',#1305,1.);
#1305 = DIRECTION('',(1.,0.,0.));
#1306 = PCURVE('',#444,#1307);
#1307 = DEFINITIONAL_REPRESENTATION('',(#1308),#1312);
#1308 = LINE('',#1309,#1310);
#1309 = CARTESIAN_POINT('',(0.,229.));
#1310 = VECTOR('',#1311,1.);
#1311 = DIRECTION('',(1.,0.));
#1312 = ( GEOMETRIC_REPRESENTATION_CONTEXT(2) 
PARAMETRIC_REPRESENTATION_CONTEXT() REPRESENTATION_CONTEXT('2D SPACE',''
  ) );
#1313 = PCURVE('',#476,#1314);
#1314 = DEFINITIONAL_REPRESENTATION('',(#1315),#1319);
#1315 = LINE('',#1316,#1317);
#1316 = CARTESIAN_POINT('',(1.570796326795,0.));
#1317 = VECTOR('',#1318,1.);
#1318 = DIRECTION('',(0.,1.));
#1319 = ( GEOMETRIC_REPRESENTATION_CONTEXT(2) 
PARAMETRIC_REPRESENTATION_CONTEXT() REPRESENTATION_CONTEXT('2D SPACE',''
  ) );
#1320 = ORIENTED_EDGE('',*,*,#428,.F.);
#1321 = FACE_BOUND('',#1322,.T.);
#1322 = EDGE_LOOP('',(#1323,#1349,#1370,#1394,#1415,#1439,#1460,#1484));
#1323 = ORIENTED_EDGE('',*,*,#1324,.F.);
#1324 = EDGE_CURVE('',#1325,#1327,#1329,.T.);
#1325 = VERTEX_POINT('',#1326);
#1326 = CARTESIAN_POINT('',(201.441,-27.5,108.75));
#1327 = VERTEX_POINT('',#1328);
#1328 = CARTESIAN_POINT('',(201.691,-27.5,108.5));
#1329 = SURFACE_CURVE('',#1330,(#1335,#1342),.PCURVE_S1.);
#1330 = CIRCLE('',#1331,0.25);
#1331 = AXIS2_PLACEMENT_3D('',#1332,#1333,#1334);
#1332 = CARTESIAN_POINT('',(201.691,-27.5,108.75));
#1333 = DIRECTION('',(0.,-1.,0.));
#1334 = DIRECTION('',(-1.,0.,0.));
#1335 = PCURVE('',#444,#1336);
#1336 = DEFINITIONAL_REPRESENTATION('',(#1337),#1341);
#1337 = CIRCLE('',#1338,0.25);
#1338 = AXIS2_PLACEMENT_2D('',#1339,#1340);
#1339 = CARTESIAN_POINT('',(201.691,108.75));
#1340 = DIRECTION('',(-1.,0.));
#1341 = ( GEOMETRIC_REPRESENTATION_CONTEXT(2) 
PARAMETRIC_REPRESENTATION_CONTEXT() REPRESENTATION_CONTEXT('2D SPACE',''
  ) );
#1342 = PCURVE('',#812,#1343);
#1343 = DEFINITIONAL_REPRESENTATION('',(#1344),#1348);
#1344 = LINE('',#1345,#1346);
#1345 = CARTESIAN_POINT('',(0.,20.5));
#1346 = VECTOR('',#1347,1.);
#1347 = DIRECTION('',(1.,0.));
#1348 = ( GEOMETRIC_REPRESENTATION_CONTEXT(2) 
PARAMETRIC_REPRESENTATION_CONTEXT() REPRESENTATION_CONTEXT('2D SPACE',''
  ) );
#1349 = ORIENTED_EDGE('',*,*,#1350,.T.);
#1350 = EDGE_CURVE('',#1325,#1351,#1353,.T.);
#1351 = VERTEX_POINT('',#1352);
#1352 = CARTESIAN_POINT('',(201.441,-27.5,154.25));
#1353 = SURFACE_CURVE('',#1354,(#1358,#1364),.PCURVE_S1.);
#1354 = LINE('',#1355,#1356);
#1355 = CARTESIAN_POINT('',(201.441,-27.5,54.25));
#1356 = VECTOR('',#1357,1.);
#1357 = DIRECTION('',(-0.,0.,1.));
#1358 = PCURVE('',#444,#1359);
#1359 = DEFINITIONAL_REPRESENTATION('',(#1360),#1363);
#1360 = B_SPLINE_CURVE_WITH_KNOTS('',1,(#1361,#1362),.UNSPECIFIED.,.F.,
  .F.,(2,2),(54.5,100.),.PIECEWISE_BEZIER_KNOTS.);
#1361 = CARTESIAN_POINT('',(201.441,108.75));
#1362 = CARTESIAN_POINT('',(201.441,154.25));
#1363 = ( GEOMETRIC_REPRESENTATION_CONTEXT(2) 
PARAMETRIC_REPRESENTATION_CONTEXT() REPRESENTATION_CONTEXT('2D SPACE',''
  ) );
#1364 = PCURVE('',#839,#1365);
#1365 = DEFINITIONAL_REPRESENTATION('',(#1366),#1369);
#1366 = B_SPLINE_CURVE_WITH_KNOTS('',1,(#1367,#1368),.UNSPECIFIED.,.F.,
  .F.,(2,2),(54.5,100.),.PIECEWISE_BEZIER_KNOTS.);
#1367 = CARTESIAN_POINT('',(20.5,-0.25));
#1368 = CARTESIAN_POINT('',(20.5,-45.75));
#1369 = ( GEOMETRIC_REPRESENTATION_CONTEXT(2) 
PARAMETRIC_REPRESENTATION_CONTEXT() REPRESENTATION_CONTEXT('2D SPACE',''
  ) );
#1370 = ORIENTED_EDGE('',*,*,#1371,.F.);
#1371 = EDGE_CURVE('',#1372,#1351,#1374,.T.);
#1372 = VERTEX_POINT('',#1373);
#1373 = CARTESIAN_POINT('',(201.691,-27.5,154.5));
#1374 = SURFACE_CURVE('',#1375,(#1380,#1387),.PCURVE_S1.);
#1375 = CIRCLE('',#1376,0.25);
#1376 = AXIS2_PLACEMENT_3D('',#1377,#1378,#1379);
#1377 = CARTESIAN_POINT('',(201.691,-27.5,154.25));
#1378 = DIRECTION('',(0.,-1.,0.));
#1379 = DIRECTION('',(-1.,0.,0.));
#1380 = PCURVE('',#444,#1381);
#1381 = DEFINITIONAL_REPRESENTATION('',(#1382),#1386);
#1382 = CIRCLE('',#1383,0.25);
#1383 = AXIS2_PLACEMENT_2D('',#1384,#1385);
#1384 = CARTESIAN_POINT('',(201.691,154.25));
#1385 = DIRECTION('',(-1.,0.));
#1386 = ( GEOMETRIC_REPRESENTATION_CONTEXT(2) 
PARAMETRIC_REPRESENTATION_CONTEXT() REPRESENTATION_CONTEXT('2D SPACE',''
  ) );
#1387 = PCURVE('',#867,#1388);
#1388 = DEFINITIONAL_REPRESENTATION('',(#1389),#1393);
#1389 = LINE('',#1390,#1391);
#1390 = CARTESIAN_POINT('',(-6.28318530718,20.5));
#1391 = VECTOR('',#1392,1.);
#1392 = DIRECTION('',(1.,-0.));
#1393 = ( GEOMETRIC_REPRESENTATION_CONTEXT(2) 
PARAMETRIC_REPRESENTATION_CONTEXT() REPRESENTATION_CONTEXT('2D SPACE',''
  ) );
#1394 = ORIENTED_EDGE('',*,*,#1395,.F.);
#1395 = EDGE_CURVE('',#1396,#1372,#1398,.T.);
#1396 = VERTEX_POINT('',#1397);
#1397 = CARTESIAN_POINT('',(232.191,-27.5,154.5));
#1398 = SURFACE_CURVE('',#1399,(#1403,#1409),.PCURVE_S1.);
#1399 = LINE('',#1400,#1401);
#1400 = CARTESIAN_POINT('',(100.7205,-27.5,154.5));
#1401 = VECTOR('',#1402,1.);
#1402 = DIRECTION('',(-1.,0.,0.));
#1403 = PCURVE('',#444,#1404);
#1404 = DEFINITIONAL_REPRESENTATION('',(#1405),#1408);
#1405 = B_SPLINE_CURVE_WITH_KNOTS('',1,(#1406,#1407),.UNSPECIFIED.,.F.,
  .F.,(2,2),(-131.4705,-100.9705),.PIECEWISE_BEZIER_KNOTS.);
#1406 = CARTESIAN_POINT('',(232.191,154.5));
#1407 = CARTESIAN_POINT('',(201.691,154.5));
#1408 = ( GEOMETRIC_REPRESENTATION_CONTEXT(2) 
PARAMETRIC_REPRESENTATION_CONTEXT() REPRESENTATION_CONTEXT('2D SPACE',''
  ) );
#1409 = PCURVE('',#894,#1410);
#1410 = DEFINITIONAL_REPRESENTATION('',(#1411),#1414);
#1411 = B_SPLINE_CURVE_WITH_KNOTS('',1,(#1412,#1413),.UNSPECIFIED.,.F.,
  .F.,(2,2),(-131.4705,-100.9705),.PIECEWISE_BEZIER_KNOTS.);
#1412 = CARTESIAN_POINT('',(20.5,30.75));
#1413 = CARTESIAN_POINT('',(20.5,0.25));
#1414 = ( GEOMETRIC_REPRESENTATION_CONTEXT(2) 
PARAMETRIC_REPRESENTATION_CONTEXT() REPRESENTATION_CONTEXT('2D SPACE',''
  ) );
#1415 = ORIENTED_EDGE('',*,*,#1416,.F.);
#1416 = EDGE_CURVE('',#1417,#1396,#1419,.T.);
#1417 = VERTEX_POINT('',#1418);
#1418 = CARTESIAN_POINT('',(232.441,-27.5,154.25));
#1419 = SURFACE_CURVE('',#1420,(#1425,#1432),.PCURVE_S1.);
#1420 = CIRCLE('',#1421,0.25);
#1421 = AXIS2_PLACEMENT_3D('',#1422,#1423,#1424);
#1422 = CARTESIAN_POINT('',(232.191,-27.5,154.25));
#1423 = DIRECTION('',(0.,-1.,0.));
#1424 = DIRECTION('',(1.,0.,0.));
#1425 = PCURVE('',#444,#1426);
#1426 = DEFINITIONAL_REPRESENTATION('',(#1427),#1431);
#1427 = CIRCLE('',#1428,0.25);
#1428 = AXIS2_PLACEMENT_2D('',#1429,#1430);
#1429 = CARTESIAN_POINT('',(232.191,154.25));
#1430 = DIRECTION('',(1.,0.));
#1431 = ( GEOMETRIC_REPRESENTATION_CONTEXT(2) 
PARAMETRIC_REPRESENTATION_CONTEXT() REPRESENTATION_CONTEXT('2D SPACE',''
  ) );
#1432 = PCURVE('',#922,#1433);
#1433 = DEFINITIONAL_REPRESENTATION('',(#1434),#1438);
#1434 = LINE('',#1435,#1436);
#1435 = CARTESIAN_POINT('',(0.,20.5));
#1436 = VECTOR('',#1437,1.);
#1437 = DIRECTION('',(1.,0.));
#1438 = ( GEOMETRIC_REPRESENTATION_CONTEXT(2) 
PARAMETRIC_REPRESENTATION_CONTEXT() REPRESENTATION_CONTEXT('2D SPACE',''
  ) );
#1439 = ORIENTED_EDGE('',*,*,#1440,.F.);
#1440 = EDGE_CURVE('',#1441,#1417,#1443,.T.);
#1441 = VERTEX_POINT('',#1442);
#1442 = CARTESIAN_POINT('',(232.441,-27.5,108.75));
#1443 = SURFACE_CURVE('',#1444,(#1448,#1454),.PCURVE_S1.);
#1444 = LINE('',#1445,#1446);
#1445 = CARTESIAN_POINT('',(232.441,-27.5,54.25));
#1446 = VECTOR('',#1447,1.);
#1447 = DIRECTION('',(-0.,0.,1.));
#1448 = PCURVE('',#444,#1449);
#1449 = DEFINITIONAL_REPRESENTATION('',(#1450),#1453);
#1450 = B_SPLINE_CURVE_WITH_KNOTS('',1,(#1451,#1452),.UNSPECIFIED.,.F.,
  .F.,(2,2),(54.5,100.),.PIECEWISE_BEZIER_KNOTS.);
#1451 = CARTESIAN_POINT('',(232.441,108.75));
#1452 = CARTESIAN_POINT('',(232.441,154.25));
#1453 = ( GEOMETRIC_REPRESENTATION_CONTEXT(2) 
PARAMETRIC_REPRESENTATION_CONTEXT() REPRESENTATION_CONTEXT('2D SPACE',''
  ) );
#1454 = PCURVE('',#949,#1455);
#1455 = DEFINITIONAL_REPRESENTATION('',(#1456),#1459);
#1456 = B_SPLINE_CURVE_WITH_KNOTS('',1,(#1457,#1458),.UNSPECIFIED.,.F.,
  .F.,(2,2),(54.5,100.),.PIECEWISE_BEZIER_KNOTS.);
#1457 = CARTESIAN_POINT('',(20.5,-0.25));
#1458 = CARTESIAN_POINT('',(20.5,-45.75));
#1459 = ( GEOMETRIC_REPRESENTATION_CONTEXT(2) 
PARAMETRIC_REPRESENTATION_CONTEXT() REPRESENTATION_CONTEXT('2D SPACE',''
  ) );
#1460 = ORIENTED_EDGE('',*,*,#1461,.F.);
#1461 = EDGE_CURVE('',#1462,#1441,#1464,.T.);
#1462 = VERTEX_POINT('',#1463);
#1463 = CARTESIAN_POINT('',(232.191,-27.5,108.5));
#1464 = SURFACE_CURVE('',#1465,(#1470,#1477),.PCURVE_S1.);
#1465 = CIRCLE('',#1466,0.25);
#1466 = AXIS2_PLACEMENT_3D('',#1467,#1468,#1469);
#1467 = CARTESIAN_POINT('',(232.191,-27.5,108.75));
#1468 = DIRECTION('',(0.,-1.,0.));
#1469 = DIRECTION('',(1.,0.,0.));
#1470 = PCURVE('',#444,#1471);
#1471 = DEFINITIONAL_REPRESENTATION('',(#1472),#1476);
#1472 = CIRCLE('',#1473,0.25);
#1473 = AXIS2_PLACEMENT_2D('',#1474,#1475);
#1474 = CARTESIAN_POINT('',(232.191,108.75));
#1475 = DIRECTION('',(1.,0.));
#1476 = ( GEOMETRIC_REPRESENTATION_CONTEXT(2) 
PARAMETRIC_REPRESENTATION_CONTEXT() REPRESENTATION_CONTEXT('2D SPACE',''
  ) );
#1477 = PCURVE('',#977,#1478);
#1478 = DEFINITIONAL_REPRESENTATION('',(#1479),#1483);
#1479 = LINE('',#1480,#1481);
#1480 = CARTESIAN_POINT('',(-6.28318530718,20.5));
#1481 = VECTOR('',#1482,1.);
#1482 = DIRECTION('',(1.,-0.));
#1483 = ( GEOMETRIC_REPRESENTATION_CONTEXT(2) 
PARAMETRIC_REPRESENTATION_CONTEXT() REPRESENTATION_CONTEXT('2D SPACE',''
  ) );
#1484 = ORIENTED_EDGE('',*,*,#1485,.T.);
#1485 = EDGE_CURVE('',#1462,#1327,#1486,.T.);
#1486 = SURFACE_CURVE('',#1487,(#1491,#1497),.PCURVE_S1.);
#1487 = LINE('',#1488,#1489);
#1488 = CARTESIAN_POINT('',(100.7205,-27.5,108.5));
#1489 = VECTOR('',#1490,1.);
#1490 = DIRECTION('',(-1.,0.,0.));
#1491 = PCURVE('',#444,#1492);
#1492 = DEFINITIONAL_REPRESENTATION('',(#1493),#1496);
#1493 = B_SPLINE_CURVE_WITH_KNOTS('',1,(#1494,#1495),.UNSPECIFIED.,.F.,
  .F.,(2,2),(-131.4705,-100.9705),.PIECEWISE_BEZIER_KNOTS.);
#1494 = CARTESIAN_POINT('',(232.191,108.5));
#1495 = CARTESIAN_POINT('',(201.691,108.5));
#1496 = ( GEOMETRIC_REPRESENTATION_CONTEXT(2) 
PARAMETRIC_REPRESENTATION_CONTEXT() REPRESENTATION_CONTEXT('2D SPACE',''
  ) );
#1497 = PCURVE('',#1002,#1498);
#1498 = DEFINITIONAL_REPRESENTATION('',(#1499),#1502);
#1499 = B_SPLINE_CURVE_WITH_KNOTS('',1,(#1500,#1501),.UNSPECIFIED.,.F.,
  .F.,(2,2),(-131.4705,-100.9705),.PIECEWISE_BEZIER_KNOTS.);
#1500 = CARTESIAN_POINT('',(20.5,30.75));
#1501 = CARTESIAN_POINT('',(20.5,0.25));
#1502 = ( GEOMETRIC_REPRESENTATION_CONTEXT(2) 
PARAMETRIC_REPRESENTATION_CONTEXT() REPRESENTATION_CONTEXT('2D SPACE',''
  ) );
#1503 = FACE_BOUND('',#1504,.T.);
#1504 = EDGE_LOOP('',(#1505,#1531,#1552,#1576,#1597,#1621,#1642,#1666));
#1505 = ORIENTED_EDGE('',*,*,#1506,.F.);
#1506 = EDGE_CURVE('',#1507,#1509,#1511,.T.);
#1507 = VERTEX_POINT('',#1508);
#1508 = CARTESIAN_POINT('',(97.013,-27.5,109.25));
#1509 = VERTEX_POINT('',#1510);
#1510 = CARTESIAN_POINT('',(97.263,-27.5,109.));
#1511 = SURFACE_CURVE('',#1512,(#1517,#1524),.PCURVE_S1.);
#1512 = CIRCLE('',#1513,0.25);
#1513 = AXIS2_PLACEMENT_3D('',#1514,#1515,#1516);
#1514 = CARTESIAN_POINT('',(97.263,-27.5,109.25));
#1515 = DIRECTION('',(0.,-1.,0.));
#1516 = DIRECTION('',(-1.,0.,0.));
#1517 = PCURVE('',#444,#1518);
#1518 = DEFINITIONAL_REPRESENTATION('',(#1519),#1523);
#1519 = CIRCLE('',#1520,0.25);
#1520 = AXIS2_PLACEMENT_2D('',#1521,#1522);
#1521 = CARTESIAN_POINT('',(97.263,109.25));
#1522 = DIRECTION('',(-1.,0.));
#1523 = ( GEOMETRIC_REPRESENTATION_CONTEXT(2) 
PARAMETRIC_REPRESENTATION_CONTEXT() REPRESENTATION_CONTEXT('2D SPACE',''
  ) );
#1524 = PCURVE('',#1034,#1525);
#1525 = DEFINITIONAL_REPRESENTATION('',(#1526),#1530);
#1526 = LINE('',#1527,#1528);
#1527 = CARTESIAN_POINT('',(0.,20.5));
#1528 = VECTOR('',#1529,1.);
#1529 = DIRECTION('',(1.,0.));
#1530 = ( GEOMETRIC_REPRESENTATION_CONTEXT(2) 
PARAMETRIC_REPRESENTATION_CONTEXT() REPRESENTATION_CONTEXT('2D SPACE',''
  ) );
#1531 = ORIENTED_EDGE('',*,*,#1532,.T.);
#1532 = EDGE_CURVE('',#1507,#1533,#1535,.T.);
#1533 = VERTEX_POINT('',#1534);
#1534 = CARTESIAN_POINT('',(97.013,-27.5,154.75));
#1535 = SURFACE_CURVE('',#1536,(#1540,#1546),.PCURVE_S1.);
#1536 = LINE('',#1537,#1538);
#1537 = CARTESIAN_POINT('',(97.013,-27.5,54.5));
#1538 = VECTOR('',#1539,1.);
#1539 = DIRECTION('',(-0.,0.,1.));
#1540 = PCURVE('',#444,#1541);
#1541 = DEFINITIONAL_REPRESENTATION('',(#1542),#1545);
#1542 = B_SPLINE_CURVE_WITH_KNOTS('',1,(#1543,#1544),.UNSPECIFIED.,.F.,
  .F.,(2,2),(54.75,100.25),.PIECEWISE_BEZIER_KNOTS.);
#1543 = CARTESIAN_POINT('',(97.013,109.25));
#1544 = CARTESIAN_POINT('',(97.013,154.75));
#1545 = ( GEOMETRIC_REPRESENTATION_CONTEXT(2) 
PARAMETRIC_REPRESENTATION_CONTEXT() REPRESENTATION_CONTEXT('2D SPACE',''
  ) );
#1546 = PCURVE('',#1061,#1547);
#1547 = DEFINITIONAL_REPRESENTATION('',(#1548),#1551);
#1548 = B_SPLINE_CURVE_WITH_KNOTS('',1,(#1549,#1550),.UNSPECIFIED.,.F.,
  .F.,(2,2),(54.75,100.25),.PIECEWISE_BEZIER_KNOTS.);
#1549 = CARTESIAN_POINT('',(20.5,-0.25));
#1550 = CARTESIAN_POINT('',(20.5,-45.75));
#1551 = ( GEOMETRIC_REPRESENTATION_CONTEXT(2) 
PARAMETRIC_REPRESENTATION_CONTEXT() REPRESENTATION_CONTEXT('2D SPACE',''
  ) );
#1552 = ORIENTED_EDGE('',*,*,#1553,.F.);
#1553 = EDGE_CURVE('',#1554,#1533,#1556,.T.);
#1554 = VERTEX_POINT('',#1555);
#1555 = CARTESIAN_POINT('',(97.263,-27.5,155.));
#1556 = SURFACE_CURVE('',#1557,(#1562,#1569),.PCURVE_S1.);
#1557 = CIRCLE('',#1558,0.25);
#1558 = AXIS2_PLACEMENT_3D('',#1559,#1560,#1561);
#1559 = CARTESIAN_POINT('',(97.263,-27.5,154.75));
#1560 = DIRECTION('',(0.,-1.,0.));
#1561 = DIRECTION('',(-1.,0.,0.));
#1562 = PCURVE('',#444,#1563);
#1563 = DEFINITIONAL_REPRESENTATION('',(#1564),#1568);
#1564 = CIRCLE('',#1565,0.25);
#1565 = AXIS2_PLACEMENT_2D('',#1566,#1567);
#1566 = CARTESIAN_POINT('',(97.263,154.75));
#1567 = DIRECTION('',(-1.,0.));
#1568 = ( GEOMETRIC_REPRESENTATION_CONTEXT(2) 
PARAMETRIC_REPRESENTATION_CONTEXT() REPRESENTATION_CONTEXT('2D SPACE',''
  ) );
#1569 = PCURVE('',#1089,#1570);
#1570 = DEFINITIONAL_REPRESENTATION('',(#1571),#1575);
#1571 = LINE('',#1572,#1573);
#1572 = CARTESIAN_POINT('',(-6.28318530718,20.5));
#1573 = VECTOR('',#1574,1.);
#1574 = DIRECTION('',(1.,-0.));
#1575 = ( GEOMETRIC_REPRESENTATION_CONTEXT(2) 
PARAMETRIC_REPRESENTATION_CONTEXT() REPRESENTATION_CONTEXT('2D SPACE',''
  ) );
#1576 = ORIENTED_EDGE('',*,*,#1577,.F.);
#1577 = EDGE_CURVE('',#1578,#1554,#1580,.T.);
#1578 = VERTEX_POINT('',#1579);
#1579 = CARTESIAN_POINT('',(127.763,-27.5,155.));
#1580 = SURFACE_CURVE('',#1581,(#1585,#1591),.PCURVE_S1.);
#1581 = LINE('',#1582,#1583);
#1582 = CARTESIAN_POINT('',(48.5065,-27.5,155.));
#1583 = VECTOR('',#1584,1.);
#1584 = DIRECTION('',(-1.,0.,0.));
#1585 = PCURVE('',#444,#1586);
#1586 = DEFINITIONAL_REPRESENTATION('',(#1587),#1590);
#1587 = B_SPLINE_CURVE_WITH_KNOTS('',1,(#1588,#1589),.UNSPECIFIED.,.F.,
  .F.,(2,2),(-79.2565,-48.7565),.PIECEWISE_BEZIER_KNOTS.);
#1588 = CARTESIAN_POINT('',(127.763,155.));
#1589 = CARTESIAN_POINT('',(97.263,155.));
#1590 = ( GEOMETRIC_REPRESENTATION_CONTEXT(2) 
PARAMETRIC_REPRESENTATION_CONTEXT() REPRESENTATION_CONTEXT('2D SPACE',''
  ) );
#1591 = PCURVE('',#1116,#1592);
#1592 = DEFINITIONAL_REPRESENTATION('',(#1593),#1596);
#1593 = B_SPLINE_CURVE_WITH_KNOTS('',1,(#1594,#1595),.UNSPECIFIED.,.F.,
  .F.,(2,2),(-79.2565,-48.7565),.PIECEWISE_BEZIER_KNOTS.);
#1594 = CARTESIAN_POINT('',(20.5,30.75));
#1595 = CARTESIAN_POINT('',(20.5,0.25));
#1596 = ( GEOMETRIC_REPRESENTATION_CONTEXT(2) 
PARAMETRIC_REPRESENTATION_CONTEXT() REPRESENTATION_CONTEXT('2D SPACE',''
  ) );
#1597 = ORIENTED_EDGE('',*,*,#1598,.F.);
#1598 = EDGE_CURVE('',#1599,#1578,#1601,.T.);
#1599 = VERTEX_POINT('',#1600);
#1600 = CARTESIAN_POINT('',(128.013,-27.5,154.75));
#1601 = SURFACE_CURVE('',#1602,(#1607,#1614),.PCURVE_S1.);
#1602 = CIRCLE('',#1603,0.25);
#1603 = AXIS2_PLACEMENT_3D('',#1604,#1605,#1606);
#1604 = CARTESIAN_POINT('',(127.763,-27.5,154.75));
#1605 = DIRECTION('',(0.,-1.,0.));
#1606 = DIRECTION('',(1.,0.,0.));
#1607 = PCURVE('',#444,#1608);
#1608 = DEFINITIONAL_REPRESENTATION('',(#1609),#1613);
#1609 = CIRCLE('',#1610,0.25);
#1610 = AXIS2_PLACEMENT_2D('',#1611,#1612);
#1611 = CARTESIAN_POINT('',(127.763,154.75));
#1612 = DIRECTION('',(1.,0.));
#1613 = ( GEOMETRIC_REPRESENTATION_CONTEXT(2) 
PARAMETRIC_REPRESENTATION_CONTEXT() REPRESENTATION_CONTEXT('2D SPACE',''
  ) );
#1614 = PCURVE('',#1144,#1615);
#1615 = DEFINITIONAL_REPRESENTATION('',(#1616),#1620);
#1616 = LINE('',#1617,#1618);
#1617 = CARTESIAN_POINT('',(0.,20.5));
#1618 = VECTOR('',#1619,1.);
#1619 = DIRECTION('',(1.,0.));
#1620 = ( GEOMETRIC_REPRESENTATION_CONTEXT(2) 
PARAMETRIC_REPRESENTATION_CONTEXT() REPRESENTATION_CONTEXT('2D SPACE',''
  ) );
#1621 = ORIENTED_EDGE('',*,*,#1622,.F.);
#1622 = EDGE_CURVE('',#1623,#1599,#1625,.T.);
#1623 = VERTEX_POINT('',#1624);
#1624 = CARTESIAN_POINT('',(128.013,-27.5,109.25));
#1625 = SURFACE_CURVE('',#1626,(#1630,#1636),.PCURVE_S1.);
#1626 = LINE('',#1627,#1628);
#1627 = CARTESIAN_POINT('',(128.013,-27.5,54.5));
#1628 = VECTOR('',#1629,1.);
#1629 = DIRECTION('',(-0.,0.,1.));
#1630 = PCURVE('',#444,#1631);
#1631 = DEFINITIONAL_REPRESENTATION('',(#1632),#1635);
#1632 = B_SPLINE_CURVE_WITH_KNOTS('',1,(#1633,#1634),.UNSPECIFIED.,.F.,
  .F.,(2,2),(54.75,100.25),.PIECEWISE_BEZIER_KNOTS.);
#1633 = CARTESIAN_POINT('',(128.013,109.25));
#1634 = CARTESIAN_POINT('',(128.013,154.75));
#1635 = ( GEOMETRIC_REPRESENTATION_CONTEXT(2) 
PARAMETRIC_REPRESENTATION_CONTEXT() REPRESENTATION_CONTEXT('2D SPACE',''
  ) );
#1636 = PCURVE('',#1171,#1637);
#1637 = DEFINITIONAL_REPRESENTATION('',(#1638),#1641);
#1638 = B_SPLINE_CURVE_WITH_KNOTS('',1,(#1639,#1640),.UNSPECIFIED.,.F.,
  .F.,(2,2),(54.75,100.25),.PIECEWISE_BEZIER_KNOTS.);
#1639 = CARTESIAN_POINT('',(20.5,-0.25));
#1640 = CARTESIAN_POINT('',(20.5,-45.75));
#1641 = ( GEOMETRIC_REPRESENTATION_CONTEXT(2) 
PARAMETRIC_REPRESENTATION_CONTEXT() REPRESENTATION_CONTEXT('2D SPACE',''
  ) );
#1642 = ORIENTED_EDGE('',*,*,#1643,.F.);
#1643 = EDGE_CURVE('',#1644,#1623,#1646,.T.);
#1644 = VERTEX_POINT('',#1645);
#1645 = CARTESIAN_POINT('',(127.763,-27.5,109.));
#1646 = SURFACE_CURVE('',#1647,(#1652,#1659),.PCURVE_S1.);
#1647 = CIRCLE('',#1648,0.25);
#1648 = AXIS2_PLACEMENT_3D('',#1649,#1650,#1651);
#1649 = CARTESIAN_POINT('',(127.763,-27.5,109.25));
#1650 = DIRECTION('',(0.,-1.,0.));
#1651 = DIRECTION('',(1.,0.,0.));
#1652 = PCURVE('',#444,#1653);
#1653 = DEFINITIONAL_REPRESENTATION('',(#1654),#1658);
#1654 = CIRCLE('',#1655,0.25);
#1655 = AXIS2_PLACEMENT_2D('',#1656,#1657);
#1656 = CARTESIAN_POINT('',(127.763,109.25));
#1657 = DIRECTION('',(1.,0.));
#1658 = ( GEOMETRIC_REPRESENTATION_CONTEXT(2) 
PARAMETRIC_REPRESENTATION_CONTEXT() REPRESENTATION_CONTEXT('2D SPACE',''
  ) );
#1659 = PCURVE('',#1199,#1660);
#1660 = DEFINITIONAL_REPRESENTATION('',(#1661),#1665);
#1661 = LINE('',#1662,#1663);
#1662 = CARTESIAN_POINT('',(-6.28318530718,20.5));
#1663 = VECTOR('',#1664,1.);
#1664 = DIRECTION('',(1.,-0.));
#1665 = ( GEOMETRIC_REPRESENTATION_CONTEXT(2) 
PARAMETRIC_REPRESENTATION_CONTEXT() REPRESENTATION_CONTEXT('2D SPACE',''
  ) );
#1666 = ORIENTED_EDGE('',*,*,#1667,.T.);
#1667 = EDGE_CURVE('',#1644,#1509,#1668,.T.);
#1668 = SURFACE_CURVE('',#1669,(#1673,#1679),.PCURVE_S1.);
#1669 = LINE('',#1670,#1671);
#1670 = CARTESIAN_POINT('',(48.5065,-27.5,109.));
#1671 = VECTOR('',#1672,1.);
#1672 = DIRECTION('',(-1.,0.,0.));
#1673 = PCURVE('',#444,#1674);
#1674 = DEFINITIONAL_REPRESENTATION('',(#1675),#1678);
#1675 = B_SPLINE_CURVE_WITH_KNOTS('',1,(#1676,#1677),.UNSPECIFIED.,.F.,
  .F.,(2,2),(-79.2565,-48.7565),.PIECEWISE_BEZIER_KNOTS.);
#1676 = CARTESIAN_POINT('',(127.763,109.));
#1677 = CARTESIAN_POINT('',(97.263,109.));
#1678 = ( GEOMETRIC_REPRESENTATION_CONTEXT(2) 
PARAMETRIC_REPRESENTATION_CONTEXT() REPRESENTATION_CONTEXT('2D SPACE',''
  ) );
#1679 = PCURVE('',#1224,#1680);
#1680 = DEFINITIONAL_REPRESENTATION('',(#1681),#1684);
#1681 = B_SPLINE_CURVE_WITH_KNOTS('',1,(#1682,#1683),.UNSPECIFIED.,.F.,
  .F.,(2,2),(-79.2565,-48.7565),.PIECEWISE_BEZIER_KNOTS.);
#1682 = CARTESIAN_POINT('',(20.5,30.75));
#1683 = CARTESIAN_POINT('',(20.5,0.25));
#1684 = ( GEOMETRIC_REPRESENTATION_CONTEXT(2) 
PARAMETRIC_REPRESENTATION_CONTEXT() REPRESENTATION_CONTEXT('2D SPACE',''
  ) );
#1685 = ADVANCED_FACE('',(#1686),#476,.T.);
#1686 = FACE_BOUND('',#1687,.T.);
#1687 = EDGE_LOOP('',(#1688,#1689,#1690,#1722));
#1688 = ORIENTED_EDGE('',*,*,#456,.T.);
#1689 = ORIENTED_EDGE('',*,*,#1300,.T.);
#1690 = ORIENTED_EDGE('',*,*,#1691,.F.);
#1691 = EDGE_CURVE('',#500,#1278,#1692,.T.);
#1692 = SURFACE_CURVE('',#1693,(#1698,#1710),.PCURVE_S1.);
#1693 = ELLIPSE('',#1694,1.414213562373,1.);
#1694 = AXIS2_PLACEMENT_3D('',#1695,#1696,#1697);
#1695 = CARTESIAN_POINT('',(319.,-26.5,229.));
#1696 = DIRECTION('',(0.707106781187,0.,-0.707106781187));
#1697 = DIRECTION('',(0.707106781187,0.,0.707106781187));
#1698 = PCURVE('',#476,#1699);
#1699 = DEFINITIONAL_REPRESENTATION('',(#1700),#1709);
#1700 = B_SPLINE_CURVE_WITH_KNOTS('',7,(#1701,#1702,#1703,#1704,#1705,
    #1706,#1707,#1708),.UNSPECIFIED.,.F.,.F.,(8,8),(0.,1.570796326795),
  .PIECEWISE_BEZIER_KNOTS.);
#1701 = CARTESIAN_POINT('',(0.,320.));
#1702 = CARTESIAN_POINT('',(0.224399475256,320.));
#1703 = CARTESIAN_POINT('',(0.448798950513,319.9412513274));
#1704 = CARTESIAN_POINT('',(0.67319842577,319.82376250458));
#1705 = CARTESIAN_POINT('',(0.897597901026,319.65474682589));
#1706 = CARTESIAN_POINT('',(1.121997376282,319.44879803928));
#1707 = CARTESIAN_POINT('',(1.346396851538,319.22439947525));
#1708 = CARTESIAN_POINT('',(1.570796326795,319.));
#1709 = ( GEOMETRIC_REPRESENTATION_CONTEXT(2) 
PARAMETRIC_REPRESENTATION_CONTEXT() REPRESENTATION_CONTEXT('2D SPACE',''
  ) );
#1710 = PCURVE('',#610,#1711);
#1711 = DEFINITIONAL_REPRESENTATION('',(#1712),#1721);
#1712 = B_SPLINE_CURVE_WITH_KNOTS('',7,(#1713,#1714,#1715,#1716,#1717,
    #1718,#1719,#1720),.UNSPECIFIED.,.F.,.F.,(8,8),(0.,1.570796326795),
  .PIECEWISE_BEZIER_KNOTS.);
#1713 = CARTESIAN_POINT('',(0.,230.));
#1714 = CARTESIAN_POINT('',(-0.224399475256,230.));
#1715 = CARTESIAN_POINT('',(-0.448798950513,229.94125132742));
#1716 = CARTESIAN_POINT('',(-0.673198425769,229.8237625045));
#1717 = CARTESIAN_POINT('',(-0.897597901026,229.65474682592));
#1718 = CARTESIAN_POINT('',(-1.121997376282,229.44879803928));
#1719 = CARTESIAN_POINT('',(-1.346396851538,229.22439947525));
#1720 = CARTESIAN_POINT('',(-1.570796326795,229.));
#1721 = ( GEOMETRIC_REPRESENTATION_CONTEXT(2) 
PARAMETRIC_REPRESENTATION_CONTEXT() REPRESENTATION_CONTEXT('2D SPACE',''
  ) );
#1722 = ORIENTED_EDGE('',*,*,#544,.F.);
#1723 = ADVANCED_FACE('',(#1724),#583,.T.);
#1724 = FACE_BOUND('',#1725,.T.);
#1725 = EDGE_LOOP('',(#1726,#1727,#1728,#1729));
#1726 = ORIENTED_EDGE('',*,*,#649,.T.);
#1727 = ORIENTED_EDGE('',*,*,#770,.T.);
#1728 = ORIENTED_EDGE('',*,*,#1240,.F.);
#1729 = ORIENTED_EDGE('',*,*,#569,.F.);
#1730 = ADVANCED_FACE('',(#1731),#610,.T.);
#1731 = FACE_BOUND('',#1732,.F.);
#1732 = EDGE_LOOP('',(#1733,#1734,#1735,#1736));
#1733 = ORIENTED_EDGE('',*,*,#709,.T.);
#1734 = ORIENTED_EDGE('',*,*,#1277,.T.);
#1735 = ORIENTED_EDGE('',*,*,#1691,.F.);
#1736 = ORIENTED_EDGE('',*,*,#596,.F.);
#1737 = ADVANCED_FACE('',(#1738),#812,.F.);
#1738 = FACE_BOUND('',#1739,.F.);
#1739 = EDGE_LOOP('',(#1740,#1761,#1762,#1783));
#1740 = ORIENTED_EDGE('',*,*,#1741,.F.);
#1741 = EDGE_CURVE('',#794,#1325,#1742,.T.);
#1742 = SURFACE_CURVE('',#1743,(#1747,#1754),.PCURVE_S1.);
#1743 = LINE('',#1744,#1745);
#1744 = CARTESIAN_POINT('',(201.441,-7.,108.75));
#1745 = VECTOR('',#1746,1.);
#1746 = DIRECTION('',(0.,-1.,0.));
#1747 = PCURVE('',#812,#1748);
#1748 = DEFINITIONAL_REPRESENTATION('',(#1749),#1753);
#1749 = LINE('',#1750,#1751);
#1750 = CARTESIAN_POINT('',(0.,0.));
#1751 = VECTOR('',#1752,1.);
#1752 = DIRECTION('',(0.,1.));
#1753 = ( GEOMETRIC_REPRESENTATION_CONTEXT(2) 
PARAMETRIC_REPRESENTATION_CONTEXT() REPRESENTATION_CONTEXT('2D SPACE',''
  ) );
#1754 = PCURVE('',#839,#1755);
#1755 = DEFINITIONAL_REPRESENTATION('',(#1756),#1760);
#1756 = LINE('',#1757,#1758);
#1757 = CARTESIAN_POINT('',(0.,-0.25));
#1758 = VECTOR('',#1759,1.);
#1759 = DIRECTION('',(1.,0.));
#1760 = ( GEOMETRIC_REPRESENTATION_CONTEXT(2) 
PARAMETRIC_REPRESENTATION_CONTEXT() REPRESENTATION_CONTEXT('2D SPACE',''
  ) );
#1761 = ORIENTED_EDGE('',*,*,#793,.T.);
#1762 = ORIENTED_EDGE('',*,*,#1763,.T.);
#1763 = EDGE_CURVE('',#796,#1327,#1764,.T.);
#1764 = SURFACE_CURVE('',#1765,(#1769,#1776),.PCURVE_S1.);
#1765 = LINE('',#1766,#1767);
#1766 = CARTESIAN_POINT('',(201.691,-7.,108.5));
#1767 = VECTOR('',#1768,1.);
#1768 = DIRECTION('',(0.,-1.,0.));
#1769 = PCURVE('',#812,#1770);
#1770 = DEFINITIONAL_REPRESENTATION('',(#1771),#1775);
#1771 = LINE('',#1772,#1773);
#1772 = CARTESIAN_POINT('',(1.570796326795,0.));
#1773 = VECTOR('',#1774,1.);
#1774 = DIRECTION('',(0.,1.));
#1775 = ( GEOMETRIC_REPRESENTATION_CONTEXT(2) 
PARAMETRIC_REPRESENTATION_CONTEXT() REPRESENTATION_CONTEXT('2D SPACE',''
  ) );
#1776 = PCURVE('',#1002,#1777);
#1777 = DEFINITIONAL_REPRESENTATION('',(#1778),#1782);
#1778 = LINE('',#1779,#1780);
#1779 = CARTESIAN_POINT('',(0.,0.25));
#1780 = VECTOR('',#1781,1.);
#1781 = DIRECTION('',(1.,0.));
#1782 = ( GEOMETRIC_REPRESENTATION_CONTEXT(2) 
PARAMETRIC_REPRESENTATION_CONTEXT() REPRESENTATION_CONTEXT('2D SPACE',''
  ) );
#1783 = ORIENTED_EDGE('',*,*,#1324,.F.);
#1784 = ADVANCED_FACE('',(#1785),#1002,.T.);
#1785 = FACE_BOUND('',#1786,.T.);
#1786 = EDGE_LOOP('',(#1787,#1788,#1789,#1790));
#1787 = ORIENTED_EDGE('',*,*,#989,.T.);
#1788 = ORIENTED_EDGE('',*,*,#1763,.T.);
#1789 = ORIENTED_EDGE('',*,*,#1485,.F.);
#1790 = ORIENTED_EDGE('',*,*,#1791,.F.);
#1791 = EDGE_CURVE('',#961,#1462,#1792,.T.);
#1792 = SURFACE_CURVE('',#1793,(#1797,#1804),.PCURVE_S1.);
#1793 = LINE('',#1794,#1795);
#1794 = CARTESIAN_POINT('',(232.191,-7.,108.5));
#1795 = VECTOR('',#1796,1.);
#1796 = DIRECTION('',(0.,-1.,0.));
#1797 = PCURVE('',#1002,#1798);
#1798 = DEFINITIONAL_REPRESENTATION('',(#1799),#1803);
#1799 = LINE('',#1800,#1801);
#1800 = CARTESIAN_POINT('',(0.,30.75));
#1801 = VECTOR('',#1802,1.);
#1802 = DIRECTION('',(1.,0.));
#1803 = ( GEOMETRIC_REPRESENTATION_CONTEXT(2) 
PARAMETRIC_REPRESENTATION_CONTEXT() REPRESENTATION_CONTEXT('2D SPACE',''
  ) );
#1804 = PCURVE('',#977,#1805);
#1805 = DEFINITIONAL_REPRESENTATION('',(#1806),#1810);
#1806 = LINE('',#1807,#1808);
#1807 = CARTESIAN_POINT('',(-1.570796326795,0.));
#1808 = VECTOR('',#1809,1.);
#1809 = DIRECTION('',(-0.,1.));
#1810 = ( GEOMETRIC_REPRESENTATION_CONTEXT(2) 
PARAMETRIC_REPRESENTATION_CONTEXT() REPRESENTATION_CONTEXT('2D SPACE',''
  ) );
#1811 = ADVANCED_FACE('',(#1812),#977,.F.);
#1812 = FACE_BOUND('',#1813,.T.);
#1813 = EDGE_LOOP('',(#1814,#1835,#1836,#1837));
#1814 = ORIENTED_EDGE('',*,*,#1815,.F.);
#1815 = EDGE_CURVE('',#935,#1441,#1816,.T.);
#1816 = SURFACE_CURVE('',#1817,(#1821,#1828),.PCURVE_S1.);
#1817 = LINE('',#1818,#1819);
#1818 = CARTESIAN_POINT('',(232.441,-7.,108.75));
#1819 = VECTOR('',#1820,1.);
#1820 = DIRECTION('',(0.,-1.,0.));
#1821 = PCURVE('',#977,#1822);
#1822 = DEFINITIONAL_REPRESENTATION('',(#1823),#1827);
#1823 = LINE('',#1824,#1825);
#1824 = CARTESIAN_POINT('',(-0.,0.));
#1825 = VECTOR('',#1826,1.);
#1826 = DIRECTION('',(-0.,1.));
#1827 = ( GEOMETRIC_REPRESENTATION_CONTEXT(2) 
PARAMETRIC_REPRESENTATION_CONTEXT() REPRESENTATION_CONTEXT('2D SPACE',''
  ) );
#1828 = PCURVE('',#949,#1829);
#1829 = DEFINITIONAL_REPRESENTATION('',(#1830),#1834);
#1830 = LINE('',#1831,#1832);
#1831 = CARTESIAN_POINT('',(0.,-0.25));
#1832 = VECTOR('',#1833,1.);
#1833 = DIRECTION('',(1.,0.));
#1834 = ( GEOMETRIC_REPRESENTATION_CONTEXT(2) 
PARAMETRIC_REPRESENTATION_CONTEXT() REPRESENTATION_CONTEXT('2D SPACE',''
  ) );
#1835 = ORIENTED_EDGE('',*,*,#960,.F.);
#1836 = ORIENTED_EDGE('',*,*,#1791,.T.);
#1837 = ORIENTED_EDGE('',*,*,#1461,.T.);
#1838 = ADVANCED_FACE('',(#1839),#949,.F.);
#1839 = FACE_BOUND('',#1840,.F.);
#1840 = EDGE_LOOP('',(#1841,#1842,#1843,#1844));
#1841 = ORIENTED_EDGE('',*,*,#1440,.F.);
#1842 = ORIENTED_EDGE('',*,*,#1815,.F.);
#1843 = ORIENTED_EDGE('',*,*,#934,.T.);
#1844 = ORIENTED_EDGE('',*,*,#1845,.T.);
#1845 = EDGE_CURVE('',#906,#1417,#1846,.T.);
#1846 = SURFACE_CURVE('',#1847,(#1851,#1858),.PCURVE_S1.);
#1847 = LINE('',#1848,#1849);
#1848 = CARTESIAN_POINT('',(232.441,-7.,154.25));
#1849 = VECTOR('',#1850,1.);
#1850 = DIRECTION('',(0.,-1.,0.));
#1851 = PCURVE('',#949,#1852);
#1852 = DEFINITIONAL_REPRESENTATION('',(#1853),#1857);
#1853 = LINE('',#1854,#1855);
#1854 = CARTESIAN_POINT('',(0.,-45.75));
#1855 = VECTOR('',#1856,1.);
#1856 = DIRECTION('',(1.,0.));
#1857 = ( GEOMETRIC_REPRESENTATION_CONTEXT(2) 
PARAMETRIC_REPRESENTATION_CONTEXT() REPRESENTATION_CONTEXT('2D SPACE',''
  ) );
#1858 = PCURVE('',#922,#1859);
#1859 = DEFINITIONAL_REPRESENTATION('',(#1860),#1864);
#1860 = LINE('',#1861,#1862);
#1861 = CARTESIAN_POINT('',(0.,0.));
#1862 = VECTOR('',#1863,1.);
#1863 = DIRECTION('',(0.,1.));
#1864 = ( GEOMETRIC_REPRESENTATION_CONTEXT(2) 
PARAMETRIC_REPRESENTATION_CONTEXT() REPRESENTATION_CONTEXT('2D SPACE',''
  ) );
#1865 = ADVANCED_FACE('',(#1866),#922,.F.);
#1866 = FACE_BOUND('',#1867,.F.);
#1867 = EDGE_LOOP('',(#1868,#1869,#1870,#1891));
#1868 = ORIENTED_EDGE('',*,*,#1845,.F.);
#1869 = ORIENTED_EDGE('',*,*,#905,.T.);
#1870 = ORIENTED_EDGE('',*,*,#1871,.T.);
#1871 = EDGE_CURVE('',#880,#1396,#1872,.T.);
#1872 = SURFACE_CURVE('',#1873,(#1877,#1884),.PCURVE_S1.);
#1873 = LINE('',#1874,#1875);
#1874 = CARTESIAN_POINT('',(232.191,-7.,154.5));
#1875 = VECTOR('',#1876,1.);
#1876 = DIRECTION('',(0.,-1.,0.));
#1877 = PCURVE('',#922,#1878);
#1878 = DEFINITIONAL_REPRESENTATION('',(#1879),#1883);
#1879 = LINE('',#1880,#1881);
#1880 = CARTESIAN_POINT('',(1.570796326795,0.));
#1881 = VECTOR('',#1882,1.);
#1882 = DIRECTION('',(0.,1.));
#1883 = ( GEOMETRIC_REPRESENTATION_CONTEXT(2) 
PARAMETRIC_REPRESENTATION_CONTEXT() REPRESENTATION_CONTEXT('2D SPACE',''
  ) );
#1884 = PCURVE('',#894,#1885);
#1885 = DEFINITIONAL_REPRESENTATION('',(#1886),#1890);
#1886 = LINE('',#1887,#1888);
#1887 = CARTESIAN_POINT('',(0.,30.75));
#1888 = VECTOR('',#1889,1.);
#1889 = DIRECTION('',(1.,0.));
#1890 = ( GEOMETRIC_REPRESENTATION_CONTEXT(2) 
PARAMETRIC_REPRESENTATION_CONTEXT() REPRESENTATION_CONTEXT('2D SPACE',''
  ) );
#1891 = ORIENTED_EDGE('',*,*,#1416,.F.);
#1892 = ADVANCED_FACE('',(#1893),#894,.F.);
#1893 = FACE_BOUND('',#1894,.F.);
#1894 = EDGE_LOOP('',(#1895,#1896,#1917,#1918));
#1895 = ORIENTED_EDGE('',*,*,#879,.T.);
#1896 = ORIENTED_EDGE('',*,*,#1897,.T.);
#1897 = EDGE_CURVE('',#851,#1372,#1898,.T.);
#1898 = SURFACE_CURVE('',#1899,(#1903,#1910),.PCURVE_S1.);
#1899 = LINE('',#1900,#1901);
#1900 = CARTESIAN_POINT('',(201.691,-7.,154.5));
#1901 = VECTOR('',#1902,1.);
#1902 = DIRECTION('',(0.,-1.,0.));
#1903 = PCURVE('',#894,#1904);
#1904 = DEFINITIONAL_REPRESENTATION('',(#1905),#1909);
#1905 = LINE('',#1906,#1907);
#1906 = CARTESIAN_POINT('',(0.,0.25));
#1907 = VECTOR('',#1908,1.);
#1908 = DIRECTION('',(1.,0.));
#1909 = ( GEOMETRIC_REPRESENTATION_CONTEXT(2) 
PARAMETRIC_REPRESENTATION_CONTEXT() REPRESENTATION_CONTEXT('2D SPACE',''
  ) );
#1910 = PCURVE('',#867,#1911);
#1911 = DEFINITIONAL_REPRESENTATION('',(#1912),#1916);
#1912 = LINE('',#1913,#1914);
#1913 = CARTESIAN_POINT('',(-1.570796326795,0.));
#1914 = VECTOR('',#1915,1.);
#1915 = DIRECTION('',(-0.,1.));
#1916 = ( GEOMETRIC_REPRESENTATION_CONTEXT(2) 
PARAMETRIC_REPRESENTATION_CONTEXT() REPRESENTATION_CONTEXT('2D SPACE',''
  ) );
#1917 = ORIENTED_EDGE('',*,*,#1395,.F.);
#1918 = ORIENTED_EDGE('',*,*,#1871,.F.);
#1919 = ADVANCED_FACE('',(#1920),#867,.F.);
#1920 = FACE_BOUND('',#1921,.T.);
#1921 = EDGE_LOOP('',(#1922,#1943,#1944,#1945));
#1922 = ORIENTED_EDGE('',*,*,#1923,.F.);
#1923 = EDGE_CURVE('',#825,#1351,#1924,.T.);
#1924 = SURFACE_CURVE('',#1925,(#1929,#1936),.PCURVE_S1.);
#1925 = LINE('',#1926,#1927);
#1926 = CARTESIAN_POINT('',(201.441,-7.,154.25));
#1927 = VECTOR('',#1928,1.);
#1928 = DIRECTION('',(0.,-1.,0.));
#1929 = PCURVE('',#867,#1930);
#1930 = DEFINITIONAL_REPRESENTATION('',(#1931),#1935);
#1931 = LINE('',#1932,#1933);
#1932 = CARTESIAN_POINT('',(-0.,0.));
#1933 = VECTOR('',#1934,1.);
#1934 = DIRECTION('',(-0.,1.));
#1935 = ( GEOMETRIC_REPRESENTATION_CONTEXT(2) 
PARAMETRIC_REPRESENTATION_CONTEXT() REPRESENTATION_CONTEXT('2D SPACE',''
  ) );
#1936 = PCURVE('',#839,#1937);
#1937 = DEFINITIONAL_REPRESENTATION('',(#1938),#1942);
#1938 = LINE('',#1939,#1940);
#1939 = CARTESIAN_POINT('',(0.,-45.75));
#1940 = VECTOR('',#1941,1.);
#1941 = DIRECTION('',(1.,0.));
#1942 = ( GEOMETRIC_REPRESENTATION_CONTEXT(2) 
PARAMETRIC_REPRESENTATION_CONTEXT() REPRESENTATION_CONTEXT('2D SPACE',''
  ) );
#1943 = ORIENTED_EDGE('',*,*,#850,.F.);
#1944 = ORIENTED_EDGE('',*,*,#1897,.T.);
#1945 = ORIENTED_EDGE('',*,*,#1371,.T.);
#1946 = ADVANCED_FACE('',(#1947),#839,.T.);
#1947 = FACE_BOUND('',#1948,.T.);
#1948 = EDGE_LOOP('',(#1949,#1950,#1951,#1952));
#1949 = ORIENTED_EDGE('',*,*,#1350,.F.);
#1950 = ORIENTED_EDGE('',*,*,#1741,.F.);
#1951 = ORIENTED_EDGE('',*,*,#824,.T.);
#1952 = ORIENTED_EDGE('',*,*,#1923,.T.);
#1953 = ADVANCED_FACE('',(#1954),#1034,.F.);
#1954 = FACE_BOUND('',#1955,.F.);
#1955 = EDGE_LOOP('',(#1956,#1977,#1978,#1999));
#1956 = ORIENTED_EDGE('',*,*,#1957,.F.);
#1957 = EDGE_CURVE('',#1016,#1507,#1958,.T.);
#1958 = SURFACE_CURVE('',#1959,(#1963,#1970),.PCURVE_S1.);
#1959 = LINE('',#1960,#1961);
#1960 = CARTESIAN_POINT('',(97.013,-7.,109.25));
#1961 = VECTOR('',#1962,1.);
#1962 = DIRECTION('',(0.,-1.,0.));
#1963 = PCURVE('',#1034,#1964);
#1964 = DEFINITIONAL_REPRESENTATION('',(#1965),#1969);
#1965 = LINE('',#1966,#1967);
#1966 = CARTESIAN_POINT('',(0.,0.));
#1967 = VECTOR('',#1968,1.);
#1968 = DIRECTION('',(0.,1.));
#1969 = ( GEOMETRIC_REPRESENTATION_CONTEXT(2) 
PARAMETRIC_REPRESENTATION_CONTEXT() REPRESENTATION_CONTEXT('2D SPACE',''
  ) );
#1970 = PCURVE('',#1061,#1971);
#1971 = DEFINITIONAL_REPRESENTATION('',(#1972),#1976);
#1972 = LINE('',#1973,#1974);
#1973 = CARTESIAN_POINT('',(0.,-0.25));
#1974 = VECTOR('',#1975,1.);
#1975 = DIRECTION('',(1.,0.));
#1976 = ( GEOMETRIC_REPRESENTATION_CONTEXT(2) 
PARAMETRIC_REPRESENTATION_CONTEXT() REPRESENTATION_CONTEXT('2D SPACE',''
  ) );
#1977 = ORIENTED_EDGE('',*,*,#1015,.T.);
#1978 = ORIENTED_EDGE('',*,*,#1979,.T.);
#1979 = EDGE_CURVE('',#1018,#1509,#1980,.T.);
#1980 = SURFACE_CURVE('',#1981,(#1985,#1992),.PCURVE_S1.);
#1981 = LINE('',#1982,#1983);
#1982 = CARTESIAN_POINT('',(97.263,-7.,109.));
#1983 = VECTOR('',#1984,1.);
#1984 = DIRECTION('',(0.,-1.,0.));
#1985 = PCURVE('',#1034,#1986);
#1986 = DEFINITIONAL_REPRESENTATION('',(#1987),#1991);
#1987 = LINE('',#1988,#1989);
#1988 = CARTESIAN_POINT('',(1.570796326795,0.));
#1989 = VECTOR('',#1990,1.);
#1990 = DIRECTION('',(0.,1.));
#1991 = ( GEOMETRIC_REPRESENTATION_CONTEXT(2) 
PARAMETRIC_REPRESENTATION_CONTEXT() REPRESENTATION_CONTEXT('2D SPACE',''
  ) );
#1992 = PCURVE('',#1224,#1993);
#1993 = DEFINITIONAL_REPRESENTATION('',(#1994),#1998);
#1994 = LINE('',#1995,#1996);
#1995 = CARTESIAN_POINT('',(0.,0.25));
#1996 = VECTOR('',#1997,1.);
#1997 = DIRECTION('',(1.,0.));
#1998 = ( GEOMETRIC_REPRESENTATION_CONTEXT(2) 
PARAMETRIC_REPRESENTATION_CONTEXT() REPRESENTATION_CONTEXT('2D SPACE',''
  ) );
#1999 = ORIENTED_EDGE('',*,*,#1506,.F.);
#2000 = ADVANCED_FACE('',(#2001),#1061,.T.);
#2001 = FACE_BOUND('',#2002,.T.);
#2002 = EDGE_LOOP('',(#2003,#2004,#2005,#2006));
#2003 = ORIENTED_EDGE('',*,*,#1532,.F.);
#2004 = ORIENTED_EDGE('',*,*,#1957,.F.);
#2005 = ORIENTED_EDGE('',*,*,#1046,.T.);
#2006 = ORIENTED_EDGE('',*,*,#2007,.T.);
#2007 = EDGE_CURVE('',#1047,#1533,#2008,.T.);
#2008 = SURFACE_CURVE('',#2009,(#2013,#2020),.PCURVE_S1.);
#2009 = LINE('',#2010,#2011);
#2010 = CARTESIAN_POINT('',(97.013,-7.,154.75));
#2011 = VECTOR('',#2012,1.);
#2012 = DIRECTION('',(0.,-1.,0.));
#2013 = PCURVE('',#1061,#2014);
#2014 = DEFINITIONAL_REPRESENTATION('',(#2015),#2019);
#2015 = LINE('',#2016,#2017);
#2016 = CARTESIAN_POINT('',(0.,-45.75));
#2017 = VECTOR('',#2018,1.);
#2018 = DIRECTION('',(1.,0.));
#2019 = ( GEOMETRIC_REPRESENTATION_CONTEXT(2) 
PARAMETRIC_REPRESENTATION_CONTEXT() REPRESENTATION_CONTEXT('2D SPACE',''
  ) );
#2020 = PCURVE('',#1089,#2021);
#2021 = DEFINITIONAL_REPRESENTATION('',(#2022),#2026);
#2022 = LINE('',#2023,#2024);
#2023 = CARTESIAN_POINT('',(-0.,0.));
#2024 = VECTOR('',#2025,1.);
#2025 = DIRECTION('',(-0.,1.));
#2026 = ( GEOMETRIC_REPRESENTATION_CONTEXT(2) 
PARAMETRIC_REPRESENTATION_CONTEXT() REPRESENTATION_CONTEXT('2D SPACE',''
  ) );
#2027 = ADVANCED_FACE('',(#2028),#1224,.T.);
#2028 = FACE_BOUND('',#2029,.T.);
#2029 = EDGE_LOOP('',(#2030,#2031,#2032,#2033));
#2030 = ORIENTED_EDGE('',*,*,#1211,.T.);
#2031 = ORIENTED_EDGE('',*,*,#1979,.T.);
#2032 = ORIENTED_EDGE('',*,*,#1667,.F.);
#2033 = ORIENTED_EDGE('',*,*,#2034,.F.);
#2034 = EDGE_CURVE('',#1183,#1644,#2035,.T.);
#2035 = SURFACE_CURVE('',#2036,(#2040,#2047),.PCURVE_S1.);
#2036 = LINE('',#2037,#2038);
#2037 = CARTESIAN_POINT('',(127.763,-7.,109.));
#2038 = VECTOR('',#2039,1.);
#2039 = DIRECTION('',(0.,-1.,0.));
#2040 = PCURVE('',#1224,#2041);
#2041 = DEFINITIONAL_REPRESENTATION('',(#2042),#2046);
#2042 = LINE('',#2043,#2044);
#2043 = CARTESIAN_POINT('',(0.,30.75));
#2044 = VECTOR('',#2045,1.);
#2045 = DIRECTION('',(1.,0.));
#2046 = ( GEOMETRIC_REPRESENTATION_CONTEXT(2) 
PARAMETRIC_REPRESENTATION_CONTEXT() REPRESENTATION_CONTEXT('2D SPACE',''
  ) );
#2047 = PCURVE('',#1199,#2048);
#2048 = DEFINITIONAL_REPRESENTATION('',(#2049),#2053);
#2049 = LINE('',#2050,#2051);
#2050 = CARTESIAN_POINT('',(-1.570796326795,0.));
#2051 = VECTOR('',#2052,1.);
#2052 = DIRECTION('',(-0.,1.));
#2053 = ( GEOMETRIC_REPRESENTATION_CONTEXT(2) 
PARAMETRIC_REPRESENTATION_CONTEXT() REPRESENTATION_CONTEXT('2D SPACE',''
  ) );
#2054 = ADVANCED_FACE('',(#2055),#1089,.F.);
#2055 = FACE_BOUND('',#2056,.T.);
#2056 = EDGE_LOOP('',(#2057,#2058,#2059,#2080));
#2057 = ORIENTED_EDGE('',*,*,#2007,.F.);
#2058 = ORIENTED_EDGE('',*,*,#1072,.F.);
#2059 = ORIENTED_EDGE('',*,*,#2060,.T.);
#2060 = EDGE_CURVE('',#1073,#1554,#2061,.T.);
#2061 = SURFACE_CURVE('',#2062,(#2066,#2073),.PCURVE_S1.);
#2062 = LINE('',#2063,#2064);
#2063 = CARTESIAN_POINT('',(97.263,-7.,155.));
#2064 = VECTOR('',#2065,1.);
#2065 = DIRECTION('',(0.,-1.,0.));
#2066 = PCURVE('',#1089,#2067);
#2067 = DEFINITIONAL_REPRESENTATION('',(#2068),#2072);
#2068 = LINE('',#2069,#2070);
#2069 = CARTESIAN_POINT('',(-1.570796326795,0.));
#2070 = VECTOR('',#2071,1.);
#2071 = DIRECTION('',(-0.,1.));
#2072 = ( GEOMETRIC_REPRESENTATION_CONTEXT(2) 
PARAMETRIC_REPRESENTATION_CONTEXT() REPRESENTATION_CONTEXT('2D SPACE',''
  ) );
#2073 = PCURVE('',#1116,#2074);
#2074 = DEFINITIONAL_REPRESENTATION('',(#2075),#2079);
#2075 = LINE('',#2076,#2077);
#2076 = CARTESIAN_POINT('',(0.,0.25));
#2077 = VECTOR('',#2078,1.);
#2078 = DIRECTION('',(1.,0.));
#2079 = ( GEOMETRIC_REPRESENTATION_CONTEXT(2) 
PARAMETRIC_REPRESENTATION_CONTEXT() REPRESENTATION_CONTEXT('2D SPACE',''
  ) );
#2080 = ORIENTED_EDGE('',*,*,#1553,.T.);
#2081 = ADVANCED_FACE('',(#2082),#1199,.F.);
#2082 = FACE_BOUND('',#2083,.T.);
#2083 = EDGE_LOOP('',(#2084,#2105,#2106,#2107));
#2084 = ORIENTED_EDGE('',*,*,#2085,.F.);
#2085 = EDGE_CURVE('',#1157,#1623,#2086,.T.);
#2086 = SURFACE_CURVE('',#2087,(#2091,#2098),.PCURVE_S1.);
#2087 = LINE('',#2088,#2089);
#2088 = CARTESIAN_POINT('',(128.013,-7.,109.25));
#2089 = VECTOR('',#2090,1.);
#2090 = DIRECTION('',(0.,-1.,0.));
#2091 = PCURVE('',#1199,#2092);
#2092 = DEFINITIONAL_REPRESENTATION('',(#2093),#2097);
#2093 = LINE('',#2094,#2095);
#2094 = CARTESIAN_POINT('',(-0.,0.));
#2095 = VECTOR('',#2096,1.);
#2096 = DIRECTION('',(-0.,1.));
#2097 = ( GEOMETRIC_REPRESENTATION_CONTEXT(2) 
PARAMETRIC_REPRESENTATION_CONTEXT() REPRESENTATION_CONTEXT('2D SPACE',''
  ) );
#2098 = PCURVE('',#1171,#2099);
#2099 = DEFINITIONAL_REPRESENTATION('',(#2100),#2104);
#2100 = LINE('',#2101,#2102);
#2101 = CARTESIAN_POINT('',(0.,-0.25));
#2102 = VECTOR('',#2103,1.);
#2103 = DIRECTION('',(1.,0.));
#2104 = ( GEOMETRIC_REPRESENTATION_CONTEXT(2) 
PARAMETRIC_REPRESENTATION_CONTEXT() REPRESENTATION_CONTEXT('2D SPACE',''
  ) );
#2105 = ORIENTED_EDGE('',*,*,#1182,.F.);
#2106 = ORIENTED_EDGE('',*,*,#2034,.T.);
#2107 = ORIENTED_EDGE('',*,*,#1643,.T.);
#2108 = ADVANCED_FACE('',(#2109),#1116,.F.);
#2109 = FACE_BOUND('',#2110,.F.);
#2110 = EDGE_LOOP('',(#2111,#2112,#2113,#2114));
#2111 = ORIENTED_EDGE('',*,*,#1101,.T.);
#2112 = ORIENTED_EDGE('',*,*,#2060,.T.);
#2113 = ORIENTED_EDGE('',*,*,#1577,.F.);
#2114 = ORIENTED_EDGE('',*,*,#2115,.F.);
#2115 = EDGE_CURVE('',#1102,#1578,#2116,.T.);
#2116 = SURFACE_CURVE('',#2117,(#2121,#2128),.PCURVE_S1.);
#2117 = LINE('',#2118,#2119);
#2118 = CARTESIAN_POINT('',(127.763,-7.,155.));
#2119 = VECTOR('',#2120,1.);
#2120 = DIRECTION('',(0.,-1.,0.));
#2121 = PCURVE('',#1116,#2122);
#2122 = DEFINITIONAL_REPRESENTATION('',(#2123),#2127);
#2123 = LINE('',#2124,#2125);
#2124 = CARTESIAN_POINT('',(0.,30.75));
#2125 = VECTOR('',#2126,1.);
#2126 = DIRECTION('',(1.,0.));
#2127 = ( GEOMETRIC_REPRESENTATION_CONTEXT(2) 
PARAMETRIC_REPRESENTATION_CONTEXT() REPRESENTATION_CONTEXT('2D SPACE',''
  ) );
#2128 = PCURVE('',#1144,#2129);
#2129 = DEFINITIONAL_REPRESENTATION('',(#2130),#2134);
#2130 = LINE('',#2131,#2132);
#2131 = CARTESIAN_POINT('',(1.570796326795,0.));
#2132 = VECTOR('',#2133,1.);
#2133 = DIRECTION('',(0.,1.));
#2134 = ( GEOMETRIC_REPRESENTATION_CONTEXT(2) 
PARAMETRIC_REPRESENTATION_CONTEXT() REPRESENTATION_CONTEXT('2D SPACE',''
  ) );
#2135 = ADVANCED_FACE('',(#2136),#1171,.F.);
#2136 = FACE_BOUND('',#2137,.F.);
#2137 = EDGE_LOOP('',(#2138,#2139,#2140,#2141));
#2138 = ORIENTED_EDGE('',*,*,#1622,.F.);
#2139 = ORIENTED_EDGE('',*,*,#2085,.F.);
#2140 = ORIENTED_EDGE('',*,*,#1156,.T.);
#2141 = ORIENTED_EDGE('',*,*,#2142,.T.);
#2142 = EDGE_CURVE('',#1128,#1599,#2143,.T.);
#2143 = SURFACE_CURVE('',#2144,(#2148,#2155),.PCURVE_S1.);
#2144 = LINE('',#2145,#2146);
#2145 = CARTESIAN_POINT('',(128.013,-7.,154.75));
#2146 = VECTOR('',#2147,1.);
#2147 = DIRECTION('',(0.,-1.,0.));
#2148 = PCURVE('',#1171,#2149);
#2149 = DEFINITIONAL_REPRESENTATION('',(#2150),#2154);
#2150 = LINE('',#2151,#2152);
#2151 = CARTESIAN_POINT('',(0.,-45.75));
#2152 = VECTOR('',#2153,1.);
#2153 = DIRECTION('',(1.,0.));
#2154 = ( GEOMETRIC_REPRESENTATION_CONTEXT(2) 
PARAMETRIC_REPRESENTATION_CONTEXT() REPRESENTATION_CONTEXT('2D SPACE',''
  ) );
#2155 = PCURVE('',#1144,#2156);
#2156 = DEFINITIONAL_REPRESENTATION('',(#2157),#2161);
#2157 = LINE('',#2158,#2159);
#2158 = CARTESIAN_POINT('',(0.,0.));
#2159 = VECTOR('',#2160,1.);
#2160 = DIRECTION('',(0.,1.));
#2161 = ( GEOMETRIC_REPRESENTATION_CONTEXT(2) 
PARAMETRIC_REPRESENTATION_CONTEXT() REPRESENTATION_CONTEXT('2D SPACE',''
  ) );
#2162 = ADVANCED_FACE('',(#2163),#1144,.F.);
#2163 = FACE_BOUND('',#2164,.F.);
#2164 = EDGE_LOOP('',(#2165,#2166,#2167,#2168));
#2165 = ORIENTED_EDGE('',*,*,#2142,.F.);
#2166 = ORIENTED_EDGE('',*,*,#1127,.T.);
#2167 = ORIENTED_EDGE('',*,*,#2115,.T.);
#2168 = ORIENTED_EDGE('',*,*,#1598,.F.);
#2169 = ( GEOMETRIC_REPRESENTATION_CONTEXT(3) 
GLOBAL_UNCERTAINTY_ASSIGNED_CONTEXT((#2173)) 
GLOBAL_UNIT_ASSIGNED_CONTEXT((#2170,#2171,#2172)) REPRESENTATION_CONTEXT
('Context #1','3D Context with UNIT and UNCERTAINTY') );
#2170 = ( LENGTH_UNIT() NAMED_UNIT(*) SI_UNIT(.MILLI.,.METRE.) );
#2171 = ( NAMED_UNIT(*) PLANE_ANGLE_UNIT() SI_UNIT($,.RADIAN.) );
#2172 = ( NAMED_UNIT(*) SI_UNIT($,.STERADIAN.) SOLID_ANGLE_UNIT() );
#2173 = UNCERTAINTY_MEASURE_WITH_UNIT(LENGTH_MEASURE(1.E-07),#2170,
  'distance_accuracy_value','confusion accuracy');
#2174 = CONTEXT_DEPENDENT_SHAPE_REPRESENTATION(#2175,#2177);
#2175 = ( REPRESENTATION_RELATIONSHIP('','',#78,#55) 
REPRESENTATION_RELATIONSHIP_WITH_TRANSFORMATION(#2176) 
SHAPE_REPRESENTATION_RELATIONSHIP() );
#2176 = ITEM_DEFINED_TRANSFORMATION('','',#11,#56);
#2177 = PRODUCT_DEFINITION_SHAPE('Placement','Placement of an item',
  #2178);
#2178 = NEXT_ASSEMBLY_USAGE_OCCURRENCE('1','','',#50,#73,$);
#2179 = PRODUCT_RELATED_PRODUCT_CATEGORY('part',$,(#75));
#2180 = MECHANICAL_DESIGN_GEOMETRIC_PRESENTATION_REPRESENTATION('',(
    #2181),#2169);
#2181 = STYLED_ITEM('color',(#2182),#79);
#2182 = PRESENTATION_STYLE_ASSIGNMENT((#2183));
#2183 = SURFACE_STYLE_USAGE(.BOTH.,#2184);
#2184 = SURFACE_SIDE_STYLE('',(#2185));
#2185 = SURFACE_STYLE_FILL_AREA(#2186);
#2186 = FILL_AREA_STYLE('',(#2187));
#2187 = FILL_AREA_STYLE_COLOUR('',#2188);
#2188 = DRAUGHTING_PRE_DEFINED_COLOUR('white');
ENDSEC;
END-ISO-10303-21;
